u_q_m30,u_q_0,u_q_p30,y_q_v,y_q_delta
4,4,4,213.527745560991,-75.6306799475329
117.78121576368,38.0678748675696,-28.96935405546,29.023175031084,-14.0965097209563
25.7042074948923,-6.86640752321023,-1.10625664970752,14.7468278905394,-23.8593963993213
32.9383656648421,16.9162833099016,2.50817519824612,270.298047423745,-134.563943041032
186.882659289334,62.2044292212013,-72.4303006600908,341.820893908048,-135.319693859153
198.339551148735,33.9294431021251,-54.2656858629865,28.3771336762801,11.0011029225988
-14.7417134909775,-11.240125914335,26.1739581234417,-216.315284379701,100.501545679924
-164.615658885063,7.87915405781962,55.3307681625827,-11.9827696497787,-3.17640742519684
-26.2809629530957,50.1269382493766,-20.3160448200784,229.249068757052,-101.098490598314
133.356238793493,16.4024385173387,-50.8321449404388,188.925411857983,-68.9458372690813
106.978311718195,-25.7411615461252,-0.363759254017749,-22.4613718247174,26.2893895128012
-38.6524415582922,-7.6136942018802,43.7073898551005,-99.2423181711929,50.7573441789102
-96.0982035048854,35.5292390094059,25.3761440471688,10.2513853527476,-2.87031734423841
-23.2973900133727,33.3159212298257,-13.7020929656679,117.930126338339,-45.3942991815148
54.1991529850243,-5.67093494238589,-14.1231363785175,80.8253935932543,-21.8821836236575
32.2497094330686,-23.7646583527489,17.0858365503253,-22.9846443429183,24.2874623425594
-40.8069784586232,-1.55697457433032,34.0731030347854,-49.520041678676,31.5568859450795
-63.6532808142635,22.1788180517752,18.3772237886641,7.61931545969646,4.05330613985877
-24.5802702176626,13.7957924877653,0.299976380498656,49.9478363590431,-11.8283639116861
8.21785790498883,-10.2753578054753,4.63082024785078,27.0104603762681,2.08547474717867
-5.71356748588754,-16.1233428735218,20.8267084702231,-25.9504806624416,25.5582228657212
-43.2015351184792,-3.10046027021182,26.9943753291148,-37.820825660473,28.525579148092
-53.0385840416766,7.15303488128367,18.6611870154529,-8.20264777133908,14.3188092179178
-31.6075512980703,0.764483174692757,9.66885467136594,13.7994978955578,6.25724769742877
-13.9763138280893,-11.4244783985696,12.2271543460117,-0.471995222935263,14.4701994376999
-22.353088395464,-13.8522988999379,20.0708922184143,-29.5142126787967,27.2858132167212
-42.438462152859,-7.0234061053364,22.9566385725822,-36.3059122325745,29.2673320871145
-47.5930961090667,-2.56847497266971,18.2059073448408,-23.2828801782498,22.9666217557579
-37.2403865375444,-7.06513490493141,14.0365382656507,-12.6539946373478,19.0157692353246
-27.7628610280673,-13.4374777214436,15.0683724616746,-19.7251376274715,23.3236272723834
-31.5419132461574,-14.6780719927503,18.6477234728056,-36.2022783823809,30.6356135913751
-42.2944498177361,-11.6794938616,19.9728989333472,-43.1736950326893,33.0003382495515
-46.2933550190278,-10.0907617230251,17.7380542102276,-34.4874959829614,28.9894667603655
-39.1925604879833,-12.0912303882512,14.7140024686238,-28.2487872361359,26.8008239744064
-33.2407606555215,-15.8617853725315,14.6592581457402,-34.1191042772025,30.1299486324651
-36.0077438068017,-17.1835528510802,16.8954984141695,-44.2282772945598,34.4492213121137
-41.8497282668227,-15.5328805969089,17.2437244270528,-47.4055188785095,35.4192091836453
-42.9969572799058,-14.6312845768297,15.3604643322166,-39.6683082176753,32.0495937922578
-36.6946299467036,-15.6571445828649,12.7861357327091,-37.59612914737,31.4172206248369
-33.6215733721142,-18.3455899588403,12.7111879861995,-44.0794734391256,34.6088002095118
-36.6223160898721,-19.2793671969359,14.2334411452547,-49.2851380245951,36.9081553299739
-39.2645307875092,-17.967336406674,13.6398270368444,-49.2645244182086,36.7221080329958
-38.254511191555,-17.5506404216995,11.7394034405928,-48.0874382224977,36.2725120206596
-36.1118366834529,-19.2706867466096,10.7880802180185,-48.7234231568133,36.6165184681956
-34.8908882918072,-20.7408257632981,10.8460160844121,-49.0457036687916,36.8703399406795
-33.8970243707034,-20.516820253254,10.2438131658986,-49.6706750408254,37.1461902717709
-33.2593259127618,-20.079563212821,9.14646695424836,-50.0954013892914,37.2744660329775
-32.3233866692777,-20.2062264887436,8.0754907104647,-50.6130658296901,37.7122865361851
-31.7017809482389,-20.9414934513059,7.43418719049679,-52.2568492092458,38.4696723032093
-31.5467581089174,-21.5511168125014,7.07709987475975,-54.6308038426997,39.4843749929268
-31.8738256924064,-21.923761401466,6.61997878530968,-55.0695283534999,39.518750984013
-30.8349546962376,-21.949930066176,5.65384188837433,-53.1311036874986,38.7038534084938
-28.4521117906848,-21.9835674569918,4.35772344689273,-52.250464249601,38.6203481845286
-26.9961864379894,-22.4730138096659,3.66327697294914,-56.3057635889323,40.2779608314041
-28.2779760374488,-23.185690638495,3.69861389505378,-56.8257047307645,40.2737945749826
-27.3554589558908,-22.6032673528411,2.6799817399282,-54.4572959362481,39.3815724544319
-25.020173553742,-22.5114217667908,1.08330535260671,-55.309599447098,39.8307612847141
-24.3929564022114,-23.3970752371844,0.776206268073208,-57.3496997350995,40.7668350170322
-24.6320251206329,-23.7313893369597,0.583600291221474,-56.1085624719025,40.1195746366667
-22.7574963273674,-23.1157661783734,-0.693007318913581,-55.335030886552,39.5786639638584
-20.9373666817803,-23.1562290819719,-1.97502022607117,-54.0559052078336,39.2068230363669
-19.2844141508921,-23.3256314172573,-2.70358133266575,-54.9101398236745,39.7054424200829
-19.0623992718659,-23.573026877634,-3.24276664198153,-58.6352419128145,41.1642738254593
-20.3504448810958,-23.7712649705007,-3.35107109782961,-58.883346332547,41.3006586752163
-19.7682445036455,-23.4761641002538,-4.30270191293553,-58.193024519442,40.90390751958
-18.2448978717152,-23.7433927943725,-5.30001682472045,-56.8693005701153,40.3395118489304
-16.3236197970586,-24.0346825927695,-6.04380051808964,-56.753201126162,40.1619417916195
-15.0112158515953,-24.0660228105319,-6.74689719349901,-54.8182309550845,39.3787915116299
-13.0907544654247,-23.3443939484284,-7.86045288992308,-56.3116183329775,40.0570592794551
-13.3165842375388,-23.5618408788032,-8.43944570150825,-58.738317303462,41.0801773805019
-14.0856791633975,-23.6971310676482,-8.57545253474812,-58.372640510556,40.915016552483
-13.1240607375486,-23.5100881208616,-9.56894402143598,-59.6858553338311,41.2761639110352
-12.8262946325422,-24.0279962455404,-10.0407818723725,-57.3136550653103,40.1446614031025
-10.3025198609017,-23.5782593224604,-11.0515219027378,-54.9445148572708,39.3976811174056
-8.33898841681389,-23.392876697003,-12.0958096460749,-58.2602531207281,40.682436662951
-9.48044935916965,-23.8604426829225,-11.9533681985582,-59.1177927126316,40.7502470403744
-9.06483211189807,-23.1940409602287,-12.7454359779498,-56.493999007759,39.6725534416417
-6.88646503126631,-22.7436914651656,-14.1718282447317,-56.3372774335335,39.6954660771819
-6.06411343696531,-23.2632810744848,-14.5183510427771,-56.6719285187949,39.9130757258102
-5.61578234696178,-23.2382090379148,-14.7726595658876,-57.8221225414445,40.162491862522
-5.45770476620797,-22.9219090654827,-15.4116268436332,-54.9515552373866,38.8083537893862
-2.93955711103069,-22.0242679631934,-16.7886561568663,-54.6808777050083,38.9822193082436
-2.50715713153449,-22.41302346217,-17.3311126861756,-56.8263670644222,40.1202498099635
-3.5059093413767,-22.6737346213699,-17.0019471829449,-59.3825839140413,41.0074221371582
-4.38612883065564,-22.4891179679159,-17.3621583095208,-56.0414271713912,39.3136519201458
-1.45355236655825,-21.6280776106119,-18.7926412538669,-52.3652071465506,37.574711575286
1.7648634066806,-21.5361786555784,-20.1389683622453,-50.6548713640647,37.1823106476817
3.12350503717142,-21.5675628656041,-20.3039110866526,-54.6595110710614,38.7820283695152
1.2104533324091,-21.5731846676696,-20.1402864082066,-54.9596093799906,38.618302429208
1.58677943785355,-20.3988085633895,-20.9417788333192,-51.6733910231828,37.2109172189253
3.96345008886583,-19.9891965175809,-22.508417566847,-52.0215345628039,37.3487811415922
4.43150824153755,-20.7506350374531,-22.4172016971095,-51.6304747722311,37.2538230042935
5.08539746348596,-20.4190846604562,-22.6687815048908,-52.8069993991943,37.4848289993113
4.98692148958716,-19.9610345240387,-23.1791649449092,-50.8073758589698,36.4075224674419
6.74888433421464,-19.088224501443,-24.2351213590342,-49.4969822759762,35.9975870818681
7.7402849476985,-19.1722608834157,-24.8965910545511,-51.7979951303625,37.0123484755448
6.71948123459165,-19.5370170705467,-24.4986609113444,-52.6397767098874,37.2849375683302
6.53875677267912,-19.0154192709049,-24.895916668846,-53.7518206040654,37.3690401377346
6.57283141347932,-18.8592654691354,-25.4569020769637,-49.5430208662555,35.5183398001476
9.63696622802878,-18.1010532610265,-26.5489009059641,-45.5808451274695,34.2521816081142
12.017156380805,-17.9629951024893,-27.3569100372426,-51.930699912593,36.6740632462618
8.78077602318003,-18.8135955257454,-26.22924847825,-51.7868224763698,36.1016621131374
9.51283828493686,-17.1703578840077,-27.0630167256834,-45.7140080487657,33.6170223460364
13.2215039774025,-16.1643735877817,-29.1368617415678,-46.2869838386085,33.9997837537127
13.1811976351861,-17.2393875819027,-28.6917966074857,-48.8264325055027,35.0513799988696
11.9236885588838,-17.1806236399125,-28.133987450299,-49.527045361839,34.904941537842
12.0146975466894,-16.1418829032592,-28.8722052154553,-45.4707338230495,32.8783727652249
12.9688030891618,-15.130279377881,-30.4141372847965,-81.0079118337401,46.123166167347
-6.53674987249128,-21.5946429177033,-24.7152564464549,-78.075893126915,46.0935114931317
-6.500487954321,-18.2094714012495,-24.6172270997524,-62.7619312663348,40.2511789360079
2.61391225810747,-17.7841143140954,-29.6567624572943,-91.604050459871,51.2711495032249
-11.9685714798161,-25.7836755900862,-22.393198813254,-76.3889179736971,43.1512995408795
0.164680149539769,-19.2731935162171,-26.3490440219947,-59.5041331257951,36.1382206900747
10.7701805271108,-17.5873174523735,-32.2756543345338,-58.4185977414502,36.3884219286956
14.0271593702352,-19.4677078807676,-29.9702635603976,-33.5764229794817,27.7844608228242
27.1924525327979,-13.6760038923514,-34.5133751359527,-41.8294795771474,29.0066990288306
25.0637033832726,-14.446593432812,-34.8093871483906,-46.6197523226529,29.5096154198172
23.6897287060983,-12.3952849693859,-34.590112165664,-2.45812225031041,11.7262918755205
49.1658262356773,-4.29409371947729,-44.3282802302818,-15.8020420528811,18.9492972684881
39.3483980972877,-11.4196102964744,-40.4065459534043,-39.9393270436327,28.880132826483
24.4192187708789,-11.5562731432069,-32.9974464788749,-31.9810083379586,24.4467385668261
28.5003564175495,-4.90681245129039,-39.1424424473039,-13.7871529054908,16.3270254393007
40.1533549099805,-5.24060887418738,-42.8675615853402,-4.43647238017909,12.3043624009858
46.9625967907174,-7.91783882391628,-42.6130439527863,5.40274090821658,9.89509226535616
50.7825548555046,-5.34688398749254,-41.7861807986771,-15.0086175271745,19.3147679913355
35.7831902660058,-5.36846188150492,-38.5248622399939,-22.6071013048117,22.1126392054841
29.7071693305472,-2.43851214228179,-37.7049982751084,-13.9053109179388,17.4376418518944
35.3798107980234,-2.11572244339533,-41.777638810064,-3.20398600973149,13.2161948069819
42.2888712486061,-4.39240755360636,-41.1837861421599,1.89956892165764,12.4242706738459
43.9827752852213,-4.45357300725767,-40.1219091098553,-17.159562380087,20.7654922239928
31.0401277540619,-4.77774717983096,-35.8074919842505,-17.9519454877962,20.7016672858718
29.3210577912908,-0.772282164775064,-37.1414748126204,-9.04218528853449,16.6226187338209
34.4521820059648,-0.758852866768491,-40.1549558572935,-6.05523641576557,15.9100473409658
36.245471105887,-3.7430540236285,-38.4237154992843,-6.12283135546546,16.968995046812
34.9300138626796,-3.60940351608406,-36.6968506705319,-18.257785206962,22.1194143808391
26.5602272653528,-3.08792697097771,-34.6591426443111,-20.5137239026448,22.7509672600181
24.4401608340035,-1.28871963419273,-35.1061713141343,-11.6704869749253,19.0333209839904
29.5127253113289,-1.18715561231401,-37.2861398870006,-12.1353731806978,19.6706921966532
29.2168063035296,-3.79901658816069,-35.6361456210719,-16.9859863974554,22.3731974192864
25.3641406662313,-3.93000475544748,-33.4279130389322,-24.088816732318,25.3464396498956
20.2836793772405,-2.91248266935338,-32.7626394552303,-24.068147314574,25.1076742486177
19.9755849410816,-2.0753972372894,-33.4382068032332,-18.7044595400215,23.0777721602024
23.0451141049828,-2.74491958757802,-34.3273470298053,-21.8108726827102,24.6722013928359
21.2557916667361,-4.66531443364755,-32.7004960926648,-27.9275448678581,27.4859014862734
17.095821788109,-4.6060074945595,-31.0948424368401,-28.6270727764174,27.9236961645988
15.9936798851499,-3.26899846035077,-31.6255332038077,-29.0120895449954,28.1718968758632
15.6010656953425,-3.74131562253238,-32.1123827419367,-38.9107279963094,32.3640586671102
9.7359012975541,-6.3943427092256,-29.8235181173572,-36.4490806811925,31.8263960054103
10.7829524289243,-5.34153649690249,-29.8774966974771,-38.5333904309395,33.1246680770069
9.13993437300994,-6.18824267760814,-29.8486097751168,-40.5695311770629,33.7049009426113
8.6701863173164,-6.57098284035493,-29.0092958062801,-38.4774762019377,32.1917611623526
11.0223654140908,-5.90583362225014,-30.2916419828854,-28.0997811060158,28.3223723857069
17.1636410750656,-4.64815183184909,-31.8997546939724,-33.0429844963308,30.624967849974
14.1950234064657,-6.28149135949503,-30.9658793358029,-40.414653435635,33.6104136714639
9.79957321169789,-5.88633825227901,-28.9932522129869,-25.8940711345632,28.0421020513121
17.7270754209232,-2.36349538816332,-32.8913397594617,-33.635032719425,30.6447497431717
11.734737877656,-5.62530424613133,-31.6833576964902,-74.2353488958203,45.2646906270372
-9.89829671394491,-11.5102676962749,-24.3017435442167,-61.6825188529625,41.4876049879736
-4.86771386930546,-5.90824064339705,-27.4572268539387,-45.1293997541604,35.8847627023192
4.61331361948543,-7.11031424810888,-31.4993648900642,-75.9209725094459,48.8977657026065
-12.4569718532247,-15.922752994278,-22.6287943241552,-72.5874469697451,44.9632525616376
-6.58301625068206,-10.2687367178889,-24.7507947231867,-44.4711397981582,32.741388683282
11.2259212363957,-5.52886732193094,-33.4768356006145,-23.7941319781902,24.9145555676923
24.5280023997858,-6.63724844860336,-35.1491862966475,-46.6667496463413,35.0380312083606
10.847261226265,-10.8330682034583,-29.5755817617859,-49.3874133913091,35.9583733817522
8.44532792989012,-4.85836789756791,-29.6893226881547,-45.2552204181096,33.1340645479188
11.4418949440578,-3.05389167148762,-34.9506299502322,-33.0517630053863,27.618496754352
20.3385037137954,-4.37101395225104,-35.6894138176411,-24.024817718716,24.4893023625955
26.0301139135955,-5.43569385609137,-36.6385756484926,-36.7007464065808,29.9313254834661
18.4742104366353,-6.02097852497365,-32.9025615563053,-37.9262591121229,30.1003613943356
17.0478359036885,-2.00210283017218,-34.5095224248507,-31.8493679795785,26.9290149892782
20.95439408753,-1.00659332318895,-37.3211619352058,-27.3746225859767,24.9831813327939
24.388277520929,-2.90759613718424,-37.538416824565,-27.8119172168139,25.6566417040027
23.9465678749525,-3.75503737509518,-36.1179809110605,-34.2822956274495,28.439829756034
19.6118069281787,-2.93523612435811,-35.0157891938718,-36.1264695414279,28.9096966846754
18.1765448474129,-1.38020492876122,-35.6452215056903,-33.4618978695743,27.2431179552769
20.2973785796482,-1.47322425657722,-36.9483098789541,-27.6495272726034,24.8464884514081
24.2127109271449,-1.99352766425351,-37.3441049695096,-26.4082055703348,24.8364153627038
24.5778652302302,-2.27074114925347,-36.7827808720393,-34.0875583641386,27.962877422694
19.7549855348523,-2.1991087207468,-35.245072752449,-33.9258376129426,27.408662242057
19.8490628466668,-0.333318040406279,-36.1832533002095,-26.180854364881,24.0726139866127
24.5194718807977,0.262914583003858,-38.1844661768672,-25.8810370012387,23.9956972284663
25.0081865981032,-1.33232574293209,-37.4146125811951,-28.5301944905229,25.2233767291453
23.2436335955699,-1.20550416676643,-36.1608818542094,-26.7694314446579,24.4259574429891
23.8897167590183,0.643737929237328,-37.0397140575014,-27.0238055188263,24.1745261855261
23.8095583121295,0.778131095849411,-37.4601289331171,-22.112655218348,22.1122993199763
26.753834397253,1.14853026679517,-38.0407899208732,-22.0813758965651,22.0949493737768
26.7495640760739,0.634727693476363,-37.855410214185,-23.8883991661065,22.8555121059226
25.4088906514549,1.08152562979008,-36.9735897555258,-20.4670212239837,21.5941908800614
26.7820359212181,2.5217188613257,-37.957734978067,-23.4879594473446,22.5784908063663
24.9339663159141,1.80738498724584,-37.4241016660197,-21.6197885471091,21.5825868519335
26.144888128482,2.29369532461257,-37.5027257083709,-18.907575866881,20.4097201180314
27.4972901700711,2.61036371855665,-38.1238819141005,-21.2137005590325,21.4032285722653
25.8469043333311,2.23813735921769,-37.1351841429929,-20.6303888044808,21.4161147248347
25.4749397811464,3.00240241531291,-37.083326877398,-22.9648498228776,22.160815595973
23.8547425871724,2.8455608090965,-36.8603954515565,-24.9080481421481,22.5986522655258
22.8882460638861,2.63720110253104,-36.377247167826,-17.4760026009174,19.5590909947754
27.1587051969722,3.80331152017192,-37.6742734816568,-17.738261971028,19.7583910337275
26.5264914093582,3.0053234559501,-37.2450430696837,-26.0526393815004,22.9054066658859
21.615814911798,2.30812678861733,-35.2157251967394,-25.6546823450176,22.5965606368565
21.3204945300126,3.82670126536572,-35.8578536058892,-22.37100473526,21.0617479856546
23.2553174490935,3.8815694148002,-36.7591673795942,-23.0095565469899,21.333969844529
22.9920807682465,2.65842250003021,-35.9144660361993,-23.7109958240344,21.3760926278869
22.8278142628371,2.88594862669112,-35.400706327105,-21.8041869256907,20.4328613942428
23.8208008475629,4.00442475545951,-36.0085247217354,-19.3522983692317,19.312015719912
25.1534497951548,4.48215829406123,-36.5136454061894,-19.7645032932355,19.5153178433299
24.6997659529148,4.1218015758895,-36.135102647804,-18.5623969022859,18.9889364631909
25.2158468839879,4.61113714988127,-36.0707799429528,-18.8575318428554,18.9959785879352
24.8773729634769,4.80520604815832,-36.1135983144584,-17.4191640870388,18.2771115312788
25.5976891856814,5.29238260353002,-36.1763866230912,-15.4165044494671,17.4344567558237
26.5310582820202,5.56840332043292,-36.517491623468,-16.1684887992351,17.7699312272612
25.858154238199,5.34744487006131,-35.955083877829,-14.697462712052,17.0753518247751
26.4972284127409,6.03087537340294,-36.1145653506168,-13.5099695966439,16.5095636253095
26.9406883779797,6.35730644956152,-36.3181100101335,-13.6022028454688,16.5763519167713
26.5234982997327,6.22600670737775,-35.9826342399126,-13.0617717314384,16.1580504123277
26.7452116875245,6.54559617170278,-35.9565947954741,-11.0675513119823,15.4683285361082
27.3861616330149,6.8982175478907,-36.1087233862459,-11.2904667147518,15.5847336381491
26.8852788790616,6.84011120555374,-35.7676749283827,-12.6415201772706,16.2512024783333
25.5290938964132,6.87391200136316,-35.1903351377907,-13.1146446614948,16.4529339634308
23.0163283012061,6.83119479196504,-35.0145697719429,-43.3042195369163,26.958284847839
6.81842343489082,2.03134837157124,-30.2824409946211,-31.3021039364017,23.2498314502685
12.020731263578,5.69028677996502,-31.7451411182152,-12.3678136265741,16.316734744399
22.6266435407966,5.64022835609822,-36.0053249035406,-43.9396373988049,29.3554872131211
4.57032764418382,-2.28907257132961,-27.234339604434,-39.9398724666072,26.4977187936608
10.1746264689886,3.53627551335455,-28.6043988166502,15.0022490143529,5.06733480025296
41.3005961015326,12.2786854986005,-41.0157119955589,15.1293497909432,4.3233327349207
43.8259143722552,5.73717865571375,-38.9265005095043,-12.5858491796156,15.5898832875996
27.0453373416078,4.31076841931987,-31.1883347452331,9.5675717743868,6.41967751034983
37.9052976127934,15.3437439790889,-38.4479494097318,4.93687994292898,9.53902512322269
32.3458894465654,11.4475158973074,-38.9643927225193,-10.8518142966853,16.1337032434838
23.0043105159836,6.75219123595024,-32.4017024214815,-14.4308769086956,17.304493212535
20.4966136232423,7.77787258609875,-32.8488208510962,-4.15878860622904,12.755302003193
24.799142724704,9.92557764033181,-34.7461537060398,-43.9493827815512,28.0143738583599
2.07378031316,1.55247154346634,-27.9922318934581,-40.8156260520877,28.2481106028092
1.63390309271113,5.09149898080033,-26.2659311555443,-26.7415203511702,23.3192261640102
8.89222670950181,5.30417965914557,-31.6291322947243,-66.3379412807002,38.6059177068421
-12.3062168449849,-4.62328954136773,-21.4181683014521,-48.4507926204632,29.7450140374075
0.662275317598764,2.62964535899722,-25.9181919291481,-28.5795423581313,21.8062229352308
12.6540563616116,3.43266908262611,-31.9187220799927,-32.3276156695849,24.2025305798822
11.0519049997199,-0.27821536024602,-27.6908982960015,-42.7934717560063,28.6380901948077
4.50461595007094,0.411821196732316,-26.1620606134027,-43.7735481290317,27.6865058771538
4.91983303831,3.47904582144151,-27.9074008085249,-29.8502376435693,21.4129295105909
14.1823953487809,3.09907561034096,-32.05534528254,-2.55119579623045,7.8547567017352
34.8449055172414,4.58728067720682,-36.7482910761944,23.0014346305381,-0.208436244410289
47.7841589838858,6.77942092033364,-39.4106383444801,-1.51612899163533,13.2070206102952
28.2344051429464,4.79144955633547,-32.0256302626778,-43.3004313954482,30.9892521339263
-0.294250594207675,5.00765820538854,-25.5063409783705,-42.6087955034228,27.6845441612327
2.08374376511346,8.4970996216316,-30.2988849463027,-5.49359250585481,11.0865248945083
27.2380761899135,7.47068210579822,-37.8439594754635,16.1083502013967,3.58505378919016
41.3236643904034,3.02538112871516,-36.7443896586758,-9.27427791281514,15.968545540851
24.0423421511778,1.34666399620984,-28.64856534887,-26.3147969926583,23.093614500846
10.8865833615981,8.44731488039879,-27.6817144393231,-23.6975782787759,20.5793012147293
12.1350364044054,10.7228954746762,-32.9929347805538,-6.17245469344751,12.7548364469067
24.4153582942215,7.14876109111852,-34.9156505213285,4.17232746896873,9.57637033546989
31.0325480450945,3.77302992864462,-33.5928254816332,-12.180822086711,17.1929755234398
20.2268801660988,3.41973803897975,-28.4028893294792,-21.5391767916807,20.9328211536224
12.8787739621311,8.09137226297479,-28.5836149691825,-16.8754969421047,18.2119008434325
15.4558004682213,9.41171660345436,-31.9613694318674,-8.24063457678599,14.5393634049238
21.4926541637152,6.41306939529103,-32.5196067363788,-3.2843051829647,13.3789899076885
24.354211910748,4.68778768723883,-31.0001876056492,-15.5927943099476,18.7865102692541
16.3802886328887,4.53623882530821,-28.0609787389527,-20.6943604021591,20.6299511022632
12.478516411316,7.37064222477743,-28.1714154149991,-12.5513891799757,16.9293597049031
17.1868271044779,8.42457480828082,-31.2118554170739,-9.68745724317368,15.8682733218858
19.4444800595716,6.95192345323106,-30.5686622209465,-20.659470614325,23.3597834592514
9.33165339436256,4.09423862850072,-25.863511370104,-56.4472378996148,36.5010964507538
-10.6911037547098,1.22996478290018,-20.1094257341634,-45.0199929759944,28.513240542819
-0.346960728556809,6.7894309796424,-25.5364503509249,4.13405093851166,8.06173440379338
30.6283159826063,9.54811876260604,-35.7902742876985,0.00437294300395397,11.757972231776
27.9898764678679,1.81288420914479,-30.1679308940706,-29.3318348062552,24.808335127716
8.75151297699147,2.47428661926235,-22.3563585375198,-38.8692868955389,27.4655807767752
1.90623203662551,9.18994094716431,-25.5388129622404,-21.2795290812653,18.767668201797
13.6754045247052,10.4592690465056,-31.5569138808743,-2.13063067788156,11.1225056974595
26.721003503039,5.94830109534673,-32.9363843753108,-8.3165130645331,14.5925400220256
23.3535425434797,2.79228049371897,-28.1797011057767,-22.1039999564212,20.5818912657162
13.6580263368357,6.24587263775473,-25.8859408141526,-22.6253131054145,20.0864014331817
12.4251623104603,10.3806981214112,-28.8145665470068,-14.1583178866735,15.9830259430492
18.1570320269051,9.19549387062094,-31.4255108925393,-8.1583577313699,13.7140072999895
22.5846419174556,6.03511332693627,-30.5598017721229,-10.9280810098634,15.408587738806
20.7213139780407,5.56565116709991,-28.4555603082549,-17.3610812007966,18.1668405242339
15.9520240708876,7.62840426712245,-30.7677511790221,-157.319657745506,72.5907207679827
-66.0293893734747,-13.7098907511695,-8.1206874389675,-82.59403694906,47.1892475396788
-29.4472694989575,6.1072206693168,-19.5260552536665,-73.8110568059666,44.7415335256117
-22.7326594328112,-10.1101702910757,-27.4036772420689,-133.967752641109,67.1470628005079
-49.8752283492513,-25.6984115938506,-2.68864996862664,-86.639252368829,43.6966406962288
-16.5979952775438,-5.38996845555186,-20.8470149865066,-38.0358628102544,24.4940269049336
12.5642564873553,-0.509648359664733,-31.9073479370968,-49.0927146571673,30.871359866196
6.13549209291219,-8.85560563467312,-26.4752134230997,-83.5200093465946,45.3570264708543
-14.8978203556235,-9.50777310029421,-18.4337543626944,-75.2141717835924,39.931829267038
-9.09475190870774,-0.604641903332451,-26.0492007781755,-52.3200415662306,28.9994213059465
7.17824272517999,-0.507021462239361,-32.7756770229447,-33.0788264205861,21.5161062105751
20.6814614202513,-3.97842515029185,-33.5003855528131,-42.1196772420838,26.1012790725671
15.3669790483175,-5.42571778742482,-29.6822066905931,-53.8493798356044,30.7425745492811
7.42109092678852,-0.726611763690732,-28.7597206699408,-46.2091745387896,26.7607897042092
11.6508418083015,3.5546882883969,-33.7392878749822,-36.984971679768,22.0764223688572
18.8153430180919,1.2535984920743,-35.8619687913906,-26.7482859142002,17.8851211464442
26.2384810183209,-0.194182718472004,-35.7511667218308,-27.14711282735,18.2916568432555
25.9520774889422,0.722432704464711,-34.9744432849685,-32.7397907673178,20.4853877765909
21.8113236735267,3.32248070918651,-34.5482831944124,-29.3964037199139,18.8617157995637
23.0928461673211,5.47368308716926,-36.6464975845015,-26.8324891917559,17.3073871563566
25.1326287180149,4.23866829609193,-37.3232023361649,-24.0128537072367,16.0188431259401
27.3110569254191,3.38570703455445,-36.7340681864219,-20.277617310325,14.5028217087731
29.4197352370587,4.57887244377355,-37.0437629937921,-21.7827728102202,14.9401301447452
28.161629706516,5.58322722507983,-36.8949517441333,-20.5841688871725,14.3780899429836
28.3091237438262,6.66304226417927,-37.2722790473575,-20.0243217278471,13.8256008678878
28.5849056351677,6.50953067635625,-37.5754673365512,-17.6861397475955,12.5766762986671
30.1406336254338,6.6528341482878,-37.4998689523921,-12.5070497040744,10.5964151113209
32.7600201576662,7.51685151824482,-38.0984046808875,-15.1685867047362,11.5922720720967
30.8902880659521,8.16484392308711,-37.2483755291753,-22.6561954496825,15.9027055021826
24.0326466548996,7.78716711225078,-35.0782909399572,-34.6338680100379,19.5789430784932
17.7083321276335,6.89299047879917,-33.5738287476201,-25.0564485545343,13.6702947507242
25.7230020805991,8.82320819833264,-36.3868867179163,5.74582130280936,0.88092265032745
44.8432647599981,11.328580080312,-41.6914796593915,3.39243657976376,2.87609011152107
42.6982013244021,8.31091816901045,-38.8194398255128,-13.2385505727344,10.1013757751628
31.1414813116316,9.65449116266573,-34.2082672512722,-8.00363969732776,7.42359796115555
32.7711089004725,15.089092552739,-37.8239876956464,-2.74587300529773,4.11241578997167
36.7760168556479,13.9274160601812,-39.5832023753976,20.0239807429146,-5.17177129421135
50.8123209296936,14.6368068347399,-41.5519740617453,18.0131227573778,-4.21571553802462
49.4948299957425,13.0455959158855,-39.9279311449062,9.60975185882313,-0.500917842485051
42.7912458415567,15.5724828218159,-36.6854519681842,27.6162020837183,-7.62392642024344
51.1318959762339,21.7092432324756,-41.8133018150984,18.6086418975773,-4.59855604475439
45.7698968180182,17.5733841053729,-40.0139201752532,22.0229810135838,-6.40646336422942
47.768237327325,18.2022404565733,-38.3078300864183,41.498914367472,-13.786087675269
57.5918152200914,21.7883692740722,-42.0492689956303,29.1403369797207,-8.2956148992942
48.8180304364192,18.9746848541345,-37.8433070102897,31.5688607262133,-9.14703444341616
48.5421545581786,22.214883074509,-37.2808041507767,31.3489390984723,-9.69663013509545
48.2068758596197,22.6007430902239,-38.6070719140869,45.4793506220263,-15.0805843205487
55.3751471239222,23.9320213026087,-39.0228138903658,56.3521896500485,-19.1264652299646
60.6889808459693,24.2089550745813,-40.1465485445669,38.5304350149307,-11.5291327499516
48.5328308104299,21.8008299075339,-34.612270620123,45.8762472257484,-14.6328109789573
50.9519213436549,26.9780148903068,-36.1687313001653,47.2621077584344,-14.8896275288966
49.7186200975143,26.2004518840391,-37.1374943681383,42.6749389395025,-12.4693761924306
45.6545621292567,21.3992360672293,-33.350392103434,63.8302270297204,-24.6508541964944
62.092655772744,25.8671311819709,-38.1909077951144,106.545425926022,-39.3807713243918
83.2557227408947,31.283704674773,-44.1525461762087,81.5028169119174,-23.7561682410481
60.2193313553274,24.9383735178329,-34.3419201430865,15.2401491452262,4.94633273928851
15.2875945381018,21.1670661268795,-20.0385778868179,5.65421481831518,5.63415723754837
9.76019288479881,27.0108817158697,-23.8519704060169,52.5008404738737,-15.1965176203019
39.9036644039479,27.3609540401666,-34.1491504030834,72.4465042336407,-21.4134605724659
52.5034806729444,18.2505153345411,-31.0571316174857,40.9620913040943,-5.52337652127173
30.392169099587,14.7964047818319,-18.9214504810472,10.9987770913566,7.55070031571261
7.77691178686663,21.8211243757903,-15.7399953262125,6.44961636866362,7.88876050324527
3.88972855471486,24.6342459678789,-19.954608970544,29.8068101532139,-2.20058069776081
19.3295996425649,20.4190990216838,-23.458381373267,34.8532285426696,-3.3816656691227
23.7335351518192,13.1756748464055,-19.8843034980812,19.4832043567737,4.25102246374069
13.2513157823802,13.4496550417639,-13.6091167911981,7.87929753949137,10.0870433045403
2.80966138887809,18.3835493735344,-13.4162083156828,-4.44793405995286,14.2469475360242
-6.85620941017785,17.3810205222256,-13.624335355761,-30.7019950051119,22.8513607681661
-19.4718646524817,9.31436601393384,-9.30424956422908,-11.1067395006744,16.2688245717946
-8.47670158134938,10.474133291355,-10.7722752260904,-3.21936926707187,14.583020092581
-4.20857787668772,8.34698623335048,-11.4910710312223,-41.7524223800906,30.9348423956855
-27.1633395130656,2.53202188287283,-1.97895578643305,-39.7086778178961,28.0948771944933
-24.0485084773859,8.80291882601145,-5.36286426145489,-16.2812711784809,17.6888157558973
-8.60297315321586,10.1241012468988,-12.8445626605259,-1.97458996410144,12.9551043243555
0.984294715926603,6.01959973204815,-12.1127689114928,-23.6049117851276,22.7067168989622
-11.8275507817084,2.25854359544871,-6.34602502198832,-31.5978307432597,25.5903618624744
-16.9116341752912,7.31221223092255,-6.12257700672298,-23.9679625681825,21.4210923036064
-11.743343942894,9.60486180887416,-11.7365044740203,-13.1813747237778,16.7935724860095
-3.58112476876164,6.76463945115736,-12.5965735452063,-9.24405615639345,16.1087933129129
-0.830437955250976,4.43580442288888,-11.6886147538731,-22.7035317469678,21.8509007854776
-8.71407978412202,4.14462316813058,-8.52854641298154,-27.2996331169588,23.195722169013
-11.4867617862524,7.12794093038728,-9.74778218051238,-15.2046585439175,17.6455356624565
-3.48391461941626,8.47308572981147,-13.7110867637562,-11.1420497958152,15.9747535380799
0.246894080566121,5.24809234469695,-13.7794370165239,-11.8782717851891,16.8701650122882
0.054909364081122,4.46727361071153,-11.9219948698862,-19.4532312029191,19.9746962260681
-4.56275848846426,5.43020986206254,-11.445816078352,-20.0532527698246,19.8031657359388
-4.75198796755445,7.03880702023649,-12.4555366421031,-11.6782090086377,16.132408834429
0.833124558516019,7.0589137033553,-14.9593455165421,-11.1841808624903,16.0784929828842
1.95751151420696,4.66184798667858,-14.0629693988728,-11.2222515535775,16.317036313737
2.14381156949999,5.03552369808659,-13.4649626379422,-13.4292197125771,17.2781381354061
0.595098420642217,6.03968321600883,-13.7967682645371,-14.9543036331176,17.8490944652384
-0.303351134950767,6.18365211826635,-14.0646176174319,-10.9494202318216,16.1499405313949
2.4077411477349,6.08317118236336,-15.082221507491,-10.3314376751487,15.9711732861993
3.25556667715792,4.87533618474989,-14.9064122776763,-10.7419368821296,16.1662406252214
3.31076505262532,4.94116371338516,-14.5383505911868,-10.8067087524488,16.3545776084922
3.04200385943522,5.5769671211003,-14.9247127198274,-12.7398277752703,17.3874112042908
1.65874088064419,5.24524313487857,-14.7294170968736,-13.1896922827979,17.576667417301
1.54290443024767,4.90953261802969,-14.7666314204706,-12.7817013181452,17.3443169418575
2.19328000225858,4.52969732429913,-14.9388788743792,-11.7446975377979,17.0229991948347
2.98887940410881,4.39865836536814,-15.0544760399711,-13.2847908336055,17.7669025415366
2.13369533156363,4.08078328749223,-14.8041606432458,-15.0608661511654,18.6466198195892
1.04267678503309,4.02513661057873,-14.5701768639519,-15.9716276431946,19.1054356631915
0.505695957025095,3.86050905604034,-14.6839843270272,-16.5680123794689,19.3351491171584
0.435849236837592,3.39169187632908,-14.6643417623799,-16.5216055492596,19.2948792634892
0.891486019215992,3.09650040603103,-14.7703804299978,-17.1301343332009,19.6911203736217
0.641259683201458,2.80771458146718,-14.6556729776961,-17.9850877451185,20.1366707581238
0.274566741755637,2.73716871094955,-14.595758643728,-19.4314582351977,20.806025631003
-0.475032599412488,2.47246951293888,-14.6245567434358,-23.5463623029536,22.2979471576242
-2.44031334493352,1.68254529753685,-14.139541567281,-20.650608849713,21.1910281483912
-0.451854584846383,2.21544156514104,-14.9057893280846,-22.896689833686,22.4085421749475
-1.77161618444835,1.05853822960483,-14.6137771478467,-26.6728120128376,24.0024767279796
-3.64364405476647,0.492083814691966,-13.6231272309355,-25.8731851671905,23.4133636609295
-2.60059657537897,1.08718687820398,-14.5737803958488,-24.51198380004,22.7554054706045
-1.23331153561202,0.795889484864971,-15.0829278028485,-23.6118535732818,22.4201390831015
-0.159206428224301,0.431913290160062,-15.2378055586104,-24.301417666405,22.8862679994745
-0.408483574610656,0.271724017122468,-15.1009310172745,-26.0923874341285,23.5748841276533
-1.18423507368097,0.332888158993237,-15.1275738431821,-25.1068965713688,23.0131852370477
-0.121319827401629,0.729778840820059,-15.7590949995286,-20.2504434973622,21.220624076136
2.92958834193846,0.999745546537141,-16.8145587424715,-22.1491997095548,22.0511558081556
2.24122086329124,0.0770728058324988,-16.3656390358193,-23.2479148581695,22.5510165870547
1.75587452820778,0.467429372355077,-16.0819543580136,-17.7997646232919,20.3017117923392
5.13848618447684,1.78823089019501,-17.769047512345,-18.6323638123608,20.4588761112137
5.25680076808382,1.01411330819156,-17.7834895812687,-14.5975724281808,19.0196992497913
7.70394600561519,1.69126805856912,-18.2033170698865,-16.9865340720838,19.8912373774373
6.57632087216035,1.28002368674034,-18.278886698843,-17.5831503997166,20.001823832661
6.44750036851432,1.82884664764307,-18.0029324239299,-8.52633298404615,16.502297010508
11.636381635266,3.32128950613203,-20.2206707921661,-14.1582574831392,18.6508117084713
8.85588151155754,1.36921914276286,-18.9577252590246,-10.4048482576931,17.0781893995219
11.2137724649802,2.90922156617484,-19.3267425093948,-8.30796946301097,16.0556887184097
12.5390696199852,3.32837801506543,-20.7220739726822,-9.72316444904975,16.743570457031
11.6763443049027,2.91872729957024,-19.7887175311222,-4.56892910655777,15.0802112511545
14.1239414613863,3.95550650801496,-20.8224540254608,-11.7284135339333,17.8480373652549
10.1143483394371,2.54328142078137,-19.5651759100918,-11.1916307600501,17.4003440467773
10.5892504395919,3.51974761511393,-19.5660765696116,-1.03989542034554,13.2404761431212
16.6148146262062,4.90144876012953,-22.0901325220868,-4.44210004118284,14.7463157872343
14.8080988055474,3.03653754932224,-20.7678856982975,-4.36316730620539,15.0489476591171
14.3580341910796,3.9553499612705,-20.1521036007629,-7.24194079584336,16.1284112251127
12.3881531628738,4.28691428986266,-20.5094717397882,-6.96783567318946,15.8960652208875
12.5351625476124,4.52991390145484,-20.406495695741,0.0790033982841918,13.2890939431516
16.4458438882668,4.95180236718381,-21.7498860005109,-5.93713522660456,15.7553212443594
13.1649279869646,3.10731316837104,-20.0167524552886,-3.64187027111507,14.8573616700625
14.3256984108309,4.70372285142223,-20.1712954599635,-1.25100023145542,13.7512674124238
15.62067540179,5.28292082613306,-21.4868057039605,-2.95352493611433,14.5127538782512
14.6527950385522,4.53509505645231,-20.5889639443445,1.20383585318757,13.2777941708003
16.4639339381999,5.2590433001888,-21.1246135094631,-4.45960279833642,15.6089080487813
13.0327292306386,4.14463053045771,-20.0574188321451,-5.66214348444688,15.9159108945611
12.3386528685213,4.74698707868247,-19.7707307978186,-0.555774938112679,13.7859003441083
15.2657396458569,5.48473593302145,-21.2834168469205,-1.48115307947001,14.5325402285384
14.3490013369795,4.24855505274256,-20.4758639743314,-6.55723502452295,16.8394346436164
11.0064610187728,3.62960429076131,-19.0721057009935,-9.50574635058507,18.1042745511326
8.73919532401445,4.08511505470071,-18.8474905785969,-10.2315961843901,18.2289990131536
8.38899681982424,3.91177960128668,-19.1569971021357,-9.34182259588603,17.941635438944
9.02958905751413,3.19401999581263,-19.0987826841053,-8.2717227645502,17.7044812936417
9.19350306819189,2.77025119207304,-18.9023930081232,-20.7652335139162,22.5914948408808
2.06693398178593,0.884120012284773,-16.6644591411819,-20.4255692147596,22.6887050980081
1.75884358613514,2.30580750025532,-16.844141089057,-15.4457505972661,20.7730745099685
3.57305137437031,2.17269941136494,-18.5987651458868,-41.8651407977644,30.6795613652498
-10.5030764293758,-3.69547422810915,-13.3464252010397,-36.3698799325566,28.7625062443288
-7.61523952627679,-0.567889591391149,-14.1813519787543,-23.9627395017173,24.0537594042186
-0.250410774081484,-0.221641515984084,-18.0637551745712,-40.5294001978097,30.6184626097892
-8.65496960377023,-5.35217654038699,-13.3569222996565,-34.9019956982574,27.5849610328342
-4.07849922878292,-2.09757583980335,-14.9063778481397,-26.1437164147856,23.7607896990577
1.62441841344767,-0.791329362109383,-18.385601133964,-24.5915119579237,23.4562105050999
2.08100336939755,-2.05192458504324,-17.6230780200945,-44.8610254955025,31.33055677232
-9.16618732721775,-5.29153908617711,-14.2943324024762,-42.161046477987,29.9926958483811
-7.45972383013429,-2.20550049046336,-15.3799876737245,-26.4290674255719,23.4801653152524
2.34339748538179,-1.12279044464092,-20.1255175997862,-35.2946177343032,27.0608996589223
-1.61171081537219,-5.64326090836959,-16.8858951062823,-33.99749535439,26.2475144482621
-0.0449613624937706,-3.60004388862114,-16.9416249168839,-30.2504288881036,24.6063372450618
2.15973373662287,-2.37820854956769,-19.3114063866567,-24.3271787736158,20.8190746161208
7.83603994204908,-1.77221424322324,-20.9843871010036,-9.6350586824346,15.4111248266373
16.3433133408359,-0.468131389163879,-23.5451735253221,-13.226249825339,18.2263415470879
12.8009973939835,-1.92168199742612,-21.679104337759,-33.9531959910485,26.661860009322
-0.031245251719871,-2.94421373312792,-17.9462796347837,-31.1727329345981,24.4958088533283
2.10527097921535,0.40520663670993,-20.5024136290767,-16.9798894570548,18.2482357358987
11.433106423534,0.240559041272626,-24.3027592293163,-13.5324341607839,17.2557971219108
14.2349703461679,-2.66958538788622,-22.764105653009,-20.9975106446884,20.724314418775
9.52741575473616,-2.73520049906478,-20.5695081628088,-29.9644971265799,24.2022339603316
3.58008911646221,-0.835219312485065,-20.0478722421382,-25.8169603875025,22.0802385112138
6.00889445901325,0.794206396260711,-22.3767287557789,-19.9974196677051,19.5725414703092
10.1555890219743,-0.918201259998214,-23.4926592600271,-27.2470705127359,22.4130588306921
6.77408693906191,-3.73268697221043,-20.9552844026166,-24.9239459517062,21.6369642495755
7.91799163789129,-1.35500401591961,-21.313041816671,-30.4268002244095,23.936043339669
4.19807225558705,-1.49069503276465,-21.4947392836283,-32.0843822463263,24.4133694546705
3.44833752050368,-1.68261352594146,-20.9737649307341,-28.5800025285415,22.4639706331785
6.4639821196201,-1.77759074187713,-22.6823356300834,-38.8767859046436,26.3669045863568
1.16089957323946,-4.35644325816749,-20.3250233894023,-31.0685506461689,23.5768375074347
5.399934177621,-1.80615434764475,-21.6331893142259,-36.357898548689,25.887912943094
2.16328181429103,-3.35676363262817,-21.478328347608,-41.5552438303334,27.4541442395205
0.113146979993579,-3.81173607505611,-19.9240454725672,-32.8655960824046,23.0497761390734
6.3979285102697,-1.94559793199816,-23.0361935315924,-27.0982584669704,20.3674445946057
10.8332043696182,-2.32680224461976,-23.9249525380757,-25.3205482233036,19.920534572547
11.7399884568779,-3.20258750550124,-23.658992806708,-24.8818410224758,18.1019372503944
14.0740831120828,-1.71709699689947,-24.5872004852192,-6.05122475536721,11.146156323267
24.0599230416183,2.10396799659469,-28.4322252072812,-8.48932537008467,13.5433823212179
20.7438748394112,0.0482087316294646,-27.0727124010614,-32.5650012179036,23.5685706929754
5.71798351001133,-2.49070026315658,-21.5897524138622,-31.5595793567239,21.7189267759314
7.03706081608249,1.14814216106117,-23.9187734591778,-14.4692476203934,13.8738448044901
18.3378675967845,2.05393548961567,-28.4466335784708,-1.64870530759449,9.24743674314265
26.3887200708033,0.223897835372215,-28.4983342298999,-12.9726932916172,14.4960743781698
21.0864408102037,-1.38718020910765,-24.7966384463109,13.5676805661071,4.77598933516823
34.5093851336478,7.55681909034555,-29.5620269157154,13.8548007888277,2.90829319866347
36.1857376834782,6.63140311676605,-32.4541653591137,5.6166936961904,5.54948595342054
32.1225710883712,5.21546035588053,-28.8181034681819,38.4075363694134,-7.11099969169002
49.7972659587514,12.0761110939529,-35.6785078836927,22.9107137303968,0.958655684614911
37.9441386643493,6.76096372146681,-31.3999582933027,2.92620694047732,9.22857171570809
24.7809021982901,6.79916394347347,-25.6992337900277,2.48478321814551,8.50337904007003
23.6967742160894,9.78991803772279,-28.8175843055693,16.9431653057644,2.51401388820708
32.3173826407959,9.59105503748611,-31.5133394651808,-8.96353630818746,13.5540363451597
16.657798228301,1.45996693446315,-25.0532589266774,-6.45297533957745,14.395438075848
15.4118588375207,5.05151358226013,-22.610646641456,-15.2577300540967,18.7107116049203
8.20280718057762,4.06928202350937,-23.6206696050581,-30.5019140251358,23.5114784806775
1.08665816018304,1.16766723624066,-19.396964703072,-9.23423707384567,13.7764551088046
15.4091629543273,4.22471046389265,-25.0190074038868,9.40541012588827,7.02221104469167
26.5247613452934,3.64965544681699,-26.7436447471569,-3.50524686036607,13.6573481095483
17.5917226829659,0.903694724071802,-22.1764367253834,-21.3507233665212,21.15374522279
5.59962792202895,2.77021797087549,-19.0278489389089,-14.9242512285616,17.8601825517884
8.93234893946691,6.36173825948211,-23.181477413673,-5.03795117041365,13.3762968808134
15.9439748699595,4.08955032783339,-25.0420459681996,-1.3972255280624,12.4482778919665
18.6160514779503,1.41820101918009,-23.2967923588824,-4.55779732412963,14.4590085399752
15.9381873679176,2.27207843934679,-21.681030790204,-14.329449017171,18.5479933546913
9.13827924139783,3.81594375578322,-20.8019014913667,-11.2001591175641,17.2712339405867
10.2736336532509,5.33872554868311,-22.3524118732701,-10.015016721249,16.389600812547
11.7624625703508,3.11153393377496,-22.8781088370913,-7.94726108130549,15.5253122774954
13.7172781921362,2.22659856968999,-21.7583326966216,-2.79366311900958,14.3166867747924
15.741823331427,3.54627144542173,-22.3258949463855,-15.6349753478103,19.5742623097414
7.81303970928634,2.40187965669471,-19.9975068621132,-15.5584579435941,19.2084142791133
7.79792419883044,4.08329456182707,-20.5894594342639,-8.51552943414949,15.8959809644799
12.5575175781555,4.10127746368464,-22.9584071998992,-6.03291806307091,15.1433553578764
14.2512124300269,2.58940395478867,-22.0457731372823,-7.68412001727879,16.5933081867796
12.4744009491115,2.50851528635649,-20.9405152304816,-19.2117570036569,21.3029252048257
3.57235227277664,2.30165433667028,-19.1777705536809,-46.7493086010151,30.9939015594987
-11.5133314248115,-0.814810182489259,-15.66071807118,-32.468264488239,25.7747808892095
-3.92024730327417,1.94121508336293,-18.5520853787077,-18.6409145242849,20.6869067074869
4.99480938943586,-0.30693493190884,-21.1007925597551,-41.1964650383616,30.3678489435142
-7.58197627724695,-6.09040785819984,-13.9939340677783,-40.4910622542675,28.6087482787645
-5.45930549788849,-1.015278352445,-15.6084713345048,-26.2363188474794,22.0543876286175
3.66542261198242,1.91589186170265,-21.1862779660608,-11.5420720718816,16.6025495399557
12.8976619293729,0.713570758127657,-22.3908950642834,-26.1399040768269,22.9473602709628
4.60752717291508,-3.01595460782862,-18.5781213972709,-28.8855190896706,23.7438736558738
2.98216592374103,0.62158684909168,-18.1505565565958,-23.4105563001993,20.6239038577617
6.66270910750609,2.7925979313259,-22.3344529092133,-16.0802197316461,17.305872184114
12.1545509507497,1.62303227887972,-22.8453811584333,-8.21243723366128,14.5709027788748
16.9451106187816,1.209837541682,-23.5759281580414,-16.1372517883567,17.9904372142819
12.1896115073135,0.665277441030283,-21.3413795077865,-19.8174499913982,19.2279380021052
9.6059635207564,2.87525376759536,-21.608173079815,-11.5542633769631,15.4344454704602
14.5904761560901,4.59710952613848,-24.3892770701346,-9.02994944221425,14.3571488266908
16.6234760659838,2.59846057526758,-24.4718569454447,-6.66786938257404,13.5921219225099
18.1713031118209,2.50749074338333,-23.6256300134032,-8.9748984422895,14.6675692615534
16.3633779705061,3.31819409163498,-23.517942927345,-10.6749001750047,15.3556214821058
14.8190623000079,4.28913446403779,-23.388079523604,-7.91266074049453,13.9352895791931
16.5001228816146,4.67981621406295,-24.5514287103315,-6.9329062432561,13.4296210190109
17.3764646475541,3.63885467759192,-24.2988302586601,-4.35824778886955,12.295521152808
19.0856058228561,3.9173174862912,-24.3418186774912,-4.35459151327938,12.5264189521184
18.5560486697659,4.3436182915441,-24.2106011995242,-7.49436384797666,14.0101155617553
16.0232869714381,4.38749121549738,-23.5313138627686,-8.86139751571069,14.4475642787373
14.977855782514,4.55597886331994,-23.5012024049195,-7.02036257450064,13.6423822249501
16.0178489851356,4.51207810268898,-23.8430012299385,-5.68928226883731,13.2606847482716
16.6516452914846,4.08978201860592,-23.6623504711274,-8.58971946081813,14.5792612294744
14.6882328848143,3.64316197050105,-22.7198046557561,-10.1500324652228,15.2414037668496
11.6385035434838,4.17249666481884,-22.4856256890743,-42.3995577412919,27.1652641820806
-6.47332168050321,-0.896142087765065,-17.5353400634126,-37.5792902223776,26.10697091079
-5.18447139512334,1.75682325862002,-17.8933056126834,-21.7747081680766,20.1337117084871
4.18961958967792,1.39871815174273,-22.0425301312888,-50.2888438662453,31.6670247248461
-11.2595995713611,-6.539534329023,-14.2461446276857,-42.5672530237117,27.1012072990687
-4.68586961574337,-0.985616773604736,-16.2997706613573,-27.0263719328361,20.4074768881002
4.97150388587983,1.12102512109942,-22.1178966111869,-24.1111242992548,19.5321018021766
7.50062874042763,-1.31480807920733,-20.4844903883957,-32.5283802689206,23.2249386332898
2.49453370180712,-2.14449944185734,-18.8207130598611,-38.2277470418772,25.1600288650783
-0.821296589552577,-0.308178278574246,-18.4366907953766,-33.1232272125431,22.442793831475
2.69129608483329,1.20420596930076,-21.2840766863279,-26.0175953694696,19.214155307377
8.00701408015212,0.153977367839151,-22.269172612882,-26.415748356474,19.2711332133125
8.64579603805179,-1.19237898916696,-21.5346214254708,-25.8224823222417,18.9156073612526
9.17390995651745,0.456192601607742,-21.3950097473132,-25.2958811166902,18.5896312304578
9.22109289322749,1.84660364633458,-22.5989394251295,-25.5842840644662,18.2371538038706
9.56680407662354,1.7567928326954,-22.8200563178352,-20.6508992726717,15.7474890974403
13.2455751865536,2.1206578611217,-23.962266023011,-14.8490676237812,13.3587277395387
16.9638717376231,2.50245702477944,-24.6698930985384,-16.852967966707,14.0674959760811
15.9757516055702,2.44594152675833,-24.1107018726208,-16.0606586521069,13.5294908105711
16.3192932863747,3.91500480260797,-24.3279026796047,-8.98868666331487,10.2978823071999
20.5884229266914,5.42710385868316,-26.3320066318645,-8.39777692342481,9.68606118879491
21.5603957106284,4.63656150548845,-26.1447591023399,0.7309441434663,5.96990175940049
26.862250274083,6.43363523431107,-27.2165671325156,0.672042996235629,5.85030940447175
26.7647326075629,6.55807308935212,-27.424547833596,0.298876561882448,5.99682358527985
25.954448988041,5.72618961321652,-26.6729586495398,23.6108288586698,-6.91940728794545
43.7464444609805,10.6702137179448,-32.956256330786,59.3991036801479,-19.5731024925384
62.6633837604553,14.0554430319629,-38.1791477349593,49.6695661377607,-11.3618663704399
50.9891337540476,10.7502373467582,-32.0203858200065,-8.47862128975236,13.2556495147363
12.8168193231399,7.10532751207586,-20.4357159075445,-11.3296053503822,11.7387361332742
11.2861942433912,14.2689256200407,-24.2221853690367,33.1679248605922,-8.02759477116303
39.6460918970339,15.6924514962172,-35.2017771265979,46.9094428376239,-12.2065854676789
48.8662437171179,7.21553335710555,-31.4859092448487,25.8621011115065,-1.41581382606944
33.7968060503733,5.93924059222565,-22.8171751598161,3.84464354499984,7.90656627896819
17.026473573282,12.3359114596501,-21.0690327414013,2.8012120069162,7.14949397890535
15.3593689131805,15.107243042337,-24.8722854576584,22.572491298016,-1.39758436215845
28.127399092816,12.0524709158992,-27.851810128872,28.151522852001,-2.85042093137753
32.2191920445592,6.85546803706742,-25.0634486066729,16.0202147548564,3.22264229200707
23.545624351088,7.10981803559808,-20.2865185516095,-1.3519171203315,10.1525196046626
11.3129870759071,10.1753638065199,-19.0080566294703,2.04616029298776,8.53315978842932
12.1808880845534,12.1698773201392,-22.9719852930534,-59.9552819893621,32.8638072964805
-23.7006983645343,-2.70500997945798,-11.9607177826232,-30.1210407717023,23.8626430725871
-9.60775030762527,4.22668852426265,-13.2553460224613,-40.418080571619,29.8436874678185
-16.9576028117513,-3.05796483349602,-13.9901911066904,-79.6395002882842,44.260235712969
-36.3925985008226,-9.28298529459576,-1.64809100278275,-49.5701832511922,28.3337262862689
-13.8736294684577,0.732433449300479,-13.6329565378453,-8.13322128292149,11.550198008705
12.4457160230029,1.99017519861055,-21.2293443449593,-10.4423960746406,14.6439143720053
10.6908739912893,-3.68204479465876,-16.9732547930074,-44.7472212288404,29.67815990098
-11.2646047542127,-3.86431754141335,-9.08966939838514,-48.1501821329372,30.0233951110744
-14.1559888855882,3.34439196572364,-13.3528649175504,-32.1519433154296,21.8102400632131
-2.42422825257718,3.13959215236068,-19.3960123189329,-13.610600303423,14.0931593597561
11.2188352599351,-0.879065539838665,-20.4051688252835,-12.5437702959309,15.0063522781513
11.7907755814794,-2.32326980063969,-17.7348377419877,-31.4637584577235,23.2256489324132
-0.745273811745359,-0.335448452791255,-14.4960585699592,-34.0478098492474,23.4894655450785
-2.84950213450035,4.04762080777922,-17.0919968313669,-21.7264013117507,17.504821005337
5.68628509968944,3.65850565010193,-21.3140668141298,-11.7731182397304,13.573491205948
13.0684464158713,0.352992350777369,-21.1009739657916,-10.9781809099584,14.1621857975216
13.3215809478265,0.0436990396517052,-19.3473958894522,-23.1143541857234,19.2052235027665
5.39713321419096,1.58307535247864,-17.6803076226901,-24.3127866105997,19.0688063949155
4.42569198252227,4.27172120049275,-19.30775729853,-10.2770460915803,12.9591264676476
13.2982669178048,4.75971608816,-22.9041547296926,-8.21971267940038,12.2573891510267
15.3904613504797,1.46642180030044,-21.7823360224466,-9.73719868328239,13.2296848538563
14.4192662071169,1.95217885715745,-20.1107051517147,-13.3865671609581,14.7480946767332
11.5024492030589,3.97351291690988,-20.5263648990135,-13.6059923133183,14.6805180539273
10.9492429404554,4.91089533013804,-21.1372670205708,-6.30435906679671,11.7688724656742
15.2461630085253,4.77803092118453,-22.5964679123105,-9.1026227245217,12.817078019084
14.1254941446938,2.72843863049206,-21.2183897739975,-7.63687430689994,12.3024415655839
14.8882220429424,3.9503602083382,-20.9265357897489,-7.76441172134902,12.2967499631375
14.4509537390616,4.84497578505562,-21.6799965214179,-8.5220091444469,12.6289492384837
13.7093363747794,4.89196288425055,-21.326531034752,-5.69205777936951,11.8211369602226
14.8443814204175,4.94558972485491,-21.7442730751453,-11.1118038487473,13.9153803790167
11.7681283131464,3.70725496367157,-20.4433948710218,-11.9172393196905,14.1076086321786
11.2881640537193,4.31905415577731,-20.1531594842345,-5.25098055379343,11.3257149077315
15.1901766754808,5.4588108942155,-21.8041334518633,-6.31852721465254,11.7333853769038
14.6702489797817,4.42143648160181,-21.2150194215168,-7.62454957519797,12.5907113513255
13.4298803774364,4.50734089815051,-20.3237439631547,-11.319695434999,14.0095864089642
10.981822640403,4.61769393409291,-20.087668804224,-10.8965780735767,13.5561143972415
11.369277820783,5.13980188387912,-20.2737222453203,-4.67494509498794,11.2682923693622
14.7818044954237,5.43401357416546,-21.394049936961,-8.99284572275462,12.9954283147412
12.4365716962579,3.89548977680018,-19.9834441490154,-10.0696568920123,13.3642197781624
11.740089042642,4.70466786989103,-19.5532474954259,-7.98801882186207,12.3037535127596
12.9210653916971,5.59143028948549,-20.6753042007081,-6.54522406920991,11.7289558494526
13.8016161116993,5.34434552539055,-20.6676239629611,-4.46361218156249,11.2967789778831
14.5598228033367,5.22577038121762,-20.5627147833289,-10.192033007264,13.5179867251585
11.2546874061696,4.50842539159366,-19.3758356263333,-9.87334531858157,13.1528757486681
11.4453215329153,5.54988042733946,-19.5874955377659,-2.26126308858702,9.8986401874123
16.0467553275163,6.50531666325448,-21.4644247347936,-3.14888890242171,10.3289776184956
15.770204627721,5.20138062284158,-20.6567799943964,-1.11385218302779,9.92428053916903
16.3859990790368,6.02046891080919,-20.2890575405495,-5.47884777428543,11.5368984072428
13.7221794481212,6.00395579333934,-20.0451580087871,-3.94171599245533,10.6789218663592
14.5973925410847,6.95663582646557,-20.3006422539688,2.99398189371961,7.92299115013459
18.5155664901174,7.40764395333129,-21.8587920593541,-1.27253594431168,9.84962659524379
16.0049640602447,5.73556430729981,-20.1525245517329,0.323489409158199,9.4060020150923
16.4417766648914,7.03360847346423,-20.0573284115111,-1.08210782390738,9.77124495354474
15.425679759675,7.25414243680102,-20.4789524541306,-0.965821644439629,9.58032496437612
15.6299058643909,7.27599262313552,-20.1858691458102,6.43317978376663,6.97410251017037
19.4086202792443,8.03088172666831,-21.3582579486158,1.17584057704445,9.21388220710627
16.2347906953465,6.50409479740833,-19.8511057533696,-1.88119170382457,10.4178304866372
14.1219694165883,7.16118834004978,-18.9228379828733,4.61436079318961,7.63119273747474
17.706022830823,8.80329625576419,-20.8598967211059,3.82288580245146,8.02534510529261
17.2351444675856,7.49088342419978,-20.3339264748585,5.25554423585737,7.83711161007839
17.5683667301536,7.62257729428964,-19.6511530188454,1.25275698522894,9.49967657142712
14.877493268155,7.41614423221084,-19.1326044602347,0.633841926195014,9.66297924551658
14.2494851268669,8.08192423956024,-18.8898675941943,4.85895873040533,8.01969523982201
16.4227557951817,8.44496557333296,-19.9686629727462,2.1462534292084,9.28166732124423
14.7575883709956,7.08744763712436,-18.7413126458093,3.44858042649502,9.00375867093554
15.0907677132187,7.70008022229934,-18.511047743799,1.08791684702037,9.86051014670912
13.5283068231662,7.59734558223641,-18.3926266301408,0.681083847495975,9.93613241805562
13.277809970391,7.78297042996114,-18.1332570648664,5.70668951867075,8.21261571748385
15.7324149965873,8.2531777744291,-19.0107608657003,1.57915999394749,10.0659995785216
13.1380198322732,6.87108046331621,-17.7436571777406,-1.46269343089014,11.3227238872357
11.1114257197069,7.08032075634419,-16.874560373997,1.23701281048202,10.1376357174233
12.5149518438245,7.97575874296466,-17.8963766054864,1.47864908017412,10.1558227692932
12.5912428114996,7.27072378058526,-17.6808729079414,3.04131556832697,9.91098524214867
13.1074262258693,7.13749001978906,-17.3132118900937,-1.63799550536337,11.8004706564442
10.292631481859,6.50699064700795,-16.4597796909895,-1.7934928522474,11.7274059790017
10.148130800589,7.25771242736197,-16.4899405864732,1.21306839085261,10.568410174101
11.7246139786848,7.43072046718719,-17.4221886317632,-0.518928876687061,11.5812131763454
10.5158710032876,6.30561701201178,-16.4321867549645,-2.04773026040413,12.4849833663061
9.24404464290861,6.24793860515653,-15.819733476342,-4.97370054884637,13.5563046190145
7.49711149668586,6.20594669676734,-15.5573029969312,-3.87341423911714,12.9405876160997
8.3576137641382,6.50201053949669,-15.9472904664255,0.184991805244392,11.5279477677314
10.6064606113845,6.44001388152405,-16.5728888176247,-2.8355355843854,12.9893405704545
8.76058607177985,5.34586756220561,-15.5118897674109,-6.41349729111285,14.5673570747384
6.39928215237387,5.46630337481051,-14.7512193274282,-8.07494398901771,15.0829863333596
5.39971752725384,5.74185273543319,-15.0613112541548,-5.75308022267184,14.1961518449908
6.84034388611657,5.64458985445472,-15.5048404410815,-3.80335961115332,13.6980622081259
7.94925138945831,4.98273156577908,-15.5114226849186,-8.15929648224912,15.5393372506971
5.53480031927016,4.12092535525862,-14.3388943258065,-8.73027383606953,15.6574078989889
5.25771671384676,5.00172316422279,-14.6377479619497,-11.5959634223636,16.7889605154574
3.519653603894,4.47156556945691,-14.6669748705994,-10.0112647903842,16.4867749230281
4.26463730361594,4.27755581522635,-14.7486101811066,-19.3918940014431,20.4352285373983
-1.25042222406749,2.04878138616207,-13.6241841244482,-42.4158080737625,29.6030585378129
-14.6805211533546,-0.998300770745681,-9.30504999115249,-28.9303253093666,24.8915600735563
-7.65665294561496,2.54442133943445,-12.7195729912866,-46.6581585544113,32.3319022482323
-17.6372048380304,-3.90885679433496,-10.0932664876671,-50.9721985053819,33.8971618368728
-18.7785712969353,-4.20973686981776,-7.31898865856548,-39.971236250981,28.6304648165647
-10.6569259202944,-2.10502159273746,-12.7779512471396,-65.359281288227,38.1481220558441
-23.6132760305983,-8.09041449776765,-7.70877050390704,-46.3352242810942,31.5194997185456
-13.1245031382767,-3.08500935181381,-10.9150643849067,-49.8237238520831,33.6537710609434
-15.226119968296,-6.23187334362038,-11.8694290239925,-67.4602912205716,40.006078147253
-23.3522833044646,-9.05092517611476,-7.03072862813785,-53.0499403498317,32.4554618353091
-12.2723030175426,-4.40365150427217,-12.8181928234564,-31.6404684213479,23.3246099112386
2.22065137606545,-3.3194736778148,-17.5391847025822,-29.8686163248874,23.3351980826834
3.86198316708367,-5.71377137464499,-16.4324511366478,-41.3671399243624,28.2804803788088
-3.05419595268837,-5.22260712709846,-13.9457591200036,-42.2459550208239,28.1604870662536
-3.6991184105366,-1.77272961309432,-16.2200139762911,-35.0084679033433,24.5845023043955
1.47702206999594,-1.52804518232419,-19.1051258478754,-26.5505441030811,20.7330078368939
8.15950716588346,-3.03247280180092,-20.1813024282474,-23.4209210143979,19.7631988619171
10.5295896950227,-3.30768171376869,-19.8210800273644,-27.6040639288694,21.8196228678637
7.54234236781989,-2.67163593523493,-19.1614866731363,-26.6339220650314,20.2382710331407
9.17856771539148,-0.334750441145219,-20.9838941871993,-11.648702850455,14.2795983137526
17.8419407410081,0.580669682123651,-24.5021532194852,-5.12645884616317,11.1592749544193
23.017873115958,-0.632536371624431,-25.1297895262945,-2.91861511826402,11.7579130306279
22.4971248498247,0.0429817757780886,-24.0234020659268,-15.1713774929568,17.9873885321105
12.8068507147863,-0.00471666818656935,-21.7588052323103,-30.5915375894481,23.8459786127241
3.17159988355427,-0.310828490176197,-19.9504548709305,-20.6857016085187,18.7784969328988
10.0552597218198,1.15399040126593,-23.2167073965915,-8.54101647400997,13.8737135173073
18.1701015914378,-0.673780258289447,-24.9376762403736,-12.5565729854728,16.467350914223
15.504074855952,-2.91061854594653,-21.8006243798341,-23.650101981195,21.6668032140883
7.45613077715754,-1.68947419319059,-19.6908733072758,-32.6514565546686,25.027740619258
1.47915544497086,-0.489781073012321,-19.7839706744181,-27.6557327330284,22.4869636521699
4.92871102792684,-0.558988727304593,-21.6851074020265,-20.5882030379964,19.5350897597918
10.2219515153836,-2.58895589717065,-22.4018847474753,-25.7387067346432,22.2115071024398
7.29853133091492,-4.53656161297849,-19.9230759181989,-30.4031905818494,24.4499707446667
3.69804532696527,-2.86397966254866,-19.2068276075013,-41.0921476993678,28.4417805545152
-2.72028955436682,-3.16089041468136,-18.8581575346039,-36.3167872200077,26.3151487627144
0.499540231936713,-2.72504323211621,-20.0552022417173,-29.3669447530467,23.5350898017528
5.05721035418866,-4.05387628021909,-21.5388963604877,-44.8390058273004,29.7807224630659
-3.18595523224692,-7.63879263111376,-17.5173453090113,-44.1145644425779,29.6786652970549
-3.55812376681581,-4.71249513903185,-18.0518501078281,-47.7735215327107,30.8271184123503
-5.35335021360033,-5.27436274404013,-19.3967983695266,-56.6120132008812,34.3398410078515
-9.83502944235807,-7.93894272101642,-17.2080253899458,-45.9584728513529,29.9089904062567
-2.78450905432853,-6.40672401176592,-19.6994547247344,-58.9745720744353,35.088958949366
-9.55662718900999,-9.96432109482736,-17.626158676499,-56.3978796833083,34.0131784072863
-7.45102480395334,-7.89405209974813,-17.5604843181542,-51.7071739729521,31.8869248352955
-4.06641830105741,-7.28511255589322,-21.9829209395809,-119.120705741101,57.9801233980611
-41.9673457214611,-19.477905995508,-9.66020204608029,-81.9792895573696,44.9621800703733
-22.6286482818718,-8.22851405543074,-15.9123558966242,-73.2246349978762,42.8741003323029
-17.6960036959041,-14.1622173775681,-20.7601231098371,-115.755219112889,58.0648410736962
-37.1390619123796,-23.7995728236048,-7.78630345857043,-85.8133270683514,42.2183046114907
-14.3510150078102,-11.860985181812,-18.5728037841411,-31.1308396948298,19.8761878711711
19.5689963158501,-6.03640873784058,-31.0012306880628,-39.7008147223267,25.0757227012365
14.7397268732368,-13.6432907957572,-25.9066015326562,-70.7742141546269,38.1737977860922
-4.54376984255203,-12.8545682019988,-18.4566129495678,-59.3504375873455,32.1091335670648
1.87994567287011,-3.17717114748658,-26.3438172855001,-44.3088665319438,24.314599689473
13.1688926973146,-4.4948475612778,-31.6214299589069,-24.5092047227891,16.0926702557111
27.2384040880237,-6.85084788319446,-32.455615876196,-25.2122971223323,17.202547524499
26.7026097556127,-7.26379210812241,-30.7853479337382,-38.2925428302214,23.0046564962704
17.2496380945827,-4.10352173205357,-28.3844969718791,-36.0380343907253,21.4948155801124
17.6106318119974,0.151992868962641,-31.8250568062738,-30.2633823784452,18.1557972360104
22.1421488465185,-1.34792830810613,-33.8234976169208,-15.9935390639133,12.1344165867438
31.8449244531459,-2.14041001937252,-34.8462569200017,-15.2556092222424,12.2562135499441
32.1097501728764,-2.439633298426,-33.8185999585731,-23.3856276655898,15.9127532268191
26.0238871930574,-0.564943770724474,-31.878240564547,-20.4088847424902,14.5401186706199
26.6175601386244,2.6248439769131,-34.0316298116035,-19.0647291328179,13.4365108768353
27.688070758815,1.4670818573636,-34.8204186294691,-13.616022288535,10.99913799979
31.4281866711574,0.77699463673792,-34.5672513078707,-5.00932406215675,7.94378134115102
35.9138145241315,2.10435514403174,-35.368358342362,-12.659966066397,11.3122801437598
30.4667282059334,1.75941862586255,-33.4426679810411,-13.5967139396666,11.46847627132
29.1603820879275,3.90019637331882,-33.48934354692,-9.49748019473195,9.46169253460257
31.2236691978485,4.56075303630757,-35.197450879681,-6.570511167198,8.38572607912097
32.7157780054407,3.3776216721707,-34.5200606807594,-0.912706423478327,6.14901302050533
35.8281427563936,4.14470351295739,-34.7791019190653,-3.81878536290057,7.51633379367655
33.2596852247397,4.18145439432866,-33.7411770447914,0.474815963041015,5.63108877252541
35.1296458852414,6.40742642667251,-34.458361267369,1.76781104423248,5.25852909969236
34.9136066678855,6.40974025864668,-34.9562027948019,-0.754150494716052,6.70155185813776
32.3546789599869,4.46844753213609,-31.5303480870047,83.3292749552958,-28.1882378898956
83.2772453447223,19.0939345346248,-46.716241945597,66.7315225432199,-23.0911846689611
75.7844265790768,10.1974378422158,-44.2444140540782,59.9862972216115,-19.28030601188
68.6452174357663,16.3913874741829,-36.2611697789465,100.591003762323,-32.5352855965105
84.2119487741381,28.8954388762871,-48.7993716933108,46.8140009521914,-9.7965135113355
49.2861492622152,15.6136168061284,-35.7879545395348,33.1539537629982,-5.4483800133306
40.6041776256925,17.6432438942444,-31.7125752628431,60.7383749901707,-17.3533548470061
55.871713230428,21.8618543716419,-39.8355631848609,63.8010478791098,-16.8460541316161
55.8245512625088,16.3170388416376,-35.8018056071671,49.3552301036715,-8.32312326029462
43.293339638839,14.2293304462652,-28.9107794856174,19.0915075537347,4.11431753585064
22.6452161987049,14.4576076452427,-23.9474071885874,20.5749623163036,2.510714364654
22.6359130330289,17.6510682503233,-26.1167870192786,38.7347655711316,-4.86037295410063
33.3279477514146,15.6679643123194,-29.4638766146775,37.4107890509194,-2.67865265048967
31.45194071533,10.2879092392227,-24.6193583900856,18.5330544593365,6.71032214951195
17.6233705994666,9.42367602780553,-18.8230234458828,-0.93172524986536,14.4810541929045
2.65981819804901,11.46004408019,-16.817273257714,-24.2694983463188,22.1323399992954
-10.1702524969639,8.12451691196745,-15.1078236016693,-7.51908074178485,16.2576496643894
-0.925466826683661,7.58936522462037,-16.925586905529,1.85745822454089,13.741281944167
5.83147056966195,3.60876869467715,-16.792080647113,-15.1277046121229,22.3888659304836
-5.33497649556526,0.60458805117526,-10.1046242824746,-22.3239199911479,23.2471924564143
-7.54081132960292,4.86348637130605,-11.3669689742089,-11.5857126889841,17.6843329286972
-0.179679272869381,7.41213424313067,-16.1949796577069,16.175501270098,7.18255235057274
16.5169690463084,7.43032420150073,-20.0885400945912,-5.75797884733734,17.90551115494
1.82506673592381,0.339673688389015,-13.5051771810915,-36.8126631426713,30.4146529714047
-17.1190638399224,0.840225861995836,-7.04497360867826,-36.1784458477477,29.3202627750326
-17.3025527095321,5.27629708624533,-11.8994004751217,-15.5977402183656,20.3276216235736
-3.20963424158892,3.95834881726456,-16.1734741531488,-16.3118984422757,21.3163149641098
-2.18300810657565,-2.48673260789335,-13.5580063922904,-24.2134477889125,24.9952456865473
-6.36266561653671,-1.97155329443259,-9.92410415705921,-30.9577865481917,27.841734809144
-11.3487274917521,1.35793839335299,-11.4094158800365,-30.3342819392161,27.0398591156804
-10.5356416562084,2.00831541926946,-12.9633488364321,-25.3516239350863,24.8966825173308
-6.50647098868296,-0.261047243768348,-14.3883463223727,-24.5879351046427,24.9378092708377
-5.12719508554324,-2.36911506946664,-12.9866718894723,-29.870282712707,27.4750388308659
-8.20332418541201,-2.2832958698006,-12.0458710233252,-33.389668046676,28.8028298063075
-10.2047568731326,-0.822685652212114,-12.4023918379425,-37.5175648258228,30.2413614571347
-12.2317450123479,-1.63628975520792,-13.0260372652714,-33.1124509621508,28.4361509902954
-8.80513421409983,-2.20092528935835,-13.7910919258984,-38.9813003208739,30.942628351765
-11.5148329637132,-4.68154140689736,-12.8365865493181,-40.3033758916916,31.6663047309841
-11.8600948755258,-4.11638301547521,-12.1122071393379,-39.9585680761979,31.3696537362719
-10.3622096257658,-3.51265784910706,-13.9922790991608,-40.648415877105,31.7944376185919
-10.2697936848917,-4.26821070860739,-13.7811633711628,-33.8263802668253,28.8532972613979
-5.16304084782391,-3.62811654144732,-15.5423227886744,-38.5121564767888,30.9106814369148
-7.38420516959727,-5.16733951369071,-15.2007888502479,-56.5504984313119,37.6345558939163
-16.9723339736006,-7.12675098151747,-12.3940291255603,-45.3341689864508,33.6815992074603
-11.0425949469049,-3.71735947778954,-15.7351255287475,-60.6372770021484,40.1762265959185
-19.663490338808,-9.04148706420718,-13.847198192141,-67.2266049643268,43.0127062450577
-23.6009278041509,-9.90856237599546,-11.0753899859716,-76.0992306551339,45.1837378295373
-26.4309880990199,-10.8943457803246,-12.4578960143772,-73.6763793583325,44.1081089364008
-23.7457646399344,-10.9232659355249,-12.5995336599382,-57.2540912598334,37.4208230926814
-12.713675896105,-9.83873974177339,-16.6683813784281,-71.5671271559372,43.2886518327775
-19.7275227223799,-14.0268348822879,-13.2855471491779,-69.4565576134992,41.5983100260799
-16.7705633128586,-10.706270246315,-14.4323349648008,-59.5835916475847,36.8844369389035
-7.66500228952579,-8.66268963275751,-19.0412934016787,-16.2410116010543,20.4136169890881
18.1305680695664,-3.69572879451044,-25.7662805713322,-23.1652978978825,22.1965838246027
16.9572109823226,-8.05762197386338,-24.9421804154726,-38.7901492197259,27.9055476762536
8.29058663569481,-5.8057293534238,-20.7585862558975,-5.01452308019027,13.8916715419887
27.1584088601379,4.37187740983933,-31.3922855198526,-12.8691403876509,18.1669953173714
21.4489014197307,-1.82464794060912,-29.5701523008422,-20.5542010056853,21.589627465516
16.9937153302879,-2.97759175902294,-25.278742363023,-23.8021482771592,22.3525952458511
14.9985854834226,-0.9113442480816,-27.108977959475,-14.899045578268,18.31106369513
20.5225130329953,1.07027676793357,-28.8938451111669,-6.91347062595657,15.3100516496125
25.1594325727378,0.297366116647338,-30.584574914061,-12.6475592869482,18.226034293382
21.464947942342,-1.51660173206045,-27.6580052521799,-17.0879635126334,20.3035816674309
17.8977073673001,-0.0421343046219458,-27.1713533968361,-15.7167200635725,19.5598511625858
18.2699956906169,1.45730329829497,-28.2821477977746,-15.1216403139737,19.0349081565381
19.0177678872035,0.33705979559791,-28.7361352550834,-8.99447727747269,16.5174526616227
23.003980373465,0.330759499844006,-28.9857610654871,-9.14702701670459,16.9743036234426
22.5022852915941,0.0406416681497772,-28.6776943304534,-15.4560066200487,19.9447034169839
17.8843815208988,0.0353207798981976,-26.9654307977687,-17.1999609500327,20.4228048163883
16.5203756865402,1.03660359532656,-27.5460185512677,-14.282913664358,19.2204669651378
18.189712771424,0.84073280393994,-28.2586261654822,-10.2026414404869,17.8401807278737
20.5351606996659,0.186344186776121,-28.3877005441832,-13.7536959094016,19.7686227447166
17.9911699988435,-0.672992367967514,-26.9502216540817,-18.6323710558599,22.088072569842
14.3426852324461,0.843590421598166,-25.99420569802,-28.4706127002644,27.8449637035682
5.65923542356548,-0.225237738842693,-24.0998182335944,-48.141796620946,34.7733844519465
-4.71201403987654,-3.26338168056419,-21.0014877033326,-37.1094527556889,28.419815736171
4.55543401399937,-1.27324591509646,-24.4124829922673,-12.0382662543483,17.8896110687453
21.0735429784805,-0.432661528357426,-29.2285276473297,-12.7960420083433,19.876263726541
19.8103334604504,-3.06807984547026,-26.2908928178358,-31.0261002886201,28.4981986506337
7.01199524958661,-2.59663312611667,-22.1212801839812,-44.046544668779,33.0107426806335
-1.13550709367979,-0.292444116597831,-22.4924779442959,-30.8748754448918,26.3760211031786
8.10841032641562,1.13502188282501,-26.9228776676455,-12.9257918499006,19.2348194291127
20.0737910306322,-1.22799950604991,-29.1804854488695,-18.5404905696554,22.4942374212522
16.906660657236,-4.12755250768738,-25.3345865585754,-28.2686009874495,26.9485681902478
9.94825933168375,-1.35590942036452,-23.6241947233067,-31.8655277967435,27.8050727915524
7.34113288255196,1.3003563655411,-25.6649748957842,-24.9233133976406,24.4065645554949
12.189126784641,-0.496998088323231,-27.7303511162755,-2.55062818597781,13.2660491645215
29.3574369838418,0.0606183827912956,-31.7372930135146,18.6840510986179,6.62468732268507
40.3235011521072,1.39917226011609,-33.5725884404988,-1.1097386740521,17.5400058614055
24.4366376462346,-0.221433515059843,-27.7386489063442,-39.4268280660364,33.7713352561233
-1.32600101141933,-0.509229665553114,-21.7429562782808,-37.9865563539693,31.4350519142325
0.0704182680829994,2.80884938271377,-25.7002489011748,-11.9049128715523,20.1844750504501
17.4903723144558,0.746778008846619,-31.1051680998639,-6.76457874045275,18.8819011528848
22.1042854997009,-4.88318646890254,-27.9265684074999,-21.4620057245425,25.9887877891705
12.3586614603484,-4.18528802968621,-23.1356053632073,-30.2382542800313,30.3598673637503
4.41963098721662,0.674856790954328,-23.5507174209666,-39.1960431920136,32.9745835077812
-0.647106707643043,-0.0587843759491768,-24.6768265034765,-28.769707187578,27.9581086660569
7.39425837557233,-1.79699542035366,-26.3108373569411,-18.9353728152352,24.0457546528744
14.6917513639787,-3.93748986578269,-27.0567225202238,-23.9021045721175,26.8740323774857
10.8953349833602,-4.2788020625771,-24.2924285639527,-42.9206305525234,34.8354198560472
-1.42473370086134,-3.80234901784233,-21.9424742940431,-48.9699579752162,37.1020664274789
-5.60982603816954,-2.45572998121463,-22.5255603561596,-37.3665257263106,31.8193710122137
2.51679507005706,-2.99490203051926,-25.898103545103,-35.5440265947631,31.13810377716
5.18746674354288,-6.78544136465156,-24.7262628965604,-36.6047061018862,31.7283852664704
5.36678414822647,-6.48716265952488,-23.4105161705941,-38.1515595596947,32.5174278931572
4.03511000512978,-4.18208495494468,-24.3052561099183,-38.5429028204487,32.5883152247032
3.75352207330343,-3.41917277707969,-25.2966372405651,-38.2343845129555,32.423647134491
4.3479545268934,-4.6046562444246,-25.7552710180306,-35.8994427047287,31.3567704930245
6.59977716733674,-5.24626998647158,-25.8893422780813,-35.3427311212567,31.3471553157466
7.17331329389268,-5.24668514011577,-26.0116524985589,-36.8130409167549,32.1493394978831
6.24112006320661,-4.78987180721652,-25.8627083508372,-39.2902196874052,33.2096983283702
4.74920795370869,-4.692650073259,-26.0622017173978,-39.3436352129891,33.1393530741712
5.08875188482347,-4.83462135315066,-26.4435658932781,-39.3871668247859,33.1031207088481
5.56895089545923,-5.46125930115793,-26.7023074812365,-38.1666105625419,32.7738559073861
6.61160593677866,-5.4943311666119,-26.765338661464,-39.3222338069778,33.4930814920819
5.93530420701666,-5.61319112252801,-26.8261560108074,-44.9874799347475,35.6875384999651
2.92937467935952,-6.15471630211302,-26.0778963111092,-42.9539111522029,34.766159284613
3.35783270486711,-5.32291739947645,-27.1037945236772,-62.1413883444918,41.9967390700199
-6.98547166258768,-9.28225165069792,-24.3379420454643,-61.8337177344696,42.5336266619003
-6.17327969486831,-8.23803864719007,-23.8710294857386,-33.1145316762243,31.7324211333743
10.5459231763349,-4.63587792488407,-30.1644177342018,-54.6864718801264,39.8007518224801
0.0792180685615196,-11.5246276521958,-25.4707054901582,-57.3176097181023,39.7587111634519
0.243077560674765,-7.94406297960795,-24.8013619501768,-35.7857933156124,30.9637828171707
12.6866481373756,-3.16327851152985,-32.2355552537915,-39.2294252859742,33.471143116756
10.2246021177313,-7.37179042639518,-29.9747399393951,-53.5687714538892,39.5071366048135
0.90600268528639,-9.06614991800162,-26.5240096931614,-78.6004324365888,48.345477377004
-12.7819261404649,-10.1534326352045,-24.0939733949923,-64.4253461190372,42.5115905737066
-4.41568350956469,-6.44144095153865,-28.1491384736051,-49.699505458953,36.9885294193165
5.16686030065796,-8.87160909867774,-31.220240842447,-70.3864709163021,45.5731004727335
-5.51452039169206,-14.8391423714438,-24.7396455319189,-68.6320171181087,43.8910201306205
-3.12102196762985,-9.69876047345286,-26.2743812923886,-55.5991294284523,38.2139812398324
4.92228295651805,-6.65470706635558,-31.6891468289852,-52.1051542701038,36.7013104115378
8.26823382421425,-9.01900236880274,-31.580613085582,-55.2816271135065,38.0331368254211
7.20233722611001,-10.0362731285125,-30.38380573212,-51.0653667653999,36.2569095931725
9.91368986258531,-7.33735988564371,-31.6947308192562,-52.7964003535667,36.4375713203513
9.49935986142844,-6.92663064673313,-32.8382881566252,-45.1384429291967,32.9346160160389
14.8582729348503,-5.74521175840467,-34.3034921291264,-41.4003644872508,31.2066554164023
17.7596609764471,-6.18525382968918,-35.5976155668078,-42.0692687022287,31.5367258896021
17.648764590238,-6.00935018034449,-34.6179436633656,-38.3025131908356,30.1968109132613
19.4281454399597,-4.09791271851701,-36.0378010146967,-42.4989930513324,31.5045089291203
17.2526045476332,-4.4550637961057,-35.7779018234535,-40.8888529855838,30.3725486174185
18.7548948107582,-3.83059661727178,-36.3380879562023,-29.8211312897816,25.8302702602601
25.508867694242,-2.4537544507558,-38.608306528871,-32.0276575250373,26.7873801147451
24.3682282433703,-3.69895406566188,-37.7139599415661,-33.0803756486496,27.2592799218118
23.4910721407773,-2.48250424391249,-37.0861022425819,-33.1947609958997,26.9741141556603
23.2501799554654,-1.32632244376125,-38.2415588594982,-31.1144561732353,25.8785971973387
24.6052093822436,-1.08222283489054,-38.565757373057,-25.0335431915152,23.5945563570533
28.002955866407,-0.780003025842934,-39.4892349797429,-29.2989687336894,25.2992531652248
25.4596436036885,-1.74288158918714,-38.1459265016656,-29.7151022929507,25.2284087572379
25.1245881138569,-0.368378878485931,-38.1296361991724,-26.5249035727233,23.68112676588
26.8557152482025,0.687450511495397,-39.4761182021425,-24.4508950710843,22.8642172865971
27.81196280208,0.38789743558151,-39.418442202221,-25.0579733077992,23.2563364163445
27.1661025180013,0.0791271589180456,-38.8461825521528,-29.0263244264167,24.7799952803501
24.5209250811854,0.190374620010174,-38.0163964386276,-28.2762969429328,24.2018159456425
24.8466749427458,1.18568511697481,-38.4669280821114,-23.4292222927355,22.166027413597
27.590493145011,1.63060552637396,-39.4601041170081,-23.3282361825989,22.0658685514276
27.4659877990101,0.914035529593868,-38.9293961204144,-28.1408368157783,23.8776841556976
24.5528910777122,0.657384310029398,-37.7204590384109,-27.7173328145732,23.7014767522616
24.0664163628989,1.90275484816353,-38.049058632211,-28.409980700092,23.8018737589984
23.5352000257756,1.67402629969572,-38.2156159968914,-28.7123264699522,24.0076875380995
23.1747653627197,1.16003386762662,-37.6204504557043,-27.1273505634981,23.1580811223909
23.5169718810125,1.40444805147888,-37.7844838159795,-40.2080619697334,27.763043703923
16.4135088883218,-0.509817022149794,-35.6066578309742,-35.4402066293845,26.0236183340825
18.5715934126221,1.62607881274784,-36.325805159691,-28.3189052568045,23.3460882182175
20.4384390093091,1.64323961009495,-38.1504156541495,-73.3043700234741,40.2304346218309
-4.3577392155987,-6.81182389562106,-29.3788388144143,-66.0801287445834,37.5048682212172
-1.12158643511231,-1.22458198426833,-30.7266543219519,-41.6747454933231,27.6106782833508
13.5851801937405,0.039715205089903,-37.8433626558598,-64.8740324723115,37.0269687147437
1.60335779263172,-8.56796840897888,-30.1898502738456,-59.4239253048943,33.3946409500986
6.81191203442624,-3.62169420042756,-31.2963739781304,-45.700789090907,26.988102094053
15.5441152001155,-0.100002478954665,-37.0049035080093,-37.144518633153,23.5472215649328
21.3095197226676,-0.716847179502611,-37.2980846210313,-40.6798272597267,25.2737649744621
19.0983851899012,-1.9196579189638,-36.1824516598038,-43.5433627817171,25.6995582535988
17.9605267315774,-0.0387127899142179,-35.7914972080153,-37.0361931756816,22.2431914829201
22.2078047275766,2.32763750579637,-38.7910910064567,-25.7119538959758,17.1296013595961
29.6352396311522,2.9751042661328,-40.6777845981228,-23.3925700878362,16.3522464490526
30.9629562539269,2.09798656458085,-40.3434300189792,-27.2200283262,17.938611955678
28.2421998209016,2.62950639993105,-38.8517963545679,-26.8579984644825,16.890974705137
28.5902678908036,4.95052199006979,-40.2095145413043,-14.9337298258708,11.8026041115914
35.3552949801157,6.68057625742862,-42.6711622067357,-9.40850632969993,9.59161903135864
38.5096742691591,5.80031492483479,-43.0172444423841,-13.9477992569737,11.8826681866321
34.8723784389529,5.37257687874815,-40.647709486964,-16.5547917657515,13.0508515684535
31.9781022322129,6.4883420623078,-40.4314366059139,-11.3596531753788,9.0032559137171
36.5702262388471,8.46867751890044,-42.6807114432297,12.7933032703727,-0.19406034489309
52.5289719274421,10.90021672047,-46.4055469164337,58.0733823801783,-14.8146082154658
74.7704203246716,13.8399537014279,-51.171357080853,36.4712841411091,-10.3207430193685
67.1209353889487,10.3029297744975,-47.5774356335673,54.6563303250969,-17.3239792693387
74.9171076711996,20.7381190831718,-50.1921835708217,96.3471658929358,-30.1992285979029
91.6453920350549,27.5227426838917,-59.0034596515498,28.4959039470293,1.01450723329092
45.3410337179102,11.5768561175115,-41.2260870716441,-6.66153498916543,13.579356582588
23.7577328796778,14.7513725890836,-33.8937530631752,25.5627479544713,-1.65181257320587
42.8405799545333,21.9427203226814,-46.2069105742079,57.2119360482973,-13.9321440180657
59.7396115337345,16.6657503774765,-47.8543156939794,-5.8482808176457,12.669769148763
22.0609028553169,2.07495425491479,-31.027817819043,-30.4788213943536,26.1170314037945
0.204078151575232,9.62153100949095,-23.9362120842208,-27.3448363064637,24.3942820211683
-0.081917168205494,13.8307482908274,-31.5182071470354,-45.2296178106836,30.7206542196826
-8.23690097656766,2.82030739720337,-25.6429414810086,-20.773304767727,18.3506742733652
11.8046493762591,3.38941675855524,-28.6524919196558,0.559686207979802,10.1712130781161
25.3922442562563,5.44758611311523,-31.6564585549284,-0.0640104552280754,12.9362285696463
21.9842492149143,6.96563703655631,-28.8430237746077,-37.7603336006042,28.393472196176
-2.1002992017063,5.57447429549878,-23.3942719797284,-37.9768198754403,27.1459762861745
-2.13378383309931,9.52781988790598,-25.5868382903605,-14.5150300138753,15.8798676338937
14.4618591324813,8.81651037342257,-32.4777135388584,-1.21078992687468,10.3462915406849
25.0532418989326,4.72987766090753,-31.0904744290386,2.90121799601008,9.85177726148948
26.6477241640797,6.41280249180291,-29.8647485888084,-12.8923070204848,16.6285059198583
15.5306719263482,8.74367514602332,-27.7300810289409,-17.8565778890281,17.879750451037
11.7735968814607,10.6738961067163,-29.1782242483688,1.62610260044658,7.70172209745758
26.0365345354398,11.7437052833492,-34.5187168540341,24.7433423153851,-0.697967926955468
39.8553360824899,10.3814802618611,-36.507589666063,16.7118846565411,5.16682131335553
32.1730143007572,8.17580592658278,-31.3268447922156,-17.565506990039,19.5302201801452
9.4470677083612,8.36792119695661,-25.2606795620763,-20.0248101252797,18.7023622540905
8.16083562584167,13.1924819504702,-28.4329046515584,6.85316649806645,6.98200224104772
25.1260507044137,13.1042120933686,-34.8661903523094,15.0029589817729,4.46863999496647
31.0806969187266,7.33436592774615,-32.3668947597623,0.729678420219297,11.667271718715
21.1825273364338,6.36217704767932,-26.7786742930006,-15.6635732618543,17.9739695080838
9.97285546113413,10.2530695929453,-25.6303055716867,-10.6765634350932,15.0286761106346
12.6748822547544,13.1874139076301,-29.3375128213704,5.27010829005146,8.75528002929113
22.3801469725136,10.8631264384238,-31.6487244678402,-0.0783966963176219,11.3274049962647
20.1040985504349,6.0323421010797,-27.8126724200442,-6.46631194320872,13.8994586012355
16.1345537666501,8.20449769394274,-25.7912752614952,-10.1359819393951,15.2662409714635
12.7635810031399,10.854407287764,-27.1142648556884,-9.96510312047984,14.9919500243429
12.8034358109287,10.4591132042214,-27.6217564615342,-7.53372727571174,14.1780681501516
14.3356864479966,8.40530687286101,-27.4329194067959,-8.86223497685275,14.5528846829182
14.2266248980778,7.21335791525006,-26.0725044141132,-9.27916911595786,14.4612414881531
14.3515153250659,8.50008039753751,-26.2462510107862,-10.0779929851853,15.0643656039489
13.0731341480001,9.13679231698267,-26.3419472886978,-11.0235686136687,15.5847462997025
12.1878974368535,8.85100332659892,-26.1236044224209,-13.5672963145485,16.6579285721621
10.6225751877879,7.83780821792062,-25.6470934923777,-23.7220913041112,20.0583889852091
5.50765493789111,6.15232833224886,-23.895955630396,-13.2924943974677,15.8539236549768
11.8413254918388,8.74904764655351,-26.0409928782774,-15.7222181186048,17.6276575579624
9.57404544549286,6.57453924518091,-25.5502628543544,-25.6608380243956,21.7251168917191
3.96591915036593,5.13382562743786,-22.3135482567776,-23.6731674520611,20.0862815588616
5.90195530831057,7.19385383089752,-24.1806619511154,-14.0644461973325,15.7883271214927
12.2975877829888,7.91185417295701,-26.2675596146542,-12.103189390288,14.9067950464947
14.3741692597336,6.56400099450146,-26.0115120516628,-6.70353826676663,13.1644339168043
17.2087521837411,7.89195846504275,-25.981795377395,-11.590593548495,14.6836263675141
14.5298233664185,8.10779404764213,-26.0128934485915,-11.209085724509,13.9178327409509
15.3087789969495,9.52851485362566,-26.1585666439357,9.01397048784176,6.12904149354916
26.5916318252874,12.2196409766193,-30.2896456065857,0.313596107663956,9.55403518076712
22.0272535328427,8.54854095428367,-27.7535780826185,-4.26623025283393,11.2295742745497
19.1489698459133,10.0013069275938,-25.7395724229349,13.6291489078268,3.66677293177911
29.2210989932202,14.6809124739312,-30.7919110632725,10.2666471671742,4.80783429635343
27.6807407786478,12.0121546766231,-29.6721330472449,19.2232408849691,1.76001383588473
32.1025421445975,13.7831487009821,-29.4851822528936,13.4964694946254,3.76272963650607
28.5077188107351,13.3116710582362,-29.336220280396,11.6952799779666,4.14986663845114
27.0812099310512,14.7167886467239,-28.0860671463077,28.2620649016779,-2.2735065961542
35.7256387034111,17.4535283204888,-31.8967414045334,16.574368996368,2.38682225047443
29.0014106289879,13.4321353313599,-28.424532794225,23.0429912556457,-0.265515681318214
32.2801401197886,16.32649513312,-28.4529133239108,25.5319097769043,-1.68026857186234
33.3062273080296,17.0304321889732,-30.2574046596515,23.7023018977983,-0.820777062263482
31.8197553587364,16.5438865606492,-28.2687458610116,37.3071848693046,-5.33392550368732
37.895540983445,18.9304171157146,-30.2816311711612,22.9348342193533,0.408224663911989
29.0741908504708,15.8142073467086,-26.9966490660053,19.9580204418419,1.28560719465431
26.7573793248829,17.5153024598928,-25.607975280521,38.7280260718019,-6.50082113166721
37.175108842445,20.7511237489478,-30.222525750871,33.8643971198189,-4.17914728398277
34.0909764532051,17.1372550371013,-27.6224093206026,37.0800615371994,-4.56184752398168
34.3397774592287,18.707559809717,-26.0877975687289,28.2355441577483,-1.15328587421911
28.1007424918546,18.6353673267485,-25.492708999958,25.9057337043527,-0.591072125701493
26.1955768075433,19.2976204468506,-24.6297935261787,34.725384446825,-4.15060511355493
30.747153020914,19.7202041569507,-26.6784200857191,32.9874019428834,-2.46422142539453
28.4337206066713,17.3176591384232,-24.2452884880067,23.7626022550309,1.939716728303
21.5974797567398,16.5368486186323,-21.3731276896356,16.067488530949,4.89852585287456
16.1753227272765,17.239650041354,-20.3305341206508,20.6756917929761,2.62934171631473
18.7937340800739,18.0081104964074,-21.7682582614274,27.4375026641904,0.193558063970836
22.5561725945533,16.6788077797951,-22.0982817105341,23.3957447817832,2.40587397681343
19.6799000470649,14.7761043203218,-19.6762486317082,16.0068312243352,5.76041586352448
14.2782947052385,15.2398227476519,-17.8253947426082,14.7638068417787,6.16533457765807
12.7949249007338,16.4900612476634,-18.3918756429604,16.4538338462957,5.43190969485606
13.5865372366639,15.6627671756282,-18.7754124833986,17.6753022203574,5.1668337757445
14.276108980114,14.1666302160844,-17.9794879000145,14.7303470352576,6.74536451628361
12.0863656638588,13.4291871252859,-16.6176258228157,10.7573110120534,8.54813157767943
9.13192229820313,13.7671553654701,-15.7811109517779,9.06779113547796,9.1554090557869
7.83131052396341,13.9095203119004,-15.8935268312378,10.0953531588481,8.70889347843895
8.40807347011803,13.2274361545996,-15.9780338884284,8.85251255414127,9.27069295342488
7.82424017205371,11.9854391188478,-15.2695789967848,6.93234834776696,10.2427034296973
6.52569251830784,11.6619832858227,-14.4369869354479,4.93172020507811,11.1495735046974
5.0004791870856,11.7199759507636,-14.2097759056182,1.13943691841588,12.5928130696096
2.79664822226661,11.0480156355149,-13.6490261222026,1.60025341231867,12.3893702584279
3.1352633938399,10.7739046727479,-13.7163921339322,1.73982190249196,12.3646535772062
3.4295909806679,10.0334549761964,-13.6453143221109,-0.932134067146552,13.5659872376159
1.94542884446342,9.26900637545993,-12.7888643772074,-2.15567131036664,14.0635931269353
1.1847062356156,9.37615757382592,-12.6643468410169,-4.7077266849918,14.9752368416748
-0.104548817995786,8.88560031532237,-12.5078428799668,-4.39682889259832,14.8422674179897
0.222752970245981,8.61077510721438,-12.5342825892964,-5.27658928834239,15.1976664353372
0.00203746229056234,7.86210205954021,-12.4287887982534,-7.73200046688262,16.2234836335475
-1.20255873971976,7.28191188717636,-11.7900598052333,-7.43939911693563,16.0658696903949
-1.04872505845045,7.4798755421703,-12.0877323914592,-12.4537260376955,17.8864365105266
-3.53725948792401,6.35786089743692,-11.4648835662945,-12.0235181011107,17.7694325466721
-3.09922651006132,6.43713902175059,-11.4857446621656,-10.3047372560991,17.1123079767749
-2.95579760881788,6.1302437500724,-12.118944058641,-34.370511257815,26.1350364286506
-15.9529679794788,1.70003956068011,-7.88112933854818,-30.6640021944546,25.061643838617
-18.4915194050627,4.16205739415729,-8.59424957527059,-91.2936847911369,47.1836534091575
-51.1617715888051,-7.50167226350737,-0.46831075430089,-96.7594553994499,51.4719207123706
-56.7235632643819,-5.78154870688693,2.89381412206504,-57.9949833556217,35.8699261216988
-32.3793424422692,-3.3141627389508,-7.85283537496113,-108.18811449373,55.4416014168968
-57.6001401863451,-19.0277316453931,4.62805093788937,-84.0459092846151,42.5953730104624
-37.5183847201143,-8.16240380238627,-0.211887682317611,-46.564630686771,27.0857424960774
-14.2050722201744,-3.2950029951764,-13.1099665606395,-44.2624526660986,26.5095283878769
-10.5835691124365,-7.62766703346992,-9.42169692093392,-63.4485970871259,34.4504816979982
-23.0294483541109,-8.36759567329423,-6.85772133655914,-81.2055957430488,39.3601164834706
-31.3908706617616,-5.71770556193092,-6.37464062488907,-63.8698558853698,31.9578544299272
-20.8807664472583,-2.54676378949962,-13.0862038462121,-41.9787110910603,22.9824397036531
-3.29425963519275,-5.09024995132331,-15.9434652590555,-20.0959206264945,15.1878018340544
10.539141250703,-4.25802999307796,-17.4613315599781,-16.345766805337,11.2708579985015
19.4467432838556,-0.833034992493259,-19.0233011536854,31.0928867344085,-7.50569221247278
46.0449905508666,11.5171868588673,-29.1851492581238,63.844301259583,-22.1939483809053
66.998440375332,14.6785784555405,-36.9748071146376,24.2222864881994,-4.84068793834834
39.0895166506081,6.01992442969555,-26.6927609516323,17.602857592578,-5.49172909653507
36.6637945383073,13.7759490006375,-27.4773771721495,37.0729949068385,-10.0180481764633
41.3540065397608,17.1044109152671,-33.895175139768,43.3081369639212,-9.4352384952547
41.4267136839571,8.57478468270399,-29.6526128294473,3.77989486391642,0.557050905035055
25.7105042725541,2.20805449837162,-23.5923568206543,93.5205020924214,-35.1280582607573
77.1074591341242,23.0641206310418,-39.3348542778797,109.598839119603,-33.8677036603532
76.0500331865408,16.6862888673441,-41.022094874174,-2.35461916827303,15.3051929600445
3.86350065202483,0.330400024746402,-9.96147992465846,-38.5842367381243,26.4574171170782
-18.3099173839328,11.6169473247624,-11.7596416310355,30.269810305478,-4.8842316396603
25.152588846402,19.8345947746967,-31.2108424221237,71.3013347684622,-19.8244024861467
52.1560000016333,6.1638696045589,-32.2747093557616,38.6823217163734,-2.44694484844354
30.608483757371,-3.60944711686024,-15.2099937505902,-11.8510740424937,17.3900680081123
-2.23511586498285,4.74908121008165,-9.34468141837591,8.04083525832016,9.14699130389667
5.38366389437994,18.3849336463972,-20.168349921028,8.20564598546898,12.0854174464514
1.93232010088674,6.30493118632691,-19.986823622147,-32.8192664345618,29.4287880507446
-20.0390018322946,-8.3868945286129,-4.66341256461521,-35.2532382988042,28.3559951922103
-18.5258406528847,1.12902895173581,-6.93191557237629,-78.4167911207679,50.9995917448958
-51.7510704960997,-4.95640381302179,0.181484241254072,-128.147895401784,69.8679924410226
-78.982010831464,-11.9167917315774,9.62747324112869,-110.919971796665,57.1643478793033
-59.7642736689905,-10.3046635416297,-2.17941813459154,-162.23435355284,72.9004709822331
-79.8298076859135,-27.6877294508038,5.50974983537094,-73.4474179967422,44.0995719925738
-32.7091659079027,-13.7967653435573,-3.85169408964142,-104.862615108538,59.9442269776364
-52.433150194674,-26.1180894061426,-1.33484872064891,-180.754917729969,88.6969653716659
-93.0321421699097,-30.6394826678198,17.6320303294421,-122.924867038841,59.4680624846305
-52.5665594763316,-10.9352888308714,-6.99556924858939,-59.8079726403355,33.4852344714917
-10.4472708050845,-14.5116993260034,-19.1574586713093,-64.6948400646167,37.46826290311
-10.0600301338449,-25.6172712717699,-10.8538645026961,-96.1457780090843,51.1376750985217
-29.4229408338799,-20.7318961503832,-4.12737826526067,-97.0252614498797,49.2886956260978
-29.933431779244,-8.78648150931491,-12.7153236947171,-72.4474398926306,37.2875252881173
-12.6258779100198,-8.23394006596981,-21.5274019664939,-39.1359296577638,23.4747933214297
11.0106477974506,-12.6508059512973,-25.2761824164314,-44.7750178640376,26.8083950645984
8.94546835750646,-16.5136856754833,-20.8021358607433,-58.3295592915135,32.0118704080365
0.559188072451304,-10.3039549815539,-18.8689165255964,-34.3362924878347,21.9094776385682
13.3025408012397,-0.616115824383261,-28.1669385927364,-32.7964852557838,20.2892269048452
15.8108535932783,-2.94969583359469,-28.7107172826621,-3.57366842729686,13.0605018133132
28.5215175513601,-1.30954243658933,-28.9033851634756,-69.764601433747,35.6749183106913
-5.19956241053168,-11.6964636264936,-19.3914489730413,-48.726291825832,20.9785544045273
13.7725102804626,2.19501084732277,-25.3609547644859,74.7514180428591,-29.0437736984002
86.8322139504615,17.6928162543709,-54.1765547197353,44.6592790669146,-12.3308206092907
66.4037173746995,-2.53009207544566,-38.346130393262,-7.74514579058067,10.2129859505686
31.8663529232571,1.59320047457783,-23.4171630415725,-14.4925128315638,9.95033312511642
25.362855568341,15.7991902187516,-33.4946078986363,24.9516372582508,-8.25413103779608
49.8576418521119,14.194564173733,-43.1660376042379,87.5756796935825,-38.1091963113246
95.8082115369482,11.4059809527281,-52.0575808844907,127.331612316915,-48.5594501121681
113.773219257307,13.2568151473866,-50.4738843671973,65.3160998079016,-15.6397808396724
63.4944623474318,12.1318819343805,-33.9142195133282,-23.281269516923,20.9011131227977
2.70458243377414,14.7167041792641,-21.4369346709745,-12.3159462599535,10.2170742919288
12.1807611404683,20.7558187727186,-33.0798300744418,66.3425055640455,-23.9899968550685
64.6045511534202,15.4974501060566,-46.1876439215172,85.5090141275655,-28.2849883953187
78.5269383039515,3.03367602791176,-37.7503325330738,58.1123292747476,-12.0175057235435
54.9589029698484,8.35837435248129,-25.4244517791215,15.453841994433,4.59300648735454
24.182686344458,18.8154244262127,-24.5735686518823,9.69564580173328,3.62407576150735
20.7178998897223,21.1698709042068,-29.7751475658314,71.0647007244268,-22.0959517640713
59.3116821003006,19.2774504206061,-39.9732575640102,71.3385805402987,-19.0659850569636
58.851345704709,6.53809277517974,-31.8861571034877,28.2992048128238,0.908268199096231
29.5723221311603,7.12787088286934,-18.1590359270586,0.190991289150025,12.2349671444617
7.89419814979021,16.2440510370818,-19.1154960400863,13.0085003836934,5.6092666453671
14.8763595522224,18.1073367080175,-25.3403175546412,31.0448684776404,-1.54614404496922
27.2300162786066,9.37739848007014,-26.3323680806592,25.8094069714205,1.94569574544691
24.864408923747,3.23709929495097,-19.005009440868,8.31833188202336,10.2455823845922
12.1882442000718,6.55275401307408,-15.1963663270433,-2.6916138093774,15.0058378022632
2.90904365476152,10.8794539865848,-15.7471331509736,-2.47796056837066,14.4411204807074
2.81492837158212,9.29720294148641,-17.7044061135788,4.77266774779472,11.4109544315861
8.50022867719274,5.20382050902429,-17.3027380856156,3.92727393580525,12.7085425186546
8.07349310084916,2.642935308026,-14.9103001016586,-7.20543119815319,17.9797342403111
-1.41433448401778,3.35670729546915,-12.0915357478017,-48.7327278797787,33.7728934675092
-25.8059327898539,-0.434130578142263,-6.80893386198522,-43.0295924207507,32.0334381059545
-23.7291428795033,2.17592116633862,-8.60164763225744,-22.0214702634619,23.9352464816155
-10.4121512141411,-0.214454682096458,-13.3827930971098,-47.1571016421928,34.7329114190404
-23.4511456528498,-9.42816894285635,-4.86239534626128,-49.0803892068727,34.356490403568
-22.4783423545606,-4.59191504621125,-5.04664461720722,-35.1346906816574,28.3146965083466
-13.9406269548908,-0.53316802922894,-11.3903228075296,-28.6224432440674,25.8837627410632
-8.99828070929844,-2.97736162210043,-11.8387655672918,-37.2807395822555,29.8707276049124
-15.4333799296647,-5.97624746009696,-9.35349057423094,-74.6822296539633,43.896721163053
-35.9864405668661,-9.70884157280248,-3.4842949018652,-71.5285080618546,43.0429001808678
-35.0240790608788,-5.5759997117628,-6.0321065932604,-47.5518561978931,33.2544413139636
-19.3686836803467,-5.52769748535586,-12.3189460969398,-72.0174975719245,43.3088143574534
-31.3590047906191,-15.2432783470787,-5.41309383287464,-67.7416807168193,40.3115913908689
-25.9026865624052,-10.3366799764749,-6.06403538862072,-56.0868219739816,35.1894333010146
-18.3532840208794,-7.05356262191412,-12.4035837347549,-50.1936547849728,32.7183286977028
-13.3214600062927,-8.28627169413581,-12.4793611813429,-55.7976250974765,34.94431214972
-15.3592989889891,-10.0604679625235,-12.1090392871039,-53.9032657647709,33.8866719617628
-13.2451285758139,-8.02976244390077,-12.5450648842786,-51.1604946607819,32.0193263664994
-10.2960815207793,-6.94354628416275,-15.4647995621167,-45.6822821472889,29.3534230146803
-5.63235558001136,-6.8185214569536,-16.4923538600357,-47.8079402570854,29.806905803206
-5.64604580778135,-7.91267765364269,-16.9709083321922,-44.351980936726,28.5101380387959
-3.15830510604626,-6.42398310188184,-17.3949525270345,-49.0905229894548,30.5181363992683
-5.91310703145128,-6.90275795347841,-17.8461147515415,-51.3581608279387,30.9973962683538
-6.30423659636703,-6.73115619441703,-17.4208393181165,-44.525656798418,27.4156106978711
-0.813225838392555,-5.68407645989916,-20.2159807202638,-37.8756651771885,24.4383195977366
4.31599923396603,-5.80446160041553,-21.143108291545,-36.6333718489385,23.8003363408412
5.77106208731194,-5.73431442618382,-21.3685443246969,-35.4245393164222,23.1265527736226
6.79850179053343,-4.25522325659273,-21.8303427731492,-34.3421393165429,22.2103330651508
7.88674094907551,-3.24457297976801,-23.1944792145781,-30.3499708873335,20.1737066444826
11.578618521001,-3.42876412160124,-24.0468617515374,-1.38862867211733,7.53077656236005
30.3497423000629,0.904200353993902,-29.7296211869836,8.8437839737874,3.54367894994206
38.3249853972589,0.592341127633845,-31.1779556581755,24.7521291185292,-0.759694097257826
44.6887066595513,4.96984431821662,-31.4356488282647,20.5535493778893,0.565510959375186
41.2932615237236,6.60709788578587,-32.362793789114,-0.409152802794796,8.02588188615404
28.7569963613322,5.54697801090891,-28.7455395295319,37.081673350678,-7.59801413300091
50.2584003104167,13.1221252480664,-36.8189902471049,36.2691467943849,-5.9855850432286
48.3205791121877,7.18743510005852,-35.6730207758602,17.9872086872954,2.4775784557739
35.9257542147289,5.44685059429471,-27.5343046309287,15.8810793259614,3.50682050155439
32.1350639026747,10.3807424937862,-29.6996575812939,14.6558968066832,3.32646795179363
31.0114029707397,10.2508530983615,-30.1524308892543,25.835007539206,-1.20939433273248
37.5281790550207,9.30465919279959,-31.3194195712725,27.1281456728119,-1.05804205315741
37.6406809457013,7.27159294038751,-29.4243675388682,15.510325696616,4.45555667204465
29.1698495271043,7.06080306460689,-25.9013012521368,13.683335535661,5.54710199704603
26.1245099650289,9.88829304824648,-26.0952120880093,10.0338680748352,6.6648012694031
23.5293747888885,8.81779020294707,-26.3645087822224,12.5883107404594,5.56238879943995
25.1143733823474,7.44057405634234,-25.5925557723627,13.790634494307,5.51534484544817
25.2835014402636,6.49713086876485,-24.9743948257981,7.63323237768967,8.78136727993594
20.4258044216631,6.07047068015079,-23.1629891168242,-22.1611194448847,20.9288086890663
1.69474847778404,2.68920645997407,-18.1950326991156,-12.8854340378037,18.0134472365725
5.38851704352892,6.13631284551552,-19.7452495846183,-11.4854406562662,18.0310170604263
5.87585811100218,2.37928055774866,-20.9089467469837,-28.8026673940088,24.6469807268612
-2.62805655363701,-2.47209732712581,-14.8001891709202,-19.8141404030366,20.4304735317653
3.51731192651935,1.50502463545163,-17.7160665005132,-7.58978500828946,15.7675157440336
10.5931641767786,2.7770775572581,-20.5700395401482,-12.2829460567092,18.3997985087579
7.5190564700291,0.183665867093383,-18.5233024202019,-22.622161349277,22.8431990709299
1.18030623678326,-0.38829675710172,-16.1756703057858,-19.6416843904261,21.2395048595318
3.06910920341845,1.87475161792138,-18.1675485750691,-13.1184138138584,18.5304053706767
7.34899745796159,1.49765202919027,-19.8807511387376,-12.0702168407653,18.513965583575
8.20668589600091,-0.196643422314427,-19.0060598830124,-15.5728112085941,20.4689285127415
5.73051877963907,-0.352686094917618,-17.8316831599546,-21.625172615133,23.1275506967865
1.70964252803707,-0.0769831690198204,-17.2623807337843,-18.1564611981357,21.2746737599973
4.24314905256892,1.00512734103159,-18.8105744076679,-11.5683705877401,18.7779574649923
8.45047936840064,0.39643595925441,-20.1355059041974,-12.9952501999399,20.1520444037684
7.25449219358933,-0.194351488631572,-18.7130541710961,-31.5333993412906,29.8390131161971
-6.6183648987753,-2.38226524259384,-14.4114027692191,-55.6912547344629,38.5225654428589
-19.9563433374402,-4.77510172217395,-11.3676753911907,-32.5472860568893,24.8212725131419
-0.394952717295604,-0.249549479298796,-19.1959537854476,27.2015633233964,1.47689409122587
35.9485540178522,3.15816327067473,-29.529998122731,12.4690203698948,11.6753409196811
23.9471207662141,-4.9424413163819,-21.2159511312449,-45.8251039652607,37.195914302364
-14.4620460027042,-5.74152496708547,-8.60354078407161,-57.4484047835923,39.541915836389
-21.8654236989947,2.63027976208861,-13.9468393641681,-22.7799865657385,23.2821740356483
1.78128970415229,2.73305103622357,-23.9753454564203,3.40002350875654,13.9048130752798
19.6801412239284,-5.40248589253064,-23.8681344449454,-18.4060867493416,24.9102832788213
6.25733784043803,-9.51127240350883,-14.5743145047932,-42.2241775515752,35.8363811966687
-11.3417520966546,-2.83588798343461,-11.7399901616653,-51.6409119460912,37.7165546584025
-19.505149275556,0.519895717711688,-16.090389226187,-78.4910158387016,45.0193917700916
-30.1844319455898,-9.00845005946184,-13.3855793761352,-45.9207942714488,34.3474579482238
-11.8175170882397,-8.29686496390323,-15.8726544276307,-43.6913533725445,35.687372628671
-11.0083968844841,-12.6743017426609,-14.9344386372481,-104.528445608136,59.7743520018839
-45.4855708569873,-19.0997388247189,-2.02693137922202,-80.4217534399566,46.7996263094658
-28.2718812185243,-6.02187819842052,-12.2363280479705,-41.419296735371,30.4046792970087
-6.0359189618843,-6.82246092217118,-23.4529781833756,-90.1279102686859,49.4731767003018
-30.4145011527742,-23.3088433522063,-9.4338292341952,-105.39951995893,58.167846872188
-42.4852208300636,-18.1483275769603,-5.30254224841974,-87.3028683525723,50.7563453107134
-32.3865158893098,-11.1448408706841,-14.4077542187095,-117.562603943258,61.2764597227231
-46.2429718363853,-21.677129564879,-9.67023689366162,-87.6073961436137,46.2774013746456
-20.4348013440154,-16.9905159381412,-14.67241842325,-26.8515981279194,22.9449375382351
16.1729388610966,-10.5336794160243,-27.6062407001885,-36.7648866109425,27.1687251478331
12.4733249557616,-14.9890948303294,-22.4491144651902,-73.3767629659574,41.5663017714585
-9.55705950239357,-12.8530148655913,-17.1088393504542,-40.9769276485278,27.0826083727505
9.1321070769446,-0.264679497181389,-28.3698441152908,-31.2089993646347,23.1810548256094
15.5370371599711,-5.19139155123507,-32.3859589476636,-43.9569535467176,30.3837790284061
7.46069100615807,-11.6063201173154,-23.8021512298686,-73.8171308612229,41.2036990838407
-9.08108142049875,-11.724010566106,-20.6317384415077,-58.962691332087,32.5194381289734
4.79426833287895,-3.67615909266581,-26.418800691596,21.9294624502297,0.772403710812081
52.2970310361937,4.90016867884886,-42.9702619533614,14.8555652905064,3.58030272879739
51.209416421811,-5.69801320753148,-37.2476423423317,-23.4843280626692,19.13993280555
27.6306240933934,-4.24151342328409,-27.4152462464241,2.42338043566063,7.50296551251307
40.4217618057401,11.3606800455608,-38.6973040901521,7.69151520918872,6.47104086647813
40.9558611743511,6.23238754084312,-41.6339797963902,3.51967604993009,7.53173704607017
40.4972125256084,0.433638365734686,-36.132387134151,7.87483182093697,6.59382502687554
41.5704587363092,2.61487262714721,-36.5802649832793,6.60848243969405,8.10721315422626
38.4337919396173,5.09532437380167,-35.7548090839002,-11.1289968422969,15.4554071945094
26.2206994022029,3.57085954454102,-33.3901444980063,-6.50948502268874,13.1129283517407
28.7827748548357,1.9272391657086,-33.9889039755678,27.1800953578632,-5.82575162876752
55.8955341433271,5.50794719060381,-42.801592572701,92.6215174675478,-28.4638254426663
90.5867477163027,11.839255240186,-50.5371040762994,53.1563428197418,-5.18066565645689
57.3565845475221,3.3024738098999,-37.3290904400996,-41.1012495101558,35.1497870899256
-5.42183820804194,0.293075272896158,-18.126141431901,-45.8990404164453,32.2006393309088
-7.00645032353505,10.2019791277877,-27.3920740177876,19.9591325662381,2.58859887813373
36.9634525131127,10.8015124313976,-41.1964605544761,74.1538029147014,-12.7162855016933
66.0155085670592,1.92472058701444,-39.6963105787981,-30.4509461707586,30.5253564298107
4.46946922108459,-12.9860624615785,-14.1217058408394,-51.0908831513934,34.5939661982522
-7.68843430757791,8.26436937147333,-16.4298479361599,31.0369645339199,-1.57575770594245
41.1488278964243,21.5903436678336,-44.5182487458449,50.2555848250796,-6.03685092100837
52.8936754305899,2.42152308353593,-38.5505804515488,5.24079623853328,16.2937925593918
23.5854335278378,-7.12501795927929,-20.4629551630381,-40.9330638082142,34.9984228655242
-7.4994718634083,2.21567771721143,-15.3492478769817,-27.9241952534411,27.0515696582078
-0.269405059730691,11.8359178979414,-26.351949959972,5.79899638226071,12.4570943609774
22.4065967449096,5.40803984593694,-32.7424365869244,12.3220878260364,11.8932178171408
27.6181244978731,-4.31057180511045,-27.1202554963838,-40.4692346145009,35.3754083078247
-6.01132930762855,-8.47484092474176,-14.3009447379308,-52.6003129860912,41.0510258117802
-17.2851510943934,2.15803705093547,-15.4379410390886,-46.2930479986342,37.4839098144425
-13.5266461227351,1.71338075238884,-21.7170376777062,-4.3299850640687,20.1868005094197
14.8741552664003,-0.969534120534883,-25.6885249493504,-12.5191377708032,22.0828459945105
14.8866307504999,-8.39508370112619,-22.6227433863404,-11.7747046018122,21.9075841419768
15.3378392263578,-1.23523204571007,-20.3034097279702,-1.72845082611022,19.156479041518
17.3531665328327,5.75675828702364,-27.3361617350189,-22.1961340772078,28.9001046498942
1.35940681961648,0.352837766616018,-22.2364851957123,-59.0562844822795,42.7769314082973
-19.1712546370609,-6.41189682943893,-16.2142567754711,-52.7882150843202,39.9110127959037
-14.8570768963407,-4.10184594002823,-17.7661324699756,-27.0456576617456,29.6594468836923
1.54388721487808,-3.60842078562378,-23.5953956270037,-42.928669083299,36.9770522276409
-6.88136640677289,-10.3014388872634,-17.5462955213259,-50.8181504693532,39.6488069520869
-10.6808434593911,-7.43923473106448,-16.198852201134,-45.0920223155677,36.7525522982976
-7.09139231814126,-3.90913565034914,-20.6855985766584,-37.2704260259313,33.4903023860761
-1.49134742515908,-5.17441596747347,-22.3374763552646,-39.6307385066148,34.9106252230386
-2.1626356220576,-8.06387274154633,-20.8867776349196,-43.0528875733716,36.7647308453538
-4.12770500807202,-7.52918845560589,-19.7172252444241,-49.9770072079627,39.0569999210837
-7.54949885370945,-6.67136000858561,-20.2068852297076,-42.3161653438712,35.4999839931797
-2.13163092510666,-5.12993236551167,-22.5387995095279,-36.8536865811108,33.025795294339
2.36783887061896,-6.55754004072607,-24.1923843245004,-38.4880243947619,33.9555359538817
2.26316255151299,-7.5755344560915,-22.6963705071216,-38.2230759072104,34.52021903182
1.75687866267989,-6.06420872310307,-23.2066046225061,-45.9964468271767,37.3716606443437
-2.21608433287076,-6.2436278381657,-22.8112889366719,-41.3845373261,35.1633510462335
1.18596565512748,-5.25114031455463,-28.0867142457706,-195.911025694972,95.1994573010027
-87.5137779765065,-32.2821919571815,-2.21034705245519,-116.006692370442,69.20412740408
-48.9295761693556,-8.09527084741516,-13.0365906372793,-118.589906466547,74.6937051552173
-53.3078122318647,-25.7412686144642,-19.8727078850257,-226.144486172815,113.752215042131
-104.660156542214,-48.0864106086033,12.8328799378257,-150.692211002795,74.1531218311996
-48.0987876161384,-20.4893115418841,-15.0872636527767,-37.3383601905868,27.9608138722398
23.1471068964949,-12.397667365182,-39.4609509792803,-54.5585887612059,40.0935340127126
12.3444090567373,-28.8913846926889,-26.7943321978168,-129.165379540186,72.6148449605293
-35.3366933241194,-27.5210563537365,-9.76949536021473,-140.501386537418,73.1861545291767
-41.9157025444204,-11.3422402109026,-21.1615340132879,-88.2582890932749,47.9704874137153
-5.39157977766233,-9.01625004644793,-35.5441672522973,42.5753525344443,-3.39229443795973
76.4837920665743,-5.47213579542391,-53.3553383911164,-18.4726347525977,20.7796066202431
45.8660721154776,-24.3099165153136,-36.1926441876354,-47.0491751808125,30.884800454844
27.2213093394276,-4.10677725168473,-29.5816081466316,13.0094815395123,6.47493773975161
55.9478504887131,17.672408368991,-56.4519678789409,0.42033333125741,13.7070702437567
46.5095921595858,0.269565420213562,-49.5372082338079,-25.2483373837746,24.8163773570359
32.1902556292621,-8.49910220417167,-38.4828456222683,-30.1724307428813,25.5490955993251
29.5685726962829,-2.06257182245236,-39.2680893094972,-11.0249639734627,16.7815435323802
40.5477019074958,4.57724718646561,-45.8769846527095,2.72203727175095,12.0606962966338
47.6445229855951,2.55008300381692,-47.246141543813,-12.0692838173194,19.0021438357456
38.0472300911505,-2.23689233563235,-41.5829764623949,-22.7402557508422,23.3992521695039
30.516783254645,0.20680479560781,-39.3027925716011,-19.6425735317655,21.2843464344938
31.8898553369296,3.4333397381543,-42.3595001970363,-10.5432331871558,17.2642193543599
37.5043732384934,2.76393430503692,-43.767960895885,-4.67764144673817,15.6581098175559
40.4315307753252,1.02192757508241,-42.92743794902,-16.4778437105162,20.8573838096498
32.6909586821814,-0.0594316663198935,-39.438118897743,-22.324885203138,23.0288607474784
28.2177190942876,2.56385854408553,-38.9687590440437,-13.7094003335966,19.0557257888319
32.9696713778765,4.54876979500337,-41.97230055467,-10.1658199908771,17.5110411759308
35.446513237725,2.42330051944074,-41.7868549297984,-8.95860715591512,17.6505798453468
35.5462660842716,1.83654508665758,-40.1652478992511,-16.2425288064095,20.7352770922673
30.4795459391157,2.31663606783975,-38.7963431964167,-18.0630117098337,21.1940010558453
28.7664023284828,4.18815815231899,-40.779244695132,-93.7146884915677,50.7302421082964
-15.8034299549746,-8.72974965930987,-28.4011132740654,-54.7406008214168,38.1057257500822
2.59470439648535,1.99899476551905,-33.0087304117336,-59.7455400433497,42.2748392035355
-1.95169610900313,-7.76006130389426,-34.9211620491263,-110.935627290987,60.7469530100855
-26.6391899740777,-17.6795472701681,-18.741192001771,-73.2311373521673,41.0648527027162
1.07692038122128,-3.79186758197716,-32.6774808544902,-17.5980562345728,18.6393401629016
35.3543499875651,0.0459407717625253,-43.9159383266987,-27.6044347813909,25.0840488971945
28.957501475551,-8.18846366799196,-37.323674573558,-65.517374967771,41.4172334711162
4.54527424719725,-7.41168381177471,-28.3938040840457,-63.9668474464006,38.7824851737669
5.18819494578385,1.84039766867715,-35.1870248291175,-40.363668020776,27.2651685537233
21.69836631403,1.97488801325245,-42.3500972034747,-15.6451318233416,17.6479119950561
38.3180705342679,-2.12428477740825,-43.5130303877363,-26.2298180643033,23.0264273640693
31.9648534699454,-4.69252361050381,-38.3610585587611,-42.7627411998113,29.761755700714
20.5358693027594,0.366249699383857,-36.1679904530614,-37.1412554968595,26.4639352559183
22.9678264377398,5.64759384069907,-41.3599329084396,-25.2987249497154,20.9704180610453
30.9537230960869,3.34277566145147,-44.0051827620431,-19.2468817100121,18.6743462828295
35.6373616799065,0.0111392325913346,-42.4913846310149,-21.8189271322053,20.2355786795872
33.5972672791879,0.905511320366512,-40.5721034284662,-28.2667544011083,22.7904836250708
28.6076025155366,3.84367264593853,-40.3453073658479,-25.5158789240175,21.1735296930152
29.6924025582145,5.83920164442729,-42.286289446152,-19.2519580982048,18.1933342730949
33.8401507980296,4.73332436513423,-43.5107399646835,-16.0476271787667,16.9697368931422
36.0142553083349,3.45817317038302,-42.6124194155943,-17.7965678541213,17.9280527071141
34.3826591858083,4.13773406750223,-41.5857814572113,-20.888204464912,19.2279534271018
31.5703452862985,5.70130445162279,-41.3068931053791,-20.092054466472,18.6356689834041
31.5554637143702,6.52426391792246,-42.054693991288,-16.9942341767909,17.1202708172964
33.4490449754607,6.02944347467399,-42.4112438523508,-14.511027158408,16.1015695327515
34.8958012034489,5.60025971557638,-41.9588825356057,-10.2982461329466,14.5317230044143
36.9107379138899,6.78223403208319,-42.1386143396403,-13.4771386836135,15.708706952983
34.5251769760564,7.02912752999983,-41.603509470308,-13.5597986882026,15.5516674997244
33.9743519512645,7.99379411306063,-41.4623296705603,-7.98297229142648,13.3081336521631
36.6703001127639,8.77552463735989,-42.6287945653237,-9.41173134331185,13.9991953553108
35.4220298100453,7.68081613918841,-41.5470472356954,-11.0157795480841,14.6527319808743
33.9931723783582,8.02974409726488,-40.6371381842717,-10.2646735873888,14.2615438940739
33.8172861848883,9.01224115181959,-40.9412202285631,-9.42188815944318,13.9023101874325
33.7860480193862,9.12623863076016,-40.9470857011891,-11.8525835721906,14.9292892433567
31.8747387209209,8.42107153809442,-40.0167031400885,-11.4909710742218,14.9202844653561
31.4599515853113,8.75579984532432,-39.5091598861752,-9.41294277938031,14.0922591599949
32.2102594166508,9.24254868635306,-39.7751363376038,-10.9611525830229,14.5405871999488
31.1484855885411,8.89027305575507,-39.1282553181761,-9.26746928597184,13.7310041302844
31.8594719494447,9.46358261395999,-39.1251572206313,-5.78825532225425,12.3811213225832
33.4082258110387,10.0277536418123,-39.5778428732102,-7.42354801544878,13.227868565831
31.8204082187217,7.76344419785213,-38.7056631362912,5.57724773472598,4.73460292042037
43.3885911485313,10.9054843424395,-41.8188779109193,58.8466207020874,-14.6915825737484
71.9380719157537,18.3952704879092,-50.5976394764011,34.4106076451266,-1.14615009559178
52.5642467346789,10.7360833375188,-42.5288169321965,-22.4704679166282,22.7910852020735
15.3508128489514,8.69912806718477,-29.7466573284295,-16.9513290354883,18.1871234619926
18.0677335839078,17.1257410380803,-37.0179850016652,14.6095164916036,4.38652805296653
38.2444134724921,14.9471832283688,-43.790545650616,29.0280662156694,0.0453074437224609
47.5463414605631,8.04257561746135,-40.4179973701772,4.17374504016056,11.9034166609712
30.7440309839729,5.98391273525187,-32.0125396138456,-9.03945300760529,17.3733365583768
20.0336518438978,13.2619740401398,-31.5411675239484,-6.90818890781995,15.3759318049549
20.5366623859882,15.156824205705,-36.0871391201874,6.43011852998188,9.68416312728109
27.9224210198346,11.3503255065839,-36.7602576873717,-9.49955761067581,16.4147350021718
19.3507467798783,4.37384829778676,-31.2801818016836,-24.9755605463122,24.2469787398329
7.78917695461471,5.63165009722572,-26.2550001334821,-22.4794671007468,23.4469570626138
7.58761779158488,9.64184342917659,-29.2055382029285,-29.6753351722594,25.8578551654941
3.99088366272137,5.99878676294387,-28.2344764404515,-21.4012588773224,21.2735422320172
11.5494981565509,5.30368667863543,-28.8438349117194,-6.76744203634681,15.9096084048203
20.2964759811049,6.19249117780682,-30.9190711520734,-13.626931599342,19.2971202746454
15.8417428517866,5.22204837998135,-28.4592334081345,-26.3188578765075,24.5799563870905
7.36347057163704,6.23810667863411,-26.5026992948485,-18.9872584713726,21.3465705489649
11.2627263997394,8.90801525154277,-29.4031667293602,-19.3524359949543,21.07500099746
12.033332134271,5.99688117549989,-29.6335031953178,-13.4891407088346,18.7870337440398
16.2122293170058,5.60653287340152,-28.9048662326077,-14.8942070594359,19.5059019856573
15.2689688992499,5.75383463419984,-28.9678364429023,-19.8000458731211,21.6078812436444
11.9848252504473,6.57099115866245,-27.7268907256118,-15.8922138105039,20.2120379739943
13.5875173928976,7.89674820226182,-29.4223658901692,-19.1350944275552,21.287657646612
12.1910866487686,6.05434040643493,-28.6925563709507,-18.503297940178,20.9887342631521
12.8737044055755,5.78780706857572,-28.2547649474694,-13.5071435676329,19.0094145205198
15.8507603658238,6.71086910710804,-29.2627890307314,-16.9367781351733,20.5545685499957
13.7498924037943,6.06937116714813,-28.4825737406501,-16.9239853325376,20.8765104958414
13.1949208445029,6.68327049922378,-28.2083384263581,-20.0049010761704,21.9237753620301
11.5426879828557,6.1727207960022,-28.2415232829379,-19.1853346440616,21.3561228338332
12.4026850180756,6.26506680746694,-28.1962546841292,-15.9560663448755,20.1805895191029
14.2728193429481,6.2359392261513,-28.8955971615193,-20.8684123528417,22.2520400522394
11.5246838093976,5.12172260654633,-27.5154021981789,-22.1345630479751,22.7888604986582
10.6334262741432,5.7199270730339,-27.3691049538325,-22.2220538036573,22.5451243195413
10.843238369495,5.7963877374064,-27.9446824027955,-21.5107781509551,22.0802368336517
11.7598056638521,5.40659903276391,-27.9814420409401,-18.9532126473842,21.3198913246045
13.1515499273332,5.34281983315452,-28.1507616834621,-23.7042261998528,23.2489647303991
10.4950185442457,4.60487126939721,-27.1591745079719,-26.1809790693545,24.1616500536736
9.0308794652497,5.02176115748637,-26.8359894853811,-23.3423313556264,22.6777824259542
11.0997459595378,5.53176631155593,-28.0254290753835,-22.3549812505564,22.1346989853246
12.2267521257219,4.75021889879927,-28.0444126768338,-20.1470469022728,21.4644750525405
13.5381423911513,4.79928503347236,-27.962349628504,-24.4911770986775,23.2213032290999
11.0080946320859,4.39165037901801,-27.2908729138503,-26.2051958709711,23.6912080828551
10.1290388893416,5.03938128797929,-27.1859737383013,-22.0486143576575,21.957602493862
12.6162903126318,5.54971974541333,-28.4871717010675,-24.0107874506784,22.6804961843418
11.892509562428,4.17790657828555,-27.7998144171956,-24.1938022315415,22.7272413113636
12.0033646049747,4.3329284588121,-27.4535238493275,-24.3072670037033,22.6456876777442
12.047355695569,4.7406007494346,-27.8678785243024,-24.9158956078434,22.8253160257932
11.7987051763076,4.68602744597266,-27.8041850919897,-23.6266698287973,22.3220286171194
12.6146885360568,4.70000259956117,-28.0990610470689,-25.4967076302332,23.0341085052544
11.7037001798579,4.10030276721605,-27.6969700363925,-26.2762452615219,23.3277054222386
11.3260041748609,4.204152784691,-27.5079168810389,-25.3782000206318,22.9574901016525
11.8794933978404,4.44427374410111,-27.9051886501791,-25.5023957697771,23.0775345922443
11.8371428401926,4.14950902464067,-27.8103413039795,-26.46997928162,23.5441175944023
11.2864444420265,3.89753939967772,-27.5329539773711,-27.2705529574789,23.8811235858375
10.8492365660086,3.90661963637148,-27.4438878043904,-27.276339650259,23.8585190506595
10.93907438623,3.94232988361545,-27.5819357072927,-27.1550416725397,23.8168241963417
11.1276720745906,3.77636523022669,-27.6284167709854,-27.2062712747524,23.8906890839501
11.1779843101747,3.6237865338276,-27.5591296478353,-27.7965437776611,24.1896615483083
10.8639446241392,3.53709062120211,-27.4503919728116,-28.5570768449015,24.4836363587724
10.5091072556905,3.50893918586483,-27.4042060338311,-28.3396552159716,24.3560231191232
10.7844267935071,3.53460872317948,-27.5648443253168,-27.1294571673962,23.9477117210101
11.5477083219281,3.53172458928375,-27.7892082965532,-27.1919575156704,24.0989347635081
11.5205919081441,3.32927200163952,-27.6838038881988,-27.7977852637053,24.4730741037491
11.0959208473522,3.3481058457136,-27.5199962053656,-27.8032842759169,24.5564339175249
11.0314180622526,3.51264831643381,-27.6551018304402,-27.6207837640757,24.5360668832259
11.1778460356935,3.47004033391133,-27.7532204169209,-26.4190072309404,24.179160854847
11.8796469938189,3.47631232316967,-27.9180670484346,-27.0196537168898,24.4809388935703
11.6168335743793,3.23427042043187,-27.7936631301935,-26.8757044186594,24.4784736695353
11.720220310029,3.46029348643391,-27.7876957855521,-24.8295958647283,23.8052313891547
12.7970840748393,3.82208411269588,-28.2929328876484,-26.3876419825633,24.491001787609
11.9712085600762,3.34408699096072,-27.9515168813003,-24.4501358314238,23.8092993864297
13.0778524686261,3.83880447393675,-28.2245350218581,-24.2787130793779,23.7124079433916
13.2847688422294,3.73382876883018,-28.523759589017,-24.2939981890597,23.7780039847693
13.3310235742986,3.78496838697866,-28.2428469925117,-18.5891533839265,21.8046593933361
16.3309912004676,4.76139478347189,-29.318418342746,-23.2534460421861,23.6470020433044
13.7706895490868,3.61727590066392,-28.4709702156951,-23.3556394971098,23.6268991434805
13.732897211782,4.3419213383915,-28.1960441469158,-13.9359575464102,19.9007409453458
19.1277792488621,5.92052664902995,-30.5057108752039,-17.3118289881572,21.3593427379902
17.3148537949377,4.26969570653229,-29.410271011809,-14.9244451291609,20.6947891817585
18.3287504982311,5.39340040230318,-29.2422698469561,-16.5207458058727,21.2821640865328
17.2061270770473,5.54808314099841,-29.7456937446021,-16.6407227746993,21.2623756454254
17.1098806527637,5.78598225205653,-29.3391826651784,-8.90104575287285,18.4454961308
21.2389878104177,6.71610133190496,-30.9186594653585,-16.1469827546753,21.3413623932549
17.2167433908173,4.71964614998,-29.0971503784013,-12.2835946923978,19.6919929289236
19.4392343522195,6.5689712517109,-29.5315911082347,-8.10683099856133,17.8220300413961
21.8818449620187,7.14328012445137,-31.2266747472994,-10.1978589348179,18.7980569966639
20.6333329791066,6.23292947786891,-29.9633442076243,-6.08612681769034,17.6615547220292
22.1996214952472,7.29252902401972,-30.4941360360351,-13.0092232508881,20.4557159646743
17.9381683859416,6.23166541421976,-29.3402298443428,-14.2234479349896,20.8119508605077
17.0914782452265,6.8190928449944,-28.9220925855941,-4.6419696590024,16.8411308830525
22.7381097431554,8.07542486748277,-31.2142178563568,-7.48739831379387,18.0939455615173
21.1960138207012,6.1089806049744,-30.0500297817143,-10.1313908087843,19.3776867617359
19.25970259664,6.42428156630313,-28.8283624218675,-10.8474561621009,19.899658178969
18.0337763938472,7.31957669662978,-29.3365789386647,-12.9022675935047,20.8704195090713
16.4050020589074,6.79379836240478,-28.8833835104156,-13.7503381289786,21.2113508076689
15.9076043167016,6.10816719804015,-28.6062861070464,-13.6865762069408,21.1743145925053
16.0688508435618,5.76422239631468,-28.366160858251,-13.0445491457848,21.038834443595
16.3235961350347,5.8282249641029,-28.3447281547993,-14.3251010668721,21.7371521888608
15.2935491660635,5.67610406997231,-27.9873407452067,-16.5019403848436,22.7275763004156
13.7332246148754,5.4762949569766,-27.5939932224228,-17.9525120804068,23.2981508961638
12.8364592999687,5.26051189508014,-27.4432422216649,-17.5265540987892,23.1884738399109
13.0421773008423,5.05533522460496,-27.5108728511442,-18.0088159917206,23.4837613236623
12.7818328228909,4.56140230199717,-27.2858356271711,-19.8832211706086,24.3291712363201
11.6665675332981,4.23024307860901,-26.8113733769614,-19.9784703967194,24.4275348182045
11.5143259698523,4.43034193300233,-26.8965796950692,-20.8453745323906,24.8149383672312
11.0246139671782,4.12127854022669,-26.8824829335258,-21.4824418260571,25.1193343717514
10.6936892249418,3.80611486121885,-26.6848978834894,-22.2999411502723,25.4647587765801
10.3202550948096,3.54223707025167,-26.6250674802729,-23.3951581909961,25.9604974312011
9.74102439140078,3.32723802335964,-26.4385242788513,-23.120700423151,25.9235514331188
9.88507600677101,3.32796230333488,-26.5901460813482,-24.9286366336096,26.6466097741333
8.9979345391374,2.82234793159601,-26.3618468152991,-25.2824934967989,26.8189649759616
8.92373380083119,2.77473388543119,-26.3124458840864,-24.5560093732912,26.5646887937345
9.36128340250606,2.75233234119258,-26.6347247687109,-27.2662142170213,27.6085355961741
8.04907936537674,2.07559750479516,-26.1778890090122,-27.2016558696211,27.6228059329764
8.07593517117702,2.26132243344489,-26.2677206708284,-28.126579112519,27.9582890645392
7.75351579306496,1.93018263746539,-26.4211485896497,-29.4146652551965,28.532216673386
7.17411795191189,1.54541725694936,-26.1279231993591,-27.9789463560908,27.9302852767939
7.81732084825504,1.73171392284528,-26.6110131506486,-37.7743321731884,31.5830118489026
2.63250373929468,-0.121009186553997,-25.1276029117086,-35.8990062314043,31.0152270920281
3.62144493529814,0.912019842347986,-25.4362478698725,-31.5441507528265,29.359573603548
5.44229055129492,0.772652667434782,-26.9422977194513,-54.2051502057313,37.7865039639221
-6.48037165917531,-3.86572138583164,-22.5784370681561,-48.4990684515177,35.5780944374831
-3.1993805937064,-0.867838520756137,-23.8375620478162,-36.2758070394631,30.7201620435801
4.39489683009117,-0.394424392677454,-27.5961303356289,-49.303225072266,36.1184148262209
-2.30598577871359,-4.8407341575987,-23.6285958711232,-47.6873942458035,34.8381363281212
-0.208758945466757,-2.48631665853996,-24.3074745606837,-39.1936100389219,30.8524201664466
5.58928938986076,-0.58867222426766,-27.7894603838317,-33.3868305597804,28.5234043270195
9.66509808089897,-1.15530047934659,-28.3887373798274,-37.6672262395516,30.5079016208005
7.31305108395418,-2.49187383956451,-27.3104523100937,-39.9477170646858,31.0474204770577
6.45390353294562,-1.2210459051457,-27.2500953913322,-34.4768384104818,28.5803056591722
9.0766654786974,0.273735071790441,-29.5720641288433,-44.7280790103028,32.0776141041311
4.15374661056291,-2.57490070747594,-27.9356993100763,-42.9356993768061,31.8801092624077
4.75856588907945,-1.84454003217177,-27.7290260110899,-37.9043288974595,30.03864916543
7.72460381700099,-1.84666794913578,-29.3388554036,-46.6419193162576,32.3724732403432
4.60450071112467,-3.7422823740477,-27.8483204677587,-28.9982602435222,24.8953353488042
15.6780792913176,0.0922584912889852,-31.442674096933,-23.1027432154636,23.1283137576511
18.7103658675843,-0.597841397075987,-32.9204427096977,-36.1964416391666,29.0895580512025
10.3521050049928,-2.53307872120657,-28.8339995263138,-42.3259093974672,31.2826252273514
6.41893679344629,-0.670077028790256,-29.1102383962857,-37.8015178406875,28.711634663288
9.73152364740425,0.357023082109722,-31.3383914451078,-29.0650331265723,24.8425173306092
15.9624583876056,-0.589048024446782,-32.7758824309205,-27.7050259823911,24.5170654113344
17.2442532818626,-1.73279799670327,-31.8910585413317,-36.4423557692055,28.2572376946466
11.7135300551237,-1.62675007153643,-30.1091241250564,-37.2612762284222,28.4777232355287
10.730053614786,0.640385026994175,-30.9861742836741,-37.2216630150011,28.082087532878
11.0273476994181,0.0961229732613198,-32.0859628254744,-33.3855507919434,26.2742617645628
14.1489898351225,-0.806345751830472,-32.1074745857816,-30.4791316130335,25.0037528637673
16.4018527840847,-0.877016737234474,-32.6038540357551,-40.7399600302931,29.1334231424865
10.3480884520506,-1.81407680851902,-30.4925449316453,-38.1465205460654,28.1451548875061
11.3064160084299,0.549790708909769,-31.494905756639,-37.6869485447344,27.8072703363176
11.7020778450399,-0.164432152972676,-32.7051527225348,-49.8026938772673,32.1162142674249
5.69392926426078,-3.16384460272307,-29.8954659077497,-38.4518838829296,27.3750986127358
12.684740887939,-0.236016323918285,-32.1913145947472,-38.2799347041286,27.4800151646081
12.8290044503276,-1.43216735502361,-32.7431203526342,-44.4222785210767,29.8472178172755
9.57474236763406,-2.20486492263435,-30.5023230301452,-43.1613076700335,28.5756198115416
11.061692567414,-0.581788663804033,-32.1065741985906,-35.802904593319,25.1821889880722
16.0379290598482,0.353769014126718,-33.8186687885628,-30.6682926744433,22.9980932708486
19.4324900413462,-0.0906004376221152,-34.5524196087114,-34.5531458521439,24.3117022189514
17.6346485271367,-0.580721106889921,-33.3386806751381,-32.622571339675,23.4016105138958
18.5386476632362,1.42474385363094,-34.1592346530447,-29.2862114144834,21.9042487106669
20.209036689416,1.41726624085163,-35.3469323213831,-22.9889732097613,17.6048395822018
26.3052445811265,1.99684980039285,-36.9209988536634,-4.45174661638369,10.6194358068933
36.4927799694314,4.43025391034313,-39.8007825437534,-11.1002670345062,14.8366034956258
30.3961717162785,2.71623423455232,-37.1486690289797,-32.2943765841755,24.0088764754916
16.0135977245737,2.16993369969417,-32.5803640266291,-33.6742883246809,23.1402103252597
15.6838320726332,4.94864110690571,-34.6904083809725,-15.0905439144316,14.5975754747252
27.9770925475614,5.62298002491581,-38.9583483326359,-3.53249006005235,10.0839118442
37.7337613541753,3.32255368990779,-38.9646759472557,23.1864239248955,1.4279072404229
51.1471073278067,8.15898834279448,-40.9136042163075,10.0048170262317,5.85229069856914
43.5371388790671,8.10076514105124,-39.5967779745743,-7.10434733536511,11.7435653666391
32.9376411370011,9.95674144320846,-36.9022005984674,30.7343064314963,-3.86554766279707
54.0251452698334,17.4162181876106,-46.1522741331397,26.3016509622609,-0.307607156208052
49.3696892946269,9.92387414064866,-43.1669312124317,3.25644544974229,9.83974193973012
34.6223272609291,7.35201127772395,-35.2437658355898,-32.4214219955261,23.3692857324411
12.1028427920415,7.27534806803234,-31.8779891510267,-4.01101466661677,12.4009950308343
26.7917578319509,13.9560865494005,-37.5323231648131,0.586967501960955,11.6434818753946
28.8970219466451,6.55209616241614,-38.4407042138494,-27.3826180856831,23.0945574216375
13.615981679216,-0.0607458319399377,-27.4702518278595,-22.5784534117652,20.4251393737624
16.2596750045282,6.7379961247874,-30.9618340607807,-4.64267005730099,12.8220341962707
26.5890203043172,9.86545030204882,-35.7881432408138,-2.7377848265798,12.7286161261354
27.5352734807795,6.01027494861757,-34.6873437467005,-11.7716982581559,17.2035658892997
21.4052514811637,4.32009747947059,-30.5814659944098,-16.5403941808312,19.0330469268475
17.7682907911239,6.71246750280211,-30.8259871913042,-14.134365696646,17.7055818300831
18.9658123664796,7.93929104635656,-32.2023945720903,-6.20266466417191,14.5344835180412
23.7227108628528,7.21822600738419,-33.4310004645442,-7.39051551259143,15.4902247436518
22.8533482459281,5.24098401404597,-31.7389367504905,-14.0166834546241,18.5657150546328
18.2882773444074,5.41136690159816,-29.8279524597393,-13.4194184536132,18.4441665126902
17.7460171725703,7.40237483177603,-30.6059172305661,-13.6932112905289,18.3193940074548
17.6227048262673,6.83595721786439,-31.1177492691946,-11.9659166793184,17.7546020619248
18.6744179341704,5.86254614067941,-30.5463694247151,-8.40698058829757,16.5830241026585
20.5885028846132,6.00480436211932,-30.716431856684,-13.9594089238074,18.9754028360623
17.0673475523666,5.49838664265912,-29.3931793878413,-14.1000904863865,19.2207034267981
16.3299584127053,6.62945043640139,-29.4170375581485,-14.4666015355009,19.3574711577134
15.9017160424802,6.29577398226451,-29.858983793907,-14.7044836058447,19.533147586903
15.7836694335001,5.53708546278729,-29.1715537185557,-11.7446660555672,18.6454319895092
17.2308691794519,5.72853967920294,-29.4235996789062,-16.8130325400581,20.7772793930529
14.1811969583883,4.85291591312426,-28.2627682409149,-15.4642481525215,20.1801070379072
14.8608552051076,5.88244429402244,-28.5444845849316,-13.0799388138925,19.2599390768176
16.1135697736015,5.90249785810904,-29.410663519263,-14.8394659082921,20.2892791229562
14.8989477641852,4.94879502525429,-28.3631143395149,-14.8679441119649,20.7701424364467
14.2614345693015,5.14783678704819,-28.0686799527129,-20.0539018435808,22.8073722493434
11.1922049134576,4.61627832419358,-27.3241451669414,-19.8193531521862,22.6295688192137
11.3543124585335,4.96477736948486,-27.4320262142384,-13.8353817018932,20.2495075422234
14.9902533243701,5.27306783088944,-28.7111550064811,-16.5370745548838,21.5619178383911
13.493911941084,3.8603805788503,-27.6487992468896,-18.819710347752,22.8331754438625
11.7155159432655,4.15050963120249,-26.8050977132607,-21.4030377360955,23.9411546312765
9.88854141901409,4.39642422099972,-26.9586097200873,-21.6859332459788,24.0175148534736
9.78666483090537,4.25843455417752,-26.9496880638263,-18.0628775852666,22.8240673795049
11.8468539736218,4.02687950377333,-27.5013983368208,-22.4966533220511,24.6617005026213
9.53037664128395,2.6803044075008,-26.3050554687491,-22.2816566232217,24.6075991266464
9.6824535571863,3.48423436984121,-26.2742581921133,-20.0922722880187,23.710498323061
10.9799520266089,3.93345494975454,-27.3133203572287,-21.3542912120173,24.3458592974135
10.3029777242167,3.15825080091917,-26.8150990641846,-22.1963204983608,25.0188552415078
9.55282642145228,2.91729048606272,-26.4787909892907,-25.8566588350133,26.5937653565532
3.83607158443379,2.53370560908413,-25.9481880630836,-88.2222639232133,49.6645128742661
-30.6095919551693,-7.32476331366578,-16.0192493849786,-76.5209415927294,46.5936321543556
-26.4264137092337,-1.33149911945935,-17.8402242989956,-47.5240233170809,35.5855228806758
-8.72416161498416,-2.42618723256289,-25.7819190462704,-94.1145256199299,54.5790549980503
-33.3779850833576,-16.3917877268601,-12.4071095368951,-81.0164329712083,46.486598499339
-21.3304017887989,-6.92870803804358,-16.2986292079561,-51.1137533135689,33.5779448964916
-2.44369664678665,-2.18791969981218,-27.0911513065433,-40.6197097073632,30.2162676503106
4.89721894373901,-5.64330788462494,-25.6737149437524,-62.7099685179643,39.8723510710752
-8.12621852561507,-8.89413672157696,-21.1065695198533,-66.3663206794614,40.5035529289263
-9.83030260007133,-3.6489127576183,-21.7704743013082,-52.9639811025938,33.702616433372
-0.51373130898841,-1.06433379478808,-28.555551429309,-40.146449712392,27.9045603567126
9.53296924851439,-3.32509714001664,-29.5181109371551,-35.1374699635722,26.4993980776156
12.9961573578207,-4.28207155246035,-29.2967137752852,-44.0273978984213,30.2293923952524
9.37618694638333,-3.06428506301933,-27.3191452392017,-17.1293333036869,19.754289870763
24.0088512699312,4.9088240173194,-33.8896729746593,-9.82188122161715,15.2882605378274
30.4904020412334,3.44446074567308,-36.8253874387731,-20.0423714325368,18.7618858881726
25.805793878502,1.11161811077512,-33.1757257752484,8.09695047358814,7.67958114179804
41.3462044263069,8.68193974651145,-38.9878260822521,-2.81728503092638,13.2518495737846
32.8213893799821,5.32553928909937,-37.3809866107456,-17.4332368140343,19.1273766637069
23.6285441919112,5.12630495321811,-32.6942076719766,-12.0405223503959,16.4299928615963
26.1256468396382,7.96796881855269,-36.3645707909186,-4.21049528391333,12.8051832858856
31.4604625792591,7.1619078991988,-37.1475988297695,-1.51781619981286,12.1667375482832
32.7882854899084,5.65285393438946,-36.3273900262149,-3.79778035046337,13.4464842957983
30.7080419301208,6.32036071954156,-34.6608035037481,-10.6924309333591,16.1816885415622
25.767518421842,7.38883853909322,-34.2219613113357,-5.15605964592348,13.9036375899732
28.2856961695721,9.07850777592098,-35.3699478129559,-4.41257366759203,13.4305513601351
28.8614090590072,7.38234291396575,-35.657290911465,-3.61092950590379,13.1898205982841
29.3192498962842,6.98023319440789,-34.1527577558302,-1.83615579252558,12.7925928548026
