u_q_m30,u_q_0,u_q_p30,y_q_v,y_q_delta
4,4,4,213.527745560991,-75.6306799475329
117.78121576368,38.0678748675696,-28.96935405546,29.223175031084,-14.0965097209563
26.6903410992637,-6.84331949893369,-1.10449270627969,32.0958525859693,-30.1106060453428
43.3039107149235,21.1591277207844,0.506956469659579,305.637455844176,-145.424833534294
204.733804232161,67.8139504172719,-76.3225537587115,321.58465084215,-126.738885918735
187.038314116415,30.8158144483266,-48.472346541383,39.2332507723693,2.79461216616269
-3.57351102796414,-1.86611097051178,23.5775557437339,-144.217981284022,68.0784946594256
-117.89142945069,21.4597533080302,37.9648465023915,38.1054469548673,-22.6303608256567
4.28812507839827,52.0402209829529,-25.0935355009678,224.212327223604,-96.9546150518197
127.745440557653,17.8483601636155,-44.1757895928271,177.286572817554,-64.3616216316218
96.3787602487603,-15.0146053163022,1.32684817421905,-0.476745302365971,15.1238228752969
-27.0269969503699,3.23999527401292,35.5677146412709,-55.4206044338042,31.4818196057594
-69.3241451759405,38.4591383963769,18.746476547262,38.1300644935258,-13.8995053899562
-6.94164600138921,33.2395987453398,-12.7482945281188,123.551412847439,-47.0241062880145
54.5913653099465,0.279860503939795,-10.2787687081672,85.5374006208074,-24.3544540146039
30.9438372971016,-13.2687599005197,16.2748752487542,-2.564905297569,14.6201510319809
-31.5534329684039,6.13166796152144,30.0368908605557,-25.0316813028695,20.6912190570603
-50.7727895464386,24.2533529951097,16.7803163339462,23.643151997124,-2.37210385335765
-17.5217150542064,15.8292410104596,2.92055269155779,59.9429711990483,-15.7506175617264
10.1901976607095,-4.06799309105748,6.75579496631357,35.4077712432428,-1.98260807679101
-4.82531632367452,-9.0571869278824,21.3367169733913,-9.4158199662822,17.7284315590055
-36.7195252701974,2.45272568947865,26.1617489923507,-18.0003085552033,19.7948911463959
-44.391294631496,10.531029912044,18.8437523334124,6.5230326102966,8.55873795082776
-27.078978160747,4.13889105392766,12.1694584409853,21.1685900333256,3.7227237754823
-14.9862120841573,-6.60983239725427,15.4563944726974,7.25430941918652,11.5163764541223
-23.4741047167416,-8.23715159978812,22.27078281113,-16.3527359867251,21.8972064277732
-39.8406465401452,-2.52287667312685,24.1763137627599,-20.1564039653488,22.8703620075741
-42.888116722248,0.695096568472194,20.0861359618906,-8.47429943890171,17.7155737833326
-34.0357806546454,-3.48666354504702,16.9099082103776,-3.36101847133033,16.3997133629306
-28.8657209708055,-9.24197828254474,18.7976932950129,-11.1602854369976,20.8009460666426
-33.291295036337,-9.88536105792486,21.8627793326546,-24.9765178317655,26.7627188298473
-42.0467812176998,-7.57602346871976,22.5243524795562,-26.7685262843957,27.1614122671153
-42.7270561430037,-6.38588835312399,20.1199900972213,-20.3637906671817,24.4010537070585
-37.2487281726666,-8.91633915107449,18.0097247120909,-18.9685373035635,24.3762771681696
-34.787462973582,-12.21420532797,19.0107045712177,-23.5373543174793,27.0974387857997
-37.1151019483625,-12.5446845943766,20.249609016498,-33.2710766524821,31.1756596826472
-42.5334945816766,-11.9054456618909,20.4828561056637,-34.51680485265,31.4151413019721
-42.3061748120443,-11.4998237503253,18.8394653956597,-27.4944719325905,28.6112173734055
-36.706619205947,-12.6552461098625,16.6404449989768,-28.7944511986358,29.6148898527535
-36.1433422097734,-15.2852039367252,17.349922440533,-35.7063787430683,32.9953538083457
-39.6384166628863,-15.8458688735784,18.5934507985513,-41.1538053371592,35.2597954496384
-42.2109135706781,-15.1101331937729,17.8948694901704,-39.705775063739,34.5193453506488
-40.1545921023617,-15.0766226072029,16.0796236303305,-36.3618896488551,33.3994438632652
-36.8262069017084,-16.6441231126816,14.9450222742103,-40.2177722207452,35.2281691556622
-37.7162769841322,-18.5256653959135,15.6935316752076,-43.1308065849509,36.5548030336825
-38.4314547555758,-18.1281010121639,15.4452109316307,-42.4848243528607,36.3493904919246
-37.1551426085092,-17.5033310441868,13.7578863868024,-43.0779868843286,36.6712794578127
-36.3193062346107,-18.4848260956573,12.9410840964347,-44.3368648897581,37.4575511698235
-35.9597437389167,-19.5971251649895,12.7216982264599,-46.998660967932,38.687542669649
-36.4151675840956,-20.1464665251072,12.4483988123708,-48.9558021376342,39.5845473136139
-36.5313514975931,-20.290481286994,11.7924207786853,-49.3834276802832,39.7552857478046
-35.5573716347497,-20.6129599637481,10.7579985705686,-49.1080719579097,39.7124145252384
-34.1047633915769,-21.1871216677592,9.90826724523315,-49.1992571212143,40.033321778189
-33.1306051271048,-21.7318665770681,9.29613536605413,-52.6877989618844,41.5147792537747
-34.0197727875449,-22.3729662385933,9.08564856085351,-53.2881131513435,41.7540505353502
-33.2295677040128,-22.1548534651571,8.11249282793623,-52.1250510052636,41.4613472060834
-31.5509309253479,-22.3973833946351,6.82449152904649,-52.9242520115568,42.0441489273668
-30.9821260722464,-23.1936783555409,6.42331650928052,-55.2686922048259,43.249032730989
-31.4320365693615,-23.6945817386025,6.17247477612619,-55.7396439549628,43.3865601759415
-30.4947716879651,-23.5229110938541,5.19102835424578,-55.0986775007198,42.9753987491325
-28.7134021484687,-23.5975031287226,3.86427455322699,-54.4724258883895,42.8854491866718
-27.2532668365947,-24.0619803975572,3.07203891246279,-55.9473943040493,43.6438372180452
-27.1014223511226,-24.5561211429997,2.61417308004746,-58.255194154869,44.5910559201515
-27.3885724751495,-24.6195889072494,2.09806994640727,-59.2226892686776,45.0517617480268
-27.0140556146628,-24.6796215538761,1.17837602234571,-59.4739176694896,45.1009891960868
-25.9100535114864,-25.0367737587439,0.305354065189432,-58.4054409134042,44.7062105983028
-24.0683512470901,-25.3062188110407,-0.649541901272612,-58.9407102954196,44.8474711193694
-23.0367900335042,-25.6140758061621,-1.36106917868755,-58.2239976197506,44.5371453505356
-21.5250361054316,-25.2621124930013,-2.38879445951663,-59.1925168208473,45.0328595742693
-21.2269631084553,-25.4422587209435,-3.19246695671567,-60.9193471674163,45.8261080371929
-21.3701875565427,-25.6664846130052,-3.62247550236761,-61.8420032369845,46.2488671332592
-20.9823508058407,-25.8378685394524,-4.38682794371307,-62.1711626330924,46.2342348777375
-19.9172959383616,-26.0471396801576,-5.20836470104174,-60.4469028602777,45.3378170092082
-17.5299657960397,-25.8718105900638,-6.44286342953366,-59.6670626286794,45.177492823172
-16.1918642505004,-26.0027975410863,-7.25844599077241,-61.38341399558,45.9731250429177
-16.3791055828424,-26.181637404626,-7.60762419784533,-63.2021396697595,46.6087303118477
-16.4938253536815,-26.0007522935624,-8.29719340006119,-63.3654837686008,46.6332772476176
-15.6835293642258,-25.9626165422652,-9.2575991951268,-62.3427265976592,46.1741590262327
-14.0097455971409,-26.0837095597818,-12.2268739334551,-153.816609470167,82.1154156742749
-66.415812900801,-41.4084509270956,2.91581640477968,-109.524370019117,67.4955233517423
-44.4675032438371,-27.1072344695167,-4.29657053074001,-114.756908119611,71.557972644907
-47.7960651420922,-37.9212806112692,-8.41509832203881,-162.497545577628,88.7186430484812
-68.6919438361943,-48.8131529889316,7.62356577569458,-124.857713634291,68.4826036657355
-38.8678140706062,-35.4264145783547,-7.80585192596501,-70.3569109660391,45.8584226915572
-3.19267862828906,-30.9037283917096,-19.5929649279163,-67.0083495183745,47.1833106925889
-1.211339203021,-36.4345584310339,-17.0132367279216,-110.174814720504,65.9790720003282
-27.9442574750939,-37.8337902305534,-7.65348376199013,-118.273817407034,67.3738460174296
-32.2565977281807,-29.1825987326214,-12.8718644468427,-91.7371278381508,54.1622872231204
-12.9326174631527,-27.2051321196277,-22.7917896963806,-65.9650124335283,43.4567303320118
6.26802980998868,-32.2117678367108,-25.4149362530088,-65.1162189992849,44.6644204060946
7.54634023142254,-34.0352379215942,-22.0974489129163,-87.591916295589,54.0753290984346
-6.56204523522855,-30.5190848541755,-19.2926707341134,-87.5802005754529,52.8844170820905
-6.64231181252157,-24.0538044456053,-23.892491041577,-70.3366842917304,44.5167760727365
5.73254000941804,-24.2738995419791,-30.1103106698862,-58.0045034310004,39.5305060301425
15.3829831016167,-28.135923777718,-30.1250297304256,-56.8050607704226,40.0007667849638
16.271311427337,-27.8011789612181,-28.6504915797768,-71.5570945966672,45.950915072534
7.0215783128536,-25.304203245593,-27.2782831373279,-71.469656008124,44.9851292834126
7.20262524476312,-21.5126018342933,-30.1522864222876,-55.7266728906957,37.8990543818108
17.7349904459233,-21.1133951583983,-34.7057560020947,-50.6458281411295,35.9322635492668
22.1045050119895,-24.1353535813735,-34.0982266635452,-54.1129153819676,37.8358940282162
20.0524013317251,-23.6460184028292,-32.2790214462638,-60.4182959011246,40.2281298737445
15.7686117203065,-20.8938703071985,-32.635429959873,-59.0215126744153,39.0043302458785
16.7868614830465,-18.9570374385298,-34.6471269820396,-48.4321545521982,34.5730895764343
23.5553774595408,-18.9830867592509,-37.0061740749849,-48.6793282567324,34.6915626986705
24.1287721959182,-20.9437836086223,-35.9988707960302,-51.9004452936071,36.0267751720959
22.2978037038179,-19.8904247657627,-34.986992790056,-51.1932106378239,35.5381721589457
22.37806047692,-17.4259198339971,-36.4492024676602,-48.3285800600745,34.2016899881344
23.9624269685501,-16.7363212022726,-37.6127687697141,-45.076925382076,32.988803549048
25.963976615889,-17.1847582003773,-37.9843346909766,-48.0993170193073,34.0484323530419
24.4783991243045,-17.6951664616486,-37.1566150869939,-48.743865274521,34.0391270089383
24.2131122588841,-16.3675761672949,-37.3296143844777,-43.8214719916744,31.9349174634028
26.9614140374439,-14.8304905799398,-38.9454131056672,-42.8949805871952,31.4860493666729
27.4417925770664,-15.1643932048551,-39.1245355173216,-48.437094007762,33.6458621895026
24.2261096580409,-15.8881472597867,-37.8538039128389,-47.4737061698542,33.193352233486
24.5378736399407,-14.4627252200497,-38.3213185812546,-44.7501422534104,31.9308338519512
26.1483720635287,-13.812576561591,-39.4189625079908,-46.1586418376382,32.4665499532643
25.4178534320434,-14.4544474531566,-38.8377772476594,-45.4133710685704,31.9366320475189
26.0857490790412,-13.7740121657696,-38.9959634460808,-44.0469650858035,31.2478890826011
26.8734557694922,-13.0189432821366,-39.5710089897782,-42.6144485944176,30.518088280414
27.7719867568753,-12.5075586332187,-39.9005485367658,-41.8000417423729,30.0711271322925
28.292749884297,-12.1342915604462,-40.2559672431606,-45.5834687214287,31.5001978983582
25.9639985632874,-12.3902548510642,-39.587897423327,-42.8885256288144,30.4614104164578
27.2504024021452,-11.1272444041581,-40.1363617548289,-42.1025188104468,30.1979480018375
27.4701589240369,-11.1437130663727,-40.5366797769152,-44.9525195224916,31.0021351785436
26.1837909689315,-11.4994096565801,-39.7445508374816,-41.2015075759163,29.0905810017819
28.7598715971975,-10.1162632115542,-40.8582286720371,-37.1179896167663,27.4154216092803
31.0551690249887,-9.51395427567699,-41.7089976736963,-37.2897315209721,27.6431766932876
30.6924316081312,-9.56309021820502,-41.2535827331366,-39.2213071851357,28.4017244606821
29.2262360367929,-9.03043532943007,-41.070137596746,-46.9565817085689,31.1119348021856
24.6693077347859,-9.43734221271742,-40.1636321514698,-39.7856863233168,28.2590384353346
28.5537153598843,-7.62467349536752,-41.6787758516534,-43.1115235117954,29.7473294325825
26.3919494933174,-9.45650733969125,-41.1677863869568,-45.9135406855295,30.9531605307508
24.6974144598623,-9.48511466907087,-39.4925511529972,-44.1780298196371,29.8652583278576
25.895057660013,-8.16089586185297,-42.0107751659075,-93.6737099137813,48.8183547160101
-2.51418561903558,-16.2701907193336,-33.5179098369972,-62.2129384725289,37.9131217559713
13.2397664785533,-7.51394770636623,-38.358917495227,-65.4069512031416,40.6102643587178
10.3084453611076,-14.0309112219976,-39.5094878607585,-93.1000482316547,50.5014342957217
-2.62923604289554,-19.1801871307071,-29.8143948856028,-71.942929089851,38.6854666697618
13.7131012664378,-10.6878518000392,-38.6668663364677,-31.456573154869,21.7561672133305
39.1439018643704,-6.51724872574795,-46.8022265998581,-30.1416430315452,22.7497759646543
39.3831951648052,-10.7714023703417,-44.5727996431916,-56.6710992750524,34.4953735108097
21.9016419520532,-11.1409898741296,-36.0309151870003,5.93571811992326,8.72331247670265
57.7097425928825,6.17083739758345,-50.9445954192237,-11.8489033746949,11.8972546668529
52.3554827430756,-3.01112184210698,-51.3304171325217,9.20338836076228,1.5540342760892
67.4309301411354,2.38257103473418,-50.4109862053181,47.302894231955,-11.2754178822996
84.8453524108671,9.51384206212274,-60.4285007166432,4.75748250467313,9.79909634868462
53.4996334818855,1.59921645070524,-48.2446629904862,-92.8671330996198,48.0863120525998
-6.39653604147812,-6.51141122195909,-32.4066187308745,-51.1369946489813,30.5692295341693
15.8846744564675,7.50899362028313,-43.4678750873017,-16.4361507825211,16.7677766381748
37.937078147413,-1.45797250110445,-51.9530258693875,-41.3873197115496,27.5561603368429
26.6431729462518,-14.1892297044904,-35.9288640015362,-44.9554047612905,27.91734228158
24.9649401348191,-4.96179708622078,-37.4134814975219,-28.5342354493404,20.4384693920275
33.3496037013697,4.106857331961,-44.3780617856459,-17.4612852712101,16.2214989792856
39.1620034876224,2.00838164624472,-47.2481156585649,-26.5081660997547,20.7564658151402
33.4945419264636,-5.04691176485812,-41.910425767031,-18.2958967398821,14.5912096729675
41.7942210762444,-0.664511430149051,-44.3398151907736,15.4036868739177,2.04743232790094
59.3354931667719,6.43131846529062,-51.1371509222129,9.31165668031564,7.96066381198869
50.7909975774617,2.95308995003535,-47.4247319209316,-40.7717535548758,29.3500318731394
18.2480383694384,-2.37704974693515,-36.2120862961537,-45.6740899737434,29.093045155304
15.7596948414338,3.43147020503123,-38.5361604095492,-3.69002779132605,10.9673796963445
41.8567463428638,6.57889320885883,-48.6587193413564,3.33365186173354,8.70261870054427
47.5317357825113,-1.11243467987143,-45.6249141097184,-15.0733604764198,17.6744971275882
35.0373356327514,-2.051312321498,-37.6338725426571,-4.78399649902448,14.169149718067
37.8720373949574,7.78999670634022,-41.7342173191095,-17.8001211892918,18.017913466872
30.1724427214716,6.84255774267441,-42.185394976334,-5.1101886178911,14.0805683068027
36.0343240279834,6.65112786807444,-41.8767457136891,-18.1962284906933,18.5763049159805
29.4923187841136,1.61403378601098,-39.7538496912534,-21.5932662895533,18.7967394004476
28.7854267819752,2.05064969697388,-37.0770921347672,26.7286289765725,-3.14418831856236
59.7669405066547,11.827731825458,-49.1789999709157,44.8139651011262,-8.00665934550077
67.5307674392412,10.1221357728046,-49.7520714039865,16.0923181336192,8.08288555675856
44.0607858251826,6.23016018876551,-39.1687384243495,-36.8954891321589,29.4814140960365
9.47383907797957,5.66705843608233,-31.3578529683236,-29.6753321796542,23.0863956111357
15.4998105619853,11.5680068450343,-37.4525583624358,18.0256767642732,2.70410283645902
46.1262993707479,10.6117993725226,-47.1010502194299,24.0731594845062,2.68442456682716
49.5588295335258,2.03273848211532,-40.9478932177525,-12.7423944470663,19.9884942185958
24.283899456887,1.17375303675776,-30.4182397876356,-32.4702909722428,27.6545087397796
9.37200053912341,9.16413262945468,-30.7500489440705,-22.3495723679437,21.6893981063725
15.6987581562912,10.7983510210969,-37.18898372802,0.363537814376712,12.1909134584345
31.3056072391174,5.43997209291032,-38.9697538293235,-0.466000809468483,13.8665912949344
29.7474899787281,0.48575926847373,-34.435450514423,-43.4941554585355,31.6653512942547
3.06759082880836,-1.25791311579402,-25.4370157083379,-48.9338711842927,34.668894650003
-3.84489750936325,5.9227574014362,-27.2784295923911,-34.6085286541819,28.3636477505914
4.97416615577493,5.00703088404551,-32.8915552762557,-41.9582830107231,31.1903754349032
3.10502591438566,-3.92208898258892,-28.192704921809,-28.3542916900236,25.2593671385378
13.2292655550439,-1.27003346877566,-28.7421784196849,-29.5951153997374,26.0195039823269
12.1770678154008,0.667696641742655,-29.9277187334474,-28.6368210971538,26.0943329187506
11.7294983221039,3.00562930201066,-29.787010955696,-34.8730147312986,28.4618537311191
8.74470223932941,1.7064694003589,-30.3785838662306,-18.3824798934174,21.8985088530208
18.7906713275328,3.78903530790955,-32.2623093896387,-11.2954433953976,18.7060570961822
23.9923247917556,2.86691220312326,-34.2541564790903,-23.8995870901117,23.6821806361493
16.9690953192917,1.45335574484408,-30.2092710497301,-11.7974198047563,18.845104023438
23.1794188446594,6.6536238967439,-33.8613427921789,-15.5200661533269,20.7206061267114
19.4135622283876,4.78017303004782,-33.87835578003,-33.7177600447215,27.7145110221892
9.20238087156651,1.40287042094143,-29.459647014321,-29.9361905036547,26.6790397228185
10.3664268635301,3.43143572121979,-30.5829179011279,-25.7448419119667,24.9884498327326
13.0595273689557,2.8439322854633,-31.7982338034347,-35.9391421755715,29.1137260013629
7.58206787871252,-0.194838719940113,-28.8746406594957,-31.3470382502585,26.7339851041358
11.0621007925011,1.92909123925527,-29.8814035581905,-27.6736492947028,25.244598869222
13.3150556121814,2.25896459263067,-31.5314926921545,-27.3117105495739,25.47953029825
13.4012344816165,1.59657311629908,-30.5984732695544,-33.1231423268823,27.9661515108241
9.82035826362671,0.879378870925648,-29.7609514566392,-34.2265438779295,28.1594261021591
9.38644359168526,1.7261632578831,-29.8067244919923,-33.6201652791027,27.7679502529048
9.92270575548876,1.54258464638474,-30.7384913247749,-31.6496882758414,27.1164875925013
11.3423592100879,1.03962631222776,-30.5556063449716,-35.650708420632,28.9503312311321
8.96316302788125,0.0201973364098866,-29.7970754406613,-37.7326412369901,29.754086778387
7.85524349284748,0.482728723053414,-29.2895648008807,-36.5781241580559,29.0428208752202
8.8483756696242,1.01619243778321,-30.5864374056161,-42.5907672250801,31.3986488943857
5.65974788017841,-0.693996436801883,-29.3621488172996,-39.4854457777513,30.3810433547917
7.47185760989165,-0.0230715431401527,-29.7776573225574,-40.7904760068269,31.0867990222656
6.77300426113128,-0.755142634616701,-30.0282211733942,-54.4812460679469,36.1449035775849
-0.436469223045998,-2.85659611281084,-27.4931095092518,-45.1190544556844,32.1742406311328
5.40962921762537,-0.0534656232024129,-29.9801770646035,-45.4621999432444,32.5321729784756
5.42498005063438,-2.00080630895576,-30.5386436553359,-50.7704443691825,34.8251411394334
3.55919166274551,-3.33612410720592,-28.2029346382634,-37.9463211649575,29.6146997602775
11.3737285737292,-0.000898477650437268,-31.6155098867066,-41.0876810258813,30.1066763749902
10.9196178565415,-1.37206863837732,-31.7364674943315,-40.4136153803292,29.6354375545873
11.9039820629482,-0.661964827117402,-31.4959121343576,-29.7639344304671,25.5936789831079
17.8629957091593,1.41565621026777,-34.220051197837,-37.3010642155926,28.9671344359809
13.213012968902,-0.731621453446855,-32.5139655315846,-41.4056533723266,30.2398742303263
11.2691658939823,-0.0259332921423772,-31.6823472580576,-33.9131208816441,26.8954578718732
15.8855404313906,1.78558721222264,-34.3617715369014,-30.2016505139559,25.2441683899047
18.586309591811,0.942510950678372,-34.8085129269439,-33.3487752603359,26.6130005759564
16.9170822469507,0.0193098952046213,-33.5495675262696,-30.4471004449407,25.5666995693399
18.3031108590933,1.79767425223026,-34.1665529550388,-32.3030147005617,26.127849892606
17.2223301450944,1.84183460812206,-34.5655421863928,-29.0653893922414,24.6997373564293
19.2931112619703,2.32781895548519,-34.9053766195375,-27.4230272671919,23.8258146512605
19.4692480055252,2.04507563050233,-35.5514761355336,-46.957956254477,31.0493113834583
8.73073732960968,-1.06777906609329,-31.7697333129017,-40.4051730339896,29.1149607016492
11.2220874240977,1.99409231269584,-33.006280625044,-34.7947587834131,27.029689745444
14.3127922827522,1.30412324706605,-34.8994820733107,-50.7370387233831,33.180929458403
5.94177190685062,-2.83743301885946,-30.5747571037459,-42.9526368148006,29.0357786003759
11.8323964444837,0.613553574352489,-32.67742160174,-31.7491472165058,24.3682273198755
18.4985566824574,1.714155819961,-35.9217793733806,-33.0423157650893,25.1473654925542
18.002189518672,0.0228373318515893,-34.2805063250866,-40.888833205126,28.483785873618
12.887905007905,-0.133553671389431,-32.7976041103052,-41.5190285888666,28.1754689679873
12.7312122539423,1.67578488368774,-33.5718750703298,-34.9594653415237,25.2141531862854
16.892556128333,2.23682364458413,-35.6760441272766,-30.5644783721315,23.2583384562948
20.2471178005983,1.21317068016829,-35.7170046458332,-31.6238962008112,23.7360682253346
19.7980898259168,0.964055966244891,-34.9963957967087,-31.7954558561372,23.6482216317989
19.6186190481657,2.50338903527901,-35.1457188082696,-30.5193178210674,22.9543419756892
20.1311100563842,3.3844829042928,-36.137517024838,-26.237567166662,20.8901940846896
23.0142108631095,3.61261142769254,-36.8900275892373,-24.6498936270876,20.1743796768695
26.417719882774,3.10784699343316,-36.9487789150871,16.7092728513669,4.82499242107605
49.2618136998961,10.2012423205047,-43.1609234140147,10.9080228099946,6.09569550600931
47.3259528464633,7.07685465740444,-42.7559306036614,-9.14662146382472,13.6589768585317
35.18257099372,7.50486831019532,-37.1857898522796,25.8571521951021,-0.596340760106097
53.8799507958462,17.4284331201384,-46.6984295043819,17.4937476992223,4.47517781522257
46.3914157573886,10.8162077837026,-44.1715354318403,0.346208951848268,11.8179504427802
35.4864906874674,8.53515636211959,-37.2521715944272,-3.11986240909271,12.8609612022525
32.1087494238007,11.5588989065493,-38.915578746924,6.11615416294559,8.9635183124745
37.0041175976634,13.7072103016677,-40.5409041866176,0.187393732646258,13.5821082835043
30.5181126016989,9.46744074309125,-37.7654353593279,-25.5632905067681,23.6666688822449
15.5902907712681,5.77110291138166,-31.0645394313527,-23.0783156543872,20.8573735289624
18.33121731103,9.67267184976235,-33.7761481955819,3.77152779326736,9.44239565988626
34.9207455557982,12.0888322022624,-39.4684879879136,4.76790187310932,10.3954943204459
34.8434658610785,7.58021663485784,-37.0436343779197,-13.8768052437807,19.1073669774591
22.1412315181455,6.39875822399542,-31.0651137485855,-24.4958750097639,23.0900602406987
14.4876393822727,9.71622327942694,-31.3400342854588,-16.6995057959103,18.9898229755928
19.4863004807066,11.0945325342745,-34.5408555197179,-5.38980175626329,14.3917371240312
26.9699201920646,8.4425300466364,-35.7188026768496,-6.08793439567895,15.470280492362
26.508862826959,6.15641429444613,-32.9192018269726,-16.0187538199667,20.1241630148971
19.3385746430774,7.21571573025503,-30.6638710170892,-20.9092835615823,21.8888592330315
15.5068402233969,9.51382942927253,-31.1351494517042,-16.6042030179344,19.7259470088614
18.1059436068627,9.56320855925615,-32.9800993028189,-11.5670513229709,17.9072275070011
21.3969083640044,7.4380629881621,-32.7672279607563,-15.5371216739158,19.8745029520444
19.0252772284904,5.91522244414191,-30.7444098788335,-20.8177521401206,22.0251257007402
15.5286810442604,7.08911531989767,-29.7034285942734,-17.1876939758432,20.4881601870479
17.1555665214623,8.96279125410801,-31.3864165474343,-16.2626222591661,19.9407555510987
16.0328769932172,7.73509897107809,-31.656481415404,-49.4022809676634,32.2231664187733
-2.01629451495159,1.34463123761055,-25.4459535780124,-44.620587065401,31.3822297787593
-1.05076068627823,4.88161042352913,-25.815195665988,-30.7890858758931,26.3445792573171
6.78084850028967,3.5775574097234,-29.8714808479308,-43.4512779427787,28.8334771181627
4.19214682546542,-1.36244541023423,-26.3833347390649,-4.74319778701999,13.0480887555304
27.8284838591284,6.95258358179507,-33.4781592453547,-1.215614653549,14.6007258819992
26.2699144832417,5.07914064419322,-33.6856534674601,-41.4866733770483,32.2699764340152
0.330250630017638,0.573832050827147,-23.3730802951278,-56.1190141863036,36.3260081700913
-7.76870034384448,4.38909510200803,-24.7081096182461,-26.5228811372412,22.5390291554137
11.9597037774398,7.45850324144399,-32.9097987246694,-7.41193241931126,15.1202134193155
26.5767424754914,2.38802376122661,-34.2443818781062,5.18300995988109,12.3574290803662
32.7183040581428,3.33124558155446,-31.7115916048685,-16.3459632297513,20.9207522171675
19.1044586049356,4.92052514832391,-29.3360636312918,-31.5418758706781,25.8339007209484
9.65638745098679,8.4267729072126,-28.8729062416057,0.899037701289929,11.956381003896
28.965184672572,12.6522273656568,-37.7195012205662,3.89246201967141,12.0101590867451
30.6558301167128,5.09665000369644,-35.5026853146016,-13.9956124212209,20.2745551628122
19.6301670155777,2.71957920464804,-28.380865013429,-27.445803513201,25.7928530311536
9.85616478225623,6.75966346847505,-28.1426388937641,-21.5484440639081,22.7072583089577
13.0342610499671,9.42904943785334,-31.4634874045499,-13.9388211832127,19.586081086665
18.1910526769972,6.05555513318979,-32.7964224847905,-18.3548222729084,21.7385164397557
16.3597109730524,2.34681589308635,-29.2988268306386,-22.6640987550797,24.0903713397805
13.0036368464944,3.933462264218,-28.1959229323086,-30.9722326859823,27.7111719636323
6.97658360570739,4.90152299323253,-27.7444278488786,-32.8442618948225,28.2540395429955
5.88484545867741,4.60907521108552,-28.1586041387208,-27.2687871188391,25.6807387841082
10.1494697990731,3.53855932955292,-29.2482464594276,-27.3417030498799,25.9271361100534
10.6943139939359,1.75507145531987,-28.2635777156816,-29.9049837216621,27.2482900565221
9.12668506706715,2.20034918524038,-27.2774908791613,-32.1326590894454,28.254582261708
7.43634182941205,3.22569470664334,-27.6335910143474,-31.7582491923134,27.8637613127907
7.9600381118128,3.29140340249981,-28.2901472454958,-29.3966700745685,26.6803574000413
10.0316296434999,2.6486322619065,-28.8182616542534,-26.1436928685807,25.60720332126
12.1674452235175,2.41235904351339,-28.9181243940224,-29.8975465888998,27.3028730981445
8.76501947228179,2.03355376570574,-28.1653882030555,-53.5138434154341,36.1488959575318
-4.52609500528212,-0.717146166306116,-24.4811342334944,-46.3192584185576,33.658807891978
-1.11554903166362,2.13140416867645,-26.3801636789138,-35.8548271774041,29.4885040342914
5.81679004365786,0.942625307960608,-29.2020561390069,-49.1759076718048,35.0419912195871
-0.917228120605873,-3.71124203467348,-24.6936261160178,-45.6513305742346,32.7520765714917
2.58671540355193,-0.427256145475828,-25.9629295615265,-37.6753487746884,29.2695293921223
7.58832002349403,1.47661618873207,-29.2566091404998,-31.1881162195247,26.9974595937275
11.6489881387502,0.993858755554213,-29.6788898242686,-40.3859824271247,30.8296440234935
6.52499047205728,-1.06234539254942,-27.8692541150831,-41.3753174761643,30.8327151727751
6.39342765786724,0.776115245517839,-27.8247390989218,-31.4964076034662,26.4785314761733
12.6014650315938,2.66534674237004,-31.3157197513009,-29.8234624672797,25.6416148790979
14.4265408380124,1.13955008589474,-30.9849446584403,-27.4748946275588,24.9552871888807
15.8603119610683,1.48162786887086,-30.8573875666487,-30.8713607335994,26.2173156666659
13.88409283058,1.9466619001923,-30.6828687374928,-31.1952082965844,26.0888864086543
13.7385480520606,2.98457619265358,-31.0978180106339,-22.2652984013287,22.4748683523048
19.0129459566053,4.05134186100568,-33.1545832956751,-25.4148636223372,23.6713803010862
17.5870866938268,2.15388956174102,-32.1616886091823,-24.2468772831808,23.1639901389277
18.3774643475321,3.18611048393351,-31.8179838436801,-23.3399793600982,22.6350730341295
18.7791879450336,4.08425277397848,-32.9289463216952,-23.1971019782636,22.5499118098694
18.7939778281429,4.12114719506736,-32.6595174849639,-18.6151466913306,20.9103317658907
21.1807563746759,4.60311714285105,-33.5100727472805,-22.9978208884783,22.560635164599
18.7746345248605,3.54730979521176,-32.4707038494649,-23.3243126299304,22.4980683704597
18.6237579760367,4.36470776168107,-32.3205037471443,-16.04665292504,19.5177931427295
22.7501254383177,5.72974889873446,-34.1254564404725,-18.0184799567521,20.3609109065255
21.5608542058484,4.47642694642617,-33.3697733598753,-19.0000280998052,20.8451127352149
20.7598214667143,4.80188130112142,-32.6409468434668,-19.7050034513026,21.0492128480208
20.0517809221058,5.34563620444176,-33.0398410007696,-19.3302874922147,20.8171177217432
20.1663744580845,5.46519113128388,-32.964319160611,-15.345930495378,19.3335182240449
22.2945155311932,5.71416810532408,-33.5793769148672,-18.2958649649993,20.4761197610238
20.48781651814,4.84969650413854,-32.6610801504555,-20.2066988180708,21.1234175343378
19.282094354561,5.27309267606759,-32.1909478967278,-18.5443307136441,20.4242439088694
19.95928178602,5.9518285219052,-32.8785913976361,-17.6550863423138,20.1474717558133
20.1913859410953,5.61183382404372,-32.7689862054655,-19.5394031826343,21.0061264882017
18.9330791911333,5.0043663581931,-32.0451072066559,-21.6804604205221,21.8241810161203
17.4459752892059,5.10284865067288,-31.5635083861284,-21.2648679674102,21.5235234532402
17.6362353591734,5.50883194051576,-31.8384267002324,-17.8317601051831,20.2860098861767
19.4246676190815,5.71638273197747,-32.3235681018532,-18.1657101172497,20.5370278840288
18.6583852518943,5.13170445917961,-31.8752272417373,-27.619188047803,24.0549475664583
13.3140527025305,3.97368205373213,-30.0586370501104,-25.8954026847105,23.4142984711314
12.8956500175146,5.39511530283609,-30.6291334988073,-37.8603047671543,27.6842693977613
6.42075762209202,2.67192619798328,-29.1719047747333,-39.518600860982,28.9166243085296
4.83719746391787,2.43218041820611,-27.8290656581817,-31.6920720023184,25.5477511136852
7.82808461235436,3.13546489599497,-29.9692447546738,-78.5172036626169,42.860239318727
-17.4603624464562,-5.67740341974819,-21.6169567371037,-66.0635153713204,38.0640883782211
-10.7301235495463,0.520723086938974,-23.6858529764798,-41.1775309095638,28.3531842740876
4.153796144695,0.980903962623612,-30.9999960128336,-69.1688935994245,39.6546232939122
-10.2638236322535,-8.21631836863859,-22.0437777579494,-63.8847392531183,35.7419736217551
-4.60934703006328,-2.39220967823527,-24.0405936459445,-42.8911751617664,26.3134981318532
8.76236307375323,1.94936382592612,-31.3880370781734,-33.2214385645202,22.5325582109903
15.4590124203676,0.182095715005181,-31.7320166564866,-42.4176898888589,26.5612093337025
10.2605020452591,-1.70450374174578,-29.069524912943,-42.6936520696775,25.9909347784543
10.4165591331669,1.89318249057297,-29.8257006403893,-34.9525497477706,21.8965489321423
15.5860534019371,4.13806833935083,-33.6311191891863,-26.558598277019,18.0361746896183
21.5202819144866,3.41816927751873,-34.6136642571034,-23.094106685653,16.5184094668278
24.0924767408437,2.95410154108501,-34.61015824045,-23.9163564726219,16.8799871692754
23.3035001302381,4.11555784548195,-34.0021548846662,-24.259442908951,16.4935915757303
22.9411595470302,5.97672615744333,-34.9559596033839,-18.9614186571544,13.9138302919049
26.0515633149671,7.08170496894537,-36.3354125700069,-14.6650160890832,11.9951514033436
28.6571325100928,6.20267560987778,-36.8772009648594,-12.5434384695357,10.2091587252581
31.0013462522946,6.49780665640865,-36.7441490016682,-2.60424490290893,6.41427674108494
35.9493096555808,8.20495092635921,-38.4118836599112,2.08359914408479,3.5408181083756
39.376263413578,9.33725835412451,-39.5259154322051,7.64039090902007,2.22335753055525
40.6450892562427,10.6085505321379,-39.6497611671519,2.15407519619005,5.67791332884403
37.5185570520376,7.80943710585764,-37.7426761706283,48.2288277176137,-15.4278719942831
67.3514874008853,17.2023782222099,-46.6537138059149,94.5183809004392,-34.2105110927727
94.9520767799835,20.975189448748,-55.3918041654153,69.5649612252545,-19.7728372523802
73.8059769831166,15.4485164809387,-44.5910178139301,33.6442997783452,-3.32206617583365
46.1578524868069,18.9207155008303,-37.4468165760861,9.94996360875863,5.67240543611432
28.763815865298,20.5940360550535,-37.614768952933,33.108909344414,-5.09430395030623
43.299514092968,20.207577334005,-42.0406847802658,49.3591694792627,-11.0073505695504
53.6295521209651,13.5680107153313,-41.6161134492958,38.0732601808086,-4.50907287622525
45.307835236092,10.9828739298192,-33.7408935038871,13.6650390578903,6.71256606513424
26.6619083081703,14.2333989709783,-29.9019753726345,5.44382870939331,9.8288439041163
19.3545561926967,17.3714844191234,-30.5979688375314,12.983021640437,6.44504349990183
23.6388880880208,14.6723397441418,-32.9401843964451,13.8869866229289,6.33084032130262
25.1359487425804,9.07916871437559,-29.7630813256444,10.8516046988331,8.74953714854188
22.1948073415885,8.75420311047723,-26.8066626458804,-0.260430318644111,14.3270441116823
13.2300108185996,10.1470196020725,-24.6558425605749,-12.3053151793688,19.1584254233009
4.95017581954942,10.0273020495188,-23.5709963778114,-7.97890944836446,16.8463013470628
8.05090118494411,9.56347671903159,-24.8217498182396,1.37533237090188,13.5349580357596
13.8529696394042,7.54876583889116,-25.4480473183678,-5.30337528285531,16.9376580619113
9.74680516756554,5.15717872392185,-22.2171342580796,-15.4659261941445,21.4959457447598
2.78677768977819,6.0823202004378,-20.2498711681733,-17.7902081821229,22.2454763919445
0.932800417994264,7.48154455290468,-21.3479210987264,-14.1505941012994,20.6735888609959
0.817016380855296,6.48401594937362,-22.2594894389635,-53.7099355879765,35.7720147729163
-20.803696168383,-2.43956284617362,-14.7262034870857,-57.9211334274201,38.8799327933082
-24.9618315921016,-0.0769837027646376,-12.8231841118152,-38.0117240703187,31.5290352823372
-13.578070722931,1.7192266000804,-18.685270186099,-67.7257680413372,43.1162159224587
-28.654810025906,-7.79227076213174,-11.4632222225115,-57.6723059983892,36.8849514480937
-18.6302912238566,-1.90997285770086,-13.5844501039183,-37.0048917770427,30.3967370053828
-8.30248475356916,0.331743553037845,-19.6046734528657,-60.3039956026559,39.478991196838
-19.8934299588764,-6.06461323348479,-13.3685643882386,-67.5861496517747,40.5048210455882
-21.4661289538284,-2.95768821507899,-13.7900888622988,-37.3152290961642,28.2906998376364
-3.30681597164027,2.43922784709804,-21.6224470293844,-48.1795895378321,32.612868752198
-7.9260436152735,-4.22181236872062,-19.2513358217758,-50.2338289893195,32.4781694577108
-6.86212616407778,-2.80183945083473,-17.3698617537014,-34.6383114216267,25.3669144035588
3.18263986999893,1.94939745884704,-23.7106643771793,-28.3681262895499,22.9716770712834
7.39847673938732,1.15681385116653,-24.3749652400695,-29.4631052414891,23.3061633643231
7.39878525453913,0.447119789926132,-24.0760869555264,-29.6714494945989,23.307587936863
7.41855448049796,1.47030258349937,-24.2272396198334,-24.8136155713989,20.7094323476564
10.8916727362029,3.17736045144567,-26.4506102753013,-18.5612842732632,18.2040980088759
14.6922638502602,3.44892507045377,-27.5821467584926,-19.5279467022005,19.0070881089071
13.8113507623846,1.74104779560474,-26.9424562866446,-19.2178802144282,17.4825518647934
15.7495547958581,2.91067338411175,-27.4170737308049,-1.78693703109555,10.8776714599782
25.2043978075208,6.3107391188913,-31.1527837078448,-3.8936072205805,13.2414937313601
22.0192950267465,4.26312092941021,-29.7278986758209,-29.3506445427046,23.9130364615375
6.01558421749118,1.35079789801059,-24.0599738290834,-29.0992102457209,22.9034392576925
6.2410808181181,4.82635902867321,-25.8962960666592,-18.5099778219916,18.0125080883511
13.2206376878517,4.53887854499545,-29.3158366552545,-12.8860338794885,16.1558056297243
17.1524990892263,1.86132577919456,-28.058871490258,-19.0026499388292,19.1917365177778
13.1590479468475,1.12520176042438,-25.9889073949811,-35.3458360187087,25.7720128176139
2.7804164737558,1.50732168126953,-23.4811284354309,-30.7520905574232,23.5526639865967
5.18674398045952,4.26509508867669,-25.9359292948814,-22.9562596409103,20.2838500240176
10.3453147099665,2.5834601289876,-27.9612894761925,-35.3937489180473,25.0572380203199
4.32815171548814,-1.93890838408224,-24.0258670265548,-30.1414387407753,23.1165004547453
7.12938580922558,1.2281271260493,-24.9690618855779,-45.6932155317968,29.4304147903632
-2.50272451215797,-0.854577931618623,-23.6748341343791,-45.5306228725012,29.6571373921671
-2.77536829654838,-0.0579950550177999,-22.8667832645046,-41.2999190018416,27.5225996225172
0.65348076193071,-0.8210743712329,-25.8134819272763,-71.5380054652653,38.9618360666299
-15.3790985237761,-7.36531669896329,-19.21347498005,-50.6784115269089,30.8799957380562
-3.46855283856267,-1.06933685442378,-23.6197024999116,-67.1523771704032,37.7796123833733
-12.9963130434489,-6.73485480614256,-22.4639132748705,-75.2999590135628,41.1138107125117
-16.8150530265248,-7.42738882203379,-18.2825514793074,-64.4738936211298,35.6507132646373
-8.86697384568475,-4.8432095952792,-23.7421653481549,-63.2508831161229,34.1868122125809
-5.60657427626185,-6.66551229685915,-23.3733825476384,-52.4325133820301,29.3291068799244
2.21455393876802,-5.09997570377955,-25.6704175720635,-51.7293616808879,29.0357971033135
3.19082594983983,-4.84255749323075,-25.8794934008094,-51.9455563976169,29.0467143465491
3.26412925674476,-3.48183768695386,-26.2744411128522,-50.4923162387849,27.6097416019496
4.82744045644928,-2.40569968463184,-27.7836402799414,-46.5464761475183,25.061873471973
8.65069860943463,-2.17386506638201,-29.2271420680687,-38.1843226832316,21.4012315016744
14.1830258715768,-1.48745289087126,-30.715059830308,-38.2911415148858,21.3846949879688
14.450945922171,-1.68266885217212,-30.4566808224911,-39.0894715032356,21.6656461837546
13.8223108150574,-0.430136844098761,-30.3234605173526,-36.6472956960692,19.9590788214251
15.1473431923198,0.996850997584653,-31.8770759434286,-43.3959898851281,21.6607950723683
12.3341734453812,-0.488425312818111,-31.1080792692788,-30.5638048961351,16.5075234311788
19.8758320965473,1.83082987052135,-33.0531829873798,-26.1328570784366,14.7396176614709
21.5817431709079,1.27547881753009,-33.9985276863192,-51.2999606484158,23.8385901763779
7.93665700831195,-2.18743045559734,-28.765863113775,-41.3403101058531,19.4289401424018
12.5350196401819,3.00460212315785,-31.6358938981482,-38.2896062605347,17.6356564363186
14.8451495389004,1.37757704367387,-33.7437536875147,-46.3975799473925,21.1500404027939
10.3764146365068,-1.81378990193623,-29.7763117397355,-37.1022523352406,16.6408240326841
16.4868811086977,1.2704034708693,-32.0000630856025,-41.4293032796053,17.4888780436622
14.8287731467478,0.717845394883313,-32.0557462094429,-30.5512969441829,12.4305709237467
22.1461372754381,3.30433613323223,-33.6507755801121,-20.6035009632237,8.44324170708773
27.821450710004,3.86145471751754,-35.9626794280211,-22.4876401462897,8.58711302473535
27.4639042704625,3.49054342217145,-34.4477285197833,-19.067872874706,6.73349486743812
29.2453879671866,5.88534389380724,-35.6178208539476,-10.2567876956272,2.68323342835601
34.2468316026267,8.10011504957786,-37.6267309896992,-9.21488053014442,2.24523338195186
34.3129153738748,7.55463058131876,-37.4322016687911,-9.46540763481991,2.22415457946291
33.0305628468794,7.87268642624761,-36.3436546577182,-17.3464524970186,4.25239040154859
28.8095696895231,7.7923919969826,-35.6253113723682,-8.13243039724771,0.3447328952727
33.5828636060495,10.3535400812474,-36.9708901225735,2.39968812622932,-3.73171747531936
39.0421220781133,10.4385552904251,-38.71325189927,-6.78571981736457,-0.530359508576391
33.930492859702,8.30290759609894,-35.3836542351465,-0.165777178485247,-3.81612998657864
41.436961209812,12.0334003928862,-36.5911754067393,77.9000445741233,-32.9887206261239
83.7813863379806,24.9054141437998,-49.8980554437505,66.1569903727236,-30.1113290899367
79.5161676804049,17.0055104494987,-46.9227628918756,30.3580756400099,-16.7483707899076
58.3698278353206,17.7382733137487,-36.566372284731,103.617493503607,-46.5753853480713
97.6301513143487,38.2537105427391,-55.0377574474528,92.5229975191057,-39.3465869350943
85.9322743787272,27.0919832059802,-51.4332528632989,47.249753471116,-19.951078488542
56.6230230241366,20.8039981189228,-35.0831326879546,43.2898653470939,-19.1153199504596
50.9637651706145,28.6433919617875,-38.6339100671006,63.0566059228555,-28.0023472028419
61.4771001900711,30.6308312953459,-42.8202897993664,67.4579161269638,-29.1871694259182
63.3233961751941,24.4987394123237,-40.528218813175,58.7628218771929,-24.420206714773
56.3846874715055,22.606035903818,-33.9979393420292,50.4256739191434,-20.2056659488275
47.8859747960999,26.0025873273314,-32.6455239767957,46.3707159184692,-18.8332851543076
43.3762865871091,27.6354214150061,-32.2953060541971,48.962713873151,-20.1554789274575
43.9052292277442,26.1539397126811,-32.4372640249972,56.5423975602548,-22.5855059207645
47.2379994261956,24.6346547031367,-31.0734299806574,48.2701290823958,-18.303289201351
40.4038853754348,22.8243416428449,-27.5733228863603,39.0494677342675,-14.2236147025577
32.4504397470907,24.0934385611983,-24.7232862613724,31.7920547244236,-11.6645545730165
26.8122525476515,24.2615846843956,-24.484579393099,36.7234866099092,-13.2707943244722
28.9923250451724,23.5418240860694,-24.1475768372352,50.1664615220775,-17.8036416367155
35.7150941753877,23.1646670353162,-24.8682604793522,41.82462588386,-14.0195083858366
30.0805552912171,20.8116472504952,-21.2093490039862,32.4376566697318,-10.3861643668062
23.157489892059,22.4218703424226,-19.0280452157183,36.1918278696835,-11.7753240096969
23.6340353362173,24.5720985270257,-20.6725149513175,34.0075766402728,-10.2315915428997
20.8496277585886,21.8598919332986,-19.3404158201206,28.327383531372,-7.63791705369905
17.0034135441159,19.6558155925164,-16.3619807855404,27.5912606505545,-7.07179047071409
15.6746324176704,20.2310669137655,-15.7277182424106,28.2992017783138,-7.45824287962824
15.493429257703,20.7714683174339,-15.6772265921075,27.3019843135492,-6.70670448429218
14.0487529862591,19.9687615784501,-14.8979337968541,24.6557822667584,-5.43209640532977
11.9182415186975,19.1000001001546,-13.6288096939977,23.6151374314711,-4.87916927637457
10.0894080478778,19.0572708199407,-13.0229603571976,14.193800040624,-1.15914334882343
4.22712555873387,17.3679244209048,-11.1126741183811,12.4967940164153,-0.050821161174286
2.48079376321258,17.3877652153996,-10.2686166191239,20.4048870000376,-3.02354910218144
6.80657451252787,17.8311955301762,-11.5656174388464,17.3600936558353,-1.79221386574256
5.31278160631041,15.7290217667124,-10.1521910320886,15.4441326674205,-1.54093666808479
2.7290499545492,16.3318138526646,-9.27142396302775,-13.7652385890116,9.36188916608747
-14.0411850229264,12.2427232993157,-5.09244102330571,-13.8973164872849,10.4292602419958
-15.8767799075175,13.8930219272007,-4.43267512562653,2.31376949258293,4.09605138427254
-6.15271835123377,13.8249055647769,-8.48592672375869,-17.857398874243,11.9499117097688
-16.2473869574159,6.69741515099278,-2.54318235273689,-10.9010931330413,7.46821563899377
-7.41508061307374,10.7195763823715,-3.93442420574485,47.5869605459236,-15.538677849451
26.4939765167953,20.3595883345141,-16.3377710728047,49.0074876294177,-16.4613354922293
29.1084721339087,15.0859738186129,-15.0938813089755,16.5117246007833,-2.97437478878811
7.00881591217709,13.1330208880054,-6.4353076088701,9.78702135950039,-2.07929057909663
2.55322922845884,19.6012832608195,-9.64059810484145,12.9726279986049,-1.68273169629807
3.22095119624433,17.7292560935674,-11.4806458079262,63.1198975549883,-20.556848694835
32.5306030653913,20.4437869820005,-17.1355659220849,33.9457239768341,-9.58601832958554
17.659199821225,10.5677512074365,-10.6091573606545,23.5444692314469,-6.66510236798934
12.3957004105063,16.8297281683108,-6.36312638844259,67.5248011849504,-24.4983050670942
35.8633088790333,27.9363032959172,-20.5728249830035,62.4012166162049,-20.3469049539919
30.4665282019965,19.5301054770391,-16.0322988971922,30.6724300140785,-6.36879320921324
10.0865592669004,14.3999629899683,-6.60050749342693,23.8123718363049,-4.06618071509072
4.58100440964153,19.2889027203011,-7.0798000564094,35.6187962480675,-9.58640064808873
11.759949899853,20.9019783914756,-11.6562576544498,46.9405639756717,-13.411952467037
18.3426990451858,17.3887416266842,-11.1498114234943,39.2870266656765,-9.52692793139643
13.4658182868021,14.1889703796614,-7.23462395002961,25.3479136410838,-3.52710130645446
3.85904719394033,15.6488647734901,-4.18603321299643,26.1463467207865,-3.79065176956415
2.78822059516367,18.4905872546471,-6.12528268172944,25.8299822650619,-3.67855515484239
2.62187880953931,16.0841574724023,-6.18597313457936,28.8514712148792,-4.42369743877919
4.47207711572342,13.8715922560392,-4.95324894796728,21.2046148438733,-1.24859932942628
0.113013683704531,12.2454846848195,-2.8554479015505,19.0107894284999,-0.196041671897201
-1.61212269596805,13.9937508840088,-2.34607185454823,20.5021593423088,-0.111874962326407
-2.05731367283483,14.2854919944268,-3.30482350945336,12.7372271526483,3.12986482982949
-6.43249242628567,11.4701156633011,-1.18086466520837,12.8320888316345,2.78984446120558
-5.73382780841982,11.5203861133171,-1.0833795701625,15.4094708156164,1.95601118799719
-4.26585018947196,11.4398557390195,-1.65076693496256,11.7178640978413,3.79122195252955
-6.51460035748214,10.3754530177201,-0.539883830505596,4.57826626740535,6.99869325209727
-11.0964380650979,9.47340317683613,0.881083861442332,3.46006580796788,7.34952102053778
-11.600449827228,9.64423607491165,0.65345495545114,5.72635814517937,6.22260437064273
-9.38033775512748,9.2401456871505,-0.26575879664879,4.95671492182662,7.00701769494528
-9.80975700319814,7.79998880547228,0.543517321470457,2.32770218387442,8.22965875728685
-11.0549757169639,7.51223487090567,1.26531609429327,-0.806616506164474,9.63604245956011
-12.9486998380066,7.48419843546634,1.23508043224144,-8.93345383984716,12.356746824831
-16.8274219831873,6.10602834725142,2.04793386478136,-0.977250253654574,9.28513836973516
-11.7125529134583,7.24786064757563,0.329917190634256,-3.17430993096536,10.9599158413239
-13.2869869509268,4.90099901067396,0.890206595274059,-13.5542508273478,15.3029665883108
-18.844700469805,3.32665289812108,3.71721829683306,-11.3264483729683,13.7321453420109
-16.5614873145704,5.34406024806742,1.69306074071086,-7.2065070503301,11.792844198141
-13.2407642959698,4.89708049933476,0.20626434727122,-4.96693914748869,11.0666689812419
-11.164795917773,3.69229886882197,0.418617209654568,-4.58548315364771,11.1694100668207
-10.6141928006386,3.63950986587645,0.57385697474373,-9.84171027536243,12.9342980587239
-13.0312205574763,3.61790890528176,0.848164216705564,-7.28925301204018,11.3372947071644
-10.4907501739031,4.7762402716641,-0.358953802868224,9.95365921672277,4.52826414230373
0.0513996625662148,6.43397001824866,-3.90432110277975,3.6614188010477,6.93409110070232
-4.90429565245929,3.20295225818134,-2.26972234048281,-40.226305886014,22.9399254466215
-28.7639187258771,-1.96792762361403,5.52760256249089,-15.1188341915538,14.0895863867249
-16.5301997930979,6.50842482071257,-0.371747965609739,-3.14028816298773,9.86365577833504
-9.14898687317026,2.27541360998823,-4.08325386670741,-30.9794760216607,20.436023062045
-22.6444429916442,-5.5967110936489,4.93619792370069,-10.7472702451908,10.5721053132475
-8.44566709606183,2.78365757228581,-0.930456659132983,5.90339176137494,4.39138889430044
0.76510469358546,4.4007340204263,-5.85767569863235,6.93527959216107,5.3118197003913
0.686979768649194,2.17590906458271,-3.31883995586013,-17.062565096445,14.8085381008929
-13.3267072233505,-0.269463667952581,0.616205345041053,-7.5980124927472,9.80499371804495
-6.88198822485887,5.14945546137008,-2.46751703961568,10.8670834224265,1.62454376811666
5.13572793912872,5.69804777073715,-8.31599732982028,12.2804323168675,1.46087242852635
6.88684142778269,2.27378753241791,-5.49108573376029,10.0589211634266,3.29782015413188
4.45618756124708,3.42483834632697,-4.45048750181189,-1.27039660251005,7.70609813574329
-2.92274038930467,4.70271584996948,-3.39783726242944,-1.06712719731327,6.95303826536985
-2.69623171038614,5.95918073514235,-4.94242869560962,13.9246614648444,0.531749596409351
6.9900356950409,6.05850776951256,-7.86464258698887,14.0886847914465,0.673005329070693
7.74703609490624,3.24659060243019,-6.50340000776868,9.24554482439182,3.17159357884712
4.26774061242503,3.9476919618576,-4.29727445884281,3.73155185015848,5.27258297028406
0.274234405558325,5.71987172718297,-4.79566942310672,5.63199869572584,4.04989312138344
1.49659190122507,6.41430181175109,-6.01049833024749,5.34277670683579,4.0077403531786
1.76992060818686,4.27685317727235,-5.98777529756383,6.3303539022592,3.92868874170509
2.48324072711649,3.59673471998794,-4.82590683961627,3.08393313324553,5.49516293932569
0.211437298320726,3.62302135106149,-4.66699975368159,-16.903296486671,12.9048863434216
-11.0936628435808,1.43704282726038,-1.44194893771232,-4.82551640789608,7.89901909993572
-4.0647217687616,4.79280287863246,-4.35084846433176,1.43384335130948,5.75042745217532
-0.258059553631889,2.57308031112565,-5.85358754396192,-10.6266317351794,10.4742984630344
-6.15281762148766,-0.754330024941839,-1.51627850408186,-8.05820501191849,8.59236088647961
-3.74519903751206,2.50041131298082,-3.08511842361522,4.68275663511834,3.21450658415804
3.92498781349864,4.8193079103021,-6.62011018504412,3.97945984280529,3.55267428020678
4.03639806248879,2.61781092297592,-5.87036832859469,4.5251855473375,3.48073104244732
4.3889178503436,3.1035415114365,-5.04375164250122,3.90043261508583,3.43693489585465
4.13667049136248,4.22734109406134,-5.91675711228981,6.53047563911217,2.18859239504805
5.70852995709179,5.11739010358038,-6.46709927630302,14.2581790122429,-0.93571730026996
10.2669785888769,5.70679489822676,-8.05052415582881,10.362320191662,0.663354504156853
8.1482228541831,4.19711708647114,-6.70603271917901,11.198853703094,0.225210630738982
8.50379953666701,5.53900833865838,-6.60881207305597,15.5749911881347,-1.56423015692797
10.658080418317,6.77816154328046,-8.07936724848877,13.7817291457393,-0.791510297929118
10.2943809664706,5.84312049154076,-7.3105768173346,30.8500874953721,-7.1204727793365
19.5818122542944,8.73209425574141,-9.7384328211858,28.2778991582638,-6.57135231108414
18.6952047434388,7.28476454740431,-9.51153615080678,21.7476341238408,-4.07932779973679
14.5269951287725,7.61182386970512,-7.26984713471764,37.2308427593627,-10.4202454393182
22.831172492833,11.7553913819794,-11.3174859637882,32.8327023818473,-7.78322552541773
18.7675235678148,8.88181089652896,-9.82384605563265,24.3500941750516,-4.05200423499293
13.0483248628476,7.9588939383379,-6.61767023209728,21.0797155002441,-2.73435749040537
10.1712157783976,8.97904479186314,-6.93522187927609,24.6965153789061,-4.29036363797106
8.01285769503683,9.18259682314055,-7.48591145570704,-42.7149650461262,20.4581973739872
-29.0538235108028,-3.24933767962419,3.71573077404498,-31.9632771201173,18.5382680782571
-26.67419882261,3.04663174735283,3.74469267299156,-2.01676169634565,7.74728633856316
-10.0023626959364,2.86160222603905,-4.72829994541779,-62.1093530575107,31.9988794885332
-42.8930797958448,-13.3282333882207,11.520765372039,-44.4100105265237,21.6374008907993
-26.1920796968002,-2.47403644681726,6.70192500421273,27.1995412747043,-7.16225775203913
16.3204913255455,7.42575236834909,-11.2454087185265,31.9017726707566,-8.7572454090408
21.9079994468644,-0.71118147295058,-7.46436686835582,-6.45680254553781,7.72757945697459
-2.07448089870914,-2.60678426608382,2.18001849136271,7.00588769706043,1.48203778251026
3.9777221586184,10.141209625898,-4.64667669266466,8.65451822430324,0.677938395945104
3.98422322050031,7.62580727198806,-8.90092613899237,13.8858032395435,-1.5008733818895
8.6241864399904,3.21245936824514,-5.68678272241742,10.6307426599651,-0.0243160772784784
7.04963778309829,1.67171692025919,-5.0158328739288,9.92462557711103,0.151424054687907
6.53096066715673,4.83165270326542,-3.92575535569498,8.16079179813005,0.989823354958926
4.24808391638156,6.20029398546258,-5.86213466764214,8.74996672634383,0.632294048168373
4.67301257520498,5.55571090746034,-5.13051838350913,9.37878782139425,0.436943157707173
5.08493150882561,4.19653896431343,-5.57147179238907,4.61502663009091,2.02248417518669
2.92361857866176,3.26735747151888,-3.62371231783049,8.14751322803608,0.593102408880122
4.87772757854073,5.09054908054903,-4.91711662228573,10.2627097720959,0.134301390446333
5.45867744217107,5.16592729464757,-5.08318031433773,4.60896646684864,2.35792705236603
2.33419634630341,3.80488757215709,-3.82011195311272,7.22172324933664,0.88986898433489
4.286300239788,4.95818814386771,-4.38653932433659,7.69426505793781,0.36863470107719
4.86973833624677,4.70547178898017,-5.07984672174127,10.2488925186338,-0.364646249842211
6.31281889213441,4.85835480466859,-4.67392807961592,13.5945658882647,-1.29329415007302
7.65739422267166,5.33734811059867,-5.23112632896647,7.53192565841019,0.828078926946903
4.36457173293517,4.54655657396472,-3.91876196744273,9.03597549333752,-0.363612901842848
5.98429284377623,2.57328585354279,-4.61352915537743,53.4483376627072,-24.0151087878925
39.9416273037108,10.1453232722593,-15.425368295081,119.304600797198,-46.9053060301312
74.9970547820054,16.0589348991615,-25.152895815258,81.1472700844725,-23.63195651725
42.0985888162914,7.21936110114332,-10.5101289740884,-14.1588294713193,16.7827469843502
-20.9407017726801,4.22327909805973,7.64052388304642,-19.587370049895,13.7952273624765
-22.3654533411964,16.2712213562277,-0.98119283919166,45.2188805270283,-11.9988110158986
16.3500181833511,14.3066114477547,-14.6526568521725,34.5093173874043,-6.97891921513165
14.7940806746071,-4.53313795227577,-3.51943149389123,7.04751784476588,4.31243495917173
-0.553063090234838,-0.274521297277601,6.52299087602742,11.0611496316565,5.8768165499828
-5.99144708622612,12.6920401173644,0.988891369265509,-31.9293299621301,21.3345762399496
-30.5192375428817,4.82034918489196,5.22735260171515,-10.9222485026894,8.75018817301897
-11.7657071708799,5.18599223639705,1.1253081884166,46.3554157773672,-15.543933228853
26.1905958787314,6.82301465481554,-9.91530188088417,45.7764553741431,-12.2700377907859
24.4849293490539,0.417278383072602,-3.22827910368047,24.947246667398,-4.75744690341375
12.0391384818097,5.95977598449588,0.331395826121348,37.5127172189218,-9.22726711256649
15.3404823490162,15.745508892678,-6.61504045390772,42.4150176980968,-9.33887836186753
14.9529326908191,12.0301225521458,-7.72638894771614,16.8147726510722,1.89968432452734
-0.467213655173738,3.05543309952192,0.624553718393488,9.23181458010531,3.7019420763157
-3.50946035242563,4.92746685644893,2.03393390486232,29.4726291730867,-5.02548109317922
8.58264199312601,9.62357024502691,-3.77393709021738,36.1915026127462,-7.11763461806893
12.3790220342149,7.08051789492048,-3.85356132206023,23.2439053789878,-0.776126171749056
3.67372057636365,4.25462069616756,0.911893202142229,15.9386144295795,2.68601738558869
-2.15463608817108,6.33191841678243,1.86799176134546,10.9580984557478,4.15198171282031
-5.1369526309243,6.65002088889508,1.05097797672348,19.9510878818799,0.250246640979621
0.807370706748,6.2801771309248,-0.370065444698181,23.655830280984,-1.00900510230175
3.52797984026284,4.085438317902,-0.215982566652242,17.7679643938084,1.99051067575306
1.09549143209262,3.44672824562331,2.42317849217527,38.9133454978411,-5.11916028384205
11.3446193085454,9.1697508624074,-1.53335098114974,29.3588741828439,-2.169030414301
6.84498587890518,6.37841436853475,-0.956101496652333,20.5610932179371,0.926464651310953
2.05776944199729,5.92575013527463,1.67098555795009,43.0640972123873,-8.06420771098684
14.7450405235469,10.3910882302628,-3.9076796031722,34.2019774937467,-2.89728545686945
7.84032976591999,5.85108765809998,-3.95503199997381,-115.6192153965,56.9451447772317
-80.9385345994271,-17.3640489766581,23.9945380689332,-57.8106565110211,38.2047284855942
-55.1160187569089,4.68006536820822,13.610369477556,-58.5653488722139,41.0045160166136
-56.6424352904446,-11.4528597264861,7.07866469908144,-128.670092242591,66.5861506915323
-88.1663709658688,-30.8773063302969,32.4022832854014,-75.6318032317238,38.9914788712204
-47.7540376830925,-11.9989086882108,13.4354996177963,-3.50230237764119,9.88321561439891
-2.63063627933845,-5.13753634821196,-2.07316714905124,-13.8700608354196,17.6450913886825
-9.71347425127902,-14.736056915518,4.86892307103361,-69.0066892354574,41.565713716641
-44.5864788698084,-15.8549633542942,17.058808512268,-72.3342263008183,40.5657834278085
-46.3205237517712,-5.24947162147004,9.18562632433054,-41.1144586992452,25.2490348991045
-23.6461010349607,-5.16452066312494,-1.15399099846387,-13.7039861208216,14.181676045267
-3.19624423170534,-11.9960888276408,-2.53669125269879,-18.1870680380611,17.7975124278108
-5.3983057664708,-14.1119982559479,2.37515811394634,-41.8543592723501,27.9004630161086
-21.0491354088535,-9.18568958809666,5.07922305787871,-44.1464954711901,27.6445458753023
-22.8423288245201,-3.47086905546908,0.383286234802471,-26.99979139106,19.2980189413376
-10.3070749155752,-4.97967841306129,-5.20733654907016,-13.4659394318624,13.8496899996435
0.342966774314361,-9.59848705529293,-5.11677911034931,-13.5692794922475,14.9104479956666
0.546032822563654,-9.66627635922099,-2.93290263269485,-27.7663323211329,20.7975711892976
-8.65936522950835,-6.78925127765488,-1.57786082337883,-26.0688337820834,19.3376208560265
-7.75890743061551,-3.00185116482388,-4.77639093198474,-15.1662955869121,14.1220842082712
0.104555683533053,-4.03882949469118,-8.29516396519088,-8.4436770776013,11.5314029665151
5.46579288174954,-6.74429021795251,-7.61295156027621,-4.7591530636422,10.7245463383845
7.52006128834692,-5.65840722776356,-7.23404124157361,-15.4575728587235,14.9619408625016
0.865545921670585,-4.70933244087304,-6.21281685845255,-14.3226194302587,13.7162794584539
1.8355531957817,-2.17671698166069,-7.86672903983192,4.87966920916213,5.86803857254938
13.4453458971315,-0.701361452031583,-12.3370281970077,2.0590246328415,7.37681663757162
12.2808536091259,-6.01418623951981,-10.2767247617298,9.37886716134345,1.95002697761444
20.1018533938476,-2.60165342399171,-11.6509424966025,40.9684377579813,-9.35423871568651
36.1927948585195,3.98684012982423,-18.5828589059353,27.7888370703723,-0.620248923516011
23.711254756286,-0.220722754872096,-13.4826376798375,-7.52171368000105,15.0744684760577
-0.184442334346005,-2.75946111641902,-5.49904786606909,-18.7278875478116,17.0254969575753
-5.2675065726357,-0.152598308970475,-7.15764983203414,21.1145107997903,-0.764720560774911
20.7299021304584,3.48105096469803,-16.0806298700994,43.5985705198933,-8.83615173236008
34.9609687062636,-1.03816633522918,-17.2568685328515,19.2945781729504,3.23524411037832
18.4895152911854,-4.59426286847567,-7.93950922923501,0.421986103723361,11.6502653935443
3.86252197858998,1.41721428892894,-6.34092697356816,-4.60556312492917,12.6520691266128
-0.0510554501568539,3.51461965262426,-9.66882302800113,8.95566329106352,6.42194647661829
9.50517468871099,0.533991813862796,-11.7669432428006,26.5114671559691,0.162112793734154
20.7275609982266,-2.16966341340093,-12.1052468219279,11.6177756925137,7.1808406153448
10.9147285934513,-4.23735228223744,-6.8995625945307,-3.02116237644407,13.3026567321312
0.584322654995379,-0.452450317294023,-5.11254907005469,-3.89499639233074,13.2397562431321
-0.969453794824038,1.54222670537309,-8.11587605547291,4.34132510926202,9.7871654290895
4.57809639818152,-0.925412770115664,-9.09899495757093,10.3028125056439,8.34289424445438
8.23371291911869,-3.69253065888991,-8.07141047897909,-2.87418912259052,13.9533744076106
-0.878069824013504,-4.97268194779973,-4.48864501558826,-34.1303768974723,25.5434300322178
-18.9788036159486,-6.09089706510898,-0.367515943263761,-14.7788536200326,18.3449715048642
-9.10049223286437,-0.803330601668242,-5.37182419279864,-6.36060144992704,15.3474721178305
-3.22468540026413,-5.40367988122035,-7.33535133613711,-24.9578669255339,23.4153567684094
-13.0600072693739,-11.0852505124424,-0.0720650665817479,-23.4286948460217,21.6185253444335
-10.6544710100181,-6.28694178075255,-2.2045741509429,-13.5235116168242,17.2516598975111
-4.57019458949999,-3.61106096311776,-6.20939004689828,-2.10823606672797,13.3639398578235
2.14893346541771,-4.48917507174001,-7.49406881758027,-18.8440679095168,20.5479751972904
-7.34480610924042,-8.65083561698688,-3.45337412498397,-19.0778549473241,20.3727601911855
-7.2423705204526,-5.33199926028847,-3.60815824486446,-13.8685070636486,17.5113576167811
-3.37272082720178,-3.98352885451584,-7.38545483752784,-7.74918379268506,14.9877009127828
1.17979275961471,-5.00541152255682,-7.49824956532808,-4.09961305614002,14.1448375759886
3.24399777423118,-5.57223586771051,-7.78319511753371,-16.3738569732378,19.2339136699486
-3.92817978099896,-6.5051880283329,-5.1737558456341,-18.7926106504467,19.8162415648619
-5.30402983656475,-4.42681650056986,-6.09291149678076,-12.4024935969668,16.6970121884252
-0.794793232761656,-3.95931233306816,-8.5984456019469,-9.94293749944285,15.7471340289246
1.56323756678315,-5.87290969887101,-8.41976138991928,-9.61714209837221,16.1834989211182
1.67318482085383,-6.11926479660695,-7.53244779786881,-17.6921160422814,19.3996959919869
-3.02209954229772,-6.00613619240869,-6.64880166710734,-18.2014998620647,19.1591812439303
-2.99018298715797,-4.51358253483366,-7.55274640188693,-13.5275920509468,17.1269401432032
0.162042362829918,-4.72542540894337,-9.27640141452947,-14.6481462956575,17.8097389819007
0.0206356980668878,-6.52292147017316,-8.28291892857167,-18.2705560937352,19.5090575946793
-2.03735388650213,-6.73218571421506,-7.36999585438246,-21.2321983627601,20.5648453715015
-3.63237118901053,-5.98136000193052,-7.51750538243176,-19.5477865096227,19.6052366997554
-2.12591639002356,-5.42916483014594,-8.6836370326481,-17.9994485051502,19.1568917386405
-0.960533580357232,-6.27099290386163,-8.95384964909325,-19.7807151658427,20.1092471163018
-1.72930300401285,-7.01060963546596,-8.24335776255252,-22.8777582461267,21.4855042220541
-3.49164676440168,-6.86505624225049,-7.94801623829126,-26.2341025453924,22.5137454385884
-4.95555358442662,-6.77648972986107,-8.08450824411282,-21.8724912864095,20.6291775023788
-1.86117464643812,-6.15081314562556,-9.33695769303519,-18.4114928936669,19.5873809020814
0.333425904650649,-6.76340341319978,-9.87503185149718,-24.4524084976585,22.0748649898141
-2.74114430119544,-7.95008277893221,-8.41283515482727,-25.2977153403776,22.0982135269105
-2.76023813240565,-6.58035766861366,-8.8964970969682,-19.8726802999633,19.8635968478937
0.620574389958191,-5.59042706595302,-10.8130924313636,-20.7035339477897,20.2468996506598
0.673713043602988,-6.89534470343628,-10.4806996232197,-20.3269316248462,20.2075719720637
1.19157896936603,-6.74570775562301,-10.2728916929993,-21.1849046804685,20.3659586907564
1.06337320508636,-6.27626684789434,-10.7841504059258,-20.4506740748021,19.9214615983584
1.86793832667448,-5.73629585751907,-11.214253243434,-14.3138957370018,17.6749151672743
5.45670607586633,-5.03653606860579,-12.5703731908879,-18.9119503409137,19.4954069992185
3.17331270003661,-6.39702669301331,-11.6761100892249,-20.6133411370392,20.0428809443216
2.45167628885453,-5.72204046715415,-11.2965649794273,-12.3002797554596,16.6076243300256
7.46010860310035,-3.8993796875987,-13.7128942525924,-14.1244057938335,17.3014027523337
6.82902006145815,-5.23813639425172,-13.2771788862599,-12.2297889108859,16.7330574365871
7.9280409652875,-4.56086790047294,-13.1213061716589,-14.0786811156536,17.3834356599573
6.88957390585487,-4.36012543408813,-13.5429677025642,-14.6705852258773,17.5339660000756
6.63216300071964,-3.95874508776202,-13.3573687140143,-7.97529380203792,15.0169071124435
10.4005953087637,-3.01891826523086,-14.9588712876943,-12.8177748705695,16.9589025626357
7.86044839809768,-4.5934774019949,-13.7804033441493,-11.135768602519,16.2329643028387
8.94249805586935,-3.4070559875673,-13.9161406822608,-9.44087276831281,15.4146244700231
9.98075694227661,-2.87819864402442,-15.0748579944283,-10.0280674745097,15.7654141086599
9.61325223753808,-3.20850656001533,-14.5236648235247,-6.22241357841618,14.5768018745685
11.4517583264877,-2.53404858838775,-15.1935276255221,-12.0166988275495,16.8423432012179
8.14127411454394,-3.53715770342315,-14.1971512996706,-12.7908393206594,16.9498730585026
7.82536745851196,-2.78712413154096,-14.0897842413054,-4.84885883931495,13.7607952223939
12.4472770889981,-1.56720428248651,-16.1243842368844,-7.31243097350805,14.9153731123767
11.1161770725331,-3.10308330939178,-15.1830980590598,-8.60612381056097,15.6664836026442
10.0968183158957,-2.66376240019889,-14.4309327158654,-10.2156979725935,16.2282856993336
8.95206444513575,-2.08878280786711,-14.8955139241658,-10.4690834431678,16.2419061776588
8.82890506909007,-2.02612828301347,-14.8920517540485,-5.72722263172965,14.5336948075171
11.4824586437659,-1.77480201335634,-15.7470574031592,-9.65347066147179,16.2015152661004
9.26204569810977,-2.99973879908333,-14.6677187507245,-10.7729523878596,16.6390477037319
8.56842680394374,-2.29272490265977,-14.3507397801841,-9.54597053719059,16.0600317087992
9.21031391903652,-1.66222756072252,-15.2788780724272,-9.25224396410417,16.035530305087
9.3858018513009,-2.05261167248724,-15.1111723997736,-7.59838944913328,15.6562130019612
10.1406626278113,-2.06808803795623,-15.1771036239116,-11.8241693773145,17.3282152377185
7.62135556967579,-2.64466056204946,-14.4031789848177,-14.4841692644623,18.1887796698293
6.20791876698796,-2.32886166699655,-14.12947339641,-8.89141999130127,16.0047026792483
9.3807720388407,-1.36719478909299,-15.5544300359727,-9.61260989334975,16.4671457128754
8.96978610527944,-2.53642153622703,-15.1646737634712,-13.5950000057545,18.2120478407919
6.61260186423208,-2.99177280127045,-13.9350899551833,-14.4724494832307,18.4423163532585
6.03650438780355,-2.17981833215371,-14.3615676141686,-13.6049465336803,17.9768371550471
6.68339372346701,-2.02945277788753,-14.8753579863819,-11.4355106972132,17.3058123288212
7.9469301709363,-2.35446016382105,-15.0884327981089,-14.1630525931892,18.4773160755454
6.22370652216835,-3.11604836922512,-14.3464435806911,-19.7046134291047,20.469263709228
3.26116780812281,-3.31013278357603,-13.5475245432194,-17.3354876902968,19.510241028929
4.56509571550163,-2.30308664371557,-14.5013005198261,-14.2506981776748,18.3877678663683
6.09804848045302,-2.63664525907034,-15.1865677295108,-24.2456197512147,22.3904458556856
0.603813723092048,-4.95455866652905,-12.9582591631561,-25.3359875360318,22.778285090801
-0.267158248459891,-3.83129404762852,-12.8871449701211,-24.8791015502785,22.251270150138
0.480697757262291,-3.77989629380835,-14.081687621198,-24.6997966063236,22.3401007578066
0.865245880597507,-4.67942278970141,-13.6244483619837,-22.6412960856903,21.4219082677182
2.58132993544969,-4.61442582810876,-14.06034376149,-26.856516782921,23.0196775052632
0.498851684576251,-5.12574924599037,-13.4147503999655,-24.528253029607,21.8035902903933
2.34605954197154,-3.89893687584382,-14.2742903114733,-21.4714899924246,20.4814192612397
4.45659474986644,-3.76383206323863,-15.4376729326038,-20.5520235212509,20.0845892974178
5.45411170929983,-4.16724372128561,-15.2790234759433,-21.7876784949251,20.5004640779607
5.04110902083084,-4.11911121696251,-15.246134836927,-19.8986859081164,19.5473357377015
6.43285254731598,-3.12935048304738,-15.9179884578859,-18.1022836482434,18.6970433726757
7.71487395452224,-2.89636708493379,-16.7527277065388,-17.6973023139369,18.5095749500822
8.20796312499683,-3.13673257754022,-16.6601204412943,-16.7655437207253,18.026495380024
8.98387982956435,-2.79443209597059,-17.0173814521462,-15.8165885969495,17.5893996633339
9.64727788957486,-2.4218695946954,-17.3357358702136,-15.1305896674067,17.2248717282217
10.1613838623122,-2.16355560254457,-17.6555381358104,-14.1275538421539,16.8049652100901
10.7806509263101,-1.93802090860003,-17.8860011450222,-14.4748089804076,16.9364385911244
10.4979419321139,-2.09363721584121,-17.914425210944,-15.6069195511485,17.088189454672
10.1890342887568,-2.02270348403398,-17.8613538728419,-11.1264622164013,15.4833762979676
11.7091332853977,-1.11301708752258,-18.7412863526426,-24.8930704807615,20.9374485843145
3.66667155615773,-4.00962439763142,-16.346087171431,-27.6201224405973,22.0368445668539
1.85147441970754,-3.07578177291645,-15.6262972532152,-14.9558904889088,17.0122137083656
9.13375898506815,-1.96565008271187,-19.0072375134643,-21.5960248141551,18.835200933109
7.02650527397541,-5.12375588801627,-17.3036783126618,-10.3053512344602,14.5755154190098
13.5581786379475,-2.17848008023268,-18.5784700285469,-10.6504063860725,15.7418156700171
11.7915159056084,-2.40033858858213,-19.1224858474825,-28.3209148766335,22.8181553318973
1.23269872163778,-4.42312423393231,-15.1696157592885,-24.8837363197374,20.7924165775592
3.51193074020604,-1.95774502651402,-17.2972832430398,-14.277322161363,16.2443293416105
10.3957947970702,-2.03775263830129,-19.9224796221331,-18.4329970240228,18.1850461024932
8.44918904483058,-4.97999475113077,-17.7491182455536,-21.2944868385835,19.6635557174084
6.37897792142131,-3.90044124051467,-16.6634612816442,-28.4891538358217,22.4573348074343
1.720796818097,-3.36561734832805,-16.680718723951,-26.5576953302695,21.3860817257916
3.06763116594067,-2.76017267176407,-17.4004555125765,-21.7495968744978,19.1449014421328
6.71284821615636,-3.55060023058389,-18.8840309102338,-30.5787218486053,22.6984526727055
2.11725455381715,-6.07073370406565,-16.3065061261162,-27.2705615008434,21.6005407345023
3.66027372424626,-3.82928983203961,-17.1004760466462,-38.3433634568215,25.9250983012745
-2.86047703660217,-5.49922178329097,-16.2901025826909,-40.0490120331211,26.4421747073922
-3.4865094592581,-5.33100428560504,-15.6326960278565,-31.9461361167242,22.9266710806798
1.89239459460012,-4.90379624892255,-18.3382422361849,-42.8695778467279,26.9321247648397
-3.24894055077399,-8.16837041181378,-15.6759215185467,-36.5095790359357,24.3564175515652
0.655553961088523,-5.60922386111876,-16.7770632305077,-34.2768422925805,23.270511205957
2.34118450327979,-5.40356286371283,-18.5760123372771,-41.6560094488846,26.0109203011659
-1.28009353656306,-6.97782490175762,-16.6798726883893,-34.976038925262,22.9749906482258
3.01981899596513,-5.84484487286299,-18.5851040190296,-28.0126939069115,18.4177081626425
9.80381189053085,-5.22068059990165,-21.0676693988438,-9.62239406371132,11.7958737925601
22.0684406052789,-2.93946297849802,-23.5613822220739,19.6441765570629,2.88642055481609
35.9631478453406,1.17159906021393,-27.1774350333412,-9.80183065817923,14.137490446935
19.1606291273071,-3.32790104830391,-21.7190191310354,-24.6114499134526,18.0912424576487
11.6261988957419,0.441876810633549,-20.2444235766409,26.7949865461664,-3.46191852030902
41.8112138923738,9.60433257460591,-33.3106279164293,30.8005168633028,-3.11817037785158
42.9503219884478,1.54888386152528,-31.0143614541742,-0.57297379469743,10.7740413971338
23.2783218157502,-2.17232898117707,-20.4032159013286,-6.56532130052281,12.6775303960484
17.7049712440291,5.37585581160756,-22.7553272477237,7.99212908749801,5.84670231865151
26.057282322866,7.96142567922987,-28.2289530895918,16.2511181117043,2.91473644056694
31.234352918274,3.08709764772769,-27.8074236243944,11.2761857086443,5.81819333468819
27.9301460448314,0.46750760965925,-23.6072836083796,-0.144509591745992,11.160460833535
19.3561648716201,2.45856410298795,-21.5163034551683,-4.89307056154212,13.0127722681623
15.0823532475075,4.85670839348342,-22.0944352881378,-1.65873092767143,11.4041280530283
16.9292341346582,3.96753010555382,-23.4582308472019,3.27883491252895,9.54405950578346
20.3239211369841,1.6831499404832,-23.5422320144362,-27.1097094105717,21.9549404399858
2.37017795892196,-3.97437131714505,-16.9515218205049,-18.6089886955854,19.9786802548516
4.80606087024552,1.55878915613185,-17.7300261665457,-22.2015650226044,22.1442090550558
1.41720168300773,-0.745812743485188,-19.3079294412363,-39.5612189160894,28.3554184235294
-6.87368093825744,-5.3799928566877,-13.8301077196442,-25.0944822960876,21.2161216563156
3.77012772193118,-1.91198912275614,-18.1435288767111,-5.59122046718361,13.7724410874701
15.5718009175625,-0.727302877641902,-21.3986379716272,-14.0526821740761,18.0716268457644
10.2832973377307,-3.56961010777092,-18.3732422019363,-27.2829354559836,23.6793463882759
1.66841777766072,-2.54130228607281,-15.6811232244344,-21.9535201286837,20.8984362791564
4.73311378779597,0.744366817125086,-19.2475996395798,-14.9699166337938,17.8517210432722
9.62098847700665,-0.612749616143158,-20.7751608686034,-9.51015122647992,16.2754329249972
13.048128472124,-2.16152911717664,-20.1101387860296,-17.6908541890903,19.9319806220263
8.03908764398006,-2.87865877961497,-18.0638608691745,-22.8798045114138,21.861530089367
4.7070966463431,-0.822605018994726,-17.8034376202036,-13.7901070247325,18.1734723941548
9.70901315259413,1.08108240043936,-20.8295906641177,-14.5439022122758,18.4100173420932
9.96647473098727,-1.5423868864618,-20.3200815599081,-16.6722214794781,19.5415243604715
8.88142982285378,-2.2637886748386,-18.6996457105122,-13.5754569750461,18.3832658246001
10.4849756094215,-0.438634152611039,-19.8081143640491,-16.9763030029482,19.659445781126
8.52130238553424,-0.644959157682511,-19.6393162043672,-12.639802279398,18.0359453954754
10.9563764356365,0.073891531062233,-20.3491665346154,-13.7602836309345,18.5219354822464
10.4829119654889,-0.958601635617715,-20.3683479276606,-15.1472876959298,19.1934286023999
9.70269620288553,-0.886029679803219,-19.459880588395,-11.7688544656417,18.2328328511886
11.087543232007,0.146079930687204,-20.4579753119526,-18.4938686402518,20.8667844496827
7.30704998138591,-1.11626149956972,-19.2249295850927,-15.6358256224115,19.6464834795357
9.09868346462803,-0.145049949244262,-19.7843324460534,-13.3121691234795,18.5519147629161
10.8067906665966,-0.372460673500052,-20.7633443761392,-14.0165268928995,19.004663176684
10.5137850272725,-0.857748636826644,-19.9295780755959,-11.4878831814615,18.5214305140575
11.3401955270155,-0.0579987427415234,-20.3467129324563,-18.9069406896088,21.5018480592464
6.93449140788679,-1.02868673867409,-19.2140149587318,-19.7750862730185,21.6356895957179
6.60386443031091,-0.449886289366884,-19.2187333747895,-10.8878427542826,17.9780924935027
12.0821526255859,0.46383994781793,-21.411555012541,-12.6379348171743,18.8092712372136
11.3648951616711,-1.18377729678215,-20.4640297949376,-14.617358819818,20.0172627663754
9.80118032722412,-0.816788980996741,-19.4841718968852,-19.3094732707943,21.8189675107396
6.78289624521314,-0.492011518612623,-19.5085185345503,-19.8212326104683,21.7477780646354
6.73858305180543,-0.207766847602951,-19.7306025908886,-12.7355177935591,19.18535755065
10.8055213738756,-0.051356255466557,-21.1058137790544,-17.3898461150884,21.1964080390175
6.77391813370289,-1.9696086877442,-19.6220953754583,-48.1086944306453,32.6218088529099
-10.2245547110721,-5.82539304489777,-14.4237823787355,-42.0916058753432,30.8016377345714
-8.04259337636351,-1.97818581411893,-16.2809038158591,-27.3886956668891,25.2900748918826
0.83041037952967,-2.6071900586443,-20.1671761669514,-45.9014784055785,33.1439514759239
-8.9504670743509,-9.24794711891307,-14.238783574107,-44.5909245526132,31.247691913511
-5.92141630247021,-5.76472607860001,-15.0033131197294,-30.8880414861101,25.1828023340286
2.79541313156147,-2.6228027748103,-20.087158604927,-19.8195884157025,21.010448228567
9.91016867119512,-3.14902013196454,-21.1966113922894,-30.8215991069111,25.9644635226712
3.46486660855201,-5.79582821959694,-18.5123088263553,-32.5548893318973,26.548379298792
2.36973447206157,-3.08310495782189,-18.32887609372,-30.3027654134369,24.9578993526752
4.24334769560944,-1.88105413823552,-21.2331931055523,-22.7818137981832,21.5874634223896
9.68089474205952,-2.16358893605162,-22.0323364499648,-16.8510889101473,19.5557743817518
13.3780350191892,-2.68421032659782,-22.8435447084634,-24.820421553438,22.9359336308708
8.79218410300207,-3.37693262758481,-20.5981997480728,-24.2698764898479,22.4399226007773
8.97273831107072,-0.845591645034383,-21.7751483162325,-20.0258042472118,20.2291073769917
11.885447569769,-0.220877892960107,-23.7303046518315,-17.2910979313314,19.0407219327925
14.1069929670154,-1.27707144956685,-23.7321471714115,-12.1055562545778,17.3553145766558
16.9798873908799,-0.783906190187741,-23.970810178932,-19.0854848190597,20.0724892191391
12.9209691298046,-1.23921172883596,-22.8935176418732,-19.7829153204008,19.9709875243717
12.5608218113282,0.34790540650533,-23.1700104682189,-11.11933069867,16.2646040020953
17.7118671730919,1.53444734572612,-25.7220715638734,-11.261606994065,16.5721743071935
17.74810162458,-0.27652959597529,-24.8411300657178,-12.0852495163577,17.0847335101464
17.1002466035354,0.0291199368866786,-24.0068137984779,-13.6089983157445,17.6430901347082
15.896228772545,1.03151531608341,-24.2953106586425,-12.6760460533457,17.2093324522616
16.1740740423138,1.57960221674798,-24.7194826352423,-9.6455479359705,15.9277648508192
17.9885234419291,1.46307091525939,-25.3137799741905,-10.8162663775411,16.4475043486633
17.3887579806511,0.668662928301883,-24.6402795135016,-11.3115584645416,16.6828964361089
16.9084496882786,1.16215110864876,-24.3557119157369,-12.2830886751315,17.0572852916875
16.0378697924689,1.54887903516152,-24.4862836883254,-13.4829063061551,17.4777479099183
15.2721547333628,1.42718078112198,-24.2827674518696,-12.3901647985676,17.0766062557875
15.7918970630043,1.38139470006506,-24.4033405303366,-13.5906321340605,17.5310985052131
15.1095864363177,0.929301148385727,-24.013694738666,-14.6284530103648,17.9155279108729
14.4602670781619,1.02245552064335,-23.7175784564783,-14.4703158859541,17.8565163709599
14.3895930429715,1.30327816602466,-23.8854673959635,-14.279257511945,17.9433337956955
14.1069215597286,1.26413106894297,-23.8256469648426,-19.322017272943,20.0914805292156
10.9351885035052,0.29835824177831,-22.7592464019433,-21.0066294187528,20.7683008197098
8.09086309783536,0.492589406441931,-22.4000431874599,-48.9908201837526,30.8431337206684
-7.07712208122777,-4.04984675908824,-18.3797655665021,-46.7922149744167,30.8481107461122
-7.14398288786409,-2.16303545339049,-18.2024061632072,-31.8267200501373,25.2074453509404
1.79549080414509,-2.02689461925095,-22.1152347921279,-58.4278781450169,35.9017867830722
-12.5020079184402,-9.36779493789816,-15.2850841974169,-50.0628584386053,31.0353081926811
-5.35137194866715,-4.20842912561442,-17.3445633902763,-33.499832163698,23.8349945028064
5.18232322191699,-2.00311050615976,-23.3334641244115,-31.8885854606717,23.5893130230677
6.85970047287088,-4.49294380257657,-21.4711636362439,-41.5711333243974,27.7897084266822
1.03836708787815,-5.1530318164131,-19.6433640354078,-43.6213323802022,28.0527451700127
0.147643291997687,-2.59767579050187,-20.2461225309043,-37.0758554490423,24.5821534369382
4.93755485811703,-1.49096383932777,-23.4416487658549,-28.2316031050373,20.5593292293127
11.5256263975178,-2.17660507820568,-24.4268813448423,-26.4392356508722,20.0847258377979
12.9184530627015,-2.83152936596518,-24.1447881214307,-31.1308141128691,21.9458802754215
10.0844366046639,-1.87945701880564,-23.0631216590061,-32.1541457109351,21.8191427888052
9.55038509612081,0.0135571879245635,-24.3022785216268,-24.0859829906882,18.1292473513295
14.7352172660912,1.01146594897023,-26.3809690830271,-20.8740252460381,16.566687439068
17.4213669158558,-0.242118847629075,-26.6853167178422,-18.6856977662653,15.661516576051
18.9862996908262,0.247908006224199,-26.1636171773011,-19.1171101299215,15.5900386536644
18.6408956597994,1.56605765261382,-26.7059272712054,-18.3086778888378,14.9558974486313
19.1105944860641,2.69950582654579,-27.1014374509392,-8.79212816777817,11.0044236689572
24.5980365953087,4.04854879284967,-29.1210057578088,-9.95578866098148,11.1985071919595
24.3900462945483,2.78599571745851,-28.4861132735886,-8.72561978159126,10.5133748775094
25.0630686310658,3.94733708008354,-28.0764279731273,-0.868832613736544,7.21952459695589
29.2186984490074,6.22394888934201,-30.0855779263323,-3.73518913496116,8.30138051407945
27.3652775978213,5.20482635517862,-29.2669156158617,3.32285442480365,5.0800342182485
31.5514355298721,7.05409769549035,-30.1437069478856,8.12728450524592,3.09136560242173
34.1014112506015,7.63943632689079,-31.2805385383744,8.64855114242719,3.34283168669131
33.325151711149,6.13337152144327,-30.0965412081213,21.8725852035627,-5.0337859276986
44.432679337804,9.66713166201968,-33.8704101935609,53.7714276833195,-16.3443121775998
60.7591466778176,14.0022545338787,-38.8209805248571,45.6599941202018,-9.29962672517967
50.4843428896313,10.7552537916692,-33.9140712723333,-6.46618796874865,13.0018606832996
15.9803061031932,6.52841450495839,-22.7364809719052,-12.8620324948228,13.2405360844409
12.4498705024663,12.1503426546727,-25.2533477584944,25.6493793009143,-3.89792009574964
36.8648744684661,13.9460877586797,-34.76170760479,42.2428745465335,-9.37510047729211
47.5225109771328,7.15490748731651,-32.6064475501555,20.2936890123123,1.74945759739414
32.0586607402322,4.61586858208745,-23.9632901701376,-3.37030614454326,11.6577302118939
14.7831742729614,10.0093704954574,-21.3350668573714,-2.92377010449874,10.4608587484775
13.8816534121655,13.2121061442651,-25.4550362558028,13.7777664053246,3.09154876210333
24.9482171387577,9.86086791538125,-28.0484619198348,19.461868407032,1.60904241949768
29.050213192713,5.01602087247061,-25.3618737309332,7.84129780161256,7.47612340345098
20.7742699218423,5.10758671457423,-22.4954246852094,-81.2484953588928,42.6531779727853
-33.1992283953703,-3.98645007929262,-8.59768333574148,-43.3930718367907,29.4941297704591
-15.612010500761,9.14335870858828,-16.2074621492891,-37.5552557098606,28.8955198783428
-12.8426530247245,-2.48610400345646,-20.2363651809065,-82.773173626114,45.7879632001379
-33.658282561714,-15.6332766480412,-2.95335809860959,-56.3400652498931,31.6821527928063
-13.3654534353199,-2.98868049739923,-13.1291780195932,-12.4862960231155,14.1250968841865
12.9488225728244,2.85404270790533,-23.2754037268931,-19.4633712656447,18.9174716372371
8.18269984814139,-3.9764930453764,-19.1363441355002,-51.1915270769943,32.5646577286465
-11.5841106724974,-5.44563884197512,-11.3075076387159,-52.3076871792,31.8487330238997
-12.4245061680375,0.87384275892964,-15.7052508205468,-36.491110186309,24.0732770423756
-1.04261438613693,1.10136426553566,-20.9791959587469,-20.3314661698707,17.6123482028821
10.5341098214136,-2.29420062233356,-21.9526509256239,-24.3113356186848,20.047434547825
8.5669502818588,-4.02042842106494,-18.9453109115448,-35.2490103109743,24.7860016202219
1.08134935015122,-0.951107353181541,-17.5110034248276,-34.9253019675092,24.1873383391981
0.701763134630609,2.29846957249238,-20.2853831564067,-29.0089639686544,21.1517970161186
5.2230623612989,0.949652629220109,-22.3404375513794,-21.9424706054211,18.2249625848208
10.6954261541068,-1.08180569999663,-22.3132243324948,-20.3868683360924,18.0031383790588
11.7872116574372,-0.961252745496882,-21.6358729871612,-26.1876432456651,20.5811402739981
7.74842393608463,0.372353535336642,-20.8074411739816,-24.2687843956733,19.6158761367156
8.52115859824883,2.45745241228173,-22.3405693845062,-20.9472605309462,17.8210190720852
11.0875992487282,1.83496068210327,-23.6915008449956,-17.3687516695085,16.3349132292212
13.8055500058618,0.89887949733629,-23.4404324703765,-12.8113104162315,14.8375479336068
16.3106267804324,1.68522627982897,-23.8271440107635,-18.8603487772161,17.3423887175671
12.4594732044249,1.60418525962155,-22.7537509857744,-17.0486877804261,16.4059258772082
13.3432317297853,3.32064932810576,-23.5480557394199,-13.7481387594287,14.7869708705155
15.4897452196255,3.26001827394444,-24.912384783913,-12.3161882690892,14.303084614466
16.4663304045188,2.49389208907144,-24.2715264445284,-10.4490059167705,13.9928158791445
17.0093063580791,2.92151625679115,-24.2266384466721,-17.1807151383021,16.6686394544661
12.7902099972444,2.62166477294372,-23.0579281905141,-18.0895525099134,16.8020947278632
12.1348564853368,3.50015259483124,-23.2200719909201,-10.3662894558386,13.5233349221883
16.8150612365123,4.21555284419407,-25.055628042977,-10.5477534692312,13.600483960961
16.9984617298051,2.8220829877852,-24.345147354018,-11.7208172367049,14.443784736526
15.8402073175115,3.10608140948324,-23.3370030553889,-15.817253180218,16.0132033011803
13.0679620924584,3.59692887377272,-23.1665758728175,-15.3260720929674,15.5108356359495
13.4058641007994,4.32304339814501,-23.5263765473156,-9.05635034429466,13.2049498893894
16.8255717029382,4.44800371097865,-24.6697549661242,-13.5464756156998,15.0134738878488
14.3737157322124,2.76383304906297,-23.1132001162712,-15.1811535108577,15.6100904899919
13.3354713568762,3.5611081552141,-22.5603433371581,-13.3364016005485,14.6140381005458
14.372371843961,4.56804291999648,-23.6862592492538,-11.196495334596,13.7050640909855
15.5944703947949,4.43958088260958,-23.873283967065,-10.3037137122356,13.6686568811701
15.7778493541227,3.98759033733797,-23.5552557029164,-15.8023026297861,15.8573679284204
12.4716772844369,3.42485889154077,-22.3134856468669,-15.7472237663863,15.6102096342011
12.4689666377136,4.43363768415357,-22.5915722783065,-10.3287918403172,13.2384751609578
15.7766639318091,5.03429151544002,-24.0014387144426,-9.78178814786451,13.0040430861607
16.3688696792201,4.15814937341075,-23.558921919893,-9.07490023693092,13.0813995858406
16.315558227004,4.48326871088894,-23.0658673979006,-13.2137334950446,14.6111862502289
13.7827669811927,4.56273075842564,-22.6357546958685,-12.0308606887199,13.8238771495649
14.5448902407834,5.49971034494938,-23.0622352717237,-5.02807838632556,11.0283450444643
18.5643237158298,5.99930672201265,-24.5208117311224,-8.260470672306,12.4347446222051
16.8586961360875,4.48598975451582,-23.1951235164114,-6.76760353378548,11.9761037193266
17.3710228981062,5.67290790924131,-23.0234336913703,-6.89536958260452,11.7878731337758
17.1790454751217,6.21795917412552,-23.7054298911514,-6.94227256515997,11.6740647320632
17.2570946058143,6.2256609905109,-23.417496557595,0.885948855196894,8.85413534403368
21.3227100278886,7.18883410029732,-24.6429582111885,-4.38399591194206,10.9948956429954
18.241586356663,5.69929681685344,-23.2873777521427,-6.22586876625093,11.6189084597295
16.9543328962003,6.58420493789539,-22.5800764802598,-0.0588462712798393,8.95160729569906
20.3374445805874,8.09648916832299,-24.5037401533928,-0.651349249644375,9.34757860120935
19.8665298671156,6.96582521008784,-23.8600780152826,0.0921356733835996,9.46234212225579
19.6673288277966,7.08700643934797,-23.1733603771593,-4.23535724319832,11.144435082372
16.8710460018043,6.92012157790041,-22.564054815859,-3.7569656020087,10.7282396193428
17.0344110030703,7.73876540571771,-22.6593909891399,2.12802839834849,8.3914160049257
20.2489034221936,8.2112353893346,-23.9156986152996,-0.68760103798861,9.73860608693033
18.46751135261,6.78168566227899,-22.5891513374724,-0.649119897200194,9.93349812774719
17.9905254427515,7.49455779171187,-22.082869176162,-2.08696228580928,10.386505360045
16.8491990348116,7.8281159544072,-22.2959717935281,-1.98481201504487,10.2493284712916
16.8667293738716,7.88398487072902,-22.1453089710988,2.18517859856849,8.83762159131379
18.8557370658605,8.07594617991704,-22.6910718510275,-1.22074181131818,10.3821128543861
16.6455907594196,7.03070105471682,-21.52037767868,-3.84625742862068,11.493707787092
14.7417426923904,7.35262179922554,-20.7603553482786,-1.26197347452384,10.3144404567809
16.0709454197591,8.22910464073754,-21.6646316058529,-0.91496182861257,10.1977196658048
16.2478768990647,7.60050702107005,-21.5230016641233,0.737376663245537,9.8383671554053
16.8361815133312,7.52462861001665,-21.1606660785884,-2.74875005925594,11.329551012995
14.5417850479886,7.10071495082315,-20.4360391638264,-3.69412847622209,11.6546058817798
13.7552031391314,7.66651678201313,-20.2110229311871,-1.9553177046608,10.9593876021156
14.5329098391613,7.8387242829914,-20.8391744557319,-2.83225771246639,11.4846367503222
13.8865697928638,7.02854400142208,-20.163438195881,-2.84061029944845,11.7180811584318
13.5539278374812,7.00264308531859,-19.796755461707,-5.28859589513296,12.659474510286
12.011513223754,6.84528995885053,-19.3861006595011,-5.22763046672934,12.5213474223343
12.0845565504212,7.14995567376688,-19.5216711673643,-4.62932658571665,12.4006705661837
12.2142311454315,6.88928258205278,-19.6382402337792,-5.17393421640349,12.9004307369419
11.6242560492889,6.42495166275744,-19.0777766290414,-7.84345505041878,14.160091070925
9.76726700356078,6.06629345644351,-18.433770270246,-9.03561082107558,14.4924750947655
9.14726826292604,6.23264004631195,-18.3220417224472,-7.23853804060948,13.6118857696923
10.4397784356316,6.40276630630143,-18.9076799874534,-4.55579565208791,12.7124291666978
11.9505439784732,6.20703226036411,-19.0785428265129,-6.74932349203598,13.8043785321627
10.5252191790708,5.57561570823231,-18.3506421820759,-9.34218082268228,14.9031501104998
8.8070668960347,5.8138677581444,-18.0130129498031,-17.3551529720068,17.9928340916883
4.01495627512906,4.83351157081666,-17.0760534482833,-12.6756885430381,16.4047616596306
6.4260843639521,5.66329173429209,-17.7341888402684,-11.4755165123353,16.2175004642388
7.09088874177993,4.40681135973566,-18.0345469491981,-17.7867798792669,18.6150880759897
3.99464702601511,3.03305288910688,-16.0214659382969,-15.1616819414032,17.1448692278134
6.05621155691891,4.67172238799188,-17.474167972688,-19.7988132014985,18.9785255492602
3.37347240348142,3.54112102008032,-17.1026020992227,-16.1538824095804,18.1809262676867
4.91673421840247,3.89366732136705,-17.0933287981101,-21.0865737263028,20.5286581021615
1.79616104750221,2.34661943619545,-16.8103938868547,-46.322309691737,30.0404110610746
-12.1330692877993,-1.25639951912475,-12.164015067069,-29.5543586111414,23.3180892195913
-2.36338296187314,3.41611288334168,-16.3866030763485,-35.4132323639,26.0627699841615
-5.53785687530528,-1.2389184351064,-16.1688541983631,-43.0093076622902,29.5303007140804
-9.32007071838478,-3.00629444400027,-12.0778915020193,-41.0734168532449,28.1596458459794
-7.27749207334576,-1.03421288659908,-14.9766235835801,-51.655789184886,31.508169122488
-11.8912740027135,-2.99561957219028,-13.6000943582883,-35.6693260830499,25.1722039441191
-1.94486895094457,-0.463982409045557,-16.8436793264363,-34.0767877489928,25.1320480923085
-0.766115525747921,-2.70479032932084,-17.1222699919324,-46.867002275135,30.058790537278
-7.23620049164866,-4.26361315411928,-13.7696773017429,-42.7708171424543,27.3299753515276
-3.57111534273908,-0.812194256933689,-16.5985053567504,-27.592487566572,20.7320440467847
6.37856486379853,0.729815928056174,-20.63764176408,-25.0666270084558,19.8741548807204
8.7633550581546,-1.50639900101177,-20.2496981744478,-30.7124918490968,22.4060184399593
5.55083616840924,-1.65299810950065,-18.3200175346232,-28.8812087824632,21.4166633327407
6.52994419027653,1.21710183372952,-20.0010162439584,-27.1747260867251,20.1182532437364
8.20004028595436,1.60809579959312,-21.5221747795368,-19.4557272781552,16.88966907332
13.3404340160973,1.59816717830175,-22.6373315119062,-18.8724555935184,16.737733915335
14.0587879905995,0.745747908427676,-22.4225742970352,-21.3618122947668,17.8236190396622
12.4811861442722,1.52793905381025,-21.4612890744335,-14.0252824271114,14.9548220324677
16.3038032338474,4.06593431253413,-23.6153356723312,-17.7541997611579,16.0159596145517
14.6604002434751,2.77837666963162,-23.3097270585009,-11.0713458624972,13.1049595031446
18.964884717343,3.99002296712281,-24.0303314543653,-6.30668766619093,11.1678545018851
21.7572454644369,4.35780258826943,-25.337971152308,-9.57467601870208,12.7518020672393
19.4304110782092,3.98924372033131,-23.9055617877791,-11.6355586846083,13.7012725039391
17.539290972489,4.86137103092275,-23.8967629131361,-11.9462545255375,13.8335417194227
16.9030422656712,5.12280913960542,-24.1031104203175,-10.695140861514,13.1731838059177
17.7555860801033,4.74839746692915,-24.409286347762,-12.5212723768392,13.8679929761863
16.7775838283541,3.91588277693058,-23.6556299691059,-10.3384543755449,13.2483607880545
17.6178628311441,4.58184629111355,-23.6905902632136,-10.8188378997456,13.5039367142676
17.0559836000817,4.65359078341022,-23.7203230416944,-12.6302135712193,14.1001239995415
15.986659606103,4.54345274435305,-23.2442539821168,-10.4477633185575,13.0657568233955
17.2940874466264,4.96824431102619,-23.7822356709435,-6.41512686386557,11.3960925668257
19.7057902386795,5.25578322069676,-24.3771721369423,-6.695034204358,11.6772268351933
19.2983439247534,4.83236989614745,-23.9382202601257,-8.40451715647146,12.3752045358066
18.0318518512735,5.15852653685944,-23.4028085446077,-6.96712114020843,11.8811829055445
18.3769903275713,5.96220176085888,-23.9131523166574,-7.53252789940488,12.1920899987191
17.7259552393513,5.41497506144169,-23.6885488290701,-6.58383708302349,11.5888222435248
18.497575363569,5.42328821429554,-23.6302320137938,-3.79635765971926,10.554439965082
19.8910497532382,5.8345784113899,-24.0295304997274,-4.69229041435304,11.2562591846328
18.7573917932399,5.2515203376157,-23.4460966364581,-4.61778631469223,10.7198978437734
19.2022022219876,5.80095975625311,-23.5727691375655,1.95352062473455,8.36367842066716
22.3827351377554,6.33359408841331,-24.7988485219521,4.33995262728918,7.06016791985979
24.1797607307485,6.13012763112787,-25.0256345419508,6.90061130909429,7.08506639722562
24.0500472860702,6.63338880876522,-24.5769835251423,-1.41419757167807,11.5109032566724
17.196732992723,5.64534021375425,-22.5529155577009,-14.4220144207353,16.631986324417
8.99304558066857,4.77717809275366,-20.3174628231646,-8.51864355493788,13.6721999859395
12.7557554463052,6.13251645163465,-22.2639751027389,-0.908127696603545,10.6873332788019
17.5478861183807,4.88968454436568,-23.3700060292546,-3.1173429360178,12.3806254266063
15.8049476213911,3.12384551006253,-21.0832350313493,-12.2023330884446,16.5794107384868
9.37960020936474,3.3172458076034,-19.190513291035,-19.7121514921683,19.4370626151068
4.43310758429831,4.0300613298395,-18.7926521159587,-15.2149397405616,17.4263520084228
7.07999085081123,4.27472217224035,-20.331540062296,-12.62962111362,16.5254582542529
9.08267270741366,2.2069684423347,-20.2074063295478,-17.5915895232604,19.0600755682041
6.06691547097795,0.675592532083779,-18.0320733693886,-21.5326304156818,20.8169658612189
3.27806368677667,1.7005033912544,-17.5633240540365,-26.8577819232168,22.7837670837133
0.101413461967643,1.59903380015287,-17.5758563352963,-23.6240707230915,21.4139161340016
2.32555467742103,1.4794993408967,-18.3075596637673,-20.8181230573315,20.4429985612735
4.15428828796007,0.323821438390683,-18.6571302552164,-30.274390345799,24.3855311505708
-1.04376203106372,-1.61366533355378,-16.2612090838622,-31.9453323099297,25.1709776933041
-2.48413068075253,-0.200965563063705,-16.3612745608758,-33.7318563514843,25.6923895633501
-3.22582696533025,-0.542917752355711,-17.2761304849668,-40.3542702676246,28.3682491270733
-6.59617449182784,-2.72821079112276,-15.8176115500026,-33.9917570937081,25.8928596766863
-2.58931758875899,-1.89139746897242,-17.0528121053597,-45.3211207501579,30.4427125010639
-8.66480757266444,-4.65043961934238,-15.3909883997741,-45.205314991127,30.4271161778797
-8.23711283726595,-3.45479795466379,-15.0445254541233,-40.7609905860589,28.4324056613089
-4.99341492897761,-3.04384151800024,-16.4379646392691,4.94837512415643,10.3995630936019
22.7418764394186,3.17608152922301,-23.6432478878551,-16.1850686763077,16.884065275801
13.9899703342572,-3.6510706937517,-21.0431616155395,-9.35015609010878,12.9459083125184
19.2413449883632,3.10747371679804,-20.5266370699868,19.3616159311227,2.55562361447212
33.1390084203621,9.26527851770712,-30.338732509756,-2.88748353379642,14.0272012049629
17.0691546995559,1.76946134111643,-22.3316682084171,-27.93617723386,24.3119256734274
1.29033591058705,0.62743092768209,-17.5545163041397,-24.7262299215655,21.5632044216585
3.95799390251899,4.14806697427438,-20.7698978410506,-2.32898082962353,11.864009676756
18.5375732631015,4.47841099839506,-28.6679164213537,-126.923279997995,61.7277256052587
-53.9123978617463,-20.6774393235328,-4.27551290573425,-77.1210419789116,47.6016640457258
-33.2979765089137,-1.15059851686769,-9.14682134188918,-89.543054664589,55.7236919749
-43.9175339589611,-12.9457819175456,-14.3900429310564,-167.45563564142,82.8305496973665
-79.8656499800415,-29.7681996179597,8.76629036871094,-96.8844155629854,47.098548041129
-27.9653566148425,-10.3164001290813,-14.2228600025717,-3.77862306680723,9.74337765854809
30.5071651198596,-5.10070057142558,-31.8683696092243,-26.2427230277032,23.390813762146
15.6293918909273,-17.5018723034352,-19.7772858823185,-87.7015686682259,49.8615549575066
-24.4112103232338,-13.7831465003801,-6.90540710011381,-92.7617378655483,48.5294372077565
-27.6796166192928,-0.96493218410745,-17.6834659280917,-49.4735703674055,28.0391309107947
2.34540321900741,-1.49360964839917,-29.5190028961358,-10.4687869069036,12.7545150951761
29.6603590782551,-9.75445469985084,-31.5937236248707,-28.670271303977,22.3659643208061
18.7595216649098,-13.8152223811397,-22.209498383912,-56.755605035809,34.0532290002352
-0.694033582721161,-5.11966731416215,-19.3320704841191,-47.4553559102715,28.8337846509141
3.46685069126347,3.3508486420938,-27.8773596990047,-29.9214894120474,20.3527297424046
16.2759695149053,-1.60370205302047,-32.4065860200946,-14.2855481296697,13.9000958442922
28.496159442608,-6.36251679890742,-31.0505981019119,-15.540478092469,15.5825965163011
27.0433817212201,-5.09483265618492,-28.8648901068397,-30.9443665098063,22.593244210592
15.326641462897,0.00155278028954609,-26.7123002432582,-36.508805931502,26.4146242832894
7.98933762842987,2.33611271649132,-27.7767732777442,-56.2944293644344,31.8851628764806
-0.612850730517263,-3.44080651845563,-25.3030783783182,-13.8589227922894,12.1756037622445
29.0431437947062,1.62699031302807,-32.8430212356129,14.772981238701,-0.0781938160795092
48.5074939117236,1.24927185241787,-38.1367311741219,5.18366760874842,5.74903077896478
40.7427223523223,0.636553458709184,-30.7349046757189,31.9678707818639,-3.32608465538659
52.0952376250929,12.5188250251885,-36.9894799300101,-4.60852109977109,9.35425024573484
31.0492057964984,4.49445880371946,-33.7351740114046,27.337115441137,-10.097858419349
57.5440353893152,12.5969056948687,-40.1893559568228,132.633712426005,-49.0944802951164
115.160705329059,23.7670419089292,-60.0964261421023,82.7828029840968,-21.0927551803442
76.4259150333825,6.93585186005327,-40.0766472141196,-22.563133885076,23.7699018710124
6.63753304077784,5.59079446994415,-17.5579618722544,-26.3110087007766,20.0630338981253
3.98246183128273,20.5632669116314,-29.3365380239005,42.8816401133697,-11.2141774657562
49.3481254146874,19.0967614025284,-45.5182234059426,83.6083579830878,-24.5022848734411
75.0788452178427,5.46449198082153,-41.6372126942922,30.0598632721409,1.28859493875834
39.4151085353529,-1.1032649247907,-22.8954124417278,-17.3849193420972,20.6590386032938
5.55117585649447,11.8228198468447,-18.130511770201,-6.69993612848622,13.6140771529334
10.3025022486548,19.8115460282056,-29.9736964995677,28.0200938331802,-1.38436810702391
34.6543088799396,11.2232158899435,-34.5917096281526,53.9841597182472,-9.07884199784366
50.4903558658197,3.93469878181616,-30.886570689474,18.9507572233628,6.53397763433903
28.3215930778369,2.55840669573255,-20.7331314746702,-9.46147789855893,17.597011418364
8.11512260512256,11.5047363335206,-18.9963362344654,13.1713094963886,7.16111906082431
20.1823724575319,17.4886857161641,-29.0057354070028,24.0030761337661,3.51204590718654
27.1769830791691,8.02892997254554,-28.6499318526749,13.0746223798223,9.60767022482847
20.7186676184443,1.57717108448702,-20.5312774039163,-7.5492787698102,18.6506185317362
6.76539665308863,4.13901695119365,-16.7872344886567,-10.6187056210814,19.3587391362381
3.64957419255216,9.15407315769617,-19.183895158361,-3.98000646141665,16.4272998780298
7.58584267365635,7.2877202399437,-21.9156131542306,-0.953160450945687,15.8423220931613
10.0854232384423,2.57246866160486,-19.8562603954001,-13.6307925819671,21.986062982636
2.09791731669143,-0.0310200581092859,-15.8021080408643,-22.7752907897063,26.0687148765299
-4.30103508016193,2.21362695987564,-14.422922911243,-23.760322792073,26.1909111681303
-5.06901538542581,3.22409130557468,-16.672828513917,-29.3023037016214,28.3095667471839
-7.52887409721951,-0.401786799935122,-15.4385252162667,-24.3392298047616,26.9362124723141
-6.42125702618011,-1.27665361545775,-15.2800797536034,-66.517191913,43.4144814485658
-30.0554984511611,-8.70468851605704,-8.29428615859194,-82.3710256446547,50.6433586118477
-40.7305029640065,-7.2143207901754,-5.29757936632887,-55.9670911690603,40.2628540805778
-23.5224070473351,-4.17147871915747,-13.5383415488403,-67.0445888694493,45.7363956408228
-28.5220337121936,-13.210893004621,-9.19949641767066,-63.7524198726343,42.7274711546202
-22.0797217024735,-11.4188005586066,-8.61922615821313,-56.5471439990796,39.1597632757684
-16.5067649765649,-6.25461864408268,-13.6593196003531,-62.9799751942202,44.8615873360682
-23.6010620363851,-7.91180941327845,-11.2013596571143,-106.215990660063,61.9177323661633
-47.9865121793649,-14.6816181935447,-4.57448525647762,-98.9143534301864,55.3159737119731
-38.2587960747687,-10.4114291286682,-8.75058974297213,-50.728352071846,33.6892344318782
-4.86707632051955,-7.0326267814878,-21.3504542922165,-33.0935549398627,27.9446242355424
7.50752980520092,-11.2541471106719,-20.2882872701302,-54.3490355892653,38.6934805078781
-6.7957911419012,-11.7998877062393,-14.3704341603297,-79.2705710316909,48.0517491358774
-22.6008925018013,-6.89028230009188,-13.3667335188922,-71.494544427546,42.5082810098362
-16.0286435824708,-3.42052842951589,-20.2573695364468,-38.1465218012576,28.1625731867999
6.84955963344354,-5.17767753638981,-26.4302963690731,-32.1662594797094,26.6506484908339
10.9864571139287,-10.472011906139,-24.0662941754011,-69.1651526895709,41.6861979922789
-10.5574153023121,-12.262984886374,-16.0440059493894,-74.3382495633265,43.6279938040619
-15.3413236944707,-4.27902355155923,-18.9512516727009,-51.3770713228516,33.4817363459531
-0.955975681763418,-2.31329999697779,-26.9252593231589,-50.3925881540471,32.6139263463092
2.71589255394159,-10.0580899762155,-24.9674690354587,-47.4256075730122,30.7600791762062
9.24816024898523,-9.6140587258547,-23.3435747543958,-1.10250107663159,13.2994368960549
35.0013880458147,1.85133295863456,-32.8123750950925,-3.74353669137474,13.2313654935088
34.962607204047,0.199863626422052,-33.890690456177,-26.0704232674437,21.3994794984832
22.1858823541373,-2.16852826024657,-28.7714782763805,21.9077293984568,-0.924891608225806
52.9852763050409,9.7823296905845,-41.5075845592224,46.758497902761,-7.90366626376939
63.837671463707,7.58953738660085,-45.1039498573345,13.0749990642805,9.53925229274157
39.1187347079762,0.954095814170896,-32.2149558018036,-33.318803931697,28.6138809157391
8.18873231873922,2.25636546770217,-25.7128670369619,-23.7558025015584,21.6060437810747
15.2316816260423,8.89074759745006,-32.3630708337702,16.2999492247063,4.39973561864079
41.1405266433305,6.99576181137789,-40.70744947683,24.5784013489794,2.77454327782748
46.7151854447277,-0.321030920801219,-35.5324529381514,-4.04922609771532,16.391936446927
26.8806040640559,-0.541795913041204,-27.3107721470272,-19.0921636596143,22.5115409773309
14.772548915249,6.95863574078697,-27.4871332621511,-16.6750119740954,20.0360321984754
16.1507081593027,7.77647360076996,-32.280076429678,0.161118982839184,12.6434579514738
28.0724763455641,3.56630968072176,-33.3099199496425,11.7213921237248,9.05520101345325
35.2346903912042,1.03507422903093,-32.2330807614824,-6.08866863207846,17.1974703076358
22.2218758894807,0.851029852343493,-27.0178202880871,-36.7933002866229,28.8745316558388
2.87818039357688,2.17728432068955,-23.7538687834648,-29.6515127942245,25.8120740739267
5.8257593626512,5.19640947952074,-27.4282822080334,-10.9882115788394,18.4734550075069
17.6369570731031,1.95719139626071,-30.563580595235,-25.4072374354237,25.0461930061271
10.115112055003,-5.06018873408986,-24.0279087747829,-32.8363512711475,27.5463625099198
6.41276418847238,-1.629991526765,-22.343132184372,-24.1519970965642,23.6714083456434
10.8920160261992,3.12847858438414,-26.9811034145676,-18.3746593628785,21.1505615078922
14.8515363810651,1.59743775482484,-28.1697058522915,-20.958625340466,22.5232701315021
13.7441380956198,-1.11285193935174,-26.2967967550597,-21.9284762791695,23.3120128526919
12.8209250914884,-0.178401725911503,-25.4836385414841,-28.1046435431161,25.6197907275013
9.02547950544217,0.491136182563669,-25.4414372150551,-25.1533954853532,24.0853640542345
10.998418797382,1.50901315778282,-26.4123910863859,-18.5519804069806,21.308830672319
15.3345337546071,1.05825244389796,-27.9869779538367,-19.8634981428425,22.0217604217502
14.9761439785435,-0.244873086169775,-26.6228288721095,-20.3855589645535,22.6653506952474
14.0732746982365,0.78121587652523,-26.3379593295075,-24.9144164521826,24.2945254862015
11.3587426995458,1.14096375711055,-26.2500856438842,-23.0711937542522,23.2074901218709
12.7327143946026,1.76617934242706,-26.9832396900641,-14.1126366215698,19.7313011275206
18.1007785391155,2.09314235354286,-28.596385307853,-19.5328808338964,22.0483836149667
15.1986716166894,0.159985009776912,-26.8474758607553,-18.2653704079871,21.6238155560905
15.7128395041159,1.92056505691231,-26.7642253418142,-18.3405174283462,21.3676979186462
15.6373561824116,2.55293544313302,-27.9949457284087,-17.5858652000101,20.9709362828981
16.2871762665589,2.37361819383496,-27.6888605068588,-9.21911954980192,18.0570245255293
20.7383142951431,3.1798607366696,-29.0641278344738,-17.2248786112789,21.2805949300522
16.202784890696,1.390161409422,-27.2010115596711,-19.4263755720685,21.9920471274616
14.8108196129733,2.67218863151164,-26.6642358842348,-8.54848236607837,17.4705626399262
21.0620821413011,4.81983339473486,-29.6964726464451,-11.1594347013429,18.5954090608028
19.7602705089864,2.66215201169772,-28.6307132407647,-9.74768256031348,18.3942123808983
20.1832866924133,3.32448149168519,-27.8706033575424,-13.3521452283316,19.7904698713525
17.7617506442451,3.57601078702715,-27.981391276138,-13.9255916395268,19.9045414134941
17.2598063010148,4.16647714166197,-27.6929120208301,-6.1417863138877,16.9593423091484
21.4814011980298,4.95187094777333,-29.4168777868846,-11.8009750131646,19.3190660953681
18.337233117706,2.89331134939518,-27.6326296409532,-9.16260322841146,18.3716486544904
19.6057187002827,4.38569903668125,-27.6587984750138,-9.22515860577653,18.2176409965639
19.4379758829211,4.6995082588331,-28.4932140713444,-10.5184296241596,18.6995735029271
18.7186711843005,4.4331415235645,-27.7251015039973,-4.11789027566192,16.511963132322
21.8624289018144,5.36321292380408,-28.8510492079932,-11.5771426758235,19.5000103485375
17.5171797092977,3.62693694920248,-27.2213497109163,-13.9866168353152,20.3663225527059
15.9506098536495,4.34981584179551,-26.5187475754716,-7.15062311586487,17.503859531837
19.8151352375204,5.67561118347235,-28.5532926516562,-8.57924760994666,18.2814382951634
18.8741209966512,4.08216055544487,-27.7322472408904,-11.6159473987132,19.7096791457894
16.8390633060762,3.76882936781928,-26.5013474491029,-13.1440239326747,20.5201660935982
15.3098508758708,4.38983870802539,-26.5377185463593,-14.9081418270381,21.2912210493786
13.9796036276142,4.16754353245863,-26.3527995083763,-15.3847331262403,21.4920949918581
13.7077866951675,3.63329717316368,-26.1889985320605,-14.6386048888936,21.2558982474647
14.1612446909991,3.31613723441423,-26.0877861069498,-16.5293131576981,22.1571596550294
12.9574313781349,2.89505844209508,-25.5620412484218,-18.1207291323336,22.9459641030791
11.7879799254774,3.01028658939713,-25.2039381020925,-18.8510443657465,23.2957672570316
11.1651367975256,2.99419963144051,-25.317028644492,-20.6266818178637,23.9680917071863
10.2710558922029,2.40007672642678,-24.9966108677297,-20.0873229632018,23.8209531659344
10.5486875661416,2.29296655674134,-25.0208973084587,-21.7714602057375,24.5540628674817
9.64431720621616,1.81094768004669,-24.7288752786716,-23.5083898596107,25.4085336414507
8.53024181213798,1.66040624359073,-24.3186828411218,-23.3467059291888,25.3494973909699
8.55435568229934,1.76616459204894,-24.6012063326566,-27.007490989314,26.6904365204405
6.7458780418871,0.878213418329798,-24.0879330764591,-25.5190724080938,26.1426497025359
7.43459003896909,1.18034672861134,-24.3178595220926,-29.9131952223746,27.8478151853214
5.13807555528297,0.060153802286468,-23.8605582324672,-32.6068431394183,29.1163816052301
3.5274606768671,-0.165222817761875,-23.0996579167833,-29.4235130835017,27.8060732781382
4.26835329622526,0.336500551896397,-24.2412839062412,-56.025796288523,37.5989625636631
-9.95291343922111,-4.7042162143081,-19.8889802342353,-50.4186210839782,35.8251839244387
-7.22888444541914,-1.86399123958997,-20.6627521590617,-37.310497383029,30.8645015162473
0.672234069326262,-1.87435366091944,-24.5887489632221,-57.3426679450852,38.8256244872654
-9.61107870913695,-7.69929260608873,-19.0766572414295,-50.9881836373209,35.1822792762666
-4.10217379922393,-3.69225140041203,-21.0097169228712,-37.3232849012678,29.2340242908414
4.74301152181699,-1.68710408322281,-25.808528273323,-34.4079222429225,28.3694466000655
7.12833009772126,-3.40568004522234,-25.0381393420897,-41.8547697149033,31.6901633933754
2.7918617990914,-4.23193186828203,-23.4855308099956,-42.8467925943226,31.711477436581
2.48112439609642,-2.05580047556622,-24.1780483039046,-36.9550106880742,28.8194301517366
6.59461965149913,-0.979493853188798,-26.8625052859157,-30.7186287928024,26.2155269473586
11.0735655661603,-1.87455033612581,-27.5446808989026,-29.5080966045882,25.6749301562211
12.4478985548021,-2.30214378409204,-27.4321010773645,-28.9813032199355,25.7227216945537
12.4830184737744,-1.33941341949382,-27.4362086343861,-27.3171135515227,24.4504877435984
13.9662796580997,0.102854293252642,-28.8633036737082,-20.9385093590808,22.0203084650976
17.4968442300156,0.896535500823704,-30.1976961179636,-21.8557178008205,22.8727095906233
16.5482043999787,-0.933370318092722,-29.6742810826041,-24.3910324024792,22.76679293352
16.5397945350393,-0.570542710721305,-29.324514931321,-7.81364036869087,16.4873002180644
25.5200873984535,2.85816845574561,-32.8593140351057,-8.44986257824677,18.0047865009682
23.5638980436444,1.18621763516414,-32.0558707425212,-29.3088956083361,27.1154127659846
10.0606647722352,-1.33410286345558,-26.9992580338882,-31.721594774959,27.5127869313943
8.47365047820572,1.32223925510182,-28.0835910300116,-25.420493748494,24.389112153373
12.7893426471933,1.12138922646351,-30.6083521404749,-18.5765220906783,21.8017376142609
17.5852153050519,-0.705911314355914,-30.3257159229608,-21.3969802198516,23.4780622706099
15.7655073549536,-1.60357823770289,-28.9078523211705,-35.5090478958973,29.3330160560208
6.81465654573353,-1.61569351730231,-26.3720982713038,-34.3226155269941,28.6006684248439
7.14022402015765,0.830813533496775,-28.194326600612,-36.972165418962,29.4006406383491
6.03649377224446,-1.50106114085374,-28.4920472820336,-33.208150524436,28.0455675984378
8.89398863199511,-2.57246166839239,-27.7878610559749,-33.2387737317429,28.1340045462704
9.30296387129461,-2.80117212172565,-28.1942958300097,-53.1289349431471,35.963127560616
-2.1844258840275,-4.96981574047257,-24.5121750717637,-43.9809488380293,32.3317212351053
2.8444652640813,-1.18052956758188,-27.0987418982248,-39.9466236228411,30.8802643599368
5.47331088729051,-3.04959107690374,-28.9414728739153,-52.3928759518951,35.3952748972471
-0.126167492636788,-6.68989567841406,-25.0631660617,-44.3805033693449,31.5467291865726
5.60110385609075,-3.23834946262579,-27.4773362866074,-35.9603764919035,28.2452739309103
10.6755582308648,-2.23006580769162,-29.9722365648241,-40.7352501554905,30.2611178407895
8.332397813233,-4.00450129644885,-28.4076411086183,-42.4767161520756,30.5809511569121
7.8881468850819,-3.04316255774616,-28.3577923751351,-34.7149366927162,27.1628109059379
12.7937992780667,-1.0997788742981,-30.7790164949856,-33.5960279120039,26.3376777503584
14.2558555506268,-1.88564486926544,-31.1213067690488,-29.801742208651,24.6878249894328
16.9489786989689,-1.24821613760586,-31.3852018644818,-29.0224660473426,24.1841320739058
17.5980932761801,-0.637795189022401,-32.0614115095901,-28.9651268287977,24.0215953926545
17.5765361987529,0.101883271195236,-32.0137915625801,-23.7788678224153,21.9332957647053
20.4450350950433,1.2094832690924,-33.3668508669969,-26.9686089671408,22.9383386112477
18.9958291907057,0.262076236975409,-32.7760324692609,-24.0081620445435,21.5146466183825
20.9309005367907,1.34502112729946,-33.0617732732332,-15.8922539576599,18.1155254289889
25.7144520058493,2.75420136608193,-34.9786227553357,-18.6003798870237,19.0545786404866
24.0677882351795,1.90329917284228,-34.0718597280311,-19.6459261032012,19.3462377053937
23.2557610833582,2.74017304723979,-33.7013427648427,-19.0787245760908,19.0599932508406
23.0453359686622,3.46928502849451,-34.3529434366261,-18.7397381290362,18.7824637763714
23.1789952308202,3.34743716140587,-34.1604050580672,-15.8821578116925,17.7424626739849
24.5761308489123,3.53759016988875,-34.3807038543152,-17.4468921946427,18.0797842460728
23.5244786732125,3.31369215331028,-33.8580775706762,-20.8514113366411,19.0366852189721
21.6745819420935,3.45772779119542,-33.2816646072778,-15.8015764661321,16.9738351199606
24.2604662958362,4.80393187280834,-34.3475904392021,-13.5943675153035,16.1604877320504
24.4741887022307,4.43624054550043,-34.5434817627197,-31.2546221420909,22.8582265919864
14.3803306854389,1.47027566049409,-30.8537082283131,-29.7775972641064,22.2588945468422
13.6531109420693,3.83428475710565,-31.2309608201333,-35.6966307456368,23.9637531342669
10.7236626435458,1.99802038320096,-31.4140798494356,-38.9323883320231,25.6763732571568
8.58490919691113,0.525700990335892,-29.2404825118002,-29.7059150606516,21.4827933710864
13.6569928604957,1.97678740157924,-31.3322132834988,-56.2492637864378,31.1419805935264
-0.526144466942741,-3.02676938327111,-26.6578845634995,-46.2321206791336,26.8501954943253
5.44286911048127,1.50629539208486,-28.2578333419041,-29.9540223548567,20.3493205909386
15.0803560170438,2.2074855346603,-33.1010272535333,-42.9801016597412,25.4926491461669
8.59040198054612,-2.48351649764565,-28.1793594389342,-41.1362566854066,23.6143162182392
11.0827706656241,0.799522759975313,-29.1981630531349,-26.4349171949085,16.9825541004717
20.1829301210717,4.31817694553464,-33.5979809437192,-17.6850942114854,13.2919955405903
25.8521773400167,3.86748091265684,-34.7083286923594,-22.8754403886359,15.3245662411357
23.012525917374,2.68530411890303,-32.7440153299256,-20.4934677310705,13.8327025035775
24.3742482500243,5.60861064362338,-33.5848890928061,-14.7558510455942,10.9646868733197
27.7186018374478,7.32426363126952,-35.8347480375942,-9.75933950293357,8.69453890631604
30.7484854411819,7.11160943189896,-36.1251647584323,-6.61652060920565,7.08075459391246
32.7853002371946,7.35012954632234,-36.2339173457669,-5.22765378239829,6.42277022626061
33.1507367340656,8.40022226710828,-36.0626608189539,-1.86378072409779,4.84733641287708
34.527538623038,10.0581038564393,-36.7993423095377,0.387420480480329,3.82660688261422
35.1989945499145,10.596888744108,-37.0472716163027,1.51225667937295,3.28295985962595
35.3676414408419,10.4444880660644,-36.695485695733,6.35923948265658,0.652887059252558
38.4028481518197,11.659573391136,-37.3610219388966,14.7401593913569,-2.61692087670762
42.4404551499296,12.8650332576651,-38.4240126678411,15.3464099745154,-2.80645367981847
41.9494698853883,12.9832726796336,-37.7329963832624,12.9721420785108,-1.44968428853901
38.9093100072543,13.6468892815178,-36.5232606551133,11.3712095025784,-0.609193611373715
38.9016530910304,13.1044745153159,-36.0692892797044,62.6898120364864,-22.3852455901312
70.0123701676134,21.7785644256715,-45.2503366675169,88.8090461964249,-32.9833139295972
85.7846065504192,21.4480268729368,-49.1745372109703,62.7454182757688,-19.7489877812405
65.7120027524927,16.9767780837069,-39.0827216096918,65.4737253540304,-22.507323861022
65.7061177600667,26.5074476845094,-41.9954168482127,81.9339521358097,-27.4679917900496
70.3060291709232,29.3492872799815,-46.8414914240031,79.8140574236346,-23.5657041265187
64.3830752732225,23.6707291581548,-41.5724227580202,37.1049968939952,-5.06706201438734
36.2006240862391,16.7034126417053,-30.8604384079618,31.1625124941238,-4.05639170385957
29.4212577488078,22.204906678,-30.3827590850354,8.94133083833606,3.12737145037085
16.709673207821,17.0639051235814,-29.7127692559889,19.0338568907936,1.56371350508627
19.7961632614695,15.4846307418386,-26.4779226531599,23.3096671055249,2.25553318473021
19.6834819652607,12.3599518787462,-25.9643474571317,-29.0037071019517,23.2998537085379
-11.0441714344736,4.43327556756188,-13.3108445517383,-15.3078413190267,15.0611437885014
-0.726468533424682,13.8134730788945,-18.9293617558088,22.644783358707,-0.282390517628955
21.8522930901612,15.2710232922291,-28.3127677009323,20.2217742377653,2.20686970802826
20.9125906795353,7.28677527718271,-22.2963693878397,-4.88971109924687,13.4227614654135
4.60869435411828,6.77759550758674,-15.6857687438078,-12.849310348631,16.2374216553523
-1.77190471841024,12.6498558283501,-17.0936754319545,-5.48045100079846,12.4512371185282
2.90207662796474,13.2043853507213,-21.2377292829711,7.32405186195286,7.51346752695396
11.4872503212627,9.45013086668254,-21.4752070343246,3.82425751264718,9.38084663250828
10.1260163400611,6.34430473336957,-18.5900542564219,-3.99812191762058,12.6775453460145
5.28863400242284,8.7740356304629,-16.7609467989214,-3.54103155935912,12.8124776488848
3.93282277465975,11.7665118908913,-18.7776559619443,-3.39421595847779,12.4446454053945
4.34554037380523,10.4786573447295,-19.2312350531115,-2.56748111683914,12.1266139171128
5.39486357855272,8.25350257240477,-18.6779254057997,-6.59528936057099,13.3213828329258
4.00839538952393,7.19693965982142,-17.3921724014752,-2.88488646075113,11.9243657985337
6.27834317870773,9.33569090012066,-18.3012952306016,-0.79086185640911,11.9489576649225
6.22722079776292,9.48790712041637,-18.7748360006659,-11.4814436812111,16.008216611318
0.512798877599175,7.22296824873164,-16.5245445661347,-7.72164910853938,13.6128685069589
3.81550616041084,8.95875542043179,-17.9291987849244,-4.00845190729609,11.9761861230491
6.32317236883302,8.49197255995015,-19.2122389198573,-4.69899952796962,12.8082709761434
5.99912277257443,7.60389296983119,-17.9244412937133,-9.01270766781395,15.043051683511
2.77788217560702,7.3975830692115,-17.060457409155,-14.0178408023517,16.290953694111
0.625999702493045,7.55784375723768,-16.7396492163757,-8.4775218714762,13.0212790795538
5.58754240814313,8.73142217738282,-19.1219274706979,-6.13065598567643,12.4233379812173
6.93406319665818,7.3127969612957,-19.0918350533031,-7.49533973295629,13.5663453518889
5.90585815226482,6.86608307483343,-17.734714868838,-16.2279732434403,17.3009622139605
0.279535225635051,6.48267820482077,-16.3152204542344,-13.1623779622621,14.7728893238039
3.5363220408045,8.26486503137959,-17.881889593854,-3.03715703583786,9.44446007568165
11.7062282614523,8.8526091781765,-20.847605629877,17.4149566672421,1.94361453990846
23.5880626232151,10.2007354157639,-22.9268931615313,5.01070819075474,7.23138046087747
16.275271419235,7.55614567622503,-20.0789359846511,-4.06669246378603,10.4273494990586
10.5809275852401,10.3536090811063,-18.0463138331811,16.9348653444323,1.60353652223814
22.2797049048697,15.3211306983705,-24.5340996012996,11.647993451266,3.22633756976406
20.476787015969,10.5249570015708,-22.6922705153496,23.3272128101255,-1.34941060983067
27.5094404580585,12.548843385017,-22.6855969526606,22.3102801834228,-1.28050996899244
26.7114911274668,13.1905816254698,-23.6715268088713,17.0885890782845,0.716522798242485
23.2668277542897,14.1946108791272,-21.6497205370085,37.6189482938043,-6.82670072866953
33.482820774998,18.2375860990082,-26.0435501115886,23.4581821432613,-1.53861744151071
25.6325641080437,13.4664739829973,-22.856891692939,20.5071720899101,-0.851346873444937
23.960878961027,14.8856093863416,-20.7631694326451,44.0005471627035,-10.5270464256053
37.0903976900892,19.7232143346595,-26.6260044856338,36.1574403307189,-7.04980052960453
32.1747019648687,15.8277745866167,-23.7024680789625,38.0606200177864,-7.0899282624931
31.7402364651726,17.6499734319382,-21.9987421344008,31.0394157408711,-4.65948612376053
26.924854233887,17.8238083240863,-22.2066603182672,32.3378842627347,-5.57253489146908
27.3242810791758,18.75113809666,-21.5105539485723,49.2521389562929,-11.9842995712825
36.2695598065253,20.2284444702893,-24.6118408904898,35.6085161261269,-6.18647613198284
27.9798769263447,16.0376961965048,-20.1354907119937,37.4290080906785,-6.76395136945177
27.9212121561765,19.0893967767217,-19.4596007514374,38.5248095360937,-7.61106040732319
27.8171134122723,20.0025241625964,-21.2589420019749,37.0643724414278,-6.96358335274595
26.5436659104734,18.7422805119284,-19.5393259345663,44.6960800342246,-9.3435997000351
29.7084734145837,19.3520552171464,-20.1311580951236,33.7204724698771,-4.62180935903165
22.3637238961602,17.0567230530304,-17.1415859012415,27.5438521448433,-2.42747466312308
18.1914514308976,17.8935264194853,-15.6943438202065,33.7537751866899,-5.03833861433718
21.1095999056246,19.1861273948831,-17.6014885519878,34.1885076726139,-4.6657759627602
20.5993261084931,17.1153254319249,-16.4777965138511,26.5214418324741,-1.00512135983321
15.2319730665208,15.3343475658102,-13.5813178823741,19.9237989572711,1.64536388956262
10.6744710392483,15.7560579599426,-12.3331924378118,20.9971721421049,0.941869762760452
11.0323188144705,16.4317217788889,-13.09234161262,24.2069273528833,-0.235818894165879
12.7649730193037,15.3985011543478,-13.2295909301273,22.7250339647111,0.846416148341456
11.463048388962,13.8724137902177,-11.726576291664,17.1895240834241,3.44716097362813
7.53420531727529,13.5493254613549,-10.1149429613924,14.018962392558,4.81882774092122
5.04274833976714,14.0918541130167,-9.80758869959546,14.7854354567079,4.49503171478231
5.2533341228845,13.8543489578109,-10.1679052576224,14.5688059137079,4.69967450763603
5.18750551059291,12.4970493697409,-9.61737263824928,13.4130033832215,5.48314174741823
4.29150963035775,11.796913166527,-8.68588522509863,10.4249743897931,6.92217580667824
2.17626858229726,11.6676875202878,-7.99692720139365,8.47251251521886,7.82942976874655
0.733010364269187,11.6886719192635,-7.73547366193887,8.41982181847395,7.86637271971099
0.661904686586303,11.2717420527375,-7.85066051029036,6.96962517616252,8.50885129371751
-0.0169998853768951,10.2539168601692,-7.32625362622988,6.81341210655988,8.82042188856743
-0.236458873567241,9.98184675318407,-6.96574212945853,4.53732570993763,9.95018956812431
-1.73015419235984,9.55298749614893,-6.5374283458033,2.09452412324367,11.0186127770174
-3.17792419596457,9.22309438177631,-6.0887866607266,2.61770001255609,10.7925886293389
-2.76974262027525,9.10234518907442,-6.4072549687482,0.925283674059538,11.4271238971209
-3.38655412367541,8.17310229481924,-6.09067338607239,0.456280885857664,11.756626521525
-3.52854010769771,7.87643678507208,-5.80711451918178,-0.822172806569553,12.3716713229545
-4.34396091529192,7.55732860205176,-5.72746276177729,-6.16458369336358,14.3702276950469
-7.0761801058184,6.61566400997829,-4.90980722947415,-5.12024774283894,13.9808943863183
-6.36973430417212,6.85760408572626,-5.30869826346778,-4.26807621180264,13.6840078232623
-5.51820103212802,6.20909312847795,-5.69240274496526,-7.11500067499424,15.0376413581777
-6.95482305889659,5.16450847249174,-4.78738557332478,-7.43042903615732,15.1856543334937
-7.58730230717761,5.40072795403324,-4.9226550627197,-20.7764934210639,20.0742170191852
-14.6385500067719,3.18869478295924,-3.19950152885396,-17.5642348504762,19.1118903399465
-17.9575460731835,4.27430502804966,-3.7437157846647,-98.8367139837471,49.1377505198912
-62.3056908377644,-10.4596538670132,8.5449260339374,-97.6468622619313,51.1256787309268
-65.0111012184199,-5.27167103984045,10.1545189474287,-51.5367810125762,33.0897617782086
-36.9004434622338,-3.49370330775833,-2.77135737163281,-115.789057989727,58.5976299266196
-69.9478295307041,-23.5335250905793,14.1293889717744,-90.4404638450091,44.6892508215357
-48.6843104680176,-10.4084182398112,8.65869125664458,-49.5294785237211,27.3895175221858
-19.885044734458,-4.81773501112386,-6.34430997428533,9.75371070830749,6.07307946529595
15.3305590968292,-1.22666381059911,-11.1041131147501,-18.6573362107442,16.7698143791142
-2.98480930659319,-7.98051908141806,-7.00478297993468,-117.438751369561,52.0870072597015
-57.3434480469116,-13.0842480675654,9.72735770023196,-49.1394115301763,25.1529090325903
-21.3485866139934,8.64430755661331,-10.8382710391519,-11.3311567768446,12.6402000633952
3.03991161254118,-2.63184822567825,-18.2292039076911,-43.1560831540418,27.5603475564461
-13.3266444009823,-16.5473664633768,-0.941483819968421,-35.5592744581037,19.2666546496951
-2.06586667350495,-2.65867074450178,-7.0035994531197,0.414040426726225,2.75574873368371
19.731318182273,7.35894134960889,-20.373334991749,60.047870591295,-22.5261532296497
57.5692598661351,11.2724349305752,-30.69614754163,43.6461464867356,-11.3048912116777
43.5921595403113,-1.68174154626496,-22.911897665403,46.4282048219828,-16.4211513165361
49.0626443319094,8.51428891865048,-22.4103913558049,90.8410800445986,-31.9986738423655
68.4604230686684,20.9297279490168,-36.374494153458,80.6719497499622,-22.441252568407
55.0007218949843,13.3346970332493,-28.8601709591229,13.1174924764469,7.22598537162375
10.2387718452581,3.53290640904008,-13.5638504557418,7.1296862074459,6.68700409731902
7.71441157450716,10.9986794920481,-15.1194043989657,46.1965116459451,-10.6990892121055
32.0359818404642,13.4737059552004,-26.8169853082264,63.194623871495,-15.5647512693285
42.0685890194004,5.85230775933939,-22.9518302771282,30.9788840474589,0.796583115070104
19.4455172626404,0.952594845256014,-12.6025095182082,1.20081186317477,13.6505350639808
-2.02379802376137,6.23769393822233,-7.85301014851349,1.66652899254967,11.9993482638352
-2.29304781946698,9.57207036594625,-13.550087270262,26.043140121972,1.52485460343905
14.0193616665138,5.85340498491995,-17.0683311225597,25.275962769688,2.50269930042155
15.0962786106268,-1.48585104082377,-13.3304153682381,15.836842979992,8.74889466281233
6.86414893489382,3.16211996989514,-7.90697944460317,-27.7285110665843,33.2848577262808
-30.1633916411562,1.06625409199909,-0.384398320895331,-125.178618461408,68.3651444337614
-83.9230338246451,-10.7963265341984,14.1682529613761,-72.4337176092328,39.3253231468074
-42.2291308610941,-3.97665861235193,-2.60518286755851,61.5885946606863,-22.3641490773003
52.5824146235342,1.38897956675212,-30.5775640420349,127.152292863021,-38.6094138563367
85.0695308787014,-3.4667254481981,-27.5161026912411,12.7419549324573,19.2353378930951
0.942529816091113,-10.3919643176048,2.0133136672096,-152.906357408346,85.4483482817548
-105.987749716993,-6.81395216309111,22.6318183148079,-98.319781084969,54.0217125265755
-67.4873047898153,11.1107017612029,-5.87427222515836,19.357531915736,3.51477038571505
13.6750391314979,-5.47311351036216,-27.436820740437,33.7235672135451,3.13893796633583
27.374029265502,-28.2235231567238,-8.25870036284488,-45.6723009903113,40.2769715506893
-25.8629895327982,-21.8362736225742,10.7120795085549,-108.75799816503,64.5903335683886
-70.0675122436757,-2.54842885644072,9.34395073349214,-74.3773122228166,46.4952119089019
-47.7962284200217,2.57446015981681,-9.75707098357897,-21.5474305013038,24.1341052906702
-8.69309225013553,-14.8960041642561,-15.4958143566322,-40.8752381308721,33.9717122135696
-15.2680172917544,-30.3206505323888,-0.939977403282215,-65.1008892866336,46.0843845123748
-32.5321733296058,-18.808000939916,4.60486774477376,-86.3319400586713,54.6060793265775
-48.9133219774348,-9.41410738904867,-1.06527348487117,-83.8261450371176,51.3705946577662
-44.5497257189511,-12.4658492266964,-5.32514055323869,-54.3250626100575,38.0271448451921
-21.3776494755495,-18.6132514017973,-10.3680075159596,-54.4075982741407,39.1342164398748
-18.5985763434197,-24.3991172775395,-5.96976051837446,-67.2179531256111,46.0525817875858
-27.6014289449567,-19.9732097981678,-2.63625892078571,-70.0054875340879,47.6238558788919
-31.0338906423814,-13.7055238156718,-6.42112516377907,-78.8872080392125,48.9067122768472
-32.9667244948249,-16.6802177298946,-8.45872298627117,-54.6648148629279,37.2932132179882
-14.0735592327405,-16.488311888166,-12.6292179441369,-16.6504637247176,23.5240766022156
9.00938537235058,-14.5865253948628,-18.3990192848198,-48.2596610531776,37.3419758594008
-9.58833933193214,-16.5951883970146,-10.6994500788808,-95.1309128761468,61.289224371291
-45.4888699421604,-16.0490138713138,-1.37686048105343,-131.262155151186,71.1903620031137
-62.3909208661677,-16.7421129327079,-2.21947220046637,-90.7379540048353,47.1239379604402
-26.5684776414518,-14.4458423027115,-14.8324458904084,11.6640649977405,4.629006093568
40.8607459608215,-10.3976802770703,-31.737041177369,2.76119893566026,13.4042640408124
33.2131581970954,-19.4388875995081,-22.0640376145552,-70.1704540646077,45.471319637427
-15.4580914234002,-15.4909687791637,-6.48294488773857,-86.6549515172858,49.609317753912
-27.9256731388256,-1.70339941709206,-15.2668612656931,-46.5369975864319,29.2703686736902
0.690270332477456,-4.43700789126009,-28.4856363395708,13.1111762288934,1.15024634380703
46.6884389102066,-11.2755964543554,-35.5573052915272,49.6754970264824,-9.25459970308308
66.4671207546204,-9.92100469227294,-34.2251624355542,-2.47010929663,17.6359820751095
25.823458671767,-7.63099038354536,-21.9637470692751,-75.4129233265635,47.2512554606125
-23.513817245141,-3.38712632990217,-14.117247145362,-63.3636093632676,37.1481642634907
-14.9510794665043,1.13585547181885,-25.4826387855984,-32.3687356162874,20.9751938015495
11.427013268738,-10.3030180858185,-31.097033352149,-1.90989378324127,12.2000800123683
30.0571935023027,-15.6247762316014,-26.6747545794455,-29.0854093831556,26.5561148145798
10.5399579749171,-14.5318446617346,-18.8488837630192,-80.6515288875804,47.2997799666745
-23.2978703120618,-9.51349946484618,-12.6685325148237,-61.5111107092968,35.0564750777703
-5.50905354874423,-1.56151227049756,-24.4571448309553,42.9109962441017,-6.84332671359185
58.6233389804265,3.10669294071188,-42.6999474134937,57.7696356252833,-12.2209840731549
71.7466327908649,-8.47432618570854,-38.182020752539,-10.547105833922,16.7126787440135
28.9885633475784,-8.95098575171704,-20.4097482186936,18.3368863096766,4.33744186764025
40.5958916601042,15.7072978601275,-34.2425751573718,20.3041710868483,3.68460732012116
38.8290027750793,9.70449799462664,-40.5597729901626,16.6556681425128,5.14281803892105
36.181890771227,-0.463424602393551,-31.9548761167449,-25.4415780453135,21.4555253513557
12.2651838115769,-7.47459256315724,-24.2967713637413,-27.9124111837389,23.8561568173745
8.19963562971354,0.129840531780557,-22.3460575639701,3.04741958418004,12.4331216012983
23.8713180258832,4.74718029652119,-31.9925019367366,-25.2156618175956,23.1245594526129
9.64072872201533,-6.98748510718376,-23.3214913132822,-22.3522818776983,19.8391721152229
14.8076924317504,-3.42878951815644,-23.1714024804754,16.8725995915665,4.42322666470489
36.9151476219641,4.42238278030407,-32.4714231082006,7.96391515890797,9.22018958175028
30.6838853245157,-0.63945767385266,-28.9986973846307,-15.874566790254,19.2026655047117
15.5023422958769,-1.46756043658953,-22.6951468902659,-8.45867631359999,15.5289983426523
18.9774227081541,4.12254539896721,-27.1214108836631,-3.10579303456884,12.7236697509307
22.8948388673753,2.43464982302872,-28.9710220545508,4.9787141098226,9.73535354030778
28.1501380909401,0.747472826489278,-28.0874406587765,0.749148284854114,11.8166422970563
25.2415858952662,0.194035880610453,-26.5118179408909,-6.59548867640888,14.933688541943
19.9909029250184,2.10673202137775,-25.06831244944,-2.34684068797568,13.3882576820613
21.1958582134884,4.31330076220396,-27.130484036091,-3.00723374082698,13.4715549432218
21.0077214653693,2.42473954948191,-26.8226596825318,-2.17921759820039,13.2958888155169
21.5163307628471,1.49917545565536,-25.845434687322,-2.61139704800507,13.5058711612227
21.0500162123221,1.9342904092935,-25.5494282244552,-3.51262349128489,14.1598494981095
19.8706232517547,2.90084143979834,-25.2825626441801,-1.41878683170836,13.9409545836452
19.8684703799819,3.46615988091524,-25.559154146513,-8.33252178071673,16.3968146762164
16.17509324068,1.84383419037803,-24.2551064376715,-5.28865291077844,14.6180349917226
18.5245465439437,3.02776835018349,-24.6330264382255,6.65566995579316,9.9994239452788
25.2478976720739,4.44822074532565,-26.9938207746323,-2.28523273389163,13.665390427917
20.1883930179292,2.10512695560701,-24.4363206112321,0.942050235180031,12.4866689013671
21.4750782148749,4.5484518324993,-24.5762885566383,0.739990692910268,11.9862116323649
21.4811020305164,4.83553485763589,-25.9786229726259,1.09659207259978,11.5702044518066
22.1124663354919,4.59667054765229,-25.1168304774396,16.4765694766675,6.0920734495433
30.1225802980074,6.73821417073164,-27.6118803813891,2.91312876521493,11.4951769888402
22.2445776484227,3.69978194855536,-24.5608607328551,-1.2587528748771,12.8161783786954
19.5206690976961,5.65677367248706,-23.2607571835373,16.9494660001731,5.11931152232641
29.9275878717502,9.28349274090908,-28.3126310606088,12.7924653465726,6.87624399788965
27.7621983332839,5.76087938903836,-26.3562324588379,16.029266384031,6.21775874580481
28.7282227245005,7.03487740547041,-25.1031183874149,8.50211565141414,9.0742191208088
23.7185564254966,7.19638683069026,-24.8475428605823,7.60141370411847,9.11843910112125
22.8230283472695,8.28609176014159,-24.3555223681063,19.5033410389306,4.25852071584333
29.4878893392265,9.42017905925549,-27.179328691499,14.2133988703166,6.82089018780537
25.9052894437129,6.54152871702067,-24.6851424979088,6.02814716806983,10.427690168407
20.2345031879221,6.55290690768453,-22.2812718850397,3.19668272288014,11.6151304447346
17.5174427524702,7.92195222716324,-22.5875990888146,3.96257144995488,11.1832603617256
17.681631515047,7.51852970133385,-22.9538060630335,3.15870449452463,11.5110939948302
17.3344393710279,5.82099350778371,-22.1221761466082,2.58478268663871,11.9296704863846
16.8518257311978,5.42625872311635,-21.1817390032902,-0.0317384687576581,13.1767690917842
14.8036595207599,5.63456733866077,-20.6248464502357,-2.88803965122818,14.3605047431654
12.726238745367,5.7406948038541,-20.1556458050084,-3.54498403229821,14.5536602320233
12.2130388660131,5.47186248080953,-20.2045036244011,-3.70086104371152,14.5908101292612
12.2252513739673,4.78133530738878,-19.9084959315327,-4.36498418003596,14.9936049627009
11.751640773103,4.3564715067654,-19.4240828702001,-6.62518581776132,16.0247429144527
10.2274950129054,4.19902203401344,-18.8500148382247,-8.95036273391138,16.9681719871192
8.72026855541531,4.15528566996695,-18.5419050147077,-9.01915125761044,17.0046093951471
8.62462375062703,4.07395360154848,-18.6190799594511,-8.75297088281659,16.972120403888
8.82772628136541,3.61016542781396,-18.565833480615,-10.2116575373609,17.6912821226271
7.97347250736598,3.09964757601085,-18.0247185775104,-11.2433364514882,18.2578033519347
7.20902398570694,3.15470394833768,-17.7700582033157,-11.9111968637217,18.5848234634684
6.75889728691585,3.16938704494405,-17.8067956161122,-12.5950671819229,18.8898034089206
6.41168745623006,2.87165336014359,-17.7147535463771,-12.824874617733,19.0358728918502
6.38235396653598,2.60505090779779,-17.6369860445459,-13.5301411523616,19.437125014688
5.98726640572755,2.3639857409939,-17.4654905635221,-14.3620609831858,19.874006440465
5.4721196591764,2.25412592076419,-17.3278876980482,-16.053318903467,20.5652904096007
4.58245120112839,1.99306391924179,-17.1643185860087,-15.8325328283282,20.5307089144066
4.77050867352085,1.98722678904598,-17.2748089903593,-16.4235232065543,20.7561007241816
4.66347520066266,1.60502858539874,-17.2878632008474,-17.4726551062708,21.1960127131438
4.2646983642619,1.32584267205673,-17.048318064058,-18.1098091193021,21.3833485598727
2.21182276027281,1.29545761736971,-17.1527587383768,-52.3806492678128,34.0555954633047
-16.56274537647,-4.28982379375236,-11.7659573822978,-47.8607880251235,33.1979226114494
-15.3742559349955,-1.22771314142606,-12.3750370833148,-31.6917099029749,27.1540906994511
-5.87594501633448,-1.56862787733235,-16.9015009444772,-62.3829907023808,39.3593744124485
-21.9976268927798,-10.1788683117992,-8.9629812495278,-53.3506306988556,34.2512635359799
-14.3988289449265,-4.49505868404813,-11.3382470206949,-35.8385574063371,26.753216760754
-3.19840532509735,-2.3117677816833,-17.7784842231369,-34.7090644501577,26.7738029793231
-1.59432497620941,-5.22190751948201,-15.7560438838971,-43.7209661655399,30.6652122198449
-6.95175119477227,-5.87080115388602,-14.1555695178821,-50.4127499835975,32.6038498613482
-10.1429702856541,-4.09531097696504,-14.2304139176637,-42.3230726806276,28.7412133840599
-4.82970756057689,-2.40420661089985,-17.7132248694469,-36.5188499274831,26.1681402066853
-0.144673470623148,-4.21540293326493,-18.5114682363991,-40.8971696371622,28.1858362933421
-2.06614358867662,-5.95610691190818,-16.8191748349184,-39.738973105612,27.6684625989214
-1.35608171816866,-3.75626098908494,-17.3248497034731,-43.3835764811736,28.6366985694754
-2.98737781753494,-3.43193914000396,-18.3197978553322,-38.0563376767447,26.1414919858225
0.941573585872212,-2.79581482157581,-19.419130292634,-31.2363097284782,23.3139295610768
5.19939428447063,-4.3852701049684,-21.0683736243926,-30.528094774372,20.3232013956634
9.85855935850567,-4.32814741307704,-21.6632695589557,-0.567905323701714,9.65687173861138
26.0314553909717,1.51705737507764,-27.0460613553987,-1.72025716410364,13.1810507838015
21.4761567151232,-0.293478128096298,-25.3852339373018,-48.9252295063652,32.8332842496813
-7.9053649044655,-5.51132021800778,-15.514215223551,-50.1928629600166,30.6058374008619
-6.9081601699771,0.365972369919535,-19.0024937593696,-14.3289834973772,14.3136185130661
16.9020178158189,2.43772493951262,-28.7510745971647,1.810416574626,8.87392788668508
27.657699481727,-2.98829399499082,-27.3837391218329,-17.3343548446445,18.314484975611
14.8274664924664,-5.10939966298367,-20.6438576403865,-38.6689729816407,26.4722525510978
0.763011264985737,-0.26393463424469,-18.9221903787877,-28.8617834784859,21.2018390312736
6.48065099764263,4.1349007845815,-24.9019431205029,-8.91833541816424,12.6247142058664
19.8671040094171,1.22201383797506,-28.3859456840343,-12.6456484556371,14.7635003437841
18.6568561430264,-4.14015244750491,-24.2559455749579,-21.1579091820293,18.9266884795973
12.5460050311702,-1.93913405135159,-22.2148192629569,-63.6200816242796,35.1295699691629
-13.1684965060322,-4.25915720296177,-17.5882220004189,-38.9642698731521,25.9122763832279
-3.86031143324182,2.20916873841245,-22.633155173307,-90.7757494192168,45.5693149368321
-31.9514027373962,-14.1807845108942,-15.503732975453,-106.393691522403,52.4772415349598
-40.4900322041491,-15.002273553601,-7.14431034748907,-60.7548743161806,33.1361877981305
-9.03731950232338,-6.94500511743755,-21.230728512766,-38.7992867521139,25.5596909001578
5.20753943145727,-9.99980808318606,-21.497838710569,-32.2289733944331,19.9384521409118
14.8318241881508,-8.46374940558474,-22.4985381490628,-40.5947495222725,22.4348573499135
9.5205004190553,-5.10558786759975,-22.8545435526077,-11.3035136196072,9.65040063188229
26.8623202658429,3.54015749612115,-30.7594887043872,-21.8313303593953,16.4184524548691
19.7560191144883,-2.77064011136904,-28.8333785848553,12.0493369838116,4.14829745406676
38.5324218620715,3.60937002638635,-30.9317986731849,-4.80406035793428,8.74977382845767
30.902365632246,0.181774311526328,-31.7713889445436,-4.21088482878162,6.81092747395173
33.1083380033719,4.27262697528767,-29.5557968950395,47.1772371998118,-13.6978990838325
61.7102731796193,13.4223853133594,-43.0201571909037,34.784106870388,-5.98692528912785
51.4779088513817,5.41340124445889,-36.1382163505394,1.3126105605641,8.69789498393143
28.8804897321035,4.1667593424795,-27.5495238725015,-6.98777395347929,10.721718525047
22.6570293812354,9.63224448504109,-29.6915901375656,13.2642782767507,1.58596080344264
35.0967761895498,10.8817237490105,-35.2788594700825,28.9842502010354,-3.78340334832418
44.358769078261,6.45081732913293,-34.7854370791198,14.7523901179443,3.27633629260671
34.7801662357026,3.18751711140988,-28.5212016152808,-2.78703045846367,10.6021273157773
22.4797834946663,6.71273380679381,-25.7974421849587,-2.627108120683,10.1399869896793
20.8978122738888,10.0038462352844,-28.6077343064428,7.13902158717164,6.19386273040701
26.6640265320484,7.81772315075014,-30.0969471103506,8.95689369541434,6.12209456413313
27.8462044389008,3.97424425877245,-27.9551174181672,-6.98653552124469,12.9310606776108
17.923552732989,2.47138998845322,-23.456979319864,-7.95653680224583,13.7911117736979
15.5585994899815,6.38801070421325,-24.0573572769059,-7.53694920527797,13.7206004400158
14.8823895619937,6.06313220553289,-25.4630793715396,-9.69904821755588,14.7100314892424
13.92515966004,3.16710016011099,-23.6658059971565,-7.82490468965167,14.039101687563
15.2923219841721,-0.250675454479367,-23.4093896545313,10.8300856633517,1.16236301969043
33.5564737336778,4.06468591228797,-28.9366603945256,75.6593358817861,-21.3391717613544
67.2256728471902,15.3100558130653,-39.4769097999226,21.7752814206648,11.6427032068761
20.5552103654939,1.54997235438448,-22.4276123184497,-122.905677868657,69.8717972506843
-67.8502563478016,-10.6907404700745,5.67316569205005,-102.889509677813,52.0405544624375
-47.7013349596152,6.40865201685976,-11.6398828181774,28.3189528254538,-5.36984853732849
39.1660242168589,9.48315970828783,-40.8270830700409,61.8057730297842,-13.0082577603752
60.3857068386678,-10.5185735310523,-31.1481810135066,-20.0573480117604,25.3872135024257
6.22992866866327,-13.5015081934186,-6.98243047211633,-81.9728052856252,49.7814399253566
-37.5108518368501,4.59506609937454,-6.08226997332516,-51.0586764438262,33.7096239606055
-19.2451391367124,12.7722903926328,-23.9802042415287,-7.53016393084681,15.0155175618904
12.5907976740871,-3.10893019692262,-28.9856377045336,-3.75533430307283,15.9475177499285
18.1563694240431,-14.9242448828335,-18.3627333629759,-34.7503041002776,30.7940148947021
-3.1325968341969,-8.6489545073186,-10.8662781088221,-62.3467589376288,42.3157453919412
-24.0634670078837,0.947573398537956,-12.0420239236379,-59.8765632808746,39.0135461579321
-21.2275143403882,0.889938384718194,-18.3272225867486,-32.1834261783606,26.6590821371386
-0.40063313109016,-5.83831297946187,-21.9953618976665,-19.9804662226834,22.6705258791443
9.44875908444148,-10.8038730160713,-19.5801018406101,-37.1378807550572,31.1694619827543
-1.92545365965961,-8.86678606582631,-14.5135463164712,-50.0760372752138,36.7169408071725
-11.9581373190199,-2.61630883546215,-15.565841625535,-50.6834195313695,35.7817995882808
-11.7143239927701,-2.28037886020071,-19.3049495583287,-36.2474652607291,29.2977429639974
-0.713049606743803,-5.71311156362748,-21.4181873223586,-25.4402216813843,25.5194680484683
7.2077469079138,-8.1314173799677,-21.1913454933862,-36.6416744485463,30.8983014946722
0.319734406134514,-8.12901135992943,-17.9197431642263,-42.9436495860081,33.7206996553207
-4.62505241642093,-4.17772919632152,-18.4718496591463,-43.6244569296055,33.3343863423472
-4.65268241009951,-3.75716437882161,-21.0231394590638,-36.2123201377256,29.9787649980195
1.20509783436261,-5.63479223909202,-22.1101314557031,-28.4344207332489,27.4321712101272
6.44538221788171,-6.8681754477705,-22.4443816964572,-38.3356738046557,31.9749940634164
0.598104754927363,-5.34659642185886,-19.8715612614634,-61.7217428886744,45.8868446806977
-19.6586691616148,-6.57637097787901,-14.748405927917,-111.768199375787,62.973002846015
-45.6898277284313,-12.3345645232205,-8.73043483336358,-83.0696830019749,45.6325586364619
-20.5075720083974,-6.50424742917129,-18.3683164871669,-0.885712707913907,11.7558378678273
32.3723532712614,-2.42758315836942,-34.1548066376609,-11.1852625864904,19.7761630134041
25.3164887807357,-12.6080787055518,-24.9189426285449,-65.9040970154269,43.8474340781981
-10.6412175897697,-10.3386070998223,-12.6587034985554,-77.1890854409524,46.2295994747695
-18.8360651602262,0.933644572259919,-19.697461701306,-44.0139887836503,30.0290794233948
4.20737559162802,1.3880833944552,-30.5136828520497,-15.3255537828055,18.8807780574964
24.6242899255258,-7.20857484915366,-31.3927271018627,-26.885743402822,25.3939851544487
18.13472935674,-10.9964297672754,-23.8100204435256,-50.9068078382917,35.6181254760593
1.63418739675087,-4.52190507160757,-20.939398933798,-47.6631214876821,33.1113270269381
2.49737855668165,2.43523515403705,-26.9840761361779,-32.738205467357,25.8006062322292
13.3501881336227,-0.525642571930531,-31.4748011405041,-18.989590193604,20.4445804655163
23.6176275352803,-4.94771042080904,-30.6197446013216,-24.3016909327573,23.4247471785365
20.411318251809,-5.31686909151232,-27.7616626680813,-36.0054424874725,28.374584886096
12.0949816805369,-1.49430365585413,-26.4810517896444,-30.92601607141,25.6577654373061
14.5448518223982,2.17700933396999,-30.4070571676725,-23.5627904783728,22.0648282618412
19.9672352724452,-2.44416492261969,-32.2310008793102,1.20873760824969,7.80925383065589
41.5198208580914,-0.780941566401022,-36.6778938621314,55.6057988163769,-10.9223236978391
70.0698561563388,6.8833511245,-44.6102373964618,22.187804642691,8.23804617137395
42.4046593188258,0.831363272136665,-34.4458622848158,-54.8170094119349,40.6772410110217
-8.11303089418034,-2.11672913905253,-19.7016607693615,-52.1209810564854,35.4728246778406
-4.86704918370903,6.10302669674908,-28.1842590566247,1.87944039867564,11.3692484470315
31.4118512505174,4.43182549043955,-40.0729358225357,27.845808962005,3.22546027408842
48.3510527016426,-4.5117370989587,-36.6892177205913,-11.3886432489028,22.1886144944643
22.0072630907365,-7.5016225936297,-24.2086462978155,-42.3739660868541,34.6299434858218
-0.0713935293113512,2.13697986289156,-22.3652696893087,-31.5814354392089,28.2924770551892
5.89413096878233,6.89923521534215,-31.4102189890881,-6.488098794382,17.5633231336402
23.3241106015127,0.0274572855247167,-34.4439158999419,-0.539868808764357,16.4244395909761
28.3198543081926,-6.32653221214039,-30.1992017610978,-18.6813955183689,25.414838141686
15.5737904604528,-6.17129020883728,-24.6436391965851,-23.1693450510431,24.7582773219362
13.9091605379625,1.53387884635195,-28.097787780256,13.099803214864,10.9811787025663
33.1272463909722,6.60962059957685,-37.0534101125596,7.97943190950057,16.1179024096646
25.3248055353023,-2.40000564244551,-32.5083411425022,-73.9869237992768,49.7247138715954
-23.6479754213804,-14.4005298916371,-14.2423069331081,-81.0363557393324,52.0393919201502
-29.6724379244676,-4.63346223483989,-16.5074802813362,-40.713189085613,34.7158718543316
-4.38779360818946,-1.01480835224346,-29.1648935912274,-60.9391913137864,46.1973838744669
-16.7087715390856,-16.9567280924943,-18.8221450370127,-97.6068649122773,59.6626910170505
-34.649823712526,-19.8061270692583,-9.52468618300808,-87.5762639470318,52.5856096986746
-25.7368888987521,-9.88657118995077,-17.5773125968431,-37.4762530533874,31.1599630907179
6.51630213652015,-4.92723428712401,-29.6469505863199,-37.9933801099509,33.2545279649714
6.93761583250719,-14.1072103125014,-26.0918754508337,-61.1977113468065,44.1139862720958
-7.55447008714062,-14.7063761148536,-18.2881367762769,-76.8343634816359,49.5483573259857
-17.4000882017786,-9.05760936440617,-20.6011001433327,-61.8561597485816,41.8156825078061
-6.83909838945502,-6.06103378525976,-26.5360820298241,-37.0242508470206,31.3651923179027
10.3987296766442,-9.04239330927663,-31.1721585012225,-38.8436409993798,33.1709675603799
10.5064712503844,-14.3480725083988,-27.0160360406713,-41.8860484217061,33.4709833500513
10.006473533639,-9.74679626212386,-27.1715252446252,-28.4460197455416,28.6358545155095
16.0471402269761,-3.3875912475138,-32.3803353090338,-30.7696489651914,31.1189206290165
12.5418026343787,-5.88216706253427,-32.0421781258792,-49.7175943041518,39.4506507429372
0.916964070683155,-10.2858578749373,-27.0908042255679,-55.9989337082348,40.9476126280357
-1.46028144795619,-7.66907619004305,-27.1984686241505,-53.7227996107091,42.1848268943081
-2.83762430804389,-7.77482065592863,-27.8436090002448,-77.6248567598175,50.6196152605162
-14.4645220937426,-13.3904582539835,-23.4959080446739,-72.448795204245,45.8046316699745
-7.01889196037924,-10.7053333057362,-25.8756468757685,-32.0491570990304,29.2982811798179
18.2200772322219,-5.94466474798136,-34.8039197915633,-37.3911532488115,33.0407876267163
14.9018210618495,-11.2689340349937,-31.3949298755129,-61.2869431096734,43.2889173498459
0.0484769979478994,-11.0232731451626,-25.6674696814589,-66.1664062850626,44.3859284305732
-3.28495149373679,-6.2265492982742,-28.9457834420282,-53.4466339941433,38.1737461720924
5.8774707123654,-5.87189878680277,-33.358713166515,-43.004616413747,34.0632312915453
13.704998641212,-9.49462720541075,-33.923610459801,-45.865129662651,35.8072674354478
12.6204893173497,-10.812076163502,-31.3238347650213,-55.0517639121606,39.6351979682166
6.79386673991916,-8.32933867440086,-33.4707914215018,-183.578061121811,89.723980462593
-68.5557921216089,-26.7811120398893,-13.4167838137294,-114.212825907782,65.9629448230231
-34.0434551807498,-7.52669325349031,-24.9243399833048,-118.0738168027,70.5389666501936
-37.0450656000323,-25.417106044235,-28.9834246463632,-191.378069661826,97.0576457441269
-70.4894981649209,-41.4601903723741,-3.76812955195496,-136.785949634013,68.1325567308458
-29.167422890529,-19.7499477702358,-25.3213959058847,-53.9590746075052,34.1713264931086
22.8703569326151,-12.1927195282077,-43.2504426727509,-60.6577196101806,40.3795643252046
18.6012203668942,-23.3975722881752,-36.3392352124854,-117.026239390634,64.7727468703706
-16.8736492696276,-23.9153029847739,-22.8848103670704,-119.569637388701,63.1646981567973
-18.5440767388949,-10.786999015201,-31.8771603347741,-86.4126107762913,46.5617170859404
5.23534865230251,-9.57373205920487,-43.2215660683134,-52.3238932697725,32.4893153108855
29.7829021401095,-15.9443723595524,-45.8878687033154,-57.7779229710543,36.3063179112433
27.1601562881315,-18.8918291469561,-40.2470980581223,-80.6313895441439,46.0582457119569
11.5801671140881,-12.6200514607807,-37.1990785536111,-80.1757060299831,44.6303801390877
10.7321023809983,-5.37471396198043,-42.8612044739862,-64.4323892368304,36.4680102381717
22.4008282513654,-6.96393357440082,-48.1338080370689,-47.962484188285,29.4951937959538
34.7512397883051,-10.9300211164903,-48.3952978901789,-43.5632258383908,28.4213828872951
37.5960207156172,-10.2476108231526,-46.9216754955986,-56.202872055561,33.6931746745262
28.860207575274,-6.9113271512131,-45.3455145368838,-55.9545864490658,32.9380728930394
28.0449702330684,-2.58479344806644,-47.9093139432999,-46.3257272805362,28.0845865959544
34.5134931008822,-2.91135495349533,-51.1964558252053,-37.6982289009454,24.3705457535785
40.757479308815,-4.9542464330186,-50.9395617127283,-31.9614883430126,22.5941212573313
43.7350550232564,-3.88562828321657,-50.5293505549679,-41.2613007940996,26.2140020090756
37.5534099997975,-2.52069063957848,-49.1382734296639,-42.0244699189023,25.868091355507
36.5506146306696,0.299606625226359,-50.2098080856763,-31.5255124151554,21.087745245739
42.7570939897233,1.24975845999245,-53.0894480703218,-27.5270088074723,19.5560856068486
45.2878948879892,-0.532520527554488,-52.3484628429799,-27.0264215655269,19.6875778277613
44.9618142650883,0.0521520169383627,-51.0809839567058,-32.0916553788086,21.3790256025928
41.4195725690056,1.61408776680195,-50.6209990730147,-28.6141628440851,19.4388422897889
43.0232363058211,3.76690181956956,-51.8104431672788,-16.7441813303015,14.4034447712493
49.8145722111452,4.69391707283035,-54.0534374510426,-18.1016061564795,14.9822900752206
48.9386968476775,2.98136835098056,-52.3594412650957,-14.0643726904927,13.52469631128
50.392512195876,5.28036826958671,-52.0817305058635,-16.2137898155574,14.048803074109
48.4051754931758,6.4010896367565,-52.4768605935203,-13.8907420455047,12.8479682933618
49.0866726990143,7.47098336134444,-52.2747620848815,1.23929529029321,6.71691639358076
57.3262118880228,9.46959984055558,-54.9181026459482,-4.63487897562712,9.09781455539795
53.4702094767341,5.62039153502229,-52.4390958618307,16.9380473680265,-2.53179911067433
69.1628264013577,11.7675835762464,-56.5503435272108,51.4942633031946,-14.9412398870646
86.3771656017911,16.6462311659763,-63.0873289049087,32.9551764904893,-3.56281406214084
69.485446606914,11.9038953894355,-54.741399404537,-1.65709206679918,12.0893835153024
44.1247958909965,11.8919146448095,-47.0452815813051,-15.7173474103996,14.998399417685
36.2561064964225,14.5535987383123,-48.4210639416797,16.6440818761971,-0.0240068081781331
57.1968018826541,16.4476701248951,-55.172632622335,52.4411222704817,-13.0812585663977
78.0739172934438,14.0746391895402,-57.6764451390566,21.9412330683552,1.69261937412352
57.1805401457509,8.01526836521316,-46.5811198305708,-2.20327678562974,11.8307634240961
39.1647994274074,14.7041032495001,-42.4351953995741,-0.000554345225665553,9.52572347217013
38.7252073806522,19.2661561711182,-48.2788805844309,17.2128274231638,2.068114325946
49.5115538541177,15.5995182242305,-49.9346529149449,28.4961961494445,-1.15381231780292
55.7924551870653,11.2646497748241,-47.8143716361112,8.01122380494889,8.40859901259086
41.7233291830207,9.68901415912051,-40.8383730659209,-3.55674514430635,13.1515842629752
32.2870707999088,14.8816490262975,-40.058884904841,0.493809934371088,10.861383157283
33.5285899745744,16.5399316485408,-43.3546341656581,8.06264312408559,7.91222788233704
37.945923530606,12.8778424194662,-43.0138414116086,11.2905456285001,7.58070241393265
39.2973130477367,10.5273746004928,-40.6392476228148,-3.7632426231151,14.2652813847483
27.5735209622882,10.025616385869,-36.7169912659449,-35.7419956488561,26.2196609292306
8.16959703763294,8.78822546850654,-32.1767998550538,-23.7977335769197,22.0348334894115
13.1028192484825,12.1780703663919,-35.3372314353898,-11.5729462938993,17.5919142192823
20.5786068697035,8.45642554324769,-37.1582653278104,-33.6983055652973,27.2416846555105
8.04118878667158,1.54735694236311,-29.2066079870516,-34.5254792526315,26.548965678992
8.50940928340011,6.21823295638605,-29.6723363076031,-24.1137732203352,21.8939912959826
14.4722220108788,9.25504392541886,-34.1696519756336,-13.0399681647048,18.1046792551829
20.7862743701717,7.94071385494767,-34.7201990722777,-28.0026304866911,24.585161547576
11.998624616929,3.91282292767971,-30.7365007538265,-31.2091629168952,25.8295659860078
9.79017183348279,6.58923563609362,-29.7405154994751,-28.3990585943619,23.9463985655889
11.7422717241111,8.04073076306761,-32.8469758077247,-22.3555918927265,21.2072675159304
16.1685009203059,7.27397088021258,-33.0280351502664,-15.7825047075696,19.3788942096998
19.5456149605467,6.63825306884107,-33.444901402239,-29.1213329796771,24.8663912154147
11.6735191514163,5.04338497836773,-30.132285314177,-33.8570254390283,26.3435173594946
8.73443590573276,7.11920411765314,-30.1787809805455,-21.1888607756741,20.6193537991244
16.6903111536362,9.12090659803491,-33.9206186376492,-18.4331856831215,19.3792192699488
19.1953947847404,6.55475218146206,-33.7363702205772,-19.4206557941949,20.351889730192
18.3524802713134,6.09646883479894,-31.8358031915753,-26.7018516777916,23.3090188566245
13.5465402145103,6.87369262825017,-31.2048283517338,-27.8449930038367,23.2982063587144
12.8708684350301,8.30159091312595,-31.7211440136668,-19.2993172556762,19.7321525628037
18.0168189695594,8.57090022846139,-33.8769124646729,-20.998889971142,20.3813941165203
17.679210686537,6.20321117486606,-32.5207819904399,-20.7832390610248,20.3432834018152
17.8675236126572,6.93309920780753,-31.8888742954506,-20.9787163324686,20.230126309167
17.5800159868736,8.1272973494529,-32.609088060635,-21.0950009118256,20.1580656431001
17.42427971791,8.3297513371723,-32.7178439469079,-16.7526682619717,18.5194484171125
19.7981294724787,8.45619271403819,-33.4037735165087,-19.9603391367371,19.8056278699603
18.0511900366432,7.24686354148591,-32.4349139668427,-20.6509781869438,20.0017270425282
17.6007335147118,7.85797867431326,-32.0002151361108,-16.307015823089,18.1549006978752
19.9978028716587,8.96600749579856,-33.2901013502449,-17.3285707016098,18.5828308396085
19.4038113803773,8.13086975980226,-32.8360090104734,-16.2669148355261,18.2329841994837
19.8613383178693,8.3611935739164,-32.600271854147,-16.7805045873823,18.4607369515917
19.3776428029079,8.45379598288735,-32.624291486332,-17.0198042332439,18.6102592159207
18.9643819693461,8.57054935442539,-32.3439312831177,-15.1558445931391,17.7656865607902
20.0040617553945,8.85189299580144,-32.7787726937024,-15.7295398744895,18.0247110277678
19.6064020715845,8.38334666934558,-32.4127503850045,-13.5894955102328,17.2109568234843
20.6826977762196,8.85334426427905,-32.5363872438079,-14.2425176968328,17.5888927731937
19.9506544375529,8.71461406786388,-32.3828162998348,-16.4225119416279,18.5657152414327
18.3892388749754,8.4658845177959,-31.683183026449,-14.7399459648705,17.784982815109
19.2682315540273,8.96368281946174,-32.1343849198389,-13.1776612278749,17.219219602386
20.0619169199777,8.74506292665858,-32.2666198005777,-13.5340491371361,17.5313676417332
19.5909477239712,8.41392513416132,-31.7426612493279,-14.7772753802226,18.1877700529156
18.4575757971672,8.49057920015484,-31.3229549656275,-16.8668062405882,19.0972134531204
16.9306162417877,8.41982129736939,-30.9854497427925,-16.3040085604814,18.8305793788094
17.1342351034665,8.50546509116335,-31.082818247548,-15.091497179201,18.3984511240951
17.790124096148,8.21401410318482,-31.1570952899915,-15.7716899768441,18.8643273487623
17.1655024729248,7.7965668431959,-30.6074633600055,-18.5264638403764,20.0581471681493
15.2989003364328,7.61425654164828,-29.9772298092513,-19.3828869797286,20.4356171190192
14.5927833248501,7.86834352477863,-29.8978572068689,-17.9471462844114,19.9355408992731
15.2687015456906,7.83037029843736,-30.222656319429,-20.1452673686746,20.818383909009
14.0729299002205,6.88840660977948,-29.5558074584588,-20.3778020348858,20.9460177508093
13.9713347559838,7.04371827496974,-29.3207488162054,-20.9716216859982,21.3621346103928
13.3160488825805,7.00667782500399,-29.3146733635815,-22.5597100767776,22.0746803823662
12.3146440773785,6.66085675551803,-28.8611652923218,-23.0299896453786,22.1985033293494
12.1398578496981,6.58912461647371,-28.9344656432273,-25.6331505153577,23.2558850135187
10.6544666399523,5.93739506765106,-28.4157653441269,-24.9970246513306,23.0918184620068
11.0321356565019,6.10168392443937,-28.4690994056731,-26.6659456215228,23.8694446685732
10.0120475833588,5.53114427361198,-28.236674573623,-27.7867147711908,24.2536293044119
9.60561125543688,5.33730043064247,-27.8766785955951,-26.3008042912948,23.5053582998784
10.8050887891038,5.64445355381591,-28.4934554898409,-27.0725379619115,23.9044005211358
10.4185997747481,5.1474792205303,-28.2425336736946,-27.8618030368183,24.2702857350234
10.0512960575455,5.07541559752122,-28.0146125752647,-28.324120017361,24.4542977167318
9.85009896614983,5.10177427986701,-28.1042380848769,-28.1683134134759,24.197768424473
10.3159261578196,5.06176545975213,-28.2992000595333,-26.446849980913,23.3560378896772
11.7342339009166,5.19717670990642,-28.7143753870635,-24.2356219106796,22.6579927901528
12.9819948095454,5.27612767402081,-28.974944692423,-27.1249298072175,23.8143684916408
11.4286290986732,4.78487799591127,-28.4178232362388,-27.4583545605151,23.7589634599983
11.4350672610728,5.35962757388896,-28.5046270459565,-22.3381848151879,21.6530452275831
14.5241717511966,6.11345634181126,-29.8277435646495,-23.7586813562675,22.170999190294
14.0115145911685,5.11128955964175,-29.3397745503529,-22.4291341972012,21.6858052272344
14.8240195407068,5.64076965338077,-29.2642466642196,-22.8364270650183,21.717649531023
14.6410672631636,5.87870403702003,-29.6760058508336,-22.7226229108229,21.5793394778659
14.8102166555749,6.05859099718003,-29.5507303689277,-16.771115309213,19.3479453245805
18.1147846098255,6.84224400125985,-30.708054581391,-20.7693579034695,20.8644380209549
15.9997239745274,5.63177718028812,-29.8053941988762,-21.658455934876,21.0932711771461
15.5245249537919,6.27157038740945,-29.3797790855897,-14.3690244732315,18.126644083719
19.6497233126536,7.75819164245216,-31.2940837980393,-16.6633540369361,19.061847316229
18.3959628042733,6.44525557263261,-30.5381496171424,-15.8586127970281,18.8496602154485
18.6884389041463,6.96446650982397,-30.1420207710903,-16.497752603618,19.0945942480645
18.0321824750353,7.25004346069813,-30.5064091405121,-16.9066225333408,19.1980631708234
17.7115035610077,7.33382036154255,-30.163753304638,-12.032699636989,17.413539350402
20.2550358802538,7.92199268132386,-31.0751458578271,-15.9493231969821,18.9734712396492
18.0168475714967,6.73980265658989,-30.0179724581118,-15.2548375757247,18.6335668892595
18.3359951857117,7.54637313695581,-29.9060248743919,-13.3689186217259,17.7612204781438
19.3316947766783,7.98116951531909,-30.7517265093091,-13.7222631466759,18.0078482053529
18.93483922709,7.54861053863599,-30.1873689950111,-11.8900607628563,17.5304919300756
19.5832690042124,7.82618934097366,-30.2682538795168,-16.3716688877751,19.2695929396789
16.8432392181009,7.16385578608237,-29.4123323568043,-16.6440733537042,19.1803766506031
16.6988367906656,7.69664509887406,-29.3296813840028,-10.5274495737014,16.7257624425117
20.1656695789822,8.43230761531716,-30.6920948162392,-12.1930050422517,17.5137595175141
19.1609910783737,7.21995479017436,-29.8202725253845,-13.3330845306951,18.1299532466959
18.1843696757539,7.5285242614257,-29.1101604785775,-14.5599704523063,18.527248434563
17.1664155146345,7.97850460102789,-29.3588659124764,-15.0535140966936,18.6147732848766
16.8158988210269,7.91010412939986,-29.2250864157508,-11.3639673720551,17.3143432582787
18.724866233438,8.02945622985814,-29.7174853283625,-14.2300906921192,18.5373700511848
16.9767408522869,7.02271562985339,-28.7893519589152,-15.7413243309439,19.0918906471252
16.0102267779023,7.39352108009586,-28.2967108538835,-14.3023196840268,18.3886954985656
16.7521841806269,7.98222848101993,-29.0112197288901,-13.3238918349543,18.05173788654
17.1402207306628,7.66772199981028,-28.942440458024,-14.0987634162547,18.5259136634297
16.4973808587674,7.1854158850151,-28.4555223387118,-17.2662969932767,19.8266026755165
14.2300110049483,6.94223408602067,-27.7346603664133,-21.1916403486482,21.147747404266
12.0244222984693,6.75852834955324,-27.2704092011907,-17.7272092126831,19.8432759943329
13.853211520667,7.28069082945946,-27.9546319133296,-16.1178541174098,19.2389474019638
14.627814489049,6.58109120794384,-28.0796248762082,-25.0231151433016,22.7210132292175
9.64914244105696,4.90401857909599,-25.9779750988014,-23.8642634864054,22.1859216246803
9.70647162613014,6.3534974754017,-26.4101043547102,-27.9948006479771,23.5324834205161
7.57651696905372,5.26676288019771,-26.4396250926909,-28.5644380450612,24.053186542912
7.11025135887088,4.64698953950685,-25.5565799043814,-25.333262028636,22.6487375154321
9.27779388462154,4.78884390841221,-26.4067939364021,-31.665880772698,24.9508333178872
6.13553356548788,3.42940549510738,-25.0526991778426,-27.1191471550974,22.8280032775273
9.23933507314579,5.0549546496475,-26.0888986324835,-22.5552813496604,21.0466362788725
12.0124533510198,5.21835449411909,-27.4221688033497,-22.3257039968015,21.1349351455905
12.2604234734153,4.62692057710701,-26.7092831992199,-24.4628609512899,21.9071976772051
11.0920817748041,4.76877969728062,-26.5109951457356,-22.7409021999978,20.9104913926011
12.3402762237596,5.80453811295409,-27.1913217303505,-17.7251461298576,18.8477338070518
15.337682731884,6.28778197714036,-28.4571881717514,-17.2083312991697,18.8255183717785
15.6679165727802,5.57503769521826,-28.0190845217638,-17.9984879918867,19.1406571705573
15.1834690338738,5.83119567393495,-27.6906084305963,-17.687083584171,18.7808727196429
15.3965941760612,6.60347807783471,-28.1327427794216,-16.3396292281877,18.0433030466791
16.2659371482805,6.7185497115571,-28.6261013771201,-12.7951449527221,16.3624575916297
18.6945846058802,6.89744665556119,-29.1936723139593,-10.8375788486757,15.7330368238093
18.740643427914,6.64391971629538,-29.2670565997195,-27.6300471614409,21.7349968795914
9.56506930901444,4.32252562086656,-26.3896128829582,-23.0969494535754,20.5400589899311
10.8279964343519,6.83902344615521,-27.1616728631169,-16.4109589358655,18.2863286472451
14.1870309071206,5.98432987450077,-29.0113440178444,-29.8568216906812,22.8407090550584
7.9475075018986,2.22168800149172,-25.4504208091288,-14.7495761908045,16.1805531340768
17.5511899917717,6.18269252147671,-28.4501669115535,-4.87739976928578,12.2793490887199
23.2720262251842,6.6941138243007,-31.1428926930631,-11.5593503870618,15.9180003996828
18.2869199849159,4.94120849654208,-27.9317543253442,-21.2723752854478,20.3268398141254
12.4862705626261,5.36275122526311,-26.4861231969968,-4.95453698077345,13.9386265436484
21.2517852085509,9.38586256985798,-30.0489697936006,0.505592842914374,10.4913380951377
26.4083520685159,7.62851510983532,-31.857066706216,-2.28964210467101,11.4256335845512
25.372610600392,6.5013276598793,-29.480879540806,7.67397662897642,7.93641687751048
29.9194610120268,10.1066201040415,-31.6226864036132,-3.43374645573092,13.5684738979675
19.7755443550271,8.48015150545702,-29.5203295095105,-42.2636439379437,28.3622881902219
-2.93744913437551,3.41053805435626,-22.5299910198084,-35.8067451604663,25.8420837757186
-0.188789477302997,6.71271271415358,-24.6750328103301,-13.8983499642436,16.9766691995152
13.4474989036106,5.99657726228138,-29.6578934351405,-45.8842718204824,30.1615638405317
-4.14862645048812,-3.66857323651142,-20.5899869481169,-40.4001519881307,27.5830448789404
-0.585111433837048,2.54755381263719,-21.0629927492359,-32.2648233731179,24.1468577110043
3.77728468674527,4.40420965933528,-26.5644341387861,-46.9739400437107,29.6189135006703
-3.42741117462771,-0.706653473067659,-22.014197158095,-38.8774658352439,26.3731067099402
1.62869256495912,1.11896470497981,-23.7535018995676,-38.8438657552435,26.2842740877497
2.18082880827589,0.434998530693201,-24.2249303349507,-43.1772401671549,27.9039611187803
0.152438097943824,-0.0255290700169071,-22.9979184987107,-39.2748408950739,25.6614644660373
3.40857441960938,0.675427151664043,-24.6937246980903,-28.1473661216239,19.3544125584533
12.7525923582069,2.04561377502927,-27.859989259308,-6.50795034817851,11.2863127252748
25.1748549537205,4.15461964989686,-31.093970948207,-15.9710072292598,16.765565744559
17.6636702447054,1.78117659094615,-27.9336487183605,-40.1661651986712,26.8692539005263
1.99690604448509,1.53909669042145,-23.2285454313788,-38.1382296643454,24.5904433267128
5.67989566080024,5.12363923173872,-26.6221172786083,17.1453540257746,2.48955923304083
38.7019853373225,10.7198141045345,-36.8878554558128,19.9064551156609,0.630355470823644
43.4682352160075,3.98823460669671,-35.3354338855533,-2.00401516690744,9.8975236406758
29.7657023360238,4.67007819572466,-27.7699200824896,20.062754536471,1.08988424777031
39.7884426365239,16.3887259598483,-35.7994030844791,8.9607518994376,6.40115441628563
30.8904035085378,12.6772337561344,-34.9263403188195,-2.60402363292023,12.6115052793448
22.0074894622511,8.78090809642226,-29.1192215751855,-20.0251558325615,18.4577353252841
12.7226907455895,6.66845705629482,-27.1895611042978,-5.28475338985392,10.6105023784216
23.5576269514049,10.6699629686205,-30.295830929151,17.0083533715355,1.71746848828828
36.8337803807542,11.3314311153795,-34.9927781174793,10.326768577682,6.17813220509443
31.3664540407217,6.75285405306893,-30.5518006211943,-27.285431561332,19.9453523437285
9.82161831907239,4.51133044359631,-24.532320624104,2.26116803181605,9.37588428801002
23.649105861886,14.2577789206059,-30.9410145303359,2.52639643899496,11.5193033912563
21.0473587785914,7.98065542126787,-31.6004629396255,-36.9986747153612,27.7253344522774
-1.54029485486797,-0.535022390534144,-19.1736528552706,-29.2709250114945,22.5830051032166
4.70386908105575,6.47691152513884,-23.7924869189985,-2.04479893735905,11.0987096763562
21.4011708666791,9.15647802812039,-30.5026600705653,4.19524497953846,9.73646032547004
25.0723581168953,4.88394801200204,-28.7708225630834,-15.6982469297216,18.8460211937059
12.2750678834918,2.7444242068435,-22.7805858500031,-21.3986096464302,21.0760706158045
7.52893660091965,7.35984011791169,-23.4609638607742,-17.4029862398284,18.4887024961228
10.2902452237612,8.25400091206731,-26.7730249195742,-7.22963089502971,14.0500770937084
17.5400492648482,6.20177161219151,-27.5104824237237,-0.358983906420737,12.2633459841117
21.3149855632865,4.93930813041768,-26.8592390340281,-15.5202775174388,18.8360351550726
11.7560098225945,4.15946150678101,-23.2350908109443,-21.5667647017679,21.0517721492248
7.3437956464012,7.0607072955623,-23.2882794964507,-10.2107533502701,15.8636777593164
14.2972414532608,8.63730996621812,-27.1791006035332,-6.44269947469038,14.1949862103632
17.5386443875885,6.39636256877714,-26.8104394574278,-12.1895951844026,18.7791975985373
11.7686352170646,4.5071380061154,-23.1640646961111,-39.1722085594392,28.9515273776797
-3.88662441436719,2.9081079280942,-19.0114209487591,-35.4124834077498,25.0221047348415
0.619768083746556,6.8493374694416,-22.201780936326,2.0418797227695,9.2993127177133
24.1639296905494,9.38975610859459,-30.4333818631263,1.82124821414767,10.6959877820259
22.4959001587255,3.3034720519039,-26.8601562052005,-48.4660004019827,30.8972750507122
-7.25169471771036,-1.49999445754763,-16.0114946797076,-52.8008907756267,32.7153430752667
-12.2549938112868,6.41422556966729,-18.3942215179798,-25.5744137393325,21.0028215343876
4.479709203009,7.9528194810799,-26.9125889846833,-33.6515092047825,24.264385314694
2.30181815072028,-2.14578246999973,-21.9196682703833,-32.4595987439781,22.9260312196591
5.59981732562703,-0.547698932928574,-19.9359289013654,-25.1868958537258,19.8358862805678
9.43516648729894,4.62715099714367,-23.7771515968412,-18.8051271749868,17.2579138158856
12.8863859433616,6.25938365719971,-25.4069050644826,-25.1391840640247,19.6950161147687
9.48300419765499,3.80441604165301,-24.5201507432493,-19.3990167520303,17.134724378923
13.3901405481352,5.02912775189275,-24.8275914406961,-17.0425905436108,15.7398971878367
15.4085985443361,5.28331532458474,-26.3681604766325,-13.755754598976,14.2127294056382
17.6872297435304,6.04095674930627,-26.1253159122624,-8.51130113371626,12.0063297992862
20.6582275533195,7.16876863803225,-27.770374400024,-10.7083375638395,12.9340513619552
19.204085991258,6.77579336951603,-26.8098902815705,-8.53435339698276,11.9831167893608
20.1947004836701,7.86643914182743,-27.3938250003622,-7.97313070174311,11.5015566823583
20.5140981780776,7.9922923749687,-27.6816029540355,-6.6915784582297,10.8068046627106
21.3163683885449,7.13608066470485,-27.7038292525664,4.76540754835852,4.43571464741962
30.2232396176213,9.23134925704395,-30.3487014304912,24.4206146844777,-2.40003695578891
40.2636188917705,11.4901894155646,-33.2157979778068,13.6122152365682,4.03734044785965
30.8291692344494,9.04390165945926,-28.6301206379776,9.75982160775991,6.42602590738832
26.2133757056747,11.9124087225245,-27.1741671356982,-2.25489688988889,8.9342981895301
18.9692887795148,11.211967966127,-27.8983662925514,-6.87266373024208,8.01244033914809
19.377414353776,9.8000227590294,-27.5172681682733,22.622430793766,-1.74296859767063
34.1224431869017,12.2992046868313,-31.6338550989326,13.9637026618631,4.85757569325408
25.5091395578647,7.52813606083662,-26.5827230694112,-37.5279656596923,25.9984133539387
-6.36908725114899,2.99120208406526,-15.7093827102499,-30.4998582262423,20.1191351819746
-0.36019308546537,11.1190648601609,-21.191896697195,8.77090528679421,2.99908516853901
24.7606652648835,12.0331486927314,-31.1177473192184,19.6576416725482,-0.0267032162787203
32.1551339131213,5.11658011067535,-27.368465885887,-5.65740774481727,11.9137402344607
15.2981334421593,3.54587262821911,-19.7440899357427,-23.8155224761484,19.0534826703731
2.24590978666566,9.62596957542238,-18.8062259490858,-16.8088719820583,14.7675625516452
6.40539344463159,12.368742680166,-24.3648563909684,0.328552956441497,7.27231307593444
18.380232087625,8.43969670816174,-27.0728764810142,-32.2490062436405,20.5671602076532
0.448146889788382,-1.37025886011591,-18.2641081288123,-24.1262210358076,19.2088150905793
2.33809290794841,5.93442298152268,-17.7610973917278,-37.0962503222038,25.260861236518
-7.52964906609804,4.64806567597725,-19.1313870767223,-55.2867367952663,31.0627687049339
-15.8373615003348,0.879817206105384,-14.1777640556075,-31.1152366097445,18.9542886768895
2.08023487457775,4.13292323968328,-21.4334245106681,-9.66732226214118,10.3888909723989
16.3475133980795,3.30901576709655,-23.7631793481478,-14.9757863671474,13.8286025968382
12.560109510772,1.85675555548867,-20.546603600884,-32.9729488502777,21.4757514284024
0.459752189214933,3.76475773337521,-17.5418501429089,-34.2407574409481,20.6308931140369
-0.0050122709810819,7.08094007240539,-20.6538318349624,-17.9593683208236,12.8083891885353
11.5743465381602,6.92372444028185,-24.6728692032461,-0.954931937662906,6.13953233252274
22.8690264957357,5.09518702567052,-25.8180297066252,-7.97920716399591,9.53900480203855
18.7680555448566,3.7873827998331,-22.5698157146917,-15.1293011357791,12.2352962991594
13.6335202034451,7.58220736584134,-21.8816327556553,-3.81948657305047,7.00475457524646
19.8044808592628,11.624868615546,-26.4093882858563,0.0477535766498143,5.00025645290477
22.969065919528,7.40858006349703,-26.941303912881,23.4637576720811,-7.14611847475651
41.0006862536013,10.0782267922673,-30.4077025564132,54.8797075789486,-18.0407967147418
57.3600484698426,14.5425518042529,-35.2967674507087,37.1541798118741,-7.0776052278129
41.0180932176276,12.2359260099011,-28.5304412355222,-4.92908639310898,10.8012773296596
12.3113862606544,11.3830900046649,-20.9346264874285,-10.9737961342196,10.5092986140741
9.88440829436492,14.6806685757587,-23.8780516536388,33.4124505965919,-8.95921994752502
38.3820140220889,16.4576388797152,-33.0305572401315,49.3886784589813,-14.1389804369375
48.5352562614477,10.0068311350873,-31.1677469927949,22.5743157619169,-1.06804446138094
30.0939306746153,8.07602201924941,-21.4190492058563,7.09415145043824,5.70552509085369
17.0007729333021,15.5120695740753,-21.0856055427585,6.08771747470286,4.79610478266854
15.7758990361115,16.9775805345216,-24.8539141113439,23.2834037095379,-2.87678087969493
27.4348884811973,13.611172329166,-26.7951621133412,31.809040323454,-5.5752975963116
32.9968208681225,9.82218693592824,-25.0340273303341,18.4285852655162,1.26930997220663
23.2711543500653,9.7164461835884,-20.0601043687152,2.31510396862828,8.20209382227852
11.138978622169,12.7965701150409,-18.4880234218945,2.49728933848232,7.61933739280885
10.4585420755856,14.1081640899675,-20.5134801225198,12.8447959460369,3.17582047538515
17.2731817342262,11.4858122082996,-23.4392936970273,-50.4499593449149,28.3038668846734
-18.9127832651687,-2.44690893377247,-10.0115493681297,-24.3193619616352,20.8634384300258
-7.99276327127052,8.31908951000296,-12.2798250339257,-29.470923254862,25.0260256557763
-13.7686008258128,3.19828781813399,-15.0154721397569,-74.0412035198421,41.024236016075
-35.626683524479,-6.25551351477685,-2.21972920117161,-41.7956601683227,24.1988076300654
-11.3005032607847,3.27754149495125,-13.094684349944,9.67228510369958,3.8692472146719
20.3260691344834,6.27184748866658,-22.7033253626572,-4.28496505813968,11.8370303838943
12.1724292035993,-1.18536306831756,-15.7405858476979,-29.6162178277112,23.6170717769876
