u_q_m30,u_q_0,u_q_p30,y_q_v,y_q_delta
4,4,4,213.527745560991,-75.6306799475329
117.78121576368,38.0678748675696,-28.96935405546,29.023175031084,-14.0965097209563
24.6240473539011,-6.86640752321023,-1.10625664970752,-4.05727304466257,-16.9239898338572
21.4730283102095,15.525916638714,6.21398423421476,270.860836498722,-131.591609910099
181.632757872612,64.9760271070601,-70.4564581276601,301.366776415668,-118.482287091894
172.612469873502,27.6583454164556,-46.9625233198824,-9.89985609705202,22.2245673907725
-32.772709232493,-13.5345701971096,32.5728075198467,-178.750051290649,79.8469333188069
-135.637679616102,15.8859713873799,43.739802261689,23.1784168829093,-19.0500309207371
-2.26100797466565,48.5882211162092,-25.6806770568558,192.968365324002,-86.9087701840158
112.919935665953,9.29862749089044,-39.6050920486771,136.448845326325,-49.7804453231833
74.8019247998821,-22.2474453353618,7.42116102937953,-32.7905986472676,25.6690694705992
-43.1205983307866,-0.850101166660714,37.9915612287029,-95.1551254705698,44.2509481637912
-88.1372155582395,30.6519402323054,21.7471722212797,12.0661693464086,-7.52389998514513
-15.4953875155539,27.2227258112529,-11.2601856489485,103.567582695511,-43.1293422385297
50.2419312209414,-5.59224227290463,-11.0172537830024,64.4074638528315,-19.8624022832161
26.1602581591852,-18.4127245287549,17.0616795709136,-26.419397786418,19.9131870101743
-38.0268311971986,2.32819002275568,29.6083255060168,-43.6190912632933,23.0955485383556
-53.2847295407922,21.8652241175562,14.9421321177432,12.5458825045719,-3.56420139062343
-14.5848493308003,13.4070082065111,-1.10323815016836,53.1269797938563,-18.778823666415
16.2561974224,-6.54289738331259,3.06927592811771,28.8111192156622,-5.05587781025598
1.12421157288498,-10.4933848764431,17.3934962723637,-17.3643926227764,14.9592195599352
-31.8407396427883,2.32188096244048,22.2082829536533,-24.5458700989238,15.86370847787
-38.4409224030948,11.1503559054445,13.7284546125367,5.29186211117857,1.99424642462231
-17.4204896064065,4.98622323751876,6.2120310224591,24.6416892688513,-4.98287513746883
-2.22579709541452,-5.60602108975309,8.93928052048434,10.3019015317374,2.77165965603035
-10.9440956323234,-6.81843791022845,16.2982304277452,-13.3979254945326,12.8651981662834
-27.5727655821455,0.217541119912809,17.9190932546264,-14.5574338056765,12.3628334027317
-29.1978690954356,4.41345645048521,13.0109983292818,-0.0671068205428829,5.66832381209105
-18.4886850900064,0.264881436970279,9.43473827805114,7.8023513866104,2.97064441678231
-11.6561360694898,-5.21616802734902,11.3333790481754,0.877240427168894,6.78239345004315
-15.7911681729896,-5.22323730951269,14.4836955935048,-11.924213386776,12.1637826216509
-24.3995997804802,-1.97305399930981,15.1080930316676,-11.7440689718613,11.5524998066478
-24.3644855096021,-0.0849924705340668,12.3893628808588,-3.75439330242082,7.96976846802864
-18.3121166576399,-2.39904470052899,10.3728570718762,-1.24069028448589,7.29776236156242
-15.5377344693111,-5.41727989922927,11.5457348861987,-6.90127030554505,10.1540260439947
-18.8114742044104,-5.50278465171071,13.2730817810751,-12.8389170066959,12.6890227783675
-22.6163195807679,-3.69956368515214,13.1735693512637,-11.20651931655,11.8613215561475
-21.4682664021212,-2.98338881458182,11.3812389422807,-7.1151472630614,10.0110300634158
-17.9256863382451,-4.5293385028875,10.400933875228,-6.50201711211238,9.92388642409747
-16.6395641479397,-5.97360798624047,10.9461315176351,-8.49909891925607,11.118786563894
-17.7387765419421,-5.63532416026923,11.3943197612678,-12.5650519363893,12.9413256173321
-20.2193968984307,-5.09685678356806,11.3028339338303,-12.5162686531919,12.8119757630222
-19.7940344339601,-4.87893743913459,10.4409131926581,-11.4708659691555,12.3742441292111
-18.4792518210349,-5.91003405758174,9.87532735823808,-11.2949273505873,12.3963820574687
-17.5458103290887,-6.716689343096,10.0851787841955,-10.2405663886713,12.1827888110688
-16.5977720890806,-6.36074246465324,9.71512270468336,-10.494072086913,12.3027020941827
-16.3515271259932,-6.07547083211161,9.24144974473935,-11.8919382010904,12.7585650765191
-16.6065192678199,-6.20755484325969,8.90848409903438,-10.208221253328,12.1872104729402
-15.2748893043717,-6.16105653602483,8.26756208017299,-10.6079668355133,12.5236799560134
-15.1091004964385,-6.70830386301004,8.10062315619223,-12.0910296923934,13.3212926071661
-15.7214181221726,-6.9766100915787,8.30865960366707,-13.9247845328141,13.9278991634185
-16.2491638155289,-7.02109488770177,8.0189658742176,-12.3642972250875,13.2178705597747
-14.7096289318937,-6.7299128401784,7.30737911988931,-7.12762868141087,11.3966273890453
-11.4012123616258,-6.49083392773133,6.14297978599095,-11.5896194005679,13.189122235612
-13.3297809934496,-7.79823926079522,6.91876302193275,-12.0812752006844,13.2263459672056
-13.0940447343905,-6.89995864042321,6.66546960871147,-9.65375355619373,12.2579015414713
-11.4607070306017,-6.35676048773795,5.23556015789749,-11.2469374202552,13.0593218937556
-11.9949619317772,-7.31732036323495,5.57907429156091,-11.4391322612709,13.2818741067962
-11.8207196249552,-7.42675129886607,5.53518207894797,-11.8992755180708,13.3001557995172
-11.4986662176399,-7.3533884703133,5.1132937136201,-11.3253159476746,12.841909719931
-10.4036629839835,-7.13858198914982,4.51782582665848,-8.2829258715711,11.7813044743671
-8.40283464478689,-6.90414653049579,3.72226011827955,-10.4430763695662,12.7704975459254
-9.30468735391383,-7.61686690369214,3.99723787379045,-12.1054376581204,13.3985139240686
-9.93789080784628,-7.35232808506212,4.06953613972557,-11.5605233696451,13.0921802257393
-9.29668468407266,-7.02712068836448,3.26281006821248,-12.0914933241768,13.2006114835981
-9.01792983129592,-7.46655240889863,3.09890932769201,-9.9141851376817,12.3513655196444
-7.31997772351578,-7.35871356671191,2.57735436802491,-10.7862706936283,12.64808785445
-7.34100927472753,-7.66065158923415,2.46422192047198,-11.1649588184582,12.7274045328759
-7.12539851909978,-7.30509007662271,2.19957076279371,-14.3085164621013,14.0946805965967
-8.93453765194728,-7.70116172094983,2.27221934845695,-14.1167981884307,14.1494405323288
-8.72241188427846,-7.54032907633621,2.12471065635296,-15.3754149871692,14.7024355613023
-9.1612738882398,-8.14942041247711,1.79101433815195,-22.4244475715609,17.2397754602385
-12.5057986397264,-9.41475608739118,2.97295637736198,-16.5076374351493,14.8221410294738
-8.68569925979301,-7.85585775692615,1.25905939939341,-22.1898766581429,17.317962234957
-11.8340833733217,-9.80868360980111,1.86119851546598,-24.8190732978675,18.60832227396
-13.1244611128021,-9.90463645700131,2.91050019077,-23.2441010577774,17.7293087825913
-11.5858658363658,-9.2875127728057,1.14713763857423,-34.0280498103569,21.6404599084609
-16.8562271843612,-11.6005985521291,2.88741811317129,-25.0225469092548,18.1151361426563
-11.3040459060525,-9.50736013567542,0.804357540345391,-35.325551720523,22.4445405332476
-17.0106006229686,-12.6051819612662,1.92221541388401,-38.3492402302297,23.8897455009682
-18.4448626852324,-12.2764248026913,3.37707170608695,-34.1401161498327,21.7342731065725
-15.0682192607766,-11.2580849650356,0.444777601667692,-41.3957196950402,24.113244391592
-17.7677395307281,-13.5512487905005,1.86619446076164,-31.4114780886176,20.0165897937763
-11.0809304525555,-11.5086596518275,-0.300846806196621,-29.3507306208516,19.4934225611905
-9.5411737493961,-12.0800771711046,-1.21233206164317,-37.1748964939278,22.4752260246709
-13.3134401369999,-12.9790468581446,0.488334453095896,-33.5049685995708,20.3511623653738
-10.3243084931088,-10.7707301823558,-1.53714926865934,-24.7903566291366,16.4836262508703
-4.26192297678928,-10.009641686652,-4.109945452419,-23.7091128747461,16.0520212338041
-2.93705513983193,-11.2010041976795,-3.93780375239826,-26.539004400404,17.0839711573989
-4.07562344360674,-10.9141824276308,-3.26770190552596,-20.4711958184594,14.6526019703609
-0.576650004075606,-8.45413413837326,-5.2542712231464,-20.3057319583767,14.1064511916862
0.165975529217562,-8.74201996473423,-6.09828044606091,-18.1544364643951,12.8625540248185
2.25724602856476,-8.56960730513316,-6.37783125654884,-13.1125472171543,10.6897626159756
5.58648460203689,-7.65807490443516,-7.76976038037003,-12.3979694369617,10.5486719431332
5.73715145320558,-7.44119063643114,-7.6821429158182,-13.8617353365689,11.0883242178352
4.83999866666733,-6.99210471106464,-7.65945454104934,-15.5325122304606,11.4563632825087
3.67598313258057,-6.63295954754219,-7.88378353875133,-16.353416011012,11.2191029517025
3.8568646117931,-6.69055255463114,-8.18745996562378,-9.17889985573628,8.5528062428397
7.92060905829717,-5.85169569939809,-9.3397034058053,-8.27182215453381,8.2328783098091
8.29928164798278,-6.33445715426109,-9.27552134031966,-17.5445811942083,11.6560145354271
3.15048694469632,-7.09001293721338,-7.42557531048654,-12.9078793518611,9.38985801260541
5.42806860380583,-4.64614097242647,-9.07857649810023,-14.5040655004054,9.63378650912968
4.90535259053669,-5.77470714171897,-9.49024688988804,-11.3837687452025,8.81188770270839
6.45566292197688,-5.82764369499521,-8.8922065446072,-10.7861543383196,8.37519553103187
9.69858873171592,-5.64370558103919,-9.33445437185506,31.8596909228176,-7.65695687583052
33.5620536134509,1.96191681967832,-16.0423259815837,33.0112068371914,-10.0090278174136
37.0523922114951,-0.375125303161263,-17.4810502240592,15.8183364217807,-3.64600410926188
27.0354270481154,-0.255821154551316,-12.1919734036388,57.026326519263,-20.0062770191975
48.9886218164341,11.1383327690811,-22.3247998411679,40.3476696414291,-11.3618040673217
31.2728070372595,3.80986513949274,-18.6793902530229,-62.0687036082687,27.251950482065
-26.9210483962632,-10.7248950477392,2.00125392654199,-45.5812128209115,22.1079987123272
-22.2986378567504,1.4153277868782,-3.72895855145811,6.28178632012846,1.72572416887384
8.61763249083459,0.871202346051386,-16.1708165814464,-54.0079174886295,26.4817962454635
-23.5445526704053,-20.6116888492985,2.58914528321084,-39.0146485727203,17.4617862408432
-10.4248039676864,-7.74963284638856,0.618501232661216,-6.20657745759673,3.63688294843443
8.21735492214075,-0.0689983282838607,-13.0646512441797,3.93064100299589,0.140659417987738
14.9756560256769,-3.78389192695866,-10.4893252713303,-17.9409981459937,9.72250641776185
1.34892647318567,-8.07028392045577,-6.01557595023572,-18.9619039495219,9.07453470343723
1.13857875941898,-2.49765365421908,-5.90060266023668,-7.75228413387581,3.52189450261446
7.95813393689054,0.135930948284772,-12.2566556285951,3.88955041451932,-1.46691723836353
15.6327980597424,-1.5623429568779,-11.9946425803081,-1.89732935391789,0.871392966194567
12.6184155642237,-3.94589773572749,-10.5408549091644,-5.70788260262234,2.51735262377975
9.36376819333062,-1.58206298842285,-8.67430531486334,-7.63859143591264,2.40364071724823
8.12259308600648,0.327346075375892,-11.0460227716757,-3.17939890089309,0.295804454402398
10.8349577118915,0.244709432359673,-11.3042141187599,4.30653177481603,-2.84285785132058
18.1153761123535,-0.55370590166825,-12.5060143779635,45.3403675296557,-18.2741122533695
41.3094750929127,5.82174606181324,-17.7973246941247,44.36547882124,-19.4045559631824
42.7498784552787,4.58109798716453,-18.4223555884999,27.8812999237206,-13.1774034650406
32.1003339034306,6.02667456157274,-13.7368157243625,61.7694678362337,-27.0698092080726
49.9171744877089,15.8378292768261,-22.8164766532332,50.7211472938296,-20.8966807689804
41.4896009712178,8.83777202412883,-19.7317264993202,57.6815869169434,-23.4861844523479
44.8280804295208,10.9891190631171,-17.1314598031971,61.0675809056945,-25.4316781592636
45.8301211440374,13.0647797726704,-20.0120914372659,58.2522090787034,-23.9798533564594
42.626580565884,12.9453113273864,-17.3091412501241,69.719106105567,-28.3991373438652
47.60030737367,15.4239813832864,-19.7381046740567,66.2475247225371,-25.7402986337247
43.2595077135521,12.8851528126007,-17.1270095862327,65.3461288360366,-25.406692582614
41.5393651606604,13.8753909247729,-15.8252062232851,67.8032746587953,-25.7382232084117
40.5480716536226,15.2051425398651,-15.9836370830988,61.3933388862941,-21.7056412671338
33.8857285787892,13.2827291140499,-13.3035474650642,55.8514458342696,-19.3231979014079
29.2647486756427,12.8265428927201,-11.2759383348761,58.6392384019463,-20.0279380736239
29.241364951731,13.3866585816264,-11.3409872222203,54.8537922854768,-17.5407412004405
25.0531027199468,11.5606627131872,-9.22167828733079,48.9681648997087,-14.5259429351544
20.0321722256681,10.7320713240708,-6.76736665017898,43.6423730318808,-11.9504266369451
15.1759332937885,10.6909062804171,-5.49753767501428,34.3077281586407,-7.46878641106916
7.99510442797733,8.99017786633951,-3.11469772785289,27.3382576464595,-4.20637263056251
2.83406567269078,7.54672565413099,-1.16653624280346,26.5491812843604,-3.78609141140518
2.17706629731759,6.75632622803482,-0.640091160373258,28.5128125541659,-4.25968760626986
3.08762234279637,5.99990946569953,-0.286648609577115,26.3183683741257,-2.96540337320313
1.35335759403149,5.23764222983945,0.915877407546264,17.8427881510578,1.3072864067073
-4.93850221251472,4.24277678611357,3.1097123098518,13.6138269666298,3.24097662180464
-8.03333020753921,4.3484254688802,3.72234452167751,11.5591336600317,3.81235152725123
-8.94345159672848,3.5449013445395,3.57339299047025,12.9961201757962,3.58322842314958
-8.05729419628173,2.44093685327101,3.96681987740157,9.48798931370711,5.47730869265443
-10.262680828142,1.04236657016618,5.08766101387307,4.248482641549,7.86282887811383
-13.4921799484423,0.917841871754008,6.33945450573296,3.47685094295008,8.65299810754112
-14.5240902958733,1.19525220731747,6.00165631994659,-1.70055790335067,10.5548154354593
-17.221149492018,-0.513118023615866,6.68238437104902,-4.53402788321654,11.1625700419172
-17.6393327906822,-1.47338382515006,7.00044091948564,2.29870072419011,8.80046073842776
-13.5319726027233,-0.861238132716904,5.67502785396448,0.429573555789156,10.3555675775217
-14.8201408258859,-2.15649774962431,6.39210728978129,-9.44856595297437,14.990413539103
-21.088638191266,-3.34206053928569,8.62700829616808,-13.4312942409181,16.0230850914139
-22.6378209759256,-2.71738866506791,8.08983515521604,-8.92738488574903,13.8279158768595
-18.9764268515709,-2.77092050973988,6.310458450231,-1.68561628711979,11.1616528719334
-13.9126903953272,-3.66111225344779,5.39262194737915,-6.94286310365608,13.9371424951372
-16.795624420142,-5.32764450904065,6.99192871364119,-13.8915112664643,17.1479451608867
-21.199981539206,-4.76263156981098,8.09752195510929,-15.8009989103914,17.6516233288518
-21.7578547655035,-4.04723371289036,6.81529112700755,-8.82956209785483,14.7096244061383
-16.7688909956047,-4.10662462212249,5.04120142346017,-7.98886392689374,14.6195108899476
-15.4457754095922,-6.11444886261629,5.19713590864494,-14.3288391282779,17.5490988351623
-16.6155316789048,-6.88912136380196,6.93134203964609,22.9831918608275,4.02244694392586
3.83241423325792,0.751169353033211,-0.0488984036342823,17.5955700686955,5.05079242166906
3.00557752979502,-3.12277946030829,-0.440089424147002,-0.141827865145114,11.6212470044735
-6.37482339441111,-3.92904348596609,4.31600158052851,30.3961620020208,-0.150651129536867
10.0426670817301,4.30067908704832,-3.94612188673996,17.0028262617775,7.33679151080393
-0.199437025878727,-2.03835899895374,-0.943637738044925,-6.15079586582003,17.3903575900454
-14.4429636433207,-4.86455933759418,5.91802029965257,-11.157798932967,18.618129578113
-17.175829170269,-2.68422096232526,3.62512727130652,3.98908280206361,11.9692705693202
-6.99837009113475,-1.70855614221016,0.253787998880906,11.0255788578554,10.2659212827493
-2.79929712453964,-4.9798757179058,0.132330000785184,-4.33716154264093,17.4536808910581
-12.1418468197103,-7.73171462290056,5.16101290978818,-16.0829973842476,22.2066031494163
-19.625398746232,-5.4383448474735,5.71888466996922,-9.46356079185669,19.5047078606597
-15.9594931260182,-3.45049192378931,2.57072237373186,-8.9043312009838,19.2828720956383
-17.1783480367095,-7.05924803485856,2.29361400665991,-57.8638506368926,37.863427263018
-43.4089559615534,-16.7520065518909,11.9948518915902,-50.4349106971447,36.5880750509263
-41.3009387266952,-10.9258514899673,10.5412450422579,-33.7931987927171,30.5264322329234
-33.0928818179568,-11.0779097107237,4.54992381624972,-102.405776647653,57.3003805627963
-70.0963415421956,-27.0804087747054,19.2157892967409,-87.0969912454316,49.8613045033488
-58.5251332815413,-18.1117141102411,15.3594326152351,-47.7233729394177,33.902628496739
-33.6293865949432,-15.3845456121333,2.95027247780718,-66.2193327675576,42.3279772523513
-41.9363463478626,-25.5778517656212,11.2049968561198,-80.265181597705,47.0801954785446
-47.5825366310327,-23.1588049502235,13.0147331637084,-62.8669234109775,38.9497549400882
-35.9557087775874,-15.7878664053901,5.28608139149994,-49.3005156549489,32.7049071355473
-25.3585187580513,-17.0882802208104,0.825469050574067,-48.9100940620487,32.707866566169
-22.98160187917,-20.213948862943,2.44937992679219,-49.0871597861325,33.0615786351666
-22.4289890460961,-18.4526488522249,1.97318655559949,-55.2854969973777,35.1128555221782
-25.285709488871,-16.7492188265654,1.05014666032125,-49.7829810833958,32.1653262779434
-20.7364991968992,-15.1314511599595,-1.88088692613686,-43.8156093431516,29.1318440424355
-15.2741127986408,-16.3344151674275,-3.96298735239748,-39.3300226454564,27.3659349817435
-11.2168119522938,-16.7405243376338,-4.13632891027013,-39.0372898298257,27.6613301220282
-10.9132593652197,-15.7797877248842,-4.57529506710071,-45.6691611697224,29.9098843245467
-14.0566473925089,-15.1949062927737,-4.48766477023109,-40.7876687030126,27.0679277901438
-9.88071022568645,-13.3270373047042,-7.09233448665662,-34.3318134376584,24.2327709525632
-5.03927299632021,-13.8563819419265,-8.96930107915653,-33.9896067182157,24.3065645664171
-4.06184390549189,-14.7884979609627,-8.37334196190641,-38.0804254581601,26.0137699350946
-6.21634097509475,-14.2930914424377,-7.97177796056189,-38.9394218531937,25.7449687717451
-5.96585895743072,-12.8195070220101,-9.07081373680565,-32.6847116051981,22.4995672674095
-1.01355275439018,-11.8128243387479,-11.5663341502035,-31.5752780172607,22.06747319763
0.299113788821936,-13.1023933791271,-11.6322308501496,-31.483741089503,22.2377625100892
0.620426200134537,-12.7994123530886,-11.2163422523464,-34.6229317175272,23.461391725831
-1.16458031265623,-12.1718612414967,-11.5800921635004,-43.5147798562765,26.1843250318453
-5.35894800922602,-12.7528893205762,-10.9326023972784,-31.1042062351553,20.811494060967
2.64877735848006,-10.3352837901004,-14.0270964467451,-30.4099760408011,20.8773159533154
3.29571649247598,-12.4455969699883,-14.1890704836592,-37.9190065817829,23.967710212492
-0.675238948869251,-13.2952639169295,-11.5919136590124,-37.2699870687657,22.9034783205313
0.47756699010303,-10.8217685711503,-13.6116344187496,-39.0959672566528,22.9445063918608
0.274991990172439,-11.1104834052287,-14.318234046172,-28.9761496095617,18.8701159118924
6.72417321625219,-10.2171993474391,-15.9603022712314,-29.0601110283459,19.1349429326319
6.93488211260102,-11.4248363301001,-15.7318125183187,-35.924063129455,21.3413344374744
3.77050600239825,-11.2727704132783,-14.2317062233091,-29.7100472171788,17.8749428421537
8.22192713176192,-8.30101868066218,-16.9395790060295,-15.8613214894145,11.8593323418828
17.084643724661,-6.91618894543442,-20.0633859506522,-15.28552205067,11.7404150483352
20.2490151855523,-9.20023216850497,-19.3483463312309,30.4808275067534,-6.56184940975662
47.2782464806539,-0.112824980515771,-26.6434466338722,46.5813752946447,-13.7574353226327
57.6037400378917,0.898036182984053,-30.8847160417162,18.8572613072621,-2.03325342314815
39.6755898299853,-1.37546245999263,-22.9817134455601,40.6989930309973,-10.5392751770589
49.4205370834989,8.76338891107192,-29.0937749599908,31.3576752869889,-6.04477581842305
41.4401801055198,4.52257469658391,-28.7911848989246,22.4543978842881,-2.41941569121235
35.8163730772375,2.17496707174111,-23.4779470700079,30.5707042951949,-5.60853155204962
39.3691145568119,4.56474316181071,-26.0130339704986,29.3236902799259,-5.00032488384694
38.0004373417253,3.93930776253508,-24.4264707924251,31.236023038238,-5.2334063416353
37.6041045588801,4.7208219251187,-24.0395415006066,27.5335183665989,-3.48996799265628
34.1553280117266,4.49930113629659,-22.8027227692802,22.054056763735,-0.994084566523663
29.6831184371214,4.20871486968045,-21.2790475560969,28.8903377864244,-3.38717117693185
32.4470550934226,5.63489578761935,-22.0340385085685,23.7875075613544,-1.07742914972929
28.7123341462593,3.59505168902877,-20.628963883388,21.2198979572576,0.190562364228765
26.3901560189855,3.76850025701615,-18.770641520877,23.0753674139911,-0.204646423612755
26.2012692763225,4.70991153370385,-19.4559015712879,18.7603176220844,2.10584303501524
22.5121196792945,3.60047023771135,-17.7667848533869,13.718286749338,4.57493702477493
18.4607466468711,2.91004583527986,-16.3143657330007,11.686588050849,5.63564568584006
16.5551355579028,2.83104395323638,-15.6342202012731,11.8167093836148,5.84973075597033
16.0123271805281,2.48264143159943,-16.0292043204493,-16.6932277096908,17.2404412576689
-0.95761122874254,-2.71785567547096,-10.5063889458303,-5.23854616695566,14.0264496328445
3.63705326592313,1.21934190784587,-11.7069244767843,-9.81025247766335,16.9770303998676
-0.308063439885139,-2.36543388600849,-11.8203532743111,-29.5120522920631,24.5779048324579
-10.6100948163649,-6.38958758606177,-5.72408981411547,-19.4020226926513,19.2235180559615
-2.96447671837687,-2.45291639642913,-9.70669320763142,0.102328736847183,11.7364600372011
8.74714599132277,-1.27664188688214,-13.3707848392189,-6.95398661031912,15.3498446240125
4.70170201454232,-4.91698267716452,-10.5572531134859,-20.2996857924519,21.1529350120013
-3.77654097743272,-4.5546213709821,-7.29510337032599,-15.1043183008468,18.6334706582873
-0.923545503135855,-0.909854811734607,-10.6937443802258,-11.6339813411066,16.8302474065518
1.99082989890603,-2.24763952787005,-11.9953930270826,-6.22852771441334,15.1592211185319
5.51583540394585,-3.59431274852523,-11.5918144732261,-12.869054795203,18.1859082852306
1.5482475002006,-4.65447023984314,-10.0234182874057,-19.3061716113724,20.651156116159
-2.31442267563676,-3.25160288930524,-9.1921664099777,-11.8787611650612,17.8806106944692
1.51536987578851,-1.35387570393064,-11.8412658460367,-15.7142246538179,19.2232498234217
-2.78896293424361,-4.10140519765187,-11.06555115077,-64.5815328363918,37.1196484357415
-28.9732151622159,-12.2899734873424,-2.47315265058644,-54.9427782402853,34.5177243549338
-25.4230607105494,-6.59661636926769,-4.50790124726506,-31.9409995730448,26.0426030243128
-11.8366910275474,-6.74668687174962,-10.8398862834473,-68.7020915925873,41.2500369642904
-31.6156010434474,-17.847860187607,-0.554257700406885,-62.5836498163671,36.2528399671463
-24.0501714432272,-11.3148668945558,-2.90411775751924,-36.1335427804971,24.6118030136804
-6.96104214085975,-6.90592287205808,-12.1264525223323,-20.5076256366549,18.8587729512178
3.55868619124898,-8.81217455473845,-12.6087044176585,-39.5807102492083,27.3441522636237
-7.63735900699654,-12.2447572338436,-8.2663471448895,-43.3059505518654,28.3642737843198
-9.80636956549216,-7.29705313828616,-8.45864429812993,-36.6614883858803,24.4197321156727
-4.81659933828463,-5.1926573697613,-13.9091390570643,-23.9576703504326,18.7222710869974
4.58284542110868,-6.57705959969674,-15.1364972022587,-16.0165414796325,15.7966763852124
10.1330731759717,-7.55291917265346,-15.9520950218053,-24.4677480801448,19.6109214767656
4.97938810035087,-7.36952724818894,-13.3731231516267,-26.7709077105272,20.2271957691728
3.15100267104018,-4.06793883345992,-14.7989839473967,-21.5545181421518,17.5518904569361
6.53426449559005,-3.04611461488342,-17.2563974442331,-16.4477464559101,15.3455561023632
10.2695029855892,-4.76074914322048,-17.8787632499885,-14.0885931010873,14.3839277061278
12.3111748317901,-5.22913417589884,-17.295123385854,-15.5830786910503,15.2055278743866
10.9192570663349,-4.17812376423337,-17.1118945837581,-18.9642198684631,16.3991737107135
8.62731784020225,-3.12222756121612,-17.1405439738111,-17.1639342566924,15.6005869102011
9.44513661877413,-2.61443210702215,-18.1019121366103,-14.5082003645073,14.4553391454253
8.2893242245656,-3.51464759719198,-18.4547319463121,-67.6766134110473,33.6957844769043
-20.3153460774085,-12.5588271041467,-9.55385839162933,-54.6933766818841,30.1101781487311
-13.8906285012789,-5.82827595669134,-11.2772374572701,-1.57606364200207,10.7822888401584
15.5451613631784,-1.57542078987852,-22.8616584565276,-53.0132958405492,30.4212526709671
-10.8068991340778,-17.0473421149191,-9.67174708789552,-49.3032953578748,25.9302927905671
-3.4381319492676,-7.32872381358506,-10.6108984003323,31.5321223285293,-6.30503563670224
42.7706671352232,7.46600377538183,-31.3711474394746,24.7210995325129,-2.0310077760199
38.8823608185535,-3.73246088083664,-25.8897356212778,-22.7879139501696,17.8576262382571
8.53108137458848,-6.99205405335204,-13.1974638229724,-31.3766503464037,19.4204796036611
2.35970672661772,2.46486390221163,-17.6518914542972,-14.3600063488464,12.7179898923414
13.4134641829919,3.27077981282811,-23.7265632180397,41.5493563701575,-7.5973679274503
45.8266483104068,3.72716865500036,-29.4931030817858,6.65893816322535,5.63926019666142
28.2423541494219,-6.94513174513405,-20.5013805569358,-10.8816831525069,11.1906931918111
18.4474045037782,1.55209175090222,-16.3067593477179,37.6157269796702,-8.41280549723897
43.9093454658894,14.8653174197795,-32.3607472046451,28.6589716048316,-2.77152174730128
36.6368948087966,4.05505373791167,-27.5534874490143,1.29511168026911,8.94747127555098
20.060796889062,-0.777882466650512,-18.1787263312172,-8.42897550810879,11.9810086927396
13.5393490739499,3.8260483218088,-19.0295987141673,9.10487956815236,4.48937190560057
23.4231529167376,7.4280730840347,-24.0968374189369,13.1654156980848,3.5011706109831
25.6220663525351,2.74142847482159,-23.4483873540529,3.95767418711481,8.19884734010718
19.561590650563,0.0512881362839452,-18.4458892159555,-5.24906858053449,12.1388029254378
13.0275523796732,-0.997811855260639,-17.5096778358371,22.7642934009218,-5.1801393902776
36.6995014594505,6.33759865864838,-26.3190298071009,96.0168144462974,-31.5711390618384
76.3292013572132,13.3569428095014,-38.582948695142,65.3318080932463,-11.2563233512089
48.7382557205352,1.89631819936026,-24.856036980578,-37.6779351438985,32.9131793479671
-18.6176401300717,-3.89674529362476,-3.18296972950474,-47.4345508347976,31.9658078407681
-23.27217354804,8.47342758915343,-11.251049623887,24.9851640516461,-0.330616102846493
24.0631831791628,9.6817426928423,-29.3901897670734,55.7324148716934,-10.3223120328528
45.0957537136287,-4.76809502519103,-25.2470313930428,12.4405006591249,11.4352153089051
16.0356581256754,-9.57847333571255,-8.82105532720605,-26.9506553327267,28.4513537237015
-13.122331946057,2.12272369650877,-5.73161084736935,-31.0869244170929,27.6897188770476
-16.3615131613426,6.95718713897566,-13.6759061886523,0.705019814893104,13.3232285496509
6.155268636103,0.753471622768161,-19.1092847154588,21.6866719535722,6.44679754892292
20.7475402927403,-7.15787439196395,-17.0033101518896,-3.89037043419898,19.1444984426553
3.89163328245737,-8.72340902866125,-7.83078897983456,-29.8515460573066,30.2720251111892
-14.8849226710502,-1.61632776020646,-6.10576662243979,-30.6454041373916,29.3496615372675
-17.7680543792626,1.16517185421707,-11.3269357115768,-45.9599141882288,33.7463072046787
-23.2198237838758,-8.88958997050147,-8.98349814709337,-30.1830334174282,29.6804993290626
-14.3359550469819,-10.7490807399599,-7.5749686211757,-34.9215351303969,33.128884798924
-17.5602534976335,-12.3476827173603,-6.19023565517415,-72.3969593423176,48.1802743727526
-39.3512273206339,-14.8179541672118,0.842309505033862,-58.0526818710061,40.1976124092389
-28.4804549457981,-8.01784924670975,-6.05329404460162,-33.5886003511773,30.0471466688017
-12.0878688533294,-9.72762120590131,-12.3031502864976,-27.5911107947445,29.1871616691295
-7.50088510295853,-14.4242474629414,-9.1793302178764,-54.2989700246829,40.7294888032464
-23.3959979973092,-16.1123908464799,-3.95403554236659,-60.5835624297518,42.389771516798
-26.9158661166646,-10.3042136307365,-5.51444238932412,-39.9861361010373,33.2017582527347
-13.5904914246669,-7.89456838773648,-13.3337603120983,-33.990883130263,30.8334994832011
-7.65321325162644,-13.3760867704418,-12.562673767316,-36.1967712031301,32.8345854841894
-8.60759424319951,-14.6160392638094,-10.0811067880266,-48.4728597842762,37.8527132572001
-15.8850997812683,-12.7164457173492,-9.15169736615436,-49.9766002169164,37.8034278223348
-16.3837974453109,-10.0264277252483,-11.3489937812877,-34.60323981571,31.3544304549495
-6.2768484095581,-9.68036397297969,-15.481017059096,-37.701112940151,32.764277715686
-6.46628030014824,-11.7003005112921,-13.8371634146073,-58.6568507391691,45.9925187337993
-24.332855950778,-14.5210743251124,-7.06787125494589,-113.421865967223,65.3381779052077
-53.5702126810819,-18.9207412338699,-0.312390753899442,-90.1211480291943,50.0887369709537
-32.0449892489966,-11.4922673169423,-10.0917374295033,-3.40222997827127,13.6741790558448
24.1599958982785,-6.60752734470596,-28.1522261863065,-5.50136056988197,18.3870419703186
22.6446664626032,-18.4859006805542,-20.0654871898249,-55.529482269336,39.9871995690307
-8.99632182622258,-16.5475650289671,-7.98879806191863,-62.61951864211,41.5413323064407
-15.8483063431896,-3.45036831572001,-15.3717826775746,-38.3555428175491,30.0903347094035
-0.0181783208966255,-3.0412411982111,-24.6315731168927,-24.062028359024,24.9700257502259
10.9468357267371,-12.680133063416,-23.2854961003536,-35.1825751338326,30.2255950546409
6.00753317526451,-16.1929027315631,-17.0639058215276,-45.7033219995879,34.4570413870343
-1.1033421580016,-9.75018016152087,-17.0756699704377,-48.6016760802509,34.8478335048993
-3.43655955410826,-6.0745278050386,-20.6470252328525,-39.4260588375272,31.030851652033
2.62921818436348,-7.84336533004655,-25.8830495422493,-163.858306061257,80.2024067681586
-68.7375644988201,-32.9536510884386,-2.86717803566372,-109.05860748049,62.8751291730106
-42.8373930634499,-13.9247403874291,-9.38829362905929,-118.79634352926,69.1956441664029
-49.8480471877913,-26.1967719581749,-12.7354732538571,-77.9465942945538,50.4784268226802
-17.092691635106,-23.0085348927411,-9.58675683297978,-70.0985087527996,36.5853348770927
3.52961056859679,-21.4764050023833,-23.6752368097471,11.7490900181558,0.762427264920655
57.2450541827101,-3.85705413199718,-36.848648446912,-29.1497887547851,22.5024472361753
25.3199455703351,-14.4556070380419,-34.1032445349806,-87.3005941220276,56.895978374381
-24.8105581454215,-15.6812497668042,-11.0184649346341,-161.057161215713,86.6351423645763
-72.5409746934671,-19.9013902705946,-9.75869932807576,-176.957429916321,84.1481075827337
-69.3396151737856,-23.5752944843738,-8.96648779061834,-50.4164024318074,26.224673444835
19.2344828974491,-14.5551263262973,-36.7094486904803,86.0650214322647,-23.9788320393523
102.005934339446,-10.1577204757949,-49.9557658053063,-17.1487829012043,21.0459234060337
39.0436574242211,-25.344688011093,-24.6146773111283,-80.9499018670482,44.9204032602538
-4.03633527414498,-1.77211185197801,-16.8311612559941,-14.9933206912207,14.4387774447144
32.0243276119021,17.9304405684121,-49.826889477956,17.9609890605855,2.08650750357213
54.2763107601714,-2.77201507460744,-48.4455269284857,9.03314178990607,8.57279690163625
50.4621128226406,-15.2295967566556,-35.3115407332635,-32.2757432083919,25.8763134349425
23.6395099702203,-8.29186410628667,-26.7468800728505,-32.7058841991036,24.2164280624411
20.6035467115173,6.23306257987922,-34.7534881317389,-2.01319366923275,10.6444785380416
38.7977186968339,6.25666310193316,-44.0132470527885,6.85801225152469,7.88587940849753
45.6475506920087,-4.49730796100725,-40.4102951025282,-6.47999109594861,14.8441782035797
36.957830042328,-6.56946590708699,-32.8974815629155,-22.8932336924325,21.5453444715966
24.9156773100668,-0.299616402310876,-31.8827415221454,-20.7992575014882,19.6985563370849
24.9950735776177,4.1517892189878,-35.7534208770903,-6.15399037005952,13.4147620134226
34.0788184111411,1.81137336923485,-38.6827242761954,-4.82129447000056,13.4224865549426
35.4921290300681,-2.93077115453875,-35.6587975158227,-13.257811952296,17.5257394784773
29.5840592742432,-2.34200780551969,-32.3331973769293,-20.0545575532281,20.1536994572057
24.180432815023,1.13758513817336,-32.5298070487874,-17.3145851840207,18.5300828044661
25.28655236778,2.47886344981174,-36.2051020856968,-87.5926713691781,46.0255565272756
-15.521358009616,-11.9744870848618,-23.5895569373854,-51.5183999125806,34.5983620034234
1.45123810555671,-2.03474630430994,-27.125830192287,-61.3944802849207,40.6121498456536
-6.12060046063234,-10.6180906413236,-28.2406748299505,-107.029260793144,56.9471237135023
-28.1742197055548,-18.5008505939968,-14.081095810468,-70.0120913296301,37.6347410027097
-0.963947681423533,-6.21865581163274,-27.8817321855338,-20.64839144798,17.5973135932018
30.0755797855906,-3.93664510157906,-37.2873267604744,-27.4753572876575,22.7498723511222
25.4071927136094,-10.7308783020271,-31.520736550222,-64.0983889013913,38.5501375899863
1.75461237272904,-9.87417908669433,-23.2951823577474,-67.5990589014247,38.2270542757328
-0.812135472834914,-1.84119494521725,-28.6516225193501,-44.6897862162294,27.0120004939578
15.1613159610993,-1.34787129133477,-35.8181640088301,-22.4144979688138,18.0252021385201
30.8094285866028,-5.87557389767903,-37.0710554349289,-28.4685171143285,21.517765088753
27.3990190377368,-7.91386869188532,-32.5885007327598,-43.5439928429295,27.8471878053434
16.9600692779759,-3.29863210780556,-29.086357790269,30.4566452855745,-1.9832993819659
59.1124065377413,13.3795179187526,-45.4440577633076,5.42817087207467,4.48738556831026
49.7298030142855,0.667049803424726,-43.2314901624339,19.1738643121703,-2.76329771777262
60.1662795251063,6.81214350457241,-40.1166583552571,68.6911618268614,-20.4789192699717
84.0498948931351,17.7307781186,-53.9288320245609,25.2321704102595,0.685660773463013
52.7741668568777,7.73634981847284,-40.4802318073875,-14.0371390885616,16.3003488885607
26.9753305520688,8.51100982485374,-33.3942338679146,-1.0239205751828,8.56119277643879
35.1091796603035,14.1725858159101,-40.4609163220039,32.5840731583359,-5.70111009004073
56.4622081679429,12.1667459470801,-47.3707179201808,-29.1681523295809,20.261679699315
19.9024777341252,-4.3797958570245,-30.9326644436291,-22.4514768967748,21.6550607433926
16.9376499419503,6.26781413273792,-28.2982642078447,-36.7354222446901,28.721705539291
4.60851373323827,4.74212662354175,-31.4074817245449,-69.3130599095073,38.945082500412
-10.0776852946233,-3.27860563874344,-22.5809168428141,-25.7677608265176,17.7567309360646
21.1797939505291,1.58358315009381,-33.5584520100064,40.0067671300174,-10.7510817637647
65.0527956367091,6.18235048256342,-44.4898130857555,50.8919320721943,-10.7467734461962
67.2915320874795,4.49348068698715,-41.1434505721154,-4.66995157419081,16.0922837683338
26.2974354528936,3.81579109679255,-27.5156312848875,-41.1181282949156,30.1983788766644
0.508452806081507,9.81861608701165,-26.5600701524784,-24.4957282261979,19.5280276903163
13.6281131064271,10.7314201654112,-35.0233807610013,25.7152634839626,-1.76470455977976
47.5879974844557,6.29602794791663,-41.3561287874668,31.6348316686657,-1.63279188111412
51.0198155354728,0.2021532933906,-35.4214191556101,-6.66505627185672,16.3781419765571
23.816577691412,3.91250595574514,-25.5537869909947,-33.9788983623456,29.5570559795248
0.411421619769994,10.6928669885553,-24.7441014080234,-54.9654954650674,34.5805188048928
-9.50854272793727,6.42173230489135,-25.7080977412663,-16.4000128493159,15.4207607865126
19.9408525840052,4.9490569465957,-32.3852790960641,28.439900320478,-2.14858778398644
49.1679295136069,3.49758782141161,-37.1756795231832,9.36304875493397,9.04683130380628
32.9900993556349,-0.461519659106199,-27.8675858225935,-43.6386615006045,28.2227550791355
1.4745644716114,2.89251795681941,-21.3561163284072,-20.8976729349838,19.2141996954279
11.0604407248182,13.442465027851,-30.9023179720181,7.74450505114045,9.29666249698137
26.7746396383157,7.3953542877937,-35.9120431713888,-33.1226142786225,27.3403341959207
3.53896993117838,-7.41609574853708,-21.1801592162359,-44.2026654273954,30.0252607560324
-1.17411290629396,-0.357223166578398,-19.4065471065811,-20.0740313862924,19.159898411433
12.7738786678363,7.80741635052076,-29.5602413031655,-5.15464512744513,13.4165967806323
23.3128044965784,4.19350090671517,-30.8870804099021,-0.101339660776154,13.250901604802
25.3092303929607,1.57118773801628,-28.2207392983298,-11.8331908428723,17.9519375771782
18.2085382481809,2.69244474925185,-25.660398897517,-26.3773550710099,22.7370251639045
9.55684858503775,5.12571541915102,-25.3870461109026,2.52215745451084,10.4068134856981
26.726415124685,10.2850616045346,-32.2869087433473,6.23634676856538,9.80063765470626
28.6880003439789,4.57106476900637,-32.0296667519763,-9.47072951029543,16.9797327812999
19.041601313807,1.97716329209046,-25.1458779764097,-16.9920297472353,20.1418387742355
12.9838718156796,5.81274376611205,-25.900529333838,-15.0065608710841,18.8485357192255
12.75457304526,7.36737239438541,-27.708743262857,-28.2080281276131,23.4995992311182
6.00950564634186,2.08051423997795,-25.6105200810724,-23.3569734609903,22.4265844164028
8.35579231919306,1.92641052163067,-24.2725539231644,-21.2783134718279,22.1544265178569
9.23269755156527,1.74600093467645,-25.1347742501006,-37.7258046315534,28.8678969737668
-0.372021442608551,-0.477897047534449,-21.1209573523822,-32.6937626125443,25.8713186429116
3.60911975532114,2.41187120361272,-23.5376693568952,-22.0663381710123,21.4300902163043
10.4257493358261,2.37796764207688,-26.269303157486,-19.8575240845212,21.0381832836432
12.07014594356,0.462513612854625,-25.0921870925555,-29.5447803184191,25.4307240041871
5.98693197061479,-0.214559917305949,-22.7969113951029,-31.9718020576668,26.2782424992162
4.2090797450016,1.98817749349377,-23.25917915013,-29.4035348227618,24.7872856095848
6.12359741478839,2.21360072004533,-25.1721867187355,-24.8891627361262,22.8255569672083
9.70147716142861,0.997880626744873,-25.4208923874126,-23.9440285620201,22.8669724321562
10.3336952808447,0.195384165130892,-24.9306742562944,-29.0157607997596,25.1375219578685
7.19011639169288,0.397380371597408,-23.7564284795595,-31.2685351824593,25.8726653576592
5.76350735211034,1.57536547673756,-24.3183151216104,-29.7403372734304,25.0737735220009
6.90311439502643,1.49811102010161,-25.2001456640408,-28.1589863226672,24.4299760704818
8.37476267812076,0.50220482456976,-25.2901080330469,-28.9627245351687,24.9804451496598
8.06280674478663,-0.0683305242617376,-24.65153525536,-31.5406800758856,25.9946653967937
6.71273974154315,0.239062949366685,-24.3747433482049,-30.7986585943169,25.4907729546703
7.40691905426531,1.099521495645,-25.1548292961108,-30.9969504861786,25.5848782765401
7.43663113700989,0.551436984352256,-25.413739889709,-31.1705113496635,25.7271162230826
7.61984659181202,0.0926268183561603,-25.1041947890838,-31.7051732146308,26.0112977528562
7.45305813894393,0.0197935477732321,-25.1486233429601,-34.3471417912176,26.836138560272
6.35533324660411,-0.133410926237745,-24.9114864225736,-31.441083549334,25.4828551442561
8.48752262962311,0.671228364691501,-25.8262840745383,-28.2516375916856,24.4504066286306
10.3305282612628,0.553505069345719,-26.4477219257669,-32.4815836795136,26.1244358152751
8.22537365946576,-0.454989979496618,-25.4294744396678,-32.7440769025208,25.9242834214684
8.49924228997002,0.465766964410992,-25.6916401376767,-26.7312722831296,23.432689710014
12.1778160622568,1.52832417989234,-27.4056558300631,-27.8760473298583,23.8777662593106
11.8903059837523,0.460854943003373,-26.9843593366225,-26.3558342391617,23.3483047268677
12.8711813254759,1.00443319183661,-26.9300560854598,-27.2989220927398,23.4944298954375
12.557569327117,1.27907959514079,-27.3854852744759,-26.4091210482024,22.9472887306595
13.3499280970761,1.7731616057365,-27.5382710581193,-18.8015840429876,20.0954838687493
17.6304006640209,2.75235534544404,-29.0884608012762,-23.8409801863777,22.0720543380612
14.9551574599824,1.27309626864485,-27.9272605841221,-25.3037744993591,22.5283556572898
14.1411308799264,2.1260670181407,-27.3936710621793,-15.7890712224011,18.5798315072696
19.6655328322676,4.16833180088202,-29.9706617905294,-18.1669251365919,19.4370161836991
18.5887766400784,2.58331983795701,-29.261245519937,-16.0030786120911,18.6891596448059
19.7286767461671,3.39849179852386,-28.9629273026306,-16.9100407659712,19.0196537171921
18.9249472133155,3.76500022797478,-29.4560701288364,-18.2356720300454,19.5404352089648
17.9375818495663,3.94011853119498,-28.854454186526,-12.0065440528277,17.1931149576361
21.2257083062218,4.91285918404965,-30.1995854113666,-16.503682001588,18.889500040516
18.7816305646839,3.45538804153366,-29.043164448197,-14.0286261641828,17.8310481336956
20.1766467484557,4.62251292993197,-29.1408352510465,-12.3439045891705,17.0532200104527
21.0065799844616,5.01450323290937,-30.0424199047622,-13.5430111913769,17.6714245561419
20.0742882237668,4.66215920547846,-29.181634334754,-9.73229882483039,16.4484280693661
21.7157708287787,5.47769122488889,-29.7797694741122,-14.847448898076,18.4120532030048
18.6112052241949,4.50408411762867,-28.7985376244971,-16.1370338964633,18.7111825244923
17.8634980608784,4.98211821569787,-28.3957180222766,-8.49181104083585,15.6744305157914
22.0925477551481,6.19434922609736,-30.1394160394925,-10.765665258747,16.7787783919414
20.6452345859118,4.75827479804331,-29.1310550982213,-12.0800383158341,17.5530787822627
19.4257603387302,5.12005344685878,-28.2063560379199,-13.9260789304548,18.1238139276391
18.1218183575993,5.59297981369171,-28.4956294636676,-13.1974266917823,17.6935015033093
18.4894262306493,5.79854628195452,-28.5326383902492,-7.52525378966876,15.6167595966699
21.5426978377707,6.0907648150941,-29.4101641448717,-12.1522540212794,17.6264870031079
18.7096403687692,4.71180687873695,-27.9566114173502,-13.1583808500966,18.0539090432495
17.8217540028354,5.61033792424216,-27.5203023615733,-12.1825051460642,17.5156653347637
18.1858587560172,6.19285848795111,-28.3871685857782,-11.6176198818718,17.3273684770832
18.4241608839689,5.74121159464207,-28.085007790598,-8.95522475656597,16.5283466636175
19.6581493215539,5.76943124494161,-28.1923415705288,-13.5059929183213,18.3997612533524
16.7787349947959,5.04956279090758,-27.1164351428849,-15.8952193426571,19.2290081675766
15.2367892838821,5.53678422900978,-26.6876748053806,-10.6198323636862,17.1183380038774
18.0898828547491,6.47531753441049,-28.031034632739,-11.4661304078044,17.5482874157098
17.5827053118891,5.25113334111545,-27.4902885923084,-13.6705304810604,18.596584997303
16.1069279653016,4.98713433908249,-26.4465752509829,-14.7923577335974,19.0086920074244
15.1436664598319,5.53891582328243,-26.5865008051448,-15.7723886773618,19.3179000075229
14.4796965653682,5.50861228675022,-26.5159307099867,-13.0843944905887,18.3813290205446
15.8733000985361,5.53770493615488,-26.8621308639343,-14.8792639217322,19.1594981863572
14.6786613263965,4.70455137110265,-26.2447795932954,-19.0806324618946,20.7618840451004
12.2621226615076,4.40492381707344,-25.2965603814161,-17.9618807697328,20.2896912082278
12.7371037561067,5.16689738557898,-25.8389414688304,-16.0172889689763,19.565950264591
13.6533334156793,4.9798883596068,-26.2234924999236,-20.0870081839935,21.2451656707688
11.3726413781563,3.71630386005757,-25.1000357693558,-21.5930582071741,21.8147421542704
9.99200101389963,4.00016081802535,-24.7408293379582,-28.1313754663529,24.0451089545455
6.52751197135493,3.15169429801881,-24.157256972686,-26.1813930638748,23.5293981141838
7.3619418071841,3.52861034559205,-24.2795875099425,-22.5641159652538,22.1384023855011
9.60714270487344,3.20575506719561,-25.1101230241056,-30.5885993503686,25.3000621813247
5.35314009328869,1.29096651658825,-23.0839798230195,-28.0219299279138,23.8216371378235
7.4527959937453,2.97613053758196,-23.8980776326261,-22.7299476733774,21.5479048792761
10.8009559516942,3.5546439252713,-25.6776809096059,-21.6935177310439,21.250829260049
11.6708612908721,2.74421259582313,-25.2018351265678,-24.9064343917481,22.5609252366514
9.86431815949924,2.44954972659584,-24.5495120430051,-24.7475385283331,22.3003936107664
10.0630474037518,3.47392121503645,-24.9133193115955,-22.0212852411945,21.0203472296656
11.8349775910663,3.8853440783871,-26.0202286343693,-19.9784475808966,20.1851399643626
13.3265595529953,3.46266663991017,-26.061582681769,-18.5621280986199,19.7030223047479
14.2096511985626,3.53317642700859,-26.1093688369253,-19.6379889614191,20.0790368156512
13.6274379085937,3.77154857216381,-25.9398500016335,-18.5073075585969,19.4348437028283
14.3522299682331,4.52330030917777,-26.4787788715295,-15.1515789277872,18.0459639619029
16.3074018333695,4.88693386951573,-27.2492140244155,-15.3712710328295,18.2877661157124
16.0372347237768,4.26697189627107,-26.9107928861951,-16.618332311371,18.6994883224225
15.3515258521268,4.39439778610758,-26.5143730604889,-15.0229960828407,18.0504352306214
16.0406894444728,5.15782689963043,-27.0585455476001,-14.4949355198848,17.8916728460284
16.1654486155989,4.84262254861204,-27.1594366906838,-14.2468542537756,17.4547195844879
16.7265802973961,4.75398479849978,-27.1384193986431,-9.32094713394907,15.6155373051761
18.5367255318307,5.19689086695168,-27.9412714478544,-22.9081292353059,20.2668297962401
11.4339689550859,2.84886165056917,-25.7966840038206,-17.933090429708,19.2174623277862
12.7211813391254,5.01455625049268,-26.0772492249653,-15.0945430747722,18.8566247810103
13.1720807930074,4.11596909502033,-27.1342333298134,-36.6255627033073,26.8787182674392
1.59057169210245,-0.195120434154768,-22.2790057968774,-22.7294591939054,20.4859427432386
10.5992177506224,4.30235241975301,-25.5565666494091,-11.1228800003188,16.2191194645295
17.1699296648147,3.96377551605924,-28.580989197183,-23.6804657019124,21.8950031737505
9.6894379625979,0.321018287089327,-23.8562929113064,-30.6210639820415,24.6357572210139
5.16933859244506,2.0498880368479,-23.2047109445782,-30.3959698209465,23.9762180585454
5.43878388649396,3.34843360190415,-24.8893982935134,-23.6575422283286,21.0144113191685
10.054584971456,2.71150982995938,-26.1770267173939,-21.0068150720711,20.0295802684236
12.2757621413968,1.23708195445341,-25.8636184654361,-31.1096088611461,24.2638319902834
6.32526111875478,0.105001068657706,-23.429573774578,-30.3668519426107,23.8978867027362
6.33314388954624,2.67940373391043,-24.3818300059539,-36.822033046554,26.1724784570729
2.69585023046969,1.25048232625965,-24.4984833248078,-32.5565749300055,24.3678118502239
5.75826008508427,1.0835368047742,-24.4935660015831,-28.7463989519652,22.7062204915409
8.59432978362169,0.539813517805636,-25.7547844394996,-42.9667141031848,28.1453962547648
0.95661353202871,-1.76534978440966,-22.4699405110265,-36.0207026736082,25.311870803375
4.86754796100703,1.59656961705462,-24.4226453573052,-31.7694432401451,23.6256309139853
7.4684132932895,1.13311847484444,-26.219934834145,-38.5113291328286,25.9594023510067
4.64597129932625,-1.19060308695161,-24.0003942779355,-33.33978018,23.2432456652439
8.44174670221134,0.678704312203383,-25.4890016736823,-28.6425233205407,20.8110297148838
11.9930405669821,1.43265892545918,-27.179649033966,-25.6583530033275,19.8815307234211
13.5419464612406,1.4943623295349,-27.2107493411307,-28.7552689279978,21.2568874630788
11.5398161474687,0.404935152690836,-26.5739111759855,-24.6111818485611,17.8817312226019
16.0612767426589,2.27677308023161,-28.221539627765,-2.97455598734102,9.28606666033609
28.4549044203856,5.40793388227042,-32.60391890589,-5.69441435886331,11.8438450614416
25.2067589543325,2.94963180969792,-30.5074325810946,-27.4885182574373,21.2914056363715
10.8983403127916,1.54388173155683,-25.3644375043987,-30.3531938467883,21.3142308724292
11.1386320749921,4.82130100074419,-27.0524744955711,18.0424600321145,1.88247020350337
39.5735443729261,11.0819046563273,-36.6582445832491,24.2488997994412,-1.31688514068085
45.852793246744,5.45159713517309,-36.211035764893,5.35655400931633,6.92285503773784
33.8292668413633,4.94080680385586,-29.0643337841096,21.9611031187887,0.431346655961852
40.8220905874514,14.8820609229186,-35.0013335640427,10.6300079828449,5.82041602036974
31.6176297277757,11.5585684552198,-34.1407053102911,8.11504753698529,6.82965894960302
29.8980886167468,9.79822144915038,-31.2326218846374,8.61762124297244,6.45342376431809
29.9820549912873,9.16618852023472,-31.9226266967837,12.6822442618069,4.94041177823762
32.0097699665316,9.98036423837442,-31.0519825798914,10.8660102020155,6.31035166001901
29.4608483998769,9.88003117338785,-30.7690623736895,3.93028737731331,9.51852515446042
24.1823410953142,9.48502792865152,-28.394366650118,0.179315286275545,11.1818775315333
20.9576553174832,9.472299769537,-28.1821930066313,1.58882045493247,10.4787626669318
21.6464451082275,9.19149620151921,-27.9690747947236,3.13335222283417,9.855643596778
20.6369612319629,8.48476956752141,-27.936422539799,-31.0353115596348,23.0477960236588
0.952810047565386,2.68479631258281,-21.2087918062401,-32.3964283324507,24.7680814684681
-2.17300573140989,5.59817567635692,-20.5798464872314,-17.5031603913001,19.0491428771203
6.27200483473466,6.22433184521381,-24.848718308936,-41.6805746052786,28.8436278030872
-6.74849288252204,-1.88078800867986,-18.1690397467787,-35.6243588146837,24.8938700119879
-0.634089160532303,2.01823701135125,-19.0475220659387,-16.4440603101314,16.9623045580788
10.9357670103448,5.06993534994271,-24.9879205518436,-14.3217105825744,16.4174987594035
12.8825574515475,2.91388582235124,-23.4847673677335,-23.6786248118736,20.5720501362622
7.11338221357888,2.35474343595181,-21.617271983577,-31.0387631796387,23.2653034446836
2.45468529518083,3.83472626673773,-21.1279884686638,-26.0785399946855,20.9675366922764
5.65740744483575,5.05353057014959,-23.5056076780501,-16.1244668238739,17.0119667255721
12.10844094206,4.1820301161562,-24.6869679624811,-16.7165006100399,16.9761961456758
12.9127696414367,2.57140258919324,-23.7424945909773,-18.5487736469385,17.2180622270682
12.7739578455638,4.17389289662321,-23.2501883198978,-3.71105713511854,11.5036696879005
20.6511059463746,8.20006388579272,-26.9345866212742,-7.92234371070906,13.0199409850573
18.5283639169339,6.02326586309467,-26.3438184720533,-10.3013611795152,13.7117778338882
17.3903335587047,6.25392249364808,-24.9505388103524,0.941925623904454,9.05314688866471
23.7323720346273,8.92544673339411,-27.9314867149734,-3.6943772330623,10.9571157800699
21.0531282884608,7.22256945867924,-26.6905132993919,-0.310111970570065,9.70251819641609
22.6337800827749,8.58875721545963,-26.565425738218,-0.596570046865625,9.55341845503236
22.2892651682175,8.77109478144761,-27.2983456006497,-1.38246129256044,9.69889159561686
21.8703767394934,8.8476848568117,-26.53082101397,5.39475147455351,7.27791804905493
25.0943222608377,9.96939571892198,-27.7817697155935,0.297671280818907,9.36523954400509
21.9160429047742,8.61095546152569,-26.3269006072587,-1.79837805340149,10.103818858799
20.3629320348843,9.21054679088535,-25.5662096549579,3.68348287846676,7.61167401080198
23.4353121927146,10.5231719341642,-27.1084161538936,3.96345896520365,7.50411900227934
23.4710538492093,9.64247577544182,-26.687969903584,5.23634524636669,7.3023895976654
23.6289491170859,9.81043084176233,-26.0391246450214,1.07561205435411,9.00149510196456
20.6205832266066,9.63466787037492,-25.3081216090287,-0.815156083082803,9.53617038338212
19.2508688019143,10.1576976946895,-24.8433476180519,4.45855660522956,7.46514723872458
21.8986744908433,10.7999636581723,-25.9599354850536,2.38541048807657,8.29164789966852
20.6248682805664,9.40701468192688,-24.9010555485817,1.27595714995405,8.74528854681637
19.7424254403606,9.61395614727122,-24.0780175699915,1.48293924143475,8.52267006695993
19.5588979841523,10.2906821611182,-24.401895291785,1.86178963752466,8.34676874644056
19.3178805212213,10.3177701997081,-24.2406038073985,1.89961288724035,8.43869598145531
18.9724695744,9.96422894667701,-23.918058830208,-1.28118221292292,9.79670411664155
16.4480440811858,9.37915822369222,-22.9280214983814,-6.24159204120602,11.5362033645806
13.4997912090043,9.01763530375478,-21.9776456615971,-2.82086463343771,10.3211780926231
14.9844168820507,9.80491119370091,-22.5464101442107,-0.963466995269556,9.60005841297643
15.9460279553517,9.2094330856576,-22.6831842457224,-6.99601029497566,12.0507026358784
12.3817176671459,7.86418947154594,-20.8608262711905,-5.6277748845676,11.3061701812521
13.0911974512038,9.11055833973696,-21.1874920713685,-3.71089094780782,10.4702365411818
14.0548109056761,9.24999613086823,-21.889620697702,-2.12054221560958,9.94199106883916
14.9014736465897,8.85673454217149,-21.5167918019226,-4.16133650943845,10.7327449139185
13.6685237873231,8.4217024811525,-20.9531477173588,-3.68132585198798,10.4298019321563
13.8605414419316,9.11044580289971,-20.8960108545913,-2.0022548555789,9.63798543688223
14.7376312939953,9.44685109842979,-21.5211673659758,-1.59513879960649,9.50484288401604
14.9137816462016,9.08338039465174,-21.1717661777634,-0.152492629629414,8.97414479488949
15.5839123746841,9.26575753995349,-21.2165061597922,-1.03432117389024,9.30799263982313
14.9200317934429,9.19820682217714,-20.9028938675131,-0.846723406288014,9.13027883864114
14.8999030394549,9.53947117168566,-20.8842336168416,1.67365078807378,8.12423911559769
16.1475560786204,9.90396335655068,-21.3156488544832,0.748102421871008,8.59644908209107
15.4077970767361,9.33656112603011,-20.8331811648469,0.752588998893549,8.59162879270512
15.2219372138661,9.55747287119347,-20.5149629767473,1.40553711001218,8.28584757124507
15.3912957470971,9.85104002963397,-20.7302063984616,1.40423641360821,8.33273555761848
15.1268566883638,9.61430324047511,-20.4817002972263,2.32902407301169,7.77306790360764
15.7391825902682,9.71867314720024,-20.5550138205332,4.16658571421469,7.20197628507783
16.3429647811164,9.76312997242739,-20.6310787945869,2.38532776989077,7.87476003430193
15.1506579456642,9.43671870608529,-20.095790155278,2.06763351031244,8.3010835003559
14.2689092190831,9.70087821639139,-19.7408819484486,1.09614931393255,8.89762330877217
13.0851720721095,9.27529992960155,-19.5139183364113,-2.21580303746067,9.70523731260167
11.6529615848419,8.65315634841406,-18.9005606540745,5.22370429236592,6.84229429728469
13.893261374235,9.68598348816939,-20.0812449095583,-25.2869692554767,18.3644290506923
-3.2885776714466,3.82695303125895,-14.8785199063492,-28.6661969833873,21.1118805671488
-7.65614192490272,5.81601448318381,-13.0229294764762,-16.133931447191,16.5466889350607
-0.984428612863588,6.55629284856996,-17.1351131460008,-44.4868242733024,27.7104908251884
-16.2246969249043,-1.61616595117471,-10.1154680250231,-32.094166751349,21.2097328740464
-6.52436665026211,3.16618556742497,-12.4732103256644,-14.5872567611294,13.9582026810836
4.40587079086416,4.63640492387046,-18.0390800741642,-17.8850541992994,15.9107135244471
2.83715998050553,1.78415968639984,-14.7986641865073,-27.9286732615166,20.3251488212902
-3.74692166259479,2.05661217990417,-13.3052578355019,-35.1433453166858,22.541202180467
-7.71377811681032,3.36947249926442,-13.3693918913781,-26.7021054542569,18.5311685335857
-1.96974106212228,4.28938392902006,-16.3445006020485,-17.3134272749733,14.5669750629117
4.90289800072566,2.85806863910191,-17.5165719581703,-26.0278485499111,18.3586423654222
0.222425129664197,0.387061501682392,-14.7672500411019,-26.0659590857534,18.3299268409625
0.175973294617549,3.29944714376091,-14.8724786497773,-22.5753486489974,16.6577405386895
2.1362436036855,4.73041481165456,-17.617994138176,-29.4745836752841,18.655177847877
-0.588753812044485,2.1999170907851,-16.223406671301,-19.9422585718173,14.7624123626817
5.875992979506,3.58709705461423,-17.7928975583912,-10.9295801166026,11.6157834763238
10.9719244337834,4.17170744101446,-19.3142308176981,-19.5647336725875,14.7911860762262
6.63895723557665,2.88668830396761,-17.2272685877509,-17.6293181383785,13.2083948508167
8.37197478711414,5.42866954619832,-18.3994268326487,-3.28946596081308,6.79352453095327
17.4018316967948,7.64137096454743,-22.3064163024511,-1.01573581495625,6.15248998264024
19.0654867962131,3.89125482961211,-21.7104075567675,17.4062593796365,-4.3187639965465
34.1157644068854,7.99966846294928,-25.4087808068942,53.2263301496272,-17.0526722872637
52.5840512639,13.7501247846662,-31.9507704704985,34.6758736484766,-5.67016497758095
36.2030345144898,9.39987765660232,-25.1240208916823,-9.11241661918103,13.2369130464172
6.54105807861418,7.67386759408405,-16.1614417132304,-12.8782850313137,11.9597456335138
5.47388712889849,12.1168750043013,-20.023697717185,22.9571700433384,-4.2315583240763
29.1098816259674,12.7135164709795,-27.9238023856931,47.6343507619965,-12.8810005359723
44.3948508590311,8.27566571540013,-27.6999567420244,20.8768781815029,0.257539634207713
27.103447227464,4.73529458865449,-18.4802045343432,17.6304321380806,2.42130111750052
21.3622849945521,14.0989840904295,-19.0153829145978,18.8694773722984,0.137689573869207
22.1474178067662,15.8214460444356,-24.2775648328629,29.0133344166426,-4.58989458048447
29.3243414212026,12.3249927787767,-24.1390867933517,46.6283597044622,-10.6973727226396
39.3124022606381,11.4613751609529,-25.0500660100277,26.7056225425995,-0.657884873143623
24.8957963194464,8.91575778235256,-18.7155997277166,7.06223889044122,7.77343379886093
10.6225633286374,11.6745833168989,-15.603324195739,6.69549780373961,7.14196004227772
9.58323936180812,13.3445152622043,-18.4505760475768,18.6337306674398,1.90405973951908
17.7735406593832,10.9174677874721,-21.7460754563783,-56.7503585774644,32.7843470551711
-26.6696117550787,-5.71009505081672,-5.79557263845553,-33.3149599819837,27.0124495695249
-18.2452174564532,5.77289110408345,-6.91551910861457,-49.1726798524019,35.3657770510242
-30.2325164185711,-1.40940463675096,-8.96196693902511,-89.9083906972441,49.0720403992779
-48.3165931681966,-10.4299516853936,3.58433533230532,-47.0817824044086,27.5163961462323
-16.4849387669336,-0.565498499670331,-10.3631707522419,-0.289601531968036,9.59974898062031
12.587124878328,0.397909827553626,-17.5800091566735,-19.5273429314458,20.2047143981377
-0.0465076074931385,-6.34158036587758,-9.81759312739985,-59.335084677707,36.7961414816816
-25.3413130119105,-3.96030301918005,-2.52578114511879,-58.8520186486322,34.7253059554509
-24.9918743266393,2.95073288525112,-9.53913942281259,-34.8730885831537,23.3226480510735
-7.44267535726716,0.940122145901621,-15.8394798307664,-19.3168354224579,17.4359480382932
4.54912272823222,-4.9628523698782,-15.3040173284351,-28.0434608295543,22.082922541937
-0.374452564585153,-5.75612424787724,-10.8287711565092,-42.5250406365267,27.9961755370649
-10.0436921802842,-0.849927089019469,-10.3082030226955,-38.7666893548992,25.8452592165934
-8.25435636019882,2.72537919568854,-14.4169093822194,-30.3099227774315,21.4501556407843
-1.12171080840379,-0.10977202298935,-16.9500452534641,-22.8760394933624,18.482190705449
5.08618477422423,-2.80212486941939,-16.0751088024252,-17.7052190804802,16.7693777678642
8.49056714719551,-1.11361597975683,-16.3341057747815,-26.6855214250065,20.3297039985188
2.94697301550522,0.33516860487855,-15.6041898329986,-22.7087953960595,18.5090593475927
4.92283199730194,3.06014378928718,-17.6590166857178,-18.3463759450447,16.3650116741428
8.17433920522214,1.95639742659708,-19.4954382498454,-15.9938381365092,15.4364296059711
10.342069215452,0.594188223773548,-18.5155709224209,-9.54978420631253,13.2815750910777
13.8612683781398,2.0889461324404,-19.4286472464174,-17.7607969470293,16.4864267068302
9.02175442914991,1.72084928727714,-18.2739769382499,-16.2860217097723,15.5046485713954
9.96342474618963,3.54349931381113,-19.0945447609107,-6.74647012242721,11.5603015237431
15.6417202196769,4.29003066236257,-21.6782224102111,-8.0510850960008,12.4293134652833
14.9689039280412,2.3084545507595,-20.3010339466942,-9.52281378289826,13.4069405036424
13.6171733011049,2.89109078607635,-19.3895695309142,-12.917480316354,14.5976156281465
11.3921282340975,3.6956223075043,-19.586070612254,-10.6374274428417,13.392936058199
12.8299959422055,4.37632454582985,-20.3545531174461,-3.49750312704385,10.6005223654043
17.0706649314008,4.39361746594607,-21.6097510436115,-6.70342002599478,12.1516622751819
15.1526848448557,2.87955348042,-20.1989179297781,-10.1219357293504,13.6175151423355
12.809569098717,3.56049223780914,-19.3227498829219,-9.21246384304302,13.2082888545766
12.921778882385,4.71811367639719,-20.279247380337,-8.08372454772445,12.790188404839
13.4481883505391,4.26224234867485,-20.4269245956873,-5.89740566062873,12.0723136522014
14.7127297203191,3.80604792349971,-20.3213804626282,-8.81833749271651,13.2428033350941
13.0207268406437,3.25414440740866,-19.5451878572154,-9.26442758889631,13.3208290092962
12.6779871628263,4.04797462120852,-19.4809707376061,-4.37363693503599,11.4977229912959
15.1671950521009,4.95172447912944,-20.7038755871587,-6.67847472807033,12.6012472631672
13.1010386248521,3.71320720259962,-19.8469972203582,-15.3802748314047,15.8830107990242
8.18277170280023,2.60353468488992,-18.027336507082,-14.8639876468066,15.8025904772518
7.91344344492547,3.65907894298858,-18.4734024636779,-11.041954133126,14.3468961601793
10.0933178320381,3.54510810807524,-19.3210761160766,-12.0412536333868,15.0033120634178
9.55536631759617,2.23484260434408,-18.4045835037961,-13.7080564177826,15.3795006823025
9.04523147087383,2.3034390264342,-17.9002435364434,-9.46260424920956,13.4604114204716
11.6915058512726,3.71972065471587,-19.1560645358859,-6.2404302780406,12.2436670783317
13.5071237946207,3.79755179439983,-19.8452716282805,-9.18461040121533,13.8147307393862
11.3388435624425,2.84495734404898,-18.6706021480496,-7.91408617707288,13.3835058528891
11.8507738536126,3.74750460865016,-18.8681455556092,-9.97989370281574,14.044598192683
10.6689164278553,3.4430350331699,-18.9993427260287,-7.68307835461014,12.9215168566276
12.2769330205411,3.79318669495005,-19.1715032528521,-0.959003408423041,10.5543759902454
15.8583543567329,4.36857801310518,-20.3852035271647,-6.4592657613163,13.0986604616847
12.2802314532222,2.90503559091138,-18.699904223027,-9.03998539899861,14.0741790242178
10.5613906481703,3.74372189968741,-18.2152407259444,-6.50082484017311,12.9016329146536
11.8977534035573,4.57492852271562,-19.4990864555449,-5.17197564310889,12.5543532949952
12.5443409667516,3.79353167267056,-19.3074670990902,-4.1915130549007,12.5587825975885
12.783791621951,3.43699503994729,-18.8621578008407,-9.90628928369143,14.898227639255
9.26295539601574,2.90885031169245,-17.7029161368758,-8.63790157132659,14.2858582595683
9.87833590006174,4.08435272460715,-18.1857181467269,-6.61945070960782,13.3947523260768
11.1007916093864,3.88454475710009,-19.0387928002885,-6.87881117504644,13.7051362141985
10.8730350320681,3.07730603686756,-18.2258113612932,-7.2425911246328,14.2656549579485
10.1640164227596,3.12291541895863,-17.9012062308963,-13.1598496748702,16.639232110989
6.517142401649,2.69383093857841,-16.9313731273243,-13.5975576261318,16.6294066944045
6.33059832650511,3.1682730537454,-17.1558060304484,-7.7966823862404,14.2858505230406
9.88671882955232,3.42573971316212,-18.446579849978,-8.94481239621985,14.8862127429141
9.33938707508221,2.18132158812017,-17.6735169605254,-13.3310932330476,16.9886607106996
6.40032677149581,1.95169953293533,-16.3931896356922,-16.7162709165032,18.3087064715425
4.1665574536056,2.4511277648807,-16.3831638351422,-15.6418230701763,17.630461247421
5.07490933017424,2.67795611877866,-16.9940173717956,-10.6010624834005,15.8099137525078
8.13191294102184,2.36204044176569,-17.7201273142532,-14.3206798955192,17.3281144204285
6.32778757777268,1.02040168956393,-16.5683445732287,-16.7723388449662,18.2989077929241
4.91861254394159,1.63845090546349,-16.0804667930134,-14.7737983689009,17.3774912841198
6.07995062777443,2.58645863169607,-17.2640110288073,-14.0514163746907,17.1379302613624
6.6721229889509,2.03071500931714,-17.3418376227215,-12.3847743710233,16.7895178480315
7.55303178189907,1.73717420802954,-17.2224323902106,-16.9668537864282,18.5063082242871
5.19335688402366,1.13820789764548,-16.4709951483019,-16.5424929328642,18.1431349372294
5.64264369593951,2.03401382317923,-16.7841419203425,-10.5462001253611,15.6446729401058
9.350563331494,2.75477463141336,-18.434234596451,-11.9655206157628,16.3471398918559
8.78949169128281,1.54731301523972,-17.7414208595589,-11.8578197595452,16.6119908137942
8.5788462078764,1.96938031010471,-17.3601167963593,-14.743782775418,17.6457003519963
6.98789339673799,2.0876828882366,-17.4329347965821,-13.1659956752874,16.8306348139333
8.11239076485197,2.65495334343343,-17.8557695782872,-7.07135101365238,14.4445377998269
11.785810361797,2.97673338114144,-19.1576484323163,-11.0948458949643,16.1858823667904
9.64449171255671,1.5913202214207,-17.9159186221165,-11.0123191490782,16.2797079524105
9.4685923002278,2.58883352868521,-17.7739960187626,-11.1257610750727,16.2179345781861
9.31778574595572,2.97801024107065,-18.5292266815235,-11.4125360667698,16.285978518444
9.38128253759389,2.62947961881559,-18.3192814057071,-7.38385136097414,14.9158831300823
11.5704202491514,2.89502578895514,-18.9455864486227,-10.6589439374973,16.2893336177412
9.76009228497464,2.05755673799218,-18.1563027578849,-12.6094649000483,17.0699350597883
8.53782164822089,2.46624791814912,-17.7437968377981,-9.10623868349033,15.5527562704173
10.6082902099017,3.33522666807256,-18.9475712010717,-9.4759395546332,15.7585670438097
10.5532303699744,2.53048761303575,-18.7464463155381,-7.98753936524978,15.4413849958013
11.2290260220415,2.64515959934184,-18.5359609551556,-11.1229577181151,16.7036308670526
9.39063586601007,2.34704490260179,-18.1944058046467,-11.4577125243629,16.7412970859065
9.22065711701967,2.88872557746571,-18.205126735219,-9.19392303438264,15.8820259427614
10.4553792813293,3.03916079730633,-19.0000613567264,-10.9345631887249,16.7676854341662
9.4523567561627,2.15087325563749,-18.2415645652587,-10.1501231295939,16.6430186522302
9.74683052679098,2.47883854603714,-18.220678089949,-12.3390443553374,17.3770384913669
8.62445328903301,2.28972850090429,-18.1324899598517,-11.7165073481887,16.9817581859966
9.25119305319051,2.61319416133766,-18.3781626927261,-9.94259678819149,16.4581352968906
10.1217597592464,2.54587509883131,-18.8163349711449,-11.8551364769019,17.5299322273842
8.80807475180129,1.89951002959429,-18.0755136290807,-15.073831542219,18.9553694669735
6.74489354568354,1.73336420614589,-17.5298006270839,-16.6466608539023,19.3624473843574
6.0582662765386,1.86018001925063,-17.6420420886402,-13.6515195386912,18.0621554122097
8.12909037331419,2.07203466453748,-18.4270201009222,-11.3297435128939,17.388961062488
9.4950266991613,1.62241279508439,-18.5600632988862,-15.1081444686748,19.0735440926912
7.31689704031741,0.915403141546234,-17.5542744828563,-16.7454220087541,19.6601850566449
6.36478136220409,1.61351683599861,-17.7724384602594,-25.4749862362466,22.9882095643001
1.32985945525593,0.305429570751399,-16.8827626530665,-19.8637839948396,21.1562264191014
4.28459907631275,1.22683936796335,-17.6069274830814,-21.0183611504806,22.0059779448809
3.55505417114907,-0.459993605460253,-17.6100483300419,-28.5406592846005,24.8190070759906
-0.0852860904540278,-1.69178551893502,-15.4211088794531,-24.2266153641567,22.4861852911676
3.28931952645515,0.259620804036419,-17.872923973926,-37.5000877335356,27.6107640223571
-4.06458850226427,-2.71989226200638,-16.0001173383862,-28.1968562768553,24.9610564013407
0.381625983163816,-0.801398899373562,-16.7670217434549,-34.8883080022405,28.342666242218
-3.97060780169975,-3.48474441594481,-17.42224236203,-101.286314176249,53.7472911534806
-41.1575077211207,-13.7597454909103,-5.0348069867817,-62.0065200378331,38.5202275076103
-19.1327901302435,-1.96859564305321,-13.785915312175,-56.2183836268888,37.3263093049105
-15.4192784401635,-9.55371043593578,-17.4026736833386,-87.6408027585227,49.7147351176216
-30.4310437419968,-17.676901017107,-5.41243021156943,-74.9420499500541,42.2710979827767
-19.8473230341922,-9.28154218026426,-12.5312685193218,-51.9128478609555,31.9681836224479
-4.27061560095468,-6.13240571636382,-19.2107360295761,-42.3392609272852,28.8530309257427
2.27905979389259,-8.7524694078061,-19.7998031606972,-54.455828978297,34.570392988428
-4.88019512736949,-10.5128702324692,-16.0659503000876,-63.6966343419778,37.5578217469001
-9.82952511533756,-7.5315930015516,-16.5497217965364,-53.5096442712237,32.0809283377348
-2.28698040309491,-4.52340858088616,-21.1860506701268,-34.1505078715705,23.7518846895732
10.9968521830058,-4.94805982068389,-25.102582640595,-32.800127007786,23.631404182017
12.7793675013408,-7.53141976284422,-23.5498589486183,-40.3996578065084,26.895368410145
8.14193868239022,-5.94613327228424,-21.8149289644697,-38.5703218329772,25.8169872224913
8.73258760675344,-2.01698153730297,-24.3522928779575,-34.4879784733055,23.5468817663955
11.7434873854731,-2.15158515546147,-26.5338550384902,-29.3268246408613,20.9719363189819
16.1357954673915,-3.50553990681011,-26.9467545035716,-23.7517700550355,19.0026008415439
19.5985101286646,-3.08566851830184,-27.2871300691672,-27.4198359391918,20.8970300056267
16.7832051038629,-2.68402026413234,-26.4464331197509,-29.8214381648433,21.3283836958269
15.5083413998928,-1.11502922106258,-26.8629161805798,-22.7412558561825,18.0452367671131
19.8822662138186,-0.192147512910894,-29.1625753889277,-15.453037377731,14.5847603329596
25.1859422448794,-0.596781873748593,-30.3049385181584,-11.4916671414671,13.7620755710909
26.7456921407592,-0.507346470751787,-29.8992825786927,-18.8380084653016,17.5607994350844
20.8698460850397,-1.68948839459185,-28.0811562332062,-19.3755040534355,15.3447676773178
22.964074628899,0.664918771252183,-29.6572423808138,11.9567726022273,3.25303027791203
40.3478753152917,4.97782669611646,-35.9486241497021,10.550350718454,6.13123877302912
37.0028026007909,0.778348600998482,-33.2641066802529,-24.23863139693,21.7476893094273
13.8044832696777,-2.53499055622726,-24.2926708365114,-33.5906721989753,24.5030921293318
7.42108725960715,2.08834272838022,-25.5379456488505,-20.7571340903285,17.9755685206202
16.1013597093313,2.64003098726245,-30.4753726708233,-3.3897695386858,11.4126990772648
27.2647032456102,-0.616071391755443,-31.1220087562474,-11.9485750968082,16.338061637895
21.4353461122333,-3.86994239881207,-26.6343953282719,-32.594325343755,25.3402543049545
7.47385249530213,-2.22787735921669,-22.5316710864282,-34.9607334825676,25.5537505083505
5.20136156059656,1.5141371920587,-25.2372330609334,-27.6105664472219,21.7858233846765
10.6470517012912,-0.20942348644925,-25.454907046158,78.8092256918234,-19.7795134171473
73.8943102086051,12.8859569860846,-41.786083663187,26.7348154251792,-1.71918679904229
48.5251721855873,-3.2079319044365,-32.3436888473765,22.4337085971796,-2.05619154124691
46.5277598442992,10.6432419527489,-27.4737939093045,78.8515719923786,-22.8459572180308
72.1790856555148,25.2439535284542,-48.2495853304317,37.2134188693918,-1.46996937022777
41.6871479525102,8.33833236171894,-32.9044207248523,-15.6161356910177,20.7345526553163
8.15930997477787,2.87710671151277,-20.4595705098101,-14.1397420461805,17.5522888926996
9.6318389593507,9.87279672597393,-24.8606639997249,18.9437949306014,2.7168371256982
31.1568594139348,10.4881751054997,-33.1133920724603,29.9913179723548,0.0150334718037199
37.7309377034919,3.80413559146326,-29.5298816400995,6.61964781746908,11.8009336678362
20.9817709737382,1.47371310804454,-23.9935031425546,-130.673391233871,66.3677737638552
-62.2347050539686,-12.8072504234211,-1.68240313396522,-76.2608404943429,47.0218033027688
-36.6504554581701,7.03043146792463,-13.8085359028284,-64.2422529045409,44.0317356165053
-29.2512018839697,-9.86862635099621,-20.6739055891431,-120.803406177786,65.1762489145405
-53.815534508485,-28.6905031756454,3.02004127914052,-86.4327187091637,46.6288558012077
-26.8926458424572,-11.6408952783509,-10.413851083096,-32.704051485335,24.7460808896553
5.84938762346194,-3.03271879023173,-23.7199309749731,-38.1807749944857,29.4129005300747
1.84005384744326,-10.7539882413275,-19.9682848957944,-77.6053831698032,46.5255795335017
-22.525735608222,-13.6652968780333,-10.0784704487307,-76.1246293478566,44.336571767511
-21.230215612404,-5.50318493077076,-15.9677852115257,-57.2338504189378,34.4828228497114
-6.78661777676926,-5.08170087011942,-22.9245644616628,-33.2531554387172,24.6012742218707
10.3720915814154,-8.08884872284569,-25.1327466812065,-35.8199421510543,26.8496261659688
9.14502660640247,-10.1112695340141,-22.2371416264044,-53.3150519984897,34.5442964029894
-2.55636044802875,-7.04294284596953,-19.2689698803376,-51.202626410104,33.1425461113831
-2.11583664530812,-1.96728594208947,-23.3547969536797,-44.7147244858559,29.1826867643038
3.71169529291447,-3.78641592106036,-26.4198948062475,-33.3640856458934,24.2844938962064
12.4971099138151,-6.06088212253182,-26.7577803570377,-25.3785783339614,21.7286951602934
17.3941121266911,-5.21161984967664,-27.0607311834904,-37.325553035462,26.9404870453768
9.59599297829881,-4.42834646924927,-25.0695968069131,-43.5522393689497,29.1007792835918
5.35181097433325,-2.04626556030795,-25.5608409545343,-35.783539321394,25.327749645266
10.4897446370669,-1.35732761121116,-28.702918437677,-28.7794293234985,22.4086584481448
15.6922159129823,-3.4788821097771,-29.1797182347445,-31.25212601089,23.7171870432163
14.6078367902281,-4.68588639465405,-27.4241965371559,-35.6323168576377,25.589928642876
11.6793792426231,-2.93908824087918,-26.934377000662,-37.5807894401965,26.0876424365167
10.2716336757862,-1.56773353786449,-27.995338903475,-32.8922471576729,23.906812374976
13.4247707206481,-1.58138509743064,-29.2808079360099,-29.9236954737257,22.658719313484
15.8661966048227,-2.81723461270292,-31.0424402677802,-102.614617366257,51.3071997659286
-26.3445348823418,-14.7808000761965,-17.8041995494434,-67.956799823874,39.8897862243589
-10.0961994748537,-2.28997863546407,-23.3191099782683,-71.9614914126408,43.0252854666444
-13.5700581738607,-10.4186253144793,-26.2816106227162,-103.189101373911,53.690327629851
-26.5232189916135,-18.3282730297619,-14.4066904988332,-73.2350788050614,37.4018287933005
-2.94296494682566,-8.63015656135257,-25.7829265642154,-20.2502195071231,15.6375732732226
30.3520013854336,-2.87625038932292,-35.8512558925271,-23.1728241430942,18.8977156226699
27.7712677740387,-8.12357523237947,-32.7925158843665,-59.246004707083,34.6782053601582
4.25160901624441,-8.3265592267935,-23.739149413353,-56.1315129560278,31.9689615873823
5.32703580355947,0.321916311811204,-30.1064212584912,-39.6763974984403,23.3454391380532
17.4586842097878,-0.402767667307035,-35.7439927718381,-14.0016793985238,12.713137215962
35.1049365034552,-2.8630057525353,-37.7405784982378,-16.0859874278661,14.6117580088224
33.6899396757036,-4.5262150464871,-34.7520053312819,-33.0842694289315,22.1442050768424
21.5654833757448,-1.21499872468564,-31.3350483705207,-29.360544956893,20.0134627450995
22.3665652213601,4.34854926126487,-35.4561761327036,-22.4516701071234,16.1666633401395
27.4448542608927,2.48455953686004,-37.9976546159634,-12.8050177416025,12.0493161037258
34.438843331692,0.175855160811502,-37.4478204674767,-4.03270682494272,9.32002022038251
38.8929339963941,1.59713968524447,-37.5093115510551,-17.5012051712459,15.1338508672119
29.5333743837391,1.95017781316936,-34.8923135744811,-20.5629223030522,15.7256161428112
27.0112565970647,4.99076764412132,-35.5111533931922,-9.77676891954663,10.9115989059847
33.176107956597,5.89205398962943,-38.855384809537,-5.38018627784806,9.55877458862057
35.6432637968225,3.08710158739724,-37.6724694196479,-4.17222065016704,9.28994270374599
36.1317764203076,3.39676144776575,-36.3894968849713,-8.69789731242537,11.1593102966624
32.4432170616704,3.53828496603365,-35.7095511100384,7.88156983402147,1.88336784495849
44.6371407240595,8.26607900929971,-40.3134249812578,37.7564052062159,-8.62184697197812
59.8858600752556,10.6744236691689,-45.2255381667934,21.6534524575078,1.36881365403059
45.6563446945607,5.73487793312602,-37.6124815719249,-5.28890645185863,14.0104679469266
25.5894131607039,6.55596581145057,-31.1953052990871,-24.169566317416,18.6263320654624
15.7657372377255,8.21948222159111,-32.1071295072095,7.57514456382589,3.65319285173272
36.877419475184,11.1520309468003,-38.5253670068588,67.5313798526476,-18.8110551179243
71.9141877185872,12.7754787079657,-46.413372639522,26.1713279361719,-0.103530440372517
45.9257986387494,2.51677293969633,-33.1775291848338,3.8344080026237,9.25258794583704
29.2404157440139,11.711199856835,-28.3648960000986,11.6667183439212,4.61693845650404
31.6330912855341,18.2350656773557,-37.6831575370325,23.8024420718431,-0.446295748058455
39.2152892598306,12.8269724958354,-37.234482360162,43.5748012363739,-6.5075467312741
49.9227336399076,9.92682439317308,-36.6353748524551,12.1608258349112,6.84845359611817
30.3323429643453,6.0033947849758,-28.0434929611879,4.29413623518476,9.38596690379233
24.0026168620057,13.2419809308296,-28.0377492349098,19.5250495476117,2.62600422545365
31.7929992152279,16.1157083056575,-34.5585777213208,22.9188142877479,2.1790158957054
33.0356030627737,10.2290998713987,-31.9761015175234,14.3069548842919,7.05230394979758
26.7024056207961,7.16161407700686,-27.1735257926985,-6.08268739802112,15.4913202344987
11.8817952299228,7.711357095944,-23.4257754046374,-28.913400631462,23.2357584517672
-1.37140073225357,7.26201181303256,-21.6032340255912,-13.8357306047974,17.8272438024868
6.23768923575743,8.40530794637482,-24.6366667129876,-4.01823988301915,14.8757297227673
12.3577764799904,4.04658467295442,-24.8062531932367,-30.2801848002485,26.4191047440781
-3.16174784834107,-1.65954923110005,-16.6642324623041,-32.6538892846061,26.1479659182195
-3.57354263176259,3.73720191465679,-17.7619893053007,-18.805088684115,19.9041249442527
4.8683742827133,6.33586140433506,-23.344656711598,-5.71717498694087,15.1091153899497
13.2277469007038,3.93848691643011,-23.8915951512927,-20.483512284896,21.8237682388679
4.6028637151123,-0.207159163324453,-19.5767058796317,-27.4429902626574,24.6442676500691
0.0380488430536925,2.80152261388848,-18.1869148246554,-24.7290694308335,23.0035147509979
1.49855772983526,4.92155982425896,-21.7048356965331,-19.7356561208205,20.7564171244046
5.37567202991747,3.23455002635397,-22.0961676719378,-17.889306709753,20.4966904095495
6.75329534959321,1.25996558276084,-21.5449493068682,-24.5553221035621,23.478181196249
2.91687754559694,0.888340223353355,-19.4752063188085,-28.0399576784937,24.8685422858391
0.502057716752058,2.45476100662124,-19.9543982045417,-27.4259157193135,24.1784587155607
1.32899830646112,2.62854801595664,-21.042437382847,-23.432281343793,22.5467600736604
4.28045584551127,1.69958195133344,-21.7932238939541,-25.8880698306735,24.0068496269378
2.89747075108395,0.116257931960931,-20.5286839040687,-31.8096378602816,26.6516527633823
-0.692131834587978,0.0679341496866479,-19.3174697461753,-32.7524818343005,26.7511099873672
-0.989874730380119,1.16097881135467,-20.2253977832712,-34.8084194948218,27.2920906430956
-1.59697710777885,0.135437026552147,-20.5156128207373,-30.5378617140683,25.6724508616817
1.44518976232525,-0.118883393997522,-21.0297894198416,-36.326556394722,28.2537675978134
-1.73451059370228,-1.83659822304848,-19.9502290059162,-38.9979604810256,29.4283003471634
-3.15395561208663,-1.26506318590369,-19.2494836978199,-37.9089946725921,28.6971070877006
-2.00453592035499,-0.637659969091228,-21.0144057035929,-48.3067655018414,32.6440988730074
-7.34660175881808,-3.2620996973148,-19.1681778217785,-40.8877384825359,29.9261645742214
-2.77293497773761,-1.7732407954261,-20.4415370646647,-40.7523194470271,30.228677355095
-2.50547541920115,-3.01138139830325,-21.0963406420118,-54.8746987647463,35.4834345960581
-9.61807920422003,-5.26835885073524,-18.0500728447081,-46.391469161211,31.5554730603812
-3.80159902539905,-2.08764919731391,-20.9083765633733,-38.7812476553026,28.601637983658
1.1723221583037,-2.51447807338877,-23.126673200002,-43.7196593386188,30.7506614007567
-0.849847421286894,-4.72038324399469,-21.0972866125615,-44.3914206370921,30.7494535990195
-0.608577447340284,-3.25683756761363,-21.4896974476561,-39.8414745997345,28.627004438501
2.51200878911511,-1.69236192666921,-23.5290617725853,-38.5379450181944,27.7878600244918
4.2394125215812,-2.28830425680216,-24.1019141181346,-32.7072579503774,25.435749852943
8.23363385243115,-1.79007598829958,-24.9164182789479,-32.3756948599151,25.0986643834997
9.02771705209414,-1.77074929282503,-25.3525579191932,-33.7265827081745,25.3900776906773
8.759040733549,-1.05632790571639,-25.23272828626,-25.6599302614569,22.2303961360201
13.3229410429916,0.825833184625844,-27.3696776724395,-28.080748686191,23.047540981973
12.4176710753837,-0.408000512638224,-27.0942014485344,-28.3669764138371,23.0738842758274
12.4861580996683,-0.0376289324607835,-26.609021149892,-21.4046985577825,20.0063631434333
16.8356219437266,1.62891256116005,-28.6490811052384,-22.6469050299366,20.3565881025753
16.5075218265165,0.966278400918746,-28.3686343549582,-17.3415642900825,18.4152135616325
19.3729966951792,2.23766574509154,-28.9559610335117,-20.0272047284555,19.3472088725589
17.9082199232442,1.83168611012116,-28.9661206309669,-19.857174471494,19.0802993091103
18.0732278489319,2.6202427995912,-28.6667781488465,-12.4037486417575,16.0931140660958
22.213154404856,3.90469699995201,-30.5808038202757,-17.0035616700926,17.8694735387503
19.7603214232703,2.39988432748013,-29.3059413420524,-15.367437379025,17.1721720213644
20.5555167953968,3.55123407911987,-29.2267207438886,-9.97931064238715,14.8758071628673
23.5517763717527,4.72847307665404,-30.8052125029329,-12.8004709193974,15.8669954442174
22.0489531024298,3.83839555972063,-29.8837343799735,-7.87183063552968,14.0393829434853
24.5024091177367,5.15959065179771,-30.4256320401404,-10.2129414622881,14.9006316210956
22.9543090411082,4.69836424505093,-30.2851797538779,-11.323885532605,15.2470295353132
22.1166856713327,5.10179899975087,-29.5218678809589,-4.50216489341801,12.6263400916046
25.5914953235468,6.40913570528823,-31.0694176579537,-9.45957807814093,14.5998149568183
22.593973645242,4.89322999178459,-29.6569240736337,-6.73490200829611,13.4812252839319
23.925544756704,6.13771297050559,-29.6808594324752,-5.93321791417833,13.0053404381418
24.1488525231193,6.35784220920844,-30.3709071807038,-6.75493028492338,13.396805253079
23.4105375663872,6.18051360280716,-29.4559136993001,-1.14886796011977,11.531285563745
25.8816716477741,7.23514366466092,-30.3142271010712,-7.48705915388687,14.0273119971005
21.9344337230626,5.91919174178645,-28.8931850749689,-9.55142394363066,14.6243988108408
20.5751383978509,6.55831644193374,-28.2146367716128,-0.342190721196394,10.9105002964106
25.5920177727074,8.18784136345088,-30.3521263190788,-2.72277103688048,12.0699597634414
23.9107497659142,6.47188466529257,-29.1844878631257,-5.25284943567459,13.3593107584949
21.8476548618645,6.6317608995872,-27.785364686334,-7.72509976558504,14.2338055720057
19.9013522191716,7.24877392901987,-27.9412048809248,-7.0214277513968,13.7891866286324
20.134546218623,7.50933832203248,-27.9781988137773,-1.94887296236841,11.9553823742403
22.7525678870308,7.5370289660242,-28.6515930913861,-6.0101372203578,13.7254215821734
20.1186863184838,6.20672762190908,-27.1113062141529,-7.79322665257519,14.4367897362105
18.7364035570222,6.9401920415041,-26.5108801011096,-7.31606813723682,14.1033799344576
18.7072739535408,7.57102956885545,-27.1510411335584,-5.85169108585052,13.5355008411335
19.2853674664297,7.30710620514294,-27.0765303177614,-5.69739288728878,13.6828886156654
19.0697663021281,6.75243494296607,-26.6491082679445,-9.8024656827783,15.4198109770183
16.2917780818604,6.31145754169646,-25.5095536791074,-11.7380842801486,16.0994948752367
14.9132311830508,6.74956793005972,-25.2693595304407,-8.56855872090338,14.81325304988
16.5666784043987,7.19519869958571,-26.0045165459141,-8.35413164866824,14.6888344334969
16.4684836711508,6.35470416685177,-25.7154308786728,-14.8314810312467,17.1840331826687
12.7728127466995,5.25375318327719,-24.1137750656414,-14.4965539718464,17.2011442720325
12.1283180511378,6.26548140780781,-24.2316345686295,-17.9355909214735,18.4671792012636
10.0624264924289,5.44494003431521,-23.9839384310258,-19.3410545461409,19.2114833984662
9.07659055836616,4.83250583349801,-23.1642221697201,-16.5643946137232,17.852815566432
11.079921778362,5.05176858586836,-23.8309743293061,-18.9980426454403,18.7016704588789
9.97463317972266,4.27227024450937,-23.1950899492432,-16.3230298290926,17.4647003352914
11.7812080383445,5.16364259830908,-23.612649211262,-15.3688376778683,17.1328712778219
12.2442714386674,5.16628737626648,-24.0442479650858,-14.6988342481148,16.8421891393269
12.7203465098786,5.20343923738083,-23.8229197769129,-15.5510327746623,17.0467641805277
12.3535593696671,5.13754669025295,-23.9038807889748,-13.4585517991117,16.0656155426459
13.6996398188983,5.7038738236764,-24.2049021784651,-10.8196672836704,15.0332041095968
15.1628044704492,5.9260524611171,-24.8309855520582,-11.8937955661185,15.5763931463604
14.4813510358316,5.52160888204082,-24.2183436776586,-10.4221932117446,14.9724934620576
15.2015229530618,6.20635139962104,-24.5087369700121,-9.40424223490693,14.4518690587312
15.7947509988448,6.45297692978964,-24.859394103567,-8.85872223924987,14.2179734059826
16.0291164888315,6.31154468312354,-24.7876427580191,-6.65681361101656,13.1342022252994
17.4700529624013,6.70710866937288,-25.166193240268,-5.58840579215103,12.856864096643
17.8250312697596,6.71025091865812,-25.2106865392793,-4.91747514998875,12.6484723306972
17.9539382995011,6.98969764392574,-25.0891329812015,-5.95467739020091,13.1659022940491
16.9302608891899,7.00986703392218,-24.8886845939055,-7.21743691818327,13.7063522303319
15.9575326457024,6.63991344235314,-24.5404019569559,-3.98406841449472,11.7754000206509
18.4970389601121,7.2476652485817,-25.4089591292154,4.11585961959878,8.84883742515741
22.799688932704,7.65498421041102,-26.5290234217852,3.07648959550954,9.49035412723357
21.8619354197318,6.9871804420266,-25.7282835718971,-1.90620562245626,12.1102310448323
17.6535116197146,7.18033561822148,-24.2651374092341,-5.71966673314917,13.996465038635
14.2952384660279,7.55721198568296,-23.954569914176,-9.80414417694094,15.4925336510965
11.7156857140843,6.63367272591165,-23.3971183351919,-5.30287856015725,13.5419563953906
14.6491811301869,6.57537863157409,-23.9198471523644,-2.64596649717214,12.7745532446971
16.0702382573935,5.93977909054893,-23.955638273822,-10.7506447354072,16.4412961802334
10.7804249104976,4.74618590463038,-21.6635533599852,-13.5844514477214,17.8001879474588
8.3745249165653,5.87689161641272,-21.4394305613481,-16.3409861058239,18.8695060928737
6.50305057833663,5.32720709533207,-21.6220019500761,-14.937417724363,18.2393512441369
7.67823047251319,4.52905014742997,-21.4322101192423,-13.0669582228688,17.474474119192
9.27000578247095,4.03473160770415,-21.6904790886772,-19.6234693442817,20.3721291484195
5.26123413544437,2.95649828887166,-19.9922298109222,-19.6330959275723,20.4718069325311
4.95978879767784,4.17948383794792,-20.2103981099293,-21.0392534121406,21.0424006767793
4.09158957785642,3.64599000004628,-20.8925348188552,-35.7743314681077,26.519299892714
-3.75131358938765,0.536628672231058,-18.0678641366451,-25.1670225263159,22.521760563037
2.39729564256143,3.08580189302813,-20.020115371022,-26.6727525105597,23.7248417811311
1.23761466433853,0.936048841601684,-20.1258819844753,-37.6873767715685,27.9905987834625
-4.36813546155486,-0.865608069030623,-16.8251879751008,-32.6230122140042,25.0359476892944
-0.236794222530157,1.730584516632,-19.4443096675761,-21.9350459592296,20.503959312085
6.80222557349937,2.37296307139903,-21.8968370683671,-21.7839393650823,20.6395463430345
7.40992550714563,0.710945369813888,-21.1809506539216,-25.9717112367554,22.5246320369266
4.91833346257617,0.941447912975035,-19.9313834533678,-27.6616239254583,22.8557052880772
4.03691362538405,2.36265585409895,-20.8554485443984,-23.6935044522624,20.8144742585197
7.01371093239881,3.01669266071833,-22.2071585837625,-13.5499357575053,16.8684897971988
13.3029390954489,3.1939554128756,-23.8512252088748,-17.8977980006808,18.5323895085222
11.3308902085612,1.56924420636546,-22.4808102583266,-21.2904306430475,19.7163140876289
9.3934973805003,2.81679008172905,-21.7436359107246,-11.4524115111892,15.594275391846
14.9607312313581,5.56777734192899,-24.7616914347679,-12.4810654127593,15.8810607289417
14.6018854800045,3.88880886264755,-24.514153788667,-12.0539551385532,15.7596831019876
14.9849459638296,3.84282916521332,-23.684855426268,-12.8548866518415,15.9554013944203
14.4512718193099,4.41914215460602,-24.1176968560105,-11.7247103894015,15.3870797166828
15.0325718704471,5.17356696891548,-24.2352664647589,-6.63001069225928,13.4492205124574
17.7606573555521,5.72257274326593,-25.3562639137153,-10.4276258656679,14.8539339052622
15.6255322731647,4.52724325122438,-24.2040236215197,-9.31751356136368,14.2348278818448
16.3081842733494,5.4860546753888,-24.2944329236126,-7.51232861207429,13.3695355656207
17.2507212887915,5.99121097251557,-25.1061537931285,-6.67257691111782,13.0758645253587
17.4030602851037,5.864541791419,-24.804874473908,-7.89410256054841,13.6884468021677
16.3753383618354,5.59526633629399,-24.4077513827357,-11.5784229890503,15.1015468629581
13.9268143052204,5.41582043158186,-23.6167956556763,-11.5742761560571,14.847446686058
13.9651560441704,5.83580030582299,-23.825564287284,-7.06988315212287,13.027663045694
16.5529730731918,6.15724367261809,-24.6027117492569,-6.94849918696348,12.892987212202
16.2305877946947,5.49806606523626,-24.2131343809117,-17.6366944311963,16.8950533370062
10.1452940988891,4.15649631753844,-22.0702405248357,-16.1707006089427,16.418609937055
9.73562263798669,5.80780418285645,-22.5704513137631,-21.6149615972097,18.2483261290009
6.81646467022084,4.17896295753023,-22.2655595388248,-24.4148225339001,19.7334412194992
4.91082535641363,3.12136368216853,-20.6817774866692,-19.0062047230244,17.1479075675503
6.84728907335746,3.91617205956024,-22.0463355904611,-55.4932792048911,30.3561985075001
-12.7032988176934,-2.54694650449777,-15.9729637074508,-44.4157969932749,26.3231744576219
-7.08561085512466,2.37684029230691,-17.6264214601518,-25.2696432901094,19.0304654492445
3.9981761151639,2.39950785178476,-23.0681114191164,-53.5911188443086,30.3431850493917
-11.0102919798814,-5.70535250955364,-14.7733182683803,-47.3708126608841,26.1201956681901
-5.08202178838093,-0.0549301263769268,-16.979182957813,-25.2720865185213,16.3970727655614
8.83100321053756,3.63170703413638,-24.0437483936989,-17.7053049270829,13.5151420167357
14.2496993239688,1.3557504560309,-23.5875079459216,-27.4543361809105,17.644422158781
8.67249537217139,0.0740857717406294,-20.8736919395461,-26.7126887271046,16.6844771414206
9.17279719508168,4.00672116377806,-22.0287835561578,-19.0048115268071,12.7189492781508
17.425041325572,5.82389693385375,-25.5841180832128,45.2513382955048,-11.618491258315
54.0350907442366,13.9687882067036,-35.264899901869,40.5496254818102,-11.4241850590176
54.5055749693424,8.24421967721466,-34.251656777695,12.141594963512,-0.657411734370744
34.1648119414397,9.77770770978616,-26.0898376447578,2.84463372572364,0.863961849831023
27.6832929372518,16.1529957300658,-30.6823848430523,-0.216644726828599,5.88596274476968
19.1226159259118,13.0776960760855,-28.8643218669019,1.19571083894738,6.51229900859643
18.9817521618441,7.97756446521054,-26.3457805043776,-46.8061091001612,24.3678400248185
-7.07307977119958,-1.09970615652938,-16.46127589865,-7.82449054961035,5.53977713815775
19.3390775440493,11.2499960724065,-24.6753240478483,25.1221041394052,-7.70636681194853
38.8820216547975,11.3171237776066,-33.8707927496305,17.8890317476966,-2.70016606453973
33.4720880925219,6.01233419402021,-25.1188229268589,-13.0091239577333,10.8293979765565
14.7896653668065,5.11025051600706,-20.3603467297796,36.5365938164812,-11.5342951097551
45.0485760032851,20.0676453556326,-31.7627648128026,78.9098561104992,-30.0525585917339
72.0967807977911,19.8449159079612,-42.7278200532387,64.7018998123346,-21.5530268949734
61.232480544529,10.8048463025513,-31.5060739959877,61.5688670875076,-21.4617311187151
58.3863793164984,18.7346405249805,-32.2227549295131,71.0684851318118,-23.0049113222234
57.6069566914364,25.043604595013,-35.729570868616,65.8169132855886,-18.1206166547659
49.1379637188644,21.2990938602776,-33.0225242195099,22.4421769104535,0.109488978577669
21.5399766855618,12.2820127620743,-22.3529047390951,23.7060367409775,-1.80987931454785
22.8672989183783,16.3682456251197,-22.8805122296933,47.0858250142997,-11.1918660343031
35.9263472565265,17.7980881746103,-28.5685245370142,47.8009606377935,-9.92258104494639
35.3353828261884,12.8900383314282,-24.2158050231219,26.0176389144313,0.419245452309219
19.9485150105465,10.8594829207617,-18.1385422520112,7.95064793998207,7.83102028195843
7.1523363271749,12.9536600036044,-15.710817372494,12.0262228238851,5.94934883254224
8.65709187273196,14.0838478303181,-18.4741326149851,18.9836942235673,3.49404727565466
13.0199167749444,10.2020116208455,-18.2471833455077,13.8462709156195,6.44115321834417
10.0100996966919,6.5331926801263,-14.579636255099,5.9982776087805,10.2388767093891
4.35173275279481,7.6753689055531,-12.3435403046584,-1.59970782812842,13.5663984404436
-1.40424868424584,8.7557038700746,-12.2559370004539,-2.1869245541672,13.8638298992401
-2.0825870601168,8.05547090518757,-12.4846035310047,-1.29778079528952,13.8613283186431
-1.38505958291626,5.58850703730708,-12.0855485978634,-5.15361462565911,15.8318837294231
-3.40411559026189,3.74115430763349,-10.1227689349435,-8.53866318100932,17.43900939358
-5.57199240678141,4.28723430362615,-9.5288730570057,-10.6758044299774,18.7297040781992
-7.40384443048089,4.50372754038048,-9.58809969101661,-14.6677669325027,20.4468646661197
-9.70614496462619,3.13876238587743,-9.10145190702041,-16.8751359188923,21.2470719264912
-10.3160356573659,2.0819426232433,-8.5487971227573,-11.1807936571293,19.4788858137038
-6.99226668257489,2.3972522681665,-9.44645994276292,-17.3156315243373,22.0720686694999
-12.7122943838958,0.693427469372687,-8.2565582035693,-63.6828505856048,39.2838696902806
-38.0681406714226,-6.01992120598433,-0.731003763311125,-55.6319652584639,37.1054380748017
-35.0174630636419,-1.4758757630479,-2.9339483810313,-33.6038549917148,28.9486627005007
-21.2674327489086,-2.45727979769681,-8.69055132271645,-63.5213710561236,41.9349862785457
-37.3807216255347,-12.6660878281676,0.495021203256978,-64.0047374184505,39.8139562073353
-33.5890312973492,-6.95922843939926,-0.548988145455296,-46.8435739616898,33.1221003137128
-23.6111999447032,-3.25694729572254,-7.46121184765883,-40.0346915378079,29.9102934883812
-17.0812415281637,-5.88441480304472,-7.71686331089183,-51.2487194084429,33.7788334030057
-18.6010812512179,-7.72615917980579,-5.78428432243259,5.52094436552672,13.7653435837326
11.9198606170588,4.1376330459077,-14.9994327017462,-19.8064046715264,21.6527886339656
-0.394332064783181,-3.49915055026876,-13.7073958967519,-59.4659489656659,34.0184349300799
-19.20514102691,-4.54920045973459,-5.16245181864385,11.8608031096803,5.87308362407185
20.6777136058334,11.3493718254635,-23.7556528942604,3.24687315329021,12.4538310011015
12.2789370237016,-0.836378558355417,-19.7522942034814,-71.6076767038306,42.5630775637523
-30.8367736197372,-11.2666973150593,-0.859261220301718,-65.4388373612315,37.6785560145404
-26.6932917060943,1.46191040284114,-8.39226387251706,-16.4438606447399,16.3387738980021
4.65630526919391,4.81063716269721,-22.075966403392,-14.1244341694195,16.5359148951833
8.36878243544185,-6.65091079106798,-17.005454316179,-30.8597356378162,24.000212714394
-0.920151103110553,-7.05185430074095,-10.2426816304362,-39.4033271131514,26.792249760417
-7.03122770548041,0.447961433814839,-12.8508858013487,-26.3897429020195,20.3761623275322
1.00368185395056,4.13560710656922,-18.5953112972344,-16.0481509562139,15.938266441503
8.70047164801123,-0.298922451650959,-20.252640011968,-13.1963913472573,14.9866232470212
11.7864036592406,-2.68441837499231,-17.8543248305077,-17.0203661348144,16.8116104890474
9.11515008911723,-0.461368774391463,-17.3674419410212,-20.41260144422,18.0249661924893
6.31461177816764,1.5824403322706,-18.094458238866,-11.4928301135922,12.331319716479
13.8321654778162,3.25602353838666,-21.969208615384,12.7384804848103,3.234314606377
27.8766685286412,3.65737995445011,-25.4743217916316,9.44837397106421,5.82182616988958
24.9815384110783,0.888093177950882,-22.7485612049825,-10.4354385154393,15.0524677887159
10.8267195847494,1.28461151080853,-17.8958886277147,-17.3168161560735,17.4122627199216
5.54929837059834,4.43192146721773,-19.2911220899341,-13.924455671498,15.0870192930379
8.31764288089905,3.41778678299337,-21.313082044086,0.109610294210971,9.33372816686927
17.7140759367007,1.72187831414359,-22.4065575262092,-2.64411584735688,11.3271465004554
15.8148817081038,-0.51218600422719,-20.0763972853811,-18.9724366764465,18.3233077906966
5.15684427762746,-0.0545583152990157,-16.4950618043572,-19.9356448051227,18.4321000937386
3.68734427543058,3.28278120522673,-18.4493785360306,-18.7648098018475,17.651436576453
4.61526631730556,1.59267324863662,-19.6038167645806,-15.534210696269,16.363379636016
7.38085527910432,-0.721740297807688,-18.7039939172874,-16.1341112674945,16.7046837324626
7.48571239955299,-1.16039162865385,-18.1710721346289,-30.4030516071923,22.5215111500474
-1.22037578202236,-1.86024260450823,-15.6290185654444,-25.3658533642229,20.6587627309211
0.942368482317914,1.02468634061447,-17.6284669365186,-38.39439299902,25.8076975928388
-6.50112649166065,-3.07238624347754,-16.1929438298686,-35.9762398922387,24.9503127797782
-4.5229740866922,-3.0908258504392,-15.1025092518412,-30.7115448592118,22.6083159084353
-0.604929563938915,-2.91690357980025,-17.6870028006433,-51.2180330099451,30.4554488825761
-11.5551993913646,-6.7141891298268,-13.1427503163126,-38.7753625237226,25.525466881009
-4.34792133283312,-2.28783145720741,-16.0983818249342,-35.7791591359942,24.569721236285
-2.4294978392179,-3.84802436863569,-18.2063166446855,-61.655826708096,34.3584539501245
-15.9685037836083,-9.11714337374074,-12.1822199049818,-46.6000222344748,27.8926779693295
-6.44678734585692,-3.58024102734684,-16.1137129244817,-36.6274110100863,24.1436975273231
-0.306461471714098,-4.25263361571384,-19.4066015694264,-46.7398932484781,27.9511638290499
-4.64946102066575,-7.61369588798928,-15.6172929371099,-44.2337312938912,25.9292559104321
-1.73370606043785,-4.70463307736498,-17.3673928817167,-30.3941375354331,19.8973282612324
7.07428878183756,-1.86701831974084,-21.2946005136997,-27.9666570407163,18.8759417307584
9.12750022831567,-3.19812707184449,-21.5790989691143,-31.464100807993,20.2746606468284
7.41090775159545,-3.43777776306331,-20.2260584367713,-31.5174829420886,19.8120059436043
7.67294860895615,-1.64426031542367,-21.3647542417861,-26.4665523106283,17.2065935536929
11.3785750188189,-0.349267303935672,-23.0209008244016,-15.2460046711366,12.7389152141086
18.1879902291833,0.394904034778846,-24.9583180578259,-18.2784746013704,13.6263212298947
17.0595696908257,-0.894521954148836,-23.9429956674862,-21.0987840162981,14.3085039408705
15.6402683368482,0.471268021835941,-23.3451302641957,-9.18806781771422,9.28909383940891
22.3124336434043,3.73975269958606,-26.6114026580978,-9.29165815459989,9.26361733674107
22.0579289818576,2.30637087212071,-26.4240318230503,-11.9485697166156,10.1963430154456
20.5707687783207,2.0584219444457,-24.9404544853375,-11.2539383355837,9.64290766282741
20.5836557275526,3.44219522525842,-25.7098501137284,-9.35368701924325,8.56862767279827
21.625111827696,4.08742845173144,-26.0979743933118,-4.65458301611422,6.77996905978889
23.9975277095963,4.41273906020083,-26.6790337839896,-6.02180730105211,7.15638665118646
22.8040287203292,3.87559666198811,-25.8871968012477,-12.2489109124806,9.13670577468141
19.3003403941991,3.77506930150341,-24.7419459247995,-7.00160418737015,6.92628042011907
21.8396218049347,5.68566583090174,-25.9312681949617,-2.13558449732189,5.07806864692247
23.5700838335602,5.53448912302647,-26.6910207598139,-17.5337691209022,10.8961833339955
14.8219383894795,2.4388548276704,-23.0438255512659,-16.0991977338421,10.205496388031
14.5967720092052,4.7790730296777,-23.2135864590427,-14.2075870546124,8.93813417973989
15.8543385967107,4.75391620321948,-24.6430636573801,-15.2947155737267,9.69346962256582
14.9206627004788,3.32408361947254,-23.0014190490328,-11.1645912370524,7.69806384797011
15.8231462749041,4.11161095448478,-23.5689375297186,-45.9877221928477,20.1522694721653
-3.16331856931056,-1.15601787391925,-17.9484751633133,-33.1687202872886,15.4476044822981
2.75238411702453,4.17455732018329,-19.95619320288,-18.3649791027557,9.83749269360863
11.1757669927131,3.1733453773578,-24.2684679450631,-43.4507090873305,19.8809009021859
-2.345416948917,-3.89817463872388,-16.2422670281796,-32.9921600607407,13.9598058725391
8.49316806235785,2.05968556423052,-19.2843283816833,33.5442228725076,-12.162738964827
46.7834518863396,12.6662715317032,-32.8418328112628,36.9041901556671,-14.6194437352183
51.539198903778,7.07082674768702,-31.876392403661,4.8782622644704,-1.71100415640042
28.9008091201874,5.97765296876764,-22.9197722224292,-10.1058617813997,1.77261777412004
19.7235433370417,12.4378491546538,-25.417598181381,-4.33502992016502,2.26897102953811
16.8067885629901,12.2547754776193,-27.1577663770664,-2.00457245589399,1.89809405744079
18.2104229986462,6.39965954342042,-24.8773465146156,-44.2785041476054,18.8805838468202
-6.10640199310757,-2.35877478265,-14.7666953858127,-17.6208722292891,5.40432034173672
12.3779943505247,8.60754890013949,-20.5421065711008,1.48851943994922,-2.63382131505331
23.7011426045384,8.49464385812912,-27.5754304631937,6.14765027006446,-3.97415547018598
27.1414626394342,5.86747769534718,-22.8920750610168,-7.10985914214254,1.93333561373868
17.7833275534023,5.75040805128098,-21.2219814423938,-5.38876118504314,0.122820919927073
18.7863824372504,10.6729976024033,-21.6353576841937,4.42005717115626,-4.90009122108949
26.7098950052126,11.7031357774539,-26.4322325416393,53.1888450127897,-23.9416052596931
55.2994759413127,16.5910847643467,-31.9677770253944,51.2637098124657,-23.4577590146836
54.8497675898184,12.7515730847197,-31.0732159107275,26.2554829686343,-13.4266034009123
40.6355349929939,13.5660176129104,-23.3310956479486,88.2590112212793,-39.0862174354791
74.8229528629286,30.5767308900668,-38.9982810551113,100.700892325727,-43.4668106518743
81.0672198399383,24.5771611392147,-40.6506318192377,80.5660116365863,-34.3979436593723
67.3860808769566,20.6389281421571,-30.5928258172995,88.4409962907725,-36.8496200962745
67.5910059748342,29.1015352880228,-33.4203888884246,76.2179885208736,-30.5654195659018
55.9377433359637,26.6886336905043,-31.6585777594769,83.1698881137725,-35.2905953684719
60.9342319629953,27.1648093693754,-31.6825835630473,109.51501232126,-44.6326299831449
73.9204555760409,28.5527795132979,-35.1112154839914,99.9811942275131,-37.3576317110429
63.0065824910316,24.3675665618144,-28.380035576245,57.9816601032461,-19.5442442444448
34.436219521141,22.1776205475256,-19.1291306450281,56.3233227746478,-19.4101496573996
30.9392373019825,27.6679841712092,-20.7855738847949,77.3362103279024,-27.3670518283604
41.5196594550023,26.5546245772788,-25.2147781310179,67.157009701025,-22.0724153690875
34.9753474963186,17.909124839291,-18.1645654370072,50.98961473164,-14.509297502575
23.6717409660426,17.7599315286951,-12.3522526941799,45.411178790031,-11.3793536836545
17.050154874396,21.4762807215398,-12.4380005806312,39.6881078057361,-8.93444601803791
12.2099811704889,19.9161353236016,-11.9272005981195,38.8205259626014,-8.56130037053605
11.7357248389847,16.8481080151417,-10.3504650052893,38.7157261805249,-7.63217189837196
10.8653447545075,14.8236638594254,-8.52474474990825,29.9455216553854,-3.22770937877169
4.46146652323585,13.8759394463756,-5.5911170098869,22.1915756178786,0.383444858062899
-1.43204449688381,14.2088659730906,-4.20978430253276,19.607077898263,1.28467375925255
-3.15216040441348,13.6508687698739,-4.28881163881057,23.0219742205716,0.0114142527070531
-1.03268331511338,12.4269820297544,-4.39435077164173,21.1754854393731,1.60811423412683
-2.63907105688299,10.3441602534027,-2.81038496865246,10.1970866329963,6.66452593925689
-9.88935248609022,9.11913599588848,-0.00595071930454694,2.98243943843504,9.75951023524067
-14.7131134616962,9.3831015701892,0.785969976392583,6.16766300673967,8.38200310104393
-12.6048870174182,9.3273848938862,-0.498572089430552,8.2430388458884,7.47791139846806
-10.496328322631,7.39147747983477,-0.479579498195017,6.85589214657603,8.79177255244804
-11.4301701858292,6.06028787623022,0.948556027618176,-1.28435427956148,12.4250327027128
-16.5626584837591,5.55317140587321,2.32817043823515,-6.96573495103595,14.5586304458489
-19.7375908363549,5.87752684291791,2.59077472359135,-1.65622033714873,12.7759941586334
-16.6939843009644,5.91007896875535,1.04390152044088,-4.99731306886886,14.2631887229182
-17.8684659978254,3.16501605976144,2.07744989783692,-8.26696031695566,15.7837813310315
-19.2202199103674,2.47009520618391,3.26612393506133,-9.2089080946282,15.9821675529586
-19.1694884578477,3.02615501217741,2.4616899864687,-8.29017403256625,15.6017574856838
-18.2811235497981,3.11177172015561,1.86249888974461,-9.81697132993448,16.8146190092544
-19.254936447394,1.76421767413461,2.14855390077135,-19.3241731990634,20.7769032435945
-24.4786801938976,-0.0763508531770011,3.95441790882687,-22.0621735765348,21.5492432417807
-25.1900251131163,0.147306370428696,3.68889977850771,-15.9802450433367,18.9403841090376
-20.6790957448578,0.442630479597716,1.68531731011125,-13.5562564743544,18.0417929825365
-18.2591228123619,-0.804058291756559,1.43803512738599,-18.4297577221698,20.5752254930575
-20.9634317422682,-1.9681103965165,2.75209846695544,-25.217563525913,23.1671569427742
-24.3968049042692,-1.86031051459593,3.19015882591813,-23.2534144737465,21.8776180552441
-22.2194008438455,-0.910135691429396,1.4864858851088,-17.0409411137136,19.5504895434318
-17.843509474411,-1.61087168533207,-0.0111541304634697,-21.5863207033863,21.4958316725027
-19.5702288063276,-3.75685367465602,1.30546120671673,-25.1692298319477,22.96799342991
-21.0937372880237,-3.36080518127721,1.74975594790673,-25.2179411653227,22.6107744749808
-20.3180166310908,-2.56131358626626,0.297786824237883,-21.4087815329923,20.8522088827048
-18.9523306417276,-2.61165304948743,-0.967728896411116,-52.4591880295176,32.6691202106268
-35.6157097999003,-9.014486513685,4.10376736622997,-53.9419549195282,34.2585750039194
-37.3865954831677,-6.84709337445025,4.77084715361559,-39.3297335818475,28.5522082339877
-28.1377427033963,-6.04354031255931,-0.228935510429886,-59.2515493237133,36.0885929442802
-37.2318370230914,-12.9421945976599,4.70053218781243,-48.8694518840327,30.1686289772354
-27.3953453842567,-8.80593716620064,2.07678896436913,-26.6014627529138,21.3213286490374
-13.5645562383176,-5.79613728150276,-4.29729403746781,-29.5878477313459,22.7758446154875
-14.039871628743,-8.54616604252902,-2.48400550732053,-41.4164635373852,27.4583790923157
-20.4974515895878,-8.40586656259407,-0.7264339445317,-33.6297809961074,23.7741245157522
-15.3823724066998,-4.52663408629691,-4.18549348043163,-31.3739606076236,22.2856767877039
-12.5634223053779,-5.89627373511547,-6.15974025379813,-22.7717270153788,18.6727812250901
-6.06499298537846,-6.07275115378446,-6.58879285636774,-22.5962691325875,18.4172338352576
-5.04414752938534,-6.24299012859464,-7.32777626447938,-24.7771090940233,19.098564357811
-5.72713805693041,-4.84571790454018,-6.91993253547606,-19.4881147796817,17.0495469790391
-2.89820313582365,-2.9587189444057,-9.38720434927452,-21.3354948260782,17.4686371170582
-3.20043168106704,-4.18449277630753,-9.23882843167271,-21.5205977875957,17.2097553280483
-2.46593880430972,-4.4520957456115,-9.31929505607612,-17.6557969199175,15.274822691976
0.560114491793495,-3.54274673145504,-10.4678461902221,-15.2788168978699,14.3119637163053
2.30557374465553,-3.10327197761874,-11.1966787331945,-16.2221089397923,15.0436023182664
1.44604633631017,-3.20074677459174,-10.8272515672685,-20.5899270628365,16.5124360248384
-0.751654090221456,-3.38186529139239,-10.4718777625737,-17.9652874291893,14.8323937098058
1.5996479045201,-2.30222703250107,-11.7246585444473,-16.9222450645981,14.2963476305423
2.56899313355643,-2.89324202088941,-12.2690422043877,-15.5967892619174,14.043954275899
3.32177764794701,-2.930766908627,-11.9708732049952,-24.3392728757528,17.6701404407511
-1.95383801318183,-4.04777839190156,-10.6437567046311,-25.025048106802,17.5528842169717
-1.96041770470222,-2.90489507997662,-10.7951660989769,-18.2173041751011,14.1970358479825
3.04942301164952,-2.10082489559543,-13.4019728711922,-20.937976609808,15.2819654674758
2.03722923307357,-4.08830641903391,-12.1883914869996,-18.7375285224599,14.5325538600006
3.38653574975024,-3.04240900664705,-12.2189785550689,-21.6653556249852,15.7173928346512
1.54306632570712,-2.86909111371812,-12.626121105591,-36.2509256877149,20.8184421685942
-6.17942778744522,-4.69161956084316,-10.4373549241048,-22.2913804927472,15.0162269975987
2.30396659388183,-1.53135204963835,-13.5901156679235,-19.915645695579,14.4638726621708
3.78513331956448,-3.80169057774531,-14.2132048931512,-29.8217106717286,18.3032935516894
-1.23223828601609,-5.55651511206429,-10.7115603440671,-27.2900225617731,16.2674678412175
1.2409670879907,-1.34819931032863,-12.8405826480551,-24.2024277030461,16.7156416800855
0.70219536764033,-1.26189634466281,-13.363505648668,-46.0217401490934,24.1507272688014
-7.66643019264072,-5.69377396926457,-9.42952194733186,6.34012759000331,1.80621683301288
25.2517889911555,4.73176165368028,-19.430956207666,36.2494124519656,-12.7520924931
47.3469901137897,4.65948085708144,-27.1452189521783,21.3134599997594,-6.0318753890837
38.301603124792,2.1257312098677,-19.5723636081638,43.7173241856014,-13.8296108907415
47.5780206078965,13.3905315129627,-25.1908782226113,16.6914034259269,-2.13375934961182
28.4156197110705,7.22870566517028,-22.3627799123346,29.3611328079736,-12.3686969535457
41.6138789181562,11.280658845362,-24.8331228546615,99.5041226910139,-39.3730855989747
80.9397039179398,18.9967894668119,-38.941541244559,85.4736965972996,-28.4820181245223
66.8383718231813,9.99265947795444,-28.723743786363,14.4303487254848,2.83803245430598
18.69682696803,6.88093007446369,-12.4015446046762,0.317667472390327,5.43284935107178
9.32575118382569,16.8151737912441,-16.5901731295739,43.7491769352479,-14.6456891080576
37.0786827662684,18.2292443231348,-27.8330995644314,120.113647016047,-43.5909916638768
83.4419522641749,16.5553200218908,-34.3359735479286,69.6129820250468,-21.6278791288556
53.4410991752957,3.83714298847288,-18.9502357987162,42.3009368035116,-10.6866170064821
33.2928258408389,17.4422549287783,-12.7364380292403,65.7990782378063,-20.6085643772661
41.9695417944695,28.6288963920631,-27.4390815894802,66.7632405482041,-19.6900304488711
41.0585820309687,17.616987716048,-24.3297280651521,14.1235668287079,2.45484789689134
9.80955353654741,3.01781455204679,-9.91491653163245,20.3993577769083,1.94676918885596
9.68550477113604,11.4273527807047,-8.45203834992586,17.1154002871545,4.22414658858717
4.93548142493083,11.0821297597696,-12.1057512404578,-6.90116559618381,13.0802629878839
-7.50674752142993,4.09504894142429,-4.17292687736079,10.7861003631126,4.69862752684945
4.93227580364446,6.9170082400243,-9.35132715340844,6.94336601202965,6.89001296937854
2.66751750830817,3.2000372298395,-7.44961437404869,4.84282973146883,10.0418916230571
-1.09585894661757,3.5081829313176,-4.52985710280266,-15.1480034483045,19.074295280096
-14.6908232489292,1.96039139407385,-1.7399735708563,-27.7578990634432,23.1756609261793
-21.1476748756033,1.45396164237441,-0.298221428070258,-10.7993531668941,14.829291432945
-8.62207384301814,2.7759200985037,-5.30872900820092,6.66968915441562,8.23945735347602
2.95290817082727,0.875236923960358,-6.97462514847953,-1.83886287491448,12.9428097368533
-2.42120353019929,-1.61863164673694,-3.17124245251768,-18.1551297801173,19.9876256952803
-16.226284988935,0.354883987009945,-0.531698358854032,-67.8530692083786,37.9899324216187
-44.2372476137061,-4.87313238403698,4.64319256972134,-57.2898152434829,34.3380459566251
-38.7773512189343,-2.39583791605421,2.2497848854167,-24.7483703380062,21.9599810383489
-18.160803622071,-4.63910333897187,-4.27309552323285,-59.6215599533459,36.3728979999785
-35.8579533939694,-15.9442598388603,6.57380935401925,-57.1009620142025,32.919439085887
-30.4562958399456,-7.5131906780469,4.78154066928157,-23.2275784539809,18.7576874440683
-10.2037252912719,-0.222316255526851,-6.82729929432514,-16.8015695774078,16.3757010673934
-4.48630566229636,-5.11892658481274,-6.21202857584248,-31.2532894844819,22.7985026903657
-12.5480425732501,-7.7693195295999,-1.84179270086317,-26.7474158653721,20.6293081986913
-9.84611408539622,-2.18595650851648,-4.22262795506378,-28.9589452822758,20.5874356727845
-10.044879218191,-2.02252859679461,-6.88535328291227,-11.5758156269591,13.0348702156314
1.79232598882025,-0.883711914596149,-9.29105033255206,-5.49946620257561,10.55377088208
6.42179813667932,-2.53844160433012,-10.7792106655119,-12.5176431864932,13.5660236044297
2.71553996370113,-2.47044526735287,-7.8004832898057,-9.09940987699415,12.37145148838
3.70438791048185,1.30203393050807,-10.3051059123303,-10.9969652047479,12.6514578892188
2.88663480269299,0.953901906921672,-10.9310171120553,-9.72321935387382,11.6746115316834
4.50072237763206,0.00729619617433075,-11.1283371849731,0.364498322755321,7.42947745422096
11.1109365215759,0.943621401670806,-12.6726021616956,-2.10574189469781,8.48079595230267
9.75531051861201,0.260079652446274,-12.0160560254137,-3.14193412939489,8.98867925969455
8.75697696852606,1.67965168406664,-11.5054110748325,-5.00303019556081,9.41164186835491
7.43805773965004,2.19796895995194,-12.4477301661784,-4.05721342228565,8.63436753218388
8.42715206542044,2.00791270673288,-12.4588982051165,2.55797253559294,6.07445533810915
12.3210538497714,2.26498759754279,-13.6098231375736,-0.213573107960633,7.27028760199717
10.6592368162497,1.31828123300245,-12.4442367731078,-5.7776469543851,9.39616921695296
7.21934706254147,1.63669753051643,-11.3824285748177,-0.10626922706028,6.94255815210444
10.3171786608092,3.5972690393545,-13.065116263831,1.59494643006256,6.11981236749571
11.4719740609012,2.68422849619978,-13.536260414778,1.64828556820962,6.10100664396255
11.6926750209826,2.16047297199057,-12.5955526199646,1.70745787640288,6.0779298806839
11.5529707469401,2.82195485957213,-12.7607813917633,1.98341530828279,6.01166083413119
11.3251228956797,3.48318444575011,-12.768252720607,3.88809026002312,5.18660897148169
12.2672997817526,3.81159085579193,-13.2899345382971,2.91158368238502,5.45557798437845
11.8473700539534,3.23786822821957,-12.8667033958916,6.90808943984316,3.77791100180784
14.1655484127739,4.07512702078045,-13.381357331902,7.90304474671963,3.42536372239119
14.5515201993199,4.15253142169642,-13.5452547136269,6.36044137207852,4.21613429569581
13.1977455001898,4.104982736967,-12.8110349538463,7.49683062357023,3.62731410260161
13.6535659434012,4.81517549545433,-13.2113941489189,8.12726731043331,3.36732301112543
13.7749906672675,4.73293305254948,-13.2835300810128,9.2049387757293,2.97477047217298
14.1915819236357,4.72564043835219,-13.1134168038571,9.10406256789005,3.20700013616326
13.6556702989196,4.72988302909597,-12.823438541109,6.81887423398927,4.2151342025325
11.8107118655675,4.44853994040914,-12.1887566851278,6.31243330424099,3.95683386005659
11.7772470129599,4.7715106880827,-12.3166885137901,11.9833896616279,1.87849692791763
11.4698259205999,5.46392240510737,-13.2089090796379,-44.3152632840703,23.2470428718548
-20.4460884815585,-4.6702913690265,-3.46781802088158,-44.2482574256792,24.5164051168595
-23.0847206108167,-0.0183320853679501,-2.57531223932891,-12.5731325375883,12.3681023543702
-2.14622506959334,1.60094091036871,-11.3101585944929,-6.85376329380121,11.7702325657075
1.74349830799071,-4.4065688395042,-7.28223841145027,-3.02273332916782,6.76127776444607
9.69774056526035,-1.49452157361542,-8.28762939621989,-1.40223396126005,4.92150563159203
10.4991065539203,2.98887427137384,-11.213120608356,26.8516739805076,-6.36683799447056
26.3236043298754,8.77290103249418,-17.1869406973613,3.88905244769789,6.07874824666017
8.5410304529256,1.05796280347478,-11.7090334229713,-16.4011121139735,14.5340198838505
-4.1976180714216,0.906481671281061,-5.4128411388808,-28.8514651709175,17.8135856014798
-10.7434273128657,1.65601984602768,-7.87759939693568,1.58146554502363,3.84775695636358
9.99492126210409,5.00740903720908,-13.0988383915954,13.8002636649291,-0.118299578077349
17.4578403565324,0.742284908802737,-14.7677890039285,-0.514224242728176,7.03489669317437
8.25917968896058,-1.15908551495565,-7.36169899745626,-16.2288404184652,13.3790316711074
-2.73771184098174,2.54661947739518,-7.58351913553652,-18.5061699236876,13.1183803656098
-3.86757109593558,4.42624831606086,-9.16816534753088,-2.87542464603031,6.34224958458148
6.5775222394287,3.24104509561988,-13.0144056868932,3.18839690791549,4.51524433023251
10.9584127259588,-0.210698672716065,-11.1641259374481,-6.46445028596415,8.89794756223237
5.00809675970848,-0.495935952346909,-8.24686812471183,-12.2861011456664,10.823443039239
1.24690939978836,3.02059400128018,-8.53645754009298,-8.46955878432969,8.69699266058282
3.42219102181479,4.34196147110674,-11.3826999742355,0.675524933152861,4.94547982170544
9.6029029245479,2.90874559878288,-12.2915646264234,1.65026587329553,5.01705929008623
10.3416808125686,1.09273936500772,-11.1501527003049,-5.12848480739359,7.60117721091984
6.47304434543495,1.69071419597536,-9.36667265768873,-4.79247627845415,7.03610313980995
6.57547772646217,4.30427278528906,-10.8302894635361,5.71520784018557,2.75106824719655
12.5560218684034,5.47487728291691,-13.2485799289444,4.64698124903293,3.19176998891707
12.3700732923814,3.02048949708439,-12.3557601406935,2.3827883072647,4.06778640727812
11.1538611195336,3.25317745106357,-10.8320167022336,8.21911785562799,1.59669337218163
14.1856755148727,5.82344242254508,-12.7460720625451,6.9583757577909,1.96042351913559
13.399276668027,5.39595303221882,-12.6331308948613,11.5440382999094,0.141860835801496
15.8965492456836,6.00953853959,-12.9757362273072,11.5985260351596,0.0450890917834038
15.8120972158449,5.6853122504716,-13.0030531254273,9.68029529789264,0.81953081291502
14.4522039720958,5.01382567334127,-12.0316706697164,23.5934322585709,-6.22746026149634
24.141053897913,8.15170200492692,-15.4486426851472,38.8713762010897,-11.5512553615925
32.0195747338494,9.23053848179866,-17.6959546450659,30.7586236438854,-6.33837900740377
24.4511923968834,7.22684779612581,-13.8188742628996,10.7456143722624,2.3529120193935
10.5298304595024,7.007963764539,-9.85003591097676,5.89774426903303,3.07350801170785
7.79541285926948,8.27893832245385,-10.9058306852872,32.20504107987,-9.38097499275072
25.6469759176661,10.4652504139642,-16.8072556320696,52.3933401090201,-16.2877179279678
37.2141826478702,8.49288008193064,-17.9798636937757,36.2547970177761,-7.13152860126871
24.4012301036812,6.06187109501212,-11.0187936566428,9.30442751604589,4.77135132342918
4.97331420492112,8.17406450332688,-6.64543959134371,0.431832812277871,6.62607258489329
-0.170807995189454,10.3750874830283,-8.527378425025,27.2351855448167,-5.24832044933602
17.2212721270484,10.5106678559217,-14.0422309869752,38.848906264265,-9.28580410660179
25.1432698184916,5.39329511138438,-13.0595159468451,23.5330503228008,-1.59064125112778
14.7357089265016,4.01295867042015,-6.5741504858941,13.0995073503828,3.40139756403933
5.61887715398792,8.97157436900056,-6.12094375680747,6.08005404735131,5.42727826109523
0.944366762345246,9.58879113141185,-7.55739869813043,16.3794371616283,0.697309897276891
8.02842328408597,7.81189686910068,-9.08316474426258,28.1923381361189,-3.72612926064379
15.7970803871488,5.61862889037536,-9.43108574555674,18.932419082121,0.850655586088595
9.79299293740136,4.24982165761167,-5.64070514888361,11.8012350165895,4.3296706017077
3.75166906688723,7.23642400283286,-4.70655552355506,7.17448178913005,5.82689839736807
0.45474139325782,7.85781791139054,-5.84783790860369,12.8113079160297,3.19836092659761
4.37595513118139,6.79799463508018,-6.66125143945124,20.1405999878283,0.722643886597763
8.87395165260537,5.22369954450467,-6.86879051664974,11.0773340850338,4.91227340396087
3.34231339080568,3.60929455528285,-3.80307375168375,6.98643827479316,6.78948189481411
0.0363461355079404,5.73930890707363,-3.41536987425053,7.29656436252975,6.37688742423434
0.0122873298727071,6.39206093614982,-4.91289958500051,9.38475947315601,5.48299657151393
1.68511093243185,4.99315407466359,-4.90617815881852,12.7479881547206,4.71327137291521
3.46843799384102,4.1112586861861,-4.57361353349594,5.14339870095781,8.08326365572203
-1.14761794216509,3.13389846603064,-2.70331760309303,1.65513645218328,9.51214425674717
