u_q_m30,u_q_0,u_q_p30,y_q_v,y_q_delta
4,4,4,213.527745560991,-75.6306799475329
117.78121576368,38.0678748675696,-28.96935405546,29.123175031084,-14.0965097209563
25.1094664331273,-6.85486351107196,-1.1053746779936,4.48410297539335,-20.0004907638326
26.5746242389307,19.0400916193317,4.77706837975198,255.995203074633,-121.567069831305
167.993437568612,63.5246928214089,-66.0257752296016,239.083257330719,-91.5407458201679
133.355814642701,21.4617267561758,-34.3901802823853,-43.2525611188936,32.588547908792
-49.0160638193614,-11.8534723823486,34.8162650392675,-148.3861134291,63.2981213282202
-110.408832883648,19.757828164224,33.447491423174,53.3754358429301,-32.3593766168425
23.0830260132962,44.8645129855668,-29.1818854034589,197.57940516126,-87.0938750600152
118.633192506913,9.5587649773222,-35.6642947870145,119.457337750446,-43.373925391204
66.800214211344,-15.296918929884,8.69932761677014,-32.7383321906128,22.2787383239482
-38.6845046857696,8.11385084634073,32.3644646736513,-47.6126302814649,21.367808119418
-53.1912621182276,37.9438424370777,9.08889857024085,50.0179655310801,-24.166615496899
14.1568557624106,27.1349636630893,-16.4372585888497,131.165301920491,-53.7647647581867
70.1140048363342,1.26502227484218,-12.1259331795099,80.870335696307,-27.7498667567909
38.3423409491711,-6.22518214161767,11.9514292903985,-0.543411047894157,6.54128882661306
-19.2562061885906,14.427315269648,21.6519704768447,12.3407872613283,-2.14161769062034
-16.1683305059255,32.5415181681337,2.8871224161081,56.8251504554041,-21.9127823008232
13.8267275687531,18.7957903539165,-6.471983715389,74.3141874200394,-27.0356801393315
28.5026011746186,1.47776525323489,2.88422943197444,44.225956135146,-11.9656044146989
8.51040183730386,1.96529607500424,14.4249120244761,14.0920484586804,0.639414231370738
-14.3054184793307,14.3518869125561,15.4055027933357,17.8539816170098,-2.35381937991283
-13.8384710802102,18.814108188259,7.58716024487775,38.3496435084834,-11.3491018389902
0.697691878368245,10.8901385372317,4.93880845562059,42.8714268549749,-11.9700153336439
5.12452765845875,3.02399239248426,9.74541577272912,28.2062625804867,-4.55228573978919
-4.8873189371783,4.40938430224014,15.0983085478554,12.207111337877,2.0461925515676
-17.6565225117943,9.54247798984344,15.0627962628644,-3.51284354956706,7.09552281987475
-26.6719963845822,7.8787923022758,14.7035675701475,8.86711225917469,2.40392048602933
-18.8183429309026,5.31579697196482,13.0480462727381,19.222830758221,-0.820734913094186
-11.776553961049,1.59611424298479,13.3052418492583,-3.65228550038592,9.17836308176923
-25.0696573097431,-1.98650961036506,19.6260052482412,-8.52238206698505,10.3350578080596
-27.5273787146672,2.95008332383107,18.6806378429261,4.23661732221804,4.58923487147412
-19.53154784015,4.9642211683643,13.1368024449878,11.1270954230934,2.00126346473318
-14.1309244175369,1.1496567060942,13.2524831741772,3.98360144719503,5.57575684573941
-17.8908010225433,-1.56242900679843,16.2017752258587,-1.59493574465129,8.07046219661022
-21.4489706635343,0.555580460311858,16.8844731023135,-4.24968039421263,8.75768314129255
-22.8650391179768,1.78351991109023,15.1285050330206,0.689364929204277,6.39564746542395
-18.909854640949,1.08784453650478,13.8056894316955,5.25566056782275,4.725574213884
-15.2953511177264,-0.64482125349566,13.2849226839676,1.61714070696408,6.60241096477221
-17.1445501400327,-1.59430582707961,14.8397185678698,-3.98775626668243,8.97935378391686
-20.5113764273997,-0.747061196231632,15.1149891147749,-4.77223557621804,9.12074449856889
-20.7666733027233,-0.0394977936609484,14.088276476804,-1.70203693385557,7.76919753555089
-18.2285602582649,-0.8373025766787,12.975217412874,-0.266305075414295,7.40288690353209
-16.6792082862949,-2.17589763733175,13.1990750948324,-2.49133000456657,8.51618897484787
-17.7159241223851,-2.51070692235943,13.7403102960732,-6.28910321781926,10.0378223623628
-19.7012102947202,-2.13301190772813,13.8352822419884,-4.77825383198601,9.41115721382865
-18.5429569209088,-1.58549887989779,12.7344013672395,-2.85600491112177,8.64970705182501
-16.8858479730608,-2.39063283217392,12.0597851198197,-5.33515479907144,9.68825865411806
-17.6275089461947,-3.60667540567695,12.6965109965456,-5.34953167233024,9.83029410203772
-17.3993920829649,-3.1451650048203,12.4837231397155,-6.49841429407769,10.3346807682876
-17.7883065252877,-3.12514917180748,12.0242266180428,-7.31838278421427,10.6830663082703
-17.8233494408426,-3.47782616453473,11.8870146055004,-6.65408578105465,10.2779515800131
-16.7192491065237,-3.78358431880702,11.3521258763486,-5.50189721250033,9.72112057331191
-15.3061881738772,-3.95651071748097,10.9152775421156,-4.63884920885565,9.40610820476433
-14.2898536032763,-3.9296466451818,10.4878626489796,-5.26352842179418,9.77480451278621
-14.3858293650773,-4.00661010159701,10.3422837008602,-5.61599891589033,9.85503407543655
-14.1507359939417,-3.91965061131789,9.95701502842441,-5.3328445988261,9.6737606879486
-13.4737801702183,-4.00368464433609,9.45866983429704,-3.84792761969676,9.08659975018614
-12.1396900784483,-4.05280130752385,8.96710112087791,-3.54845768912758,9.03865045925787
-11.5902837640254,-4.25121743920686,8.71761795861205,-5.19615210372538,9.70829482537111
-12.1374705581481,-4.49952013584081,8.786221677494,-3.50930088632242,8.86239043555318
-10.6329023654656,-3.94339690136582,7.97891124950291,-1.00112474596704,7.92941692106784
-8.84851129502392,-3.88425992626139,7.16226325746604,-1.72190912384575,8.49362282253927
-9.18864129246223,-4.45909718394575,7.41609159245832,-3.3636171065706,9.16147112713788
-9.88612769544374,-4.41220653996914,7.4875032187601,-3.11859538696811,9.05951525298886
-8.3762826489554,-4.10387051589041,6.94199261587716,19.3169146644803,0.69461919460988
4.43682346643951,-0.750623194113985,2.96092602390245,16.7424713824904,1.37573138548379
4.1039891006593,-3.1747670653768,3.25093891063366,5.53425522294274,5.8846037762284
-2.48170802976898,-3.37810378000888,6.24072768892834,20.2398090490007,-0.220837599366964
5.6629676828568,1.60207661397423,1.51954027339214,18.5409607417969,1.53911983309586
3.32866862037892,-1.15221534577948,1.86778367139029,9.33593834960561,5.70684298473495
-2.31001987904538,-3.16287126695344,5.2073584152464,3.60396965899251,8.10942383990858
-6.17505360753976,-2.55781617334937,5.28703815355188,7.79506912502764,6.36732214294249
-3.83042300331309,-1.8060618350894,4.03198788926675,7.49937273778799,6.23878889790845
-3.24569094673422,-3.52091279171904,3.76922191482505,11.1925428358351,5.53025542357126
-3.30232607359108,-3.58153326614389,4.35047871104983,-25.75077473338,20.3062676333245
-25.0337646630385,-9.42138960331485,10.3003385497054,-35.7399795398245,25.3231116436661
-32.7610013047633,-7.52995568604332,12.4344520720108,-17.1716807403177,17.9029563866919
-21.5401663097415,-6.18416250290189,6.23771925156606,-37.6831640611419,26.240176558938
-31.5787797252403,-15.1371416288377,12.1015246074615,-31.4292355489741,22.7957360499604
-25.350722809536,-12.0993750413868,11.6561420421382,-20.7138437958703,18.393788656665
-18.4802291899977,-9.55617234618645,6.84939303077438,-25.9952011399096,21.0317849314202
-21.2172107099813,-11.6060905245772,8.794360537936,-33.009688559351,24.1877840071372
-25.2589082910155,-12.036010671439,9.45668399373552,-33.2216385026021,23.9314897067917
-24.4955009458565,-11.2636677596831,8.28480479622074,-37.6625053531596,24.9865788822008
-25.4061618012235,-12.8056962481996,7.75473859596659,-26.2133883809087,20.3217622477057
-17.4661642818427,-11.5116910084118,5.76225557482361,-30.3985365823285,22.4496558909882
-19.4974364603067,-13.5844382375116,5.94123666875309,-36.6172504584552,25.1613626721482
-22.7439788792647,-13.3723554615758,7.74190159171489,-35.8736816120885,24.2783053550754
-21.3888152616693,-12.0046110469029,5.15999113116415,-32.5964133137004,22.1508922872867
-17.6076021715601,-12.3578305702024,3.9103687302523,-21.6671805051075,17.8013332032455
-10.1200175235767,-10.8586804919051,1.722456717299,-30.7012847897095,23.9826173613769
-17.9020673912117,-13.3198446769644,4.74569779975296,-62.5145886195153,35.5927998585986
-35.0027278404509,-15.8477937903963,9.56946681375656,-49.9209852340056,27.2862593258301
-23.6166217897314,-10.3987583196983,3.55274200554316,-1.99980797646397,6.96487945231621
7.55381152919638,-7.27249889546574,-6.97711667462774,-2.05305091045881,8.4843891967523
10.0097100217345,-13.7165694201382,-3.16822672273943,3.38737103532334,8.26648645332899
10.9489065592684,-7.8048998469998,-1.51734972966388,-1.39675013379988,8.4795911822878
8.53373399865804,-2.86894831763888,-5.6761499364187,-4.64743667700418,7.75383817605054
8.45829532320769,-4.05902684036963,-6.79384637706433,52.9717348619411,-18.6005169925361
47.0305193450271,3.13455209428294,-19.050091668202,80.0716202658525,-25.8163350461349
59.6393959205229,0.603198293059594,-20.6005830274547,37.0109042500511,-3.7891434353461
27.6388875394467,-3.61031709212175,-6.63199698191957,-18.2098424693685,18.8257880942857
-9.73565679291686,-0.594323698172941,-0.0844960960958918,-7.71836854498256,11.0008427884259
-1.80616390874549,5.27326777837488,-7.52343469338999,75.231658173958,-23.3710062657981
50.3981992381473,7.30383253070704,-22.5583779053965,68.554939030406,-19.8982109166244
49.636613831721,-6.58569500262117,-14.073791804732,36.8317377658346,-5.39274212445581
28.0329743508438,-1.73461743970364,-3.18244100120559,41.5438028513442,-6.28745042489675
24.3219092255617,12.3387939707031,-11.1134796906766,28.940168441802,-1.15789839487159
14.6951205587247,7.33025689262278,-11.0229244298498,29.259063067096,-1.78855859029799
16.4381043813848,0.899500765210589,-8.29897618018502,36.3034812793809,-4.41181762563779
21.3306825329523,-0.674790758416195,-7.67417532496139,33.663840876565,-2.07506188991554
18.1953836962243,0.49701244726187,-6.7242284581619,-35.1240667184887,26.1123945454607
-24.6422252531647,-7.66437446385805,4.9005739024888,-16.7360290527851,20.7150134641213
-18.0108218514232,0.855567819637864,1.57067396981454,-15.8280289576406,21.3352407979974
-17.902673893463,-7.08168983316562,-1.4872928514989,-39.0036474249818,29.6875902387892
-27.1313578126312,-15.6888498248152,9.02240549818763,-21.2128003756102,20.1833646389752
-12.8474452883582,-8.78820987472306,2.41334626203922,8.85677447799843,8.39121294962174
5.2111404436767,-4.28233152729871,-3.6887153416116,1.79023800567638,12.8259804795011
0.0369540281156171,-8.30534887106558,-1.31712573400317,-24.0249762668059,24.021904007791
-16.2305948416568,-9.62731111900905,4.84376925950457,-20.5929081111952,22.0637655130986
-14.5199834749798,-4.9357104832848,0.708327053732637,-13.4574911950515,18.1351531988296
-8.38384254466061,-6.47814473789418,-2.12635878061169,-4.86517075803255,14.7102328581016
-1.64854905819465,-8.85639548402602,-2.01914159697537,-1.45212084352855,14.183607326364
0.301912046573591,-8.55482660387602,-1.58227164959966,-14.5717782466635,19.9220524750732
-8.16940673485284,-8.03452694051438,0.410866252593537,-17.1399198627192,20.9458141453251
-10.2883016295095,-5.80988186326996,-0.600065844141028,-15.3365488559094,19.5740100467653
-10.0947731164441,-6.86942745454067,-2.56575048839128,-42.6759032856058,29.2714968105503
-23.5520498979148,-13.6194084311824,2.66535694963471,-32.4832879515667,26.9415611474077
-19.3544898778508,-10.3487606710272,1.79930782470613,-29.8286666488929,26.4795721297134
-17.6832988191686,-11.4371134992457,-0.117297639640261,-55.0519780269885,36.2775682939924
-30.8957477275028,-16.4514718355042,5.71560495905732,-39.743572903539,27.9366224522804
-18.5804275769549,-11.108076678134,0.588087634592083,-20.3066029136024,19.799134548805
-5.38208724824664,-10.4714078832988,-4.70120254046496,-9.62179285951685,16.9184791939354
0.891503133661513,-11.4380974027399,-3.87748340901705,-33.2856113938055,26.77030966267
-12.9643671955565,-13.5818397041494,0.056320358226873,-36.2765904223129,26.9992874971095
-14.2668016149694,-8.78687674333244,-1.00605633911414,-13.534695721848,16.6895557511199
0.512914430350358,-5.83414859049507,-8.84534260579753,-8.30539115637145,14.6231969414036
5.55210251837694,-10.2207829172525,-7.80744388847497,-5.66070360345221,14.561971059359
6.82580725643828,-9.6415308650455,-6.47478016711233,-17.5384561690457,19.3123903963917
-0.552222928552657,-8.14390070870481,-5.57494443069191,-18.4299593251254,18.9676518277494
-1.02579168166852,-5.38271400351783,-7.15027102819021,-1.87614460049363,11.9341904939044
9.32144959966532,-4.36636530546633,-11.4493033633786,-4.05277441277681,13.0111080638698
9.0649088381082,-8.25205479339802,-9.60298227480826,-3.37334714777061,13.1816038102731
9.26962173696933,-6.7472694017443,-8.44097597873344,-7.7319024775091,14.6961852399602
6.34394847512399,-5.06050888247623,-9.382346987511,-8.01884155529445,14.4370296853528
6.33799943555297,-4.18641356082553,-9.79558212877854,4.52326574108664,9.59454019477001
13.5940080713441,-3.38387610332789,-12.4466186752908,-1.30964265819297,12.0477247291469
10.6668002992175,-6.18281291802246,-10.4497348453169,-5.50328486383479,13.7605215301307
8.07382029296942,-5.104455516509,-9.11745012586835,1.23165082720221,10.9092231679614
11.6431973514219,-2.38341138763334,-11.7499034019308,-0.108778034749709,11.4432492012154
10.9293091547975,-3.67540911452394,-11.5277607888297,2.80276313369323,10.5647307887701
12.4652553700839,-3.61246053538402,-11.2400174548447,-0.624727090660763,11.9677198512452
10.3779244549742,-3.99806076646606,-10.87047442341,-2.00731210665119,12.4703261881072
9.41428791855186,-3.17781872360711,-10.4432071675985,3.83317512580151,10.2937650136134
12.4046205704965,-2.05874344180928,-12.0720534742675,-0.651126329047235,12.1571676225674
9.83683346019513,-3.72182541440533,-10.8400760863557,0.140940202772717,11.8698607268478
10.2501993260091,-3.02025892796451,-10.6406804479516,0.766274000495534,11.5484514141811
10.5196314498873,-2.61834948062047,-11.3449460398894,0.117914510578364,11.9207047451266
9.94263497427479,-2.75073208272329,-10.8811013671702,1.68742033573138,11.6058105881699
10.4058162207504,-2.49585340379284,-11.1313399297307,-3.34339997186499,13.6641948043681
7.39015936478256,-3.32824330500179,-10.1435062957357,-3.78578871118055,13.7727219236325
7.10125826795003,-2.78963193282942,-10.0796160460792,1.05848237468011,11.7960023876286
9.97307556477074,-2.15080297591127,-11.3467604604638,-0.540396143471851,12.5032441363945
8.90655905335595,-3.18398776264699,-10.7264356680762,-6.84827475800376,15.0422397770691
5.1841269220858,-3.77229394272748,-9.3634179581915,-6.95957058418634,15.3423173486367
4.43646592275787,-2.82650297863252,-9.70242184374706,-7.53351705168893,15.6407615446878
4.01594390879418,-3.39382922162628,-9.93425752755659,-10.7506645289441,16.8543622395175
2.51294446357213,-4.54481289439959,-9.05717372522503,-7.27492530050043,15.3650799948645
4.85115286683339,-3.86675853041995,-9.75015419324179,-7.83045296979082,15.6609267374856
4.61415617146008,-4.2021205198579,-9.83459652812427,-8.91397446310226,16.2687709208656
3.89370285299974,-4.12929887708082,-9.37602841385688,-10.7416600313317,17.062085164131
2.77626123338043,-4.24518666604083,-9.48360702737213,-10.3794909085875,16.5908575853306
3.526815710078,-4.0895097445092,-9.77252583917296,-6.35709655071611,14.9694268051252
6.17494937839156,-3.87575592614315,-10.7439369763542,-4.99142631471802,14.6187541648803
7.03197649327904,-4.11496391512753,-10.6913533823244,-8.02813193846596,16.1045614932736
4.97875607813106,-4.26422243012,-10.0469356096427,-11.0457949004043,17.3783726391437
3.05399018797367,-4.00319166813097,-9.79753493254628,-8.43924045426237,16.0693451152606
4.89561000361008,-3.39732074542369,-10.8781375273156,-5.7199075275515,14.9190713493604
6.91644010695552,-3.85518917608023,-11.3959910062724,-6.0426655428667,15.3112822688613
6.71998848090418,-4.33802724907571,-10.8829862911047,-10.2586377356723,17.1338630706516
4.06929228961366,-4.35427969696718,-10.1954277386902,-11.9878846145601,17.8442319501825
2.92384211131519,-3.76973018437582,-10.3356735148239,-9.89755065354458,16.9811752647956
4.23789444525558,-3.68459257378576,-11.1625297647044,-11.5132185677291,17.5676623679901
3.73245533661341,-4.84354381198801,-10.7148157126342,-11.7682877331353,17.7071655022061
3.85267886781571,-4.76032635317081,-10.4945391170232,-12.3981578396375,18.0877190201053
3.38465808381657,-4.49110223333317,-10.7004541015581,-14.1182476688623,18.8445428690728
2.40862718660528,-4.6173655088577,-10.5135428689321,-14.7002106509827,19.0152776908092
2.29353673927538,-4.71899667948967,-10.7417574338513,-16.6670336967249,19.7457222221639
1.44635331566291,-5.27089135124771,-10.5183279007446,-15.2707975804983,19.3068114718649
2.39382201390426,-5.01147144170335,-10.8126791438854,-16.7831457816249,20.099915262997
1.51083134840076,-5.45251191846572,-10.6824760196204,-19.0599673366088,21.0382235278052
0.335013631747563,-5.62111215414243,-10.2592299656687,-19.1698060598437,20.9179321835123
0.673093533889949,-5.37563724434768,-10.7818252206419,-18.1014850411108,20.5075149562125
1.57322449936646,-5.47169341202638,-11.1265922715085,-17.5175232171481,20.3592337031819
2.1805308120977,-5.67462828803,-11.2523179467431,-19.4119460316128,21.2273644029301
1.20648375513308,-5.91150447489291,-10.9421548106554,-20.174415783176,21.4356058612965
1.03994705467011,-5.58223301346813,-11.1569800546186,-19.0084744328341,20.8575883261395
-0.534739975533725,-5.32610615894904,-11.8104663036215,-62.7614927520981,37.026878788389
-24.4092885106229,-12.784778557847,-4.83902967993777,-57.9479932534453,36.3879649608721
-23.5248294182125,-8.84192433539528,-5.30038651620471,-36.5417132413359,28.2289045254526
-10.6162199416386,-8.64094279149033,-11.4688757016162,-70.7903070721226,41.9141293231556
-28.4455397534424,-18.8227712159854,-2.31064605991696,-59.1504321978071,35.0645811288897
-18.0563116334686,-11.9177411033906,-5.37912627896277,-34.6504229419565,24.6593269117771
-2.60219573602983,-8.36704057180615,-13.7477124845831,-30.0910100463267,23.3084947686103
1.21763857229253,-11.1797750223253,-12.0852606186635,-44.5757246360121,29.5814261713519
-7.24724455868212,-12.394070178168,-9.33758954057343,-42.8140251993898,28.3113181451507
-5.99298946358443,-7.92028958304267,-11.0262336818383,-36.463028359389,24.6760186551515
-0.898377501701301,-7.12021708182109,-15.1211940385598,-25.741973186028,19.8935614048046
7.12596620104243,-7.93657775175402,-15.9332457872946,-20.2675709570504,17.8255169599529
11.0004159988938,-8.06711450394167,-16.7436719567305,-26.2489681532834,20.381806550727
7.49962627629999,-7.21979917697105,-15.1377568299954,-23.9147800326967,19.2345088003691
8.42748172909025,-4.17433951237713,-17.1366849166181,-20.9694037482947,17.337754075626
10.9893819870639,-4.04990660839208,-18.733083363668,-14.3631249587582,14.3386346399741
15.7124855774725,-4.29959099853967,-19.5666876544547,-7.63023038815447,11.6944809459796
19.9079134517357,-3.61458952550677,-20.2786829979715,-13.3717706095282,14.0789862693471
16.3253750477502,-3.60431400281007,-19.0876849815803,-10.5889586727568,12.7342399423752
17.5838371221151,-1.0461394626322,-20.0519089257153,-7.69203261688362,11.1251395360843
19.3824074806251,-0.729640319065505,-21.6549589337481,-5.4925980297093,10.0659323050655
21.0914399489915,-1.25639101657349,-21.2314289005265,0.508891562342963,7.84699394684736
24.2536842278635,-0.213177328800676,-22.0301399489146,-3.05675469910972,9.25718590299394
21.8552319467057,-0.307884864528024,-21.1494772736542,-4.68378194905381,9.61792892142501
20.6183069555981,0.816552137982538,-21.0424188359697,0.758259177090032,7.19037183757596
23.5518747787868,2.02202690064977,-22.5399368694867,2.01250596237816,6.81934807445068
24.0720723991701,-1.4552049652142,-22.2458083161273,23.8912033499851,-6.66845871130214
43.1425351336478,2.89479486469333,-27.5180971939311,78.7051786166661,-26.0557938746498
71.8873333908932,10.3908431500402,-36.4291503583487,54.270364372402,-10.1449126326128
49.1742411399025,3.67394875193818,-26.8276524840988,-28.1899166358955,24.8497142044319
-4.8133713891059,-1.48791422500123,-9.96121639689957,-32.153901448389,22.4539003416469
-5.97384598573887,7.71115881072053,-16.4808452872433,26.1125545461161,-3.48390625290599
32.0664940922835,8.30496564940592,-30.4470853460047,49.9290470605457,-11.2177444944658
48.1395193187754,-2.31328468300717,-26.6651466176128,14.8257891620768,6.1750956153764
24.5199919087496,-5.18643250096234,-14.0539848758546,-16.5466821817311,19.6943849881875
0.888694037227258,4.16116461010624,-11.521049704828,-16.5951014956008,17.6702123174674
0.626489945534686,8.27187840837661,-18.188932253689,14.5989556473645,4.22709293337654
21.4194926434909,3.96118775465434,-25.1168819717462,-67.9312179498259,37.0844715661824
-24.3239153107429,-18.4187843896869,-6.23659288986414,-40.6509730190972,31.0998355281629
-15.0455785700944,-3.36973211016128,-6.07731982406446,-58.0632895813655,40.9987892545198
-30.1628690471592,-7.8564490875306,-9.95210557192802,-119.502234324534,62.8391287332559
-60.594292288633,-19.8485994739813,6.21796385754594,-65.9081378490882,35.6165425360989
-20.854035827702,-7.99608600622662,-10.9764156770353,-6.37785573464428,11.7860903912343
17.6340361503949,-8.13234349496111,-21.0255244038831,-20.0712326734717,21.0637853874646
8.19291455995025,-15.3677856209146,-11.943080171392,-74.7282372871626,44.7837749914015
-27.6615402530117,-13.5852972572949,-1.70134939366649,-82.2220879454356,45.3030507782959
-32.2375648680469,-4.17167864587578,-8.51242657592171,-46.7409804880451,28.3003210659127
-7.08756110151653,-4.59082836488774,-19.2126124624546,-19.3523905118349,17.6873095409791
12.8955904477514,-12.4632598493733,-19.5639686002507,-31.9615679291846,24.5949989622684
5.66955737758656,-14.9637688223441,-12.6642416402227,-55.0346436690731,34.4783889239112
-10.321176880532,-8.3692336144603,-10.4019675758429,-54.3215412900244,32.6662874409611
-10.1965463099321,-2.68479790579436,-16.2161025749565,-35.5288554337697,23.6971031068431
3.50916258951801,-5.08568570397802,-21.1227019461479,-16.882095436108,16.6567762074947
16.5825034206316,-8.92274300118438,-21.3416957682992,-27.2726097207669,21.7091425426688
10.6144046657233,-10.1025794436026,-17.3041725337517,-39.0530835388541,26.4390379768026
2.46880179127886,-5.05017026862337,-16.4276220139272,-28.6327738595641,21.6880890715033
7.92058077270116,-0.621335944276818,-21.8710579748565,-24.4510549569785,19.308320983169
11.9694121606949,-4.26225502874475,-22.7541442218337,-15.2403971392756,15.7312031415851
18.5395496837721,-5.27293368452702,-22.2674402430646,-17.8110860589935,16.9121178178265
17.0534047452712,-4.61281147287742,-21.7442051802924,-23.1940168721365,19.0907756651226
13.2021227084887,-2.32369623470259,-21.1029302052305,-15.809344573281,16.0484375585528
16.8685650616492,0.0295918021317259,-24.0090812262137,-16.8733342571708,16.2530699860651
16.7432376920507,-2.26047633017502,-23.6863533192615,-16.654390329549,16.1456292871737
17.2483403984103,-2.76822553966478,-22.6420294939644,-12.1027610783905,14.3825727288056
19.6908624170496,-1.10889966856228,-23.706184863492,-15.0805780259888,15.6378497303945
17.6080040628414,-1.09813045234095,-23.2558579155131,-13.65455516377,15.1188311993392
18.067606416537,-0.271435220935497,-23.485345752797,-13.319190300664,14.9034372009916
18.1945504244906,-0.495814639960636,-23.8670399765484,-12.8820017199394,14.7430974675206
18.4187932342163,-0.642067058992716,-23.4927772092582,-12.8789784284734,14.7970497776621
18.1977369854076,-0.455167573223445,-23.5227495015676,-13.6079991228419,15.2950539532154
17.3068180832089,-0.245621621861331,-23.1610870787091,-14.2740198958383,15.6779629303969
16.5346279950058,-0.131465136325798,-23.109136767492,-15.7874437791403,16.2162639284122
15.591797246334,-0.372623322008292,-22.7817484400283,-14.4674848513297,15.5817087885323
16.4311496017124,-0.127780162937547,-23.056859945805,-14.0663444400487,15.5082789425727
16.51841722676,-0.271766979542814,-23.0028460616824,-14.6261664270812,15.9444896976312
15.8396278438727,-0.282679323663968,-22.5979471033293,-16.933352322519,16.9588533365255
14.1959529049235,-0.339459675311869,-22.2400439330797,-19.0236772886288,17.7129987023015
12.9022609292522,-0.383413331140435,-21.9618361197557,-16.606111327371,16.7216035243439
14.282389016593,-0.0263815989415228,-22.483431487609,-15.8246100477227,16.5712055044623
14.6409027423849,-0.470113475380497,-22.4017199789398,-18.4551785134017,17.6799923202379
13.0548423718583,-0.851487742782001,-21.5963482486752,-19.1294759082599,17.837457668729
12.6433793045722,-0.270439219490993,-21.7101753147904,-17.5209394038021,17.1856700606622
13.4864017042749,0.0638874167330941,-22.2516034448392,-17.0489935716623,17.0944363445588
13.6023818860075,-0.336454382971402,-22.1324500611385,-19.6811352465204,18.1816782979023
12.0739907716236,-0.822438168870539,-21.4488251933138,-20.4336506712861,18.4833951872525
11.5320417259161,-0.411679742143935,-21.4015385051288,-18.650354637005,17.7258657985256
12.3738076555673,-0.0159065880720357,-21.9686335202415,-21.3131755449126,18.7656917352885
10.9325427832492,-0.886098822182584,-21.4060366695936,-21.8534684864981,19.085768520551
10.4458520189338,-0.790659960488756,-21.0971056624883,-21.3768337522151,18.8693396727386
10.7470906788979,-0.586758260777131,-21.4107631115187,-19.9673033598727,18.4277709410532
11.5094730192313,-0.495558073999401,-21.5235976102876,-20.0244244841761,18.3782890514904
11.6183150054783,-0.609464643191345,-21.5463351186346,-20.792768219604,18.6808593671123
11.2039405888178,-0.553180498782593,-21.361164126458,-19.443766724635,18.1189474142658
11.9641244456336,-0.0813336300796457,-21.7984910990354,-19.8283621049682,18.3234491376415
11.6960329968462,-0.296458664176795,-21.7049051820598,-17.3976698720922,17.4354542168397
13.0749951352571,0.12790606867841,-22.0060986890434,-18.6147581823387,17.8221256625851
12.5101456354731,-0.1699327386197,-21.8944920361296,-15.1548242450109,16.3642657547583
14.6336844184765,0.739898102693787,-22.364576616915,-11.975282525669,15.0891993298562
16.471675364889,1.10132236998879,-23.2390370667551,-14.2224755902037,16.0646142043241
15.0759099977037,0.628785994042218,-22.3927628529309,-11.8841271898243,15.1767216787619
16.1833114416612,1.66623128735465,-22.9353044464208,-12.6971319340015,15.483770371388
15.5611354068782,1.46340021472007,-23.0379724843426,-12.8699335853432,15.5123306985938
15.4328674190171,1.46329903192097,-22.6951915473078,-7.26919102533077,13.416292559502
18.4404200222461,2.38572511760103,-23.7411286413682,-10.8643540949461,14.93583347022
16.2227280114495,1.33176060216728,-22.8260038634739,-9.39297391490732,14.2753996076274
16.9930643017127,2.35613462856176,-22.8431373565671,-7.66620559529204,13.5519244798276
17.7673086091329,2.74486353999802,-23.7203803729373,-8.56514457667369,14.1475302314925
16.8685877199471,2.27689518635941,-22.9255122368424,-7.20454834303049,13.854124546688
17.188439459459,2.64019713156956,-23.0576184864359,-11.2950910066404,15.4818307037152
14.6185842014416,2.02839583015792,-22.2745016606892,-11.0196930414647,15.2077527353181
14.7772748374006,2.55710319285229,-22.2912364362993,-4.40200997524783,12.7051844048553
18.3760679536529,3.34458441076,-23.6079101074637,-7.87299260981878,14.3325190100156
16.1454740588785,1.94154866261873,-22.4046846043544,-10.0161936824186,15.375971893129
14.480048801686,2.39612823378707,-21.5588443235547,-10.6915557354348,15.5552922313048
13.8001089044479,2.93917568418168,-22.1122704344483,-10.414262282037,15.4410307202373
13.8719500169376,2.72171683281487,-21.9741272358287,-7.15034560452924,14.4404836270397
15.4659605699917,2.67019267894579,-22.2692477012541,-12.1018736713384,16.5251920246576
12.4647798877844,1.60462020124285,-20.9739816918465,-12.7777154427712,16.7572344037783
11.9272651602657,2.4247259528566,-20.8285098803191,-11.2514820699929,16.0434460295927
12.7568319564269,2.75751601180323,-21.6909416396964,-10.7766150596433,15.9834410319199
12.9551411234599,2.22455962429584,-21.3206656597147,-10.5293687932399,16.2625679228293
12.6978232873089,2.02953348405706,-21.0131559342065,-16.0326831250394,18.4734242252624
9.34424209656773,1.51667564656236,-19.9803680961436,-17.256963454437,18.8251974314715
8.60991585292727,2.02722452187427,-20.0040806054794,-12.2407249396327,16.7637062248701
11.6412328175642,2.47046516225105,-21.2521462588011,-12.8002518887599,17.0601853275344
11.5290887483308,1.35818999416861,-20.7164244142482,-14.7186973914541,18.1291152431868
10.1401486679124,1.29635526913301,-19.8519773900271,-17.6929927985881,19.2810911684774
8.25643619409991,1.6224827496204,-19.7761532959489,-17.1700576412964,18.8959923344442
8.68926179985038,2.03158057383917,-20.1554048673408,-12.8030802199902,17.3045568817643
11.2219490229511,2.00337193782891,-20.9605575476507,-16.37896170461,18.7850287401912
9.38780943505809,0.727938824346678,-19.864091734706,-16.4949597444849,18.847217082347
9.31379259271289,1.50546865569739,-19.7308952145158,-15.7258330450934,18.3813544164755
9.83551055688979,1.99559806176796,-20.5624276020323,-15.2135588644845,18.1732982956138
10.2899877201543,1.77354958503429,-20.4964757813045,-12.3768126664827,17.3356026771105
11.7190245710695,1.89733615664395,-20.8421071514869,-16.9091927875769,19.156218799987
9.19329560184905,1.10142877655855,-19.9293747591241,-17.5893202309056,19.3223076117408
8.83446831807318,1.78091307197234,-19.890927817809,-12.1681854545654,17.0186959163621
12.1518442624901,2.63086479403209,-21.4344397817134,-13.1062976729843,17.4407471455908
11.8813052696438,1.56248472454928,-20.9564598112802,-12.3851610696741,17.4283225941071
12.0611755718011,1.91548844276708,-20.6164698999874,-15.047647492111,18.4840519480406
10.4362445169657,1.97231112403601,-20.5694438002646,-14.8421489760817,18.3066531519779
10.5738448400731,2.44693192641046,-20.6550848099774,-10.3212042925229,16.5494252066861
13.1986254887323,2.77947415819498,-21.7286164631668,-13.5839379751195,17.9089683439835
11.5370821559646,1.55531174106566,-20.7339994558498,-11.9386688408328,17.334775098583
12.3880134637279,2.46892352963525,-20.8422563356855,-11.9288336294952,17.2627525418244
12.3420819518461,2.66319888824046,-21.3893578908245,-13.0525919386957,17.7352378612998
11.7479647400911,2.43363609988219,-20.9157251566414,-8.32890816245928,16.0976524945734
14.1989271291403,3.14593139159589,-21.7840652242901,-12.3621259616473,17.703387257896
11.9801814376604,2.07176398769109,-20.9753371163733,-13.4064968149842,18.0722339444015
11.3589511397558,2.55702476933173,-20.5966130082635,-9.14664556834013,16.3070447747024
13.7949895575206,3.43311974220111,-21.9435691956051,-10.5611760493526,17.0322530850401
12.9669311961035,2.49466430843787,-21.3522577602213,-10.1460372086731,17.1528079702716
12.8888577983479,2.70842989754217,-21.0241907471332,-13.1875346534587,18.3295215081938
11.0760713818155,2.51291856788781,-20.7945647669439,-12.8219687855307,18.0613441006152
11.3621316516972,2.95198543545868,-20.8756645217061,-8.07915668139329,16.2792531218276
14.0333391884043,3.32301664908932,-21.9222865736386,-11.6281784979375,17.8435997606579
12.033182299188,2.06165437857157,-20.8460649824051,-12.5200317965028,18.2910903485748
11.3459234366086,2.60873533865769,-20.4978895389231,-12.0147745120349,18.0382734962919
11.5251454998226,3.05180713955897,-21.1618243456232,-12.4132362632775,18.2477748499181
11.3344386013964,2.64358855189453,-20.9102386188361,-9.18084815741946,17.1880853185573
13.0552368521086,2.87736251646115,-21.3000304213395,-12.8085085886477,18.6435214344095
11.0542763734697,2.08538165637977,-20.5896043973176,-13.6697508254336,18.9680774742897
10.5045371681011,2.603665260357,-20.3661762654489,-10.5124966797476,17.6912059461532
12.2820008937819,3.1942890020969,-21.4426814088325,-11.8923450682501,18.3965148368002
11.4860494559316,2.29808210132584,-20.8949909104418,-12.3691360711921,18.8131623812618
11.0063925422709,2.30325021140279,-20.5137139395624,-14.5551329441034,19.6871829064655
9.71260503601964,2.23804288842004,-20.3813431988863,-14.0872185343791,19.4438784536441
10.0493173568642,2.52574727658683,-20.5507627434186,-11.4483611051726,18.4816599273136
11.5852961479494,2.56063322761476,-21.1412090263917,-13.9929117705414,19.6186243611741
10.1780668778268,1.71524780314807,-20.3637515699408,-13.4945676172491,19.5402379760195
10.3450825390526,2.26036603483765,-20.3774490564868,-14.4749912000153,19.8672004740046
9.8132118080171,2.21660708316096,-20.6314319424523,-14.6105827546275,19.8992229955632
9.89308175889754,2.12729551546435,-20.5364189494031,-12.9135772328355,19.4264579652581
10.7343431965553,2.15269736150477,-20.8886585714675,-15.4909297739536,20.6080457152814
9.20567179896929,1.52602365051675,-20.2387601628378,-17.353963116801,21.3957180093879
8.07954588270623,1.61281485491508,-19.9474498975,-15.660921823186,20.6257880533495
9.21331720115996,2.02436679551803,-20.6221780926264,-15.3391432828986,20.4933378217803
9.65094720947361,1.56651655472055,-20.7255922056196,-15.3008710821155,20.6752335312135
9.64158530004627,1.36265786059302,-20.4539309444371,-17.158893673705,21.5411153476
8.46373811676776,1.25907941916704,-20.2276110235092,-18.7407801649247,22.1660135179524
7.56073105689652,1.30066493897482,-20.2119195866597,-21.7825604470947,23.2674052967939
5.98412353236603,0.72679632960807,-20.0125729332707,-18.7618689300033,22.2938792695285
7.65012314349933,1.0012440923807,-20.5609314903378,-26.2380713715302,25.4887267467453
3.26540585554806,-0.889845008112401,-19.2840300701646,-27.5552699463382,26.2313527265197
2.39656388206015,-0.436088707109002,-18.6692778531855,-26.4297084734129,25.6812538084339
3.33394857860514,-0.333514302429953,-19.7005113959458,-20.7897493648331,23.3247166666267
7.32437913619134,-0.143491215445129,-20.3516799434752,-21.3584993654699,23.1637860350426
7.97812897545074,-0.872256515189902,-20.6122712323213,-19.7716226314488,22.4694973490423
9.21838638265639,0.0368666901009851,-20.8103242337992,-24.8478123202931,24.7208625171582
5.84629075728965,-0.394173215937893,-20.6806168643725,-25.7254905817321,25.7149392374149
4.51143355303432,-0.208119746849835,-20.4177159654102,-43.4411265228896,32.7439684840053
-5.75143504516749,-3.58199723062204,-18.0324506816741,-38.8736248073523,31.0032611824806
-2.89624132493512,-2.02991092504797,-18.4027031030985,-32.9826800322101,28.5640077157373
1.27889185227225,-2.83277936193931,-22.8494708471037,-129.141243816928,66.0996371465348
-53.4279619862226,-19.9421818170741,-4.7982220204727,-79.5129792383324,49.1012146516257
-28.6350946016574,-3.73703826646832,-13.1948886345635,-84.0920370179951,53.0333222061731
-32.3553227842486,-14.6372088005213,-17.1824117561929,-138.198051291633,72.8626173477358
-57.6889574734411,-26.6990085055658,0.652238936281285,-98.994357907711,52.3434629196895
-28.0209970715367,-12.6511242839506,-14.4660087660194,-44.4309851583992,29.6489181965369
7.31397777535567,-8.69674985231244,-26.2805018448881,-45.8644912277179,32.5864917815779
6.6448596630497,-15.5351911589953,-22.001446297321,-82.6677646650533,48.5742875285143
-16.4090916118805,-15.5943279011987,-13.6725065715467,-87.8114621995882,48.9121866485479
-19.4304740306285,-7.24834526407546,-19.0887837699467,-63.7594192078657,37.1287759731613
-2.42790147292814,-6.00387153256808,-27.357895945306,-40.9922134722984,27.5064823623673
14.5375098045778,-10.7671390067245,-29.4743709890527,-42.3140107923461,29.1920026213775
14.4259407896999,-12.6155299446212,-25.9163344340281,-57.2806115014783,35.8318758763602
4.09423031125309,-8.75747462606034,-24.1027617307773,-61.5473792350554,36.2611035180723
1.5636098480765,-4.319162806513,-27.2916507999451,-43.0571371802008,27.8970018547331
13.6699110946767,-3.87654182104537,-32.5519425394157,-31.4127570413152,23.1669236868507
22.3691982118641,-7.52887625644101,-33.0069155789594,-35.1931353271278,25.6399092512696
19.9335540616248,-8.18725914976156,-29.9859043283187,-44.325443662507,29.6285169936256
13.23993755973,-6.33867940075753,-29.3626090926782,-36.0560537230233,23.0903843578937
21.2593180730956,-1.97208612084617,-34.3295799009197,4.00975523009556,7.69681871916151
44.1640715366674,1.12399902857932,-41.8469383356309,0.0497061260115528,12.0353948664292
39.4486025084973,-4.57529262265495,-37.5210331093804,-43.2753110087345,31.2274895884455
10.8048170403473,-7.18993064601457,-27.1506699689383,-51.2035548210159,33.1741631938363
4.94211095395414,-0.358536721941001,-29.9227153441639,-32.9229792172334,24.1375365292816
17.3205747663231,-0.121087786780111,-36.5838112588626,-13.910611149709,16.7505734969512
30.3590662200434,-4.9441295086392,-36.7145624189668,-21.5655612290043,21.3150736119878
25.3545138124574,-7.69643711464153,-29.9551882761316,49.7935312529772,-5.58918984211546
64.5969241484387,10.3116451383277,-42.0023688223468,-0.541948938140134,10.4969179086296
39.0639510551187,-0.109200484144665,-37.8241534087308,24.2554537192723,-2.62984494351232
56.3375852858525,11.3781119915956,-39.2579979878834,89.3183456494818,-26.7303250918455
90.0047582875161,19.19045841392,-57.2897561441933,43.6690622787171,-2.99000030687164
56.58348957942,4.22728663353069,-38.5460263682422,-21.1570077164913,23.961824977336
14.1424067544354,3.69102030974877,-26.4472967187759,-20.8142256821342,21.2301051867323
12.9452840368377,12.71484285235,-32.7376884913753,15.217478024161,4.86222040202361
36.7176269295285,10.1817952977786,-41.7106015405882,30.0444176278722,1.07044996509557
46.0284686567791,0.96359547669371,-36.5390651536054,4.81880589614117,13.4784331646395
28.2211758851293,-1.03487369943016,-27.6816544280045,-35.6656553419629,29.6243760719431
1.48903337493579,3.14075824491137,-22.6202997454518,-26.5750117645414,24.602050053623
5.77407854307997,8.86089009780752,-29.3317076983902,-3.03063916060218,14.7841613305348
21.2326684613956,3.65032221680477,-33.3829181387349,-5.13719053588173,16.9455289945313
21.1181698155207,-4.04071312245484,-27.3574759191144,-22.1626774545207,24.487701372223
10.3944971257967,-2.52342800485555,-22.6019944197988,-28.9612490053972,26.9304912684422
4.79089321101081,3.20325149764839,-24.346737837341,-17.1404066696557,21.6337487405785
11.647820022741,4.54246192715482,-28.7379984392306,-14.0989879582677,20.501975119703
14.5927313332986,-0.568204957024737,-27.8614057065127,-14.4280730052602,21.3738459393096
14.5622367562348,-1.85131477647541,-25.2275895489567,-22.4534454389843,24.9169065474459
9.11740071415582,-0.360660028341502,-24.3396904063152,-25.5148109601259,26.0319290620961
6.66610151547264,1.642841809692,-24.8142221063057,-18.4133118936424,23.1351021437499
10.784147565099,1.73029680623719,-27.0654500877663,-20.2067329853975,23.998086352669
10.4101335639573,-1.31298329153208,-25.6608156069775,-18.976707985087,23.7861397117793
11.2497851133001,-0.894847889387057,-24.9837987853698,-21.1966742154727,24.7741982316458
9.70101757019598,-0.0561242353804527,-25.2478174288626,-23.0283202722176,25.6336728641393
8.27544013746722,0.270823648909551,-25.0948184616341,-18.7037817031831,23.9713322307448
10.7905492119755,0.510561861676902,-26.246921981097,-21.8820225161727,25.3508580693142
9.19696252574396,-1.22520465157615,-25.3539642343168,-22.514041281473,25.6407772419518
8.99149889014544,-0.911220943057779,-24.8583595525755,-18.5596233797882,24.3259628078759
10.939841047337,0.15582865344011,-26.0654088638884,-23.0650503773892,26.3498508269597
8.18852677846083,-1.14577979812546,-25.1114137821135,-22.6468882967403,26.1273699431456
8.61963373504912,-0.742374854611414,-25.1518241446038,-20.8970858631638,25.4655781403444
9.71373392206798,-0.666659336520659,-25.9674903539368,-22.2227162813398,26.3583982264618
8.7372925429981,-1.35327257208891,-25.2839283850567,-24.1745503851568,27.4532841027911
7.31518801804002,-1.50756534416735,-24.9261582056525,-28.1258941320997,29.1206130008458
4.89568623161896,-3.74180801957555,-24.4515246526156,-13.6554690692548,19.8622199800946
18.2283279511957,-0.865508424072112,-28.8816371182146,26.8943964923459,5.64613766429384
39.990968295487,3.47737497543335,-35.5363137839494,7.10699305867559,18.2261980840682
22.9418422521039,-2.61226608524239,-28.0463963794555,-55.960276464643,45.3285194257599
-18.0319606534265,-6.71471673892903,-15.2047525843324,-61.8128314027404,44.6768928588166
-20.074512722035,1.41382475926977,-20.1696755625618,-32.4923692023331,33.5590660517049
-2.92357137069713,-0.914195292947539,-27.4451812483895,-42.7577223207691,37.4327287270023
-4.7852409969649,-12.6328813413108,-20.6873304569674,-54.0835113741525,41.1353411052518
-8.89851899301988,-12.7934975714629,-17.0036083688128,-25.1557981394918,26.5252970529735
11.3762144578053,-1.68787239918823,-26.9230828081129,4.4893255839605,16.9524972541932
25.9766964612975,0.0374461734635547,-32.9988351907488,-21.6186193622521,31.1244867875916
6.91278789175808,-7.91953853683011,-23.8897681433855,-73.9611340988439,53.2593283464675
-26.3381379811784,-11.0181572604841,-14.1975531849033,-71.8684918601831,49.5029947728442
-22.9823283967873,-4.48683794781367,-19.8986672129558,-38.6663634420796,34.5008765330003
0.0686356990202275,-5.56284752341187,-28.6951117238519,-22.9778473484798,29.3513606276961
11.5492687543721,-11.9387186684654,-26.5488229514171,-44.3212709809975,39.9818901810539
-2.17492954205613,-13.8895863625467,-19.949915347329,-64.123137611185,48.0472838789177
-15.5238403131829,-8.29117219333016,-18.7465837215402,-59.9990412899008,45.0703129805929
-12.5460772017986,-5.34673783951864,-24.5377284006133,-41.5238629835111,37.0381289905394
0.773986701222797,-8.67215525489696,-27.722286555223,-37.1956927829308,36.0378773187084
4.96468404561822,-13.2241985344305,-25.8727242146491,-50.1356856623531,42.2571193448601
-3.007362215092,-11.9942643361245,-22.091710775233,-65.486508933377,49.985360482258
-15.1205011964467,-9.33344500448291,-21.2856769233377,-80.4682913698874,54.5512796676836
-22.3581997331248,-10.7981466853929,-21.3824974527817,-63.7032658951735,45.7225276082388
-8.47705426682974,-11.8456992415093,-28.8295431563297,-159.570120922424,81.2299709907211
-59.3079037694686,-32.5499259920831,-12.5015457322843,-82.9606759673727,57.8383922750482
-23.0537123852931,-12.448184939851,-21.2615122149285,-122.823665717518,79.7952520295394
-52.5739988255204,-29.2710141569157,-18.7414023767192,-233.903068235578,121.154334742232
-110.62344318263,-44.4387689020311,9.57686154830845,-161.784180730051,82.8453040201072
-56.468941271954,-19.5643864610858,-19.1955891351382,-67.9497259418079,47.0459784702803
1.47436008106043,-20.8969983652618,-36.4227081176323,-109.548997578038,67.1583228001365
-20.2430259555008,-40.3475462828696,-18.6379877965029,-171.883757689399,91.7806029151365
-56.7285731197912,-33.8344783594076,-7.25030544752186,-139.299377421197,74.0318576692963
-35.2419638392433,-13.6687195203889,-27.5345235980611,-90.1276242315702,52.1785717481877
-1.22535738504828,-17.3965097868834,-40.1886444599873,-73.2474278966455,47.0739305348927
12.37891494011,-28.2231374239505,-35.7793032796315,-103.435514084955,60.7123226080473
-5.38860776338236,-28.6510428364672,-27.572845499262,-117.891274526565,65.2393170298744
-14.6810335460871,-17.0389909652611,-30.3601767867194,-96.2995543454086,54.5030117290408
-0.794055528785193,-11.6783035680538,-41.2697751850822,-75.57970576568,45.1951134454334
15.3000853684713,-17.8335640712539,-44.0451121402636,-69.0940586414116,43.2511312842739
21.212264336694,-21.1643292258001,-41.5043162244793,-79.0697177857352,47.517611836321
15.188138661529,-17.5899838914028,-39.765114432517,-83.5911805645746,48.5456136173753
12.0047812845593,-11.7706119556785,-42.3904987845235,-66.4932905113019,40.7897458704985
22.6694000400409,-9.26318258834438,-48.1112734541801,-59.5664409233292,37.4444957566757
28.8157423770369,-13.1698415005648,-48.7374566156169,-57.8467132883518,36.8053910565696
30.8200296941759,-13.3783486728356,-46.9349955471191,-53.4567464730618,35.0438633365237
32.8928876276701,-9.1910708737629,-48.7635664631159,-56.5184511854021,35.8715497414936
30.774404210789,-7.64079459525994,-49.4950083219444,-48.7223567697778,32.2881643978406
35.5042869241475,-6.18890708411751,-51.4926544028355,-44.0945835753508,30.0155092135992
38.8885205091375,-6.97292330933123,-52.4154055389205,-42.4230077976299,29.2753692606827
40.0263456079673,-6.66414560077211,-51.5902881846537,-35.2258045762768,26.3642048544685
43.7226921658202,-3.85600847095519,-53.2152791385616,-38.5599730688348,27.4323097019338
41.4414539286095,-3.72676363171196,-52.9242238050718,-33.0080515095253,24.8521082773676
44.5064359412036,-1.90723910774702,-53.8440636950932,-28.7986416783555,22.9490814426066
46.7200917351059,-1.59035667233629,-54.9567887538222,-29.2624877246363,23.2448430208599
45.9251370126082,-1.77163095140362,-53.7208165604517,-24.2984336245533,21.1918402710517
48.178768915573,0.180703889043845,-54.6329403938995,-25.6829046243629,21.5879198569688
46.7889859423619,-1.10750191297674,-54.3959792359523,-12.2983898072033,13.3763247034081
57.75679195551,2.06520068976336,-57.525820987365,25.6339779565036,-0.248938477524133
77.4760746138537,7.08544301909367,-63.6309662070145,7.33120656641643,10.5587419591714
61.7448974350701,2.1177737962298,-56.7157445734261,-40.4268804364778,31.094749395135
29.5896246108843,0.230003292085824,-46.3013865281425,-44.4744414065855,30.051405933787
27.5523703693204,5.89513512338469,-50.395595129038,-10.4783891939835,14.4280997314799
49.9478769393398,6.49377213889097,-58.2477228293946,11.6546786320681,6.94651030005609
63.4097053350655,1.30267443560881,-57.2477526786288,-14.640729874488,19.5769514758738
45.6339636564412,-1.93649416132753,-48.0007228251516,-35.9394579898151,28.2741807068581
30.0007369069586,4.54893496592907,-45.6935420138992,-31.2528903804883,24.7466475429694
32.1694954144542,8.41960300237136,-51.3422994427992,-12.0916816154377,16.2536183656154
44.9952447195213,5.1672906896086,-53.8484306802704,-1.6321795585707,13.1992782492455
51.2558763100807,1.43107546310316,-51.811452319861,-19.9777625148043,21.5797748592504
38.9677353767576,0.971757509784897,-46.1438493680706,-32.2229575431973,26.3296442008338
29.6783085906932,5.81014190834568,-45.5879548358646,-20.2371079704936,20.6661573516364
36.1742219972876,8.70316389887809,-50.3850793673837,-13.1331189374964,17.5285186711495
41.3010904225875,4.57675611336811,-50.4728767987193,-10.0811729005218,17.0696512987564
42.8883205593461,3.03944877600625,-47.8549073748626,-19.8512057576231,21.4283529133405
35.8835732520671,4.11879534413885,-45.8151938213691,-25.3203699343702,23.4851716598188
31.3169914880767,6.8544175228999,-45.566450330899,-15.8254609112229,19.5268835051652
36.1665525333111,8.09239474794368,-48.3926887993102,-17.0907384089128,20.0208400699817
35.7905156939696,4.65095802338802,-46.8365246879598,-14.160234806571,19.1046831519876
37.2967994037728,5.11363858135634,-45.6965118308041,-15.9534033195335,20.0071025487178
35.3130461209998,6.27289964186592,-45.6772390033752,-19.6735563672615,21.7075583437549
32.0998683061984,6.90802650963773,-44.7285269083163,-13.7561308440948,19.6322462730908
34.5670462799388,7.86856631903227,-45.9385279795996,-18.3126449118548,21.4375114240397
31.833837053113,5.77400609976173,-44.5404770332958,-19.3325850708194,21.8986547673764
30.9310215218384,6.06744871551492,-43.3857929822884,-12.7508181475943,19.4406889490937
34.0606308515379,7.74220019938342,-44.852059135146,-17.3903872872585,21.5545616006407
30.7678483205533,6.48331702373206,-43.4568345295154,-17.2879244721818,21.8481198491138
30.0046109463825,7.07621807062331,-42.7915055725339,-19.728839757784,22.7931191239492
28.1695191449562,6.81147336769477,-42.7180612199187,-19.6612098866407,22.7839132003611
27.9270244762277,6.92214757774148,-42.1185495866955,-14.5846147030166,21.208759632512
30.105590213073,7.40036158722849,-42.8304204952521,-22.2020161937837,24.4238847738789
25.3358447447564,5.72679434487074,-40.7534718638909,-21.1916851276452,24.000510108416
25.5716968207776,7.03743502104471,-40.6889461916367,-18.2204188305229,22.6398615226479
27.1828653912098,7.39695094822969,-41.8793009197724,-18.8715281850739,22.9938421983833
26.6890258211407,6.58209088869899,-40.9418946938428,-18.2374141336045,23.2657484055121
26.2301220922695,6.74124367856981,-40.5782006868402,-25.4845693667769,26.287627099303
21.4147040968858,6.0299388727422,-39.1680561045311,-29.339428373865,27.6704594657752
18.9599156794123,6.18268585150347,-38.5508246908285,-22.1808550277318,24.6700897736178
23.2058845789691,6.99792604804136,-40.1919382592075,-22.2008410002186,24.6301936044451
22.0099949065556,5.49341024342088,-39.6523338266616,-50.5377801528443,35.472040418579
5.97780610447383,1.09743890524034,-34.113646508731,-51.0553390096533,36.3653655846955
4.15485866685521,4.04601756661651,-34.2822128553037,-36.8038582484863,30.7796337896088
12.467402061134,4.73763987345548,-38.2733066330932,-52.0185734740619,36.9216145098172
4.75903080687819,-1.5040390670559,-33.6178714398671,-50.4196308680647,34.9767280403933
7.9817864385508,0.895874146676851,-33.7164461510505,-36.0427858254171,28.8405435900129
16.7921831812663,4.07818305846965,-38.3169108801084,-28.5596781777773,26.1440054931715
21.4232751097625,3.52914976795685,-38.7322479004819,-40.8277048662758,31.3073731354013
14.1678227759627,1.35717578993813,-35.9907868930558,-39.7059406384965,30.550145193608
14.7719329784227,4.23779602193273,-36.5433366152633,-36.0210113350322,28.4989740552931
17.3517331606929,4.79037329965494,-39.1484447768522,-31.2674580374958,26.4288864793768
20.8478368981067,3.99374692890919,-38.8979250176117,-27.176249206435,25.1340396301787
23.1151460911961,4.01539617747334,-39.3641009646566,-34.0713349440991,27.9740860751669
18.8262026987199,3.73066918282962,-37.6136864706684,-34.9035987283446,27.9873779421112
18.1898465572365,5.38287987786963,-38.3190390907136,-30.5714897179278,25.9154314030463
20.832422586355,5.80497352805152,-39.7934447981447,-29.2115405712797,25.3572974177925
21.9504072276488,4.56628041791581,-39.4702548671285,-27.7316866967888,25.0976443148802
22.5582639845454,4.6944780910602,-38.950079611085,-31.8008218813911,26.6470868291049
19.9709473733132,4.89378389091317,-38.4572043695844,-33.6229449870769,27.040136198119
18.9433367178519,5.5612448460755,-38.4358407809496,-26.2260478497221,23.8981056015518
23.3597883595782,6.48845876756066,-40.2012027369587,-25.806961940961,23.8218329370411
23.5448729011,5.17623227884089,-39.6980175948155,-30.8578240318323,25.8928984143194
20.5177908924068,4.71062803175568,-38.1078240784032,-32.00819561153,26.2834741701446
19.334237484972,5.92773784423469,-38.3981921040844,-31.0783429947802,25.6672527917463
19.8978335709241,6.11546659577106,-38.9972533772102,-28.7965538954859,24.7767805794325
21.3014106625083,5.57510091598943,-39.0620697721329,-28.4996461461243,24.5764687404964
21.7010286534799,5.18359966318509,-38.6864473215683,-29.6152721011064,24.9472796522699
21.0217655963796,5.53281297102668,-38.3707187781172,-28.1900141172407,24.2279175789946
21.7575718035775,6.40825293891507,-38.8899070859279,-27.3576987348767,23.8594246263993
22.1224867173491,6.33164434132258,-39.0977392732877,-25.8399677410343,23.2228328089699
23.0148810426484,6.30366274986826,-39.0489019680505,-26.641368166654,23.4618493506025
22.5626202601774,6.18007350643379,-38.826337434922,-25.7817166288461,23.0161522553159
22.9846245182897,6.75402164164931,-38.8551333212863,-23.633995721571,22.1010723308464
24.0778028695566,7.19153794044893,-39.3956791434157,-24.3443640856136,22.3572890831242
23.6209622962659,6.79133386487555,-38.9926629904572,-22.4565261316816,21.4942934707668
24.6758564927325,7.32730360558944,-39.1994133998978,-20.5763140261625,20.7561356422257
25.574600777737,7.66304621774665,-39.516793179439,-20.6618316503907,20.9615511299062
25.088329061853,7.59308288675609,-39.1339360310335,-20.8892268526844,20.9974438900252
24.7329399037892,7.8470324866923,-39.0007736687932,-20.5984771145515,20.8563657130759
24.7029010371059,8.02255796201398,-39.0219558026069,-17.430613719586,19.5477910709274
26.3921386734881,8.48479530527223,-39.4334298470126,-17.4108576563641,19.6161013410873
26.1259362732201,8.1845007964173,-39.1725402973273,-19.517174444767,20.5477510376621
24.5755801381233,7.94984928075188,-38.4000082575135,-17.8172213974291,19.5482005902287
25.5899626294346,8.78828392614157,-38.939637701342,-13.5489832357123,17.9571776412847
27.7175133050279,9.01883311681294,-39.5911343257063,-13.4584130102566,18.0166533732542
27.5268807599607,8.53339807499306,-39.0944816525435,-15.9693633935028,19.3273442760971
25.3215367749753,8.52361813929576,-38.1625365870799,-18.224385926811,20.4549701011949
23.2460986280009,8.82095085197534,-37.7792367566305,-20.0079410654227,21.0945900751118
21.901873219265,8.5943106269792,-37.5274226470036,-17.9884652949562,20.1752732654243
23.1209165373485,8.4856046509235,-37.6854299441651,-16.6454019248462,19.753464142885
23.7508605407593,8.08790247227764,-37.5513604242923,-19.9654697766717,21.2126820118768
21.5115651156631,7.61422748090831,-36.4585909613301,-21.1096001133536,21.8107446836975
20.3534045624957,8.20498706035735,-36.2543136159372,-22.0634836889043,22.2711559125669
19.3870829355979,8.06616917003081,-36.2317506790186,-22.6296165261982,22.4560165283419
19.0563199793503,7.52910662028318,-35.846291655028,-22.175974861619,22.1982692429199
19.4610129857591,7.38159757066905,-35.8612589470599,-26.4510169573347,24.0214419248275
16.7360768517252,6.62394763679164,-34.8427292116167,-25.7195411107124,23.9214178602753
16.7698604522664,7.28791360198526,-34.8047003812858,-26.9890738722386,24.5636846715624
15.75723548596,6.76549711908225,-34.8669469512074,-34.3883203854104,27.219751290615
11.8664445299617,5.32187854356065,-33.2640680564527,-28.6995557386461,24.7983818900917
15.4098367916217,6.78440401083503,-34.5506897817711,-28.7224866153376,25.1167350415759
15.1648002531472,5.73013797065036,-34.56631885746,-33.5274655040745,27.1871858004349
12.4029987842612,4.84231921316555,-32.8412768085719,-33.8862450901924,26.993052344091
12.4858079907273,5.74439835658003,-33.4609242498648,-31.7079721438944,25.88444214432
14.0831119004391,5.94796228745007,-34.1729956968321,-29.1617831615606,24.8027929432987
15.9366943629471,5.62456727163209,-34.4755466194316,-29.3176351325422,24.9997930747938
15.8885218661868,5.30818055163107,-34.0572274430627,-31.2826248725756,25.6808954730075
14.8258252725078,5.56296047110511,-33.8027378648549,-30.2633061208328,25.0517532186399
15.6036612619136,6.33163624397438,-34.3422679274363,-24.5383320437038,22.8214134330236
18.9183665780062,6.86207419845275,-35.4663275777681,-26.1933698190232,23.4137631176742
18.2210514640273,5.85388204875872,-34.8763403682434,-27.7419895070271,23.9799356702818
17.3339469933085,6.20389459574513,-34.2466977013126,-21.5988681198393,21.4456039850481
20.7893079377862,7.85289135851572,-35.8647430717548,-22.3741548797914,21.6536503349164
20.4456838951864,7.09658737622122,-35.6743303589396,-19.8849911035098,20.7305057257784
21.8033668975291,7.59177781812464,-35.5817106074943,-20.5737982753997,20.9113540906767
21.3244281642742,7.6449877925083,-35.7831949079062,-20.3717820043855,20.7273259303017
21.3706717024531,8.10786490148124,-35.4907016082065,-14.2613011333838,18.4186242543635
24.5596884847605,9.10801316539001,-36.7586068904449,-18.7042491693657,20.0800682187723
22.0127765986594,7.8058520378966,-35.589277825583,-16.8297663003444,19.1331201611283
23.1196653764666,8.89439354817987,-35.6780128939127,-14.0757302603846,17.8699056734901
24.5984355002531,9.4062237022434,-36.7118882294705,-13.9078533693362,17.9587013845118
24.3839865576003,9.1007540966237,-36.0167808788941,-11.3150331214881,17.2835445283457
25.2005695218788,9.63782812101681,-36.1758980006938,-16.7845212662938,19.3214318607085
21.8136050806678,8.92030880691507,-35.126194931474,-16.9742124638637,19.0138246015827
21.7953578947637,9.64219229586792,-35.0992958600804,-7.85363482895016,15.3464749295681
26.9232717419898,10.797638657267,-36.9837740597545,-9.78124884364181,16.3313283300024
25.4714621566477,9.24502975441844,-35.8182676422348,-14.7570637929731,18.4678736765899
22.0970673585181,9.21793856163259,-34.1832290349284,-15.9765001914179,18.7578948324128
20.8438067124979,10.2873473514888,-34.6532308545666,-14.8058664725603,18.0121814511579
21.5510726427676,10.2410101257219,-34.9826535599079,-10.1915386806111,16.3971139242077
23.9932945371485,9.93989459049013,-35.2395243434831,-13.243864104484,17.6547312154917
21.8560047065062,8.95715967701162,-34.0238627050624,-20.4819694603582,20.2890270584861
17.5675815269228,8.85229918632736,-32.6246964792265,-17.2107581387155,18.8878702415154
19.0456414471003,10.3608713992374,-33.7420119671737,-12.6124935648276,17.1326829573161
20.4303890302661,9.95880226087975,-34.4889395795748,-34.5675166376175,25.5637402557612
8.10688067863156,5.33221583998095,-29.8350206868763,-34.6861068667613,25.9134011400983
5.11373798085294,7.65696440178805,-29.4748183194093,-58.4964575752017,34.2630866523614
-7.69687148871409,3.08986857348694,-27.2753572262508,-63.1578228698376,37.0837762004356
-11.3862495241106,2.28020344901143,-24.5971129732914,-42.3299513027477,28.3027921919183
2.00061052012064,4.0632509884664,-29.7145816068695,-64.6775530225591,36.929310131357
-9.27095339821931,-2.85558853674067,-24.2439900549217,-52.7263224238093,30.6038636606617
0.260445057016436,2.65450535719589,-26.3404108822166,-35.9920733044558,23.539812183209
10.5225922472056,5.03416886525665,-32.3281561893645,-32.0849094135905,22.1352151597701
13.6224220081909,3.56337598364908,-30.8376576394375,-41.2998767819408,25.6564985880724
8.54421542537103,2.97540698215833,-29.6479967590519,-34.6644324952479,22.1281005983025
13.0563326975485,6.86242269953578,-31.5084889029844,-25.3495828742455,17.6494861850234
19.2100718982745,7.72812749452789,-35.1525100777555,-20.4811859458929,15.4890635801261
22.891212830697,6.83262884806475,-34.4351019525589,-17.1711205666694,14.2361550327485
24.6559282791518,7.76632617929098,-34.9851305617346,-19.6275176555571,14.8804324249748
23.1991285523901,8.9127772253282,-34.5092178601803,-15.9092857967197,12.8318655588747
25.3078945928967,10.7630561990773,-36.0878833667378,-7.98626131831583,9.11912698104305
30.2911078347713,11.4290854136469,-37.6003195248635,-6.00013295534968,8.18177497790263
31.4269184317306,10.4993715385859,-37.3111828691699,-4.51985594272611,6.97132104765364
32.6390097640709,11.6294644678959,-37.0788770608094,1.08271055596247,4.82323791135273
34.9224916648186,13.6790273826735,-38.3570775461553,1.73449420185295,4.82371186538573
34.2025497214707,13.3018564400679,-37.975320153165,-0.647590420599118,4.74845447117609
33.431155708429,13.256743844188,-37.4920799435245,12.1902433895142,-0.56155347496589
40.5001580676472,15.466623578745,-39.5917840518818,19.6698900727351,-3.49724647813873
44.282303889748,15.7114081132201,-40.4009827395481,15.4584010989686,-1.07104994312449
40.1157237576334,15.2736285007246,-37.9330507346577,8.01409959431551,2.13871736923788
34.1363831742582,15.3357119993909,-36.4716897506207,14.4458410247649,-2.30082583215918
39.0350520741313,17.7557765059801,-38.6832832123643,38.1560248740503,-11.5587157783597
52.1720310268009,18.1813504751209,-42.4893939445679,48.1822822099193,-16.4285290713052
59.1871253353972,17.5529207985041,-42.4568261184875,54.3713216812777,-16.4433163944592
58.4412938872209,20.1336433539681,-41.0754845641419,32.6649153596903,-5.22772914792886
42.0029967268692,19.3630483048321,-36.2601096669677,32.4330019433765,-4.22595706391156
38.3230630124372,22.5604878275739,-35.9452541518263,40.405064189599,-10.137816622338
43.7617881556746,21.9332775156675,-39.4527670172417,18.654058733504,-2.95040000744621
32.9267547723003,15.4722202372891,-33.4639082722426,44.1975644506549,-9.83675942284835
42.7453495027403,21.4153830835681,-34.928506514866,15.7159677793555,3.87984323971159
22.1875285369143,15.1567050958096,-29.5458901338782,-21.5573764203351,17.3821413215088
0.940381201476278,12.7447422114033,-20.9708812552627,9.53967508540593,1.89089738439504
21.6377182130395,20.1344536031545,-31.37466390267,40.992413072705,-10.1231530272407
40.6050238184588,17.0365469388019,-35.1271114314079,29.4586703821076,-3.34397387048596
32.535486418017,11.1859876561343,-27.4358213200993,-0.831451881845501,10.0326500744781
11.7416378633651,13.0943124043463,-21.0405009696048,-1.20274689518944,9.29934238734522
9.7854950337003,19.8360828488021,-24.8747601751189,10.2201511882879,4.17698773164187
16.6933075546235,17.4935940167388,-28.2568915773134,11.1021079956919,3.50814792125907
19.4769878118604,12.2870403577898,-25.1083005479032,10.7527745783039,5.67954204825189
17.1211976549187,12.4455368403377,-22.2500872874846,-11.3039830809574,13.8486907445884
4.10399863111393,12.5806750455182,-19.2124456518768,-8.70410442351747,10.8561381187545
6.88793875732814,15.4967845505921,-21.8697527883854,28.8044008412388,-6.21460417135988
31.7953893255402,18.3735031632288,-30.3551018331947,43.3605864704874,-9.89599923267818
39.1511899090413,14.3626946025558,-29.1567472081871,19.1290787861921,2.45118526924184
21.3540888734313,12.3466948253511,-20.9549783189653,-14.5460839761757,16.0231454016426
-1.30110086473584,14.7746466960998,-17.0766368706771,-5.36322905349979,10.4209389488994
4.61437002789513,19.0013519478524,-22.5292167900405,19.9007527693684,-0.187664076206063
21.082688565719,15.432363747353,-26.9729097550197,21.0199803639213,0.394669260013073
22.6668030417882,9.57515649837595,-22.0934421982232,3.89281443196155,8.25661498426531
11.0705822673016,10.8165968323128,-17.5410676408588,-9.22688918911666,13.4501715904517
1.27562244517753,14.9938516007773,-17.5437145620224,-3.8251606951132,10.6607533583082
4.19816253239887,15.8068541411746,-20.8261200542579,2.33170194961182,8.12855929180779
8.86384752174244,11.3422475714461,-20.6883657140271,1.5460564663342,8.78028753020295
9.21457798494541,8.80356151463466,-18.0222093067274,-3.08828531026336,10.8232383605853
6.21322897768915,10.5675490492585,-17.126637790484,-12.5287434321544,14.6704405985676
-0.330490778573935,11.4253680992023,-16.5595322807543,-8.75730016586634,13.0679033796399
1.67723475776832,12.0680705823513,-17.8405513840484,-6.32103227081906,12.2027794374258
3.50045224148232,9.6476847497916,-18.3072416433468,-22.8718592281822,18.4556487319733
-5.05797695980367,5.81163329387081,-14.1122048021724,-14.0427769563732,15.0516766275353
-0.132648891455086,9.71996186778355,-16.1260062532463,-20.1544533636666,17.9620393062469
-4.34522183575675,7.60440630965745,-16.0836734024334,-27.2584194987096,20.9325052237992
-8.17789143879757,6.00451084399863,-13.3260478592045,-24.003902350083,18.872058524659
-5.08220326723023,6.87067221713479,-15.9569422420673,-46.6934354257627,27.3639038522392
-17.1973280359901,2.09988859029472,-11.8844315789094,-29.0054528273572,21.0584321210489
-7.44893924090654,6.41888667459448,-14.6280795118819,-34.0042257395362,23.9076767221921
-10.7682747330531,2.67111176850945,-14.6714622210992,-51.3496691044565,30.0516097489393
-18.8982598527526,0.0551507978703341,-9.63029156892123,-37.2972635871282,22.4851304139149
-8.06762366235747,4.82734555471215,-15.2901065497721,-14.4787541362155,13.0094692756099
6.70754811654986,6.03882269909958,-19.8050714624609,-16.3549935683334,14.2891955602104
6.17522117537132,3.03565922892562,-17.9116142739295,-29.5001975904725,19.7761890032767
-1.86954788620196,3.59240625567212,-14.7164733849133,-22.8492696534888,16.3163812092699
2.08197104961932,8.26027733577544,-18.5531515362419,-16.0633189029287,12.5095931990317
7.57318696318455,7.65564258720424,-21.051823502934,-3.97144009577134,7.54719267941813
15.7545876846035,7.05223294130026,-21.8568581112206,-5.45599805428187,8.26282129955131
15.0159164143848,6.43264496274858,-20.9951897643874,-13.2123753236681,11.2602807339098
10.0289225359131,7.93138126443237,-19.4283178503819,-5.21190847453934,7.87864979870939
13.9955172196874,11.1624662553211,-22.400187247758,-5.27994405209893,7.32547212395136
14.6179153861528,9.26327135277096,-22.6441040728632,-0.675816735104871,5.13249957510978
18.0912443227555,9.05333973737282,-22.311938399024,2.93818201712364,3.51025078442697
20.2867180121061,9.93224397528425,-23.0723045376827,2.07872592427664,3.95428792895606
18.9725217196782,10.7129667159903,-22.4261137104682,1.28544216198643,4.24662408418709
17.8616302339587,11.3979662766368,-22.5928261692965,-1.59088059965083,5.16800203265104
15.6480487193817,10.8986658961056,-22.0693666658155,-2.62360126400244,5.0336992460393
15.4508607425349,10.5340530598649,-21.7589866641729,4.48394330009564,2.30841133224834
19.2803497549304,11.3888601613532,-22.6242630638291,5.40929516502464,1.90893514015747
19.3958984563914,10.9448951040217,-22.2936216812802,-4.15514996892535,5.5115501051186
13.6717424642951,10.0086083660847,-20.0727041659514,-0.297195037875077,3.70075595167243
14.7745114709507,12.1679529837732,-21.1579773619453,-6.96686755572489,5.89318286961217
11.0677369110549,10.1716903685356,-20.4293971294967,-4.8681604743944,5.59001528449155
11.5410408773247,10.1778290821891,-19.3418005553056,-1.39185492501745,4.02091643629755
11.5433457655169,10.3519785038885,-20.2443920695741,-44.6330740387454,19.7305725679895
-12.0624267435254,3.28149841192398,-12.4918633642494,-30.1385023346408,14.2117260515915
-4.7979460952386,9.47319663669666,-15.1556292910553,-6.21942163980635,5.05806314669416
9.06273703013604,9.30736386461432,-21.2470671205979,-34.1538791943838,16.4445024558322
-5.93088900730089,0.457200666622177,-12.0837723486431,-29.2009393062252,12.5515550087234
-0.763654371509712,6.50842301306561,-13.79708195416,-5.46704035274457,1.90289436777246
13.9274924007475,11.3310501801119,-21.4874718095951,8.33473629889367,-3.40297451224736
22.5686447599887,9.82397508538003,-22.0649550970878,-3.66011285260878,2.01506896658346
19.8065584471711,7.26702706488344,-18.24778903775,77.1922440276083,-28.3136629823781
63.9759932122379,24.7915306570615,-31.6008182240482,73.6610268716238,-30.2167946813837
66.0966705196809,19.4885599951461,-34.3731209062716,44.6655299971357,-19.9046347140611
49.4965545665924,19.1234788388847,-24.2009765745,116.077006772166,-48.4044668336784
87.5975145299284,37.8908121147193,-42.152339546363,89.46710365628,-33.6929288695806
59.7607263140289,25.2863347473004,-34.673056506296,-49.7012955102573,19.6188761970913
-20.9197722274217,6.4011185503296,-5.16387811242035,-38.4549774864735,16.429590488087
-21.3189939522761,22.0573901444146,-11.8277311984504,38.1174739676368,-14.183274548507
29.8632194505683,23.1609830613811,-29.5840093981671,68.0800885314046,-21.4094675949015
47.1469516893799,9.9295847390186,-22.0975248379325,60.6192699545205,-24.3032734196183
52.3372832534404,13.8296158323064,-18.2144557318037,46.3000931173241,-20.7218052569587
42.2491731191638,25.8418117886179,-21.3286689018827,145.584908921968,-59.9397991016625
96.2331174521511,46.5229288956244,-42.2253358986271,94.8746673586063,-33.7089938362424
58.5986423907082,23.1273506014697,-29.8640032725695,40.8142646007816,-10.9821015744417
24.4755409226815,21.1701489957812,-9.34192544810623,34.9266849170255,-11.3594181909091
13.8110170998657,30.5835577005222,-19.8621594633344,-13.5103285734361,2.81793374276967
-9.02682645127061,18.4635911594923,-11.1919007354669,18.2332758102012,-4.82965290318578
3.52631057225348,18.3751832179683,-12.9623420410631,29.1007447582648,-5.72060925115877
8.3549715383889,12.9784997659261,-10.1318055523844,-59.3791082759142,30.4370592756983
-44.0735660750604,0.174762438848933,9.09061465318913,-27.0143819874377,10.7106791843955
-18.3982838062233,18.780937642226,-1.87986816632977,35.3433497472684,-16.3451863730323
21.6384325137234,20.7916785232179,-20.7293966120291,74.0771010252475,-28.5697196369044
44.7530365202564,14.4337824967892,-15.9275634806369,12.8348080754724,-1.2761471362915
5.5564760725663,7.35820129661866,-2.64544291997331,-14.6874713944549,8.1973652383868
-12.812852076729,20.1370910889185,0.604005302387605,24.4521289682078,-10.973345468617
11.1862905283831,28.5395447885148,-17.6554717572732,55.9256102819645,-24.4320935312951
33.7463935888447,19.1648579724058,-18.1660409936309,59.9443410711236,-23.8847365792101
35.9152296946886,13.9622391773591,-12.7839135047601,31.3684771339096,-11.3099015215603
16.3389276159618,17.6870531451881,-5.65942766460689,20.4326780322715,-8.10087912714337
7.40563875962794,25.8655755440039,-8.92467508673361,44.0902076774072,-19.0822143658596
21.6431377653669,27.4619009422099,-15.6818776117408,54.3641457943795,-23.5733884211865
29.756282313927,19.9723575270806,-14.8972449736767,56.7300542862084,-23.676157337916
31.0531447320752,19.1906957941746,-10.4226884030214,46.1404119363849,-19.1970187269076
22.78203024205,22.8955575715018,-9.44811482271852,41.4218888429393,-17.8785686688174
18.3616313383347,26.3213938711063,-9.93277473960125,51.7686471180859,-22.7038657261792
24.0902695116061,26.3346398625561,-13.0496872904966,57.2447530307868,-24.7786149760497
27.4660185131117,22.9088382970595,-11.5724586641963,53.7195080194309,-22.9697392433987
24.7378752125961,22.0661152904268,-8.83829760625344,48.3382783441936,-20.7752079388933
20.1576624187122,24.2766586624956,-7.64855165387681,49.1490575335149,-21.500241352385
23.0170955223193,23.8885889415992,-13.0192084822788,-61.194323765184,18.747830094321
-38.0875942821344,4.52121322397302,5.11263605231262,73.911626442649,-27.9719224944364
30.7522353535757,32.870615588911,-14.2381940149794,11.1158479080539,6.39122842770374
-16.2923628977962,3.26184884666976,-3.38967357959695,-127.769915624982,59.0762858340479
-92.2161820631167,-10.997431985231,35.9848611464942,-57.2031147429957,19.6932275346548
-39.8135055447429,19.0140178218808,1.67222061770868,113.117100040604,-49.9809323313112
66.3378294025684,27.6668120322331,-28.9140952735918,104.429864436491,-41.0945282023476
62.299426505926,1.82863284215439,-14.0022066984168,-1.54668819839464,5.27174084443053
-7.35288327627452,2.51225864956886,15.6387886383208,-24.5032782740558,10.0137917895212
-25.1139402073698,28.3205407244937,1.09829500642339,31.7196301328707,-14.455334822781
7.34654974939053,28.5474953046203,-16.2804696757418,85.0040538715905,-37.9946708437309
47.4791751638534,12.2247109959998,-18.8650092078426,114.581164594849,-44.2236355875049
62.311133479467,10.4410667911639,-11.2008169391924,53.1459413129188,-16.2670442261224
18.7923844748307,15.7357019624674,1.2634850623894,33.9246423593718,-7.2079578648895
-1.01858781011714,30.4463827672575,-0.1392913286133,30.1296795258904,-11.7821035985709
1.45177929240484,25.9561924898014,-9.2134174752733,77.4402724622408,-33.8377722847647
36.3522213529486,20.6378532451877,-12.3006423224647,134.153598895793,-52.2542353451106
67.2672206672787,21.2385887131473,-16.5284278725425,60.4460162468086,-17.7831784368801
16.996825675263,13.2558700170751,3.5984814223237,2.25949451360572,4.69736386355145
-21.9133259614163,22.6031082384636,10.147021710567,40.2970937816796,-14.2213503744544
1.00456526947218,31.7411217105635,-6.72220486544053,83.5847324740901,-32.5241600299052
30.8878918621436,20.5403893650535,-11.394589991481,77.4956777162139,-26.9358278802966
27.4411983147371,10.011022665334,0.152305557293833,39.4721065863181,-9.4749179435643
0.701119856055813,14.4548802045265,8.96558220302926,17.7738513981239,-1.65130135430037
-15.4846480376438,23.230993901302,6.739898357953,32.9645594029139,-9.15246461955823
-6.32823754234358,22.7843068389297,0.250120893959219,49.253488858401,-15.8358810858223
4.02190655864343,14.0100563084669,0.573666891679538,7.02904447001193,1.37325028069531
-19.0315775247469,3.52405680964541,12.749491969704,-4.1656465532361,7.54620604219577
-29.0159672805873,10.8683040439607,15.1994674696216,8.23780105465529,2.47676031034614
-23.0586910904696,15.2769558988273,7.68726575757712,-22.9171305799027,14.4811093074977
-39.4279864255332,3.53010990266768,14.74991793078,-6.32955553876017,6.4792744210476
-26.1000180405436,5.89716179242946,13.2245749453826,11.1903703998222,-0.220747312619678
-15.0432306075654,6.66745517746909,8.5567250608376,5.72113422182487,2.23133835253029
-17.2574707864672,5.17832195686163,12.0398420904532,-4.96703651767278,6.02653694179551
-23.1053925007776,6.57976330881868,12.2668561288556,10.9265650296143,-0.768620616643531
-13.4933113598119,10.7431458860556,8.10496237902909,12.4126866105527,-1.87255729646049
-11.1825849628746,7.54993220695422,6.70372454332644,12.7748055588475,-2.2295469929591
-9.64412633641108,6.77994304220271,9.04431274840177,25.7698781701648,-7.16294589122382
-2.37587827176346,10.2796659594972,5.48954156530655,15.8744214608078,-3.43086391624569
-7.68412563090923,8.7728721902526,7.39119718742715,25.6147760749687,-7.57301539141797
-1.89960632899433,11.7612769320615,5.34751089091283,29.3516375911308,-9.76023982902168
1.17656159586459,11.0986327309774,3.48027862162525,28.6688989699594,-9.5279492054528
1.31683106518402,10.3609843270571,5.11182811653991,45.2149305609287,-15.5226827092283
10.0153742560087,13.8446986816343,2.09058955924699,31.6999900433083,-10.1941860841662
2.02426921371725,10.4439667709676,4.46579745755496,32.9287222825991,-12.2447212859925
4.23329279771049,12.9294430033928,4.41222395717874,66.6413546961958,-25.4058986426322
23.0680134408992,17.994296198877,-3.0868306590748,55.5366972738649,-19.3958547876307
15.0494873970787,12.179939685094,1.55694515795928,37.4794272540391,-11.344958538515
2.68033788781381,12.3570762414204,6.93784235802708,33.7355853930403,-10.8884912742359
-0.0108523620557226,15.6272467159663,4.47108919199057,44.9583796273211,-16.0890605200688
7.05715777126159,15.8034877831817,2.08971960719768,59.804811314741,-21.2260468614492
15.5300336425312,13.9325823204916,1.26460091784417,43.0601718460315,-13.6631748714433
5.10997347695956,10.2658664618824,6.82248448118974,37.3705728655575,-11.2433630596826
0.399304357372058,14.0542493583918,7.75022017737005,39.7736361341892,-12.9559321308173
1.47355728236608,15.6685910603591,4.72593761345185,44.7502865581939,-15.0951317387597
4.84081886525408,13.6108018678713,4.88594919949588,50.7248818916175,-16.6300160606582
7.77279460084357,12.3313737432698,5.4551319368805,37.6746213053489,-10.8077313464911
-0.840136790216898,10.7827272719609,8.99473264944978,28.6471941432254,-7.3680751674316
-6.89499992533104,12.3400042989665,10.0138968620473,33.8475120506614,-9.79801702391874
-4.09574779097086,13.3955951453437,7.69475607921401,38.9490071415795,-11.5793543796548
-0.89670371538026,11.2054156421382,7.35629371320487,20.1404889512327,-3.33802103088326
-12.3332603237669,6.56420616360445,12.4586751108768,17.9733847852917,-1.8546702357344
-14.8867537010173,9.04983134361935,13.2891560846926,14.9407306654011,-0.782361190034131
-16.8723409492115,8.67974468663716,11.8374800410204,8.20781993375464,1.5829983887252
-19.8005310892208,5.80573667553327,13.987118087564,16.8024612322774,-2.08475195194623
-13.8002339213607,6.43314357639651,12.3491151129967,19.067252082877,-2.58111136615462
-12.2727395335987,5.58046900580537,12.4505221906933,12.3357387773159,0.219931225743265
-15.9933717415972,4.95262371626588,14.0755767722728,11.0928749538758,0.402084997725956
-16.5189089822051,6.25799016445949,13.4890458595038,18.2672154391798,-2.6083375027169
-11.9795460991746,6.94992641029147,11.4233723747878,17.2635660922026,-2.21714888660023
-11.9349648424175,4.96358841468905,11.9991171238584,14.786980111121,-1.18775428757797
-12.9945711135558,4.67668664064295,13.0916957641712,19.2305688554093,-2.91946338207195
-10.4530835985476,6.36347434080597,11.6436377334516,17.5888684764936,-2.44132311136781
-10.9784894762791,5.77808645169237,11.5833206954852,21.0181100124841,-3.74520106509922
-8.78872184539984,6.09730927357247,11.2217587427174,20.7499838654505,-3.80569776781223
-8.45349029788279,5.6109315825594,10.9161098825112,20.6005370900966,-3.76417954318459
-8.34266215379906,5.78706566855408,11.2850279129628,26.3835361785415,-5.96345776320405
-5.06874446468567,6.91679079634655,9.86289789364912,21.7509963260006,-4.08611054931719
-7.56004939557675,5.57286665386558,10.7998261327262,24.7969054510812,-5.35954410979857
-5.66297327514799,6.61751302364674,10.4238949883234,26.4457522071784,-6.14922866324839
-4.54350094757284,6.60175624014951,9.47268662736185,25.2539928467518,-5.56239770878653
-5.09097445959715,6.08284613102032,10.317986744315,30.8295520010784,-7.48411803439724
-2.22501347030018,7.1799106927735,9.26105019749098,26.0452796642946,-5.62307827531237
-4.85878265177282,6.00170369215124,10.0887610918979,25.8325273712546,-5.7248640629297
-4.82891414551662,6.59867789794365,10.2855016754923,33.339232229455,-8.72967137200393
-0.518014388820846,7.70073042429363,8.38690192235568,30.2471050301066,-7.16124670890046
-2.46667778579043,6.08277003171815,9.56031264473997,28.7553283686985,-6.26521222328712
-3.76256495645622,6.40131649439455,10.3796709205326,26.4269682443593,-5.43365400008927
-5.22375056272592,6.59404178656926,10.1350915082519,28.0856659758447,-6.18552414172841
-4.1899778317801,6.70071547448937,9.91699977304173,33.1330950213948,-8.16940664273678
-1.10803978703159,6.68196284888751,9.02079542871216,30.0480481697444,-6.66286927073804
-2.99285227978873,5.45181442802238,10.241650321776,29.9185038927923,-6.49708475322815
-3.34233860836173,6.30935708775914,10.4119079992935,29.469295074029,-6.23483468087387
-3.98202243843828,6.53893814464028,9.96864272673209,28.153758908904,-5.55870500407962
-4.86597906024729,5.87695894084707,10.4867153563207,30.2710976175135,-6.23877001904609
-3.75302445777883,5.84225636261991,10.2468767171602,28.5419834427158,-5.45664844237282
-6.48153039066997,5.0298485300034,10.7475552965888,-2.11847169135805,5.70289565978718
-23.2084872100638,0.392793127833401,15.7489258707638,6.30623293757791,3.42777957563382
-20.155201842944,3.98789424031487,14.356673864558,17.5314699793837,-0.221076121820505
-13.8049469952341,2.51857999403677,11.330975206537,-6.4856056517445,9.61620874557769
-26.7684582995611,-4.23281862087424,18.3253859040669,1.86929571064766,4.64274319473318
-19.4073120178137,0.712390110320782,15.6795422907668,19.257965529277,-2.56145647459767
-8.7416862018371,2.87210335236712,10.2412952670793,23.5154240524362,-3.64058714310352
-5.87992248005991,0.723665506604886,11.4386713748656,8.08737865031722,3.27992835156615
-15.4784702930686,-1.1713612986085,14.7362905331899,5.91969766972724,3.91670452914015
-17.028376103263,1.90645563877467,14.2569926713219,10.117297892059,1.5336230159664
-13.8892363837741,2.25474330298018,11.1739492933373,16.6710675292725,-1.39441984243352
-8.53755754076897,0.759264167941781,10.992782917853,18.8804852675212,-1.65619098442723
-7.25450701066396,-0.123002925796503,11.2645911127745,11.787485784561,1.46654100141018
-11.5602087974483,0.150050706467631,13.0299013659676,7.92042629999744,2.82265280682606
-14.0681744466882,1.52573760803562,12.3202908802452,10.6082895669561,1.03976022372554
-11.5895444185927,1.63740040629191,10.8782853460863,16.5452310482596,-1.45576326346752
-7.20179068374194,0.767550736206482,9.87491105810549,15.5217777711644,-0.451391951951392
-7.89542509816411,-0.413792607515643,11.1219886390236,7.38719086253666,2.94604145699722
-12.7652798976909,-0.423612251262944,12.5491331726749,7.07766963910443,2.52342212522068
-12.5634566641495,1.28652190188932,11.4290142661034,12.304767416028,0.0857556623308877
-8.89051028474853,1.19069475907629,9.64685306609347,14.0349915739779,-0.637239060594291
-7.01018406503101,-0.250676402677644,10.0497095589346,14.4162451736314,-0.526145666293196
-6.70793204375506,-0.129994597183703,10.4622144409012,10.8127563461989,0.695932061364871
-8.61219229351698,0.42247386192515,10.6071755029801,11.4176134833902,0.0257997784621722
-7.80301454668229,1.40978844685552,9.80062391198297,20.3737109338778,-3.49062800118984
-2.45669900887062,2.10285161878703,7.93757563292746,16.5216319812144,-2.01390088357234
-4.08380948532346,0.174758159881831,9.05203956813649,14.5945066255659,-1.3091432844896
-5.07013276049706,0.919973667801374,9.8733476048874,21.4091191457973,-4.3286629484621
-0.972792119032897,3.00400148899702,7.53941700653742,20.397127146619,-4.14112095038771
-1.10132796604138,2.02142369721242,7.72181496765048,25.047777104438,-5.84340969835467
1.55906557778151,2.69460053742958,7.43998861398017,22.2215423506444,-4.79074205534454
0.0200577002815709,2.25399704142194,7.62809980422499,21.8601420497805,-4.78105836406046
-0.209211291752872,3.08270663357287,7.99750797496369,29.7364460881068,-7.93338374437716
4.18636391684348,4.4810236429581,5.98602127711871,24.729089826408,-6.04913729381152
1.62578380740799,2.69945674484181,7.32254889014654,29.4864673852715,-7.98407767659383
4.34411328150269,4.26933175105718,6.91663604107316,31.3341190076883,-8.88718354806961
5.35553291181153,4.59123882393436,5.89317748293739,28.5390938062859,-7.76595025377093
3.74301207161633,4.15171759786075,7.07765010584832,34.9299313682136,-10.0662711341616
6.84274101048159,5.65688854499913,5.83659976283676,30.6952789967011,-8.38753355888631
4.27242483842606,4.46503799756771,6.67783440685369,28.6353292471547,-7.59601394611691
2.84979491266406,4.71859130657413,7.56849433584125,34.8200840454807,-10.1508847965678
6.22925167226472,6.03220073653477,5.96978169965843,32.8106460898111,-9.18885186926335
4.93986745973489,4.73799114783499,6.78301593391874,34.4135771188637,-9.6952548909387
5.575193520465,5.32500795853464,7.13258172892972,33.9477547523454,-9.39526259817453
4.86919751390364,5.54076381878154,6.94692551392722,32.5861842126387,-8.63960786883671
3.51907904056151,3.87133372284769,7.62370384116453,45.7560014242315,-16.8150321865473
14.9197623099659,6.44235991007182,3.87005816272852,78.3285417795271,-28.1118420032013
31.9964415214912,10.0313321562148,-1.0047543546419,65.006184326118,-18.8178741626679
19.0232785265034,5.772247743431,4.81433671116189,11.8231190220929,3.84081820045048
-15.6597808419802,2.03525590165145,15.7570701640471,7.69131907047513,3.22183688215577
-17.5609628672364,7.7502620728786,12.0705584561307,42.7077915500785,-12.2785003649663
5.21345039416128,7.9492627558642,3.34651209283611,57.0071478221283,-16.6341959948457
14.8381864581352,0.863082928976119,5.90054412685207,34.8225472548939,-5.42751282287384
-0.28192007041888,-1.44844387446856,12.3253056589426,-61.5950336105445,33.1023315812739
-59.5046535327542,-8.41582050888208,27.1328817710705,-25.2693026873809,20.0140208581437
-42.657874365567,5.75550185783748,17.6339992610788,-7.18284774140326,14.0204921441471
-31.419744764522,-5.85914768849072,11.2888968582186,-49.6580593664777,29.9433201594787
-49.5958919197406,-21.414926565554,28.6629844728992,-26.8027679553733,17.866780275287
-31.7498831771217,-8.64584016630612,20.6150153106416,16.3276798055444,0.75047988700556
-6.489816981235,-0.499455245140863,9.24192568620993,4.63847134481141,7.19617152045094
-13.9327105503652,-7.76364325669932,13.3434070684731,-22.9712285601664,19.0741241643357
-30.8143303460279,-9.62509122611106,20.3114739839158,-18.4685927184452,16.0934650989069
-27.6672163962751,-3.84057109975815,15.0832490410885,-4.72029765818819,9.465640334724
-17.4271002030111,-4.19949396372675,10.7981118835718,8.82122866526703,4.43711825530205
-7.96520175863781,-6.66390709843003,10.1539142316133,0.968444923114595,8.44562693886652
-12.4564244827078,-8.32886084989145,12.986352209226,-9.71792059159186,12.9397585241097
-19.4218159054105,-5.65382854469573,14.1380465200965,-4.46474600599856,10.4454732779622
-16.5017693089675,-2.69172555286492,10.4892284092095,-0.792730062867007,8.49541582726815
-12.945119004734,-5.07154408114234,9.28898138364548,5.20911200436042,6.23795849675392
-8.26363400713309,-6.38622340477005,9.52223111959758,3.17437358417173,7.37887921736086
-9.25136940675419,-6.29345673913103,10.0115740013597,-2.26937166103103,9.72763376969271
-12.7550380706057,-4.96217054219026,10.5650657760819,1.63656230021169,8.1970075745277
-10.7109788508662,-3.42339892782879,8.52922188829036,0.357268779668795,8.42229967131002
-10.5630087169543,-5.23553008091667,8.38601389121609,1.89784951120813,7.77594757897503
-8.88737499724394,-5.75705846133109,8.67387922824219,5.34936299268449,6.53765354525164
-6.64252357984552,-4.97114615015612,7.74558150246748,1.83146145160791,8.1319864124575
-8.7155865955065,-5.11196008490396,8.2314148458894,-0.304759642892504,9.18395499838665
-10.1662097585844,-4.82321045824232,8.2678820987494,-1.55418515016087,9.53838164605931
-10.5150137754291,-5.14001245764863,7.84409904810631,0.44700139213518,8.56481983875104
-8.65067499722423,-5.26364694329778,7.34825637975626,2.0641970421045,8.20168716175222
-7.55339904697359,-5.59094345290752,7.10551528948579,-2.01046346416643,9.96342314395073
-9.72380390814013,-6.06389658751941,7.84732467015059,-6.73044119837954,11.8359577772289
-12.3792375275316,-6.03333487098662,8.18427930210903,-4.02371198511576,10.6084210615063
-10.4163262399649,-5.39645371424572,7.01898709079713,-1.93734289542203,9.74870080983908
-8.53251772502107,-6.07453170076652,4.90369882699919,-69.7741274138212,36.6652210751893
-47.8568478686336,-17.7854589963961,17.0733580292221,-39.5566232346038,26.8553010547045
-33.4404228993489,-7.121698527095,12.3385483441705,-43.3988712665301,29.8284168046934
-36.3331555095045,-14.7135508802582,9.38317500056397,-77.4792285702364,41.7354992343726
-50.992714539152,-22.8924765539348,20.9390590830852,-47.1967253981405,25.9319083755439
-27.6891077759205,-13.1465309685876,9.75866591516479,-4.59293721121377,8.76978572930309
-0.765009683603982,-9.66615029085543,1.21889664140154,-11.2571284291595,13.3901371412025
-4.94294702357531,-14.967668035681,5.08081030231985,-41.3640891356739,26.3126594743933
-23.8800825282633,-14.5306782063248,11.6288258490304,-39.2073325565467,23.9946817233256
-22.421812099846,-7.66395364634892,5.89112716395857,-22.1885184567871,15.48515546305
-9.60593736458773,-8.1601104657224,0.250188048775307,-4.54093999667448,8.38014205482039
3.19257507249124,-11.3548895162559,-0.8228741654691,-7.44647185929021,10.5245072357143
1.64812111222098,-12.32316985609,1.7477466351096,-21.766749431177,16.6546337080847
-7.82483871951359,-9.32154666735529,3.52202306885347,-19.4804551229002,15.1295856806668
-6.95157754161898,-5.31542912971211,0.0549478078504746,-10.8487670004942,10.6922458969487
-0.247452720843494,-6.66156133193535,-2.9057994611091,-2.38322645342886,7.20369102123776
6.28663973610048,-8.83031570885358,-2.79222739714178,0.381134746506712,6.53889130629973
8.0483915986879,-8.11021241622964,-2.37688946418159,-7.84242866515629,10.0674176752163
2.52893119401795,-6.60108351429303,-1.36877819570137,-5.75111892064672,8.94409203481806
3.32843133791453,-3.99595693919319,-3.19363364061173,-1.58097420811917,6.7448534068054
6.47426881250588,-4.7017375426752,-4.94414950786905,2.919936213446,4.87969343640137
9.85704960919576,-5.79162093126665,-4.61942395156673,8.68363985744064,2.85741429213258
13.1497481658033,-4.67354913734801,-5.23255689008609,2.23677766527796,5.55613582373864
8.9759636834849,-6.12575836557971,-4.10169182370727,18.9889875291133,-4.27146677923832
22.4519556177617,-1.22074083272743,-8.98029340394588,55.86808523537,-17.6961293540752
42.3108944676887,2.67036902817758,-15.8330161576849,40.5116513477837,-7.65058737709822
28.5766289422661,-2.81900927577422,-8.73775147268687,-2.83058704897709,11.4171892887617
-0.737223826961002,-4.3272590437942,0.543785280137712,-13.1962014400337,12.9721665843357
-6.07681099745054,0.431091870317398,-2.44879815649901,19.8243958800369,-2.24109245068036
15.8848685718433,1.71679403854963,-10.6054491293602,50.2588572610053,-13.277462834289
34.8826831618797,-2.4357433420104,-12.0482006557087,23.8483340986041,-0.448040394477441
17.617312582619,-7.44111531228442,-2.57889336887067,1.63633328766197,8.90838796438733
1.62762061202153,-0.903184856352687,0.415713234388394,3.58994528477886,6.80761304758924
1.78608187251859,3.39944951302071,-5.51056900148351,18.7030196063352,0.140187013537145
12.0699050138082,-0.311143791607867,-7.54748954706499,31.2442851889824,-3.7986120119387
20.0015117608456,-4.13758575675884,-6.41337185068656,13.3341097345199,4.42104561110456
7.07596879862987,-5.70508140765002,-0.799571600210228,-23.5532188923517,18.3605375865574
-15.31283856033,-5.09288116846137,3.79791266123962,-14.5523204966936,14.8975632995939
-11.904787352566,-0.558708023895195,-0.567742252887056,4.2216448413283,7.79039444029691
-0.226842617905086,-4.30110377523193,-4.07352705635036,-12.4290114274403,15.3196622632188
-8.72569164910451,-12.354360197052,3.2499098165603,-17.8993057338335,16.6468525400284
-10.5121544085195,-8.48694883077999,4.22591239194711,-8.94756689571006,12.6079966403929
-5.55304146573449,-3.77660531528886,-0.693451431587627,0.804140653252887,8.8843641561141
0.413581732968253,-4.62244058158815,-2.40935293554804,-8.01977428191407,13.0832753986356
-4.60620824776035,-8.63412488408186,0.455801313797687,-12.0572321352716,14.9090630108647
-7.0167460488411,-7.36227730796605,1.79296772927669,-13.6561190368985,15.1161424818246
-7.72085062866941,-5.97087507928504,-0.00624221359016053,-8.58102849453248,12.7190468786198
-3.96025751080729,-5.72603264594292,-1.06184301075128,-3.03169178950633,10.7997201147825
-0.399460930578329,-6.6171366732914,-2.02222821055381,-9.3153045930905,13.6553348962574
-3.85418593860752,-7.93396928059772,0.047853712347977,-13.6010579286572,15.45366345805
-6.60620386914589,-6.71060859706043,0.193227164596504,-12.3064282614312,14.6214998632069
-5.58320987139604,-5.77511879916219,-1.20881328499567,-9.72950973594354,13.4780630790849
-3.42584607338745,-6.55251171109183,-1.94600845988294,-8.75116574561635,13.4794684991728
-2.67881108842085,-7.460378554156,-1.4601052985521,-13.5897669085698,15.6062811082338
-5.39116445954483,-7.74443353243869,-0.566672673358108,-15.640328049797,16.3905698485997
-6.56377462160086,-6.83584521933647,-0.789610193960368,-14.7454428758921,15.7203118432396
-5.50851031073974,-6.71930136365801,-1.8837454241476,-11.7712576524406,14.5339575499165
-3.17666029035721,-7.14266532108926,-2.34834505711147,-12.4674826964892,15.2614608641797
-3.61250193376391,-7.87006205111181,-1.92241010262618,-18.0961053556423,17.6199869521153
-6.75872373813873,-8.10901590165539,-0.926233585280142,-18.0908195403053,17.305543264726
-6.33233107705737,-6.99916601980276,-1.83472691149897,-13.61029290581,15.4133620242552
-3.25303475338712,-6.83398570318693,-3.22488842491444,-13.8802021202395,15.5814912728481
-2.79260433537354,-7.96482417303574,-2.88744348778469,-13.7843506450345,15.7560852162912
-2.58945224505302,-7.6580641937355,-2.68654870302484,-15.9818907824297,16.5023847923627
-3.60734188265127,-7.27142302561849,-2.98545818226935,-15.4142855552447,16.0668922182885
-2.83964758059641,-6.73261805587199,-3.50778176735278,-8.65924186858502,13.5230462223051
1.25253111445117,-6.1446022006186,-5.02369421623678,-12.6330806159537,15.1336126209059
-0.565852055916553,-7.58206589330988,-4.13320881779105,-14.4502475312277,15.8515236506781
-1.4564418672295,-6.90305973107188,-3.64974457703817,-7.22397610428041,12.8426543615812
2.91515008071928,-5.06526816968831,-5.93691451536097,-9.20511577686479,13.5105266326923
2.26742700271342,-6.2915692744255,-5.61289993252812,-4.66279220080279,11.8498471250106
5.0255167178429,-5.34155900636785,-6.00580879318607,-6.98851009119051,12.7387301865003
3.7884916142266,-5.60601515965426,-6.24378673771333,-8.25394366378348,13.2180996804787
3.09131978749318,-5.06710610719742,-5.73314800548053,-0.771952703601431,10.4361512475845
7.16405425128681,-3.68908483596225,-7.72969781164792,-6.64164846999349,12.7507192375683
4.06050628426782,-5.55905263596093,-6.39718626937935,-3.85897130488051,11.527656097051
5.90471583475491,-4.24062515840422,-6.68430085425549,-0.0311097953879839,9.88888525339151
8.21394827544184,-3.53230880702954,-8.24805310687473,-1.96381656911064,10.8299531390223
7.04450547314606,-4.18525187867508,-7.33918224071732,0.0156558555501073,10.4001974015479
7.68850287243165,-3.42397783144835,-7.6874072309813,-4.97418251461494,12.4107457436032
4.66311143497355,-4.06977890934048,-7.04669116869864,-5.94571458805598,12.6913962887923
4.15468804111476,-3.7258726615167,-6.86651733384778,1.113568197208,9.89032256943646
8.31957634922778,-2.8302399451456,-8.53928051040801,-1.16589985883702,10.9507310759487
7.12281459385676,-4.17273543118059,-7.67094780115569,-0.617298688621017,11.028185851851
7.12514614916808,-3.40951054384905,-7.29387255630293,-3.07949388467588,12.0226835235532
5.45827449375726,-3.18776449404138,-7.55837466193305,-3.32112481249611,12.1155136385772
5.25339255389308,-2.96636806662779,-7.41429708151772,2.14009022818982,10.1762703004672
8.22765878009415,-2.52187947294158,-8.57577992891622,-2.55665679383349,12.194319196491
5.57070017266012,-3.97981769339312,-7.31945191680389,-4.39622086642362,12.9474356785102
4.43329278534552,-3.35375259719913,-6.79888560011744,1.23978467715379,10.7181595720004
7.55277687941131,-1.97200963442937,-8.51185149430053,-1.29616078703076,11.7607479931031
6.21716370739218,-3.2472292081599,-7.91149157247722,-0.885863649423083,11.7802133049961
6.35538917027012,-2.98889578566956,-7.53128118990334,-2.38023703517454,12.415860698416
5.37140911165768,-2.92366933446912,-7.74932371171303,-3.34464703326686,12.8543934603743
4.73263406060158,-2.81496486462458,-7.42253281310126,0.374522632934593,11.5601971757233
6.70864395776305,-2.33310340925809,-8.31296830336828,-3.80378814152895,13.243544237407
4.43441622198817,-3.52296197040644,-7.37986903169698,-3.20043805763162,12.9893896794505
4.85008194279894,-2.84093417976096,-7.41189645215066,-2.0989164623036,12.548536740901
5.43912064695162,-2.60320618035754,-8.16193987125752,-3.69940679848184,13.3487454658211
4.48562875366025,-3.11955715581639,-7.53407400483034,-1.67958371570776,12.8768047105868
5.32250030304741,-2.69363688970096,-7.85822466120031,-6.09492161266155,14.5718896747068
2.87501965656809,-3.46543244059998,-7.2463908636534,-7.41239264120111,14.9298670079053
2.34744529815815,-3.1952054298468,-7.07342084783103,-1.14779727946304,12.4624628605002
6.06047837672952,-2.293022314509,-8.64412714421502,-3.23475803228626,13.5268146425763
4.76913176088421,-3.56865776097048,-7.93159873760106,-7.58115801346591,15.4214101074645
2.14126980946464,-3.77137556984495,-6.80528150736725,-8.97583636734013,15.9414754684667
1.12228938007627,-3.12104947651688,-7.26485213099669,-8.54543010861503,15.6597380841957
1.60077164374737,-3.24762803454224,-7.64455379092199,-6.91467652247749,15.234622267124
2.61081743971391,-3.76726151767361,-7.76901644623876,-9.23427222241843,16.2285974894506
1.03837790533438,-4.40480505848296,-7.11600038440463,-18.4878516026742,19.67559763325
-4.0074267942142,-5.26618148494695,-5.78572088404067,-16.3598092825158,18.8970663610402
-2.9135125277413,-4.04615971809021,-6.65481039616107,-11.6611484567199,17.1271534917579
-0.0918936822047902,-4.37885307417305,-7.94668293296699,-19.7679885773815,20.4740095270327
-4.32056137467073,-6.84881231534832,-5.77763978825165,-20.3893952858728,20.4759576487627
-4.18932344414595,-5.65840559298434,-5.89389113295359,-16.3698180739589,18.6963833773636
-1.51872572899173,-4.72114703149636,-7.69942431401528,-14.803751619623,18.1137418118051
-0.140431773519361,-5.42844805365175,-7.77684856640575,-16.474164252752,18.7605476079732
-0.673163817121226,-5.98414502177346,-7.41797728027413,-16.3916361588306,18.5337118006546
-0.202211317229123,-5.24742907967258,-7.76880898802067,-13.9580038478822,17.4973531385728
1.42633782712395,-4.58368188658119,-8.83852748250824,-13.3735488091127,17.3582069313682
1.92892217972225,-4.97192580974763,-8.96836303209442,-14.903366798226,17.8806037700093
1.41029792890648,-5.26516755170338,-8.7795277347502,-13.9716527726274,17.450824678676
2.19406729677136,-4.75336444109593,-9.21969188713425,-11.8427822213588,16.5196461239806
3.69176162264589,-4.38419300952502,-9.99532452041209,-11.6434174591409,16.5010837697173
3.9586742599583,-4.60238005854464,-10.0239440681383,-12.8189494517267,17.0296975622346
3.34395932993238,-4.7829259845321,-9.8712097844246,-12.2803762925796,16.5175218894701
4.10737552220091,-4.28674304448537,-10.3655948872771,-8.73773247416773,15.1389241589864
6.16407738187978,-4.01993525368316,-11.2693180720736,-8.57040025492623,14.8501504885496
6.7764354211045,-4.34635367389232,-11.3702916563587,-8.16958019761672,15.0934600481094
6.56212260866847,-4.05319706075109,-11.2410537960016,-10.2063512918682,16.3427441227351
3.88222914966824,-4.42033692477862,-10.9742852979297,-29.1454770607893,22.7348109846927
-5.81901133064651,-7.04842413405678,-8.37189256307476,-16.5916956250423,18.1714857686844
0.774606437968375,-3.87992883238767,-10.780402543442,-8.9895817587261,16.0946375398611
4.56976910900005,-5.39831079269532,-12.4573775888538,-35.0155852091712,27.0066579369489
-10.5432958247621,-10.6923987745153,-5.65114052887606,-32.428702301098,25.0184142601913
-8.17474216996723,-6.22041696892874,-7.55359683669941,-21.3296143299283,20.0379557677524
-0.95456687335602,-5.26939676250072,-11.9491439691946,-16.0533923114568,18.2071151512265
3.06171277604541,-7.58453868641679,-11.142735289173,-22.3199379532866,21.1993918657678
-0.538850917417228,-8.71872095907736,-9.49978943015113,-32.71029683095,25.2323577326384
-6.73500090261838,-7.68550278458503,-8.14415279474379,-27.8226560230009,22.8726681123971
-3.84464803064726,-5.34882544981803,-10.9011341424976,-23.841297717486,21.0612584466248
-0.636371873865685,-6.99202308628344,-12.1260100280548,-33.9459515315369,25.0377026392144
-5.55676580433206,-10.2209806223514,-9.36797647087025,-28.809938761356,23.170589583288
-2.56371913486629,-7.54278437596096,-10.4302437183078,-36.8163960844243,26.4814308788706
-7.3789892528515,-8.73239354186062,-10.3214630329299,-38.5371142139008,26.9371301673524
-7.79421757865365,-8.64555869209719,-9.61464923694881,-33.8680490961546,24.4177869887804
-3.79027988251845,-8.39503279791921,-11.9886521480766,-33.2945957401726,23.9461469676876
-2.30126294003878,-9.3761623098831,-11.531339038512,-29.137894256688,22.2522924512841
0.534840746629737,-8.32758211401382,-12.5318653428916,-33.1414227331304,23.777962054354
-1.51054537883526,-8.48343249794154,-12.2110963224085,-33.4822142063969,23.6089548155801
-1.25262274790571,-7.62375218984315,-12.7255925226294,-28.3682512626231,21.1165283311541
2.43243544761823,-6.96928373017284,-14.46113044492,-25.1332790990789,19.4911536537811
5.29014483029052,-7.34371899810293,-15.0381013395104,-23.6411537322855,18.7852498600663
6.46655898359042,-7.93553575879854,-15.1845840788768,-18.5162504718898,14.8481886955062
11.9933760917689,-5.97516249542542,-17.2363052436042,3.62746424397501,6.86094932953349
23.8183928333895,-2.3527314535735,-21.3169100974857,-3.55491223768344,11.579176210625
17.1949848835521,-5.06447349101135,-18.6863239308612,-33.6615311001415,24.020374852267
-1.66066200051336,-7.32943400059637,-12.3979590233395,-31.3507124439112,21.4180954459411
0.503462525261747,-2.96685421655585,-15.7679899599718,-9.8595402489793,11.7280477189106
14.7855080902644,-2.54760122247317,-21.1643305780182,1.22726725540685,7.92437422799303
22.132811019678,-5.66820372327118,-20.2846023156962,-11.5090644400846,13.9551112163563
15.8833925735681,-6.73896312670013,-16.1199241777083,13.5827598525526,4.83720008566421
28.2212458943341,2.81450796029742,-21.2754592332071,14.5797147413966,2.63850452603509
30.3838663880475,1.93066239245528,-24.5005554654736,6.91632452593685,5.08769687059815
26.7584462457861,-0.105062411345725,-20.9997445835269,38.360393787625,-7.05622000952902
43.9424500579212,6.32432543539908,-27.3685020345623,23.425398063827,0.955354504691255
32.2778965897175,1.4822931887694,-23.311307612662,4.05798943102188,9.05069294812856
19.4326557379775,1.75928841228087,-18.6474805660715,-30.1510055436835,21.6669784360791
-1.35026290185412,-0.948052055487039,-16.0019205203365,0.646137638343322,10.3395302612067
15.0986136787787,3.89393421884522,-20.523345014307,0.254974850446864,12.0274525289904
14.1434042322424,-3.76960432921298,-20.1805668124678,-27.4966848453226,23.489410781818
-1.1780537507516,-8.29985130417659,-9.73734392145005,-21.020879540479,19.6100764704507
2.9976919106035,-1.11285561916538,-14.9503963978716,-0.0381542728124173,10.4507095877781
16.092646203439,1.2964772430725,-20.1477829928317,5.53344766718951,9.1584007678439
19.4150361153975,-2.67917949595127,-19.5194798168131,-4.63559166962903,14.5230471706612
12.300310761661,-4.07786089231569,-14.9202652645584,-16.0833907540238,19.2745080916897
4.26682018818243,-1.71291379501895,-14.4283168831558,-15.1133671412731,18.2321978142378
4.89919210334175,0.0367226417002549,-16.2125201973137,-1.08875281056775,12.3646985950382
13.8593300725097,-0.535042430963905,-19.1548308189423,-0.270638864121488,12.5173491252927
14.9155854069101,-3.52108230667503,-17.333973024475,-8.46745858604314,16.61116137572
9.1817380992333,-3.33285527372284,-14.6663727022207,-11.0617669476976,17.6786428137021
6.75152909227306,-0.559728518080944,-15.4634364562498,-11.9840960121287,17.5594238141785
6.49184594547828,-0.750337568596322,-16.6262388376939,-2.46111672087355,13.6914897918227
12.6443670028867,-1.16145506315813,-17.7825498490221,-2.10825673029481,13.9733341278441
13.013557630527,-2.8352631024482,-17.0850242871818,-8.56082316217429,17.099251480277
8.57191586493875,-2.49262054540674,-14.9257805432808,-9.62695477635127,17.8729748786129
6.85992029665715,-0.626925474849146,-15.7837351883963,-14.3986698565225,19.458628211469
4.34192371633035,-1.73476867446176,-15.5677025162968,-7.73649428983344,16.4916246805272
9.00236064423805,-1.64230681868121,-16.6242500540679,-3.70944863099336,15.035034135409
11.7035588243064,-2.3667327471429,-17.0976295229726,-8.48133079664387,17.4989663401677
8.52229105303021,-2.82152066607983,-15.2848668886663,-10.1520421450309,18.6470933844491
6.56096580429121,-1.43487353187808,-15.3988268596265,-15.3903490333717,20.4855323741392
3.6050506889339,-1.99637954561733,-15.3140450847611,-12.979964555222,19.2503445828679
5.57191825678933,-2.18417221317425,-15.7811524518859,-5.99935359283544,16.517639386036
10.0810126808553,-2.24857386068101,-16.9858635087911,-10.2893856452453,18.6331359037211
7.56359450848555,-3.50120828509412,-15.5074747259514,-14.9390813968835,20.8447867154893
4.26138672949415,-2.81438331517459,-14.6302766853345,-17.2718061968244,21.6763316356589
2.76403674043952,-2.33027756998249,-15.2595752549899,-15.6415741029436,20.8891475557578
4.1013150756668,-2.71968355947668,-15.7928379197793,-14.7830559637161,20.8025901104959
4.80488225122958,-3.83733363832305,-15.6354687710659,-19.0162949107201,22.7487810167915
2.47167312798157,-4.57349650767349,-14.451777620477,-21.7221385606449,23.9435876903173
0.769885249582758,-4.02314126460995,-14.3364509515304,-20.8966613249742,23.4809562185175
1.50954945668038,-3.68896898066173,-15.1594623457485,-20.3937127969549,23.2025800455127
2.37077719071722,-4.36138138737616,-15.4669891075257,-22.7999384161153,24.5107461175932
1.00009926647587,-5.31052922339341,-14.6963912453309,-25.8520986609034,25.9314102510864
-0.796921890096963,-5.30615435622021,-14.2458536912668,-28.9095219385243,27.1648039846573
-2.44126064377395,-5.4067950143359,-14.24110914029,-28.3674344716823,26.6881948634294
-1.43179702183428,-5.50697855904169,-14.798016332261,-25.6447797453127,25.4660199502168
-0.389345103404031,-5.71354715521902,-15.5377295531588,-48.770566489346,34.3792678274774
-13.0644470129461,-9.96833256498643,-11.5359844100201,-50.5089132475188,35.8170889578917
-15.0112076307848,-8.10669926534143,-11.1712074187359,-40.5992968270985,31.8521174041784
-8.70885033689568,-7.50239976476509,-14.7635711819419,-55.9243102616132,37.9038618287621
-16.1814025408802,-12.8300775469301,-10.9113311667944,-50.064857612916,34.5036653573921
-10.4978013166814,-10.1588271168948,-12.2740419300333,-39.7277255473054,30.1743038233608
-3.65031648981968,-8.66199538942732,-16.142366998341,-42.64931699113,31.5025342364342
-4.55280872048869,-10.3588065454586,-14.7985847438771,-47.37046296739,33.6337028483683
-9.49846670340014,-10.1837512231344,-14.3742361792344,-88.1700750609447,48.4378485859978
-31.5363445494601,-15.636589978478,-8.83301735286831,-80.9374971390684,46.1361858033629
-28.1107472427355,-11.9424569332884,-10.8372571609311,-55.8471125700724,36.0958626838554
-11.8984498974385,-12.2150783212086,-17.2790763135298,-84.2967396555568,47.420437773423
-25.8819298946294,-21.5994235594212,-9.27075408144814,-74.8187928092361,41.778994788725
-17.0746149708122,-14.7288794856029,-11.7650709324535,-53.0463432710249,32.3623275474058
-3.31167907868047,-10.4583652265104,-20.0558936688997,-47.4638104757093,30.2507554589402
1.51510812501479,-12.7610244229351,-19.3696842575274,-55.7559141025422,33.9072579685216
-2.99930146907117,-15.5541118604277,-17.7290416155627,-38.1413368166767,22.9945935184925
12.4045375151206,-8.93391196060136,-23.3681082580954,2.14839289868734,7.64553052757745
35.2670090066091,-3.56533437440104,-32.5190154363078,-3.05378315790357,13.357219367031
28.36255380718,-8.02036461229956,-27.4854959167476,-52.3317654877336,34.5656504445085
-3.55116927538914,-11.6148241174748,-17.5035992511819,-60.6605137348691,35.2627155773406
-7.18439384667672,-5.13127024305062,-20.3777561175726,-18.6175815414097,16.3078342363172
20.1727452170843,-1.81501356974998,-31.9545077496024,2.63766854700987,8.43072056527685
34.9264534910532,-8.38874281769048,-31.4962576156541,-16.1912363252734,18.1156175432563
22.340782743112,-11.0724557805639,-23.5537978994816,-34.165177584228,25.7136901920696
9.01951919911983,-4.3634415350551,-22.1479224605053,-36.7725906747509,25.4764783074866
6.99327004964941,-1.05427478644377,-26.4526047021237,-13.5883805499591,15.2212164513814
22.3668671445312,-2.28178285339998,-30.6904562958884,-4.93730497771034,12.1972289751474
28.796140736615,-7.13355751254436,-29.6232278371852,-16.8539512455161,18.0987362075551
20.9721246676822,-5.50225923536534,-24.4852291846278,-37.859533264393,30.1242920643561
1.99519590569815,-3.11158827279981,-21.2748772327531,-76.8701208629892,43.3448754872048
-19.2941052954765,-6.64875856657861,-17.2013995036924,-51.0046885376787,28.3490577603004
2.09532305361096,-3.33371762306932,-25.152680321529,11.4052245198981,2.32703448839564
42.7518791607511,-1.69779276003382,-36.0150453023665,7.1622696218472,7.56236934525554
39.5928579761177,-9.91481891286047,-28.7041399383792,-1.87943883418924,10.7538155212942
33.6428006743785,-1.45443566377777,-26.1814378516904,14.4310155268786,3.87031555396719
40.2056249675684,8.91484113838532,-35.3362768930746,17.3098473782917,4.15387321720801
39.0023718737031,5.46504172259853,-35.3398073030553,2.92094499295095,11.1698771209621
29.2085509087028,-0.619432096159184,-29.7379847960325,-10.970881900684,16.8703156645408
20.3165370572258,-0.638250486077683,-26.356433786774,-5.16222636285178,14.106653336666
23.1537179352579,2.96426516723038,-28.9292239621846,1.59202226679586,11.4993603774749
26.7899603007049,2.11558895491282,-30.1809238805492,-0.363704590973686,13.0249462495411
24.0059004888444,-0.341840130267966,-27.8666568269474,-26.9468032604732,23.8622337800357
7.77012260120452,-3.64324535051688,-22.5134812230675,-30.3537797361748,25.917283975354
3.80714281560046,-0.675649350520156,-22.24778340585,-20.6705628575222,22.2141906501948
9.06960533138895,-0.621931463915499,-25.4395821729436,-31.2308487809946,26.5361129212181
3.89922737630862,-6.12483474486345,-21.5939336609218,-27.7690206118146,24.5823299605843
7.19736548841689,-4.35023951654023,-21.5336959391313,-20.1779963477908,21.9506058411284
11.0651640789341,-2.33047873186063,-23.9237325808536,-25.5118568310909,24.3479149773013
7.76679696196556,-3.63383630440049,-22.4687509190684,-31.5394347473964,26.6335396858037
4.34439237499545,-3.796984246515,-21.5327262411591,-22.8284705405275,23.2284547052176
9.34605728948211,-1.99985579774866,-23.6015209193131,-26.2055640335357,24.382299800138
7.92027483957537,-3.94990000120574,-23.1546421847961,-26.0994510679472,24.2398420035724
8.47453353877717,-3.60313244285067,-22.3915678756835,-24.5343950549416,23.4884934265966
9.48221550967506,-2.77251168230413,-23.7177368830674,-24.0852402633355,23.3929105197672
9.55815017494895,-1.32103289665931,-23.4633742794913,-35.9982338521967,30.8790949647577
-1.03006555572552,-3.76206759542999,-20.4448184036496,-70.2180268546766,43.0910898332387
-19.3039379726551,-7.96215952553711,-14.7752988887057,-54.8018696452031,33.3927698632099
-5.75869102508453,-3.1668457233832,-20.6890010886275,-4.05674126343048,11.977018279716
27.0389277830321,0.124291977522127,-31.0824462981435,-4.80985393498689,14.3021312081756
26.4221685269575,-6.0981015396187,-26.560353163919,-32.3754624752587,26.6832403703479
8.08994896113734,-4.81124429677755,-19.4656575585861,-43.5292751853937,30.0841807434997
0.249183908485882,1.5510499231311,-22.4522882878463,-26.008231265228,21.4302634760244
11.8838090313492,2.02198592033301,-28.461375831564,3.25748659573938,7.65409168347544
33.694124567808,-0.46285725638167,-32.8564242614241,18.7529204645789,3.31973482581813
42.2483557422467,-1.09710658716263,-31.6029429579985,0.188151449223931,13.7655513740614
26.573561810068,0.405833492068337,-26.3562475222975,-36.2382479641224,28.4098018374685
2.26921434829106,1.82663220997969,-22.2104984803515,-30.4611990605335,23.6955424457225
7.04127142561726,4.95052767492998,-27.1331624371722,6.28193686613223,8.10699304884931
30.9844268366274,3.48232225709073,-33.8750486739807,9.16723647735593,8.09722438784284
33.7454931373772,-1.84317043746671,-29.514192907754,-20.5884316466634,23.093089986873
11.926634667788,-2.14726642509451,-20.9787988360852,-49.6132809997933,33.4380486434966
-6.25135292816917,1.96454222835276,-19.6530195584215,-34.5592966097188,24.1467361941593
5.59984146298505,5.15235545455135,-27.0291029853743,9.82487323687011,5.49617883014965
34.8382223646753,3.47478961907633,-34.0787622322149,9.51963480438059,7.65324537588666
34.7216830434791,-2.94622533827116,-28.6082420317237,-19.8977522731409,20.9526574234211
14.7292892448126,-0.705793356410857,-21.1369257688091,-32.0153242917388,25.1001870473003
5.26741871894588,6.35785779278963,-23.8548849146178,-19.3248584010412,18.3819955341745
13.8000852122956,6.76096808066836,-29.2232822556927,-1.67760318742662,11.0953507462115
26.2241859395269,1.75358586320982,-30.2742484947418,-2.63601045288017,12.4429614608801
26.0367004137849,-0.993333772906076,-26.3968600109325,-16.4331576178777,18.6293702579628
16.4232705274294,1.91640131854819,-23.7647629678896,-21.9748310499249,20.5297919158037
11.6587329355632,5.78403041538192,-25.3372066566717,-14.125406327683,16.680714554009
16.655818300845,5.56645355270286,-28.2090274825803,-6.68348158575323,13.7009602232815
22.0067749295903,2.36957866235157,-29.3434536642757,-67.6047053226299,37.9346756957904
-13.2393707055248,-8.44925519805947,-16.9989924895497,-43.3255794244358,30.53090424426
-3.08093282120505,2.97586834649444,-20.5019343103664,-44.3868298572775,32.2811115320915
-5.45210408682215,-1.88433708877152,-24.2478813448835,-79.3368460394357,44.4871693292593
-21.3831503958679,-10.8531508172954,-13.1245480216621,-47.8506556821154,28.5209440289044
1.81100000396122,-1.95571460624696,-22.9689206534695,-9.29464264683696,12.9400057585197
25.9267286491655,0.762703290843514,-30.5231367868642,-18.0506864015889,18.4308051751046
19.863855021094,-3.86285912924113,-25.5239638327801,-41.7203846045322,28.7873711892665
3.98474367754349,-2.12137611769948,-20.5154735604343,-45.6860496493947,28.688843946756
1.8256655133943,2.68914733970616,-24.5184577970409,-25.7742246768997,19.0286297246211
15.8435608368238,3.25925974385706,-29.8526316843994,-5.11852011391648,10.9767856763897
29.496393891528,0.525543361656121,-31.5553691883829,-13.9010605439943,15.6117196237134
23.9820647576483,-1.59847216996402,-26.9989730297965,-27.985973203521,21.4234057209803
14.1745573563174,2.2108957542846,-25.2446752884329,-25.6175409260631,19.459248002897
15.1041299069604,6.07322749420354,-28.9293546789071,-13.6118113792705,13.9421807202878
23.2038954364826,4.74338286263436,-31.6672043960036,-5.1931780396816,10.8485068975545
28.9282626364327,2.2214686797067,-30.9604484040715,-11.1199398056613,13.6892626009543
25.1209001638744,2.05156573708401,-28.4651558107958,-16.4775797357057,15.7708248352516
20.9130966107747,5.16526931760989,-28.3143423758959,-15.3662339812869,14.7439919563211
21.1756425910674,6.65753486789324,-30.2565498199503,-8.70475013169462,11.8931232593569
25.3722959134228,5.68740963909744,-31.1294364587041,-5.23109908935917,10.8082788095683
27.4262603346019,4.35885607454792,-30.4480286674021,-10.5567611730437,13.0515908253848
24.0053787137258,4.35720873407644,-28.6536810370151,-12.1279810971132,13.3718943199764
23.2428227483718,6.47220330048004,-29.0682064001044,2.05181434749782,7.75540327433835
30.870269912246,9.00213834317453,-32.153555333163,3.74829465272124,6.85517172325471
32.3358902530087,6.39018469727071,-31.9197891724692,3.58981709341215,5.84241174975984
33.5469819147876,6.89962359819807,-31.1112641988761,17.1474823354413,0.912976128053549
39.9699790861921,10.7191988118356,-33.9771304999587,11.7261300282738,5.05896298186644
33.5133992748925,9.2687852239958,-31.9314086940825,-14.3737866887831,16.2185356977964
16.31451185039,6.1612996854425,-26.1285064004075,-17.7042111625228,16.5390480915898
14.4569547167484,8.17674973508959,-26.8399803371112,-0.179293578166521,8.53602398977265
25.921072763124,8.98835854884266,-31.4291771200161,-5.72042609371041,11.0473936327953
23.2563482427812,3.93771579843864,-28.2157107485775,-6.46851545227062,12.8175590292327
20.9542243131772,5.34247120291217,-26.0418158036711,-30.5768931034802,22.9740635010128
5.00374867068609,3.82394344781538,-23.1289865871707,-35.8026104472706,24.6721587210624
1.60952415015518,5.09507779389403,-22.4477272615143,-21.5182671522671,18.2487345596752
11.1039457800152,4.85574649390253,-26.7285991641199,-17.6351776043566,16.5922718884466
15.0560941579561,1.34915452739276,-25.0367977936267,-17.8105675812696,16.8805085633054
15.2781443333035,1.95997904643533,-23.9746181104901,-19.9727254460476,17.8528761087775
13.2813036173786,4.4776172360569,-24.2033024712459,-18.4477681783156,17.158903618982
13.6284640336936,5.80403687630441,-25.6345041592875,-17.8061515488023,16.6890456079448
13.8209117722047,4.48671519866953,-25.7249937217432,-20.9877563850281,17.4778567101579
12.9103029982256,2.97857643681838,-24.7567199655555,-18.1117922014141,16.6670202446907
14.1814514069508,3.97585733416859,-24.9153275737823,-15.6998036172198,16.068126249364
15.0075029820739,4.53348712602294,-25.4110012963982,-20.501405043376,18.0029189415572
12.114250706747,3.72443570720294,-24.3566398412478,-18.4606513530774,16.7036029440769
13.804347427871,4.50481066964963,-25.0176652476842,-12.0286442690405,13.8326629853106
17.9757297880342,5.10981772216274,-26.4968292898755,-4.67239619901971,11.3520819821112
21.9254766995666,5.48856311054999,-27.0270547378567,-12.0178320133397,14.7687269785293
16.9043895147937,4.15616649846915,-25.1659735695457,-14.3406446363449,15.3038847672592
15.5145255647832,5.7433743160325,-24.9281703183256,-7.170511454218,12.2181888317562
19.4690962067486,7.14600909773996,-27.3920023957687,-4.82116818600736,11.6687935521575
20.5440196687059,5.37682743121435,-26.8204357013745,-4.23246326551099,11.2756334486491
21.2212578461934,5.30286206082265,-26.2720841058895,-1.86474288570537,10.6169105711281
21.8118814124087,6.59604219884544,-26.6327604577033,-2.48513231589542,11.2247954886707
20.5038018251375,6.95655768986729,-26.5583460045445,-7.69546115254672,13.6387306641445
16.6013990911044,6.11988064406775,-25.3558758842079,-9.86619376271983,14.4988935507307
14.9972357115414,5.95338147111846,-24.8281411078626,-6.57097961732305,13.214771459161
16.7756730255714,6.14528811467299,-25.4020959505203,-7.38920759533881,13.5280793125211
16.333045794261,5.31077239604104,-24.8648737934088,-10.1879077097305,14.8202155411298
14.4017404356717,5.061343439522,-23.8556627029957,-9.54148394953681,14.7582718228946
14.2482177843183,5.76369988301774,-24.0847680125103,-11.3490853598908,15.5368773085601
12.8462504413203,5.34426194510562,-23.8055796606912,-14.6262535526728,16.9603375670488
10.7587706213059,4.55109054807237,-22.8980515577073,-15.6093485164715,17.3334022335149
10.038926787382,4.43394458275577,-22.7236964899709,-16.375317240091,17.5133445349586
9.79075936733775,4.23448550368457,-22.608589922255,-14.8623535293612,17.2696475499016
10.3130276721567,4.21175950772356,-22.5765170305251,-17.7994211778825,18.4262619214091
8.55046641664823,3.56765682593263,-21.9663471743402,-22.4649439876389,20.1188467143939
6.03224801821149,3.15842388764423,-21.1611180236773,-19.2094930701749,18.6496942315052
8.1336629788878,3.96361409151243,-22.1429406435877,-16.2659814480502,17.5536565657177
9.91233597896461,3.61487265424478,-22.6544958026355,-20.4567089782522,19.5294180617733
7.37046614317894,2.41600744887662,-21.2691642291775,-24.3680796693894,21.0054993041246
5.14369345221118,2.75089843801662,-20.7196548163936,-22.2123549483752,19.9326551492013
6.57260661655492,3.56405079846158,-21.7705976348293,-19.2748146426311,18.5834855223986
8.79598740887375,3.11625182542559,-22.4095323907278,-18.6241235776925,18.2938204793815
9.69215918377474,2.57477840996231,-22.1211084819521,-18.6343523537054,18.5281622747648
9.5003907533366,2.94200203829561,-21.9703352890861,-20.7188381843051,19.3250859084813
8.2840107137421,3.21586610074394,-21.9227081134419,-19.9822412003463,18.8465511124547
8.88938313438725,3.62603028273204,-22.3652483519545,-15.662635580488,17.062879666631
11.6481591641144,3.78286947939152,-23.2589373295814,-17.368884124995,17.7091410341579
11.0759290195669,2.90180440159305,-22.7697121811253,-19.3122486156348,18.5179785714755
9.89864772129083,3.16756836501124,-22.2604436805379,-17.178527258949,17.6972175008339
10.9334791857891,4.07599271796594,-23.1123987873721,-18.2904370117966,18.1732228078773
10.3783596887431,3.49340177177945,-23.004483782567,-19.1272303037138,18.5492900620339
9.95767951475378,3.16245404243833,-22.5948217396169,-18.4114966522816,18.1156008369754
10.6685893176843,3.41998294794429,-22.912020246368,-16.9776289529926,17.5216448497758
11.6003147181402,3.60528951822572,-23.2787780055871,-19.7681510775923,18.5241475487131
10.1623729493709,3.03303994966734,-22.824801255519,-18.3605012519778,18.079415704766
10.9132166315866,3.61086676342294,-23.0774152216535,-20.1688360625101,18.9776781225183
9.62260564626399,3.08378967862869,-22.9473368232812,-21.8772984541656,19.6584533659147
8.75548832335304,2.83481303289881,-22.3645179860839,-20.355337273652,18.8315864347237
9.96954044635597,3.19895250180112,-24.4005407076385,-79.380472641639,41.8396858594802
-24.1158724834771,-6.84636352805901,-14.2173476920015,-48.4837333226983,31.6116447884408
-9.1569837532061,2.58603834834148,-18.5886022312801,-46.1874404097335,32.2633993497401
-8.78927672746999,-3.74829439545622,-21.6478200022973,-86.2796566230418,46.6399689691099
-27.6884717882005,-12.459446546544,-9.31316029436002,-57.7664336857367,31.671811599577
-6.36790266455252,-1.81030976787362,-19.446553182591,-8.31160979202786,11.6922723683899
24.0310213219905,2.71990145794515,-29.9303651350883,-17.9615254976918,17.456453805475
18.0397879613706,-4.48891990056001,-24.5470231972028,-48.9360622685619,30.6737125095027
-1.65032803525113,-3.82033288899332,-17.1110355003611,-41.5322582324939,26.3273858389829
2.20811719945268,4.61054768096895,-23.8730907421484,-26.2839065314439,18.6544374252011
13.2861966345619,3.36531856125522,-28.801160934583,-8.79720198916454,11.6084672165469
25.5907378047202,0.348521678306936,-29.1790586567592,-12.2518810055593,13.9045020327815
23.2996384796341,-0.558668337575742,-26.616333682194,-25.5214653246546,19.6955672476283
13.8039416835796,2.47089926604399,-24.3798276177102,-21.0599245837802,17.2163330744767
15.6953084386258,6.65432344996878,-28.0849058864965,-14.1202830850694,13.6319120857115
20.8010354762142,4.79490134146604,-30.063246545599,-3.57556722579844,9.40853605056463
27.9684702791792,3.38868247549909,-30.0205476948012,-5.44350056777134,10.7180910275626
26.3580163309933,3.25762066908248,-28.6472167630967,-13.98884286144,14.4943382332363
19.978954457867,4.87395711564495,-26.9731761421591,-10.629425476763,12.6482328002609
21.4353332947821,7.42609249341386,-29.233394889342,-5.33093819817417,10.2030679774237
24.7963163131509,6.33505904153838,-30.3887109613521,-2.25206891671166,9.16782688682769
26.7424849336143,4.96016928333792,-29.3903650347326,-0.819468086196993,9.1490771047285
26.7296332578157,5.79081338857602,-28.7960523514347,-8.52841525046482,12.2943871458547
21.36287156887,4.71927452038612,-27.5708954246567,4.67459513228854,4.07693124556371
32.2743649594036,8.50474707325244,-31.5984115506764,39.8705384888021,-8.76928812331605
51.2245597577044,11.7852539726405,-37.6912445163597,26.0471942979992,0.432664057169571
38.6290884374636,6.44076792830698,-30.8869260099016,-16.7574765567676,19.411096062761
9.49152538575403,4.64165159980658,-21.3206827387317,-29.0544272582266,21.842921135815
2.77156337198033,9.10909526674292,-23.5508462371358,7.0561633846408,5.38214517506513
26.4100329230129,11.2271243940621,-32.3958202574343,28.0722591550304,-2.25271434327979
40.2170871237057,5.15989668745357,-32.4172166615007,8.33256067288409,8.03903713597514
26.5007541595669,1.96858369920655,-23.460436798618,-6.29350431134291,14.9766536580346
14.2036514764498,8.56384040739125,-22.1228284834059,-18.2205517737687,18.2674193392209
6.68317967842669,9.93116947526738,-24.3369056461083,-1.27650535914072,10.1442314938843
18.5431157524631,8.67830794083845,-27.2385774351945,27.6579509196606,-0.654512856018509
36.271931729663,7.10121113129745,-30.1364036622485,8.34854413031029,8.40625865769529
24.0736081279173,2.85242681210806,-23.0163888421426,-8.58693939117788,15.6061595891397
11.8606709702501,7.63475403792517,-20.2651918784517,-7.32564829951832,14.2735933111525
10.0810177144342,11.1460941961679,-24.6682584449295,-21.9929699001773,19.0453327809737
3.01175425121133,4.31132334288941,-21.8554604575917,-5.94478048032768,14.1739424694809
11.4777416086296,4.23104810264402,-21.852673689239,-10.9334979857677,16.8910637489053
8.53103986263595,1.90750833140555,-20.3757472348999,-32.830683107699,25.6474431089057
-4.42981781789106,0.986601454075116,-15.3038155407759,-20.6548692720436,19.1689456708322
3.91003368287661,6.25969278380638,-20.5365768118628,-8.03684196356596,14.034794117914
12.0420813677253,4.72127022057926,-23.3951497004902,-2.66831847637979,13.0288735550295
15.0614031960496,2.44267706654832,-21.3774950698287,-21.5564568336413,21.1374161942501
3.3619971634243,0.942639813993384,-17.5579431537166,-26.1981949230665,22.4193754694513
0.364457891399982,4.60560320618527,-17.9348203512005,-14.2494000105421,16.8411128772616
7.95587707762175,5.98901562583129,-22.6547164658831,-8.64612748655566,14.6963666308404
12.3461580315028,2.80629384865225,-22.0643466721994,-12.9487509198804,17.2844652515694
9.4594174602464,1.29854908601676,-19.6654550115944,-22.4004944510428,21.2724297417278
3.30867596781014,2.58076735089131,-18.1639043201676,-23.2609782028424,21.1169218067643
2.71909639450754,4.50138864609341,-19.8389285057967,-18.6812723698328,18.9782435847011
5.97448735956853,3.55181126866635,-21.1382228284532,-16.9091101175267,18.4708230281231
7.66256399749359,1.5748583133046,-20.4671900899865,-19.6186137076599,19.9762076669821
5.97860767625593,1.2656778723011,-19.1733483984359,-24.2985500836298,21.7843404123351
3.10535811915978,2.17269416308816,-18.9171070900912,-23.3170170655814,21.0125247274058
4.01592779014122,3.13427189516887,-19.9963068268603,-17.0917856794732,18.614978934236
7.85851584317533,2.86515815004761,-21.2378531944215,-19.5708073390293,19.6669769475479
6.98673589024567,1.17765894417571,-20.1447266076351,-22.0412142466395,20.7396721156107
5.58075781845849,1.65821801437748,-19.361600976425,-17.2954739348734,18.6356697068398
8.46227256304169,3.45633062197289,-21.0998794225649,-17.9189589937143,18.6481845571476
8.57064771915532,2.72782389650044,-21.2361831419679,-11.7851917836608,16.3802689430555
12.2125623003427,3.37640897620789,-21.8218256354924,-15.2967767585333,17.7595562875917
10.3446554156066,2.48705081051702,-21.4399547024771,-16.9219109243599,18.3001343192784
9.45236421058921,3.31135189379227,-20.7510890802894,-7.51168060200477,14.7280158338449
14.5203901376988,5.17593789149905,-23.2175531920141,-14.0367946662956,17.2081787133738
11.1305917228574,2.87366470865536,-21.6857951754339,-10.2651718026527,15.5290225415118
13.5889238241119,4.30190691609157,-21.9107617347216,-4.98024037158129,13.2552093991088
16.7252481202718,5.19252483779779,-23.7623878293816,-7.56772814747276,14.4548438146712
15.0590140479037,4.37364192304863,-22.5150639010781,-5.45575911758805,13.9704532996842
15.6159048154719,5.31329553821097,-22.8111642125533,-10.8864669832926,16.1194081309797
12.2211172494313,4.57320110088089,-22.088136966309,-11.3583710984782,16.1417439576948
11.9736416699903,4.90052393954962,-21.8241430309031,-2.39950812793607,12.5156437234133
17.260097506881,5.9376469622287,-23.7480981809467,-5.45754714066235,13.7872882444438
15.6696422794189,4.31612510768046,-22.5745552926407,-5.04445211607882,13.8865898096225
15.4630919247332,5.27630273632307,-22.0174957347994,-7.32014234584494,14.7435902601361
13.7659903803693,5.60525940929285,-22.3903809879682,-8.10622626000932,14.9899964465321
13.1896121629058,5.58338184727947,-21.9914598209785,-2.1596107362561,12.7936399837395
16.4143196430034,6.01728316441585,-23.105435930444,-6.97327705534633,14.7878986704895
13.6285914354765,4.45122808838249,-21.7148988990278,-9.53512923796575,15.8012848663179
11.9671416874095,4.96896661977438,-20.9047043509449,-3.83477800509771,13.5310159700991
14.979729136442,6.41773888892287,-22.5483755735379,-5.87512308947327,14.3479133437003
13.7741865155608,5.11465645582952,-21.9400824205094,-6.90390974965487,14.8845001681917
13.0475336100416,4.9761798059245,-21.1416532815675,-8.08869204415373,15.3822599101421
12.1122889497539,5.19209145729262,-21.253492530814,-8.48164206598176,15.5559502860648
11.7340201645344,5.29184478600838,-21.0342003247072,-5.60748097823395,14.5792233940136
13.1701018308766,5.46810229381372,-21.540527444609,-9.09950325463783,15.9292194045371
11.1111011585479,4.4585616172248,-20.6236133961541,-10.3859007564008,16.3261043012788
10.4302855443513,4.74772283751443,-20.3080755460165,-9.09472927489318,15.8184484018679
10.700655845543,5.10836657732216,-20.8969227197022,-14.3535067473213,17.8835820517551
7.79796268073638,3.82419412722349,-19.7513173427834,-12.1147245907611,17.4396913054979
8.5342864478012,4.37748340193629,-19.7894639434095,-13.080168393471,17.6699796525365
8.08013194698484,3.85700272713356,-19.9476807137579,-20.2417860628426,20.2162836088978
4.40712738537857,2.65152509422775,-18.4185637967656,-11.7393339188267,16.6605876911058
9.58157837172633,4.64438967406112,-20.2913235461183,-10.3619950234259,16.3381971389713
10.2700038813912,3.62154080753221,-20.6446391657575,-15.550616475721,18.5810946329825
7.28165674146473,2.68736055812461,-18.7325589578136,-17.469021777461,19.1371462335228
6.22583875134062,3.57809699113065,-19.127425725753,-13.2186976711647,17.2081004340397
8.93044561852362,4.41235160097548,-20.3120021467859,-9.94720817255628,15.9517397425589
11.0637575829923,3.77562408328829,-20.8214606870502,-12.9140714928398,17.207326182073
9.55104460947635,2.88658838537799,-19.6163667754518,-12.1603365326998,16.8462789702874
9.93623250157552,4.04290632101784,-19.9901803408408,-11.2392640228073,16.3311205042048
10.4820555402592,4.46714005016822,-20.6978089119183,-10.877308656218,16.1601206124179
10.8511621488485,4.0762181154389,-20.6338711729119,-8.08855265083575,15.1155318012943
12.4916631800875,4.27069999669205,-20.9673261574557,-9.53713356467317,15.7094194908228
11.7167379640301,3.95753711698695,-20.6390561705769,-9.80624226785768,15.7961396667065
11.4654891494615,4.44128633501031,-20.5395444421191,-7.76808135625651,14.8999297477439
12.610718871784,4.92091123635777,-21.259998371495,-8.51480038478831,15.2293896147434
12.2243016664744,4.23723374900483,-20.9493220385138,-5.562739842456,13.8700565106007
14.2050091807623,4.7838198823043,-21.3715088435494,-3.67780696052405,13.2357720313027
15.1336926747836,4.98512746044418,-21.7533312702098,-5.37669412172828,14.2239078300617
13.6366955772341,4.61815294763465,-21.0631025716448,-7.49279393625384,14.8149822250852
12.4807408661134,4.79616735506391,-20.9329444997464,-4.30239648592099,13.6040583099635
14.1466594422348,5.20087754930802,-21.6330863471367,-0.868649681779184,12.1821893918651
16.2711624426962,5.10180457973296,-22.1489887921334,-1.42693964483403,12.8480576106373
15.4082967055894,4.66589055707429,-21.4053829092004,-6.06264296951137,15.0946537847781
11.9948984627324,4.382878005859,-20.3722178403787,-9.37265345770176,16.1585713322386
9.99938319335402,4.67112891949301,-20.2039376848036,-3.91545004515841,13.9392651175197
13.1592605522127,5.27203258349571,-21.445642847445,-2.64514468825515,13.8282292262491
13.6493752587483,4.06586773076159,-21.1919386370257,-11.2491804674981,17.5780826518445
8.31238239915008,2.64804513797701,-18.8373408799552,-13.1343138914073,18.4188209970478
6.79796832862377,3.93597254327276,-18.8986708768851,-13.1866740961221,18.4927718487519
6.50396361002387,3.7582085152212,-19.5411524902493,-13.4723414826227,18.601510929056
6.71218258637523,2.56645252441651,-19.0151418964264,-12.9866756048622,18.4035786542926
7.34051145552994,2.23574303890893,-18.9882152736169,-18.5372579538054,20.7292962712801
4.06329062325338,1.53685525019502,-17.8950901075064,-18.0690511937623,20.7577386424942
4.05958326505065,2.42896847113736,-18.2212777497555,-22.5519660691283,22.6893295574413
1.32181809992363,1.20493021898284,-17.8402350845768,-23.3130092042144,22.9385077750497
1.28650601438096,0.797315162656796,-17.3442598524175,-21.2740354774132,21.9155932016829
3.13452186080016,0.84549738443889,-18.321933852542,-25.1271315448868,23.5160687168218
1.19895490241115,-0.199597399156488,-17.3482067273571,-23.7098531149203,23.0397364465831
2.15176328362979,0.560436915417343,-17.739743124124,-24.6841825834249,23.5123957831119
1.67718891244508,0.202144965217044,-17.9970846910094,-27.5927454048188,24.3479077952845
0.730734737485815,-0.416334134404773,-17.5279227990507,-24.1407862177501,22.6516412802477
3.49469843237052,0.327390384145656,-18.6055269242403,-18.8902193899743,20.7533535634973
6.711486548507,0.591635248929312,-19.5868916374243,-22.9303920152978,22.4284722478416
4.64402839155745,-0.433299674782215,-18.6562175739323,-25.1371393866435,23.0389970797796
3.73420099368087,0.303302214879643,-18.4788542051064,-18.4573505477348,20.223050182359
7.82006826699359,1.73532137838351,-20.5352904284256,-19.3706296256407,20.457412670019
7.84710098643789,0.465954379420353,-20.3305347562915,-18.9473745475676,20.3389872039177
8.32748996861396,0.611755970602986,-19.9496689444519,-18.9415410012728,20.2085479555771
8.473498440704,1.16069945574091,-20.5399398679649,-18.791546267689,20.0576777724507
8.74940207668967,1.47267437344837,-20.6245002512091,-12.4562600283353,17.6661407889781
12.3816429500549,2.31568687670037,-21.9133154030645,-16.2292016543561,19.0347047552225
10.5190240448142,1.07237903634631,-21.172924739839,-17.9237519987504,19.5097915756141
9.76747180577539,1.60455946485726,-20.6849896696208,-10.5131949184778,16.5335288635161
13.963369189403,3.26190610841557,-22.7166033753255,-12.2924004918503,17.3524535559472
12.963375713362,2.04082567205621,-22.1514437767364,-13.8362298524058,18.1256327172954
11.9125160496354,2.09330185695582,-21.3441451902207,-14.7647915531556,18.2959845843957
11.3276647697524,2.59614816955962,-21.7975037447153,-14.7267230170762,18.0659729462384
11.5494917593895,2.67387130201051,-21.8935170386406,-9.57300694631095,16.1598180592598
14.4506848729751,3.08568751409645,-22.7604526795167,-12.3709902147882,17.3873402980528
12.6823844296941,2.07188770535885,-21.8955130118415,-16.2385559181057,18.8446352312521
10.4266391822898,2.2227658346058,-21.0466541048036,-14.7701551014551,18.0822233905551
11.2312385780143,3.14933848934305,-21.9759385715171,-11.8214389712821,16.8775653117636
12.8763512735188,3.02362403527894,-22.4898910589622,-14.3939612431666,18.0369580793993
11.4062455948411,1.88732839410936,-21.5934184107746,-17.4268290558408,19.2703627377006
9.11200138653212,1.98255590668407,-20.8480182227032,-23.7287946247227,21.3798660778554
5.71003518199307,1.5926805057892,-20.3669683625336,-20.1719354578244,20.0912050499414
7.5768798863034,2.2578204121857,-21.0230023900679,-16.2477339826844,18.5273827509282
8.13129500743075,1.70233960200659,-21.790189703382,-57.5574889045906,33.9763437493026
-14.5311676128497,-5.52901179750275,-14.2731928266,-50.9861763097442,31.9061204886982
-13.6070607309124,-0.516526512810136,-15.5119664621527,-58.6442969994308,34.2519183330832
-16.9035733149786,-4.59075425229092,-17.0819847191195,-79.707576602575,43.538326271527
-28.8633264027513,-10.4694164834013,-9.88450857607702,-59.5596192948218,34.1040378157879
-14.4473474744375,-5.61110184121544,-15.3520470103883,-65.0989234187652,35.5583868105061
-15.502153717352,-8.90457179854595,-15.3618739877183,-50.7202185469803,28.6805138452416
-4.35431560300286,-5.7543793151195,-17.0064667820253,-45.1412307615807,26.4198707567321
-0.606135289555202,-5.18285529059509,-20.0209085645096,-43.8097607478609,25.637601490378
1.08715212885004,-4.29522364806826,-19.1613448341775,-46.0945039333927,25.971885434609
3.49716603984556,-3.51653831752696,-20.7806873077036,16.2770731658912,1.80641507447085
39.5270407410993,7.2183600869962,-31.179398705521,16.5289811941112,-0.275536180139473
43.2469952526251,2.25345973582047,-32.9002866789714,-6.80935946729947,8.33024563569941
26.9727584137259,2.52018585771559,-24.9851625090792,-17.1034829308481,10.3342360893991
20.5549142415532,7.9572774406725,-29.1522605165492,-20.2719577659779,15.2596150556214
12.3378415977102,6.29268908331077,-27.347064044334,-17.3452511650773,15.09614825229
13.1978218147768,2.54614713601141,-26.3769941096862,-63.2251460201285,32.1710198685367
-11.4926180305601,-6.6259010016302,-16.9119362230165,-25.8635572276868,13.845733942898
14.4139224326768,4.74495902210457,-25.0234354563391,7.25239050537959,-0.0285820827432418
35.0414476073143,5.25074475005368,-34.3495163863739,8.64196650667293,1.57680408491987
34.725927571012,1.66288011418095,-27.6994130458585,-21.6577414914857,15.2404990952435
16.7318082930548,-0.832203543901742,-22.8038810191933,38.8691111739427,-12.9789282075289
55.5387488334554,16.6813578357113,-36.5735031205878,102.648486997238,-39.7186137025914
94.6957367503279,18.1122323671059,-51.8666071905954,92.3245313236069,-33.6769319688794
87.4070706023993,10.8300798920861,-40.8691924740428,86.4125018665085,-26.8915781774062
74.6904421450591,19.5706835150567,-38.4242341179716,38.4029175450049,-4.41492839551459
37.309710877707,18.9549810322708,-31.7576256966113,12.1701679953962,4.90832721150681
20.0447387664709,16.8578002144375,-28.4476750684872,37.548233098562,-7.62056789355085
37.8494033769567,15.2543257869668,-34.218981216235,67.8108917556961,-19.033716240199
56.9012410743349,11.3853184931321,-35.0425660005019,45.6363231740688,-7.23103775932036
40.7344678076344,6.99967370569033,-25.6713117170346,11.7893170451533,8.20006437174858
15.7835503572267,13.7920492180288,-19.2716127708511,-24.6949358541854,27.4000273696962
-15.3346054534026,12.1623834838745,-15.151854360683,-72.520155783679,42.7970875020054
-38.9936116380762,1.38132280448657,-7.85854256118375,-31.9649301960846,20.5717100567674
-5.28026656258693,1.09399135075087,-17.5746243031423,61.0601549487983,-22.3827223128894
60.9048297685361,7.2748094950741,-34.8994206500217,111.709621855619,-34.3442594023915
83.0490683053647,8.9881348462516,-34.9080438073703,18.3919245427052,12.6887080234371
13.485722045947,2.01668774824771,-11.8776487072733,-117.294808754567,66.2918655407069
-72.7662743687478,0.960378458543077,6.24611273950205,-64.7891273267967,37.8066086500958
-36.5954331236995,15.665355402148,-16.9519238430151,14.6148559985763,3.83842305722851
18.7549995217912,0.25210784927593,-31.1220289545417,23.2154519602188,5.70139762832253
25.9446224464134,-15.6957866560887,-14.3751258269503,-43.258563639022,36.7122654306314
-19.2705860498994,-11.4008120198839,-0.665799767985752,-116.669439549195,64.2686089883421
-66.4298029943863,-1.37708583627806,3.19198278820194,-67.4449639840347,41.215173284159
-35.7579254614036,6.96909830448033,-15.8858519866712,-19.0708334599144,21.961127058972
-1.55702775126403,-9.24091930675554,-21.562827014962,-61.078937171191,40.7645277981554
-22.1816918709853,-25.8973600876514,-2.6451983497383,-77.4572363365751,48.4254104414905
-33.9942834202437,-11.8003519810158,-1.41868187966366,-108.017454383509,59.6905498701508
-54.0563274227641,-7.84878347147986,-5.84548871013452,-86.3991216761934,50.6626790767193
-39.8797656034755,-8.94211404411779,-10.336767400118,-71.1320445786942,44.5922955187221
-26.826327451899,-15.906280942285,-12.683051620302,-110.041544391032,64.8877250862173
-52.1079943068763,-25.1549189648289,1.62626125969516,-159.851874548689,81.369785051872
-76.9340571989432,-22.4265670218192,5.84838665402518,-119.710468229088,59.366377931717
-45.978171687885,-10.5491495893652,-9.98669373232079,-41.889813101777,25.7680110492895
7.06098129279454,-10.3617846035128,-26.5782683612488,-38.7172137860238,27.7829006581798
10.2859753428084,-20.3883097680747,-16.237115915498,30.5764521354999,3.8715241459456
46.8553459444657,1.248131829095,-25.5778124014307,-56.1686636939057,32.6672602327659
0.905633963269577,-6.65494572994495,-20.2740150716171,-15.5836928133635,10.0150493660528
30.2721470804256,11.7531417106899,-31.6618966132647,-10.3885876793242,8.42673103711708
31.4758642632684,1.88324851783718,-41.9274997562857,-8.41272506585032,19.0989536188466
20.8505861454616,-5.04479008873401,-23.9737143450927,-103.499690524515,62.0278192067996
-42.6564352174808,-16.2721976263861,-9.6606927561257,-176.628084791399,84.114150634386
-78.6113645595143,-14.1096889313074,1.21113184708736,-58.4816368600472,26.9494471089701
3.21109775748312,4.69125793037706,-35.3745060592314,45.9302757182413,-13.3549719122852
70.4387155396731,-5.01797706558516,-46.2579759003673,-0.94820933872452,12.4693267458117
39.5061443869169,-19.7049206707117,-23.4592345670107,-88.4743855481301,49.7788513164426
-19.8154328721994,-7.27694236925453,-8.74925205497121,-90.0755657513516,45.2617842342962
-21.9888838214279,10.7396264976572,-25.5714116668747,-23.9733812799719,14.4288042015216
23.5712490503049,6.25993231087182,-41.5660980771646,24.0565532371359,-3.30135160525378
56.9530175766178,-8.01531211127669,-40.2982602009081,-11.0214809211926,14.2592339606514
34.7783824851915,-11.9210854605145,-25.0716333548187,-52.7236375636585,31.3618915387492
4.98661896241343,2.21994353693696,-21.8714581213258,-38.6126217189358,22.9362704450944
11.8298933217362,12.8407074661748,-34.3969912128256,-6.30188748541281,8.01268762653934
34.6242630097902,5.29484302327275,-40.7655881609887,13.8979974785138,0.964357042054497
49.1165597454296,-2.49714286447423,-36.9474349641619,-4.9039261171251,10.0525984744482
36.586234281376,-1.5115005878107,-30.3231160279915,-24.0151544326233,17.6341673030633
22.1321317176237,7.12577279056891,-29.5419679370596,-9.42822121208266,10.5440941226828
29.4871261491002,12.3697357662136,-37.1214751633259,2.06548882711638,5.03222405684178
38.1225873121843,6.25950760373807,-38.3081733355041,9.33389343675316,2.35057717521079
43.6582143334363,3.28992714473933,-35.4800602294663,5.93055545311164,4.5437610759039
40.043572122187,5.95747387569847,-33.8681776456853,-4.41924723323127,9.03649796572936
31.4938277468077,9.07502565530583,-32.9500549044648,-2.90268632255115,7.67247943470413
31.6988884346979,10.6234838122569,-34.9459855973201,6.57523187161004,3.44015449892139
37.6543478171632,6.7147998485309,-36.2728403195736,30.0371899747183,-9.8484116927191
57.1792056649566,8.61978385605267,-38.0413385485359,170.47033266346,-62.2853053939429
135.196843526084,30.9457604217974,-60.2492773217279,92.5544923920788,-28.9777200030152
86.4094983056958,11.218551436497,-45.6398970552194,-61.4178202670354,31.339306099051
-7.91866515825971,5.26978991972676,-13.226899139808,39.5118417773132,-7.71565640678869
41.0842495196503,38.3142424741891,-45.1103503665059,41.0534605304613,-3.65007477205592
38.109333118997,10.998550640703,-42.8963402102393,-40.0835423902518,29.5985441642075
-5.06156554776848,-11.8174814776536,-10.9306368343043,-33.6373870653034,22.469777273869
-0.528158001223329,6.47251628925078,-19.0790472700254,-14.5883270934613,11.6012746995306
12.6741689006978,11.9802750330502,-29.6063936170121,1.91672302279318,8.76627792761245
19.0051837469833,5.20043036019121,-27.8249029868772,-18.3509333865646,20.2467336955847
4.71936764000657,-2.43932791882628,-16.940132444516,13.2866925356824,8.38102225319597
22.0053205534882,9.22879435144393,-21.8694478943939,-10.5539199936617,10.4189070777859
16.9215306208833,6.60409779099997,-24.822500295873,42.2705704809697,-14.2412830176083
52.3307498249847,16.9178921443361,-33.3611893908693,113.259207228193,-38.7725018313134
89.2741994926447,21.6472920817339,-46.6261585281831,35.1645854020582,-0.777039789401861
35.1624456817546,5.26303452582956,-22.4723801090648,-29.3449484726121,25.013941096623
-7.45891210549095,11.8659474273033,-12.3674457059883,-12.2772193982774,13.3965635670197
4.08208108808519,21.2060838914475,-26.5167837793127,48.4727343966058,-13.0327463480797
44.7315335721486,16.3957981450426,-36.2906537659141,63.2063210217337,-15.6411513544707
53.6767231200949,5.35291856853266,-29.4925117318832,14.096472121811,7.25133003720127
20.476611849733,4.74786861023548,-15.0668354510006,-16.1076776505183,18.9419856049513
-1.90043443717758,15.9527514116413,-15.5264437681906,0.516452561346344,9.6537891107272
8.35608027516805,19.1093668910973,-25.0136685752185,29.2862073931143,-2.48644645114655
28.403490856723,10.6788626289602,-27.5479491361753,30.7739723994885,-1.05789265998319
29.7222573588847,4.10453989027262,-20.9505078693147,2.94732296019006,11.8581963512439
10.1197050170922,6.47381829670595,-14.1670339396406,-17.1311018054857,19.3336223785639
-4.13780317947088,12.2963360588675,-16.0971749829029,-72.2038237718164,39.6212520549342
-35.9903477840029,2.08827925487638,-10.0256366906046,-21.7417448231538,21.7043777244178
-8.5886633933082,6.68202670733091,-15.8669247141605,-36.9093240600318,30.2825219636795
-17.6940618367941,-6.95083355501633,-12.163429423428,-90.8842045035978,51.1386919918508
-46.7231281688736,-12.3466437462417,3.9898881814011,-68.8853913965305,38.1979249387852
-30.0822452412874,1.18411963004426,-9.0182277871416,-21.0833187619245,18.4251267081157
0.149068044713194,2.94067309714558,-19.4676918831239,-17.6503178172888,18.8035846086587
3.11163323211288,-6.05029766307706,-15.5704129520011,-57.6306802574936,36.0179181817255
-20.9959656948818,-8.81237411173054,-5.15090315294037,-64.0245129913619,37.2868562679679
-25.3050511590743,0.547592447959291,-9.31319895500194,-42.2695608731813,26.8650565428438
-11.0138980096269,2.79654364964237,-17.7068423590894,-27.7885775635752,20.7786582785757
0.507295191998306,-3.55588866100152,-18.1895601833639,-32.545059475484,23.3732495189225
-1.29646688362067,-6.38291555097925,-14.1419084699153,-45.5592849580684,28.6170092384908
-9.3810212735218,-2.87606322396153,-12.7194143323952,-43.1223065821539,27.0972855592142
-8.46803480863017,1.6270093662921,-16.3074340036333,-33.5917954915444,22.3049404452911
-1.69870547875819,0.511530383357527,-19.5256449655052,-34.2448848153065,22.1388088736535
-0.0189345601414266,-3.53705770570146,-18.0057385212181,-32.2733097062293,21.5094236289918
1.26937477481168,-2.44790431169258,-17.4673004551864,-39.1436893014442,24.0466566834602
-2.7683386401924,-1.27940744217541,-17.4310156049709,-39.3506295213237,24.0230964408066
-3.08168381558654,0.0296758096465326,-18.1544310003748,-32.9795083281169,20.6720935260458
0.977624195993099,-0.112977043214078,-20.3635813636843,-47.069078680112,25.244712856925
-5.17823681653345,-4.17420496151055,-17.5746488300293,-38.2554488406438,21.8428534707391
0.0535051013108094,-1.12486585587794,-18.805079275673,-29.7369745007804,18.6433028632619
4.86895916142341,-0.31516890573391,-21.4919433808085,-42.5647490840846,23.3637203717032
-1.62853316938606,-3.11849034675927,-18.2888527357725,-35.7336582410863,19.4266868418566
3.9077323279731,0.0529787825262429,-20.5520395213527,-20.9817614510841,13.0142058704823
13.2968390060847,1.79148702683328,-24.4271558084497,-17.0432144967653,11.5208372327488
16.1092323246166,0.732428400146086,-23.959559232076,-23.6597816415269,14.1182919853261
12.2621759169349,0.609699802151573,-22.3954485191744,-19.1759999176403,11.4933997317935
15.2029865284923,3.94654599199338,-24.2772696960521,-10.0977539238247,7.30629733382813
20.6926854925761,5.08905415670378,-27.0494644551302,-8.64297094552705,6.68077638699011
21.7460536598144,3.66018594716894,-26.2151835016979,-9.52936486824364,6.95597950082945
21.0728058918919,4.13922926142259,-25.5409650878332,-8.33457413608994,6.24543746123987
20.6532532373064,5.65801278321885,-26.0840715739712,-17.1575174535545,8.61927544459376
16.2482623536665,4.71224212354087,-25.3077939593832,-7.49080976598981,4.96732162448333
21.1322200942155,6.57454214893806,-26.5355706231396,-1.53207321538142,3.04059076468564
24.8205207340196,5.64190383518119,-27.364413084189,-0.576651306123085,2.56612759112775
25.4824696445408,5.77280783834164,-25.9578482970233,8.34902393545782,-2.2125813937655
32.9223990075632,8.59453125819955,-28.4510955097703,36.5048878928007,-13.4419564025417
48.771114236613,13.412014322921,-33.3585604353229,46.913153515124,-17.5792479643428
54.480371493638,13.4050650677694,-34.4307259750382,23.8145752822632,-7.21192438947692
39.0737372955066,10.1749584571477,-28.1601159175493,48.3392653558067,-18.4788593578305
53.1183003252803,19.5315175856535,-34.0012090841249,65.40238879924,-24.6930712295516
61.5296681695486,19.4011596307659,-38.3084950780952,61.2782066301603,-20.8171262559055
55.958149012932,14.9929031726459,-32.3120565015012,46.8352609961434,-16.5704593778279
47.6379792429855,16.0754664412276,-30.4027881579943,64.2068306591407,-22.7987755353182
54.8782002444903,22.2044478299576,-33.6755619795814,73.686485095763,-24.1152118295683
55.9175418246998,20.7106788271512,-34.3872432702218,38.2274730967767,-8.10875744620736
32.0222702775913,13.1874810019023,-23.7108857077899,22.2356016316921,-2.34276238897
21.6918205059029,15.7087095630372,-21.3514072703051,38.336905903724,-9.31660763257228
30.1912303272328,18.7748712270642,-26.2448707140376,48.9211849659341,-12.8306811588546
36.0816394705721,14.9575722291407,-25.7919069668077,35.4398491923863,-5.66090007924268
26.2703597094733,10.7554451332116,-19.5901320042191,14.6426704186612,3.09908133412186
12.122564073453,11.69524500995,-15.4758657348614,14.2717723965632,3.11691489552995
10.4277870861196,14.8101186079014,-17.417390265693,20.2712063528892,1.09780852140436
13.2858625112285,12.3908299870347,-18.3733741197661,15.3592983425227,3.77149519457801
10.4694010551456,7.76087135828209,-14.7918451698666,8.54638926033986,6.92694620583348
6.06144879210892,7.71691992458608,-12.4141525825373,1.62783683933266,9.98420103995196
0.914171447210163,8.75330635037476,-11.8763325277713,1.53353761568588,10.2314686460551
0.229217721430033,8.88484944496603,-12.2377127022566,0.658970301448403,11.0223960201555
-0.492254765769045,6.58590973052857,-11.5879273281501,-1.69563126365696,12.1348938667583
-1.45371530130079,5.05789286342843,-10.0890382571948,-3.84510481489215,12.8828983980263
-2.30992603273286,5.32548489516755,-9.87999892194797,-3.15313861738955,13.0226951820161
-2.40437486235462,5.80821636366798,-10.084475035104,-6.33049276984406,14.6557918422359
-4.62852422206104,4.69078541169867,-9.59319587383289,-12.301884382853,17.1483376279261
-7.9510393977792,3.49968707280241,-8.28150580041401,-12.8016926142412,17.6806066761916
-8.41368723453792,3.40011259979128,-8.35978312637254,-14.8228245924613,18.5396145730338
-9.20571841926504,2.50817879482237,-8.10569185123634,-14.6015561635458,18.5807500003514
-8.68629628039176,2.06554500112568,-8.02385718908544,-15.2936589963992,18.7608452270361
-8.41473940174419,1.59288557255536,-8.17878110164282,-14.5354394132264,18.5489415966322
-7.67112094518323,1.73007392580753,-8.37950788938405,-15.8535076479426,19.562002144485
-8.66561462470748,1.21756236179173,-8.28107614290553,-22.5707116399036,22.4404269359428
-12.5294571617994,0.103106215178698,-7.11635206632566,-24.5673679846333,23.0707657105842
-13.1479743430156,0.0665837003005039,-7.37871896607136,-23.7507059478127,22.5756571372887
-11.8990354682247,-0.470194861231048,-8.11046038421463,-20.6196200612732,21.4913937644708
-9.44116919042984,-0.780233799170335,-8.43613333374763,-21.379741767418,22.5035396112214
-10.0909682593654,-1.46549975426459,-8.0557842757903,-31.0532784979486,26.1106980865824
-14.987650622275,-2.4911885227898,-6.67071275018957,-28.5680223189465,24.4385126362929
-12.4213359211345,-0.946222149073937,-8.37749901136393,-22.0725442138287,21.9551738720454
-8.11054579368004,-1.3039466053514,-10.2500281806528,-24.7536299167977,23.6564661274923
-9.31505256746865,-3.28274883177503,-8.84748621379535,-31.078126410757,26.6016942688208
-13.0657284255108,-3.5406424395019,-7.67214142769104,-33.6490458693442,27.1368218667006
-13.7910853784644,-2.67806524493901,-8.47239948259176,-28.2948205487349,24.4659477205663
-9.39819941487086,-2.19216303625873,-10.6199359653287,-26.8845672024618,24.287282685531
-8.09931251684,-3.88339893189952,-10.5837193800899,-30.989517335051,26.4703346568367
-10.3681493588109,-4.71613970420069,-9.2372449318298,-36.7627361844089,28.8843554922733
-13.6396796765488,-4.42259279702932,-9.10022764388818,-44.1366077363962,31.1517012118763
-16.8550449197634,-5.06642768102175,-9.04486066691085,-33.1056758725555,26.551111202636
-9.35833316396886,-3.84336806510227,-11.6531442449276,-28.9979091364791,25.5469902934358
-6.57930426508545,-5.7020526749369,-12.1669763619678,-39.848263908036,30.0594761885658
-12.1270574589913,-7.47225984622018,-9.26614778571468,-39.7353341290961,29.4339526288596
-11.284836484154,-4.79820370762631,-11.0333314715653,-39.5832569382075,28.9729195351349
-10.4424039155142,-5.0562768384289,-12.6526412921008,-34.1497122362054,27.1923241813527
-6.76217101733844,-5.72508690502114,-13.160118217443,-37.7484028057915,29.173290218718
-8.65034932225015,-7.41938745414959,-12.3111828145617,-45.619245578449,32.0184566607044
-12.3730566150788,-7.51080683434816,-11.0387302347163,-40.348932350897,29.0837890802117
-7.96144063406607,-5.30593284123312,-14.0719793048729,-41.6497708837666,29.4591662380302
-7.85510720496876,-7.09763517478683,-14.445673095567,-36.9339762305948,28.2871449063041
-4.99418282757564,-7.13573006527425,-14.4061331268275,-42.5559469859244,30.9716192932619
-8.26837277845384,-8.14310057468657,-13.7947146124075,-47.7486814948519,32.4105764093568
-10.1318806669862,-7.65619417027486,-13.3240488939481,-39.3059643338807,28.0783820951795
-3.55114758698665,-5.82787144397375,-16.6709281664589,-25.7169914824204,22.7796260518272
5.21782080156532,-5.58858207183496,-18.9593160011586,-30.305371506397,25.0152673320593
2.98251104192905,-7.58636232688244,-17.4414599944506,-37.4398132009116,27.8840495040668
-1.19465563178384,-6.79932764669809,-16.1227022273115,-26.9052452413358,22.4870494638731
6.16336567440526,-3.15625708993221,-20.4278820995778,-15.3691432026066,17.9746782738965
13.3769000997744,-3.43949085944286,-22.7330677813414,-12.6117376416956,17.9631999123913
14.4001629599441,-4.71514207509426,-21.5530787169783,-28.0663859458698,24.55922342855
4.69722333937338,-5.68567971539739,-18.6120792785462,-31.954887976462,25.4996080613836
2.48762398298959,-2.99081581644011,-19.1892974075897,-13.8398665698946,17.9675689831652
13.3539696807856,-0.794616856575152,-24.07696893624,-14.4086982822975,18.2300393480675
14.1129101107914,-4.77130189389206,-22.8104346675256,-19.1184328901013,20.4745308880264
11.3862222126441,-4.85807928604115,-20.2551395526701,-11.8201995213239,17.7447417872878
