u_q_m30,u_q_0,u_q_p30,y_q_v,y_q_delta
4,4,4,213.527745560991,-75.6306799475329
117.78121576368,38.0678748675696,-28.96935405546,29.123175031084,-14.0965097209563
23.4641534086064,-6.85486351107196,-1.1053746779936,-24.1585315831287,-9.43639538623947
9.11048335442064,12.2688899790424,9.49071635258053,253.69962156403,-124.688138935379
169.952545272849,63.6815503350804,-67.5027458663087,294.117353532171,-115.30322808083
166.766308984881,26.2737459617577,-46.7249779202852,-32.7293205834069,31.6637298657088
-46.8461211769847,-19.5999021941512,37.1761604638104,-195.812959151179,86.0580628155655
-144.960144671673,13.094875657853,46.9416014870377,16.2191255872467,-17.1146919349211
-4.1780660379036,47.2772480055996,-26.0081982655212,208.120539120682,-92.8405196750663
123.499994327372,10.0061803961062,-42.259370307721,141.922541609993,-52.1581229635021
80.5544204766854,-24.1788412935155,6.40401005423983,-37.4321612327238,26.7709370635662
-43.1649978487684,-0.928353279829569,39.2020782996963,-78.7571225888593,36.4455740308986
-76.2683214479231,36.0415140408014,16.3585051805334,27.4401102915752,-14.1353604680596
-1.35990730442045,28.6839712277821,-15.5150236631792,170.489650777631,-67.9515619693192
92.1589004019908,4.00383683461482,-21.2511985508877,117.303928878089,-41.031704110297
62.3673909321701,-12.8691269673747,7.59231198539691,2.43748959155126,7.15977322282783
-15.8836772255564,9.80409360113194,26.3530205732654,39.7645028582778,-11.4093985868636
-1.87396300813981,42.5288819643777,-2.60303875139288,77.5642568328279,-27.358442579182
21.6134543708851,22.7398761223989,-12.6398664060756,81.0743779127394,-26.565097795428
28.8085921695103,-1.1699199387834,3.66793582998444,48.6071555879444,-10.5463739574636
7.3746248025385,0.0418461770444561,14.9730820375033,24.5741249198297,-0.372897473617897
-12.0286723923579,14.7368336561364,14.9028633703919,24.8080638645999,-1.36081907640713
-14.4749492388059,17.7247094733506,7.37101117788063,40.8270239569295,-8.07498254457967
-3.0028504014264,8.81441112147961,6.81285079974611,41.4733313623089,-6.8512920865437
-1.3408269282926,0.539968926699856,11.6091576330311,24.9060441710751,1.33800187373232
-12.3253356312664,1.55688875256328,17.6242875498836,9.48826864767018,7.86589825259765
-23.6754763451045,6.236613846127,17.0908671009773,10.5835822514437,7.13322949170433
-23.497690549324,6.61956131673757,14.6570021556676,16.4572275195368,4.93905761434547
-18.8632098322333,1.69077909662165,13.9549725034943,14.3056600187248,6.68883116696735
-19.2265988063581,-2.1485682922088,17.2071111301197,5.0762860570054,11.3726421001381
-25.3007040153327,-1.7426507962509,19.1846717141163,-4.21310590061178,15.3353714997146
-31.3209991011174,-0.416205927331879,19.4337509702848,-4.26208320247851,15.2809181850325
-31.0141157347074,-0.893147605789598,17.8421135843193,-1.07115039504072,14.2166732038406
-28.0379968142477,-3.54827041160447,17.5163012669095,-3.84996143692702,15.9943331793158
-28.9370142276871,-5.85644015155271,18.9010670262008,-11.3317749762015,19.6774746815538
-33.3635477730592,-6.12649637869813,20.2802897441575,-16.921882976544,22.1407573794584
-36.5409808235085,-5.72274177339472,19.9426069774306,-17.2195122249405,22.2807052861732
-35.9299126471976,-6.51474321801601,18.9426215138992,-15.5110330912059,21.784660061957
-33.7346532334953,-8.29831646836642,18.449091599539,-17.7111695612532,23.1032505439837
-34.0839524035581,-9.74084623754035,19.0466860000883,-22.6974268934051,25.671313542264
-36.7315401833335,-10.0719907313356,19.5576538587389,-27.4548296518413,27.7506664574329
-38.9756208888495,-10.2575102221751,19.273030290742,-28.1697705833557,28.0052186042514
-38.314281960225,-10.8675080023986,18.3200809899444,-27.7604485829133,28.0947955380163
-36.9733501830661,-12.2828882774783,17.8056882250951,-30.5835901462056,29.5535996587694
-37.5571376518258,-13.6158191042169,18.1477061929299,-33.4821914528249,30.9012228574204
-38.3242584329856,-13.8204479566856,17.981540984517,-33.1361615352629,30.7985680964726
-37.0996111513322,-13.6504040783993,16.7614071567043,-33.8456568812099,31.1268274196851
-36.2991026960753,-14.5383084728493,15.9803024922462,-36.0249929653974,32.2793519204609
-36.5849920691595,-15.6162349320809,15.9446124592303,-38.1674588954336,33.4093633046851
-36.9737664844009,-16.0614697052692,15.6118135510146,-41.0960814611777,34.7546691263
-37.7589500649148,-16.6252385648888,15.1481406716982,-45.8767189164312,36.6054348447705
-39.2827227312494,-17.6994544384492,15.0221846125335,-43.319095057184,35.7151036405789
-36.6447399860555,-17.6147005011972,13.7095283864663,-45.0329322880002,36.7655930053758
-36.6726330096316,-18.9850332330671,13.288067617805,-49.6601469353372,38.8057501440214
-38.2178621841765,-19.9098115281179,13.7876924856612,-50.0385470287908,38.8401638611447
-37.1426603447794,-19.5330270911537,12.3045567249192,-55.5363563131212,41.0058835237992
-39.064905334276,-20.9865791554183,12.2001937842483,-52.1480490712032,40.0331523364032
-36.1735101130691,-20.771038036097,11.0634675787196,-54.7323661196515,41.4500307379497
-36.7133462124417,-22.2073217279338,10.4491907979626,-67.9551025077094,46.5644444161423
-42.856536244553,-24.2994812098665,12.319426988015,-61.0021398021381,43.6144192885434
-37.4906174782808,-22.0830290829892,9.21823363099731,-66.2739750964239,45.8286730005399
-39.2029426645197,-24.8265589044491,8.76560446134844,-67.0662705313693,46.6641489090856
-41.8268590668024,-25.4614350221884,9.43383774367184,-125.373999890088,68.2515298309781
-72.7767774196199,-34.7549068610708,16.6892108470964,-138.266058081771,74.4970791757288
-81.1937373209821,-32.663247930855,18.6049792630149,-96.4622808400478,58.4561711501365
-55.5660837896786,-29.382178882916,6.78449578390527,-148.701546750266,79.6515541420731
-82.0949762645684,-47.0642843039706,18.8892697834997,-140.248724709311,73.8203023811435
-70.0415647040786,-39.203666797008,17.5642099057234,-83.8200661203008,50.5233854257585
-34.5786118250923,-27.120798463409,-0.297458522055423,-104.262259275679,62.2490656712837
-47.5066167110403,-38.0050648642159,7.37572004589046,-169.5946281025,86.5428151701392
-81.9326333998794,-43.6961815909287,18.5952026329296,-133.621389902091,66.7077105440631
-54.0879016918693,-28.744531971328,3.71186922400227,-72.0082062158859,39.7203488047398
-11.9562202247722,-27.5968917625818,-12.7034705975093,-61.7105142391307,37.6802245328901
-5.01090087687198,-35.8869544074466,-7.27082978815002,-123.899532243238,63.4798682809855
-41.8785361118589,-39.4895030391547,4.2428707514385,-138.690893887691,68.6938726408828
-52.5546533186915,-27.4074728464717,1.28878687104121,-102.068608133171,51.256843551736
-27.789499781992,-23.499948258958,-13.7533614502342,-90.8355206938961,45.7261695133504
-15.2537198031876,-34.8719300303498,-12.300322643577,-79.6581376454453,40.7849508863194
-1.04960928663728,-34.4235270456598,-11.0441223893259,-21.1180223527998,19.401589025244
31.0512561242203,-18.2024121243528,-22.6694715073942,-30.9940476595732,20.9005240391546
28.1324478896186,-18.6878444880164,-24.8938124727999,-54.2994383647951,28.3756684872096
15.8784521508044,-20.7077750404632,-20.749315694169,32.1134543000477,-11.7917087890399
72.7390322943891,-3.05069848321595,-42.6471627671524,74.9708001918246,-23.8762597970759
92.5303305341806,-6.87219788087159,-47.6637001759631,19.1500054570968,5.02791098614814
51.4179836088426,-15.4719284911668,-27.2200356252506,-63.3188354536407,38.7207106119843
-3.416101927778,-12.6083643394289,-16.5782876525819,-43.6735262706503,25.5762395362921
10.4170777139446,-1.07030770991365,-26.8543773903019,116.433812457957,-40.1415673569181
109.016766284511,9.7593930570665,-57.1007095571948,88.3585792086975,-29.3282143778256
99.4077853364124,-16.3801145353482,-41.8092395149255,48.7852205509099,-11.8175784243017
72.1841892177408,-4.43820001594911,-25.7683849349297,70.4641380562407,-18.5415339918192
73.209760989094,19.58385900415,-43.0187417181375,39.2718275989383,-3.5017188121413
47.9890054942394,8.30249509738046,-37.1304352512495,17.7093849982746,4.75299123436095
36.0299592783571,-2.66970005962661,-28.9418388368118,26.9418257250022,0.162447724763037
42.8492299066597,-2.64101082024407,-29.0511052531782,42.9217230778673,-5.67488044582809
51.4160233563674,0.114028496776853,-30.6303073660637,33.7591623708366,-0.140224973872389
42.7731578389987,-0.724964537455924,-26.9760513012932,14.3632275503472,8.88456209850817
28.0934650935859,-1.15683121991721,-22.7519149523817,5.86210117533216,12.2713921083902
21.4720116049984,-0.855417281012237,-22.3481240053636,11.5074735613914,9.85768089464167
24.657151570827,-1.99538556270699,-23.2596086076609,13.9759953714472,9.63385312779468
25.760808892149,-4.85674785450131,-21.7959775660151,6.86647250516045,13.5881574124408
20.3208074437977,-5.93860180658893,-18.5647264456418,-3.39507399203399,18.4703406054847
12.493677898432,-5.04960033808289,-16.8557723101847,-7.51638458801756,20.3912931895199
8.92539760837172,-4.54470152856575,-17.006176170567,-12.2768588225816,22.5354046218317
5.86208446612909,-7.01854789523611,-16.1845804292809,-11.3860190956214,22.8698014851565
6.13510101885783,-8.3460655362159,-15.1031189768854,-16.0655845476649,25.6312768719885
2.68976171925362,-9.60084148015763,-13.7591725961837,-25.297986341982,29.6784491510625
-3.03921047152465,-10.1413984961707,-11.8599807296346,-25.9870680474657,29.8937028490828
-3.36064440638982,-9.3610041226267,-12.7725442141494,-23.138503054195,29.1804499837136
-1.69405999955268,-10.2324214147376,-13.4129935247938,-27.0365568794979,31.3182672061498
-3.83804473566492,-12.2231069725068,-12.0652540386012,-33.6417100876982,34.5208518678367
-7.90372587621538,-12.7809257401821,-10.6004422594612,-35.0003671032507,35.1271761861753
-8.53425321452781,-12.0151905920007,-11.3115133512851,-34.9266845571495,34.9818857312286
-13.424629331242,-12.3643465382142,-12.0542688284041,-131.902541774609,71.3910880442471
-66.9140223728177,-29.2131326443503,3.83519009836885,-126.309145734841,72.0733657387886
-67.3572295664458,-21.5016230229567,3.65856378011695,-71.507815735397,51.2223663569243
-34.5052928073731,-19.485169483329,-11.1995801944841,-142.946647601661,79.8279351602931
-71.1563007544719,-42.4354217515289,7.95601820688174,-127.476701884212,68.9778129985002
-51.1924322679405,-29.1702357148982,3.84497601437536,-18.2176213380976,25.6657448759918
13.1447998010637,-10.8555577026058,-24.0322940535533,-17.6553874018131,25.3815208787703
18.0876342039118,-23.1091349285917,-19.8869421291083,-78.0613275709723,50.2623768625598
-19.078792824941,-26.7799093028374,-5.48806806054184,-66.9767238839292,43.8345158211459
-13.532520436115,-10.343646079255,-15.396974539721,-64.1349997262886,43.721019802534
-14.1059560056189,-14.2148236300637,-21.0620901336887,-56.4826986573407,40.6062012628857
-6.41650832967859,-21.0236524680625,-17.4439251722397,-77.6483985514027,48.9519381064578
-16.8399399861246,-26.0895930923144,-13.8992553817235,-64.7431614528081,42.4246418341978
-7.39228183376769,-17.8007343582883,-16.270615816187,-58.7942045947363,39.7110220492744
-3.76787686034279,-16.67727584235,-22.3843526653361,-57.2100126796984,39.3476599102111
0.0763369849915219,-18.6576837504517,-19.9278507243595,-28.4240411930462,28.9951965317602
16.2823661645456,-14.3486088465015,-26.1401518483942,-35.1874473991164,30.1948437885375
15.2161827739358,-16.1686550114211,-24.8053867005115,-45.1039641514513,33.0700480108411
10.4734826541317,-14.1974788112527,-25.6808975044905,-76.8161426657334,44.9438068940344
-8.25697864987458,-17.1249745754049,-22.5743781641667,-52.2542122345168,39.1306628435354
0.674288442199494,-12.7834558905829,-25.6989223747193,-77.529458192398,51.24074625113
-15.3893426766842,-22.7679846312261,-20.9018275741085,-116.852646903794,64.6846338131483
-34.1816021149423,-27.045264644598,-11.6681374799263,-73.0562996364317,42.6076567381483
-2.57267339910643,-15.3944963372944,-26.0962639472657,-27.4045926219776,24.1512158202914
26.8025875311922,-15.4862951155044,-34.6709409221338,-32.991785043181,29.1923554797912
22.5772256530715,-20.9959362685706,-28.0827210917644,-73.5919459659931,46.8472193417945
-8.68296523439596,-19.9430671041348,-20.5765357609802,-160.412142218496,77.0381340353282
-56.9601696488269,-24.9425197343384,-12.267374514955,-120.718033125831,61.2420541728419
-34.9832181961388,-16.3897636472519,-22.6763097140467,-62.1013809287589,38.7783218186154
2.4023614266759,-23.0139074723007,-33.4432101212397,-134.446841903018,69.1378986290522
-36.391815083403,-43.7616194251175,-10.7418507161826,-129.106582583336,63.6422220170238
-29.4821252169539,-25.7323700781155,-14.513290410843,-87.0841066082632,44.5439433803255
-3.72396659852669,-15.2221387397407,-33.3040206342191,-62.4500696928417,34.7201331255458
13.7591435715647,-21.4397864857074,-33.8757708950613,-79.6575417489099,42.9059171590726
4.39280985177311,-28.0285418216821,-28.0316398837614,-88.8328829020647,45.5739489295718
-0.199805334485787,-21.0715606112537,-26.7711988225249,-75.7279326310204,38.8454928270866
7.05913974506846,-14.2090884513276,-35.4656177803437,-67.2613094213652,34.0569833839431
14.501432226788,-16.7729196044899,-37.0871681039757,-61.4811797845795,32.2971768370302
18.4742948521552,-19.1203692064887,-36.672746150334,-61.7853607492509,32.723720202158
20.1289614446565,-17.9075011989225,-35.5306131684109,-42.1966689246937,24.5423545978425
31.410035748437,-11.0818998848587,-40.716951712584,-26.7527024776579,16.2652480526197
44.6937067444393,-8.7736258731311,-45.2651934112009,1.85809527664449,5.54601629916137
60.5703720690541,-5.68544718666336,-49.1019841166012,17.5542100290151,-2.4365159231067
71.669313328549,-2.95270888927019,-52.1464157416145,3.39421473482909,4.50622407992298
60.827677457262,-3.3961486113825,-48.6433821696703,29.812157353398,-6.09532201220092
73.9422700910506,5.97598384026275,-53.9443831198175,22.8754384608727,-1.96628538566573
66.2630407711091,2.49737990325398,-53.6833348602001,6.64127438509002,5.13173196976005
55.6823817654872,3.33132181337436,-46.7693306422754,-13.4626942318861,18.879985630951
34.0244927560841,1.95458611209062,-42.4189544770368,-68.9594378500587,37.721992862763
4.55106603737354,-5.20162840022968,-32.6695761632424,-41.5320031455535,20.2127937259963
28.1978121074558,1.58700836387423,-42.4251511262902,50.0215455605002,-18.296807454707
86.2477337321184,7.99103272020895,-59.1327271170263,46.5886729981747,-11.3105455778828
79.9455031977051,-6.47663843540468,-49.9580866527393,10.9814473121455,-1.20122566732153
62.5977957803251,0.0601728880202239,-41.6691868121037,70.1631244654444,-22.6294949387571
88.6674620366054,22.1187717674046,-59.5492451440861,71.1336566398825,-16.85232494357
79.4713639471081,13.3651349889354,-57.2488132497387,-38.4127252845801,30.0539366826475
10.5766379355052,-7.72613749703971,-29.7542450313734,-46.0449755163722,29.7766184929757
7.05651301040727,3.77461316844573,-31.7870462282675,8.16527687223393,4.76281118205461
41.9694266366886,8.64972158599464,-49.2323129631465,39.285051633064,-5.46891292836759
61.1768196869754,-0.664275140889457,-46.0504842830726,5.93193078026869,12.4132135826185
37.1649237119776,-7.43854591951521,-33.7428518228973,-48.9667361461121,34.7310905661429
1.11502988211169,-2.81235651518008,-24.836958955527,-34.0230298705503,27.1381579250752
8.0796329638932,7.0836297986241,-35.089128578012,-4.86559248595913,15.3485185866263
26.5248463238302,0.576092286140268,-40.5157422905738,-24.9975738224026,24.7873442945691
16.39401524627,-12.4584766572377,-29.9748441026944,-36.3574241964517,30.8088292656965
8.05553099301379,-7.8816858395249,-23.060975011452,59.9147369142381,-6.35584586266652
61.3610268349321,14.4812839328654,-43.9060822286186,3.64460182892877,11.766620900408
34.7261952190331,-3.62831253993937,-36.5513671786245,22.3196311935384,1.19992267545781
49.2798454399513,9.59098431694187,-34.9088882822163,74.3624148207058,-11.2673649379939
66.227673977683,17.5895922660863,-49.0247281653842,-46.3558074385381,40.7755636582364
-9.29826921833585,-7.43591048399529,-18.5089466740368,-89.0328786104598,51.7451423843735
-29.6444836576046,-0.0557722757077964,-15.6986241135389,13.4135144550014,5.27973879610247
36.3588705718685,15.4396047632682,-44.1928431907116,65.7459126198997,-12.3627894588485
68.2909548454322,2.76303541088533,-49.1284339384286,-128.564868745035,71.6534344396652
-51.7266022207951,-31.3767937788648,-1.74734029088475,-144.177902251573,82.7077431322452
-73.6257602714201,-2.141239752266,-1.42665171861793,-135.975403839608,77.1729203991975
-69.0445809319453,-4.92026430869263,-21.5343218000105,-153.698498353692,78.8194178920615
-64.5409490402446,-29.5381136412087,-8.48239223503429,-75.6217531381832,43.8669399846287
-7.27004551934942,-22.3467354095867,-22.2818771195055,-44.8217389884792,34.8423285756759
10.3296070703837,-18.2142402018514,-24.6628456260559,-94.7485623801638,57.9386351455135
-23.3234292144442,-17.6868475433235,-15.0238001060603,-130.616396055709,70.7464777174287
-45.6166517580745,-11.3246420693346,-15.1137074142154,-104.901199826209,57.0111783313139
-26.5807555294312,-8.98265896422131,-27.2720236817903,-64.9877094451318,39.9689180062238
2.74738864127031,-15.5482874915556,-32.1932975313631,-61.7529720454823,40.4441423852397
6.66523040017289,-20.5515327713066,-27.2513551148789,-82.7585481095556,49.6953910376593
-6.7244197736038,-15.2804342433682,-23.3477580732313,-90.515655623781,51.0782945325343
-11.3868786713657,-7.40194694503085,-28.2613304437196,-63.0567467619704,38.5020293371654
6.66642529611908,-5.1943229135131,-36.6724598019323,-47.3565015559006,31.8871940023375
18.9976299725559,-11.3471023451679,-37.939078693295,-51.4748516294678,34.2595243854489
17.6165723802938,-13.1006435841189,-33.4327178439037,-45.7146508275101,31.8165446816542
20.3930621581076,-5.59834897513873,-36.3992961982727,-46.9634141903147,31.5975817413369
19.3407841465818,-3.68477837782762,-39.0847992338329,-28.2973268241856,22.763202421979
32.0894732164227,-1.86805782546444,-43.1338842895582,-14.8433679333655,17.7882300040316
40.1668534959979,-3.15410225116281,-45.0327912261229,-23.469326363998,22.6222743331112
33.5558107838595,-6.18646813787255,-40.7205654765668,-15.0254378420449,16.1630263914317
41.3544180771954,0.213939997860409,-44.7818372858241,21.0755244606765,2.4718743598213
60.4611807260711,6.39704312757701,-52.712088137463,13.1088997700253,9.57916801072483
50.7140045225103,0.722522065865173,-47.5228239390229,-30.9214486782267,29.0576503405958
21.3164412338548,-3.26561759083871,-36.7446932935348,-44.7387568900135,32.0321370838947
13.8895098469201,1.72631746709919,-38.2060972955837,-3.35058403052502,13.8036066360508
39.7939606884795,6.08600837764636,-48.3339992581449,11.2071250237683,8.50223642754637
49.8325568694149,-1.12270459901532,-47.6841474719082,-8.56275568442273,18.2768801716125
36.7092021203436,-3.55501368058593,-38.7405519900209,-21.061675116956,24.8251843981141
24.9077950978802,2.94312981188939,-38.1306503125662,-38.0262920790011,30.410617277202
14.1601676496025,3.49214216284387,-38.4530983095647,-23.8397383029713,23.8239450702683
23.6547914386448,2.53155852494367,-41.149786697207,-13.4229687857807,19.1549193777053
31.9549621420758,-1.60685584173121,-41.6432335508192,-15.2014182211399,20.4781149241967
30.9900734006971,-1.82802812451093,-38.1313319106226,-16.8982501081471,22.4888568922404
27.2187025027027,2.14615157757212,-38.2733180523026,-35.4165745480162,29.662423501738
15.2225804382127,1.45233649433041,-36.3948677522102,-34.1111399436213,28.109004460113
16.7381246996089,1.7806056053804,-37.3586684505609,-11.5268317042606,18.6718334719025
31.1195182813571,2.27389221227608,-41.5461797527682,-13.5333103775883,19.8617549764227
30.3710175310061,-0.946267299130564,-38.8897066784135,-23.2362869710833,24.6658407190187
23.1680163723394,0.383009727469926,-35.7415110866948,-33.3501992513725,28.3941578143932
16.0466308438026,2.44452691217233,-36.1430221612457,-30.5345516500884,26.3551259670625
18.2375335573524,3.05900435430163,-37.6359403120403,-13.1505958793054,19.7495766541605
28.5876503295082,2.54366415597844,-40.1754876459427,-22.2459324995969,23.5718063912052
22.0163398573638,-1.25118390162795,-36.5553092360128,-59.2937671222491,37.3710708710907
1.00824132272221,-3.88830718394459,-29.9661080910058,-51.6334144210104,34.5972918202064
3.59396622548245,1.9915263856248,-33.4132738820087,-32.361937056253,27.0720611317361
15.2720872930915,1.05675572473067,-38.0886241111576,-46.8024167067822,33.6037446630827
7.72739235680236,-6.48101924244413,-31.8511839037406,-51.3905170285477,33.7634997311971
7.6911968275646,-3.64533158225983,-31.0300679547842,-36.9067884689249,27.061306032611
16.6418229703801,1.52927807692111,-36.4903843922046,-15.3920556499545,18.4817784457715
29.660603754757,2.83112303384535,-40.1772618327316,-29.25116916479,24.6485970620744
21.5624058635783,-1.81861960483663,-36.1900645526079,-29.2093113663574,24.773319899407
20.9283662137687,1.88866169702813,-35.283378559736,-29.8368782156677,24.0729066768764
20.8178222073631,3.51538763593752,-38.3915769581472,-21.1544790796512,19.9264758831567
26.8006044204595,4.04220759477306,-39.08342732682,-7.18493645065567,14.7371714722392
34.7727711141718,4.30059649209666,-41.4620999133261,-20.0801942118154,20.1909413959192
27.1436541907257,1.9596363097671,-37.2953835216765,-18.101418080875,19.2670920792594
27.4546811110499,5.97538806844359,-38.1879720517036,-14.6292683718949,17.0270631973536
29.6367994568052,7.02491346386016,-40.6715929173876,-10.75979998041,15.1825823420874
32.5064472878023,6.12492072868596,-40.3199681249641,4.28315960420651,9.98917157645809
40.2950710864543,7.76681455359231,-41.9008260557175,-10.4875079641781,15.8835477315898
31.3041321967112,5.51193174089458,-38.6971681611626,-16.769065051874,17.8804483390674
27.1210347801132,7.92036976578028,-37.3188484242609,5.89860117035201,8.30226788170088
40.031576285546,12.2322364256899,-43.3226839570706,3.5692851820519,9.219805066108
39.0982077433396,8.07381251751583,-41.3946651314371,9.19387286617315,7.64247084559115
41.435992750208,9.73890063117577,-39.9262117337907,1.21043668233567,10.5519835348522
36.0115690771127,10.4346730995387,-39.7726070062557,1.3358563139346,10.1272355798371
35.3812056245803,12.4938441774565,-39.2512784244832,22.0415100191164,2.18570695103213
46.3297005667931,14.9501316584843,-43.5610665209807,8.28168667025235,7.81750258519326
38.2494881024648,9.95926574166409,-39.048256852109,12.973757230806,5.94971497097048
40.2000143095012,13.4985169098421,-38.5443303944575,15.319177456895,4.56562592363609
40.7805583316098,14.944825370528,-40.8429515050161,14.2298595797568,5.14210286198542
40.3497427236609,14.3061595722826,-38.9180455895823,42.7172517610103,-4.85023007916177
54.6729293708164,18.5980421880282,-43.1178181632359,24.8233645976753,1.89227554197917
44.5385319673165,13.8814516243238,-39.0880043331974,15.6361600044201,5.08413833498213
38.408982694392,16.307222525199,-36.0419760624478,43.6354442790978,-6.38614196504702
53.3869602793964,22.6275145224756,-43.5730353040323,34.972117083432,-1.70589259307531
46.4630254824498,16.5651005113901,-39.9266172326538,20.2292019449442,4.75324362176566
36.5135697948975,15.2501739204676,-34.3127919828164,16.4750400259558,6.44048900305663
32.2529155654345,17.8541908575583,-35.1014683306484,19.9692269115352,5.03934883973587
33.3242309193744,18.0547629620709,-35.5787647614287,20.5710321452407,5.21767431040104
33.0196655125404,15.5648460366445,-34.538598915768,15.4297000674215,7.50558637126501
29.6354422444379,14.0832128473635,-31.8578376100028,11.4081699460172,9.24422629326958
26.3349656139565,14.9328573362701,-31.0962920610558,13.1286268244642,8.83834218557355
26.1773553631466,15.8838727707213,-31.3698389780385,10.1098912709351,10.4958844833617
23.4412708508162,14.2396383567771,-30.391784006407,5.39551700346121,12.6341835573778
20.2004992540953,12.9703775771028,-28.4124921942191,3.61793087907677,13.3927646789996
18.7326251059632,13.0335734376587,-28.069573323681,4.12546917571078,13.2902547857453
18.6492912144368,13.022039255484,-27.8902723443295,3.0976774030512,13.968889842565
17.591008541498,12.2558160440367,-27.3436019202471,0.342389078861889,15.3540544542851
15.5001317522732,11.5747086335773,-26.2420407030148,-3.01427990590522,16.814270953931
13.1708668383368,11.2320502023821,-25.5853449704792,-3.3606211506945,17.0725653033358
11.659561013615,11.1951051764221,-25.4142309649064,-21.0878165648256,23.785336996234
1.66553169634457,7.72958723424116,-22.4260811318679,-20.4835894301775,24.1804282752105
1.08413328968769,8.656328431393,-21.9084387585795,-13.3474208853513,21.6228663159321
5.09769633900025,8.41002456492469,-23.9283344669495,-29.4818878470927,28.1233580768275
-3.63161655971932,3.94436463515853,-19.7234970921179,-25.009085281945,25.6969601656044
0.00948059605095741,6.53966078242563,-20.7857692467184,-16.9816566936499,22.4187724318408
4.91875754522959,7.18336513047046,-23.6371672754203,-18.6853482063594,23.3578622106618
4.36892953246342,5.27694622127416,-22.0969926251524,-23.9395951086674,25.6858078188427
1.27424108258074,4.91666350386572,-21.1418882993827,-23.6413642064096,25.3985831691148
1.60596220335247,6.14555537778159,-21.7838135042142,-22.1983255287165,24.5562235386328
2.95233469241091,5.91246437547481,-22.8886445875037,-19.7160099393804,23.4603736910589
5.05616457223007,5.21410469012905,-22.933814251242,-19.7966937735939,23.5102691795015
5.4144244944997,4.80323651927284,-22.9334729837331,-20.6905271559734,24.0176652528968
4.84793648893789,5.17810941437078,-22.6737470105756,-22.1992277228887,24.6115667489439
3.9684551117009,4.72412110962584,-22.9952243491813,-17.3770932701353,21.393629563752
8.69975167795766,5.49400629277673,-24.560595303465,-2.02587060891877,15.7203950913708
17.6231769922505,7.4667278248769,-27.2952745561662,-10.1437044547363,21.5557064096993
9.87400120478094,4.71913726896055,-23.950621748942,-43.3189438821607,34.6987729376527
-9.87076920820102,1.85107517770454,-17.8089269320392,-40.079126799546,31.0423278588603
-5.85813142809103,5.47745718815714,-21.5593609074905,-2.77966303107737,13.8296197060117
19.8272794934189,7.81768109937178,-30.5688762531486,15.9133094185146,8.20033735518769
30.6793325070134,4.10221181707553,-30.1677564628075,-9.83153810212372,21.1718086500673
12.5817082138055,1.46643857763668,-22.0507396179604,-42.4956155561667,34.3542461984841
-9.04633897949168,4.67201304597905,-18.4182173503569,-34.3572944033132,28.9680277878982
-3.24359101000003,8.95055723181363,-24.8349999435345,-14.0468177334708,19.9274199467069
11.2562013067077,4.57828152532279,-28.7031294809468,-6.36547073893542,17.9880710847673
17.029923536796,-0.0684306144820104,-25.5194599955123,-22.3053119015625,25.6825471347727
6.35281187640053,0.375904008028279,-21.3131729290038,-42.3150832557677,33.4458355662179
-6.71448485150038,3.6219082529357,-19.9276403452327,-34.8045468283782,29.2614059534583
-1.72615971622445,6.09051747440083,-24.5681564932711,-18.1058541567962,22.238198384232
9.84474931446243,2.92967368679149,-27.1936285401594,-18.3402692419035,22.7622494350994
11.1281885388021,-0.979827251555367,-24.2818422560191,-27.3388964580682,26.6012870754947
5.8422176074448,0.813326813618145,-22.0767449760331,-26.0002329486747,26.0202218407549
5.61529071967495,5.08881438746689,-24.4758233923923,-24.887074502512,24.9980474489739
6.83708452489377,4.31584382344171,-26.1500432509473,-20.6213846052632,22.9872661424774
10.5259998398295,2.53622458438309,-26.0638496567406,-14.1190676218272,20.6597130792636
14.6965688796008,2.68340294529241,-26.5375737199443,-21.9008467572624,23.9309478045821
10.1232066219886,2.35773349478691,-24.8987586443071,-20.7175638929168,23.3290386571282
10.5080818674457,4.76086760374045,-25.7535286511667,-18.4596603602016,21.9369108543433
12.2837632062871,4.71879126642234,-27.469967787197,-15.7513324648682,20.7373483850449
14.5184917768109,3.78237317917638,-27.1523739270127,-10.3993738213679,18.9756427126954
17.4719689303885,4.25034738075515,-27.7282149695243,-18.2210378921322,22.1734283116758
12.8290553786741,3.51430685735757,-26.1485494434945,-19.5779049763995,22.5011788195411
11.8840737767259,4.94888961799777,-26.2845943887774,-11.7581935948678,19.0670045547734
16.6745876392287,5.98076469574104,-28.6248275625058,-12.2679809490148,19.236041574922
16.7923747990962,4.10783074085842,-27.944708819576,-14.5327861832648,20.2432061586485
15.4889178147666,3.98334816831012,-26.824289469928,-15.3421207795355,20.8083165036692
14.1693618160956,5.01824314746596,-27.0847592166279,-20.239136163715,22.7524969084399
11.0418547797879,4.43430947637233,-26.4955986409411,-20.8748265363966,22.9601600036178
10.6928129037469,4.11747756750245,-26.3877617196151,-17.226567522809,21.4500167110956
11.5013312280132,3.97006420429781,-27.0362772825858,-47.2658604075963,32.661908679896
-4.9480433734472,-1.49909696763425,-21.750829700913,-43.5265536762109,31.9983139698373
-4.18281480056727,1.79542621523851,-21.9786887196696,-30.4737209664339,27.1115332195079
3.16351727548815,1.86764686376415,-26.0982981699916,-55.5918788468733,36.8884599620149
-9.87967698552076,-5.33477204697604,-19.5016491080107,-45.6353877968657,31.6687700100238
-2.11581715293155,-0.640961168951501,-21.8409947483426,-29.5353326662589,24.9161204381619
7.96957885203837,1.20201492334349,-27.0699155791567,-30.3060359659593,25.7282442546639
7.97847693143965,-1.22988893611369,-24.9295928293861,-39.4421353099552,29.6082438204423
2.32748853471501,-1.574082262859,-23.3130243575527,-41.9125794671966,29.7001992382842
1.60932849442433,0.532560452001137,-24.235177521043,-31.7824874524987,25.1881208908561
6.57868635415796,1.79690995556202,-27.4957519479428,-52.5167670372799,32.7919872757012
-4.00329654637612,-4.23108061423187,-23.400839039866,-54.6386538340275,34.4095409051252
-6.05611060998455,-2.86215733289436,-22.0036650802552,-41.1789285961451,29.0795226568249
2.04703435695562,-0.641913029846158,-26.1970005724638,-55.8140265888224,34.4759756166486
-5.04380405620422,-5.23865307324427,-22.9659105078847,-43.7249463308097,28.2963850776868
4.31133182748937,-1.59109951383489,-25.2738984490579,-32.3892677074711,23.6065724824506
11.4852617407136,-1.5032360721751,-29.0573931946499,-24.9549045679936,19.2387027504298
18.4467536959405,-0.842534173782009,-29.4577117612589,-12.6336323673117,15.2767511336453
24.3087624404395,1.62704579306749,-32.0438306262373,-18.8898427206139,18.8562146255738
18.9048339382606,1.26829703615045,-30.1080546858934,-38.3261140439754,26.8711502201361
6.27632235802172,0.146870785547812,-27.1434195247953,-34.1810673039054,24.1444041431152
9.44243697189237,2.50644604045508,-29.2395165695279,-22.1177465413779,18.6155301132293
17.7479783989622,1.75185293842132,-32.3726548625997,-15.1227268328248,16.0394443369236
22.8197634231109,0.294425650003183,-31.2967126869699,-18.8413514689333,18.1980345617654
19.7821160064341,0.848425155860594,-30.102804147861,-30.6869761100939,22.7621450597894
12.1178115745232,2.00925855087033,-28.5165182613185,-28.1240415709013,21.2175410625555
13.6526424626176,3.93545876758618,-30.6724055154791,-17.2203211149529,16.6811602730234
20.4694673757263,3.33030674996387,-32.6005158494256,-16.9321715067758,16.6375805835296
21.2884798065126,1.0603566464841,-31.1811158203569,-21.5815858374112,18.4758549740909
18.8486900693288,1.82481922479518,-29.8373856659641,-23.9874111863992,19.3211155235203
16.6997289549795,3.82188449755266,-30.4762619666526,-17.3211652208878,16.691446896362
20.280393346735,4.91252098628981,-32.0758036211118,-15.4839354716785,16.0939076777146
21.3508855959384,3.30325702368495,-32.3504529285884,-35.0750952346811,23.5036704192052
10.4588693003586,-0.0577084578670837,-27.9870482046264,-24.8918707172245,19.8687495453925
16.5122060904848,2.66519973268033,-30.1907363272588,3.63960875374824,6.46584080679669
35.9197751288828,6.11816317786833,-37.2819054976367,28.1871733791086,-2.17159080456794
49.9379412595347,6.60787321404154,-39.2311763127892,10.9012324438505,7.77416112907617
35.6012164293285,4.22071484919868,-33.2460130352566,-22.5421029687082,21.9947607243127
12.6567324874664,5.23189034437983,-27.3420745580742,-27.5848347029973,22.2711951066998
9.70482276570955,8.31955830236948,-30.5539047652448,0.788362483834731,9.71150585379923
28.2742788342118,7.96333249846489,-36.2273770567825,11.2377163720081,6.38595383475813
35.3625428576266,2.48852697050146,-34.579265066071,-4.86624917425013,14.3799782766639
24.3675645457265,1.61675449162964,-28.0649418475346,-18.3694195336338,20.2965033295315
13.6714216803311,6.4670680004721,-27.5703329412417,-20.3052361645626,20.205331811626
12.0910672278266,7.86717089383313,-29.9405986717454,-7.85556870615952,14.7031638213898
20.5149393697946,5.56239728668467,-31.8839521237955,0.184029316366487,11.9526163749794
25.9998107664948,2.78689795886191,-30.8683429555986,-9.66704717606018,16.7527469046557
19.3625817658115,2.37971470381723,-27.3599510489807,-15.7493730561571,19.6162223897008
14.016848488543,5.71461470396983,-27.0593594032092,-17.9944136481327,20.1526542885442
12.2240035914051,6.11366895158945,-28.5063420482872,-11.6870308227199,17.4024452776964
16.5130640708018,4.73117224592392,-29.0500724745798,-4.99842298667018,15.2564719535564
20.5065551120424,3.4784125070345,-29.0188278418733,-13.9237927195735,19.3653014624854
14.8653780630332,2.40226596928806,-26.1848626551378,-15.7569023582222,20.1811923124353
12.985446831397,4.92951980445767,-26.4038766057937,-14.1008471498828,19.2809170074454
13.7182558694957,5.37982848119073,-28.0082428425203,-12.6883342254868,18.872499749372
14.6719999127928,3.85529350798446,-27.483357318279,-9.81236552542051,18.3989684966874
15.8615329723848,3.39833391264024,-27.0828166906992,-18.3771186816209,22.0765130230817
10.5697747656693,2.52809309320541,-25.2360915168838,-20.4242490838251,22.8684215328858
9.01452055289597,3.80127447288956,-25.1925805567497,-14.5500343561525,20.3687528053339
12.5261561810888,4.38663107518427,-27.1094483829121,-15.0264853473012,20.7695756594375
12.5292172725963,2.5842520335186,-26.3027789492824,-17.1196334711284,22.2252286469248
10.7886758308055,2.17960097057282,-25.064254663939,-23.0382656409197,24.7530762140237
6.92814780174995,2.22989832867715,-24.3503596909873,-24.3361566560722,25.0343549396795
6.30466998195062,2.79541005564126,-24.6822822379423,-20.8312517495117,23.8152923756648
8.32794870480165,2.40748069203242,-25.5468732572412,-23.3973535498561,25.1008948396309
6.31998681073438,0.812120112402222,-27.6638258065287,-185.730033888989,88.80039053498
-88.1192956669085,-25.4308275359982,0.446047974327576,-113.317130398513,65.1734294511898
-54.2455463897888,-0.949021080637487,-10.7237993226867,-115.156315841698,69.3122757332265
-56.8786189872139,-19.0360724339627,-18.0373461744533,-206.066869021864,102.854425649704
-99.5177595483387,-41.0119327128544,12.6638986049674,-142.467201541312,68.9206141489689
-50.4418299052338,-17.3127310113723,-11.5008083419305,-51.3828242584127,31.2748282961885
7.72664991454133,-9.74131556457344,-31.4698781898872,-48.1545549289513,34.3149803001285
9.11091588155947,-20.1741611545025,-25.0505636611586,-118.710793387353,65.0304560274708
-35.2874622723468,-22.7290202467473,-9.1286725721135,-129.311729926258,66.2847363947518
-41.5580793924096,-8.25946999898012,-17.1052006385766,-86.409663735755,45.0545638068832
-11.2380971770289,-5.50376828864275,-32.5595639508121,-46.194207063436,28.4414530912522
18.1132173159843,-14.1450258637261,-35.4025900090043,-46.5414496583382,30.9489665346756
18.5352386927745,-17.3630565711696,-29.3348691158962,-79.7819171636404,45.0722164156438
-3.33536464114554,-11.4197956570236,-24.5332622799927,-81.8119045384193,44.0880239207302
-5.42055151451944,-2.08930501171363,-30.9166106673485,-56.186848872964,31.5758001025257
12.5096291268832,-2.84580817160727,-39.3988402239228,-36.6583091175739,23.6303656503804
27.2360965250198,-9.09470917375974,-39.1771557210362,-35.4251684900057,24.5335930070979
27.8739162440242,-9.12955461765808,-35.9650615461247,-56.1347427512692,32.9477679166254
14.2064560067464,-5.14009325066197,-33.6138604256911,-57.207708842687,32.070536929909
13.1003320606068,0.140272666988067,-35.9619531796144,18.9975032374827,0.826421695949176
59.0272549681388,9.27494774401081,-51.227460737269,0.641035003784669,6.30037106313773
52.9554989835491,-3.70138462641,-47.2949873360043,-53.3803727590308,27.1000709053563
21.650734242696,-5.39498727081975,-33.0951962050969,-5.29954050401586,10.7536456512884
41.9165739947793,13.5160263333627,-47.2589166437291,-30.9289955817817,24.1128214778568
22.2009046574907,1.27892652707596,-42.5760664624471,-79.0220890335179,42.1062346206533
-3.39983536616116,-8.03229229449584,-28.5795828136982,-51.4826048100176,26.6684948019868
17.5739070337385,1.5662892328118,-38.8359215163112,0.232275194236342,4.90550767649157
50.3820931527639,5.11408141464519,-48.9179782975202,2.28999063831616,6.46703589927684
50.4246372950814,-0.518103635951859,-44.2281568173073,-33.9824379912859,22.7317120590487
25.8652605245929,-0.599952144938621,-35.0235119588504,-43.9687644584175,25.7142249080685
17.9035003739558,7.09511203169007,-37.8097737286426,-27.2902012914405,16.7374760754319
29.4354527291529,8.14676055996329,-44.4189335054279,-3.54696368929285,6.66782014713826
45.7993721793036,4.03069242058411,-45.9320818484227,7.68328479249342,3.44398085759935
52.1422632491002,3.26856090426805,-43.9369091399273,-14.955265200316,13.1908743765704
36.876422963908,4.62418836902775,-39.02663825094,-12.2380081245539,11.3828416765442
36.6443897531127,12.1169188973805,-41.9333647300065,-0.631788005218023,5.46044007404147
43.8239715417918,12.1148209395931,-46.8035359615457,9.4340438978494,1.53314554415427
50.2881467217969,7.17428025801177,-45.1536955083634,33.6712528839109,-10.0888651454756
67.2631067895469,11.0774389910627,-48.6585186941071,47.4996272995154,-13.8549415198309
72.1148787270668,15.8661423003621,-49.9924494270727,23.9174518794761,0.426232538668331
49.74914140714,14.4353144648239,-42.5611704898204,-16.3486380373382,16.4837551963202
23.3028306008813,12.4977690292506,-35.9334014220088,-16.9158253938555,11.9434045282067
27.2436045711927,13.5508549566346,-39.7305280549345,56.7714229871022,-21.1698014538573
76.0549112409088,19.6797192733157,-53.8561236538812,91.031390249857,-31.2025640262101
93.7300697806378,15.1615032468839,-53.9176477522278,35.3511896919426,-3.41679273075538
53.0031852754864,10.3428424865145,-35.8657160794569,-14.1179762328864,17.0031355466875
17.3203573888382,18.4302006082628,-30.9282048385542,-9.1010018630232,10.9921109390627
21.2833229079305,22.6356803409753,-39.435728347389,46.2790201795156,-13.1005461481123
57.9911241733661,18.7088304607086,-48.015210330583,60.0606352642469,-16.4627839858442
66.9726215663946,9.33196805433403,-42.507680894688,22.7381555737123,1.64620524383133
40.3819435620968,9.88464603641874,-30.1334975929901,-0.262625435362691,11.2593580388783
21.441683034111,20.0034026471966,-30.5922491853389,0.023622555239296,9.21939490374704
20.9324922320082,20.6672103827742,-35.6321425186246,21.8014998944797,-0.551608995604204
36.3175714553737,14.5842051816846,-37.3826223216825,37.0375447280015,-5.11983321660643
45.5261025905429,10.5626377168332,-34.9690897650278,13.857829382735,5.96485967828907
28.6758586720574,10.1784383586334,-27.8044954497092,-16.7120640288936,18.1441618366264
7.8922710157143,13.6721399422339,-24.4119162471214,-11.5026439986584,15.2253484804752
9.09929450611493,16.403670131897,-28.8274473155442,-5.2006408042365,12.0978733941291
14.4927862486878,10.0486828580402,-29.2324987642571,-4.73023855466638,13.4816001660081
14.6337923118237,5.52674744759046,-24.656127767996,-15.0506762712177,18.0497020658908
8.20731018509157,6.54315034560497,-21.9661048023618,-24.755112181565,21.7478403086934
1.58332241770672,9.134410134849,-21.6616233199758,-15.4052469663915,16.8353396185811
8.0377416804428,10.7393817015517,-25.3097436363714,-7.56224398574122,13.716804632492
13.5628520828795,7.85261876259188,-25.933137585716,-4.30162762326125,13.450877400464
15.1555903752942,6.66918407916145,-24.0264114583953,-20.5019231814481,20.3429843812533
4.88882398146041,6.18695598194459,-21.1267873628833,-24.6061172150789,21.5101039109294
2.13653180152368,8.90595084177401,-21.4820692845736,-13.2046758923237,16.2858165699011
9.4394698748013,9.64839742892145,-25.3976622045401,-9.20460685543953,14.7165277321422
12.8873366216866,6.49965334682395,-24.5229516627577,-9.08435892571676,15.2971817888986
12.7847883902516,6.20199529408162,-23.0762430460555,-16.9264893217281,18.611653169813
7.5760816426909,7.16928437993976,-22.0518093260884,-19.0433299431316,19.1796485590017
6.00595192431645,8.60579013819819,-22.7432702831951,-12.7340487798707,16.473442210973
9.91855143212927,8.43068842184153,-24.4708759875546,-13.2061989349407,16.7960820059219
10.1944295900162,6.07302285512462,-23.4441999299962,-14.1659159969971,17.4514136802078
9.60997483352531,6.15750489657135,-22.4125740486307,-16.9001638751701,18.5613008868061
7.71628327551183,6.97301271284674,-22.5142361587519,-17.6809428533491,18.7769589178277
7.23504038279459,7.28351317247464,-22.7713571946022,-14.7222429489629,17.6317216142536
9.03068974417504,6.95228865693658,-23.4457789285617,-15.2508396092367,18.0290663354459
8.88114290563876,5.86485816443804,-22.8078282074889,-17.9842868906606,19.3371585628056
7.14276231350073,5.65284712046438,-22.0520908584541,-21.6567072477615,20.7368326915095
4.94763485505901,5.77308562196977,-21.7653079246425,-20.0454997226813,20.0900275275108
5.94344330704558,6.17026238564561,-22.407705852146,-19.7607078755577,20.23806854837
6.05219899653591,5.19428169022788,-22.3426315991383,-23.1056895715453,21.6498817116525
4.38162415779001,4.22220195088632,-21.2714387247283,-23.5521077088527,21.6721289443165
4.42359725731455,4.78543395290775,-21.5321099380445,-23.8984120754976,21.8359929554537
4.27806065085942,4.69805373104806,-21.8038374898724,-24.1012566700752,22.0157503020715
4.34432638575135,4.29972622297032,-21.734329124421,-27.0824389062932,23.3380031476605
2.69355691691425,3.48890897725392,-21.1693836703242,-27.6174955376218,23.4642530658354
2.71115649124523,3.60486480247275,-21.1506507246136,-26.3502190809291,22.7837176276056
3.9513157582236,3.77519196922893,-21.9667564005153,-31.0237245791252,24.7505425983842
1.39949545585128,2.51707459170593,-21.0249658299509,-29.882563630485,24.466259367877
2.09967162354936,3.02861424685793,-21.1833629773712,-31.1439696624601,25.053392625538
1.50878446154834,2.48789022456517,-21.3994412115537,-33.7641532537295,25.7611641469367
0.799748146557973,1.9131667194037,-20.8860523811053,-29.4014970617202,23.6549781058056
4.17085952986516,2.7772170467302,-22.2252636144849,-24.7355723485994,21.9926191288054
7.07939236085636,2.84247282110214,-23.0339422326136,-28.6936281079205,23.6771930828727
5.01311960495153,1.90592629059252,-22.0907231505008,-30.8728479463613,24.333859852159
4.03521562434311,2.64607119925055,-21.9689433299885,-25.4526450795127,22.0374613549003
7.3787608948743,3.79831956837251,-23.7575442819238,-25.702804352794,21.9933663453586
7.80355099617291,2.66517508780525,-23.6501275584668,-23.5650568891751,21.1195337401624
9.43713972968468,2.92817941787394,-23.6569330173876,-23.7381279334529,21.0516805825147
9.57578595446304,3.23663784038412,-24.0926911329147,-23.6023769589484,20.9152556468567
9.81634836645229,3.72386700089122,-24.0971469845037,-16.6194476870532,18.309486005978
13.7049829798694,4.80564867244521,-25.6046379519506,-21.3881187219889,20.0145514176284
11.3574335184247,3.31560318132866,-24.7086392390549,-22.1048620229543,20.0432628492322
11.2484503374958,4.01942527930919,-24.3308107693648,-11.8297481884256,15.8970579392395
17.1831233948191,5.99098146970215,-26.9169941075713,-15.0080365450026,17.2550905783829
15.3937017977511,4.30685509284019,-25.9294779766699,-15.6505582322149,17.609531744557
14.8608545586536,4.90513568548014,-25.2178336441597,-16.0656222035306,17.6248661901523
14.4584221952476,5.53445481721134,-25.9952228878537,-14.7758176663132,17.0050606396324
15.2458947308345,5.69718105141168,-26.0158308192531,-9.4025019662865,15.0649161485151
18.1620294002281,6.01662377322044,-26.9072735486998,-14.5155308747718,17.115952096371
15.2029419740347,4.74532004127062,-25.4870573687708,-13.458155210145,16.5381653700053
15.7824877366751,6.02340624655214,-25.6562242753242,-11.0881625859222,15.4239249820487
17.0927801004555,6.50633167048308,-26.7682115996575,-10.6928606799773,15.3828948469097
17.1891846644387,5.98170057512529,-26.2422743627276,-9.43341933635559,15.1882270905468
17.4756044150669,6.09769080533363,-26.1618211018107,-14.4370163388949,17.1350136080325
14.3688648036233,5.5837354908968,-25.2017989395038,-15.3261801643021,17.2299620173917
13.8841753034269,6.15547858743773,-25.1868717671888,-8.04587395927832,14.2931036100522
18.0712853785356,7.02213817822298,-26.7550130206561,-9.39051885983416,14.9429255958093
17.2206709423225,5.62196513196084,-25.9522335530681,-13.4879554095427,16.6812129449413
14.6208190922896,5.48690916418298,-24.6062393071967,-13.9553660959655,16.8555071261555
13.8548367996855,6.47739747286523,-25.0805266227656,-13.3418010818236,16.5528277111722
14.0942204865387,6.38058556696035,-25.3032815385737,-11.0634294652635,15.8166982573372
15.3033203843699,5.96564679907148,-25.3318447465301,-12.8370745033488,16.5338283244289
14.1224909390475,5.35340922178223,-24.6114953637057,-16.3820506400568,17.7764916518635
12.1148363637575,5.41137715270117,-23.9787742138787,-14.7080190204705,17.0901353967558
12.8525079670372,6.1976997615568,-24.6037373649092,-12.6668745802752,16.3543927142981
13.6707263869488,5.88084889839356,-24.9130545589517,-18.862112082982,18.7756925093898
10.2312263465422,4.32334411153018,-23.393412953031,-19.3269581062853,18.9558116910744
9.80203368290921,5.03317708619588,-23.2301784917791,-16.0032813867076,17.5537342228261
11.7413566537929,5.56276118313062,-24.3062441676243,-16.1751893953129,17.6819744698215
11.7595405593448,4.74489576328398,-23.8645693745871,-16.7295049998371,17.7542118801504
11.7477079411534,4.68757435919077,-23.5748707131168,-14.9249612029653,16.9185636155717
12.8662244740388,5.40085972808464,-24.0887099012811,-13.344430945222,16.1962994573003
13.8927711717326,5.61222533503638,-24.5115816300111,-13.3028587537912,16.242083001156
13.8236936515024,5.4123051683629,-24.3012406500818,-11.7918696729037,15.6191575984296
14.6677831222201,5.79568725813512,-24.5147993933628,-12.6704496157686,15.9189354928317
14.1954822342841,5.64499810777656,-24.4257167118455,-9.13457674860628,14.4111672620018
16.2872774252442,6.42863901655091,-24.9799356737647,-7.62898213931841,13.8338746106375
17.0517570099489,6.36330104239454,-25.3372357969081,-9.65946195083591,14.7885312413408
15.6087049066566,5.94041325948919,-24.4879000104849,-8.8936498821579,14.3038700153841
16.0165535397018,6.63482221824981,-24.8523477724952,-6.93592861105245,13.5224541140598
16.9882719880438,6.80251615980559,-25.2860122827327,-5.8967944742579,13.1253935365472
17.513005237198,6.60471467225362,-25.2115537277414,-6.89101711846896,13.7025810295169
16.5637276170771,6.4374272472225,-24.7222297640872,-8.73963889022474,14.5824247219748
14.8886934871049,6.28865515414786,-24.2859618297871,-10.7037913987179,14.8007947348226
14.2057918301412,6.27494847095336,-24.2889064451591,-4.31785198327022,12.4627718604851
16.9379603199648,7.08627528073894,-25.2935214828491,-14.9654299834102,16.999235475731
10.3320912917835,4.18602923882411,-23.0358651137366,-23.7797746681657,20.7251814381062
4.63346079382573,3.97099624182836,-20.8042665086812,-14.541772107748,16.947305342694
9.80466756915832,6.06966395536364,-23.579885600022,-20.0115367038546,19.2320456748466
6.86853700007943,2.98419910081465,-22.1894920733822,-20.6373788621668,19.329321330077
7.0858752735804,3.01662270870475,-21.0588663239472,-18.2578530673456,18.3187929549179
8.4511632714335,4.00136675387226,-22.3927528900245,-20.7146184723697,19.2976560966764
7.0971826613364,3.44678389573588,-21.6859681760728,-20.8946706315375,19.4023214088937
7.00442612053129,3.52700372281343,-21.781075439622,-19.9606191373312,19.0279526347406
7.65446135199512,3.48833121483585,-22.0593269278293,-25.6396272483257,21.04272492787
4.7821803785482,2.33422883628512,-21.1532088871492,-21.3867223567683,19.226872878817
7.48544843158609,3.62741762124497,-21.9630796622674,-22.825119508852,20.0211647760734
6.46902099064169,2.7057881800558,-22.0763049647276,-26.1994929244245,21.4168809910406
4.67315869709686,2.15184409922643,-20.7671315030819,-25.0309293229744,20.5798245230065
5.82392762011639,2.92441661690487,-21.9654379271285,-31.4189983094221,22.9083516722485
2.49109910068053,1.53529395897119,-20.9204707776793,-25.4118605713329,20.6969475970474
8.11798050769391,2.75041952687672,-21.848303629719,11.7971496536615,7.1835631497557
28.6933870500246,7.81760127758271,-28.0853238932626,-0.200481262276202,10.5539426334856
24.3264530421995,3.289604268359,-25.8085696978555,-12.3551241498837,14.3738333346186
17.9746539537243,5.58066416971901,-22.8625447639052,26.3415578934587,-1.13319553687185
39.2150283837613,14.9249981977525,-32.9712340064962,13.9715985412798,5.69874092259737
29.6685297283916,7.51593235028213,-29.3274688636827,-8.20194376149468,14.9696714957016
16.0083650885217,5.58739628617985,-21.9713749189239,-7.45945844817509,13.9431132668045
15.6967435613596,9.8331657073531,-25.3897338915704,5.47007895320847,8.04321267403515
23.9781507995194,10.4406616548414,-28.1123380277553,12.2038930885326,5.90308023179801
27.9416032842107,7.66652991631747,-27.8223224296592,4.62561457473916,9.64795888010877
22.8812799165149,6.38768515172137,-24.2033889176203,-4.10997356970287,13.3871813549669
14.1485725399468,8.3751257518982,-23.2963529967329,-37.3898266935689,25.2169719183869
-4.70286325662675,4.45963021928972,-19.1537317441962,-30.4118107460487,23.2695390851278
-2.17136318940899,5.88236891002007,-20.2020599406216,-9.63131195407505,15.6004619316395
10.2613229693791,4.54343294702902,-23.7591665247421,-37.7163139800957,27.3355602871697
-5.23354956491218,-3.44639385794331,-15.5400420909834,-35.3503259718311,24.6829693768707
-1.81221048825016,1.91328838941986,-16.5036876733835,-7.88758053460084,11.8383172108902
16.1711272128802,7.21022790791013,-25.781630557881,12.621977474883,4.63891089814463
28.1818771965367,5.67012041750396,-27.0729959522133,-6.56028926036798,14.6002400073291
14.5157682207854,1.3744423841744,-20.8689133331135,-28.3243215860503,23.6512733194746
-0.0485673270417954,3.87332715396205,-16.996192848344,-28.739151077786,21.976341155668
0.421642764849688,7.00227253287228,-21.349242936602,-3.95653005851229,10.8351357136254
17.2160284794016,6.8034104287666,-25.9703338090183,6.04310535869799,7.49838979197235
24.0274817763796,2.70982129788031,-25.405007985193,-7.65067936605602,14.270285974257
14.7395824080932,2.07416992100124,-19.9236396762073,-19.123817100213,19.0564463823991
6.04206770900775,6.22567673946412,-19.9282734631747,-19.2736775555493,18.1282288467127
5.91745200739621,7.59481579351734,-22.3229298859374,-8.19524463537376,13.0235813658521
13.799999159441,5.56181494280504,-24.3402592135921,-1.76996931874367,10.8566435945367
18.3006475120606,3.20639636537091,-23.3066439735261,-8.80633496277104,14.3480636823405
13.3144715619338,3.26952999760879,-20.8389870486182,-20.562568536853,18.9952067449531
5.4534616389356,4.98362995655953,-19.6970477519735,-18.1834107647085,17.5915050433992
6.43117124517718,6.53241196109601,-21.7517771703912,-12.087961561647,14.8094561261169
10.8333003728612,4.71740681100368,-22.9720623263789,-16.9369418717293,17.1371964199802
8.33114202779338,1.70805465292408,-20.3945655418543,-18.5430756025727,18.0311380198824
7.28304967970231,3.13459353954595,-19.8611050844554,-31.3418421355049,23.1242985076378
-0.745153567048926,2.4623739594617,-18.7087052417274,-25.1488050069141,20.4165931429803
3.02901965964976,4.07804701548537,-20.0002633074496,-21.331327686106,18.7207149645556
5.97492870566234,2.34081538244628,-21.4228999316688,-26.3460649317342,20.6174909827234
4.01506052515522,0.407332497496837,-18.8396164929743,-23.9624323157342,19.4793612054224
5.71836679498849,2.43568433244588,-19.9543053758099,-20.019194958142,17.8756518484191
7.96412187855018,3.55026921623649,-21.1812318340962,-21.1195720171032,18.0617983019646
7.81255643491408,2.71613512328802,-21.1519584647723,-20.0548957393917,17.3072398110972
9.05052235352865,2.89064983901803,-21.1857247404468,-15.8545349920031,15.4905960283425
11.7223136515531,3.7110577281998,-22.3133258896489,-15.5515177160242,15.4152267834268
11.8949637497064,3.62852066974531,-22.1843249572838,-17.0254024546727,15.9310671972518
11.0320890046648,3.7606531948744,-21.9166402453254,-14.5538360684675,14.7435168202534
12.5695810422373,4.59610815942179,-22.6270090234501,-13.0200273590413,13.8543542986299
13.8616634671264,4.57216510616543,-23.0882690399309,-8.23093161931573,11.9283170931945
16.7331583110117,5.16540684662244,-23.5851494446633,-8.77774558925305,12.0221955627932
16.4896316859924,5.02135024743901,-23.5371154676627,-9.95039432435346,12.375779387465
15.7909913205742,5.44561346092446,-23.1091958505341,-3.50091793483833,9.61063089972016
19.456869117952,6.97164730693704,-24.7228550501745,-2.51374217949442,9.23399749464981
19.9681749533707,6.37484035240862,-24.6831805071448,-3.60445025460294,9.79222272661657
19.0081145020815,6.32233157405535,-23.8020415925539,-1.91088252065177,9.08269668524243
19.6019799510698,7.35232055560897,-24.2755172949511,-3.1914403690324,9.44467707094714
18.7471079367907,7.25240491089268,-24.1023185662465,1.0355250975558,7.72512352716351
21.000306568479,7.94164241603827,-24.5735401617383,1.27023020367833,7.59711341477591
20.996853265982,7.53299335530935,-24.4975028536312,-0.140582780658485,8.21187848370596
19.8281635193507,7.47560059832583,-23.6294314585308,2.38440052663707,6.97135238699956
21.1344048470005,8.51089022042191,-24.3530616137829,4.05167234757836,6.45459350608262
21.4686661683972,8.39044701341391,-24.4219091133296,2.31456163026405,7.06951526409805
20.2859188368654,7.93665424330019,-23.7068401897277,2.2673442628425,7.39882229132623
19.4401641891653,8.29809036004519,-23.3349005108411,1.37090479444927,7.99189980407512
16.4915342370706,8.03170976421333,-23.0384040301364,-31.3053604335473,19.6628378753812
-1.35640791445142,2.80070458145627,-17.659950619935,-19.708339884369,15.8947380844845
3.65330128847877,6.82576212609992,-19.2832964097986,-4.79869358515961,10.7207988740997
11.7277934298124,5.84357931949711,-22.9006543928764,-38.2658486052908,24.5107727594676
-7.3217222951495,-2.38337359819466,-13.6351201335703,-32.1585407556173,20.6084610376773
-2.35302714761528,3.65691810265853,-15.8112242096201,-19.4793775352928,14.8507417125972
5.63094773861517,4.97137714588994,-21.2018516166123,-12.7647448153955,12.6306744653735
10.1324457280039,2.60858916676523,-19.7757605510602,-22.1967459181069,16.9542076692252
4.32011273826011,0.920014479888162,-17.5930325848218,-34.5590942361249,21.6583783503819
-3.1487090859504,2.09710746395108,-15.4886908664496,-27.6950027064936,18.0876937168452
1.28222015047088,4.86113472903754,-19.2136880302322,-22.221689479109,15.4481213323207
5.64644462965945,2.80726619937952,-20.1198774105811,-19.0780690974276,14.3100166204542
8.29061960343557,1.4620594508489,-19.2407287802927,-21.0781288237742,15.1462007619105
7.35893019483258,2.31619988307548,-18.7789318602304,-27.5690169190767,17.5201890329835
3.32666594482238,3.24599343822124,-18.4053583901872,-21.5498334688812,14.6061683017688
7.33208134844093,4.91511906814063,-20.3925641786655,-13.573375039627,11.1975104537104
12.618257720594,4.30010392009897,-22.0776559207296,-17.2289165777112,12.3407146450868
11.4218105517131,2.58986577455242,-20.3750443988566,-15.5989682876868,11.6475950294803
12.5786877020033,4.45731023021598,-20.6682302588666,-4.52720166630055,7.08793103283348
18.7933773446506,7.20308288933938,-23.4789896203319,-4.74411872806919,6.91231634039608
19.1432853846267,6.07017050397585,-23.3634503228809,-3.27370991552221,6.20820189837494
20.0066521089582,4.99281577307468,-22.843913195432,17.4266867670635,-5.37089933682042
36.1272255120627,9.54188583577306,-28.4482127018136,50.3635643058079,-16.9010882103064
53.4033245286321,13.3116941989546,-33.3580890825645,42.1111134110186,-9.50402063962559
42.8876477207543,10.4663022099689,-28.0901587495981,-13.5129814484117,13.7579683694246
6.8124934451109,6.4250790025913,-17.1434301286858,-16.5774534554746,12.1534384679462
7.25525014164747,12.9682908224551,-20.6390143267047,57.3434910101707,-18.3253373425023
51.8300576117047,19.5256514927602,-36.2784762765195,65.1136132433872,-20.7545967690586
58.7520900986697,8.40434164416453,-32.0561337675762,28.5213065672688,-4.09225628984189
34.5847267565395,7.17974009364505,-19.3765878331165,31.2610473767749,-4.99139628224166
31.5552502515156,20.4411331047199,-24.6554444686219,25.4298846487591,-2.72336074879261
25.7069865936334,18.4733118299171,-27.0496504157019,33.685427762663,-6.26334690689375
31.4487690368774,13.6278965444171,-25.297844892595,35.4691878178923,-6.37855659647319
32.5629748104747,10.3576139091408,-23.5503520206106,29.579530620666,-3.0240677256549
27.4507310259434,11.7737695914804,-20.1118112309925,16.4752604245203,2.73201905299223
17.3069760790155,13.2388776581409,-19.1817864035011,13.618682697237,3.9793506441761
14.4039589964873,13.523204953319,-20.5073564318255,-57.4257627719795,32.0727751722827
-27.4327516666257,-1.0464005340591,-8.2369619080008,-23.726919735756,21.4645157559332
-11.5037098074542,7.6930505002269,-10.8597340582446,-32.9754443750876,27.1665064960933
-18.3121928200061,-1.10203543706635,-12.0363814339441,-75.1300237890583,43.1310578919705
-39.4197169011653,-9.00830897576003,2.29773113349398,-49.8741995132577,28.9844421277855
-19.5471872677059,1.06702725519676,-9.12902685711169,-7.77270954126895,11.7431494198962
7.25694899094731,3.32296148657853,-17.1874023935787,-7.0411196560024,13.5057527035429
7.52768715455202,-2.51246624011737,-13.9932951703516,-42.1116590298041,28.901113564597
-14.5761099731868,-3.68289778295892,-5.4019810723865,-51.1355990601396,31.8620044248064
-21.111806492963,2.7721194030984,-8.43491260977911,-39.0046546025843,25.1814509292059
-11.7605171586368,2.89363041289712,-14.0376151658863,-19.1226927539781,16.5605889903715
3.16680200023843,-0.812190726417248,-16.0938321078421,-15.2824778432187,16.4280624006095
5.7381999654879,-3.00612729720685,-13.6919057664194,-35.2382680549766,25.1709966073987
-6.98417656352275,-1.78059911894831,-9.9166914120005,-41.3078425716338,26.9745735197339
-11.1742395440084,2.64875050378153,-11.8343500996557,-28.5373666259433,20.6527446080574
-2.21405147510024,3.07772794548352,-16.768378919947,-17.217529302256,16.0087968693168
6.42995549507407,-0.376992170591556,-17.2831782758874,-17.7990113978894,17.35013299693
6.01502682570777,-1.69855435719056,-14.967313754459,-31.387362966905,23.1046619402783
-2.63040979319057,-0.208919289319459,-12.9318626977285,-33.3930667867263,23.2876849408379
-3.95457075743344,2.71721060585653,-14.8408411211271,-20.987367575325,17.5466701470963
4.51787576975478,2.88820141729267,-18.5181630725654,-14.8757185672492,15.1838675073328
9.40696193252314,1.08746373395693,-18.2567443547724,-23.2228599159448,21.1464487317535
1.77661403813308,-0.490736443615493,-14.405882013042,-53.7455538295568,32.438088472249
-15.4821556924694,-1.79207167912916,-10.1769922200562,-43.6729994001377,25.5064809799266
-6.52457651494378,3.17554093548072,-15.3514189921832,-0.392731918212571,7.23420974816057
21.2711071725694,5.30185000162272,-24.6781861502582,-0.359843392364008,8.92415253524462
21.5426220974813,-2.21422597335056,-20.4727926056609,-15.4271428442903,14.338639324664
13.5700976281664,0.150822763187889,-16.2704834291407,1.21807738087188,7.97683002922574
20.7862997242243,9.46951570457927,-22.9597491000343,2.01710781833385,8.51116289455313
19.5114566735305,7.11893457646987,-23.9144896056015,-11.0186308210418,14.2583615007196
11.6623863971093,2.34118558342057,-19.1727365343641,-12.675699904889,14.1932447291923
11.4780948689848,3.52355473196275,-19.2876760995647,-4.19762907699359,10.3948062664767
16.6969211392407,5.54345796733918,-21.5971679066957,7.02073455659579,6.27556545049858
23.0192850215411,6.0102946246475,-23.0812827653742,-2.29327949556527,10.6153639821322
16.9129727056053,3.48070129886032,-20.2649031149264,-4.71785972492905,11.5965698878565
14.9381020894685,5.42597233310004,-19.5875938003202,-2.86221980272255,10.5789920826185
15.6305727543663,6.47700707937571,-21.5012493799756,-0.763035681583492,9.82398885119041
16.788967313956,5.36536861627058,-21.0633817517502,3.49862451689646,8.41315444292593
19.1000701293163,5.12764882105957,-21.2710881579376,-1.42233652149765,10.7392093424058
14.816052830938,4.40084401586283,-19.7445756688171,-19.9722333231079,17.7164175114614
3.92549587791879,2.84095800559932,-16.7843141139011,-12.0035245435689,15.1016514322302
7.23934606531321,5.5030902593581,-18.5607673357141,-7.25922907274252,13.5393738591988
9.88331018058457,3.38536328986368,-19.6924398846963,-20.0991512149891,18.6566859294859
3.1885341495695,-0.275563643620762,-15.4276308477451,-14.5155277233321,15.9118331946362
7.00073429871218,2.92555735805043,-17.0863122578566,-8.84551248384346,13.8789236132726
9.88270048266456,3.61252957586783,-18.9735259700375,-8.52295621569279,14.2592234199705
9.80501558274359,2.45914034760912,-17.9570358350537,-16.9372122934359,17.7384810637321
4.73428614318145,1.27244999130251,-16.3447980924332,-16.0245380952972,17.1021221162421
5.41075727530144,2.79193460880256,-16.8587773636865,-12.1055177564134,15.4043230936254
7.86238285440349,2.89497551107117,-18.4583537777685,-11.3795034579326,15.3522930148483
8.39357529036791,1.82743444482834,-17.6307071152578,-13.2162486606648,16.5579077421768
6.89598676679747,1.5500393351327,-17.0128714291294,-19.3668796903282,18.9383979151245
3.23214574910175,1.53134594285288,-16.0888773884816,-19.4812559272147,18.7590414530073
3.28983999695212,2.11712628313207,-16.7286626743929,-13.4125528043609,16.244485612204
7.22633769014845,2.17076163889137,-18.0093376943404,-14.0061145617431,16.5728632414513
7.21125919839137,0.869826387356855,-17.3897370372614,-17.3193644026017,18.2081377251008
5.05811817183587,0.859537758016569,-16.2923249926699,-20.6491736732324,19.4896658957791
2.89037655649325,1.42886578844993,-16.419914654123,-20.1986003455793,19.0282061558012
3.49277841842646,1.67591283906696,-16.9516075160444,-15.0540113437586,17.1645600296973
6.60849711470714,1.4542492255283,-17.8399573910785,-18.3185769463688,18.4826170216534
5.06480002591346,0.10364718567401,-16.8038838625034,-22.8408993075156,20.2215390628676
2.58212223382206,0.280471699210264,-15.9779605455256,-20.3221019897343,19.0758119132292
4.09423380833184,1.52899311726828,-17.2503162977714,-18.251048516247,18.2638210230501
5.53014734007735,1.07637141422859,-17.7819766624698,-17.7887521881076,18.3436148668007
5.89770462504821,0.368013082095737,-17.315773565602,-21.7619911730657,19.7551580313828
4.01779193085899,0.0809432237105172,-16.7284347228381,-20.1652621230339,18.9045595189075
5.19218505858015,1.1955702329775,-17.4357628172137,-15.7488044631244,17.0169794381554
8.05248175191265,1.54012880446606,-18.7685354255019,-16.6347262576864,17.5014100825161
7.81120069798981,0.635783731976345,-18.1766950063246,-16.4984305593572,17.7509782209572
7.62697262187839,1.00830603643026,-17.9718870456323,-19.8007399455176,18.8887798036781
5.93722372883501,1.00061063036555,-17.8803913799437,-17.373027162731,17.61911428153
7.73834967358407,1.76726792291154,-18.6014987204789,-10.7211505345727,14.9616135400505
11.844962830857,2.12133398531228,-20.0211854376958,-14.2391303978928,16.5165585130522
10.0452059285549,0.819038988752069,-18.8869128666608,-15.8896836838954,17.2932180812479
8.84511695694756,1.60849767467081,-18.4637008202499,-15.0389715287408,16.8388481736653
9.22171757270501,2.39806807597367,-19.429234486189,-15.0180785137587,16.7549173019397
9.50453447189799,1.9225729446579,-19.4352458928623,-11.501218123739,15.5035096119717
11.5765095134196,1.99960887446709,-19.8098902099629,-13.6467481697223,16.3524804538015
10.5335833721855,1.48539739877848,-19.3309966967377,-14.3872182095087,16.6886038826859
9.97000749141418,2.06795856014817,-19.1440276983583,-12.1293440226448,15.6953724895407
11.267346830221,2.70545657496641,-20.0713360792577,-12.1484739497462,15.7870771874081
11.3288902998428,2.20576952281201,-19.9509841603837,-11.9173794254655,15.9078778949628
11.2824628841931,2.11022118437691,-19.7031529857226,-13.8812344203629,16.733401942342
10.1046202930151,2.01339999727431,-19.4211901919728,-13.785109769999,16.6118468048952
10.1907821519865,2.42917809481698,-19.5838727511752,-12.0236807562693,15.8796330651749
11.2653509273294,2.51722683634554,-20.1025025052529,-12.8222612163211,16.2849244138428
10.8928858694067,1.99928759766981,-19.7767773952379,-14.1261354863251,16.956986515557
9.95924056520693,1.9480711626417,-19.4004893246797,-13.9815560481966,16.9785754493282
9.87457815548547,2.28192646894908,-19.5734749385748,-14.595289402584,17.2014107001968
9.62795500713829,2.10701585540947,-19.7857571179247,-21.5495118299317,19.9660171536288
5.61172195943109,0.787419765732813,-18.500279213606,-17.6013195236805,18.6313602470525
7.67188735499064,1.88507053527776,-19.1250014279656,-18.1060716485373,19.1220917669584
7.18611801102985,0.980729393778464,-19.3562526120718,-25.6765281993574,21.9402368861937
3.31464036374365,-0.383356347872085,-17.4628395855742,-20.7057374711434,19.6741497240914
6.6586873469568,1.34041754254456,-19.1293830060791,-19.2018303781703,19.2217033222303
7.57914373552723,0.708985815796017,-19.6645974253586,-20.5478669336631,20.0964240326124
6.77181841659656,0.0240293315249573,-18.6850259253903,-23.37435388932,21.2367353687522
5.16289338783375,0.101830266928202,-18.9927174814074,-45.7109402919307,29.700735488174
-7.47273138792334,-3.0389574811803,-15.5881309099466,-30.2629252694341,24.0826285411173
0.881543012388106,0.795135955721674,-18.8410589644121,-45.7452737364158,30.8592151435664
-8.307080709201,-5.15805996661125,-16.8562967775958,-52.9292773831451,33.9819092685435
-11.891120792825,-5.71956579775171,-13.0502191213145,-46.2351791529616,30.4687249262202
-6.67810484364166,-3.67408187566926,-17.4704080970535,-49.3330907318954,30.9230347484892
-6.49513203699063,-5.67554768697211,-16.498464110125,-35.6636490669172,25.4449269489165
2.4266345610742,-3.74844568535076,-19.2124781342927,-35.6908953419099,26.0363039282504
2.39672086609813,-4.67931422084447,-18.985334410324,-42.4345800663245,28.6256426676007
-1.10547847004635,-4.48087314689126,-17.6882496186684,-41.1836091780969,27.1596023809682
0.746440699889041,-2.65026664319335,-19.6523015123864,-25.4184305860854,20.1862349495448
11.253582772177,-0.89614897757001,-23.3899325708951,-20.4095050863117,18.3154814727547
14.936017457827,-2.44981768684669,-23.7787294788132,-25.8580470518104,20.9397550424273
11.5071660440346,-2.64929612096761,-21.6156007912871,-24.8271150634935,20.357656379008
11.7277432777282,0.258305127285566,-23.091923482036,-23.8617751567052,19.461981441997
12.5838098905683,0.606236328548861,-24.4204898441735,-15.6001235740739,15.8208141178211
18.1486467760697,0.752281318695364,-25.7487021062351,-13.12177913172,14.9838567678779
19.7800093065855,0.0083807631689834,-25.7536661365264,-16.857706464749,16.7954305050219
17.1339149525963,0.207768063315194,-24.3450566093433,-14.5101347365597,15.6807033179149
18.158149830324,2.35449988798998,-25.6119726254418,-13.1438636266599,14.8553775519429
18.9970384177021,2.11857329621736,-26.4389352507702,-8.93911055127899,12.7224265159235
22.1344550722925,2.07530827347101,-26.8382021814269,-0.0395197912529557,9.69001017054754
26.6970205664207,3.14242705560867,-27.9472543272353,-7.40895626870153,13.2837146622583
21.3116784077436,1.38719776637139,-25.9330757569683,-9.29301585302312,12.8788193734381
21.082589656467,3.21123018563489,-26.0960508739492,7.08323858286084,6.43848717293034
29.9254380483348,6.03603693728687,-30.0559500005201,6.20791544660912,8.18754699803169
27.7567825323945,3.14010577880686,-28.2490544829808,-9.61012762960883,15.0428216312181
17.5282913794136,1.46576631964719,-23.9605446903725,-12.0044124124282,15.6037476469571
15.4674008710697,4.11892928701732,-24.7384780208257,-3.98676523492389,12.1678684407227
19.9980595566031,4.75949493007679,-27.1419676521935,-2.92208206534432,12.136200359971
20.6141820372655,2.12694225026688,-25.9808003398882,-8.19786720472645,14.7853135824987
16.9586754736996,1.2475577441621,-23.6185989304797,-12.1335233100112,16.6723722549218
13.684164881397,2.59492497467738,-23.1835796306871,-15.2959019898099,17.6974747790965
11.4958254550845,2.84016487060465,-23.419879075684,-13.9352094015981,16.9658686673189
12.547902951131,2.11503203291348,-23.6425905385156,-10.8811359445759,16.0044351636536
14.3645555399191,1.31157003792913,-23.593259427757,-13.6306401200437,17.4793777131127
12.3183053373878,0.785304162692505,-22.3718750054862,-20.9695366566523,20.7071245786862
7.39829082623351,0.699443532269628,-21.0567707992038,-23.850394209858,21.6447582744745
5.52837444273653,1.1246005605039,-21.2137880886606,-21.1725282778538,20.2016021226006
7.70488537388035,0.874326076392155,-22.1311231428429,-17.4550569071595,19.1357484236768
9.89357323693884,-0.0116029997182792,-22.0895770103324,-21.9692299953379,21.1410291808636
6.98634319196173,-0.944563120569718,-20.7691595794371,-34.5190915752146,25.8721712896562
-0.1728047864851,-1.59027376957778,-18.9424297505645,-30.7774709907618,24.2694641671148
1.88246278968676,0.199475874432393,-20.5163746897159,-24.0043027823711,21.7226028895364
6.00164365778375,-0.536200630475068,-22.0634095765002,-31.7264125750901,25.1808775588619
1.86117726065993,-3.50802723934056,-19.3525684150992,-35.9612994382331,26.5117408996822
0.00940318053801414,-2.49855162050009,-18.7798478951395,-30.741622396971,24.0038537492038
3.49398845197458,-0.619107161833358,-21.1242323230689,-25.7871749370952,21.919222007822
7.00079682926345,-1.17373315705756,-22.1371830151777,-26.8540499630642,22.5043278704382
6.85705524653958,-2.29027949664854,-21.4191323890375,-32.2419482748522,24.8402204513013
3.59060195254731,-2.29794635356701,-20.4161819573025,-32.0773994667672,24.6604859671717
3.73479468885222,-1.00975343352147,-21.2345606315039,-29.080826996051,23.2292062220518
5.94415994391979,-0.953072314017621,-22.4408989453589,-27.6262858483841,22.5440847549091
7.47098290346057,-1.85236565247858,-22.3971357481792,-27.8975176414933,22.6138276148695
7.84521133295271,-1.90126551316084,-22.2022632218559,-24.9961355641679,21.5111127499767
9.53826182942304,-0.670156588371058,-24.6172718810066,-99.5643433383025,50.6506035443891
-33.8015221477403,-12.7940890441404,-12.2897526255865,-62.732918155045,38.4507492782251
-16.0367376262192,-1.1477277232645,-17.563058195679,-57.3115673590256,38.2074249206142
-14.0011947406185,-8.78896397954879,-22.0650798477321,-106.523964015979,55.949371002012
-37.0451462522505,-20.0217079175528,-6.62446033174689,-71.8360316334341,37.7797124062911
-11.1437569185313,-6.72052752139977,-18.8671261949635,-11.3001897569224,13.3360389867768
25.9839113531868,-0.743859037720224,-31.9299642106842,-24.2994431970611,20.7634285348084
18.1256022788757,-9.69323170074082,-25.2024416199554,-52.4199239695387,32.9973640203779
-0.0820001696816526,-7.33725131850895,-18.0379640109264,-54.3997029889136,31.8094228032741
-1.27033381343768,0.251103646175581,-24.5410979969328,-31.6916869780306,21.0303695052384
14.2139982609192,0.992127158859519,-30.4849322772524,-4.40465894117929,10.4715309351103
31.9405056047989,-2.0132620307576,-33.24759782931,-19.8531791234899,17.7373083934989
22.8966919703368,-5.87245958487529,-26.9577654609496,-33.9497119535945,23.3460946250237
13.1671107597902,-0.344261332160967,-25.2232371529628,-19.9719802932075,16.8866948744471
20.4621325055921,5.79746901654995,-31.9209658166454,-13.2540947190654,13.5080422657185
25.6759990985183,1.98662028798166,-33.2250154297475,-4.36944231301404,10.1970970723103
31.7476534238485,0.352007254943171,-31.9481638443259,-8.25836959534191,12.1134216324567
28.9102958654392,1.164859024268,-30.8544711765813,-14.8535382614803,14.8810866619567
23.6709306199116,3.80005451469916,-29.8820680882617,-6.54126881305387,11.2585276285596
27.7619356084545,6.40708279081238,-33.0417412215103,-6.36988503285538,10.8937721337634
28.2672656353671,3.7535507879209,-32.6146602411583,0.0685608072722168,8.30614381425529
32.2920606048782,4.0443573740912,-32.2682853962279,-0.304597366570622,8.68208583929259
31.3527127478159,4.69393025608271,-32.1608071016388,-5.05891951431716,10.8670549189191
27.4285393727165,5.45212240351705,-30.7679726342391,0.4664358996988,8.60565294394809
29.8599374210922,7.25079331775546,-32.3971413069145,-1.19070003530585,9.03082814913005
28.8865934885526,5.66155696135421,-31.9021150774951,-0.293062179653125,8.52722250473398
29.4142573001242,5.65572349487126,-31.0192833438176,7.83906459976906,5.63271786139313
33.246921318254,7.43169675273963,-32.3306051747738,0.467957764984619,8.87576524777289
28.0723301829326,4.7135401403523,-30.4236535196949,10.6213042379419,2.28442009925766
36.7519121441548,8.04684644374355,-32.9355218233098,41.8020120857596,-9.04082143191785
53.0542373634034,11.9768697469522,-38.7094326748331,29.3167937017147,-0.631827496797597
41.2002487699025,7.44299838136553,-32.6607112444179,-11.12833771139,17.4074306469018
13.4581909425226,5.04387750500266,-23.5272053669091,-24.2807028963264,20.5038012087638
6.06588336178428,8.60750873786575,-24.7812408262622,8.69605505877271,5.51699279927269
27.4893199173566,10.7461803812714,-32.8465295927182,27.5571790337419,-1.38002954467205
39.8991010524635,5.16163013506013,-32.8025170077046,9.80373549293125,7.90414375298885
27.5395538775917,2.24096080154989,-24.6811665383029,-6.82922190500816,15.7037644949125
14.1375041432023,7.6032650665694,-22.7299553741553,-17.8885968260418,19.0043147209754
6.82350176730161,9.12797553284734,-24.5293207950613,-3.6867850242349,12.2000471905802
16.7285738663664,7.62788898026816,-27.2171187988931,16.6018769294146,4.59829616345192
29.629487287309,5.04847346236115,-28.630415297455,3.54994853471384,11.0452558290864
21.2386533892252,2.28724408432283,-23.0218775567386,-7.6899639611674,16.2825331871331
12.3349104145498,6.46332046263301,-21.2627982124797,-13.1162507040297,17.6744723342145
6.88116622303825,8.20688085543743,-23.5034337900831,-31.7843533510994,23.6209558538251
-2.16841030370531,2.45411778809749,-20.5140425640611,-12.3125558841157,17.3524473196783
8.06756756755652,3.53584155050019,-22.0320742609541,-14.7690189200975,19.2966440682499
6.66082644190166,0.295618215412117,-20.7318847750876,-37.717797993393,28.6428309218458
-6.7005760899089,-1.5255386113797,-14.8231812613147,-27.7169868207146,22.6023836794471
0.99351817939586,4.16795762839411,-19.9258319898765,-11.3922040699639,15.6399423701787
11.7042385007882,3.99698837029548,-24.0593762739017,1.86280467366208,11.6592011697799
19.2392780890869,2.36739094191012,-23.5484519953687,-21.4550698807882,21.7981076256556
4.86912578029611,-0.709544471553078,-18.382680187719,-30.6387817750801,24.8725865957714
-0.922531012853133,3.4316128922715,-17.667845704299,-11.935135430782,16.3475083778683
10.5900870376234,6.85669458275167,-24.6047689006206,-5.59674961071037,13.6955089938877
15.8666759542027,2.55969726182131,-24.1807935988459,-6.83002097120017,15.1541873686633
14.893324407834,1.19648497090603,-21.5421347013761,-17.2796620186315,19.6514850066656
7.8907366089651,2.69773205833975,-20.0536177142433,-20.905317737162,20.6868630190719
5.2767567916091,4.97373473496283,-21.0325978844972,-11.3124968967265,16.5158435186973
11.2179637406824,5.18678515061858,-23.692319405608,-11.4500825380252,16.5947553556434
12.074229286068,1.98351618236016,-22.544615745222,-10.4961217443064,16.6099754700061
12.6126116265019,2.40306207032814,-21.3711922078914,-15.2133436466593,18.4395157086806
9.5244021651955,3.3980713712638,-21.4213193722303,-16.4965313445253,18.7115314345363
8.78729556188572,4.39947673747812,-21.5783667111456,-4.93934737474649,14.3757007673962
15.2061955809676,5.36669525540029,-24.015055679051,-11.2755456201467,16.8531837713185
12.1523036509489,2.40125143328369,-22.1381344572743,-14.4196575228823,18.0700332887186
10.3746130062527,3.20273828422196,-20.7796314211166,-2.5382563105263,13.2246188667245
17.0505917697891,6.36194785535689,-24.1308185164317,-6.97531040775494,14.9953855255584
14.6505395270089,4.26461916420439,-23.0985369158006,-2.11729387603891,13.3971777369564
17.1270406329426,5.38928704032538,-22.9426491338363,-6.16207780395295,14.8264310780611
14.7987135915641,4.86293063761619,-23.0926291340647,-7.03111151897081,15.0292332267648
14.2739756551367,5.54551696181621,-22.2797829246581,3.67291211694441,11.055278167821
19.9209142439927,7.16577960480673,-24.8131697915505,-5.92907315984481,14.9652194842038
14.4483448343422,4.29308310044482,-22.2501313104893,-2.73505190570953,13.6028598648522
16.2175676424776,6.23583890016763,-22.4121073882966,-0.639258133515606,12.4580662718188
17.454225255865,6.64172165397297,-23.9705902769668,-1.72570239177937,13.0386370083329
16.7613159537594,5.95370015189085,-22.7527174537772,5.00536872986787,10.981475274197
19.7563725059296,7.06827748249747,-23.736273365273,-5.57493318635254,15.1978436955316
13.4730247212356,5.13157699594915,-21.6446813183211,-7.95857294966713,15.8544274209202
12.0528888254246,6.18170312677807,-21.0730044013032,4.58465125287001,10.6828809241752
19.3396360544945,8.0386532196205,-24.2690687118887,0.9971783185313,12.3601027475754
17.3696734804303,5.34126700710082,-22.6377483091846,-0.535374633071465,13.4162645576422
15.8938684147066,5.8652888757413,-21.224105867917,-4.83620907130184,15.0815713772209
12.9134040497855,6.41752268167106,-21.4181465014883,-5.0360527437956,15.0278068107303
12.6479424171371,6.73938046498132,-21.3283820958851,1.64870905140213,12.5342159715597
16.3709495567357,6.80574618826667,-22.6056266354226,-4.46731410359573,15.1384864738229
12.9334312301929,4.65120036875778,-20.5939594072304,-4.12294375760117,15.1026094219008
12.8660427017518,5.89841294103653,-20.3135571721928,-4.54040463352512,15.1404205575427
12.4334877204869,6.26885641453494,-21.1030696451818,-5.5474301055821,15.5943232431509
11.8275045021017,5.71043188304757,-20.4936329452166,-1.89136969328432,14.4878622815277
13.5714467805843,5.86254324639794,-20.9643890108623,-7.8316109418374,16.9703082525543
10.0816871171521,4.53381776921264,-19.5808758832696,-10.200607273266,17.871343541894
8.60510477928296,5.02416442297425,-19.0402099364275,-4.75516004399517,15.611641099611
11.7720543932348,5.99898176697039,-20.6379774215808,-6.7032477694664,16.5205164711833
10.748357691181,4.51260759572249,-19.9085320319605,-7.56993018529772,17.1802386007539
9.98760369322019,4.46518007009007,-19.1136447304243,-10.4037008663827,18.4210797500651
8.09071992229486,4.49967702331361,-18.9962663583474,-11.2939455913282,18.7969572875665
7.48330739771158,4.61527814624914,-18.8353987682854,-8.44172350115206,17.754230575456
9.13604018450997,4.60695741495795,-19.5280428530699,-11.2357905072465,18.9756191497558
7.73761793033009,3.4005141186414,-18.6782203793398,-11.2942646160532,19.0954166640918
7.69506860254018,3.76685686722273,-18.508319103491,-10.9803405106656,19.0722075555437
7.73781509833791,3.98952521660042,-18.9343896256105,-13.1595567520192,20.1268549337691
6.23070321815525,3.37602620090158,-18.4173600715665,-16.009839571801,21.3089905712451
4.62021431185789,2.85388487878154,-17.9626859664242,-16.7418002893089,21.7395292864752
4.07101622440428,2.71024298044189,-17.9071704515327,-17.5362103840456,22.0943164017716
3.78804050282205,2.27321564752912,-17.8881559983733,-19.5034621303362,23.0291785654229
2.72516529315511,1.67849240880647,-17.4378194882396,-19.3507907629706,23.0233954593662
2.78754207593289,1.71158260850476,-17.5687476878182,-24.362336103478,24.9630708330386
0.169632709263072,0.705083021627387,-16.9354268070952,-23.7685106101916,24.8482618089584
0.329533373056806,0.993251685852611,-17.0370731139268,-27.1608182156296,26.1717473589998
-1.30776427291142,-0.0678641210673452,-16.9171406874539,-29.9521032931412,27.4668217209557
-2.75789195078847,-0.666071210626014,-16.1036523205973,-27.2344895288815,26.3025809324533
-1.64530342410284,-0.267867453890231,-17.1430401494495,-46.0121107344661,33.2194519733609
-11.4789544460478,-3.90737402445929,-14.1832820434066,-41.5517797018796,31.7887192872903
-9.08755019761776,-1.85489329356125,-14.9015801323534,-33.0678579214673,28.6520387210801
-3.95032573535429,-2.09182485270766,-17.6560994502552,-49.1461469103624,34.9493325313823
-12.0589674565122,-6.46253834948143,-13.5566777472118,-43.8807541321373,32.1170998716536
-7.65379272169548,-3.42741360949791,-15.2588771045647,-33.7781403795235,27.823071852273
-1.01833693861391,-2.26350062878124,-18.8169868008199,-33.9432247426283,28.135836207025
-0.421647611923588,-4.023346116103,-17.8199462471376,-38.8872789302605,30.2117004386803
-2.93849341960143,-4.29109437720552,-17.0098290835764,-38.1272284020302,29.4929539589935
-1.92226118585224,-2.62420050658981,-18.1389972098312,-33.042796455537,27.0851763690315
1.81488404922814,-2.05339213885109,-20.1591861128977,-29.8955837780832,25.8146196890069
4.36326377586135,-2.94695186635844,-20.4438714592368,-30.4078166433578,25.8882431171279
4.74448146659405,-3.12976275545332,-20.3130705533656,-29.6852658132668,25.6365479916331
5.25471278645561,-2.10645136272343,-20.7749093971551,-28.0736556402333,24.8456223904507
6.39846246733694,-1.40007525289177,-21.81913321831,-27.9464474814224,24.7452996664969
6.74411268860014,-1.74983211799574,-22.0000967104423,-27.494297389743,24.555915581429
7.2909857146275,-2.25524678942199,-22.1220853032084,-24.8767118974459,22.7490104657579
10.0323370618612,-1.60514443696629,-23.0736455962762,-16.2125553320427,19.5543242363775
14.9402371990398,-0.251411824975298,-24.7287436391663,-18.8041570006064,21.3962142565912
12.5270462448512,-1.68920424882013,-23.8265012354371,-27.6448922319797,24.202456557907
8.14892834287509,-1.92551994316332,-22.439894554934,-16.2632785843253,19.5750443407714
14.5572231088652,1.05254179915847,-25.5212201586766,-14.2020945505401,19.485222667011
15.0631600895937,-0.596032126490475,-25.6882042716192,-25.7362783071559,24.8088858683457
7.68030407722105,-2.8196026754908,-22.0659309166033,-30.6341858162236,26.4998983255761
4.74475956020486,-1.48885646813836,-22.1123191916404,-28.1823485168684,24.9236706188947
6.74507506029858,-0.829197192535507,-23.7652781511301,-19.1526451284665,21.4215661875728
12.4495298368981,-1.19134354348837,-25.029542779311,-21.09668996108,22.819624575163
11.1712991863356,-2.94335410436942,-23.7686786394819,-34.1042872964243,28.2571950237984
3.21037625943147,-3.57800365439072,-21.0511710069789,-32.547546527997,27.4996248147853
3.73764829420605,-0.989107842614272,-22.6981813014441,-33.1539517093664,27.649250516755
3.60728470053791,-2.44907607201785,-23.4618200936743,-32.1597849887691,27.3804394266565
4.79207720481491,-3.90323065064006,-22.5399811797196,-32.2025999117117,27.405241293575
5.26367299472235,-3.99816741703512,-22.902656600577,-47.6895333822027,33.5380494065708
-3.64433493668876,-5.719527800756,-20.2491766625993,-39.8900754816156,30.6781615579809
0.447827760899191,-2.77703108517073,-22.4528033472438,-49.4878020943348,34.6713322135846
-4.9675672681912,-6.40437351601453,-21.6620706274542,-51.3574894008595,35.4369500718277
-5.2269557626656,-6.92360647517461,-19.885274290257,-45.6805741297038,32.6843665076228
-0.898854538827992,-5.83825122996726,-22.6697385868384,-50.5143811491028,34.2514034815116
-2.50573164561028,-7.29328032407412,-21.4658076762082,-44.6677248786856,31.8205696723104
1.46146653513811,-5.67128415463641,-23.0097915103076,-43.4311034757355,31.4243851958961
2.49681882578022,-5.88758713286599,-23.7161521606137,-46.9065615975023,32.5827211059151
1.23115525955711,-6.39101522047168,-23.0981605706926,-43.9498024631682,30.8087575211234
3.83134691609761,-5.14170744962353,-24.4473320327336,-38.3368610920774,28.2494636861316
7.88890063443135,-4.56391298005956,-26.095092766314,-37.4936430522021,27.8911903199918
8.76157701807144,-5.03502036772117,-26.1008312646768,-40.2993133286199,28.8563539306726
7.51797509402878,-4.89819103444933,-25.656786061237,-36.4792794788499,27.2736180186685
9.77770627842433,-3.32228060677338,-26.93548498558,-35.4929480910886,26.4352493983544
10.91289047711,-3.47181485990752,-27.7276497505977,-35.0304635808698,25.8503399783938
11.9774681308843,-3.62830304812863,-27.7258652956664,-30.7465646920637,23.9651764341262
14.8210543538769,-2.68096495884818,-28.8056875715458,-29.3497280428352,23.4603967593041
15.2508834790043,-2.40277336245197,-29.0419194704555,-35.5023134883877,25.7283707968053
11.8100888220861,-2.99941464252272,-28.06673982253,-35.4081266737301,25.511605164878
11.3313669561292,-2.06455959333049,-28.4463026734025,-37.5759147206527,25.812846601321
10.7458698318379,-2.72421188445445,-28.7352481193139,-34.3330084347119,24.7698374134809
12.5402548330854,-2.61758551118969,-28.7488590575275,-30.4819817628177,23.0845581017436
14.2560753903394,-2.31191149851285,-29.5491848865467,-51.4239130832603,30.7086439176059
2.93958619249816,-5.49937154059199,-25.917806440002,-43.2868115478587,27.3258662701782
6.00563641689614,-1.76079006567071,-27.7327198151779,-56.0502257122827,31.7030212966133
-0.528250211916673,-5.64986102983987,-27.1836604898759,-62.5802725116554,35.045644712861
-4.74341757586258,-6.99329336470833,-23.7601485443057,-48.6536756582407,28.8529984733826
8.67266397864223,-4.42542932289756,-27.9196265472289,13.9742698986517,5.42146684967465
44.5281865002444,4.01032354443682,-37.4927090449084,16.9494485606637,1.02798254289938
51.8336842320094,0.819216225974357,-38.7770723632351,-8.27669055169532,10.2401246390262
36.981908195057,2.08318382531599,-32.2663651111657,48.5013280015056,-12.7195332512819
67.6253180257122,18.7684589280362,-46.7959449268191,26.769637072633,-0.682555900322823
45.6994815478903,8.20489605827559,-42.3432607955082,-70.2430545980208,36.3640869733997
-9.83121145774581,-5.52029343187302,-20.4228009082312,-63.1347196169537,34.0784146892393
-9.94313031672043,5.47971929155477,-26.2186992596713,-4.93053670931517,10.3670902336539
25.4018656467684,7.336845016477,-39.1852418836072,-49.4826351803715,28.8222465166133
2.22581033290321,-12.5963520502227,-24.660828220561,-39.837500332153,23.1651084178596
10.8532186676451,-2.51403234752235,-23.1344678201515,-21.9377379828631,15.7820960564493
19.4876371242197,4.64191201937518,-33.9042897190005,-16.4659755002538,13.4172592629855
23.3514968519696,2.80313630690789,-31.7676163469365,-24.1341910775968,16.9186779313547
21.0957266197794,-0.497926317798328,-30.8780251950068,26.7128305366441,-2.6133241599457
50.0030922596886,9.83333299302248,-37.541160502014,25.1885515173032,-3.58503502093407
50.950731531597,7.10865528358057,-40.2276180812453,6.27027323950912,3.4363964276631
39.639361867353,7.22372120523245,-32.8534920527847,42.5713476380079,-11.5307747011505
58.906132664308,17.9362685529776,-43.8378376227091,35.012253383048,-6.27436359967651
51.0739877003999,11.8066521073779,-40.3966071143073,18.5644752172522,0.994619209838143
39.8606224509424,9.845737931761,-34.1027600581501,12.9756794830154,2.70222659486915
35.2382202934869,12.5228407177162,-34.7895500390514,23.8651233012854,-2.25177591157575
38.6489041684555,14.4150751049768,-37.0948020179522,-14.4909702592536,12.4387415246355
16.5409846976021,4.95680629552303,-29.578784803868,-18.1839906908422,15.9783082708841
11.0103481699682,6.981253682694,-25.7963516531816,-3.67328417783444,10.8763649066961
17.9108737840623,9.42229058912098,-30.4012118100606,-38.3352994042207,25.6635077222396
-2.98409525082039,0.220208824406035,-21.0428547219043,-40.4922230175678,23.5362399357698
3.58955046018412,3.69857691865849,-21.3015928496021,62.4133524765011,-16.8659108515786
63.2695333084886,19.7250961565066,-41.4858416529898,69.2616435727193,-21.2994973382339
71.942654370114,10.60831943708,-40.8178572185055,17.6151791202276,-0.130112811359878
36.5302527559658,8.79295399988133,-25.6542883629601,1.2841334523719,4.9487436303611
23.4336866542435,19.8913628663887,-29.9370527996651,-16.3688364257399,15.4577904129633
5.59184799652133,15.2988036638995,-28.4639519555789,-3.19033478998613,10.2500178223552
14.4399695045934,10.076552488207,-27.2780306277873,-41.0501834424764,24.3370802990329
-4.76268025624389,-1.57260439755157,-18.9599170205898,-9.12294074590836,8.50210473812518
18.4953028072561,9.76541225430747,-23.2556174613483,20.2875440067354,-2.63755085790357
34.3648808492041,12.8637456553423,-32.9857381722516,10.3715846135261,2.67525819413259
27.8363198976484,8.44029650358187,-25.1890603847652,-14.9279368124389,13.159151759395
11.0702145164853,8.32381595898441,-22.1774290396182,-6.21300381808183,8.25779592303829
16.361193329786,14.1280948819112,-24.949744619836,5.98531602849826,2.29278699609199
24.6858671826672,12.6188549754274,-29.7848521108081,19.0210128083983,-2.94204697017446
33.5803438723729,10.8979218748199,-27.915289236926,14.8883367188129,-0.62147953576887
30.0882074608017,10.7338456422469,-26.9114799699786,4.73489983836875,3.63133508344998
22.6185709549222,13.1086960099922,-24.1281193528848,8.28049326941147,1.44866520605749
23.926915488451,15.9035574397812,-27.5089278119775,17.4394368401478,-2.7435602347195
29.7850484922546,14.7482786918522,-28.4306393766629,23.0363705303991,-4.93653276229235
33.2766585285263,13.1690808211094,-28.0529411200263,21.4133748158786,-3.78393531183144
31.305919560079,13.7676357771773,-26.001006386726,14.5229348839463,-0.793194247550803
25.6618691800616,14.6526610040443,-25.2353304138904,18.8871096930795,-3.94644014715315
28.8330959684738,16.7474698938771,-26.8605853370519,36.2205997828149,-10.7112938928335
38.3749283689519,17.6283276575496,-29.8654351503418,34.7889231740334,-8.69948399782903
35.7075013720669,13.8405452070361,-26.8882371454527,23.0008236544119,-5.39190638334262
29.7427541450638,14.3795896834783,-24.3354893061737,42.8254243577984,-12.9587447925421
39.2871592230934,20.2108740117453,-28.8540066482277,47.872752519,-13.7157977875718
39.8674581891237,18.3234776504979,-29.0922820571708,26.8189804327768,-3.8078906220536
25.1143041463991,13.9757902076163,-22.0269494775536,15.4328610182557,0.613886976163596
17.0513927021531,15.6819737129982,-20.4362521719677,17.1748011343907,-0.719277576800422
17.6273939562685,16.5877436546083,-22.0862816156263,27.6292542259437,-4.9561095841973
24.0513419448021,15.3437755983559,-22.8962074891755,27.2525310985473,-3.81314850547928
22.9744528113498,12.7977930478284,-20.6451109186735,11.1513413613551,3.01655282869568
12.5357438546171,11.8217465955345,-16.4935415868869,8.4873327366821,3.92893722709913
9.81282152067373,14.7671158551627,-17.1497029330721,9.85907359556524,3.374060877809
9.98707302160573,13.8733177094275,-18.1722967569692,9.03592914318836,3.94973157448944
9.6654253992656,11.0232848931249,-16.3896761655901,8.17162151055382,4.37552659196635
9.32657770438891,10.5430307536586,-15.5034973538199,-4.20130697889835,9.47276075673125
1.54763931021048,9.50651556046297,-13.120606242189,-1.43913203945551,8.49701887395779
2.54153117954664,11.4931051303902,-14.0188375508409,-7.76504383917922,11.1140344105405
-1.33803732170698,8.85359333228499,-13.5296664064034,-12.0128148731406,12.8085626376977
-3.36504312735188,7.31107258688171,-11.3673496669465,-7.57894847803907,10.9873327948722
-0.556307013027972,8.10601182608814,-13.0516037313246,-26.0736726095245,18.3415622772207
-11.1082153120667,4.44089443094035,-9.37876878759009,-20.051601851902,16.2220702995551
-7.91643167362865,7.01221130931217,-10.2623842699434,-17.3458016083392,15.3059816921212
-6.20611365424557,5.78068195487303,-12.372838117444,-48.5364192607239,27.0359285237524
-22.7666201941726,-0.594371846288481,-5.6287106275394,-28.9791852632163,19.0850539319185
-11.11969012014,5.56264604667585,-9.89034921098235,-25.2501409227774,18.1512129660359
-8.9507089677249,2.85827827566562,-12.0423955421468,-40.5234332261872,24.2486160938976
-16.5104606638916,-0.934034589767727,-6.45696607553067,-34.95907585328,20.7689529367356
-11.5921819781582,2.80931189528762,-9.6471085569881,-18.3244448067838,13.5259690882061
-0.666262730926188,4.9793432323969,-13.7826741325634,-14.6428028970521,12.0406418772296
2.44071421378422,3.14173577850038,-13.9303804598337,-20.8657668880071,14.7851927892633
-1.1012865331683,2.72098122739101,-11.6544282369968,-15.522326483986,12.4269413664729
1.88133016076638,6.1182238160171,-13.9448395629994,-14.3864195330087,11.2032634755049
3.25441635778499,6.12387107902507,-15.2635541776792,-6.88626741335153,7.82202344552814
8.51060704200069,6.34766698033828,-16.2313379347785,-4.08936350256433,6.64625988700902
10.5109842950512,6.04145282330289,-16.6608134108177,-4.8091460757484,7.0171869936983
9.92286765901584,6.82638529985277,-15.8703765389157,0.218910980387333,5.14338515489799
12.217947604092,8.82146295792631,-17.3545848437359,-3.84151882007557,6.15240097130708
10.2076340861952,7.95007873335558,-16.9265427275394,1.56990001278019,3.37965366865802
14.0233189688195,9.00070168124215,-17.8187750605478,7.87078521469844,0.68951941031268
17.6228046821317,9.4002888832357,-19.1661584994963,4.0627137684694,2.34205489414043
15.1126193560726,8.62685724030208,-17.457679380458,5.91417500708669,1.97444804229051
15.1466462822302,10.2164661275648,-17.6283151464764,2.36212060704867,2.84522160122601
13.134459211026,10.0223877333621,-17.6140097933979,2.78902499489144,2.08468568628572
13.8315098715915,10.0542881190245,-17.4119986365926,17.3681739062012,-3.9673749098514
22.5415438502895,11.9036296723552,-19.9946330288709,15.2407787132866,-3.04465067382141
20.8442728186766,10.3340388144726,-18.7762772774744,6.98993397913321,0.173271010358516
15.5524729794352,10.5492389420158,-16.4285399570713,7.22894568149954,-0.128191231458859
14.6363077622753,12.4979384227867,-17.5578557587941,9.96415492421772,-1.62160546979126
16.2687414518151,12.2120178012221,-18.0813921894993,14.6164694213131,-3.30563087081614
18.8026764125101,11.4478912587599,-17.9214401685481,12.9773574537377,-2.96524208235846
17.2032111752999,11.0793373199908,-16.816738570182,-1.91820865549253,2.30902864509305
8.63270439613319,10.0437876701283,-14.3267694562264,3.57067483229385,0.0946804098661453
10.9372552784079,12.6724323635299,-15.6250318718627,13.1304980730222,-3.7028218771626
15.2345369278049,12.3622157094753,-17.600248218342,-12.8738234755619,6.22399411524576
0.86044788184809,6.23257139599384,-11.3237791257424,-10.6090250152262,4.94799851935946
2.0150728730472,9.98494081978688,-11.5296651949976,6.7342638271197,-2.32168546269188
12.1338043129759,12.3163162175714,-16.4903412514785,1.94861986369128,-0.464063065974994
10.0761192960106,8.37691403235956,-13.6345730006221,1.53522967559329,-1.17654109264796
11.0911430409472,9.66928071672571,-12.9179508718256,14.4293654190199,-6.76649206194693
18.472480486077,13.495820710274,-16.3169678917157,18.772162625807,-8.84024897271833
21.2208357204656,13.3408681003228,-17.0359546284542,17.0463999602333,-8.19876844518246
19.904901109717,12.9929341744452,-15.6404608549549,23.5469285661065,-11.1007947996318
23.323274321077,15.2999001840942,-16.9097348194299,21.9146047982505,-10.8940446005504
22.3144485158395,15.1660564958139,-16.7897422760156,30.3415516841094,-14.5582953450997
26.9853321575289,16.9491654380358,-17.5914888108912,32.4240574197303,-15.7203721234765
27.9469078575167,16.7856761709697,-18.0663691516807,31.4918030183339,-15.5312978832882
27.0049228798369,17.1296604752157,-16.6292003842103,38.5991226712795,-18.4490740453027
30.1880635779463,19.2937058699933,-18.0615660486258,36.8814730867648,-17.9967378859571
31.8039436582511,18.7303955396535,-17.2496252608009,92.6658670113569,-38.9242961395017
62.1558088757498,28.2068113275242,-25.4884167382015,92.5348431262979,-40.5813477921707
64.0651739857671,24.4601300621861,-25.7544454571034,64.9731958159144,-30.1586666622663
47.1311774234058,24.0877976160137,-17.3684876047625,111.911279356226,-48.9727587844398
71.1700855106481,38.2914426975121,-29.0074565012744,97.4467113014256,-40.8461352577303
58.063662956168,29.9167741946888,-25.3467648991802,70.3473331974925,-29.3455102034478
40.2139525993314,26.3679423795756,-14.7144275049239,69.2733320818741,-29.5658712909251
37.4670506423756,30.635908131162,-17.4215381305051,82.9651473785616,-35.6986648762522
41.0405944992256,31.5463038019008,-19.1661023854126,19.4620347343713,-11.7535962680108
4.93023133490448,17.1971818180724,-6.90474050734269,20.7335436059137,-9.3308605801525
0.254060905310238,22.3693110240976,-2.87006370083486,41.4394836011046,-16.3842115617209
9.93477607432965,23.3748616115566,-9.91579975626033,-9.46484545199401,3.73810207217913
-18.3725733482036,9.54390418661641,4.33800384378743,13.4418684180314,-8.83870230098426
-0.804936175932966,18.4060546641447,-0.838793458016746,48.5449286009141,-23.6540261574897
20.7028425987473,21.2600991982416,-10.1919637140905,55.9557880697832,-24.9070798988842
24.2671866160399,17.8420873701714,-6.11654677699128,25.3286159364764,-11.1137189741852
3.56916157129704,15.4560124574603,0.623707535638137,17.5082917471679,-9.27692152381798
-1.72854411934027,21.3233025330055,0.266743373601594,36.5693627015747,-18.5724476510865
12.6467329427512,23.4295078122354,-7.037644502231,94.3362874277008,-40.4412206883414
46.4577575617664,25.4430711709522,-13.3965277519851,88.0269673658221,-39.0318175356145
45.5228328671952,19.7961506480166,-10.1777976006195,66.7329887323406,-29.9289297191125
30.8127190443363,23.199859189619,-3.44694517802155,107.923951342263,-47.5892428379551
52.6236225970463,37.5534440007764,-16.4238765017371,111.074594844875,-46.4012997906302
50.0445052218396,31.2664276344633,-15.6697093012444,82.8693909336528,-32.8522682056355
30.3203967380509,23.3477724114007,-4.4204842978447,67.4054208127501,-28.1317379584005
20.7268386144247,26.467427947145,-3.12763300719462,96.68030783305,-40.1049007193907
36.4203491825508,32.8185927065215,-9.81914913183494,104.53200516195,-40.8729276710087
37.8809763999112,27.578225849021,-8.7326054069913,70.8119657176754,-25.4024701367833
15.3903114451518,20.878405105192,2.63639334552437,51.9831773783483,-17.9019913780549
2.02241033435383,24.4591130622519,4.9294480721288,62.3023701521425,-22.4637986252667
6.78642591058802,27.1857593017761,0.848964137924178,67.7801548512352,-24.4603289816478
10.437682006771,21.9396818133256,1.46151085335148,65.5709782305821,-22.6103939685874
8.86297868015638,18.7476364720137,5.65725228774514,54.2210528250248,-17.0671643146386
0.301644036254906,19.2413477430228,8.44738215701239,43.8828266069681,-12.6811099825269
-7.28316604384398,20.6780329359489,9.6480936209238,45.8534466221441,-13.3690893499875
-6.9607099043824,20.3276828517587,8.47027516706755,46.9734151750786,-13.7578530349279
-5.79888542185406,16.9975717500761,9.4156559979652,44.4647845599123,-12.3626531658031
-7.18471705579988,15.2470220627377,11.50144846457,39.7996219068933,-9.74197570781003
-10.9928521845174,15.5636973760592,12.885163152451,31.5361785435729,-6.08218934113144
-16.6328589479339,15.3388205247815,13.9608576957531,31.2037868158875,-5.81595211110048
-17.0858872336282,14.9177629554541,13.7566194496061,28.4631734061585,-4.87830786484675
-17.9850491657558,12.5194802660442,14.2930664535974,30.2448711988275,-5.32039149886131
-14.8423636349451,12.0374720528676,14.9166963054864,57.7788981286112,-14.5133527650278
-0.512347551532566,16.1643628734706,10.7211767442578,42.9811066405216,-9.14400511137553
-7.78216137101011,11.9584066198444,13.3527437666795,29.0241772829754,-4.23500306720823
-15.4696667009362,12.9305409575279,16.3094856046236,56.934341748086,-15.2930181211665
-0.0210938886557028,18.9715030457239,8.70399810203191,46.1092544858483,-9.20044702266938
-7.83598592965252,12.1068085918129,12.0182363526326,25.7523035487895,-0.178731473945503
-20.4283940484916,9.45847431698107,18.5414353332047,20.1683900827439,1.62850133433736
-23.9985740468088,11.7511726470624,16.8958654100692,30.117448486,-2.90515707469177
-17.1740420323059,12.3830392021319,14.1929830189121,31.6674086844544,-2.66979089031803
-16.1318493747459,8.46526824738283,14.8942013660342,22.1746331254258,2.0058554856744
-25.416178236237,6.34770220324619,18.6971166571145,-51.2990013610776,29.7829056905976
-66.9603782128747,-3.12057295152948,29.5984751772008,-44.5705818443373,28.3097509878638
-65.491911186312,3.42082276147531,27.6301770478838,-7.00347541374452,13.7675134126953
-42.1401782745343,2.09548930591383,17.1349241804323,-60.5445733210078,36.1122931088608
-70.3938909709463,-16.1406591237673,32.993424873194,-52.5946541391012,30.6227458220151
-61.3313558043831,-6.82126344795577,30.9593695019841,-24.8236079987432,18.4658165012182
-43.4757132691185,-1.03312764286565,18.9091495999002,-23.3627930182038,18.3877551329239
-40.5722997838548,-6.53741414139486,21.3233595127561,-37.1201158999979,24.8045246405463
-48.0623896605829,-9.2183668711353,24.073067059951,-51.8455662949753,30.1895200899233
-55.6445198034584,-7.88116428922393,25.2006201347552,-42.8739591577438,25.6070189488128
-48.6911518050132,-5.08852545678996,20.1304148114136,-28.0665654012355,18.8778651772797
-36.9490119933226,-6.5721478140237,16.4601031078097,-42.2055574317945,24.6425397392014
-43.12378552154,-12.0344664163458,20.0234609112234,-38.1458178224065,23.3100809412904
-40.0805850794776,-8.04352628509759,19.3945253546872,-37.7475238586517,23.0733317706984
-39.4245819812773,-6.98507796023277,16.0383211321604,-41.7381307845323,23.4752883767963
-38.9811529454103,-8.64295428294169,16.5384022248419,-28.4673590457025,16.948833027013
-28.3247230541176,-7.15468616268272,12.4998552876408,-13.822292047762,11.1910697528474
-18.3430026226376,-6.41237172054845,10.0134097498453,-20.5088534431003,14.0826969710631
-21.4672648908169,-7.59584774699854,11.2708309538112,-24.5750378725552,15.2070189776456
-23.1615519066208,-5.25737853911074,11.2591587862907,-8.48432117528671,7.99999519869976
-12.7611967956747,-1.69086868677006,5.80748508760349,-5.31491201548022,6.01281583444782
-8.88476483135488,-4.84686929520313,5.14810491249679,11.7412999689536,-2.42057273941632
4.21551201944693,-2.14061406758058,2.44246568925548,31.6846438908248,-9.68622821405725
15.1606833047692,1.36596053046812,-1.7655667815209,18.684371293313,-2.76102160128387
4.95296843108253,-0.155065626082357,2.06281824731581,0.332952920126606,5.01563472580586
-7.63720574045034,0.491039050984131,4.81643989076207,-1.40062563291284,4.15357745762932
-7.72217740451705,1.96382242850842,2.45330780315092,17.0641134091838,-4.25511883304091
4.92917127191687,1.91167972179726,-1.1662792859398,34.1032138523288,-10.5712871163912
15.6624892889837,0.747960679147986,-2.18117077519976,20.2253858163346,-4.30907409984635
6.95140112291501,-0.836097760013169,2.2091958669076,14.5785624898229,-1.95171093164228
2.09945230081797,3.6528660965591,2.4185986032516,15.7557451574471,-3.37414879480197
2.73650457195949,5.07411657284321,-0.702184756099754,24.68968122851,-7.48302969239433
8.9544208254512,3.6369550345344,-1.4704464453231,35.6640046294518,-11.3745770841626
15.4606603882988,2.91970349600164,-2.02151094075862,23.5305709995882,-6.10227380227018
7.88600584342244,1.67054924522564,1.47491273443234,19.1468007245477,-4.47346984698626
4.28431399944302,4.86000233137468,1.66969932742955,28.3535453850293,-8.70387206231589
9.42518226759866,6.89870720370956,-1.77789908002045,30.1661547990345,-9.65476332806146
11.117224770276,4.25159578417231,-1.29623848866889,30.7785161648102,-9.57048562787502
11.3002893896118,3.65535905180556,0.201202966387628,27.2233491206619,-7.87439841854108
8.40820451228059,4.5900030548024,0.859699993752815,24.6769599008869,-6.87851767733404
6.12798317637984,5.73765566386278,0.408530860395815,-0.819213015942416,2.91114691961809
-8.98901815409048,1.29883280324246,4.38304702657807,12.638418164894,-1.71475247746102
-2.21021629410608,4.30399555644834,2.93187573527161,14.3097093352676,-1.67389531647964
-1.72121078694866,1.27051879308274,2.07378193805504,-2.83767710360821,4.65564402707858
-10.1472878064643,-2.07941752397688,7.76077787048443,8.55406325533402,-1.22752485064089
-2.15896715547327,2.86827910434873,3.62610094712869,27.5113580498404,-9.02317186742414
9.35991326551715,4.59393891266424,-0.444137977546816,23.9485348769028,-6.90226764381209
7.0994114650593,1.51462132136348,1.84368567284277,14.6212210856704,-2.77216181491854
0.818446695358949,2.05333931366802,4.57806891106397,14.8752390815725,-3.33520495910269
0.495560254764083,4.82349365785293,2.64484891543934,18.9556490662776,-5.60221020685708
3.47948963738037,4.55158839318812,1.31973825689302,29.4892254446773,-9.98154215781074
10.3203223547616,4.19204768583399,0.190669532498164,29.3403985324046,-9.51837595545178
10.0202361379283,3.30141991420959,1.30853483737035,22.8154168537284,-6.50528147599517
5.15549625168152,4.08824314365572,3.0214178780413,22.9112837339559,-6.79289136498409
4.56469706205177,6.06681016786334,1.90385694499862,25.8033838559589,-8.19102713916271
3.0392830211154,5.68011802009518,1.01424094967572,-25.8693673836513,10.8456084334849
-25.2845967407541,-4.24143334562312,10.1995239848359,-20.0319142217657,10.3382985878439
-24.9742031752244,0.546467190071458,10.4512169569753,2.78006626236184,1.92572686027487
-12.0445800924219,0.801628662403349,3.9470805077117,-37.8621836762809,17.8243791916918
-33.4328643681783,-10.7697504446882,14.8297270266874,-18.0605289468776,7.28148404775831
-16.3421164567636,-2.21352942497568,10.3115882943349,39.9692920065601,-15.5139563129811
17.4700794142452,5.68245360408282,-3.38972955095819,38.7947212949098,-14.7955019147605
18.4709372049103,-0.423792685248099,0.474991986010805,3.32794738161653,-0.104709894239289
-3.29293131532781,-1.73718620774802,8.36652314382981,30.1471452076668,-11.9668182799358
11.3452160527857,10.9333360242242,-0.377205996096966,37.4759828859438,-14.7915244541619
14.9815077124814,7.3516536250729,-4.35081658622243,33.9026152069014,-12.8892381376309
13.494400098424,2.9053159210756,1.42907810947418,26.8510878936449,-9.7708172533235
8.38435971987149,3.82653426433186,1.94078428527832,25.531794063896,-9.3856248582537
6.79421796517995,6.91647773216193,2.18915355121692,29.4832465278575,-11.0089311865934
8.28022515904731,7.36532137516876,-0.103450381600517,30.042083765814,-11.3554846683131
8.95493947256142,5.26879913614162,1.37377633581879,29.1700286737516,-10.9879435286521
8.5383012289185,4.84152604149549,1.9017830202572,28.4749343948567,-10.3259396714962
7.21573205235477,5.82610778062865,2.74953351128676,25.2597996470754,-8.9425953857307
4.65226724377349,6.17713475765239,2.8270600994883,25.0313870742365,-8.82377154346896
4.09776378864386,6.09782967475114,3.15425157487594,22.858774909101,-8.35514560003375
3.17819154463528,5.06656525189691,3.38983513165651,26.9707485530562,-9.9567840457718
5.6939333629904,5.68750519328417,3.33256053464336,27.7134659064516,-9.64850649556802
5.17873865756425,5.49875626243745,3.43799968262144,20.7234100409019,-6.69649272993953
0.793252564805623,4.75955469487306,5.41076551915479,21.9003921785427,-7.53168706736217
1.46756462804276,6.0865158114077,4.58607497495962,26.1444970457998,-9.48777571516332
4.13630325458449,6.12484718748672,3.62427773875943,26.9476928173106,-9.68147073554768
4.68154482540426,5.27649325116443,4.21521990208102,26.5524728924349,-9.16243286489221
3.87880945041588,5.47702705066628,4.93641721049465,22.3530118859473,-7.56230154413938
1.09131553964379,5.63866538092488,5.47779153056571,23.0246931582502,-8.21030966548752
1.68155012627975,6.41824187652654,5.08527450131023,30.0037805094757,-10.8812092904345
5.51662902108484,6.79372443806559,3.846616750772,27.7021226514921,-9.91077991991705
4.33852820669737,5.41475007207252,5.01569173492733,25.3607144694826,-8.88737628845435
2.62302179612574,5.89123691659832,5.99639592426101,30.5802949275988,-11.2505633722717
5.55182233377009,7.68857095164801,4.44462628082997,30.1283555092049,-11.3166865726908
5.47784718558297,7.03187446270039,4.50405119351081,34.2559539646863,-12.7080290147276
7.4765361913592,7.47520980679188,4.58183472529246,30.5733746693707,-11.2311110845139
5.12802197402622,6.84679128121285,5.20501368763181,30.0147178073968,-11.1711441581469
4.60847711917206,7.73848041744681,5.75501372297092,38.2945084528929,-14.472486014256
9.03617391849455,9.15883556403835,3.80007981144389,33.5970488035181,-12.716462009001
6.521817660519,7.29928830613999,5.30289916451015,39.0072277467555,-14.9117578251918
9.46626791433347,8.9534290807909,4.93939840090469,40.1398610204545,-15.4764233008876
9.80087066349369,9.17112342709071,4.21391642935966,37.5977232544185,-14.3233241224594
7.93213721475197,8.8990619854505,5.65736580358472,47.7700220150043,-18.0191799328978
12.927588071794,10.9735382979425,3.86184973112332,40.7366887459363,-15.340740763331
8.83714873854169,5.81889965627252,5.3652860512541,67.1523837807885,-31.8800913167377
31.9751245578706,11.9800968161593,-1.02910444311934,148.681829657747,-61.3192861457058
75.5274282590138,22.6110547370157,-15.090966284207,109.252971596717,-37.904130613668
42.7387738458755,10.5952080056394,-0.665743590513109,11.2136422673341,4.18854492074122
-22.155200869146,6.29456185606897,20.4805120127181,5.31666244980076,1.56167245833448
-24.5054852198259,17.8054517923068,11.0976788596853,72.8690415389649,-28.8073097002458
20.0750094519689,19.3249813264099,-4.5509234046398,96.4875644600709,-32.4041247203774
31.6354156394398,4.49711467323219,2.30461406254031,8.22407986109086,5.61827215845494
-22.0907162547918,-6.19660072844147,25.9105919992581,-15.8876208217543,12.1144517523103
-37.144813793797,10.9803700044071,23.2644388600099,43.1440597815851,-15.5251608030016
0.0798048011451176,20.1017108912883,2.03239148920425,76.1209469578243,-27.5251705774585
22.3725580064846,6.19713579783462,2.50617356253941,55.5852401110954,-15.312813993607
8.56267058746465,-1.905523703891,15.5552470354692,8.24341263577243,4.8619955054144
-23.1477692079009,3.92038418317973,23.0491388865027,5.30071875603345,4.04953723990109
-26.341301502876,13.4980181212587,16.0919714964972,33.8921526424924,-9.21627118946657
-6.98182699092893,10.3435925765773,8.02363837494532,50.0090354979627,-14.5164508676971
4.86443605986001,1.21540154227698,7.89807374872135,-101.62177402039,47.5124711295503
-85.0992257198521,-23.2336263551088,38.586781559814,-60.9443241900521,36.5458758064868
-71.319595135701,2.99790216341298,31.6482692771462,-68.9808176634757,41.6406258690666
-78.3765733793466,-9.48445181399986,22.1770982822152,-125.845240938142,60.5898719859657
-100.335610170357,-29.5809653408113,43.8741708685133,-61.1492750958081,28.0218192020272
-50.8735105600858,-14.5802950293204,24.068618589898,12.6212158830773,-1.08449355745156
-4.39030480736243,-8.07547040215443,10.9779119314423,-6.87178996552693,10.8671753449349
-18.2100499486225,-15.2446241962644,18.7519889957962,-67.5828315211938,36.7113139333657
-57.0755599275496,-14.1953903473609,30.4153566813792,-63.2091997421257,32.1296113078775
-53.9022151097961,-3.56503011667618,19.8172874612327,-26.6395652592123,14.4223861378788
-26.8211780502815,-5.93822183811803,9.60797383699968,0.41158513927606,3.80974196846821
-6.35167659166643,-13.2957140945024,9.58669910240994,-5.18816682522754,8.10252021368401
-9.85154491185401,-13.3847641597176,14.5533595287869,-32.1264484218611,19.3753455894989
-27.8789983987033,-7.60005716016258,16.8142921135217,-31.3910811357844,17.7672190109666
-27.8812757088405,-1.82437153168244,11.4064959511759,-12.6894310784299,8.61543426623109
-13.9314579381629,-4.51686000849871,5.67180132164957,1.04251653796475,3.05639621204682
-2.86741413498402,-9.24314482496699,6.44996930656568,0.355746642027005,4.53886237672157
-3.45239372720663,-8.58819456041267,8.57549673865205,-16.0464446332821,11.3262894895643
-14.2380847562873,-5.45961056433305,10.1748053791955,-14.9017689927727,9.95112958073488
-13.6547033943306,-1.80219578225726,6.81448042900355,-1.8887852346194,3.6643408941354
-4.18249528341293,-2.98936928359792,2.99685754292076,6.70126716256926,0.263832942255465
2.56783076174626,-5.77218495461776,3.46090934420189,8.12664024752969,0.53422582164669
3.05601852662445,-4.92235988699048,4.57128308898464,-3.51135233800195,5.17795760490905
-4.34825631388218,-3.29766359804765,5.66430338423659,-2.82825023952676,4.18268350691578
-3.93060148065505,-0.771835719426762,3.79241550480506,12.4835341843103,-2.56708047296367
6.00920974869464,-0.274742400425025,-0.0148171850337485,14.0371154859426,-3.12945204024095
8.0261870137222,-3.27165549574982,1.24757208938743,16.8000075566924,-3.77489282533271
9.3102394035409,-1.57247068966742,1.99208967206472,11.2076251159547,-1.68802944014016
5.54514099739316,-0.086019898909742,1.6734025810162,11.936511680317,-2.33116612896768
5.7331388222122,1.28112012648424,1.1171671187327,26.5326616702057,-8.3836319295549
14.4857930743394,2.4465812878559,-2.08720948370349,22.3125163806029,-6.61532300308672
12.4707624635519,-2.03372269304927,-0.03105936671345,40.8536915905712,-16.7527648567565
26.8632849795156,3.12827297470201,-3.58593684964916,77.6897999466833,-29.9995404914519
45.9597168142396,8.90815823108504,-10.847023735591,56.7976655121116,-18.1229047031426
28.8270470360372,3.59328137621387,-3.40229926034523,16.8906060208967,-0.688955674726557
1.4627956463651,2.52621991337061,4.97654862935296,11.0245817351699,-0.574616055376921
-1.6055912726692,6.45829432670712,1.63922464845393,38.7829148928173,-13.1597278276304
16.7179607070904,6.26456602341539,-4.30215597306503,67.5658903255123,-23.4555645484545
34.2388907413898,3.31300596374114,-5.36704509455401,40.3073685196486,-10.619586417211
16.4564555499568,-1.30993575381921,3.44039722891202,22.2997501881289,-3.0159147691645
2.98673242317189,5.15716969057805,5.98753691146188,26.0659853233486,-5.47493961633801
3.91045205681029,8.65469081201634,0.275422011613614,36.5346633261993,-9.84835962312233
10.8624059979904,4.36638776099046,-0.086250146306071,45.323698068846,-12.2472339932461
16.0847607442351,1.13431732902446,1.42328251397475,27.5999306736546,-4.28499103229724
4.70316990590517,-0.222559234904278,6.5099249373069,17.6315062525865,-0.33997198100889
-2.64402683069278,3.65902087671613,7.05983886937973,30.2728741964744,-5.63308700781585
4.02432993284942,6.16460094079339,2.57899684961935,29.8110683085337,-5.27012575220116
4.2816541427121,1.20344512107539,3.81455854260764,25.0815020083904,-2.74454284626518
1.50525439369847,-0.667758920079493,7.14420039900072,19.3815453651133,-0.0245456180168883
-2.85328326945352,0.772356026449787,7.65674167280593,14.4786344656572,2.10202421616443
-6.5547341629143,1.48167642794472,7.89491060432152,15.837958660491,1.72573966987587
-6.00891207591779,0.756747199037004,7.25026367748854,13.3351234466071,2.87515995533803
-7.0893009119896,-1.60516009802446,8.39904657409348,11.7959581595975,3.77538691609759
-7.8629990426837,-2.04720390310416,9.30919632688618,9.84383863883486,4.87276715795156
-9.27055330150575,-1.72384797116742,9.40737989940924,7.65754476618159,6.09965909531281
-11.0080681422483,-1.82130478576613,9.6074585895758,2.37316453425079,8.51768754935361
-14.2499716660322,-3.14134497292234,10.4178861301919,-0.670537829561321,9.95310496839173
-17.3114379985573,-3.88059728092137,11.0346131539793,-24.861779480248,19.0616577887291
-30.4205816106647,-8.188586093187,14.6524905087856,-24.7886915176672,19.8575453944741
-31.1646460241066,-6.97592220298105,14.8784623653635,-13.6084287571009,15.7800261307716
-24.1558794161357,-7.07991128070283,11.6161732766348,-33.0858912413328,23.9615921047865
-34.4455910435351,-13.0601991241623,16.6417766888511,-30.5456126917549,21.9113167922892
-30.7567287205883,-10.1417904808826,15.6007057019491,-18.7233409892222,16.813411128735
-22.7768144896761,-8.32530920816819,10.9159895386687,-15.4187545949282,15.9106287725267
-19.9290268640131,-10.1194170065176,11.3415948683102,-24.786634315394,20.2264748258745
-25.2167046556142,-11.677176553593,13.1179293156263,-28.483550394159,21.5674607403114
-26.9376099223957,-10.0767549210526,12.9386312536254,-25.9881004074309,20.0388038191188
-24.4402079042584,-9.49141025087001,10.3969999627551,-19.8681743527242,17.3113787027509
-19.2774259857057,-10.2827592299563,9.28434907458973,-19.4616217748795,17.5198085860384
-18.3333651018514,-11.5276070630415,9.34910882391683,-23.801338609608,19.5203425496829
-20.5047910236284,-11.2517576827378,10.2370932198656,-26.7022147806947,20.5973069379215
-21.9261864060001,-10.3021043578381,9.26594083727775,-26.1633791631784,19.9183127924782
-20.5156535711108,-10.3894289647695,8.17115684124476,-20.941955506407,17.6923282988878
-16.3032059143373,-10.7841578861709,6.80422604476392,-19.1142458166978,17.2971385739505
-14.6270353771084,-11.4491612195812,6.78782940642979,-24.5426917250317,19.5705089627184
-17.3205153360732,-11.6865934019034,7.50165196760988,-25.1470393155782,19.5033969855514
-17.0633429412455,-10.3346240392877,6.50706183089395,-22.7209109590965,18.3153009960262
-14.9387325205874,-10.2826220414816,4.92480734920487,-20.590191199026,17.5427050708807
-12.877256759243,-11.1117102011664,4.67374450861158,-20.9449416637618,17.8752947418364
-12.5740361961453,-11.460028159704,4.69909690192265,-23.6347564271678,18.818222035251
-13.5468202110432,-11.1373294819933,4.7032843451709,-22.2509077188538,17.969846643666
