u_q_m60,u_q_m50,u_q_m40,u_q_m30,u_q_m20,u_q_m10,u_q_m5,u_q_0,u_q_p5,u_q_p10,u_q_p20,u_q_p30,u_q_p40,u_q_p50,u_q_p60,y_q_v,y_q_delta
1.6660000085830688,1.6270000040531158,1.5600000023841858,1.4380000233650208,1.1959999799728394,0.3710000514984131,-1.9579999446868896,-2.4190001487731934,-2.61899995803833,-0.878000020980835,1.0509999990463257,1.356000006198883,1.4980000257492065,1.5740000009536743,1.613999992609024,7.056839341615385,74.27853328153178
1.6008072415052979,1.996822304086694,1.8946957576199561,1.857157678691479,1.3050281398856582,0.2583300415257095,-2.0245638122882603,-2.6174883527785777,-2.6464615418387503,-0.929475787286021,0.918921342236157,1.3325882661076327,1.1841249333653066,1.3449915525584168,1.3086319985210473,7.052973898012953,74.12753186493427
1.7835322982569637,1.9952467207772064,1.7804617177593436,2.096723656358736,1.3498736842384385,0.13774787258009275,-2.2186301823319603,-2.5337588947573186,-2.615919837093305,-0.884595539471821,0.8003151225950413,1.4154354494467238,1.4134659855164935,1.4870138376167574,1.4718987615964245,7.051765218653031,73.9244127447502
1.913360350990771,1.967054081282488,2.0115131925444505,2.0967099958825965,1.4017900609308402,-0.06036721330568057,-2.1305315696549982,-2.5394028138409976,-2.4871640654127765,-0.8487486501547807,0.7566663977789304,1.2637471717433826,1.3075525436310906,1.5068703464340618,1.462547809261589,7.041758252211718,73.75116174818399
1.8302810140979355,1.7683943979018053,1.9422041806230073,1.9484312674884603,1.3007601110198075,-0.1041002093382224,-2.0019349352780176,-2.384249063566867,-2.3243387337141903,-0.793328813839062,0.7066011084186816,1.1707624612320489,1.2055933408457102,1.420965994527734,1.4418878576941,7.0351246108153624,73.56725222791016
1.6313398633149445,1.54007243136802,1.7674006100918742,1.70302599805149,1.1682988487767805,-0.06687249243690141,-1.8105292197149807,-2.2052461054751973,-2.147186926436259,-0.7265187768809371,0.6137330730054998,1.0406444969338473,1.0953589592630801,1.2992366033744047,1.3607127840240882,7.024770102206881,73.79789601507306
1.370733878963061,1.316283100868284,1.5367550744601186,1.424893957105809,1.0118422822912376,0.03747821031404308,-1.5970791042700405,-1.9556704841683525,-1.9612214445822223,-0.6501120496395895,0.5910690710967796,0.9288790949383671,0.9766728675923807,1.1385390629564776,1.2532269320172116,7.031971151823981,73.78876245329154
1.1041146193265732,1.1286091216222554,1.2932352195516972,1.1592171355996972,0.8680106369566483,0.16635397669807683,-1.3778660355217913,-1.691836560041193,-1.778832572535753,-0.5647375049808261,0.617349261927665,0.8502697540091663,0.8747487328364225,0.9657742634347386,1.128686314855496,7.066766689683085,73.9536756490328
0.8725701802659362,0.9985338574751534,1.0778300374333452,0.9381757971328133,0.7273704075970657,0.29901947619697367,-1.1704171905873664,-1.4356690118552071,-1.614325336484412,-0.476221096526574,0.6421020205519004,0.7973018803748173,0.7851749865044937,0.7903273055243563,0.9983905572377322,7.076758204281051,74.25299215442222
0.6999851462008108,0.9263976723606128,0.9310157291712127,0.8054337858023154,0.6462819790938048,0.42379111423547483,-0.9873846752601112,-1.1910273729081093,-1.4826907884033158,-0.3913158387448705,0.7156251221637083,0.7598717677430622,0.705716761333196,0.6189391298673448,0.8689672769871192,7.084438561948325,74.45382004196972
0.5991070366224129,0.926326081469519,0.8633524305937534,0.755942024093476,0.6102919893944948,0.5318246451532256,-0.8356666976784388,-0.9818466342339207,-1.3626145704522172,-0.31586350092873605,0.7616770275741818,0.7439054599302581,0.6406965731412666,0.46970423045758447,0.7521475430075213,7.085357178699736,74.4880375238085
0.5614643405857636,0.9802774071415068,0.8651464665350873,0.7840391261726746,0.6250513377814669,0.6167781434852384,-0.7202797412228219,-0.8026383643438444,-1.2730274953006564,-0.2548546392326214,0.7985328133947299,0.7383782989742076,0.5962650914508788,0.3450614918620727,0.648531992172211,7.082692290086287,74.32111032795093
0.5785998185383598,1.0647701008166264,0.9213800002886401,0.8592699992034557,0.658235312584653,0.6792891289638381,-0.6420903021340696,-0.6930866786841687,-1.2092786006093765,-0.21192982678767058,0.8291070810791105,0.7444282125460321,0.5669659295989038,0.25275554727638117,0.5667881075079373,7.088637349618265,74.36211580838508
0.6293639464193554,1.1616616805272757,1.0117961814748981,0.9646427347649928,0.7092859930850666,0.7137511002264318,-0.5994275494459711,-0.6058419367684904,-1.1734187646731584,-0.1886640830812738,0.8528669739935033,0.7583035190147465,0.549205595904226,0.18767621884996166,0.5037757668431322,7.084081395542665,74.17811160775364
0.7069127815304413,1.2514582947259116,1.116581004698497,1.079076509674843,0.7845372805944967,0.7255615368933459,-0.5873689205659258,-0.5707691585244663,-1.1597660160466492,-0.18337833769147116,0.8549234157275172,0.7769014167320192,0.541235719330448,0.15092594254283798,0.46032082967102905,7.092938021621919,74.1231033997384
0.7892262928556606,1.3249717289287475,1.2144560751191376,1.1855093217425763,0.8431182121221145,0.7174995152560592,-0.5988826925626105,-0.5662979113178113,-1.169933785114262,-0.19350691347931215,0.8448720236586683,0.7918583086215337,0.5369414047410176,0.13373419380811202,0.43022669168867944,7.088433746668967,74.11663435487455
0.870812086250419,1.3801657820153146,1.2975841826516443,1.2678920634195685,0.890317397637475,0.7137371861399031,-0.627399804253757,-0.5970890110128069,-1.1880072031826336,-0.21489780085687926,0.8344965759760836,0.8056633629746042,0.5403646228961614,0.13356059095549377,0.4136078546712987,7.0972522622878405,74.18711952586969
0.9446199174614409,1.4163180829427522,1.359982612612801,1.324867492604005,0.927309612724783,0.6736774752417604,-0.6648426914457439,-0.6305596173091674,-1.2120402261556291,-0.24305662883162737,0.819612029454008,0.8187628975916718,0.5460833160248829,0.14390107547932152,0.40516214728387734,7.099816952595718,74.21183050655506
1.0048394333246047,1.4314688966681923,1.3977003610188068,1.3576048273195773,0.9522522173828536,0.6380517398981924,-0.7057004711738339,-0.6702438745805575,-1.238384784231149,-0.27369329618103044,0.8011638993436585,0.823980287641854,0.5496345413884715,0.1611928767841584,0.40348025411205457,7.099816952595718,74.21183050655506
1.0520375377849729,1.430405428590087,1.413192920722494,1.3642524374495384,0.9652420641287187,0.6020844424932955,-0.744595939164229,-0.7005504558904456,-1.2624855992363408,-0.3036277286912792,0.7849694359469175,0.8266418352818506,0.5532073035982288,0.18142286393016072,0.40536488974525087,7.09538762529035,74.12366050064418
1.0834233713120387,1.4183215473992163,1.4109950418213228,1.3527925141891612,0.9639990945820349,0.5689898365518661,-0.7784868703738366,-0.7480665273421565,-1.2851762940936124,-0.330436127436615,0.7710475482475496,0.8272626694208056,0.5548894644625783,0.2020299510610548,0.40930041115739724,7.0949066638160865,74.27896777840586
1.1045754398246401,1.4029525809129517,1.3991571807820076,1.3367940938641691,0.9633702003838971,0.5409951986016623,-0.805911584371493,-0.7785193293444472,-1.2996206584887886,-0.35299099829397007,0.7611922293565372,0.825328147502908,0.5548109146685842,0.22052458270071318,0.4129658992327174,7.0949066638160865,74.27896777840586
1.1157136371694738,1.3852734114820056,1.378877840913988,1.3150228464916762,0.9554518088011195,0.515745468100128,-0.8263186344947195,-0.7896968973678995,-1.3113412506522983,-0.370233301765283,0.7626431375587142,0.8279245028204245,0.5553471672599063,0.23700504278627,0.4166277783242114,7.091718380937882,74.20552874504543
1.1214136709683908,1.3693719181827961,1.3590910174031987,1.2936974399445456,0.949024194843574,0.49836159084474274,-0.8400159040005388,-0.8061952768728149,-1.3150928260239045,-0.3825775792804863,0.7613475059831851,0.8268155510067753,0.5544357898921051,0.2510756767789699,0.4197188497813693,7.091718380937882,74.20552874504543
1.1209686150190228,1.3552245138360415,1.3396976411888306,1.2746785041262525,0.942934599756649,0.4781693090601127,-0.8482602048566164,-0.8218770521798291,-1.3090485547520874,-0.3909994520637891,0.7627487214208961,0.8281147837998024,0.5524752014639656,0.26300016556969075,0.42132956010289524,7.087683473904287,74.23751373372075
1.1206656677588382,1.3474898055935447,1.3252589914468038,1.2605348198884025,0.9342198607315635,0.470495730394445,-0.8525070379698778,-0.834576621144117,-1.3082379770779609,-0.39626127181798215,0.7728690446082824,0.829026705364307,0.5502917078611923,0.27048998067685104,0.42293614390119383,7.091032014922332,74.33080683725954
1.1195400175134558,1.3442840838798915,1.3171217611691963,1.2528136167953015,0.9311139693826205,0.46590513626502134,-0.853759805455623,-0.8370344178019908,-1.303555517872387,-0.3991919503674901,0.7768731657853791,0.8295233430717239,0.5475100666565635,0.27676845916797377,0.4222347962457216,7.091032014922332,74.33080683725954
1.1203504371242663,1.3436746481519275,1.3158450391991041,1.2504115213373672,0.9333052537279625,0.4632304274675168,-0.8533074481521861,-0.8280733932955684,-1.294842844504364,-0.4004822459823739,0.7741544835400768,0.8276753124984632,0.5451687244747766,0.2818500665147867,0.42024838024009714,7.087260016472094,74.19796320374789
1.1190415188514984,1.3443249090483724,1.3147809768589864,1.249677935004056,0.9323586381535561,0.4615757221877956,-0.8516831918529097,-0.8269674680479211,-1.2888388632090093,-0.400999157178179,0.7781574426367356,0.8288630677539546,0.5428293527616719,0.2859656666368202,0.4188789238341091,7.087260016472094,74.19796320374789
1.1167555733769425,1.3473276985178781,1.316306685175735,1.2523335362200039,0.9325872294052349,0.4608477478255226,-0.8498957789357564,-0.82548363542067,-1.2833053442558193,-0.40159270406648423,0.7811842768228008,0.8255690671688062,0.5398151961764577,0.2886257709362341,0.41655480522790045,7.085849884246169,74.19166282105266
1.1167548045658124,1.350915653999873,1.3207391994865676,1.2551083706872146,0.9332089759626976,0.4598890080958461,-0.8484916420891411,-0.830710650585647,-1.2773572636338193,-0.40231640268411056,0.7830943079517414,0.8262036299816015,0.5359557268072456,0.29063632828544517,0.41396404440568135,7.089187388279239,74.24771107702468
1.1160121039846729,1.3536442679581184,1.3238740722223385,1.2582952865076797,0.9341175312469199,0.4597971041405328,-0.8474679019188944,-0.8292928551254626,-1.2730101097239102,-0.40326003637958896,0.7842593796709998,0.826561937046109,0.5329155811282006,0.29209471631217676,0.410985090230203,7.089187388279239,74.24771107702468
1.1155488736456305,1.3566615258948747,1.3264090915147355,1.2620061438887333,0.935842413810417,0.46954308228770003,-0.8469434116193133,-0.8319740954905399,-1.269172379105585,-0.4043065276641016,0.7789042662249168,0.8269187251393076,0.5303372076092271,0.2944861187238521,0.4082724185898605,7.093233085385549,74.2651454953469
1.1150650342802404,1.358113467654538,1.3286605708432924,1.2640791270447067,0.936392669220361,0.4688883282970028,-0.8466535330107727,-0.8311573491063717,-1.2658025145782903,-0.4055406492355412,0.7791781140637446,0.8270259751137834,0.5275974324244819,0.29557041603608303,0.40540127342315513,7.093233085385549,74.2651454953469
1.1157163209754186,1.3597917018281924,1.3308964522399758,1.267358265220669,0.9447631307327399,0.46822184320241583,-0.8467585974794936,-0.8194053534590207,-1.2608566961862284,-0.40688336448245216,0.7791931685763569,0.826042730157394,0.5252335640461944,0.29561408064369843,0.4028251195530721,7.092878493827071,74.117429858285
1.1158692806659936,1.3592322830735388,1.3310093385663178,1.2681915568130149,0.9433139302486269,0.4672940187274183,-0.8468136962326209,-0.8300216184016467,-1.2591885956767372,-0.4082260837406415,0.779161612610312,0.8271272765428737,0.5231071367637731,0.2967874601875473,0.40052425780975187,7.098161996908132,74.23770592554254
1.115203432933986,1.359154572380942,1.3312383376742372,1.2683687289563483,0.9436015983947207,0.4664888307884392,-0.8473161341807014,-0.830003904806881,-1.2570994410410377,-0.4099221491974555,0.7789193699723768,0.8266448788689977,0.5204366180264586,0.29720689545103784,0.39767543176879827,7.098161996908132,74.23770592554254
1.1149400591230703,1.3581822879718461,1.329713328952012,1.2652127818002792,0.938472854451813,0.4661783283095591,-0.848065663645571,-0.8187045044136503,-1.2561036414326439,-0.4113817646221131,0.7775467824335505,0.8266596825062523,0.5185231066154352,0.297974238279207,0.3954117658558256,7.090300335494872,74.14718186164201
1.1149426527798698,1.3575466603063697,1.328997796515072,1.2642500512164698,0.9382715002518671,0.46551109730013973,-0.8485248638653229,-0.8184669599902867,-1.2541201097188053,-0.4125894955804811,0.7778103658887884,0.8266381636965485,0.5170762829056847,0.2991269370030929,0.39370440439426124,7.090300335494872,74.14718186164201
1.1147841619250798,1.3574716826557514,1.3287631377671647,1.2636327025419842,0.9401791522777037,0.4650219594205399,-0.8488678589219587,-0.8185305944431296,-1.2523341073566099,-0.41377868214502267,0.778170083075703,0.8266567578842077,0.5151782720912327,0.2997687630634862,0.39163473880668676,7.091038292857666,74.14566980025504
1.1148278604826793,1.3556115515589968,1.3273378305877137,1.2625010638547,0.9352026692269617,0.4566737882930598,-0.849523438926381,-0.8186131789536977,-1.2497844216312068,-0.41485634197894167,0.7834981101052453,0.829024599238227,0.5138091765741153,0.30058226265249477,0.38992911014738474,7.087402905278488,74.1675611152114
1.115554834774209,1.356282223682677,1.3275586367252845,1.2628472743764136,0.935716929795434,0.4563941554734352,-0.8502872589596584,-0.8187855513199311,-1.2484095311431207,-0.4158789730267709,0.7839159752811178,0.8293086927509603,0.512684091841725,0.30158878411576584,0.38849295970710673,7.087402905278488,74.1675611152114
1.1144046223011204,1.358283896654925,1.327292276534569,1.263479563614522,0.9411625238535081,0.4570652528136596,-0.8509774270921215,-0.8171938015374356,-1.246090145468202,-0.4167706887105647,0.7843545246427359,0.8278248451348057,0.511549635955009,0.3026180685188715,0.3871779928938437,7.086423501502846,74.13090020415194
1.1152837845136043,1.3589019485862375,1.3278606093215215,1.264149424761282,0.9415923831593542,0.4564808257806362,-0.8517735240249735,-0.8177427026695501,-1.2449180868998315,-0.4175781564309099,0.7848568581642902,0.828467238295252,0.5108281532296121,0.3039029994075182,0.3862712150401335,7.086423501502846,74.13090020415194
1.1152158088823232,1.3586642836860254,1.3287593627442982,1.265022001335461,0.9371943613472655,0.4548967395492932,-0.8526403667936229,-0.8295254224996196,-1.2469537716705914,-0.4184764651005299,0.7851807940170789,0.8299227948227107,0.5099831244496617,0.30510458215229264,0.3853525170193932,7.088454845377594,74.27889621783511
1.1175721785926638,1.361267252751223,1.3312524496283196,1.2666080725443605,0.9383262043368886,0.45461321386944115,-0.8537281485455834,-0.8182860744603233,-1.2501457121159145,-0.41945470802885665,0.7862308020421443,0.8301632058487072,0.509914945874191,0.3060030575936852,0.3842661235441467,7.088011512289583,74.19219761228132
1.1186061842363908,1.3619280437966848,1.3319321549150738,1.2673382339522758,0.9385157406127325,0.45409721634038186,-0.8545876280503013,-0.8189492914950303,-1.2491208495281818,-0.4200597056858153,0.7863674657125973,0.8309346240221462,0.509559876829245,0.3075186059320889,0.3838956770718851,7.088011512289583,74.19219761228132
1.1213677963949307,1.3620319068409683,1.3316569741343274,1.2678041353447995,0.9439662330819434,0.45516648829410344,-0.8553039225164614,-0.8218370225713596,-1.2452280356898537,-0.42076393109295845,0.7866536602004621,0.8311714714434848,0.5089124978881931,0.30879132615108085,0.3833974382982115,7.090904483219822,74.17733631173212
1.12165824022282,1.3621059608651314,1.3319769670772696,1.2680986061609052,0.9440435121634425,0.4546523117922959,-0.8560339847907059,-0.8226448187270607,-1.2444215756077415,-0.4215110418153923,0.7865321300874255,0.831449930884224,0.5081047264888751,0.30978219728691325,0.38277423379960807,7.090904483219822,74.17733631173212
1.1208423210855738,1.362817461351475,1.3338862235308808,1.2680769025015046,0.9401479346095806,0.45414872636621806,-0.856795235755818,-0.8223326274537259,-1.2416967112143622,-0.42226621095701344,0.7863828657908145,0.8305155220989274,0.5064575476461324,0.3107806224507681,0.38227825972682794,7.088171416241018,74.14369713298419
1.1198762173837835,1.3624065596518142,1.3335636981307926,1.2676252312040577,0.9450329942456168,0.453880174520692,-0.8573784783503893,-0.8238407303122954,-1.2439387093275318,-0.4229437551593366,0.7842551391284288,0.8305102764377746,0.5068041305038817,0.3126843405345223,0.3818014637419678,7.0914871192162146,74.18552369498138
1.119659948316076,1.362224468081069,1.3333621820780561,1.2672953820166957,0.9449356306674499,0.45361680467659826,-0.8578524808594556,-0.8243893155681898,-1.2431968640502111,-0.4235784944279925,0.7841569449243622,0.8304566035814043,0.505843250383282,0.313209180909757,0.38101815386929294,7.0914871192162146,74.18552369498138
1.1195300156616508,1.361926281587155,1.3317611434641021,1.2679433892675116,0.9387588618566303,0.45646648783359195,-0.8583773383523625,-0.8246481766300595,-1.2384259722473097,-0.424040581648826,0.7811252272949633,0.830585257202687,0.5053243925953982,0.3138783553592486,0.380530615246091,7.087781047941355,74.14737530478504
1.119497984195467,1.3615715313637842,1.3323307101654196,1.2673908905408666,0.9445991158996685,0.45631872160944337,-0.858656228131681,-0.8178083666561045,-1.2375951805628376,-0.42438786263075934,0.7812931640881665,0.8296241532735532,0.5038583317154721,0.3135839917940799,0.38015211523967474,7.08615349421925,74.06201719766813
1.1190856443362343,1.3609626086371545,1.3317700881295338,1.266613258528409,0.9441527590192469,0.4561735959401131,-0.8587438818632278,-0.8180254909906814,-1.236784261270045,-0.4246692843984482,0.7815446243913879,0.8297926827632702,0.5033461059176144,0.3141823797153127,0.37975965594030425,7.08615349421925,74.06201719766813
1.1166882735197294,1.3606107517452894,1.3303402503589858,1.265236573593705,0.9430488378659465,0.45613063026823375,-0.8590035377255687,-0.8373107739187717,-1.236205839679476,-0.42507309472566546,0.7867118954321527,0.8328188110047687,0.50275154302929,0.31454831276705564,0.3791992121973129,7.093158329076431,74.26045144966301
1.1169064111065794,1.3618122096318146,1.3310017288635665,1.2661776958502156,0.9436775283066091,0.4564204110286576,-0.859569873753768,-0.8376592597670851,-1.235779859865934,-0.42558075774449494,0.7865542896565081,0.8327340552431207,0.5017306610881577,0.3144601084417853,0.378147160439664,7.093158329076431,74.26045144966301
1.1165701750526156,1.3626176089914364,1.3312625411966106,1.2678775956393271,0.9388672848529909,0.4625057146165244,-0.8601091600863233,-0.8296717151759876,-1.2390806536465124,-0.4256629709014924,0.7865965722760954,0.8322435393957851,0.5016884499761244,0.31514375276775386,0.37797573396950623,7.090489733054245,74.20215449894673
1.1191391974442326,1.3627163425210265,1.3317651005495925,1.2680495006482642,0.9449955201435603,0.45500601056006307,-0.8602004232598439,-0.8298588819220192,-1.2342573187032637,-0.4256351279316629,0.7810446903150425,0.8315110972227686,0.5015829377751,0.31595212134118067,0.37795088336148264,7.088859234879866,74.1792886178609
1.1193662303489365,1.3627519242899533,1.332173207565514,1.2681865324905455,0.9451029249721924,0.45482773489152223,-0.8602251011536839,-0.8299872835351052,-1.2335395856223377,-0.4257269048713544,0.781305887774248,0.8316368831870578,0.501186395330912,0.316383800443071,0.37772362768122036,7.088859234879866,74.1792886178609
1.1183817650367291,1.3618456370102534,1.332407649362162,1.2663340608448668,0.9431838358957565,0.4549072501267244,-0.860309191209718,-0.8290966768252059,-1.2319415332912045,-0.4259024497927125,0.7803481757046881,0.8317100694152633,0.499744498656156,0.31568608068078596,0.3773824516183497,7.083846264124547,74.15974075353505
1.1185085637898913,1.361828330564855,1.332391438963947,1.266275081142082,0.9432907555298434,0.4551674291362068,-0.8604420722690058,-0.8290374493660684,-1.2314014113226006,-0.4260696713402751,0.7804128162990586,0.8317352585859412,0.49953944212639667,0.3160970749838654,0.3772211904781986,7.083846264124547,74.15974075353505
1.1194506411683167,1.3630019290193707,1.3325850690985188,1.2662123149557467,0.9402929560285531,0.45937078223303285,-0.8604534675808262,-0.8301504970109612,-1.2358814075459792,-0.42622796891398046,0.7864965920654294,0.8347855306716437,0.5000528791809561,0.3173055470644668,0.3768194998856349,7.091183026371127,74.21316257525804
1.1182532441592088,1.3622616979380644,1.3327052819902425,1.2665500984369331,0.9453150294545126,0.4593139433966075,-0.8606886525110109,-0.8314654819454323,-1.2304775241070254,-0.42639900746160714,0.7864743933590067,0.8329987569494901,0.4995545701774988,0.31740588196676334,0.3763111408568658,7.0898243260298095,74.17479960640028
1.1183782114519216,1.362071500330449,1.3324003489747667,1.266648408040511,0.945318270426556,0.4591476989381081,-0.8610871567708447,-0.8316081198642438,-1.230112571159493,-0.4265225897911862,0.7864527349384632,0.8332323667697458,0.49964838796300914,0.3179528653765544,0.3763369608424827,7.0898243260298095,74.17479960640028
1.117494579601468,1.3620615857341405,1.332632445073279,1.2676481243416828,0.9454175995005845,0.4559361939997645,-0.8612750407556353,-0.8299381530249326,-1.2287694233225919,-0.42674800521095213,0.786417024008055,0.8321559385496498,0.49924988259748915,0.318241698893448,0.37507876565308984,7.086608885818363,74.14740501960964
1.1175392404708113,1.3618289157806087,1.3323922865388362,1.2674186174713715,0.9453654322208023,0.45596507786504586,-0.8614956307517951,-0.8300186176586377,-1.2284352431711807,-0.4269314703731783,0.7863862901792816,0.8321881840133118,0.4990938956265375,0.3185520316176689,0.3750040190104862,7.086608885818363,74.14740501960964
1.1164454610192276,1.362747154709853,1.3333291641898535,1.2661921781598433,0.9463067062993706,0.45798081599810264,-0.8615958869737421,-0.8292108688400008,-1.2341152259366153,-0.4271121604357699,0.786401435322672,0.8331575565366323,0.4987451306786632,0.3187269603169087,0.37572562661504216,7.090175047245646,74.1887508617649
1.118329407353039,1.3618613463733822,1.3302845860300125,1.2672827645099223,0.946308995465223,0.4609861307835417,-0.8618289620983679,-0.8314381011263436,-1.2358507719244562,-0.4272819196848817,0.7873597528567348,0.8332357541908475,0.49838852998900585,0.31880320651548244,0.3753842722703755,7.092269689938163,74.2236043052169
1.1184625136514157,1.3620814578965614,1.3303161166311448,1.267551172100779,0.9464219062549959,0.4609252949350799,-0.86214106937034,-0.8316082106702307,-1.2355780630630457,-0.4273983098495539,0.7873080679223698,0.8333416651498472,0.4982186158735431,0.3190109850172336,0.3751862968529758,7.092269689938163,74.2236043052169
1.1197002406263294,1.3622092794253922,1.3314559666479244,1.2676997830576402,0.9454933027490908,0.4607871717826917,-0.8623332672657762,-0.8297343901385057,-1.2282288488366913,-0.42744568906624075,0.7813262742145106,0.8324309140699961,0.4980991719888861,0.31930706526466124,0.37411263548125673,7.087090979621733,74.13597260992228
1.1197719220688556,1.3617638700314338,1.3312160767133083,1.267289347675132,0.9453054984161853,0.46066577949167326,-0.8623312503004938,-0.829713895468551,-1.2278209525599597,-0.42742344446113395,0.7814896917412207,0.8325275752849686,0.49818787494237504,0.31975203977038524,0.3742925325470141,7.087090979621733,74.13597260992228
1.1175494052516721,1.3615641840588801,1.3312488714593838,1.2690072467289966,0.9432435888835577,0.4606569558368464,-0.8622418960869687,-0.827864872406574,-1.2305277926793736,-0.4275411641184343,0.7885840483357628,0.8324120541675115,0.49778557511179666,0.3197781774357624,0.37402675998593904,7.088148970327667,74.14006875410428
1.118278265926737,1.3614740505893363,1.3319852939122772,1.2679105749477615,0.9441344345570374,0.46084216439583464,-0.8623704850138916,-0.8269361252406568,-1.2293335837807298,-0.42766973286851523,0.7885230929178257,0.8324783705512986,0.4975726429126849,0.32081072365323937,0.37381302233875435,7.089285338925242,74.12397711451496
1.11807284846758,1.3613259795950725,1.3317676724226948,1.2677991668027966,0.9440208005687992,0.4608224864304313,-0.8625384466624835,-0.8271339880132902,-1.2291827041478725,-0.4277914390140803,0.7884907542681499,0.8325518085603701,0.4974541044226879,0.3209809593071611,0.37367230191499523,7.089285338925242,74.12397711451496
1.1170097048097969,1.3612272072619231,1.331647340053127,1.2667617665034336,0.9390268844866142,0.4607518660091665,-0.8627779808648426,-0.8393568876282314,-1.2290947297435713,-0.427954403916888,0.7884570554680483,0.8325607295519175,0.49732373180523326,0.32012868397422034,0.37355413057212616,7.089951907858714,74.24691564279269
1.1194439800311882,1.3619965717129805,1.3311760402505888,1.2693493908367495,0.9465531714527241,0.4609279712754881,-0.8631055079928429,-0.830471186452878,-1.2290261949170378,-0.4281629777658241,0.7833512327359222,0.8313909755592215,0.49694888078349464,0.3200133180860212,0.37319259083489986,7.089021833422587,74.14885368693557
1.1196004978664296,1.3620110413379414,1.3310655816223886,1.2692513126010594,0.9462318582303233,0.46089103601087084,-0.8631766793883313,-0.830479471080035,-1.2286905331266385,-0.4280293859281797,0.7834391773046278,0.8318103911362034,0.49716875966404794,0.32045078094651047,0.3733977418811667,7.089021833422587,74.14885368693557
1.1206493837975442,1.3617542787716395,1.3321986765677212,1.2692024032703964,0.9403233258723828,0.45048400897439156,-0.8631871335455643,-0.8477206333974707,-1.2324816501843323,-0.4280393256392614,0.7877050814825898,0.8327894501488426,0.4970940418356494,0.3206746616084286,0.37339311414441956,7.094395318761418,74.38480350762546
1.1212605896452923,1.3632218863497518,1.333334140987401,1.2704767829362604,0.941208308341599,0.4508477239503914,-0.8634885375079837,-0.8477802516212616,-1.2323806677066962,-0.42823544370443306,0.7874766324952586,0.8325300284513902,0.49638771628118283,0.320208303677302,0.3727360137253459,7.094395318761418,74.38480350762546
1.122024736816976,1.3641322943911331,1.3328351175275326,1.2692132097627586,0.9483666612736066,0.4500929449883019,-0.863593605609335,-0.8284377153667732,-1.2278634814930793,-0.4279446753495011,0.7814460313809465,0.8329538095877809,0.4966263596660334,0.32054673561864866,0.37291271797856895,7.0857548172294536,74.15966950442872
1.1231540127520245,1.3630798325063005,1.3325215489713815,1.268393933281585,0.9458554393595902,0.4495767738605052,-0.8630894364234551,-0.8301765545809503,-1.2311478009786079,-0.42745811064877837,0.7820488763883467,0.833289276871676,0.49726529507809625,0.3214105382090999,0.3736631424232846,7.087609007291334,74.2172010077243
1.1227659132523227,1.3628268398612393,1.3329083176403465,1.2682163575492063,0.9459875227051519,0.44952406625019786,-0.8626312904537543,-0.8302332142960815,-1.2308171461565949,-0.4274953238719235,0.7822274542114442,0.8329041842852973,0.4965592505709543,0.3210570017660048,0.3732327698570148,7.087609007291334,74.2172010077243
1.1233630911852504,1.361773585692044,1.3324600896411705,1.2681492141970896,0.944833769410298,0.45914627122297214,-0.862602941572804,-0.829918773505725,-1.2256064825971253,-0.4275383657071322,0.781951413211827,0.8329521118843746,0.49641010263724517,0.3208881181225931,0.37306193085828854,7.6514370413195945,74.15136379807339
1.0956731883718698,1.3533883516380851,1.3315305366883776,1.272159292143781,0.9273149551694773,0.4385598872578647,-0.8634396148511643,-0.8524184414077558,-1.227451536027106,-0.42950819300538856,0.773216423964374,0.8413810828280178,0.4819265973862874,0.31457515001966296,0.35955825209602876,7.6514370413195945,74.15136379807339
1.0879482978339015,1.3227466819776785,1.30286026608371,1.2724983554021416,0.9286379392179953,0.418184603406341,-0.8842389531109225,-0.860699315996964,-1.2362753241435898,-0.43760020232815106,0.7611497806863106,0.8390467690194556,0.494751627856048,0.3227588198023348,0.36883484228748786,7.089010471138316,74.14163308950438
1.108865084449631,1.3204706552132948,1.3023118834734784,1.2571238739964576,0.935748008086821,0.43033513393800066,-0.8888854284980208,-0.8476155776393803,-1.2394524008267536,-0.44709773254301394,0.7508249075882699,0.8110600126140434,0.49356386155286147,0.3249793329195667,0.3744023352549055,7.083996971616749,74.134460445332
1.0998628410383207,1.3269763361504194,1.308252719217245,1.2316226691885324,0.922305311302787,0.445643630395977,-0.871285746953053,-0.8398091370850655,-1.2306190235022954,-0.44581404213034975,0.7526602802987452,0.8043141154895166,0.4724741468994593,0.31022743213229687,0.36092477116280786,7.083996971616749,74.134460445332
1.0875522049643445,1.3152354269013344,1.284314769852401,1.2171206183171535,0.9158113263747167,0.4392370473612092,-0.8635073940991655,-0.8265470480672985,-1.225091940216589,-0.437218954630122,0.7673153945297657,0.8113989163957924,0.47982062371390954,0.30645874497908254,0.36115611395721636,7.0853616909643815,74.18616432363363
1.0851410373981232,1.3231356649280996,1.284720120809138,1.2182952034476087,0.9157456965155316,0.44560079778752587,-0.8555657307087141,-0.8185132760805709,-1.2195723834809702,-0.4303927319490282,0.7776543236177056,0.8149252532972566,0.4808688201421507,0.30345524251469413,0.3577152796750651,7.0853616909643815,74.18616432363363
1.0900129762390531,1.335253647391568,1.2946828541623019,1.2286681951345095,0.9192975137687819,0.4508346867243139,-0.8511910040597204,-0.8231077870954988,-1.2151883451033718,-0.42525774163819596,0.7854184839031532,0.821750339395112,0.48222242058918496,0.30083052225017837,0.35732670599115757,7.190174945082305,74.27366980237899
1.092483733134985,1.3482806004986332,1.3085120653610973,1.2440590715702002,0.9201327156599114,0.4621229771109876,-0.8496448809695745,-0.8233069508437438,-1.2174111761881217,-0.42236582826000646,0.7961305756570994,0.8313306266532469,0.48314734851952057,0.3012038487499247,0.3549637501287317,7.195486685443397,74.26291097662927
1.1010759843619256,1.3555777708709278,1.3183910586267487,1.2604738452997828,0.9282142440784018,0.4593550815970653,-0.8541659478022816,-0.8259865392449823,-1.2198401699376882,-0.4223730063122673,0.7961577331807539,0.8351865559278359,0.48805753006540753,0.3047849831183054,0.3580266386424191,7.195486685443397,74.26291097662927
1.1086474216701343,1.3643083459971177,1.3317581892399368,1.2713319719043032,0.9388100215275819,0.44896894623712275,-0.8577452108520225,-0.8231584944993036,-1.2178330249249907,-0.42475327973906546,0.7858229836234246,0.8310265534451766,0.48678539435904344,0.30709739770033484,0.3586244687043496,7.5325099534765965,74.14965705580705
1.095831086420411,1.360406911690059,1.3360464097482667,1.2789340150388173,0.9309963734854743,0.4385772170802119,-0.8622416808684763,-0.840261143332959,-1.223971881170418,-0.42867940768239804,0.7768545363114003,0.8348538992929415,0.478425748681786,0.30548199626937644,0.3520932488206534,7.532463580941304,74.14613964608591
1.0934671629754227,1.3392004069188572,1.319893625843193,1.279248124528246,0.9316182506647774,0.42334830518083755,-0.8780202486423605,-0.8493392370510235,-1.232529059257174,-0.43635352294599833,0.7654140738081696,0.8306826905908498,0.48594042177482244,0.31203516162475653,0.3583709121353351,7.532463580941304,74.14613964608591
1.0905860016711073,1.3279785052501345,1.3172799151885584,1.2686872416951858,0.927712743293923,0.4157175320117412,-0.8839126763416421,-0.8684577812067151,-1.2376008480822662,-0.4456424990791502,0.7518727975444994,0.820326764402429,0.4774710241999047,0.31034839100470624,0.35403064865676215,7.089755947619592,74.25578388390353
1.10081666290785,1.3150483229769838,1.2999270867475774,1.2453032663067813,0.9313175469979282,0.42746380122292915,-0.8865706566273268,-0.8526606886123378,-1.2376853851959666,-0.44981802363365647,0.7498489935905454,0.8052384057579418,0.482916293670578,0.31155230581190474,0.36190376548946057,7.089755947619592,74.25578388390353
1.0923388722163507,1.3223101645245516,1.3009672820240983,1.2228914984750499,0.9176560561756155,0.4415792484177827,-0.8693890056998845,-0.8450812492809521,-1.2286396714302614,-0.44589130689355233,0.7649672365142092,0.8010264796531861,0.467836532009156,0.3002054236554321,0.34987837417581646,8.678819939877696,74.26638251826233
1.006297005874854,1.2943823790330513,1.2826118231638832,1.2255626344596018,0.8619944573022376,0.388683013870025,-0.8642888498839625,-0.8832695726643665,-1.225994483547208,-0.44233366851981426,0.7468885799098615,0.833155571200797,0.43358014947021584,0.2790974769514669,0.31317983589302156,8.672117864649804,74.13896418690727
0.9894890094630491,1.216838377172133,1.2065184817963708,1.2323937706793056,0.8654426990868734,0.3375303157494486,-0.9152677465338481,-0.8990119638061929,-1.2486065787304632,-0.4575392873877796,0.7213088412173747,0.8265386051699596,0.4730979849118757,0.3013739072846833,0.33827074061944096,8.672117864649804,74.13896418690727
0.9819308839128308,1.2029593452740142,1.2196967704793718,1.2121820742249547,0.8571338155878199,0.32013111651618464,-0.9268947489523462,-0.9271607173517311,-1.2567010488997177,-0.48452018693183296,0.6789490472843516,0.7844867291778947,0.4344043163603106,0.2894778193533354,0.3182551937064968,7.084684157901281,74.14396734871757
1.0249365828763932,1.1708484517634803,1.1741760875092613,1.1474136098129168,0.8775322280298992,0.36648255509247113,-0.9317516232017813,-0.8645750209163379,-1.253568971266259,-0.49466232803575955,0.6765247575772151,0.7358060342399617,0.4554284781093434,0.29103923141905597,0.3460192617821356,7.084684157901281,74.14396734871757
1.0018883474418938,1.208832604253297,1.1997779758267655,1.0861611500532764,0.8445803726713065,0.41866152848474636,-0.8685104173691487,-0.8324890609778657,-1.1990281533389056,-0.4790018222486017,0.7079281461929563,0.7245471769702032,0.40326384318971265,0.24880354351759504,0.30319841669863834,7.082751734850712,73.95665473605129
0.9710027205317351,1.196642606508289,1.1475491368362856,1.0645410611423016,0.8193152921034719,0.44166613848806613,-0.8416523710370325,-0.7723903037799251,-1.170411048973563,-0.4471123156495608,0.7596974521295171,0.7571621510515623,0.4269115870476172,0.2387750612416053,0.307023723952214,7.073622987972444,73.79153403451801
0.9791707048156739,1.239903152599084,1.1718299897561442,1.0930472369494624,0.832373389928122,0.4626528018828003,-0.8180583514989523,-0.7496442580393361,-1.155442085276315,-0.42406419012000357,0.7957573781722465,0.77525837077645,0.4360378273190362,0.23425878139547684,0.2997938200924275,7.073622987972444,73.79153403451801
1.005533228502607,1.2912353902722606,1.2183535587410808,1.1447357436222123,0.8562983802106754,0.47810219180437896,-0.8088772175825223,-0.7374017926943117,-1.1439042782987077,-0.4096480629276516,0.8142841890156151,0.799778211632462,0.4439079440623339,0.23417790817064899,0.3030409435319328,8.193198302514922,73.73352612179922
0.9873977393909446,1.329382365067092,1.2742472366328794,1.2165496299975644,0.85407323944914,0.4437531130319789,-0.8499705772770754,-0.796462253661026,-1.1556670172559969,-0.4068133132970399,0.8189919360416511,0.8353458258904753,0.427980609599234,0.23128320805378122,0.2840887972120183,8.214889171184378,74.1960793073491
1.0138899527886742,1.312272481131345,1.2739753944517782,1.27758893621853,0.8864880154648608,0.4025177862997249,-0.9011361760108545,-0.8256388044781648,-1.1842238439571777,-0.4232304101877738,0.7956618669298354,0.8409767356916111,0.4628380736727431,0.2586090329476669,0.30963092365274436,8.214889171184378,74.1960793073491
1.037100984383113,1.31836263566523,1.3158614144419725,1.2961339909877387,0.9010246538368212,0.3811102971440552,-0.922040417183148,-0.8507629537945083,-1.1893992349146938,-0.45077980225127984,0.7554274031451035,0.8211067022521295,0.44561873012154773,0.26707108149490133,0.3062948679659314,8.386182420824914,73.91811318011652
1.0235678127696852,1.2796198285890479,1.2996950539084213,1.2749166667744956,0.8846964153895156,0.35321678893510783,-0.9437349647766164,-0.8791004478345847,-1.2044264064963484,-0.47236098592619624,0.7221654550190924,0.8068782195296024,0.43213006278294364,0.26742629572339416,0.30463277209544315,8.386182420824914,73.91811318011652
1.000268870448401,1.2269535387384156,1.2522708670908527,1.2318906308611681,0.8635070046160136,0.33147113831014313,-1.019455161779017,-0.8679559570392532,-1.184819811567562,-0.48967703795383316,0.7031389059783528,0.7858379588778134,0.4263872965614832,0.2681463245198008,0.3019798766552433,7.689273237256991,73.83279460449971
1.0009734607310934,1.1908259121663567,1.2063036942266296,1.1655028406550056,0.853561256160466,0.3474930190815336,-1.0690377963365285,-0.8159705514243001,-1.1475204419566867,-0.4990819510179103,0.6956131866199757,0.754979858538715,0.4300482386500375,0.26835598435823527,0.30904744491012925,7.677402826083593,73.58773385977072
0.9725161957301638,1.1846702417252213,1.1880833805080195,1.1071574462379363,0.8233044094600417,0.3698567655513887,-1.0392880664015243,-0.7983377327323866,-1.1311128981171534,-0.4934445890912083,0.7050294578608123,0.7435921982587048,0.40169599035386994,0.24524580552330022,0.2872390802561928,7.677402826083593,73.58773385977072
0.94451087911776,1.1630047095360037,1.1426424472311503,1.0760593580977136,0.8037960274898861,0.38241017059139976,-1.0415056423480984,-0.751166645338553,-1.076609345582411,-0.47809817762801626,0.759965050210095,0.762031841383735,0.41020733714645186,0.23673228446330308,0.286939474063433,8.155543609248848,73.18475243420573
0.9135351758758665,1.1679463800900567,1.137092806365593,1.0781298386863922,0.7867239673510174,0.37790915943482534,-1.026256983371222,-0.7533746569309723,-1.0673551652756663,-0.46627226099582975,0.7733696344524154,0.7767011242873483,0.39982250123026875,0.22433771988989393,0.2688138064134378,8.155543609248848,73.18475243420573
0.9126032790282691,1.1617788853622664,1.1269858479410395,1.0946243299819254,0.7961290991910351,0.3709561987344387,-1.0328714422008898,-0.7029056781380096,-1.0188775186354446,-0.46341358124036897,0.7963157704924004,0.8039436273974108,0.4176353494945837,0.2296404544001147,0.27503735786495187,7.710358487516903,72.28695368179893
0.9413300896188661,1.1812903272330006,1.1473939941789464,1.1041556681951015,0.7684023741151684,0.3863268790231981,-1.0061116928932772,-0.6451184131070662,-0.9594903426252102,-0.46534746807143257,0.806565208567523,0.7973738349089855,0.44727169950314183,0.23646000266320155,0.2824838362834219,7.67521905654513,71.21883509967716
0.9466899513572267,1.200772056876995,1.1733226612507364,1.1073950301243745,0.7692392344736705,0.39797374801609353,-0.9944078933809117,-0.6435649972217439,-0.956934265454515,-0.46381723032182004,0.8126236947291402,0.7991396147585967,0.4362704761480707,0.229229875822611,0.2750185429712755,7.67521905654513,71.21883509967716
0.9462671031281775,1.2021934742010634,1.1736485573499293,1.108825250477703,0.7733143743591611,0.4012591201686584,-0.9646725977888608,-0.5987363257582281,-0.904266121614526,-0.46211834265449364,0.8462562728670979,0.8212684366345134,0.4439166756532682,0.23174424467062815,0.2781108213154482,7.696379574116731,70.09336252962623
0.946297250094473,1.2083083825184562,1.1795205212194069,1.0995126491948382,0.7433816150125376,0.4008458848694728,-0.9602666781155633,-0.5618042483815746,-0.8471264579858944,-0.4635258834044487,0.8716165692998665,0.8385164701064682,0.44951884414031285,0.2589556377761859,0.2837404127851999,7.664603159742642,69.18788142759044
0.9529796530494575,1.21045389257922,1.1873845917995762,1.109530497376402,0.7491467138579074,0.3954490138463638,-0.9703272847773023,-0.5742950090497279,-0.8582397644963722,-0.46917803932051627,0.8716048849065252,0.842517637711407,0.4548167213835259,0.26562464296192023,0.2881157687867071,7.664603159742642,69.18788142759044
0.9578577419416232,1.2140876965253253,1.1933943130532285,1.116876998773532,0.7560287755831394,0.3913151013249703,-0.9331254434487066,-0.5262755641580839,-0.871952757580976,-0.47824387789170225,0.8901906531254047,0.8643420635983083,0.47868597993743256,0.27204670542765363,0.29283504460636767,7.397035432634874,68.28856592778676
0.9757972520475651,1.2165980518606725,1.194412054781433,1.1179191144030236,0.7650083083854652,0.3941352632794602,-0.9471853839461661,-0.5327403563794122,-0.8848031097648019,-0.48602673181244105,0.8893780572496689,0.8637404886196562,0.49023322672828185,0.2833779024675396,0.30397718514431915,7.397035432634874,68.28856592778676
0.9840749220734927,1.225073262258357,1.1853486211335769,1.097136804166247,0.7677314932756397,0.3945309450410852,-0.9086334986275926,-0.4925033580304954,-0.89465602141815,-0.4921322386627926,0.9111753768395336,0.8783616388832153,0.4877257004262914,0.2898440510001956,0.32592218260219097,7.298181798210312,67.58949938417835
0.9906981992806556,1.2262221474366566,1.1780354959908188,1.0967433329289449,0.7035569804761718,0.3935388469964039,-0.8943134662643535,-0.45020065879698934,-0.9050036781366417,-0.49523759176355797,0.9537505413030312,0.8946253453401023,0.504520195451605,0.3061530006492166,0.3377790127610907,7.267619769291324,66.97282392164881
1.0004011874591727,1.2345327866180296,1.1864594253737462,1.101319415003202,0.7077151109571237,0.39049968800880674,-0.902362398821428,-0.4648828713741593,-0.9151690805374817,-0.4990301520429917,0.9586180993876819,0.90003296384039,0.510099924851275,0.3164250982508783,0.34378981171686984,7.267619769291324,66.97282392164881
1.0069673644401658,1.21847505298263,1.190574004145747,1.0858276742574533,0.6726530851195042,0.38686652078785383,-0.8830691051311619,-0.41922154877322737,-0.9267359444268115,-0.5037216040881844,0.9614755710054251,0.9278497595098903,0.5393930272395395,0.3561904772392641,0.35716691009803414,7.250332566112267,66.48184102060846
1.0175419553548735,1.2252695054871363,1.197165185783833,1.0949648842040856,0.67797537580479,0.3822653107193371,-0.8955095051486932,-0.4352024893421056,-0.9383695285271925,-0.5085768084191722,0.9624057119965916,0.9341439421818494,0.54763852610734,0.36862782598437627,0.36617791332159655,7.250332566112267,66.48184102060846
1.0274482424718467,1.2273603543582037,1.1796950976902443,1.0968975440126043,0.6839852034538488,0.37613643932574187,-0.853878108538912,-0.3944827922820504,-0.9500220880554584,-0.5143457738995263,1.0160418973961112,0.9440023921159983,0.5599605675277572,0.37972296969659936,0.40000235382644034,7.246663979512409,65.66025314159552
1.0121003232309465,1.2268392325751234,1.1787374537187043,1.0742007922529322,0.6178493562504136,0.3692409554775119,-0.8146007181903875,-0.35698114452567253,-0.9607341489829484,-0.5195818269667609,1.0144043794636144,0.9616494330018421,0.5667108294869516,0.3959403368303782,0.4094278281237467,7.17664573858792,64.8664227040814
1.0162685851974376,1.2207893360066362,1.176654658981823,1.0715372190833214,0.618851876160876,0.36297400844667566,-0.8252328649126237,-0.37132244340858356,-0.9712922199485727,-0.5254536246536139,1.0132952004703613,0.9623661955407765,0.5735512767083017,0.407825440941578,0.41951806607517317,7.17664573858792,64.8664227040814
1.0141634774242103,1.203073414606758,1.1705710970729901,1.0597664250750318,0.6184975077578656,0.3599955241671364,-0.7908601885244586,-0.34062501115637067,-0.9812230248038418,-0.5318420260369967,1.0504798715915205,0.9806967471578208,0.5948919796855028,0.417145753717002,0.4277482807440629,7.175580606653805,64.23821935329362
1.0087835397582683,1.1820053904749517,1.1472509683195644,1.0337897352244791,0.6143002617405131,-1.076555640151262,-0.7588287541026714,-0.2995612646757171,-0.9900885441811602,-0.536491130696205,1.0693916155882437,0.991870963801676,0.6125086767729915,0.45016648244937074,0.43748600600629883,6.823650543421744,67.2632825552727
1.034361223196738,1.2004748039962494,1.155886743090245,1.0407122888618314,0.6367680081092413,-1.0619438976457005,-0.7686483445600809,-0.29400001352178773,-0.9976025791508372,-0.5411557328036398,1.0724767146637249,0.9811744425886175,0.6187691195794454,0.45450063583204825,0.44492861579108167,6.823650543421744,67.2632825552727
1.0331373368430257,1.225231020316458,1.166531561642354,1.0301488222505104,0.6363813789922703,-1.1577239642351902,-0.7145749830112218,-0.24019727333309793,-0.9925258676573931,-0.5341762562667747,1.088585545559581,0.997986258897483,0.6153653821221696,0.455893246575247,0.449943250837324,6.755057781454129,66.77516079670153
1.0444507566593697,1.2318687724044,1.1699954734879903,1.0376216356595398,0.6406454578408769,-1.1581750870177143,-0.7103662212333061,-0.23458538061060952,-0.9870920442941511,-0.5220120157753787,1.108969833326391,1.0124817729246807,0.6327845316290097,0.4682930794266571,0.46487043948228823,6.755057781454129,66.77516079670153
1.0559062207994272,1.245358096473577,1.1911189039118735,1.0422469203470057,0.6500601301753406,-1.2175430729921473,-0.6633642277985543,-0.19883338113771964,-0.9837291033120921,-0.5137815235424572,1.1402001267833868,1.0303657658335483,0.6481918221744358,0.4801491555881716,0.4749033538660239,6.732060221153384,66.36934827234239
1.066126927658365,1.2562475095677503,1.1841128887302022,1.060870137808408,0.6591187202193872,-1.229569104530303,-0.6256557840952783,-0.15940311794805018,-0.9829058555206127,-0.5083162792830129,1.1466688322071734,1.0536455199114587,0.6600577826810073,0.491627003873498,0.48685423522622884,6.706222978792528,65.82705413354026
1.0747047128105554,1.265193916869695,1.1986449601084488,1.074717169991344,0.6668332701726102,-1.2270685187238235,-0.6250287179964048,-0.16322307648497936,-0.9843202869163794,-0.506011185282143,1.1490928534309268,1.0588297397475799,0.6661955193216615,0.5002149035252752,0.49489119775912793,6.706222978792528,65.82705413354026
1.0795320279417333,1.2624117312715768,1.2103797274810213,1.0507655622235013,0.6728165059101351,-1.2241116577256934,-0.5889741092363476,-0.13181620263401994,-0.9879272844193938,-0.506687539293129,1.175440085040909,1.0703878306802883,0.6850813119943334,0.5079920147815058,0.5225882902694361,6.711507416681018,65.36650932911384
1.0800870387872725,1.2606788647897111,1.2111680005171646,1.053497120253476,0.6737280600665729,-1.2239946604873428,-0.5924537388115935,-0.13801706381740764,-0.9923000638344992,-0.5084011311131904,1.1716045771485353,1.072656570545982,0.6888371478068404,0.5143415471481512,0.5285364691585592,6.711507416681018,65.36650932911384
1.064033518797762,1.2475758531768384,1.2010290612570456,1.0407666686606865,0.6741627198710687,-1.2425394427168197,-0.5618409729306759,-0.10356661286014268,-0.9974062917545663,-0.5114683701499851,1.1843472028151298,1.0789538343074927,0.6870276334739341,0.5192341286448308,0.5340920966433753,6.7702238110748265,64.77550819431397
1.0476765490316071,1.2345806663626528,1.187935080263171,1.0253809992084748,0.6679757535253519,-1.2473185051082134,-0.5386611911422813,-0.08869529214829619,-1.0020382043785876,-0.5143924155797088,1.179072103972651,1.0908797800490988,0.7038713609488204,0.5232682321194329,0.5403210328646779,6.762069322068211,64.43994705450527
1.0409503558083775,1.2196419669445704,1.173249930434766,1.0146738672711102,0.6635356967002491,-1.2519458769969054,-0.544174680336067,-0.09484486711595519,-1.0075158578880683,-0.5181693969375922,1.174767731921238,1.0889046968459104,0.7070482155607912,0.5277187209514396,0.5451338632536831,6.762069322068211,64.43994705450527
1.0264444317300696,1.207405871305883,1.141451597086211,0.9917829610679512,0.4080093522504951,-1.2499396966405636,-0.5078430071337585,-0.07003927480083783,-1.0122149953195376,-0.5221863553268562,1.1939505630836613,1.0893911224575479,0.7098780301263193,0.5468041394891849,0.5492342399266203,6.806507299487816,64.18089724291383
1.016933781446391,1.196597948597966,1.1281363315871893,0.9801845544585128,0.40037617584511853,-1.2523905721483566,-0.5107109790046319,-0.07499160197118515,-1.0157145139260357,-0.5246238239044403,1.1907471297448513,1.088836371215718,0.7095753047018183,0.5477019987527969,0.5503302341096727,6.806507299487816,64.18089724291383
1.009463701130588,1.1747984510022036,1.1146076807202823,0.9548537608185094,0.3960034456007113,-1.24580598906411,-0.49119099518303866,-0.04405720785215461,-1.019122305961548,-0.5266186006441202,1.192243392603558,1.0961860172704623,0.7113303835484437,0.5531147332971591,0.5543367000269781,6.78784066509297,63.72201176711393
1.0021301110528662,1.1598371851727092,1.105743927820143,0.9376802856404228,0.3909845367010093,-1.2252776753742245,-0.46551685900480533,-0.008951310999435025,-1.0212875501605772,-0.5276925811011648,1.2135352875660068,1.0951448953156353,0.7122912144931729,0.5572873087806833,0.5582246329097265,6.776231635691499,57.17194707344168
0.9737040105519048,1.1152094582801444,1.0705102664567319,0.9004044672366862,0.35968801043821863,-1.238079686565729,-0.4613495902888559,-0.017362474830120878,-1.0227852955858823,-0.5260696463622743,1.2163911506184535,1.1044374400078547,0.7236165140683589,0.5697941806626334,0.5708263377060683,6.776231635691499,57.17194707344168
0.9437182323164824,1.0731284905438128,1.0311673271702007,0.8672479470621739,0.3541567145016821,-1.228592376526084,-0.4407535197449113,-0.003531663072785296,-1.0379469100483603,-0.5388251103706516,1.2184354794536645,1.1110352762210174,0.7311709712557404,0.5708442364676136,0.5722108150027054,6.772636738586366,62.73199555343603
0.9425000899287507,1.1015021618966654,1.0336371603145824,0.8787305267187226,0.3711061229543501,-1.1600182107825452,-0.4224241491987001,0.03783347026319328,-1.0565277745458599,-0.5560485009965395,1.2003806931684782,1.0949303522313625,0.7167577020181879,0.5575002557555813,0.5596052931532149,6.762295111054613,61.902146643255605
0.9504648617755934,1.1180224942814871,1.0322042073742836,0.8805351335380276,0.36583847935549396,-1.152818106340266,-0.4323174426901776,0.03580518827091139,-1.0616588716635418,-0.5565448325874549,1.1976765577614992,1.1041941874583467,0.7244828616228106,0.5632017089481514,0.5632470808690977,6.762295111054613,61.902146643255605
0.9596084780752113,1.121188919936149,1.0451752408203434,0.8931542726082239,0.3685915381809335,-1.0834453653328469,-0.3954087835109761,0.06807296854038647,-1.0639173749259427,-0.5532074865783714,1.2096073396994151,1.110748308473799,0.7350463631860219,0.5745555567075367,0.5717002733553262,6.77096632724097,60.98503152477259
0.9668335308317423,1.1271888257502207,1.0544510799065905,0.901502453317843,0.36894833764546064,-1.0910152095535055,-0.3984410621541389,0.06169416267450578,-1.0660958631745157,-0.550709641792376,1.2161362209693298,1.118176634776955,0.7406254372073333,0.5802473447490868,0.5777100187041095,6.77096632724097,60.98503152477259
0.9717513279477984,1.133592709218637,1.066909690814624,0.915292233414994,0.38457387306459034,-1.0398788804190155,-0.3513597299876112,0.09497216050385426,-1.0703257095887346,-0.5514758800609231,1.2209514206226375,1.1222199936794652,0.7447808187907389,0.5880476647613548,0.5854079516725408,6.7708804442695385,52.61379532733393
0.9441428078058183,1.0857359200182355,1.0410940484559972,0.8894226504604869,0.3591407692582485,-1.004996233949427,-0.2947891682107854,0.12890825490753732,-1.0744733722774293,-0.5505717303938678,1.2179809632345937,1.1376935110652535,0.7635711290774951,0.6068320912945364,0.6045245688816765,6.757868184087096,51.57104202435101
0.9145256951107581,1.0393256058920421,1.0173065479211894,0.8650317159009149,0.3529340554703529,-1.0234724006087028,-0.3057923016399392,0.10207406379700923,-1.0960799819294915,-0.5686572713173585,1.2113936475667955,1.12282272481703,0.7593305370559968,0.6077832656042059,0.6045554699009124,6.757868184087096,51.57104202435101
0.8903968730008353,1.0232695052910543,0.9938554222599312,0.8614033726566684,0.34412558065069176,-0.9431474446421979,-0.27567112520766623,0.15556296011743087,-0.029183988438371777,-0.5925815519013798,1.1520240633107632,1.1088770972680955,0.7482602597647818,0.6044995327276594,0.5970328234020843,6.39310685909089,47.81101873872503
0.8784584893625835,0.989424246942658,0.9512621746631688,0.8208311342876758,0.3299125114865889,-0.939766415379399,-0.2958947233626559,0.1435208126523455,-0.052659291750797976,-0.6093798218881104,1.1442181778827283,1.102178148189543,0.7627199430614868,0.616746266637104,0.6096403431497739,6.39310685909089,47.81101873872503
0.8634034850731581,0.9831718035121171,0.9523826944357838,0.8281891487871337,0.3202183670299906,-0.9419671987250644,-0.22114807994150698,0.1891052243802065,0.0003437552389247145,-0.6257476687511623,1.1087442282434974,1.0731131525289719,0.7498388987547114,0.6096238932119056,0.6016278020100596,6.325097900083289,45.655300154305216
0.8562537812340391,0.9941848659182324,0.9385865510783036,0.8441874042737987,0.502871454134438,-0.9450689602106563,-0.1547301619908068,0.23466403278243098,0.03932895658503277,-0.636453594488529,1.112836420835986,1.0808461517898613,0.7642546052019505,0.6164110027835497,0.6090937158677638,6.36822228010897,43.48370697489126
0.8505985132888396,0.9878022014743677,0.9300450626502346,0.8375376928428276,0.49646646850296283,-0.961229802950331,-0.17624431578266342,0.2001173946856778,0.01265946833432352,-0.6488570132020107,1.1187020377158317,1.0891517183056674,0.7734136215455012,0.629353640732659,0.614854929632723,6.36822228010897,43.48370697489126
0.8597457429973476,0.9912367831252011,0.9494129978141014,0.8674731373380185,0.5448679361910205,-0.9744509567111498,-0.13009718366341116,0.24188875717799085,0.042394154656679284,-0.6659844778777125,1.0658802338131566,1.0729612882518382,0.7825287476495246,0.6401256889977298,0.6203125117904043,6.308781083587247,41.45637713748647
0.8751843928104334,1.0057217356498067,0.9566593401275196,0.8862319641419166,0.5870871424544144,-0.9872936490275808,-0.07359049184905142,0.2942957292725552,0.08012148972871369,-0.6822593706834025,1.0633008859200537,1.0743218103215302,0.7721320422664012,0.6564946786255466,0.6315424374172329,6.2398076606448125,39.11062286990923
0.8838476431334333,1.000869787348925,0.9612109552114863,0.8885987447978497,0.5880766901067966,-1.006939902316119,-0.10356997661531131,0.25248057933288237,0.04844159119544034,-0.6992297699570393,1.0631710948649806,1.0803430110615082,0.7853520504790454,0.6781534106241787,0.6472072606451023,6.2398076606448125,39.11062286990923
0.8958963468869189,1.012591575215294,0.9745431609212121,0.9247788822825316,0.6321746907111506,-1.0224299370802288,-0.04520146878458553,0.2874106916186594,0.07750630885895338,-0.7194334775344613,1.0022284947009985,1.0646201162716604,0.785890035874578,0.6907635247005217,0.6558840726674906,6.063613377204582,36.96306809133915
0.9068072631507089,1.0092018130992988,0.9720743251285733,0.923797855508305,0.6328669449299035,-1.032585723715455,-0.07741762630868276,0.25251465618282076,0.04628891223747422,-0.7364803659946932,0.9981933732711158,1.0688887296910305,0.8023865143849462,0.7133824545450302,0.6747684691804008,6.063613377204582,36.96306809133915
0.9179413443556337,1.0289887996148843,1.0077881040243923,0.9436757981151311,0.6697899129712395,-1.045896747113543,-0.011562134989993145,0.29824023815432876,0.09197567918146954,-0.6674594644584817,0.9964856884495777,1.0598357771460412,0.8010092008017999,0.7275813696937161,0.6774744238194772,5.910384503998509,34.23089018599489
0.9420161711512143,1.0210382059225975,0.9999003065536171,0.9519375893264247,0.6974044292261524,-1.0558841441142623,0.047287588350644394,0.3515748310603992,0.13230468446340227,-0.5997245322445351,0.9971625982041945,1.0326231131556238,0.8044217964415392,0.7282688772818671,0.695074458167305,5.835666476989784,31.571998685448378
0.9380213468119978,1.0075659695859327,0.9948444470912966,0.9384003885998204,0.6905336664933204,-1.0706182888061535,0.026972249211954513,0.3146838041734402,0.10588623762213323,-0.6129696232219434,1.0000101351539983,1.035210041634279,0.8136824827255416,0.7474784444619442,0.7092337351801465,5.835666476989784,31.571998685448378
0.9357798125393195,1.0057654923069674,0.9948481518203738,0.9577083082978619,0.7318516137751401,-1.079005314251531,0.11378387685827929,0.37374895885818293,0.14090720002229207,-0.5674847862502292,0.9976736381389137,1.0359750175171123,0.8069183942704286,0.7515536099849627,0.6922593734736493,5.7563251142163345,28.70891942637047
0.9313368314934665,0.9947115464549758,0.9807129500864419,0.9482731555016869,0.7237651083498415,-1.0871424627137989,0.08754448055856145,0.34048601373403087,0.1125070442164996,-0.5811698542785351,0.9946472749348341,1.0423915568504114,0.8212643654281477,0.7713283220465748,0.7083329588681395,5.7563251142163345,28.70891942637047
0.9314303908641026,0.9961465038038614,1.0009066426156843,0.9643050337203829,0.7556264404600024,-1.0997037725043222,0.061434895556372604,0.3813064638711451,0.16034654023970485,-0.5317013813703598,0.9927404564190471,1.0059380545934995,0.8041293179120943,0.763919389532375,0.7150694203309449,5.6934798772363475,26.66467854533738
0.9336265363055999,1.0161927823627634,0.9959814924737889,0.9796907498374285,0.7869607782818008,-1.1079007367641134,0.2291640848359333,0.44267734467660547,0.1960314318621238,-0.4814475725403322,0.9889818735639666,0.9834063510088928,0.8070821655664822,0.77987129877761,0.727265637967141,5.625183409963505,23.253421377331218
0.9250893973119682,0.9949688754800354,0.9810951961214553,0.9627426493855267,0.7761064737468611,-1.1246545032553128,0.20633338840162763,0.40587474003226687,0.16823122990081774,-0.4947534250861641,0.989219215561103,0.9871563863220078,0.81944225367083,0.7999884796739198,0.743287078648986,5.625183409963505,23.253421377331218
0.9217978946464453,0.9870429430677592,0.9973397183040146,0.9673201363024824,0.7966079380079534,-1.1360129158135712,0.17935158537099066,0.45081887709786317,0.20025990950900274,-0.4610474785055021,0.9849231454260685,0.9699782762155799,0.8215073826054309,0.8093244286975,0.7273210754450876,5.5788630872054945,24.30433962673296
0.9496331714669327,1.0002558423617902,1.0017270178697493,1.0000062502178149,0.833219425951957,-1.1371176590796501,0.14890034322577828,0.5052310059914107,0.23268972784990127,-0.4289114802225214,0.9773378692614942,0.9314809330250985,0.796163124432832,0.7891822230770473,0.7336175698504628,5.514642901313044,22.343150420533906
0.9539154373103877,1.0006082880535074,0.9987854365799368,0.9960728205590272,0.8284372205503043,-1.1453460434083136,0.12588267005915538,0.47609369230163856,0.20912503034706453,-0.43828000089398134,0.9774210962643547,0.937840792869242,0.8084067338392353,0.8070054572835708,0.7477688137240441,5.514642901313044,22.343150420533906
0.9598772534395228,1.0228642227818705,1.021391152314159,1.001492486599962,0.849756208627791,-1.1588430830340486,0.10513751551310246,0.5203733483436035,0.24328650720806166,-0.3935419177063139,0.9812260228987153,0.9209257931473487,0.8077927214699752,0.8174161843386436,0.7532656708024008,5.4832591904031425,20.70694346477872
0.9615945847246097,1.021435370862625,1.0201266193837348,1.0023670241479556,0.8465584369313301,-1.167582088597955,0.08522806939809052,0.4938817015505559,0.2223194524288855,-0.40103611119543237,0.9817014029103142,0.9271133107320125,0.8182945894667495,0.8320659457069667,0.7663815858004928,5.4832591904031425,20.70694346477872
0.9659577962586738,1.022879110478544,1.0283484836277699,1.0319471775201043,0.879831400092607,-1.1774276765530534,0.06657857148999968,0.5439741025915673,0.25604846000295073,-0.3623369404604531,-0.8285112976347033,0.9030234595228097,0.8027789761405599,0.8397611135167364,0.772693866410647,4.970061119681502,16.764272081747492
0.9842208932791632,1.0169191237403377,1.0237254623771221,1.01765565091356,0.8912928737272723,-1.1708160032832924,0.05148822796867503,0.5855230346376454,0.29556478695032434,-0.3274735687781391,-0.7617284853095886,0.8951068100192532,0.8192799354558846,0.8374029428475883,0.7997928667209427,4.941884594163187,15.39825168338659
0.9759413679486599,1.0207671880975948,1.0360443446382428,1.0034661422359823,0.8855768982046648,-1.167387124185368,0.05167817558895482,0.5618561523627724,0.27970430624830167,-0.3337874445041854,-0.7534016239857546,0.8936210109903091,0.8115988844171743,0.840028246681624,0.7997314390051861,4.941884594163187,15.39825168338659
0.9725241212582169,1.0245255578881935,1.0413427259568135,1.009220295630909,0.9121475523304761,-1.1623292638406482,0.03462722587189468,0.6145989079286843,0.30993368609899297,-0.298926287219233,-0.6780005064055294,0.8771213931254324,0.8092186352996671,0.8462581801636755,0.8078585679701984,4.925330626473883,13.906636744479007
0.9741677971732875,1.0319371511436306,1.0429636374854103,1.0164783034405342,0.9136642761447705,-1.1636668284530534,0.01639888414190388,0.5893567200268306,0.28708075883214945,-0.30562468729458153,-0.6755121941381197,0.8857547957267219,0.8214307059622727,0.8604345172743944,0.8179930847752255,4.925330626473883,13.906636744479007
0.9865311521546234,1.0481578154442595,1.0558954857166236,1.052789386204827,0.9244668638841042,-1.1706725881940252,0.6852105458900977,0.5598506538719061,0.31389782258600624,-0.2653398488667512,-0.6215050642520291,0.8690676701503326,0.8152560186880334,0.8685977431202312,0.801533568006676,4.764808789112475,7.87571131963606
0.9880582291362472,1.0273233178891905,1.0451021763023727,1.0431082935255138,0.9439259749770558,0.6621494091194688,0.6658402911977193,0.5310757117144533,0.33620546035670074,-0.22949088275998789,-0.5708267621386911,0.8561678361253682,0.825481759062543,0.8822126835460673,0.8233694453677293,5.190892903751831,2.4421977716390875
0.9424669522634964,0.9768659254485021,1.0224197240547879,1.0174620802782193,0.9119935077924768,0.6209817242916855,0.6469028942800417,0.4678330319414483,0.30283610696756635,-0.2473298973244547,-0.5778951766721689,0.8653909450918772,0.823541926491816,0.896932925525197,0.8282271026979209,5.190892903751831,2.4421977716390875
0.9173017436425355,0.9506358776077276,0.9982543859289241,1.0244245807527927,0.9202188911310002,0.6530535072109329,0.5949166852340741,0.4155299746730384,0.2904355176948726,-0.23572724751478857,-0.5506622657388813,0.8534752046463085,0.8204383612967117,0.8958318645609462,0.8145622351748817,5.204095915885118,1.4386569420800983
0.9003602628585596,0.9311303439139088,0.9758312599288391,1.0028830420690014,0.9091130535923474,0.6428425430906008,0.5503115637290379,0.36208725563150695,0.2421067839588772,-0.2725330583064725,-0.5856476779845813,0.8373433239551478,0.8129865106369067,0.9031400248307637,0.8133434600213312,5.204095915885118,1.4386569420800983
0.8851592083228874,0.9055600305121794,0.9455833860101912,0.9803537106538477,0.9078615208427163,0.6450598811249242,0.5072475727057985,0.3156109662252822,0.25380019240830365,-0.2558626117966696,-0.5558467657561764,0.7898097462149117,0.803133715862823,0.9083208241791292,0.8183646867436392,5.342230774572602,0.5834099349890787
0.8978105442297066,0.9035622122505058,0.9179769313723853,0.9554162446099428,0.9028540540661296,0.6565414708229274,0.47183884751578753,0.27017662286439165,0.25985006030464725,-0.23225734909627765,-0.5178804265139387,0.7606050830478038,0.7898865878670304,0.9169073992413903,0.8174244943987594,5.372543474955997,-0.2230257179393478
0.8844677662107009,0.8760389551019344,0.887626711485992,0.9322997175227388,0.8881745807336934,0.6301515850309778,0.4380595106892095,0.2316732876571589,0.22859507882792532,-0.2495437150234535,-0.5234973151749762,0.7573812750743695,0.7970353127882585,0.9285001231505268,0.8262869197954589,5.372543474955997,-0.2230257179393478
0.8900774964320086,0.8654456561142703,0.8806881052594115,0.9185766276923677,0.8925000012412954,0.6132588910305381,0.7053150532780104,0.19877298913459718,0.24996675680579947,-0.22461286485455745,-0.47622218837232994,0.7507478796188071,0.7844000455872668,0.9150710541507965,0.8300248530569849,5.307857566341446,-3.158731709643483
0.8803190029393784,0.8468002545335018,0.871975458587497,0.9235008170711337,0.9034418405243336,0.6530570229786797,0.7634374856480879,0.17254238697311428,0.29136359516133753,-0.18551370934138212,-0.4259651163600902,0.7513140698269893,0.77711186202516,0.9165762594583994,0.8230315273790973,5.2983590522224215,-4.86869740256843
0.8627947436596952,0.8258977858809877,0.858984551315283,0.9044686852045682,0.8909783982874478,0.6384665163030865,0.7486668065004403,0.1445074696164842,0.2702094839995484,-0.19549634474588418,-0.423635369146986,0.7470050991500984,0.7781764024072177,0.9221328177171508,0.8273442248073742,5.2983590522224215,-4.86869740256843
0.8542211430494351,0.8235406516063052,0.8666045814594568,0.9014471551753254,0.8999972241475909,0.6695890874695087,0.7301866556726114,0.12059984310191262,0.3020642951136843,-0.15441005588388323,-0.3718459180846386,-1.547283744275929,0.7631932689304523,0.9096644819528151,0.8269279857958693,4.343839265485444,-4.951699087600599
0.8931337928269953,0.8393135343621745,0.8661651563296444,0.8937905059676513,0.9263226757756033,0.7026281395643873,0.7134959700783682,0.13709117143166044,0.2841685526546357,-0.16093379940805908,-0.36059771654951167,-1.5642893128648778,0.7876818560108871,0.921855481043035,0.8498336139994158,4.343839265485444,-4.951699087600599
0.9020979446572545,0.9114753771344221,0.9240645762992931,0.9216956381085492,0.9254083814354566,0.7650711649498358,0.7317173175996994,0.13061241215982672,0.341921358392083,-0.09470527997945533,-0.2918935014649019,-1.4872728058618359,0.7482148408789854,0.8985127135774684,0.8142527439428326,4.359931702094259,0.21511657170669274
0.9538512890026457,0.9679695642181279,0.9690628621037402,0.9797231413532635,0.9887040073660167,0.8124838320857573,0.7990467418486208,0.13452876007936604,0.37671371643722346,-0.030746430262401092,-0.20703043956699435,-1.40158428734472,0.7574277179005525,0.895176039809682,0.816617111051815,4.40889341694588,-1.1036046820114063
0.994910911804868,1.0352680960696723,1.026451611574302,1.040648750904349,1.0093024482197457,0.8197497968919628,0.7957433924436569,0.12712686830419023,0.3741824748973371,-0.013468677744297441,-0.18470884718028657,-1.3701378088685816,0.7793389686057042,0.9144561805448183,0.8307190307147868,4.40889341694588,-1.1036046820114063
1.0385128954883815,1.0782867275691483,1.0867818307148485,1.1047375741384524,1.0416051192179396,0.810641381001304,0.7833708560799642,0.10973654050094635,0.36808492580955765,0.025762721783380405,-0.11923050507276478,-1.3372012572659913,0.8049510490957985,0.9330060428996404,0.8484232880988067,4.430422485280766,-10.291613010792402
1.0414746551353171,1.061744399607821,1.1019866830813783,1.1167587382722075,1.028789490052863,0.7884333351472481,0.780093754369236,0.0804608205381089,0.35810426998988987,0.03136165863906121,-0.11421482328661053,-1.3103093848942153,0.8303299289615327,0.9667951969845143,0.8789659549444542,4.430422485280766,-10.291613010792402
1.0341136925512378,1.0503924891514165,1.1138109330573394,1.1245832131756575,1.0234480967028015,0.7002635539744844,0.7601341645113427,0.4515072097746209,0.35714247955437567,0.05514575402629013,-0.08873287042746181,-1.3203199312522496,0.8427433133811119,0.9783956150735644,0.887863581370536,4.283356130289932,-14.728940221032827
1.0153012355946263,1.017751730915725,1.0855278549795209,1.0958134316399297,1.0032063283156605,0.7053456267016891,0.5209944510357267,0.4431975312126975,0.3723996953266597,0.08263277439567684,-0.05248874803736536,-1.2578041267897768,0.8469624467132032,0.9955253784084738,0.901907576960062,4.355834897188845,-3.0840169749286623
1.0282449056516523,1.0506743671933056,1.1057154855799634,1.1162091636268516,1.0415288704871863,0.7166085264524746,0.4856303907754276,0.4134292759883578,0.3344799115297371,0.04986609668183195,-0.07905160502989816,-1.2934090612421758,0.8176240785832231,0.9751849374210912,0.877880855263339,4.355834897188845,-3.0840169749286623
1.0461590931580014,1.075743073557533,1.0924496931124141,1.117129326908109,1.0309582747259205,0.7337559963738334,0.4612753152283161,0.40926858664830457,0.3528093141526958,0.09910508466810541,-0.05234469205080261,-1.2597503844590645,0.7958447739883341,0.9851014843977604,0.8873952293963818,4.343266415163872,-14.505323060465281
1.0231300182685352,1.0032313592788245,1.0346814962002475,1.048395404765373,0.9433369555311946,0.6844685629580654,0.43889552461099385,0.3953613271880837,0.3758976453721167,0.14808409412271106,0.006396236873384087,-1.2292879763089886,0.8308114349731346,1.0554710021273683,0.9306500546326784,4.36115609402555,-14.545216729716197
0.9941605896306562,0.9506686038205486,1.0060170854208192,1.0172363143988732,0.9368741877588629,0.6551532921355767,0.4314901359650635,0.366185455604069,0.35610081346248923,0.13618807381569376,0.012517422041151915,-1.2444108948909174,0.8250749029494359,1.0557567136057104,0.9330068382205232,4.36115609402555,-14.545216729716197
0.9494303377663007,0.9391446980248034,0.9508080782272499,0.9675578047380775,0.8697891670818922,0.6696997830469764,0.4026129009134404,0.3884783317484554,0.3897814927224241,0.1780582602289003,0.04400438037951859,-1.1896926015844733,-1.647979345247291,1.0415154266085653,0.9312250922942608,2.682802168819366,-22.70067362495955
0.9847127347425948,0.8735891140202225,0.8898932156746842,0.8906364272238873,0.8696178327001753,0.42961872937996615,0.42535694517845407,0.4786027761943924,0.43092353504209835,0.2394951111948999,0.13545248208523147,-1.1432998910046699,-1.5261651276382788,1.0437449010976743,0.9858273679809036,2.6217379396578906,-23.352033483107228
0.9665266008325315,0.9142923431092166,0.9283932336060751,0.847864319193274,0.8562098954163688,0.47447477022619755,0.46428736757096,0.4684846425172822,0.42526428449013154,0.2390588688477031,0.16752410220175706,-1.1484939859660606,-1.5678662589729884,1.018671173230544,0.9559050283065668,2.6217379396578906,-23.352033483107228
0.9566911290162963,0.9316969013971221,0.895965782902068,0.8582194661889485,0.8556129394482581,0.5306845274362777,0.4968691123662772,0.5197805251340268,0.4620984866301001,0.3093647480231572,0.26865629750368075,-1.0423320534525633,-1.4658333422972087,1.024127837909326,0.967399321179186,2.671834030694111,-24.813444089068863
0.984771676253416,0.9875609155104218,0.9319201757852944,0.9104917229616996,0.879542321596767,0.5349041188195676,0.475536549460415,0.48681654576413586,0.4315980150745648,0.3103943626799587,0.2951719049886008,-1.0084506814681615,-1.4360250126514906,1.0503852256767932,0.9813148171654779,2.671834030694111,-24.813444089068863
1.036745120107079,1.0460512679914256,0.9893585941325301,0.9834925148062166,0.9200632602014324,0.5448118669773776,0.48311631597144,0.4922945130715533,0.45030558277658383,0.3570889952892828,0.37073330550293937,-0.9172000253010011,-1.3404728963210522,-0.2572093729785077,0.9703366079602379,1.707258434866982,-18.90028446820358
1.16707616129183,1.1562640063408063,1.0847661024464619,1.079268791044505,0.9901498844685779,0.6172306916641708,0.47930200533700873,0.5404858987559641,0.4715747988179225,0.40970928310290405,0.4572540382553386,-0.8407783296953194,-1.2270277834685919,-0.22030871844079275,0.9386010715890217,1.701594269615014,-20.758419211424027
1.2502101430802566,1.2718152927997592,1.2037628458001728,1.150957400045153,1.0196792556840109,0.6349105661461993,0.47299433518791556,0.505410488718921,0.45741336192974724,0.4168697163670051,0.47836176075138837,-0.799507584677393,-1.2151285836461352,-0.1862418526556474,0.9609096127433837,1.701594269615014,-20.758419211424027
1.315001398733247,1.311723623196165,1.2561985740380814,1.2134256451360768,1.0432693963185757,0.6524190078045232,0.5074688794749747,0.5015054428878858,0.47651470083552616,0.46806791560702776,0.5514693589891525,-0.7500874929700245,-1.1661407456167034,-0.13368083345797177,1.0107150049074463,1.6796284627396236,-23.929785964771405
1.3379835656702745,1.3199445085803394,1.2813300746229577,1.2120956390414557,0.9767578269893417,0.634331272351887,0.5020014109575095,0.47577452008726645,0.4879030717778534,0.5192745743224388,0.5702922894821265,-0.7159432309774207,-1.1480186148365625,0.09412759002218679,1.0533574617369852,1.6766474448747308,-23.794475248473994
1.374544444767713,1.3366746574796484,1.3272810913594464,1.2548438002079476,1.0049864027525313,0.6158203131952759,0.47257407444489763,0.4254060900471739,0.4577441827436257,0.5064244586546043,0.5646683532665265,-0.7042478263030731,-1.12918607343719,0.134153106820175,1.0888818405157914,1.6766474448747308,-23.794475248473994
1.392177876326825,1.3049233941459542,1.303095666050864,1.1937208180586267,0.9436502740788597,0.6069168762230533,0.45403979249485404,0.417819720652578,0.4836111702226606,0.5293373775828387,0.5183229805611487,-0.7045263146362486,-1.169161423529106,0.2691568404211905,0.2686763934335962,0.8820406029466383,-33.997659206648244
1.360242130831848,1.1956770426886831,1.1887390934550017,1.040674300942186,0.8942104865974088,0.6090731417921066,0.4800946860720692,0.4520356846362301,0.5090414069477833,0.5625436415495793,0.5168710278243138,-0.7039950678021899,-1.1539697380875218,0.40216973454566063,0.3796107309438147,0.7862898416442969,-34.66616479973956
1.3306694422048548,1.160713288405511,1.1717127633414441,0.9837652149055239,0.8802668063645663,0.6112815022212382,0.4820313696965413,0.4146406869515692,0.48442683795395475,0.5438738284783324,0.5170447220232319,-0.7213024532287873,-1.1695140381168374,0.4103449371255876,0.38505884190718764,0.7862898416442969,-34.66616479973956
1.2567631928415925,1.0910041758037616,1.1111547974958165,0.9037447616663845,0.8600025982862484,0.6703328632474848,0.5009873331202696,0.43317808002540514,0.4968175617866417,0.557396551789091,-0.4012798215461544,-0.7136452174735518,-1.2035377345889682,0.48195987466087353,0.4473715347961678,0.4661224045365322,-22.27847292003171
1.3052544859534057,1.1640397867563126,1.133544183981745,0.9403402661590718,0.917650104505563,0.7105462663409249,0.4695018412226052,0.4310264445925449,0.4687246759553264,0.5432214835692233,-0.39978881773015,-0.7311235950940109,-1.1997793359337747,0.4819714998929948,0.44820590915913533,0.4661224045365322,-22.27847292003171
1.3250542166620576,1.2005320672103184,1.0568575030427072,0.9680710018581968,0.9503901733891141,0.7855767879389335,0.5177396525800487,0.4805189963676175,0.5000487275854927,0.570238913650506,-0.40236478256830965,-0.7259499395851399,-1.2687974169679546,0.5714353284016775,0.5219822049319469,0.23046048497124394,-22.99756827650102
1.322888605724234,1.1630455439242395,1.040629517891582,0.9982118430745219,1.0012405266462996,0.8143559688096194,0.5605401775230981,0.5020194057619884,0.5132738294914956,0.6020679549402681,-0.3863848223051324,-0.7781161816923237,0.3106223555174915,0.6837329769025712,0.6445235399955338,1.2138556651633863,-18.298189358569857
1.338036779345116,1.2356962918291656,1.1292324501779287,1.0828731160257026,1.0185266849350298,0.7914332645948996,0.5712577201739949,0.46584579673703996,0.5207441568856986,0.6214045049333303,-0.3712977736662351,-0.7436689763779092,0.2949838322566512,0.6871937965749635,0.6383493346921024,1.2138556651633863,-18.298189358569857
1.3105805373677648,1.1860611410245203,1.1428577739243857,1.1499951383843272,1.0719680030164274,0.8135420959465051,0.5836231226881642,0.4580432314167523,0.5013035110166042,-0.35974612093732744,-0.4177523181876454,-0.7866219124082995,0.5144444542469908,0.7925319949656636,0.7565164635153827,1.3132242570201904,-13.455185618476058
1.3014041288691451,1.202838609579807,1.2184916959277503,1.208788717025162,1.1510308571468106,0.8312259728608444,0.5883614363285053,0.4400864423684048,0.5056870579929392,-0.4053566876003314,-0.49553713378223135,-0.9424791599058069,0.6053439155021373,0.8664543356310027,0.8254835735279182,1.3806423611869332,-12.556758986727381
1.3086880220732666,1.2002710960583145,1.2317635287223976,1.2186288554569757,1.1490871056140017,0.834029947431601,0.5960266472777024,0.45137097319093744,0.5229874597873934,-0.3958065625024222,-0.5159316462780653,-0.9440919154009879,0.6052080133259349,0.8738168750316275,0.8425359897950361,1.3806423611869332,-12.556758986727381
1.2701908058554814,1.164706777389167,1.2135906017111218,1.227013841796088,1.17068933049646,0.8318506277338564,0.6182040169182136,0.4718153068296088,-0.4594476011923298,-0.41666930206719593,-0.5981910260252826,-1.1123452330051153,0.6830747436327453,0.9404470398828844,0.9027997087234567,1.8435115424978132,-20.7818329089806
1.1737374579776307,1.0628563095076053,1.144375966440834,1.1779700694289532,1.0990338388720287,0.8065666308175831,0.6020779602978046,-0.506728574512584,-0.4476158170651893,-0.44121502956866804,-0.685629585758393,0.5661579595624034,0.7357801357761812,0.9918909408595737,0.9604398102023096,3.0279747756695627,-8.045458691807012
1.0800905420207407,1.0098340618774713,1.1021302868816552,1.1680474081259127,1.0846572593496293,0.775490740138953,0.6053779203252778,-0.5236952105483187,-0.44577336041371934,-0.4557026761348033,-0.7290233702870845,0.5261865987229803,0.6726501607670599,0.9351634760361363,0.9044549355936122,3.0279747756695627,-8.045458691807012
1.0329708749878965,0.9705554715389139,1.0521853770005305,1.161362065592775,1.0755019474762253,0.7508299354882579,-0.30871088433547683,-0.4593654946940542,-0.41502081905193533,-0.43423290440870144,-0.7844287103449498,0.5035637421973249,0.7136252038729148,0.946709877737231,0.9058242538476367,3.295992140021169,-1.7550986788486476
0.9945570454319916,0.9386122939671783,1.031970964578784,1.1103828148847434,1.058030673371522,0.7399747871464083,-0.2790212157112998,-0.43221774714814765,-0.3839226962007041,-0.43213169358322856,-0.8126689483452618,0.44963690910424203,0.6604620318846818,0.9035794203777768,0.865424468495918,3.295992140021169,-1.7550986788486476
0.9558803027416096,0.9079637601469686,0.9872168940007018,1.0673440009760493,1.032965397991928,0.7507407613085095,-0.2293447903975782,-0.3305901573835477,-0.29307275089696305,-0.36411764674707625,-0.7784276633648565,0.5036348215481438,0.667125479585073,0.8888327026768439,0.8492935910525632,3.417839271398323,-2.6545840213128087
0.9229524570822173,0.8765802185746405,0.9631989166509816,1.0286456082631434,1.0151746017307148,0.7519293729623133,-0.13706319303739906,-0.22754947844640616,-0.20030583544289166,-0.295247963936365,-0.7242492056738168,0.4804573874527422,0.6686316894775766,0.8656188050437978,0.8223331777853355,3.512661740323055,-3.760499552339871
0.8516129123778564,0.8187515169158799,0.9015386495508332,0.9653115329320192,0.9715870267927657,0.7692561340719462,-0.07636250731019667,-0.15694957762196132,-0.1479358338134643,-0.2660541817896437,-0.716619087816875,0.46172839346855293,0.642551002272227,0.8162684048983819,0.7915622260525285,3.512661740323055,-3.760499552339871
0.7965373655065447,0.8099893694700155,0.8975501145544097,0.9483913697191142,0.9718054721484455,0.7986631196900996,0.015481404803179777,-0.04674962001136079,-0.06246595693619303,-0.19972590282123878,-0.6710151859641489,0.4390632468143653,0.6446218246095852,0.7901013372882352,0.7624623593227402,3.591632198282669,-4.62098271587214
0.7836460379661851,0.8249970576099852,0.8932296967775395,0.9438337980290934,0.9600208752938099,0.8292292425669148,0.1049207026083872,0.05743192013554399,0.014610207719592788,-0.1321973565313643,-0.6177354894156077,0.42530943554518164,0.6431148523138548,0.7707122384893569,0.7376734311084558,3.6960005542492222,-5.819856398463326
0.7375973963138038,0.8031060922866899,0.8654256243426804,0.922540162939407,0.9400897522803646,0.8478671684887608,0.14317587355061395,0.10572916394275264,0.042414090033730534,-0.1165240739843571,-0.6137389550594966,0.41708364070891124,0.6246366076157736,0.7277041784073572,0.7043028154301787,3.6960005542492222,-5.819856398463326
0.7492046165633592,0.8372802929251391,0.8839158347958737,0.9403652765992643,0.9655306354132709,0.17170587778555807,0.20733042649073552,0.1775034014961108,0.10975789008768211,-0.06807343903925103,-0.5714588943433907,0.4064036598764784,0.6430336639350355,0.7234346943277705,0.6975032680884645,3.6382816703900156,9.373818282633081
0.7975063267822766,0.9396706540684845,0.9555525116729526,1.0164219432555033,1.033829001033211,0.2184846532704552,0.21222616963447027,0.2246460991960447,0.11872628296497287,-0.07026733635466431,-0.57723217518149,0.3744955949557959,0.6037930976510818,0.6619794800688652,0.6432332485624292,3.6382816703900156,9.373818282633081
0.8961287048375428,1.081690472280261,1.0409984024147363,1.1003719684236855,1.0460356195361702,0.28076174529250014,0.2775644442286118,0.3089442767013253,0.1786580243128283,-0.028900079108256038,-0.5592052558920457,0.4027834149236139,0.6445160350581549,0.6869174017233528,0.655212563586434,3.6731023024581146,-5.477812444900382
0.9291333386612457,1.0535801649391927,1.0639927257947006,1.0808329398988927,1.0172415488291195,0.23077408437412184,0.33530627360271337,0.32608330270057223,0.19684179501734492,0.0035326909817576246,-0.5756157138256818,0.6624232046174139,0.7404340186624472,0.7530340931721919,0.7185958718360306,3.9029114468495525,-4.794216719971063
0.90806236320419,1.018488501305045,1.0816312088410047,1.0946117484978268,1.0294640311310108,0.1965792772674001,0.350278485325474,0.3148679222512633,0.19655471051571105,-0.0015729367065411004,-0.5687502833516824,0.6485233048269692,0.7204988262618808,0.731920747935872,0.6986233153692412,3.9029114468495525,-4.794216719971063
0.9325600239077438,1.0198377642677792,1.079045286307605,1.1112358333474064,1.035616555870606,0.21276720284581785,0.3369934869643985,0.31846463066643904,0.19722927710164836,-0.020321396248026133,-0.6106308905262576,0.702726267970157,0.7443531146526526,0.7614206497486374,0.7094729931812165,4.1327333784700375,-5.28876941611466
0.9119576970026163,0.9993367852923517,1.0677464205867406,1.0998855148530748,1.0259428862488598,0.20379732169276843,0.32249565297626814,0.29660390101974415,0.17968071806159291,-0.04382911770522385,-0.6421047941342064,0.6898749231875916,0.7269999530968212,0.7507433683376952,0.6891804386646883,4.1327333784700375,-5.28876941611466
0.9202151946507792,0.9904193987501033,1.0338046992636305,1.074932515860405,0.28902465521286713,0.19547422512589907,0.325567726610969,0.33109933319161133,0.20353403261152622,-0.031483823421867396,-0.6323009275477489,0.6810103495967726,0.7605813619875654,0.7738117389301974,0.7226620965809811,3.9481454478084235,-5.697235107110256
0.9437435272492328,0.9730982992403663,1.005735204960633,1.0390329843742478,0.28366939332603497,0.23057450283990488,0.33575722219801307,0.36286371469297973,0.2274884900433318,-0.004675992945317786,-0.6044542429005842,0.6712306186837995,0.7801994147497191,0.7984172671397713,0.7381836188056639,4.017255247345904,-6.690049413122202
0.9302879184916871,0.9524197353942192,0.9802016578709271,1.0047482917014574,0.264074674076722,0.21752253098889834,0.3278366145617317,0.35029750446310265,0.21861117391942592,-0.016651274518395737,-0.6089451703397013,0.666625423511771,0.7698939052595326,0.7916579597349251,0.7270295418894119,4.017255247345904,-6.690049413122202
0.9452029855578843,0.9613449515865562,0.9512188021040693,0.9427097436405139,0.27493602277538776,0.24833634372409663,0.36290733060867864,0.38484012891036246,0.25167029877941416,0.01727929165599268,-0.5575494060182529,0.6651315856079453,0.7978517906576219,0.8238893031019163,0.7699033008789793,4.105777824119708,-7.777770830127379
0.9429245981352444,0.9571650530667778,0.9388569499298585,0.9311856274356191,0.28873718548289906,0.27314709028905504,0.39132748207708357,0.41353278071141475,0.2908317890737985,0.06164977918573894,-0.5056785028387125,0.6673950106248885,0.7954872759392311,0.8517793431718319,0.791201435881623,4.149002690225817,-9.044760498191396
0.9384164558686907,0.9440702314254069,0.9267641781864481,0.924512292816098,0.2827187874842487,0.25671840197114393,0.37804149977822943,0.3970542534824082,0.27955638615738704,0.053098487652991994,-0.5041890773819953,0.6699992835192143,0.7984062819856945,0.8560695507286347,0.7915072730463043,4.149002690225817,-9.044760498191396
0.9447320276818733,0.9438251999582763,0.9310316224614714,0.44057898880358626,0.3160800777235555,0.29301092119985533,0.4078518812761212,0.42781418922165576,0.3107729280275979,0.08730133674619808,-0.4519587826307421,-1.271193079839054,0.8297973010043964,0.8808098221424239,0.8245048304958756,3.218508284851155,-11.237842178968549
0.9862691127570423,0.9476368763475569,0.9262075886415352,0.4271476809097793,0.3367681829881643,0.3156789052678992,0.3959622155547857,0.44664045814565545,0.30144536337680383,0.08033654551097161,-0.4411599002360343,-1.283056912448753,0.8555222698050124,0.8977753931011496,0.8484278919637271,3.218508284851155,-11.237842178968549
0.9976547746646449,0.9896858687421635,0.9060729438406331,0.41695956587883176,0.37468901414686273,0.37235205929958387,0.4553918041653805,0.47983556567616115,0.35399527892407584,0.13028671563073949,-0.3747428876739788,-1.2268875684846772,0.8541915989599268,0.9148556678094178,0.8608304437414532,3.268990256734363,-12.28313389522614
0.998863287859673,0.968206468170812,0.6314693269058315,0.4325818382880089,0.4024823296765273,0.41895510334502384,0.49320853346739385,0.5201386529801417,0.38433327332258505,0.18661811830938305,-0.2804469801554294,-1.143974284636616,0.8803373902141407,0.9289520959337003,0.8766446961051607,3.168045435804281,-13.154833990727914
1.0241224130701032,0.9975190686420734,0.6590365230660777,0.465779789092692,0.42274616401365284,0.4168312124066851,0.4806722748370048,0.503915313946109,0.37024158105731275,0.18524622199841326,-0.26488836599925747,-1.129980905157395,0.8980307373446587,0.9469741063277409,0.8870750870689441,3.168045435804281,-13.154833990727914
1.0270325835479457,0.9748554079935535,0.641683676464638,0.509578164361714,0.4897210124717376,0.4591560783437333,0.5114993694608739,0.5227094993541501,0.40423689423576814,0.22888849079776563,-0.21573618359126256,-1.067740550744051,0.9152251206786295,0.9958752623857288,0.9290865625953918,3.142994622670651,-14.22247035805022
1.0543218780562889,0.9969057297541307,0.6695668683689322,0.5427764460608558,0.5065415569765794,0.4495344558743198,0.4887392133171836,0.49468784738602983,0.38393085677001787,0.22001469158287457,-0.2145204672227644,-1.0534950907395397,0.9306383831456805,1.0176217840679018,0.944168894523023,3.142994622670651,-14.22247035805022
1.049201923950563,0.8550649881281206,0.6967968026090134,0.6045542825123625,0.5694609791653042,0.4738360875542299,0.5022933969641066,0.5085856791291765,0.4146005142118632,0.2562558798368849,-0.16293123854983138,-0.9918092085364959,0.9418664480346477,1.0346053784421567,0.9843445065900066,3.0861169752596433,-15.412142924865435
0.9865762081624931,0.7729426731174526,0.6794461990258824,0.6443214049067678,0.6130257982017939,0.5121925080300469,0.5207759300526427,0.5293275329521127,0.4303848579795081,0.29635738914386267,-0.11445019785498667,-0.9246997193387054,0.9483634992326087,1.0695270555458039,1.0054330926023336,3.028776022252381,-16.657265466296902
0.995535516409362,0.765181090826617,0.681103105720418,0.6423444392716663,0.6146044932940975,0.4979387941044149,0.5000902431176515,0.4993798977437168,0.4105082978971406,0.28306784966348075,-0.12013011134297791,-0.9233438270199763,0.9565238354404416,1.0894676035861195,1.0196178748429858,3.028776022252381,-16.657265466296902
0.8922227656911055,0.7232279813099982,0.6764427699116261,0.6656549244706808,0.6570962106347242,0.5246930379133423,0.5283222876889049,0.5118913409103016,0.4413568112380524,0.32034227631520623,-0.06332198750525553,-0.8575351907041213,0.959313410927799,1.1048387297732472,1.0543094389556855,2.831297485678024,-17.825861023718883
0.8388575417593482,0.7086887655013202,0.6642782825211808,0.6871602868207036,0.6939468889973902,0.5672004316695369,0.5549155534496689,0.5380024203326857,0.4656700513560326,0.35518937229721836,-0.01354052586666532,-0.8188004034756817,-1.0722395230949755,1.126927507173155,1.0697982446441552,1.486047592783379,-25.26621983679535
0.8733386433607796,0.678789817188115,0.627041256865159,0.6275454546633901,0.6979759166651276,0.5992153299049365,0.5540657060592022,0.5647404829858473,0.45919367978577186,0.35487253130973895,0.009985937501214459,-0.8281115075760308,-1.0266749676519362,1.1647821042133073,1.1193280095976728,1.486047592783379,-25.26621983679535
0.8334253652077166,0.7056599455301599,0.697881248981444,0.63362743741655,0.7292167218690819,0.6752781357991087,0.627231678922481,0.594705180950282,0.5046485557810909,0.40021672252038837,0.0921895061197609,-0.7695064940842612,-1.0234300826692122,1.1466813028024434,1.10372779198334,1.5503740711572913,-26.568730989145816
0.8200956390215288,0.7125694876891693,0.665768195971143,0.6411399143191896,0.7233291288491687,0.6955836150459046,0.6160759879485151,0.5898154875995275,0.48888446801021934,0.4068090300979787,0.12046613446776927,-0.7292132419634645,-0.9910528909840217,1.1604816928597548,1.1213491437500283,1.5503740711572913,-26.568730989145816
0.8415344596513816,0.7560773873233744,0.7204771749787815,0.7171719440057761,0.78636345769521,0.7331965519671592,0.6336178576043151,0.5970675754060015,0.5034582712933097,0.4393157081569696,0.18679788280683973,-0.6627233350531603,-0.9277400660099133,1.1858399753838706,1.1368959850982874,1.6569391096241297,-24.548266506420394
0.8809382315045928,0.8189003597992068,0.7988358297280673,0.8207162383175275,0.8526038289138257,0.7630020156045323,0.6387371313277397,0.5922919564287387,0.5079230272272778,0.46879749458628833,0.23420530538399367,-0.5996830140523993,-0.8768109484979798,1.1503565425562066,1.153703654070472,1.681551955538854,-26.002792019541452
0.9270787621663187,0.8558072522670115,0.8403237745014064,0.8754267326117453,0.877586908286009,0.7441374841343658,0.6011991819588391,0.5478558593519828,0.47777153364129504,0.459451303234761,0.23475161056656163,-0.5732174242859904,-0.8472755261554072,1.1895519615293086,1.1837442344939846,1.681551955538854,-26.002792019541452
0.9671691641281615,0.9032965968544049,0.9098135844461918,0.953256905651842,0.9375591148473932,0.7548466056593653,0.6012103480651501,0.530904496216725,0.48692590382503886,0.4828184506779122,0.2742688010265816,-0.5176477198464902,-0.7877944226224303,1.2256465817671365,1.208768365427366,1.849314811391995,-19.514784389371975
1.0129120044252273,0.9534410271333063,0.9667666629967764,1.0123207346963534,0.9757256753548204,0.7418496600638771,0.562395240506204,0.48680075056216343,0.4578030924086022,0.46370891682152054,0.2577485385135941,-0.518555815018558,-0.7897261208432761,1.2414867010421673,1.2171502861561305,1.849314811391995,-19.514784389371975
1.05124775558417,0.9975030348413774,1.0240082800148835,1.0674812981130244,1.0117457312834295,0.7540005031850796,0.560948111913107,0.46316278481647855,0.4462036464057342,0.46044001362434156,0.23763627604549625,-0.5072924645306841,-0.7326288985854698,1.275039052656137,1.2442142616874186,1.9834048968371532,-31.186271473172734
1.0238701707395281,0.9196787397219248,0.9892887462600262,1.0220273597676541,0.9834201447385605,0.7103976883709551,0.5732078676073512,0.4315579905133804,0.45022575097248363,0.4698114531485588,0.20361521005499889,-0.4892238919311121,-0.6744215882855367,1.3238412388698122,1.28301943036779,2.001324907178545,-31.42649783847174
0.97859308799834,0.8342258671280673,0.9410663761258781,0.973941724965231,0.9685808415396074,0.6733582200160013,0.5578990622750639,0.3930439408263381,0.42714135299029854,0.4475757789281457,0.18973914885476073,-0.515146485265644,-0.6794181205737,1.3335199843973473,1.294417003039507,2.001324907178545,-31.42649783847174
0.935156787171884,0.8233824304817372,0.9125480499363529,0.9591935975192774,0.9460453559329407,0.7061339152744096,0.5521000223180911,0.4005755899966199,0.4172389792927579,0.4424487795437489,0.15928330206393537,-0.523834815170055,-0.6580934544831365,1.326451427668139,1.2888958024738084,1.9879128662740104,-31.931628642604856
0.8878608248886041,0.7709708467854456,0.8470388196125347,0.8964388624267816,0.9150926377739352,0.7082419919713882,0.538579071650813,0.38637893058929695,0.40033515727955993,0.42487501192220867,0.13870479470159092,-0.5420980710418466,-0.6644639433205031,1.3252611274220947,1.2879522682818156,1.9879128662740104,-31.931628642604856
0.8695236580762596,0.7356187452111965,0.8159573141037039,0.850179914320147,0.9232997934458135,0.73145555438187,0.5520753314834738,0.40955122289779866,0.4339733769808243,0.4533433388542696,0.17593479824724206,-0.515563564993868,-0.6505163173646419,1.319944957168809,1.2836077128440313,2.0353637091416434,-30.521010702488134
0.8697249042065415,0.755952928874903,0.8030030435954403,0.8467112927617568,0.9073704167487777,0.7559035986639726,0.5741682181578054,0.4399803023419131,0.4508750207501342,0.4746932316770097,0.22264837311266827,-0.48245977072943635,-0.6232140231034173,-0.49210342842037375,1.2000723717467694,0.741165970417264,-39.6997999493311
0.8866031252310083,0.7152112093465159,0.7424832837350581,0.7784352722441885,0.8960331839135425,0.7869464360801783,0.5808034120387973,0.4839152122044905,0.4543429384445197,0.48608212872738543,0.2532452994066706,-0.4849212464369317,-0.5711341182437373,-0.4618955950339929,1.2475839856213782,0.741165970417264,-39.6997999493311
0.8706695448204202,0.7539723331411202,0.7847036402852167,0.7810009023021789,0.9241349666930607,0.844071741906772,0.6500409998730008,0.5081403573018273,0.4863002738092268,0.5326076022620226,0.32592541598761127,-0.452692947019572,-0.5764873226529443,-0.4630277493790113,1.221149696257659,0.8394966469702099,-42.91122910632133
0.8713334807683795,0.7973232445930446,0.7927522393502588,0.792148513160436,0.9398165975450403,0.8988067598303546,0.6711216385593964,0.5351288625718328,0.5117497241341502,0.5674901739934359,0.3781622889167835,-0.38079634386256783,-0.5166522238158922,-0.4332859072710366,1.1049107824681053,0.8448990268943879,-44.27928414882961
0.8822759611542814,0.8263133072066411,0.8175115439970801,0.8330712807679884,0.9611270870292017,0.8977245699913121,0.6527232356655267,0.5059425067207848,0.48326983195871476,0.5629928910244839,0.39584373871231393,-0.36181988506824053,-0.49407464964799075,-0.4154946741348021,1.1143088731401025,0.8448990268943879,-44.27928414882961
0.9417242497808176,0.8761464977450615,0.8698985970996505,0.9269589045380894,1.0163782438262066,0.9236721733922109,0.654476116497082,0.4977032166630595,0.469835997236264,0.5870526146989118,0.3955368090113639,-0.2973258570002525,-0.4487954520021744,-0.37091627227900836,1.0677123796547918,0.8840522087004117,-45.709314657295856
0.9756798331603651,0.9085791817792132,0.9110913271000594,0.9766733928131504,1.0386423511733078,0.9063023538632288,0.6124655537758722,0.44563774652932453,0.4285251324216641,0.5681808611939898,0.38959229153759434,-0.2785899959361815,-0.42853159406772484,-0.34308181317217373,1.0865363174173344,0.8840522087004117,-45.709314657295856
1.0157241826456578,0.9647078162899796,0.9872619891337624,1.0182560666500557,1.0893603871806845,0.9081347190736037,0.5909745502981025,0.419292648942854,0.42257565104643646,0.5766980494010139,0.48901438729248703,-0.2199232020086295,-0.3801147270032689,-0.29123989721170357,1.036377275401841,1.0924502434860694,-37.00128687104543
1.1052631933940757,1.0362219911942008,1.058952266711016,1.1258710251129012,1.149659666192349,0.9144615796266645,0.571304597548195,0.39789350007942903,0.40629942258108054,0.5918860856719512,0.46848219667523894,-0.18572427998220095,-0.3615146248369776,-0.2451042757679287,0.9818854017323981,1.134619461629983,-38.06348302226933
1.1504868218882565,1.0650141364738173,1.0857045113956643,1.160174052084498,1.156340224955192,0.8935950528648864,0.5312467606693261,0.3617782563969716,0.3853359245328445,0.5850286629773592,0.45586390830335943,-0.16476340672848208,-0.3348658800307076,-0.20761523136056265,1.0128564598865633,1.134619461629983,-38.06348302226933
1.207335884040798,1.0951492456549659,1.147204609091962,1.188064903781917,1.1835766024989032,0.882637800105176,0.5446140795815775,0.3288526387744104,0.38914920289592814,0.5807998839988373,0.48245961681719507,-0.1625063850748933,-0.2808353002874311,-0.14705601317962402,1.0167787769865184,1.2308173477459756,-37.2389139897661
1.214439925012466,1.089885437130647,1.1581507267374487,1.1896954950133398,1.1814577883947441,0.8640930714754524,0.5341037514837925,0.3064068007780304,0.3839075073272833,0.5776677660888454,0.47524400790026317,-0.1647879786649547,-0.2816072416625714,-0.1337079436257781,1.0304368042426266,1.2308173477459756,-37.2389139897661
1.2121291159329313,1.079318434280897,1.1508440884944562,1.1996618504478196,1.2049491785213888,0.8592499699359814,0.5290921176003358,0.32364812465491166,0.3967780831664013,0.5818229057191942,0.4546060836885406,-0.16322395716521326,-0.24065186299915642,-0.09532098646197462,1.0445953276067765,1.2951010801620475,-39.686869870975606
1.2111339153088951,1.0631729596401658,1.1486656122928038,1.16672606977049,1.1843564343307313,0.875889145764341,0.5573809419867876,0.32245485063269874,0.41128034032044913,0.5892225506496105,0.44861229139390135,-0.15858457715141333,-0.20515704814545346,-0.062235745731928846,1.0528237821929527,1.391094329874449,-39.87800912384892
1.168605945936483,1.0176356907266726,1.108385421573587,1.127007234265492,1.1617316162561413,0.8719185202518611,0.5659907489222575,0.3228311074501369,0.41515281375380164,0.58909037198144,0.44090343352727535,-0.17279871565704344,-0.2148806473021891,-0.06898185601165377,1.0511072899868186,1.391094329874449,-39.87800912384892
1.151436582286319,1.008930508211212,1.087158118177543,1.1147660390240113,1.1551968574491163,0.8866253790080747,0.5777329268904728,0.33624501955782593,0.41798111123309367,0.5834809822541285,0.4296772400857317,-0.1715685976440294,-0.1837659204535746,-0.04406959509916815,1.0451331732586966,1.388999335391547,-30.848271954396317
1.1740751145197224,1.0589140546199474,1.0909146808768813,1.126420229365974,1.1929910031231916,0.9396527137889052,0.6000057357627968,0.3631507974941308,0.4228680385855804,0.5694938301044467,0.21420152383144486,-0.18287031201216752,-0.17238278079343408,-0.04751676524347706,1.014581736042834,1.4144964129425799,-30.777603884284886
1.174316583295255,1.0856008221382285,1.0867357914512779,1.1239499141733607,1.1804437238128116,0.9664936803899765,0.6209218564960362,0.40077720135274486,0.4494361600864605,0.5925844783624421,0.21984893177800302,-0.1736718463173557,-0.17286041802135993,-0.05881640024675917,1.009794725301412,1.4144964129425799,-30.777603884284886
1.204059666153705,1.096291720164046,1.1209296510088802,1.1461302208788366,1.1806083548786093,0.9638742012163621,0.6661670402940224,0.4149766797447174,0.4302807996031942,0.535425957170411,0.07130034708868635,-0.15469665319616294,-0.12873009552286596,-0.060802331327739156,1.0665314710482838,1.5043579938170506,-29.62360203791954
1.2033837005105128,1.1149799568361431,1.1411443717314098,1.1634057079029354,1.1849296014336472,0.9749659874714494,0.6968814621718081,0.44633992629882135,0.4578965248226817,0.5589738591105597,0.08623929896631394,-0.15191229523579095,-0.1368069913656437,-0.07783234037225623,1.0574605488105582,1.5043579938170506,-29.62360203791954
1.2038664255349343,1.1331313824702436,1.1604090525848065,1.1802977943244388,1.197272701189949,0.9877983426564936,0.6885790411318478,0.43292222897070376,0.4103547841664914,0.46114883503346343,0.02015057016317584,-0.12254787883930304,-0.11140166625583886,-0.05773978546075978,1.1099991161909326,1.6294890824329826,-45.32330852020975
1.1406831717232815,1.0489571242050812,1.105610509383777,1.1186159123934116,1.1287502285656332,0.9669982479176535,0.6969894638724824,0.3763711587829661,0.3299079868978454,0.4818443402415395,-0.0010293451574872325,-0.06619887614477063,-0.06508108245304574,-0.04192291685390833,1.170841158528688,1.7530563068576495,-43.28735439215995
1.0792505755533326,0.9743774071191504,1.0667999049795203,1.0882130577847073,1.1272299199840086,0.9481578401440792,0.6986004479324245,0.36036486277753754,0.31158135368861917,0.4599581614097771,-0.016048413874047124,-0.10259620690440721,-0.09023328020541377,-0.068888245247955,1.1481925667663073,1.7530563068576495,-43.28735439215995
1.0393409735127406,0.9519558646204763,1.02150324589201,1.060668727508777,1.0925640188053525,0.9112837432719596,0.6237101357249661,0.3586561770566814,0.2857678111144596,0.4305405281893235,-0.038825347317458014,-0.07628029667073596,-0.07732382479320024,-0.0661493866863204,1.1218849316337542,1.8182777854910883,-42.41309289480547
1.0085236270379325,0.9231994865969902,0.9796013880865517,1.0246488574130117,1.0773829473900762,0.9111569446070114,0.6050937391289644,0.3456281551099044,0.2631742430242947,0.407938124645103,-0.06328925268052488,-0.09490859154661746,-0.09063648000267932,-0.08192033668870183,1.1026772604853643,1.8182777854910883,-42.41309289480547
1.0160673889388718,0.9017086985903753,0.9450815978699116,0.9993131501147067,1.0684373955550488,0.9105324141420951,0.5872951911586084,0.36619760804202706,0.2559678234578303,0.39381560546525485,-0.02027704772144645,-0.04774453425707939,-0.048788876972851336,-0.04547225606646474,1.038528061802388,1.8856904951936837,-24.713982251279262
1.0793051496163864,1.0387919629906504,1.0256659779804098,1.089077296569631,1.1588174951277082,0.9559381699742568,0.5931986839622234,0.40697573211067106,0.28446687265092585,0.37826946265999706,0.02651923750864127,-0.03191170901383894,-0.03567519081687495,-0.042133067704598265,0.9980621737520868,2.007283250534157,-25.58917481799508
1.1368103191425762,1.1210023622973344,1.0681963900598748,1.1347049415367954,1.1581970633787133,0.9686540857752481,0.5938309356196132,0.4312599465310498,0.30801358352527797,0.4062343907777409,0.039197616418409686,0.007764202993903346,-0.01724734799645744,-0.03279892265002947,1.005768465923261,2.007283250534157,-25.58917481799508
1.2059786431101096,1.1660528980889038,1.1301630627180996,1.1758832891447177,1.1954766892553912,0.9530282109354029,0.6407827364726489,0.38068455897502673,0.24754341908512145,0.17624327439575654,0.10634442628682916,0.07316786933870784,0.04711265028476813,0.005807727849466177,1.0272048498119273,2.147736640284056,-23.200382998416835
1.2550284858868295,1.213006340814904,1.2039092536490732,1.2380279154901923,1.2186304324483643,0.9318167886111429,0.6199597100898394,0.3969719727278913,0.07016056585062425,0.12739854825000102,0.14023217609267538,0.12084987018762933,0.048116428707266956,0.013562156384452212,1.0258021801507518,2.257857903381775,-20.59322002827991
1.2830619844975626,1.2503047750967669,1.2598564736989741,1.2901539742020223,1.2424705280624926,0.9382575317409992,0.6404596307569612,0.4200347743587045,0.09693804617222124,0.14604194848360963,0.14190722359580002,0.12367797165829092,0.04340276520702843,0.008772307384274564,1.0261680883031195,2.257857903381775,-20.59322002827991
1.2947720547380357,1.2632339505975905,1.2924492158931065,1.3115369920673796,1.2152408176792875,0.87989136856171,0.5676226532577996,0.14738014688606105,0.008552509360424954,0.13429971668176854,0.16662170071247978,0.1502759087343746,0.06853154989919824,0.006840592692427858,1.0277678028162727,2.4280930618795393,-15.335026806394644
1.2985644283624498,1.2832125255658073,1.3267973191682394,1.3358086740650623,1.2315338294070566,0.892092259951299,0.5946109857436372,0.1759889520334823,0.03708939202796735,0.1468426526072351,0.15822401122866225,0.13373544577655713,0.04345628340740129,-0.016422484362750317,1.0091439879192006,2.4280930618795393,-15.335026806394644
1.2913491696702981,1.2747282868393575,1.3172003377073658,1.29911717334899,1.182917791261556,0.816867313329091,0.6244321237160662,0.061652821149310366,0.024912513027638417,0.16606907324387427,0.1850147589565697,0.16125310165964596,0.0465012307387411,-0.033356747175694854,1.0042704724265328,2.4717805029550837,-30.92981309390616
1.211243954274821,1.1548813309463632,1.2341748896512947,1.1769166574835963,1.0486060936856136,0.6731844659031979,0.3464578496901449,0.022617588287553225,0.05592550680006014,0.19479025796609728,0.23340158980152736,0.1868611213748399,0.06098215837412177,-0.04716038922054788,1.1063071126389334,2.5735741071062552,-27.191474087203297
1.1358399999125681,1.06791246202728,1.172967141851341,1.1178356209838922,1.0372961395243157,0.6650933620657542,0.36883522515502964,0.03349651927334407,0.058648621000958245,0.18065032736173559,0.21955279024857077,0.13891173040736243,0.02149763883763492,-0.08968779252141168,1.0719362940129635,2.5735741071062552,-27.191474087203297
1.0537819413655027,0.9891803928450493,1.0495167115277757,1.0224632654454238,0.9336950201430906,0.7108446996545206,0.2627716629678312,0.06587149501745593,0.08189057813194967,0.21226297972385344,0.2246120369455663,0.15358171471414606,0.03307484252004578,-0.1200510572580692,1.0378184179906074,2.5493422451878596,-23.469774032356757
1.0240386653831097,0.9704304641278475,1.0023896462217594,0.9817813516586654,0.9256011342803055,0.7305302976067616,0.26823776289173573,0.0897231464875512,0.0837407213178083,0.20398178414635654,0.2122053604128593,0.12818108013825347,0.012381964664487155,-0.15159578222599168,1.007715118856563,2.5493422451878596,-23.469774032356757
1.0077854240940585,0.9677671305051712,0.9580424011338268,0.9480679611028089,0.9077511055011864,0.5220814924828552,0.2788331395656809,0.1606819789291951,0.13431436287402143,0.25491314983353214,0.25927058425030947,0.181131869950083,0.055350640861717204,-0.12023859021065364,0.988095184870486,2.5701077959244065,-8.304311269499173
1.063565349388724,1.061142014265537,1.0114193878107982,1.005267516835647,0.9306554045104467,0.5494579246300879,0.3163788601000523,0.22839227452701083,0.18184681185930396,0.29987195388783877,0.3201196793833012,0.19859299004477327,0.06924532178272125,-0.1175012936790445,-0.590288720702416,1.3660416324459863,-14.772673278434333
1.161050200013464,1.1314000247313467,1.0379272700322026,1.0213911003882483,0.9520800048699563,0.6093936271780771,0.34509671199749115,0.3198192447883157,0.2266102464656088,0.3446616244192978,0.36478893637804494,0.22820364932046872,0.12610825528622444,-0.09208633064484861,-0.5487592226558651,1.3660416324459863,-14.772673278434333
1.206944672230538,1.2077183532132034,1.1426705066519711,1.0482709559007828,0.9752335933087988,0.6314590353659452,0.44686051402642685,0.36014229817511056,0.3030986747420433,0.427081530745777,0.47195931798198615,0.277150647572622,0.12008545835142703,-0.09972306487641708,-0.5960291251806438,1.3501445248838064,-15.479670008792269
1.2411585421409015,1.2621866052287305,1.1892700415887147,1.1171080181992425,1.0009259053300417,0.6604247613949883,0.4801635759898276,0.40412213487741944,0.3346122995016605,0.4667016667358874,0.5208559812087681,0.32528528586634636,0.14886233643610602,-0.09752716197680561,-0.5817954080646874,1.3501445248838064,-15.479670008792269
1.2584469600342731,1.3065606498159077,1.2327854073296713,1.135286655647363,0.9117287157179839,0.6417942012783534,0.5002591397025508,0.4156021884363673,0.36075663029243876,0.522321206303537,0.5722799069912573,0.36879519287610696,0.16436669758661684,-0.12140808087164662,-0.6639468986732658,1.134643225536172,-15.730794716881782
1.3075225567590547,1.3216459911668328,1.2554132527720445,1.1298055535684777,0.8394373216680793,0.6392908868244936,0.5051805044923425,0.4421590590264271,0.40767910541637065,0.5582963075370266,0.6056826751073066,0.3909289644017694,0.1881268044857524,-0.13848897028288318,-0.7354080294585754,0.9099931706054427,-16.444136814235158
1.3551215529642793,1.3634044070324602,1.3122530913795993,1.1766327832647618,0.8738364359069303,0.6554915545359837,0.5084129687809358,0.44414611706270335,0.40733425830181563,0.5598810572431565,0.6071884077084777,0.40175867481868976,0.20037073129017421,-0.1216235450706285,-0.7212948783736401,0.9099931706054427,-16.444136814235158
1.3453913876983603,1.3491494317720785,1.2925634841440823,1.1114134149464583,0.8352780456767078,0.6626606415751792,0.5067753532840366,0.47944303179282827,0.4381182837974817,0.5957359377406097,0.6141083413770371,0.42015814775091664,0.20328575441333296,-0.14659687450055991,-0.8524484998801443,0.6183265202081087,-17.711811809245994
1.3378732477059787,1.3076914681812792,1.2351353337353284,1.0203125500846577,0.8196876161741491,0.6701113323329733,0.5285105916267403,0.5069374467157421,0.4629446104258767,0.6141116525433266,0.6374839005854159,0.4389241527181669,0.20721534657930518,-0.18238335544947848,-0.9700847068004392,0.3084684874413317,-19.094628792723775
1.3636806211648551,1.3127925551861965,1.2416445819683752,1.012747230779862,0.8304726940884658,0.6803982135307868,0.5276298108203001,0.5037874307549878,0.45745443704376665,0.6097331158030418,0.6406215600185812,0.44230758103295376,0.21913162857653168,-0.16259724356507455,-0.9526010007048163,0.3084684874413317,-19.094628792723775
1.33606585892055,1.2701604295413527,1.1565922186352955,0.9411361597774541,0.8319258789811503,0.7148065539770422,0.5642030513400155,0.5288433624898481,0.4783572206248391,0.6344802683041271,0.655668503393642,0.4589247255899368,0.20198966429251983,-0.21977600602555789,-0.9427903537761915,0.11386208029058409,-20.194125804173396
1.3529367917857198,1.26792705375219,1.1402794996208119,0.9364139155060169,0.8381028117662854,0.7204996761410336,0.5546056582526213,0.524321583181349,0.47004831974949546,0.6329563897191985,0.6639846774367099,0.4735345430209534,0.2267975900416297,-0.1953234631142875,-0.9194930546025964,0.11386208029058409,-20.194125804173396
1.322438880153363,1.2158012933528428,1.0632288028992014,0.9044115309611345,0.8449396277682146,0.7478566559516562,0.5827587250973676,0.5362710255053993,0.4852975230361942,0.6435477898607171,0.6946361691406088,0.48442991890889137,0.20492216206670585,-0.2608797670770623,-0.9067548360098407,-0.09442522683921073,-21.210791509182336
1.30361516507359,1.1547988330378702,1.000457870862317,0.9057039184713235,0.8583883040520881,0.7872800112884337,0.6023322921332411,0.5519109380603169,0.5034931806018534,0.6594011387531001,0.7031291067134079,0.4986149184599975,0.195675663560753,-0.3411960480048718,-0.880484309410807,-0.2974484420870036,-22.446985805814542
1.3275509294465193,1.167216991936902,1.0103413821537448,0.9086817309108484,0.869050421737718,0.7917575842174601,0.5965527905545849,0.5400180508053987,0.494985200558119,0.6571590674854303,0.7133541864232497,0.5098269205403275,0.21308387615463187,-0.31600361278953876,-0.8586734367671944,-0.2974484420870036,-22.446985805814542
1.2869041187073331,1.1179986405780848,0.9882009757967122,0.916584580959793,0.9033772647822991,0.8212399190714442,0.6118062059587158,0.5496551282339531,0.49012394277034566,0.6734580272658005,0.7238513514523082,0.5153228334014689,0.18443506408280236,-0.4179399985894288,-0.8417048904810219,-0.5015740494015599,-23.57233847939559
1.3097537572316447,1.1266427488011472,0.9912008477922715,0.9269727054533076,0.9149127217845067,0.8241142834035466,0.5985616461564301,0.5379882989910207,0.4788405932831066,0.6712786822621278,0.7323769057730405,0.5306649109948043,0.21081751232116602,-0.3888421258933657,-0.813881847553822,-0.5015740494015599,-23.57233847939559
1.2562428681435178,1.087349109118796,1.0034695205304782,0.939671417463789,0.9592839594075843,0.8511053958616599,0.615860767802271,0.5293482326830306,0.49870795170881077,0.6821012971904954,0.7409293734851896,0.5397144892165828,0.16611802421231578,-0.5202166230244725,1.2596154253972134,0.9395879232799453,-17.35046586920062
1.180323838696159,1.0890080372295157,1.036534758641506,1.006608308307702,0.9775055980282423,0.8294831453159647,0.6122103562040818,0.479761918320353,0.4845354092284346,0.6947049386242792,0.7235993295825707,0.5457413645705748,0.07475353995339812,-0.6914637297105533,1.2650301533817918,0.7552894750265522,-18.684353549312604
1.206254932867332,1.045449349552598,0.9906947695625937,1.034615282748991,0.9910026811680543,0.7854128424133142,0.550973992874241,0.45726371297688806,0.4608301819913252,0.6823849761563637,0.6972033677130965,0.5570690952772608,0.13612147149818693,-0.637556654784899,1.3202271945634143,0.7552894750265522,-18.684353549312604
1.1767971919373041,1.0327298508347675,1.023867580432427,1.0559417994446625,1.0349579254800831,0.7804641709275091,0.5534520098958502,0.4409878327420689,0.47714452715668043,0.6589290159417497,0.6653777729246909,0.49023615771319157,0.02468231720276444,-0.6222962290609227,1.3240619849004767,0.6685622970025205,-19.602646986039353
1.115665375877747,0.9558670232782499,0.9836476972360602,1.0346813944659718,1.0332486858255654,0.7925203099718774,0.5806882410140701,0.45399570167287906,0.4971400577168539,0.6649456978605784,0.6484217968845523,0.4553420169790139,-0.060572475834347536,-1.1893535838220421,1.356239529800145,0.17568771959764184,-23.03560840571445
1.086464928405663,0.8905468962024133,0.9204996081624142,0.9540702032777604,1.0024331072632515,0.7997785712331471,0.5949975002591038,0.4750975729185122,0.5083535332608116,0.6647028307790935,0.6457232729631378,0.4319410482815974,-0.05266375883055746,-1.1813793772906545,1.3715892881311027,0.17568771959764184,-23.03560840571445
1.0267812645699554,0.857845115558123,0.918657074890624,0.921868506975029,0.9950355991544202,0.8227980812494493,0.6294017485490286,0.5118383324872022,0.5307802704501479,0.6699073577954833,0.6462246591720348,0.3646507420140939,-0.2224726786950378,-1.7170934517888958,1.3570752263374808,-0.2880627598071537,-26.231503918323753
0.9900187467296531,0.8152423136574947,0.8476757827490964,0.8586466731636588,0.967824654088927,0.8561236795296678,0.6503293497311095,0.5537492216508375,0.5452841204971737,0.6819616751029165,0.6643911601748907,0.36324115785492883,-0.2052002696621498,-1.7201286696915845,1.3685269965101978,-0.2880627598071537,-26.231503918323753
0.9549606980413063,0.8354676970107522,0.8646683589927436,0.8651744847300282,0.9724838167612395,0.918451595832545,0.7068939686670636,0.5814894165059549,0.5561569001165754,0.6931786540869191,0.662010939532008,0.36178827476139047,-0.3940728279141458,-2.1706803431264987,1.382082551859079,-0.6649156520670303,-29.029035753560294
0.9502820182684432,0.865138106317477,0.8676846196502292,0.8855255294107254,0.9847582327804364,0.9542485859532046,0.7211268400895594,0.6113841850787868,0.5660643049531194,0.7093759741259842,0.6739015291877322,0.24646894602850414,-0.5933223455192234,-2.2572263721421595,1.404637936314994,-0.8878107385586247,-30.395005440728475
0.9622268466206452,0.9016498374051015,0.8942846214038707,0.9003400699241713,0.9992901929965792,0.9792244076391641,0.7350128212355351,0.6198733134545358,0.5646648005404165,0.7171466065016059,0.7011150890330063,0.25814947516378484,-0.5851005227622457,-2.2563281008289207,1.4058181293298042,-0.8878107385586247,-30.395005440728475
0.9926663006206548,0.9799629679353505,0.978232615890673,0.96827117835638,1.0516465142369829,1.0301569059878304,0.7367798213541996,0.6210868672589178,0.5565776168559984,0.7195612855821796,0.6843063753355896,0.17399778982656997,-0.5726027304955777,-2.2571933570244567,1.4175603798438294,-0.8724696369239655,-31.038864554496364
1.026052997674658,1.0262318529094252,1.0206600221262536,1.0249168711233783,1.0782953146906964,1.0308951900258476,0.7183652275709432,0.599897972630541,0.536780647696296,0.7178017389254073,0.696727019124158,0.20084386869903095,-0.5490282085912026,-2.2379116141282065,1.431960604201883,-0.8724696369239655,-31.038864554496364
1.106862312098184,1.107681640510839,1.0988854404418131,1.1143031787914586,1.1205268394793946,1.0224242472301381,0.715157603262017,0.5684025717515361,0.5103990059966943,0.7063806857174995,0.6570687128406619,0.10197818855868618,-1.3084585055698477,-2.198962444457221,1.4611690777634565,-1.3683484584074943,-41.73179610574378
1.1725129630741604,1.1225967439986,1.1276233240503248,1.115846373099437,1.1429877048259431,1.0069690246862866,0.6916597879436224,0.5363269679056883,0.4842496038390043,0.6649943363583988,0.6041233425367051,-0.05641845068694705,-1.9059448664013339,-2.1447242579972707,1.5380775111211413,-1.8041909120829231,-43.7224055603352
1.1918504911209944,1.1101850182780755,1.1468382015103582,1.1070151364363157,1.1621292514970243,0.9972642832013721,0.6690012067100563,0.4914881736983775,0.4446393885631812,0.6376385795388836,0.6077808277743042,-0.06610756093000553,-1.8956667357829744,-2.119634465570788,1.5594847838226062,-1.8041909120829231,-43.7224055603352
1.2350513982816396,1.151438363090755,1.1775889651563072,1.1445169461783864,1.172861314895695,1.0150236836903832,0.6356583797308374,0.44779715451980284,0.3965043048427209,0.590535652013906,0.5947441894399057,-0.246036139050551,-2.0080729883850483,-2.107235192570399,1.560745146994055,-1.896870173710783,-36.17882163637128
1.3029510802236581,1.2373030365214077,1.2065933415127017,1.1922801509622838,1.2337490814911176,1.0283195076963754,0.5841496560850163,0.40959636421403167,0.3287546991000121,0.5529147252044186,0.4552324953773449,-0.5530840258956707,-2.0174745903307274,-2.0892525995083733,1.5719561808113742,-2.0353314163765455,-36.3574110598514
1.3624257847551977,1.2980723721169087,1.2426151464124282,1.2294300573139951,1.252912004067001,1.0308778123770754,0.547308907263671,0.3775361905376833,0.30353332693754165,0.5473532985817402,0.46173162113680494,-0.5243495115008704,-1.9858392341531217,-2.04925902914027,1.6031072840359308,-2.0353314163765455,-36.3574110598514
1.4515697221195765,1.3585948241104329,1.3196559740031502,1.2862555638131403,1.2831436185225649,1.0044026447854302,0.5227116418870155,0.3332452992598105,0.2561300299730067,0.4795471592309973,0.34226808876126563,-0.9771186990069627,-1.9355487519502494,-2.005992740321504,1.6354521322469715,-2.1957432952720524,-54.233674231109966
1.438264218992674,1.2818044666915784,1.2785980452765706,1.2411075557371476,1.2313184458443551,0.9549862224576529,0.5140732424789597,0.28628937204548843,0.24312836127714466,0.4874886979092987,0.3643122231532688,-0.9274338022348229,-1.874093564056059,-1.9310495677581563,1.706161545652603,-2.1957432952720524,-54.233674231109966
1.4301550913942787,1.2250087856657965,1.2773074482833189,1.2257536073007105,1.2425748498364428,0.9155776289370944,0.4845042045386163,0.21191632055206844,0.19501584557356955,0.4441499340638778,0.2634171671736035,-1.4626221523368386,-1.8716669684353457,1.4655224584747177,1.721861307401202,0.051693857265151966,-39.73497572978043
1.3705400658871303,1.3091984822579206,1.3298115203810346,1.3275978953725467,1.2361474200373876,0.8811373878128186,0.4158665509571886,0.09277332498911517,0.15017386362625462,0.4053081743761709,0.20563786268059625,-1.5459711826223548,-1.9269390392825736,1.4226435177329215,1.6101295142045298,0.053183533562282115,-40.32109868439925
1.3792233145060062,1.232602760257787,1.2257614129038013,1.3467970281409207,1.2350506035533095,0.8149711662288541,0.2976273859130083,0.03721616459587618,0.09198184543571797,0.36735950438251286,0.13761528856221988,-1.5392878520375215,-1.849874513217592,1.4896951332102994,1.6737665118144207,0.053183533562282115,-40.32109868439925
1.427104053683888,1.21728283839221,1.26804096590447,1.3309094891044453,1.260829615486625,0.7887379571244212,0.2860522471388608,0.013934628933184756,0.10991811104375682,0.3820476921901346,0.13914759142958205,-1.5484074075529326,-1.8322005218372408,1.3409267262892282,1.6206530116763949,0.0015607215029787014,-37.59272300914082
1.3974251817519898,1.1472131672222425,1.2094665121297414,1.257875236527091,1.2259682358987185,0.7581696949074948,0.26602769762479983,0.0019015254677339222,0.10528697855721214,0.36255408425681224,0.10665932340241865,-1.5854751030723355,-1.854371170021798,1.3317233337255945,1.6250434912811578,0.0015607215029787014,-37.59272300914082
1.353113391966104,1.0896874149693645,1.1612270085004328,1.1905207222988583,1.2018357676046432,0.7773336820364154,0.31726327923280584,0.0575643111654105,0.17248818797665766,0.41265746375089907,0.16937492328686937,-1.5490961138350325,-1.8280035766915141,1.3189506977601309,1.5659065584454832,0.04923880020732918,-26.202497925968494
1.3722019700938148,1.1414415315154078,1.1692698393812575,1.187619970086784,1.238131517726035,0.8409728506557143,0.3798208419125255,0.12480281973591456,0.2216786749348294,0.4454115374389735,0.166673519003291,-1.6533863257094474,-1.8557722811918218,1.2733737950280346,1.4928646390193476,0.07253724561197128,-27.492190603168346
1.3423455887057263,1.1479518743119699,1.1412391265956339,1.1518482152836584,1.1981308003733147,0.8760722547258375,0.43058444088510406,0.19443447834536132,0.2792759086477673,0.4886562121905304,0.18500864250909022,-1.647686891488022,-1.8619452437067254,1.2503379027442274,1.4839581361564518,0.07253724561197128,-27.492190603168346
1.340801304753353,1.134372033485958,1.134475541082798,1.1552207364323448,1.2048380127850058,0.9097184152016505,0.5219902034575239,0.2353962426783457,0.2957575615549194,0.4692554193840986,0.22762476094185108,-1.7968736691026788,-1.8683653018697093,1.2289334413005983,1.500320381601678,0.07432515234201009,-26.936968595369024
1.3177589704548855,1.181298296695961,1.1734005157987828,1.160721751372492,1.1983506403637572,0.9413297963795002,0.562900736708037,0.2563202097461841,0.2811091646161664,0.38995488416139623,0.25278573421951783,-1.826080181540516,-1.886096700179761,1.1907827920999932,1.5164791556116646,0.16375326993637573,-25.159960471317625
1.2974485135608866,1.2070713676936202,1.198367835900026,1.1826915026993277,1.2034688263362296,0.9784076029844524,0.618827407943787,0.3200559478661338,0.3278662298912193,0.423761728644608,0.2674841329475432,-1.8312575967090707,-1.9066456498303583,1.150616794944001,1.4905194702387057,0.16375326993637573,-25.159960471317625
1.2838054847187026,1.2262454443174327,1.2201631307754277,1.2041677953012146,1.205829956002819,0.9795218192467938,0.6296955176868501,0.318517895672106,0.2661677447813767,0.45354887790310794,-1.193106612127212,-1.8139491201599947,0.5977040071829818,1.3378264649108098,1.5067154923335597,1.6454885361124614,-14.316348242063988
1.2414434040237876,1.2863125258851515,1.2885661092676857,1.2847482485404127,1.213855187813459,0.9719618987483554,0.6604280286885907,0.3200327480925276,0.29290582582241687,0.46722562640720344,-1.2136247811636387,-1.8147283965268326,0.5273370109528897,1.2688832193591586,1.430540911869798,1.6454885361124614,-14.316348242063988
1.2781501907025288,1.2715024599635714,1.263489853146993,1.3316919063608323,1.1950120662450652,0.9243481044404518,0.5986706355013062,0.2977149357367178,0.20351864265192554,0.10161759916186441,-1.6878547870061962,-1.856824608707973,0.5587571897961062,1.335224889967269,1.466515495228472,1.6189933507708938,-28.171103277898727
1.238787408748546,1.1808822261549843,1.2424412937692464,1.2597816322319373,1.1357948950882022,0.8347379826944303,0.5778698202768999,0.21127476602158146,0.08096560940144615,0.11376089224903302,-1.7778167790291708,-1.8747960775688128,0.909351947634745,1.4035399304481457,1.4954599977526508,1.9962822409134988,-23.693680622183027
1.159363366852944,1.0872308672759847,1.1936612634683634,1.2032781286677219,1.113359428598095,0.808120662373154,0.5968594584150256,0.216093756072113,0.08676311992056385,0.0939968756426176,-1.8120740440122987,-1.929736800473724,0.8486390392516721,1.342928939021608,1.4458901065764695,1.9962822409134988,-23.693680622183027
1.092555509362102,1.0231176221644886,1.0979764392161322,1.1108638007990468,1.0371981968757296,0.7819062899462438,0.5209484821365074,0.25182059240041865,0.09112293167672947,0.07642334340651613,-1.8410784990144096,-1.9686662956770062,0.8612494336920632,1.294344323692445,1.407630346923553,2.0319062236181997,-22.79182874894423
1.0320008547831208,0.9613855570439096,1.0256122107741263,1.0286707526989542,0.9992026388596467,0.7888976063954575,0.5382968038438409,0.2802116557809555,0.10296245769607726,0.06710377373215409,-1.865460421732203,-2.009339891398725,0.8247173642971652,1.249584887028571,1.3656343427522475,2.0319062236181997,-22.79182874894423
0.9818844466550272,0.9136994867782577,0.9526653354672616,0.9595319487449857,0.9622288326801132,0.7983564529006777,0.5490196651004526,0.3184735949823372,0.11967138381899345,0.06849555994167345,-1.8295613492798088,-2.031486843601615,0.8003093965997798,1.2087871833770596,1.328498108217155,2.035547276013763,-22.746705963355467
0.954110317585159,0.9109999525470046,0.9076392494389025,0.9267961469563333,0.9513835974749397,0.8188492346246596,0.5842277806562951,0.3742652396341357,0.13790685944124276,0.07567373387742438,-1.769063851497647,-0.22788707363101357,0.7592956211486976,1.1552117323987146,1.2736740542575744,2.8000937079266572,-21.822117464270484
0.9019144891135209,0.9010479423399742,0.887583003552586,0.9152002737996845,0.9191804259368257,0.8026853577442685,0.6024233893216456,0.3778390487103014,0.1516700191121148,0.08228378234336203,-1.7675670648059518,-0.22296925680982635,0.7243430374667414,1.1118878531918852,1.2255988816193517,2.8000937079266572,-21.822117464270484
0.9151575404393626,0.8816965030622302,0.8735756750313965,0.9288103038784852,0.9341892238546982,0.8087613570890392,0.607034528889175,0.4157971158840684,0.1539972672282628,0.0825739351504281,-1.735356638043995,-0.22599100367283984,0.7239612645533204,1.0779347791700775,1.2118577827815964,2.7469557865816787,-15.431360313834737
0.9675046546277373,0.9517743649448019,0.9407345152420116,0.9705631876238504,0.9868820644043335,0.8223150702567115,0.6267059339354262,0.42945179931312827,0.1568099992253174,0.07418683534930048,-1.7022804702015908,-0.2551617288650613,0.6716511983810566,1.0300698684715441,1.1652148083863711,2.7635756899106783,-15.830642075359883
0.9881556233432107,0.9832196423545871,0.9670630440175758,0.9894136397237587,0.9865014648720066,0.8303100464727067,0.635786832736958,0.45345141772552516,0.17422731469867792,0.08352683719404008,-1.7019667032390533,-0.2495772426780617,0.6629307188264698,1.012693650013907,1.1501266204424212,2.7635756899106783,-15.830642075359883
1.0159228181595612,0.9956469746495517,0.9976116409541784,1.031099336167518,0.9991181087583643,0.8462089120763104,0.6661166063161958,0.4631154759619026,0.19273867704446462,0.0958302555414608,-1.6543232247225286,-0.250352155758758,0.684764498389885,1.0079227347908206,1.132341067596401,2.821835881683259,-6.29335375468272
1.0574366341731167,1.0665905321333164,1.0655512198489867,1.092722685771109,1.0438745071064748,0.8627550164732884,0.6739165869764758,0.48904753630106124,0.20779693933999144,0.10050997184241461,-1.6520353518608717,-0.2669293798617993,0.6566968651381697,0.973244500135924,1.0995905473559293,2.821835881683259,-6.29335375468272
1.0967564390869589,1.1315310593738013,1.11621039266228,1.134167782184777,1.0556702870720216,0.8666699000846394,0.6904053457590473,0.5268512767753433,0.23955273785436715,0.12339347146114715,-1.6358378459960758,0.09724302652458794,0.734756775260051,1.0031771594118246,1.1009374091572366,3.0658094277358012,-22.204754105807062
1.0513600893929012,1.0478359313831591,1.0812566111489696,1.0741964155953345,0.9653925091101762,0.7559632984194629,0.7319751120604664,0.5285169862125974,0.2738097241372418,-1.364299750627164,-1.611577222205632,0.36905388425449004,0.8271456448399663,1.066774494083123,1.1463700392546008,3.1837593523079724,-15.329047551952605
1.0237603901792276,1.006747285175458,1.0793117705192734,1.0798959303644189,0.9916025783132791,0.7334830895285609,0.7329891852401563,0.5215894243814452,0.26576292952671576,-1.3834894773840056,-1.6221844933578635,0.3264645126600342,0.7934644350214647,1.0331603209016031,1.1153799040340302,3.1837593523079724,-15.329047551952605
1.0042542892855502,1.0113274039581714,1.0600278437296022,1.0612124165206547,0.9435239887091063,0.6972190083210396,0.46510132250103736,0.5355722126241852,0.26071989004664003,-1.4111336668932573,-1.671452129243008,0.30846632904126203,0.798146067408981,1.0085350270686417,1.0892256341080306,3.23788009530014,-12.998307306522012
0.9894752317334441,0.9930375925097783,1.0392567967332398,1.0372281298645947,0.9390649801771799,0.6952233870620644,0.4639831575015889,0.5410032502126911,0.2610233848837267,-1.4216882862556586,-1.6863030885999208,0.2871688180789011,0.7798122262894778,0.9908835646260666,1.0670048197791422,3.23788009530014,-12.998307306522012
0.9783427451658882,0.9760879057108767,1.0067409356291344,1.0102956237355145,0.9229861360532321,0.6826114061128055,0.44876679036053574,0.5554267811601941,0.26761965253721,-1.3919228570708904,-1.6561528533080991,0.27960264197429663,0.7751047301966532,0.9780801726805961,1.0510513300374686,3.220696942351611,-12.929857944221402
0.9720661456928346,0.965818313891519,0.9854944881317431,0.9847277280350937,0.9139060634564184,0.6712988379507613,0.45669814303988737,0.5699114805294717,0.2772448885007379,-1.3663762487446365,-1.627723471477219,0.3412907789658096,0.7650419557688601,0.9655684244604624,1.0373948094677035,3.2568268185485048,-12.951457583602247
0.9655339748744483,0.9616458615817597,0.9741999569654709,0.9724333451214213,0.9065006438980722,0.6710011599284897,0.4664173370652215,0.5834314782829396,0.2873776089487185,-1.3623012227129934,-1.6217846781955063,0.3388995988931895,0.7554038576097672,0.9516576016669127,1.0226366433485388,3.2568268185485048,-12.951457583602247
0.9682563730304499,0.9639239769511971,0.9700170811373086,0.9704311063364732,0.9073398829731227,0.6734343983836586,0.4741162002640617,0.5963997478296575,0.2958073693433061,-1.3313225487051779,-1.600241675309476,0.3619622910781036,0.7470473328040316,0.9420494330058644,1.0105463743560792,3.2590677074950474,-1.3035189404608083
1.0157617864651745,1.0439291290619954,1.0305129423193615,1.0319470021355401,0.9645072171862084,0.6965637938337927,0.4723241632481199,0.16574500179661167,0.3017431983916077,-1.3116467464726416,-1.5887234881923988,0.380952516501258,0.7300693664922954,0.9122519428913402,0.9785732302004363,3.451590879629106,3.2653666094509326
1.06916463456702,1.1378606663116109,1.095584550179625,1.0985408655313398,0.9892335597645188,0.7221312214748529,0.4831198042122279,0.19750450293375876,0.32948731466156034,-1.2895795915945398,-1.5822073885365036,0.4000354781259362,0.7236519334329067,0.9006357544938537,0.9641359816543923,3.451590879629106,3.2653666094509326
1.1235773084273133,1.1781661985718395,1.1476537110497373,1.144666411117797,1.0076409999891962,0.7084922530273645,0.4415253049429726,0.22863185002749842,-1.0750178838761073,-1.2522197714913426,-1.6013171635640453,0.4851782673070839,0.7819836351419713,0.9236671009061381,0.9794478374240847,3.968448128171233,23.253478369635374
1.2065570117260163,1.32329696455643,1.2941868330366495,1.2826353340991714,1.0980932963343553,0.7228991103609133,0.4594928737661527,0.25855380547748075,-1.0401861825159258,-1.233572608629728,-1.5950406081836115,0.46796933820047293,0.7326699538664961,0.8789726906517478,0.9325981611462353,3.968448128171233,23.253478369635374
1.285473938053624,1.4118308083244917,1.362780691275276,1.3667041483994742,1.0967687872091423,0.7483451840554667,0.4909009169208055,0.3302215760319368,-1.0540561655457599,-1.1791019615996583,-1.589432205595301,0.6134601969291151,0.8041544080992666,0.9251512500331059,0.9740159652530879,4.107714517046923,6.4642204253996125
1.258484684355689,1.3190354551655155,1.3605476490296269,1.279056160698973,0.9793332239269863,0.6903596220489071,0.5712575651708062,0.36183441656525833,-1.0206860068589383,-1.1111959398772295,0.13232563365259362,0.7267137662089207,0.8815249343028677,0.9926680588303584,1.013174145715553,4.671836634657478,6.800343273683456
1.171907528499406,1.213740535745595,1.3302712869637778,1.2436233014467497,0.9555475635530749,0.6526445669509174,0.6203309056626324,0.3701888437834301,-0.9884393140109874,-1.1068148045759711,0.11767481844138461,0.6934308587365413,0.8344811829039732,0.9563449134420985,0.9834514189522214,4.671836634657478,6.800343273683456
1.0879538076334898,1.1091488862127512,1.2041736107357832,1.1601231498506313,0.927247196466197,0.6854824278358718,0.6346379161674798,-0.7910541473354298,-0.97307646729375,-1.0875955449759838,0.13829003622230363,0.6869864457720922,0.8166926630055198,0.9179047916737474,0.9768988905575691,5.127709252522866,19.10695526524301
1.0305136497759406,1.0976759108097358,1.1737775167744386,1.128004658372469,0.925137568146261,0.7185357538174906,0.6498632984750553,-0.7620513394980056,-0.9596857770665331,-1.1100572638538428,0.07808710268031638,0.6217489553251874,0.7377448585711381,0.8451982563228264,0.9013709331699888,5.127709252522866,19.10695526524301
0.9840986244661619,1.0497551442476092,1.0775059740716109,1.0587034568913372,0.8803471934297383,0.7443463165576341,0.6682592546717602,-0.6886837853483686,-0.8845688317931931,-1.0703902678292014,0.1111587504467213,0.6100858742711017,0.7308433098864072,0.8149435375972647,0.8767390979613741,5.151317513025831,18.603540882824827
0.9406177185544713,0.9904341435732219,1.0115049854723823,0.977551637441518,0.7531996205341032,0.7347210653890917,0.7168385445443813,-0.6360057237261747,-0.8004181729181021,-1.025444813652654,0.12216950318070663,0.5972867646872024,0.709502501218888,0.7857866858677036,0.8481460311247325,5.113209561326072,18.36276102775271
0.900339934771487,0.9504064960964375,0.9557241249649487,0.919625654555934,0.7225039653557832,0.7481228611704885,0.7668323768933611,-0.5678397653146335,-0.7518679470552995,-1.0008511330530991,0.13616287403256744,0.5831447994424194,0.6862873396795524,0.7428312040321118,0.817984036595373,5.113209561326072,18.36276102775271
0.8662772453523753,0.9324853113119733,0.922356703395841,0.8819475301563956,0.6945226217071393,0.7718954568860887,0.8179822229470535,-0.4682233568635279,-0.6830172738126532,-0.9362687073304992,0.19907741417167357,0.5904391245887806,0.666665599855102,0.7039359307246231,0.7845807050058182,5.263442856581014,17.665739021723724
0.8317169880717695,0.9229660638355337,0.9002983556070042,0.8627185771243073,0.6677598174791027,0.7923006143442204,0.8620617016794929,-0.40505413852433303,-0.6103425034962564,-0.8910509289587113,0.23535746212753872,0.5971725211108956,0.6631467172203802,0.6707230475842573,0.754120754448045,5.265878399118158,17.22375262309808
0.815786091835783,0.9192205955738275,0.8904582382467119,0.8629958520222656,0.6661508103953491,0.808476605865583,0.8913078173475469,-0.36192660471859006,-0.5842247634235274,-0.8769408889957447,0.24513335905292188,0.595451525128728,0.6536475981289156,0.642417775956059,0.729880144916601,5.265878399118158,17.22375262309808
0.8114330455905538,0.9318401912719928,0.901770341618859,0.8726151418451976,0.6717167128661179,0.8244470136286925,0.9129297876346079,-0.3088878852433802,-0.5374689369295693,-0.8291391528971668,0.24830204791757626,0.5960182138171434,0.6402037485887664,0.620184642152457,0.705131857941392,5.238559831446196,16.607664196889885
0.8144233002631385,0.942041674197765,0.9125611390888194,0.8852426746225708,0.6772200907488424,0.8342640716253935,0.9255989446239463,-0.2862582939649953,-0.5262111860254709,-0.8258800243139721,0.2504055282320876,0.5969095086501792,0.6327870570427909,0.6021820035269971,0.6867512951362444,5.238559831446196,16.607664196889885
0.8216492099419417,0.9526528555200692,0.928440395043967,0.8989726017156457,0.6668205487451704,0.8375123896980629,-0.2917726911375511,-0.2583855826277406,-0.48127614398163243,-0.7990138540568191,0.2512687511920658,0.617277965276255,0.6337962833876439,0.594529504431802,0.6707822854522074,5.485709716194086,25.13246407959861
0.853711334079021,1.0137344382933249,0.9793899756207176,0.9413168912162589,0.6993370791030218,0.8448496794245459,-0.2990543898778787,-0.21417330101367643,-0.4424957831966646,-0.762012059202867,0.2434911735166818,0.6197505962738699,0.6090156783054566,0.5739683560290342,0.6411861914091156,5.46226252155752,24.27102015174374
0.8945178581526894,1.050405778035056,1.0053525124144818,0.9785152712204612,0.7101319747687294,0.8455010551489995,-0.305866841613195,-0.19942240210955536,-0.4318232870678773,-0.7546153985970009,0.24168646669145738,0.6381661242938363,0.6228173303578892,0.5813512896694681,0.6441976965578007,5.46226252155752,24.27102015174374
0.9271167909400913,1.0641809061041796,1.0395439107342175,0.999065381095074,0.7061804202363848,0.8218507995392142,-0.28001486552429944,-0.17574637098811519,-0.3753256163050794,-0.7158965234759684,0.3972819848359085,0.6630914705794628,0.6481886428216909,0.5907071469366116,0.6496634989745791,5.534499160564169,23.48879439615981
0.9405540201253728,1.0666688578753833,1.0582714306101817,1.011973228399093,0.70835765008794,0.8099624400472144,-0.2736692058712026,-0.1722800191748166,-0.36353117256278855,-0.7124939576116561,0.39790529735624836,0.6681639339885841,0.6444282838668389,0.5909897758645194,0.647529774775442,5.534499160564169,23.48879439615981
0.9464286716808338,1.0545232953780979,1.0605573294165922,1.011933316274859,0.6941598269262943,0.8023557489208775,-0.25570435064593255,-0.12790395071112337,-0.31349584927117335,-0.665031015371498,0.39338126238705634,0.6778693773800448,0.6438078423020609,0.6041620707152,0.6479650881574747,5.5146781812501064,22.525631225403455
0.9377279335859052,1.0370420849403312,1.0511259425972344,0.9762169839651798,0.6744459293580247,0.8017930779177138,-0.2159277282181191,-0.08462929658586371,-0.2559144874800846,-0.631103918141606,0.41848373195435573,0.6860581447353753,0.6569565205974244,0.6083833000329146,0.650146882891538,5.499201713130476,21.46194021149821
0.9231545533226432,1.0120846743877232,1.0307636648583476,0.9526969572067705,0.6634732058766728,0.8000232693632228,-0.20990878036216232,-0.07939876597743462,-0.2497969885034767,-0.6349779373763186,0.41260453705271866,0.6791015084462623,0.6499464434107725,0.6047498959411152,0.644364270129893,5.499201713130476,21.46194021149821
0.9048032595919324,0.9897291490223943,1.004338788530599,0.9247525194757816,0.62509896713469,0.8016480016877441,-0.17606930474912763,-0.03775219274645175,-0.19206939096588183,-0.5992725857710794,0.4068205577663836,0.6707452043300086,0.6486901602691368,0.6101097992287057,0.6414990068947862,5.287623352043068,20.37001526205207
0.8954570848513994,0.969856745996025,0.971576872817109,0.8948621831797164,0.6178816498665884,0.8106318111733377,-0.14663123327782218,0.015099173168762192,-0.13795140816964896,-0.5652653919085955,0.49837376947478845,0.7161021020367963,0.6688118714960554,0.6215833216603662,0.6572151886656035,5.335595449275832,19.40573311068162
0.879428329219494,0.9604147083909679,0.9564749521496531,0.8720801476332032,0.6050866692473478,0.813902669827133,-0.13733313546125148,0.01835241328404702,-0.13330483823762862,-0.5665906878033564,0.5022274780331942,0.7152615758379609,0.6586224606091844,0.6141029787623772,0.6457718282530159,5.335595449275832,19.40573311068162
0.8680756594819287,0.9480882772446587,0.9128533144679164,0.8355791645576571,0.550699237544717,0.8149521140624384,-0.09701137356520129,0.07401982636234561,-0.08392458685541171,-0.5076626557690896,0.5423967163973298,0.7244226276802845,0.6680992991304902,0.6131326450239111,0.641330772116889,5.2703819520666615,18.029141429116407
0.8647241517221583,0.934109966860089,0.9037641072731372,0.8287084486108496,0.5493498999691424,-0.3206811054639241,-0.0634044523443833,0.11150411477390226,-0.034251396918588195,-0.4774104153089957,0.5843385379329655,0.7622939710858819,0.684323090744061,0.6210016912384327,0.6480697988382191,4.9962580086335215,19.795318081490468
0.8889188439796221,0.9551812631959297,0.9167741983534453,0.8399700881617514,0.570028058580789,-0.30948847616100134,-0.06948579643738917,0.11717789274250406,-0.03896074948221817,-0.4823853533448029,0.5919009764605148,0.7583569325382427,0.6872623765993966,0.6218670780957127,0.6482382840181034,4.9962580086335215,19.795318081490468
0.9036476747192812,0.9843741947209359,0.9398054598870283,0.8329462999720005,0.5090559782150632,-0.2983045881426805,-0.033105540245747855,0.15545520549730402,0.007748643151143986,-0.43597406554890095,0.6005467125357313,0.776704109551773,0.6977334440393146,0.6472819389722353,0.6675005188700648,4.869438939879321,18.884014750865123
0.9267387636045248,0.999696370989468,0.9531337033526066,0.850825804882031,0.520656610785548,-0.3002349884875512,-0.037590064052869354,0.1548777997642643,0.006828620107107275,-0.4317598444446521,0.6174715909322578,0.7920999823563089,0.7155879015176065,0.6622897273157702,0.680128201539898,4.869438939879321,18.884014750865123
0.924359804929886,1.030352706326471,0.9616536319027051,0.8747670577097957,0.4845705403322344,-0.2881010481130617,-0.000945599385549778,0.19522377094025556,0.0481709577913475,-0.39879708209385745,0.6964780204273804,0.8317022028632686,0.732990947478185,0.6762958524947751,0.685874660962855,4.768355003936493,17.652945145394813
0.9464491387991723,1.0250870404819552,0.9749286525934726,0.8634681176773157,0.47781454761706454,-0.2730741286654296,0.025838277782993496,0.22080820383568855,0.08180556902451847,-0.36850981904473057,0.7295610746175936,0.8592681276729016,0.7546573938525101,0.6969971183792875,0.702604223003392,4.733569367479682,16.66621949432511
0.9622444149389314,1.0359679131940345,0.9955751628216858,0.8790323044280799,0.48749938564507805,-0.27836313208900376,0.017554882631271418,0.20379683274333804,0.07296581400878632,-0.3739515628145224,0.7319096024895269,0.8663766937925582,0.76127415104518,0.7120254227813045,0.7113663725837267,4.733569367479682,16.66621949432511
0.97359733787199,1.0396957491110363,1.006493229019298,0.8806775705641349,0.44512159511854393,-0.2662712442637395,0.04485558530077144,0.2263838439983732,0.09589449063911043,-0.35359132839685786,0.7662113828179404,0.8868035132688477,0.7855255002920739,0.7465736345372218,0.7231728605774231,4.844346003556669,15.705603297255808
0.97086351261702,1.0318035741733993,0.9885199258189887,0.8600700246879655,0.4186341377165396,-0.24576438503865644,0.06485432364122715,0.24122218959702285,0.12410224225269939,-0.33402485858324327,0.7713332185693892,0.9138070439522239,0.7989293015495779,0.7606057381868162,0.7510942970902958,4.820891286903455,14.703993504372928
0.9718435982326165,1.015111290814867,0.9776211426829184,0.8556391194139024,0.41783745416024454,-0.26051514150343086,0.04595028037464255,0.21903328645816444,0.10922022128444553,-0.34572528933282887,0.7639990944273527,0.9149217180956933,0.8078974424179306,0.7772739876353378,0.7629871829408331,4.820891286903455,14.703993504372928
0.9677000778337443,0.9921464814469394,0.9679776843085903,0.8403173232550343,0.4162862226766963,-0.2668616872144822,0.07004503340173468,0.23247755433239353,0.12701818353224414,-0.3482304579599824,0.7868565471036338,0.9173349659464394,0.8077952674718065,0.7966565735246691,0.7682033240141428,4.883022853069968,13.798867439768165
0.9534753494767345,0.9677655674444926,0.9403432593793194,0.7940492049078558,0.33111205629149326,-0.24280092759542465,0.07887416584556708,0.2486814701673989,0.14633662186442362,-0.34085535599335315,0.7972591285792929,0.933617963996625,0.8270562627567912,0.8221493498285095,0.7755399806557048,4.85396331815226,13.090182185424823
0.9440626873353194,0.9448977982700587,0.9169157959336601,0.7743278670091951,0.3225040005042172,-0.25392428516795795,0.06529251321310567,0.23284741734385378,0.13526469027907395,-0.35059249329138975,0.792227440366513,0.9303565860357806,0.8314818732617535,0.8321812376093777,0.7824892391331524,4.85396331815226,13.090182185424823
0.9308488320492372,0.9232951110814958,0.8895864349884854,0.7537413390339494,0.31509038418854557,-0.25018539921603894,0.09533687563133614,0.2442958217920806,0.1590488907208103,-0.32157111082607176,0.8042645185497362,0.9357424349623757,0.8321481073435514,0.8363006205465092,0.788857937637272,4.847919985098194,12.14323688265285
0.9196553390247976,0.9079789308131008,0.8700478501465497,0.7358738290351137,0.3041087463270452,-0.255096433264547,0.08741373302609513,0.23421934931724014,0.15228388035040602,-0.32707067025125336,0.8026445017011299,0.9357955149107543,0.8345234729673223,0.8422123786337454,0.7931498540217403,4.847919985098194,12.14323688265285
0.9072215775589216,0.8946468000962375,0.8530194897961169,0.7044360013665917,0.298781758547774,-0.2317005096348288,0.1066863203740213,0.2516643433405339,0.16976253161673896,-0.3290921147926895,0.8212184100142055,0.951726315835504,0.8358319507756617,0.8476242316052769,0.7956648230754988,4.850263894027556,11.449479494962688
0.8864902188408171,0.8853453033262856,0.8292502269694771,0.6841065742017731,0.2920656952501264,-0.22312424296718947,0.11381295794350285,0.2746938260966564,0.1853277447139884,-0.3114811248600914,0.8585942481749494,0.9670200533451435,0.8504725353977756,0.8564315081133631,0.7981928331372002,4.841737673990539,10.850981306726164
0.880391110519616,0.8791622426242194,0.822895250071667,0.6783731212369124,0.2880437361285281,-0.22727332339289474,0.10827054826834408,0.26622611947828956,0.1795872949739532,-0.3147586268852779,0.860263249773203,0.967525841316657,0.8527277964266797,0.8606559447005598,0.8010483715939138,4.841737673990539,10.850981306726164
0.8810338586910162,0.8791718752973284,0.8082457684637177,0.6542146395672087,0.12529282057078683,-0.2050541262889839,0.13699549623456841,0.2918449872625388,0.2001397407781443,-0.3047646584489625,0.8714218086375918,0.9782494311171517,0.8688897982305529,0.8847218565683342,0.8168233374540312,4.86047011625008,10.272376085465421
0.8552822743046139,0.8592863844615541,0.7984413552920652,0.6394078401608764,0.12244914764845882,-0.18009535304034313,0.1566333944331997,0.3047541346452576,0.2259698581966534,-0.27306417265860217,0.880999745235329,0.9882708450439774,0.8785300758080477,0.8892529462891764,0.8387932136678353,4.840361287723441,9.544517459636248
0.8525846181956258,0.8548371695620077,0.7965467009820503,0.6382791049107059,0.12071137846349145,-0.1849634868229389,0.14962977553480816,0.29540765188639695,0.21905383169432838,-0.27685798665734035,0.8810749626591603,0.9889299420562817,0.8818298886546674,0.8941668166840362,0.8424042430178806,4.840361287723441,9.544517459636248
0.8498539092478474,0.8551058635777083,0.7888824155887131,0.617546626024011,0.05806726957679931,-0.1608595635069482,0.16744888874807162,0.32537952443251006,0.2273610446900537,-0.27300817278501033,0.914305104315737,1.0045588660591447,0.8901269775508869,0.9000105908737117,0.843781491990634,4.928822054078528,8.854360434681297
0.8374594648531798,0.8409024627800017,0.76072951102282,0.589844786403346,0.04236755522122049,-0.1453625117343923,0.19686092605789812,0.33934979269298887,0.2577644246392849,-0.2476304044429487,0.9369460770688637,1.0169333105347007,0.906775946230306,0.9056650924994598,0.8480989292809237,4.900586456681797,7.977874778458969
0.8328594732279178,0.8289411405272062,0.7520895673311314,0.5852687405758203,0.03940509577763923,-0.15359789723091233,0.18651027133845077,0.32811268960824147,0.2485425932772708,-0.2534629971249287,0.934096560530455,1.015898531180427,0.9115791295316836,0.9115925454362891,0.8529130859434477,4.900586456681797,7.977874778458969
0.8238227862577512,0.8061211665130413,0.748062012144284,0.5564145684147939,0.035925304184766416,-0.12763702162627283,0.21312246918081765,0.36406884456613453,0.2761999507980546,-0.261048219541598,0.9609487524740383,1.0311352313113393,0.916154613566774,0.937110304627266,0.8646021170880375,4.982067037393702,7.090723465590797
0.812647634653446,0.7955177375664778,0.7385024072166426,0.5484516688619592,0.026657310395345357,-0.1347881686521722,0.20473808387059714,0.3507909498308288,0.2677053917596615,-0.2670340165380604,0.9558216021160826,1.0317531966199263,0.9149644658530821,0.9387618267531264,0.8644245903672427,4.982067037393702,7.090723465590797
0.7851714635082944,0.7669204672058949,0.7037044722924557,0.5229582019878285,0.021896360688674066,-0.10069386788060636,0.2356922051486796,0.37931948289148093,0.28773670995972866,-0.24518892916507826,0.9667164056831108,1.0507895810039858,0.93620741880877,0.9440487584751044,0.8644428506420611,4.948878916407165,-0.03777948547642396
0.7493426373848298,0.70385926300795,0.6557216602069329,0.45826607868521696,-0.00941298091087689,-0.07242598404822032,0.2803469463738633,0.4121875765145612,0.3309951120431366,-0.24910618303516385,0.964206252758544,1.0625394296378645,0.9593708382920316,0.9780392962667067,0.8955128743161793,4.930766104693492,-1.1760738426692363
0.7178132546095488,0.6581481275230937,0.6243809022413096,0.4255456072003677,-0.02107608367591085,-0.08938439988005853,0.26905240021564686,0.38790520201367773,0.31056113185254053,-0.2663909500858342,0.9593282505857827,1.0481053570333454,0.9535871565041256,0.9763812164542468,0.8927280521524505,4.930766104693492,-1.1760738426692363
0.6907026884618006,0.6421485081909988,0.5829261761023119,0.3887280777277724,0.0004271058751703638,-0.0354758754192212,0.2977582318997366,0.43246534950236126,0.3787956083678127,-0.0393533902893336,-1.569387937826417,1.039720726212253,0.9394612705092573,0.9692888785602981,0.8882423394926668,4.1509328352563335,0.6686576419043013
0.7206741010996196,0.6568720177338754,0.5695955036516426,0.41286591741301204,0.09239905940062959,0.056510704130747436,0.3359025635445761,0.5080253966461368,0.4365538530675962,0.07507636474732149,-1.7463581666494263,1.0129537507267363,0.9540891989882111,0.9731722460882736,0.8964314363921592,4.092886319409292,-1.8705127732708702
0.7259881953553984,0.6922857177790209,0.5907843124048687,0.39689171026034287,0.0790732798141448,0.07763473327592507,0.3471456336236428,0.5025107677948318,0.434246820289448,0.07872476453321539,-1.7275207975314926,1.0251395267416656,0.9458067500194488,0.9711222966568138,0.8892459828577404,4.092886319409292,-1.8705127732708702
0.7372338395384598,0.7066911774610166,0.6267608891782316,0.46306131579289844,0.16505289536643153,0.13660355963022053,0.4081092278382198,0.5634169851555948,0.5094035511227584,0.19290044354829963,-1.9247735056486939,0.9905957921036574,0.9652916110233913,0.9807521323315727,0.9064281166221084,4.026426373118563,-2.519170161577055
0.7664537923128356,0.7481529491111205,0.6602620580298535,0.502856139057817,0.1853740586620597,0.13917956933714182,0.3946320034916164,0.5467489528834156,0.4940776212954225,0.19428687786717022,-1.9068942826180817,1.0100120281974219,0.9831955161524348,0.9967475537061652,0.9172919708173353,4.026426373118563,-2.519170161577055
0.8047232395499675,0.8113340539032945,0.7371424020166504,0.5957207936459349,0.29014065582628956,0.20889058006051886,0.44129257677627526,0.5879910665021543,0.5480950297190925,0.29265002416259006,-3.035432514247247,-0.9791997111752826,0.9679461124367138,1.012818612736329,0.9296867045770355,2.775343653180518,-6.633407638726869
0.8894580473302696,0.8539911273530065,0.7677469411831541,0.6505714395833857,0.39938990255598883,0.3154777318234586,0.49745907175362103,0.6778618298893679,0.6073167808519679,0.3796853384389526,-3.01159153138587,-1.0935771239339112,0.9868605122113677,1.052164573933372,0.9809916018515891,2.701298825651455,-9.551149768786829
0.9150585521372775,0.9121017913416187,0.8434033974610258,0.6618722072727993,0.40698027161851547,0.33783692511371666,0.5169238598242857,0.652771749700245,0.59916068984751,0.38119559108441936,-2.985727974919897,-1.0781731715806784,0.9741741441622819,1.0611621813668783,0.9814026437147797,2.701298825651455,-9.551149768786829
0.9554968111873219,0.9452386131921782,0.8940829881775745,0.7363548223655758,0.49811816065851433,0.4218150934163988,0.5702724146013852,0.7026613187354489,0.6378686955159467,0.46615138537161555,0.21090781582224977,-1.1508059337258536,1.0074787020727347,1.0480315174175134,1.0069100718798099,3.3579334127058242,-13.353664562968708
0.9541510480773355,0.9683568656698958,0.9278914145337429,0.8005676693455992,0.5537272067655578,0.46425479399462927,0.618653132329556,0.7027514106519527,0.6787751295826846,0.5301914246698187,0.3733578697687477,-1.2362559052027065,-0.7058598293343525,1.0201756527600718,0.9817543012988922,2.1405260120060747,-21.523166197854067
1.005345997075988,0.9180093622196006,0.8906686684410614,0.7924921075424031,0.5829517874428631,0.45179331519911314,0.5621222137598042,0.6772354603482508,0.6301387975900703,0.5075240245519776,0.3771388385261038,-1.2320351788702961,-0.6267746068567364,1.0926521877982147,1.0615473412279748,2.1405260120060747,-21.523166197854067
1.016690262570924,0.9765211295832025,0.9636415352127058,0.8379830095775164,0.6690151557917098,0.5335447823832121,0.6110613856614723,0.682511007210087,0.6491678002739514,0.5415725899046931,0.48305841715953773,-1.3934340295510839,-0.704504362789228,-0.28266654660511836,1.0033770090129044,0.8468106952737249,-30.53014416765675
1.0673105646241385,0.9393022875910707,0.9187202130424466,0.8130291039152455,0.7307268681102552,0.640325867181194,0.6425939998303938,0.7518068944351746,0.6782686601243051,0.5893038843012268,0.5909012454364688,-1.4904214468036523,-0.6941431852063684,-0.2633128997170398,0.9890878491747555,0.6989360062392227,-33.980064495426575
1.0662003090695669,0.9603036294465006,0.9406942065865429,0.7783738535247431,0.7255374201151037,0.6532284734595515,0.6366563738597225,0.691082659266183,0.6351407240610978,0.5685484628602271,0.6162368982654488,-1.4829983638573425,-0.6978039019986328,-0.240616611152631,0.9936803450953768,0.6989360062392227,-33.980064495426575
1.076261385182573,0.9980282013818601,0.9381321999019192,0.8357716259522002,0.7831736496110012,0.7253351951109597,0.6608683659464859,0.6983537472013013,0.6302522101577516,0.6141208286754235,0.7204456273592252,-1.4414731237499625,-0.7305177231708297,-0.24559186181647735,-0.11237430290869366,-0.08966781507799393,-24.404228767841296
1.1948055072222372,1.1231718559029547,1.011732140896037,0.9280767659453355,0.881025105582213,0.7642401180439775,0.5924936717503733,0.6647792487282368,0.5685177726832024,0.5895208649827324,0.7403647127275208,-1.4342936786395304,-0.6857711109705786,-0.20400425923049265,-0.0775764137600487,-0.08966781507799393,-24.404228767841296
1.3252642373375654,1.2730658252908655,1.1427450573631253,1.046784728300104,0.9746557482119302,0.8468755510747136,0.6225388199126617,0.6559754788933756,0.5928081232046687,0.6414512541530218,0.8210982690692084,-1.3737983736457402,-0.6049837942985861,-0.13037529042338303,-0.028049756591329633,0.0029430614406682487,-24.46435534872056
1.4187123932333199,1.3579081570167304,1.230591793410837,1.1401877212926737,1.0300046062840378,0.8455968055061004,0.6204992896373951,0.6202072881420104,0.6003666234150793,0.6960147612478724,0.8765541040271464,-1.0677943996403725,-0.4172579405769619,0.03651169881295546,0.09298602151113194,0.2780007833875038,-24.46107238607091
1.500854725449891,1.433875839889075,1.3353730596034623,1.2519295416074698,1.0790780082083393,0.8047372718517065,0.5781763592890921,0.5434203600053726,0.5673162349637054,0.6962430978449066,0.8930740679876772,-1.0200977836028162,-0.37497147650151275,0.10534844098409993,0.14680442026861268,0.2780007833875038,-24.46107238607091
1.5493661168327608,1.4386473319241675,1.37719830146181,1.2879349263374948,1.129074106337523,0.7736487912373833,0.5561797802036436,0.5149847386109636,0.5614540665155967,0.7114801461882916,0.888280032237747,-0.7357770559417575,-0.18088765847742086,0.2645558286463746,0.2651565445520161,0.5267140507388506,-23.968475248974386
1.5781897736221262,1.4283477647722518,1.387295240237485,1.3120469195450597,1.1484925735292142,0.7631394146440964,0.545943441291552,0.4669038732552656,0.5646263666542788,0.7113544439305759,0.8596917002966683,-0.5380177518414939,-0.06165943631739207,0.38040526094256133,0.3608210770315905,0.7087271303880809,-23.700615418633085
1.5781335855912475,1.3947240772657652,1.381930059247094,1.3141271183612433,1.145407584805575,0.7301864312393731,0.5095727275200309,0.4123428042864312,0.5389396820840591,0.6930381812618254,0.8264373663590205,-0.5400518220272766,-0.04726456438157994,0.42225982006982876,0.39924839369993476,0.7087271303880809,-23.700615418633085
1.5206571551764256,1.3123491482002168,1.3127162065992797,1.2724881277112283,1.1311159434009825,0.7265031506357649,0.5091101609316726,0.4031649842739654,0.5379797902468897,0.6857453788757102,0.7550636108434754,-0.41502325264073303,0.033818512065223724,0.5022627996692952,0.4678314172938055,0.9600085663062514,-23.479052259683208
1.4669024934075992,1.2185649114169628,1.2515476728098887,1.2030033286495057,1.0937442828261894,0.7443030720789652,0.5324885548029928,0.40971045434525055,0.5478183502973701,0.6796037559301691,0.7251302446702657,-0.33492776485169123,0.07721984568340436,0.5499734075538013,0.49735424179226323,1.0574950357649695,-23.660351390240486
1.4024650798217926,1.1350900425743098,1.161285220241518,1.122847603740566,1.0487396802414037,0.7338926218907564,0.5331609022276483,0.40885207540677204,0.5509982860565217,0.6766083985328788,0.7040831373724961,-0.355556120377474,0.07373307073248113,0.5520787461374974,0.5074951683594005,1.0574950357649695,-23.660351390240486
1.3060021166888653,1.056501280253493,1.0594510850169057,1.0386665982049328,1.023656606275339,0.760946667083048,0.5721121496013872,0.42945069168743566,0.5894595892226682,0.6969856500488605,-1.1182567411973845,-0.2713886326030404,0.12742601401168435,0.5768770895567659,0.5486341015078631,0.6860924721155754,-23.075278825613573
1.2632151072830327,1.0104728177590239,0.9888477001529813,0.9634836743656658,0.9970090951406629,0.7907037344048069,0.5973502319855133,0.4729574213375991,0.6093351145767782,0.7078675463839725,-1.1158095102253305,-0.29747059710404244,0.12202733224917454,0.5604442941852549,0.5495598819544837,0.6860924721155754,-23.075278825613573
1.1798427026982634,0.978556590122811,0.949115403700322,0.9076556431376565,0.9859798207965396,0.8284179985310316,0.660731718923808,0.5303894235706328,0.6421207109141605,0.7310807763716504,-0.966478341619788,-0.22538883514738614,0.15371593869105638,0.5764757744389504,0.5596740175633367,0.9305943699195671,-22.9131032608105
1.124049858585001,0.9500743980464006,0.9161516394042168,0.885114553898201,0.974783030874041,0.882791520319185,0.7072427544197939,0.5749796212105825,0.6754329446103968,0.7577428971610851,-0.775673879430684,-0.14150396329362708,0.2094104611280928,0.5889604698771839,0.5739317197736853,1.097099683437794,-22.78756014232067
1.095940764599376,0.9501419104888402,0.9034249913951053,0.8910858729908964,0.9678294517251195,0.8944898786288233,0.7299370218350816,0.6017491011248581,0.6927737886680126,0.7782584842334512,-0.7622256597058612,-0.13486044894135213,0.21087861618231601,0.5725380034827989,0.5658287658340073,1.097099683437794,-22.78756014232067
1.0690482809810495,0.9560264004496005,0.9134517553686604,0.9155178939042135,1.001876578546003,0.9320158579676776,0.7614142025742594,0.6543894235130174,0.7026965288002325,0.7910748187340451,-0.587455448075278,-0.04450956975286258,0.26449120410622406,0.6023525904910706,0.5968437221635899,1.2699969060269014,-22.774896633420703
1.033771382400951,0.9638848151633828,0.9329331551217297,0.9559559389929774,1.027426361366765,0.965003722033325,0.8072213011978693,0.6672322778213214,0.7156130262103202,0.7847814875488519,-0.42863198686060705,0.0439023846036411,0.32314180775259715,0.6262149297999209,0.6250588934646164,1.45205160440354,-22.615206334414964
1.0235358905871381,0.9625787870859074,0.9407702610949524,0.9741456505184107,1.0277610298391187,0.9600793003656846,0.8090208479896743,0.6695620164936065,0.7162699943114603,0.7873807063742162,-0.43645669068055726,0.04469746149836512,0.32100605572960195,0.6157759691671175,0.618547204576692,1.45205160440354,-22.615206334414964
1.021003544043856,0.9519239619365464,0.9494126856497596,1.010117031880905,1.0564854846278382,0.9611947819053777,0.8151679793865294,0.6829726864768233,0.713573410419502,0.7849044383066328,-0.26681341906456985,0.15212594061672702,0.39697958207628353,0.6616995194839647,0.6591413602507088,1.6941619104910108,-22.1947372193886
1.0054790179140238,0.944094335185399,0.9543528726245529,1.0106222714400666,1.0480306158639567,0.9514225491855198,0.8148846159836665,0.6754381714473642,0.7109931257400457,0.7799898078087824,-0.28308749487761314,0.14486599447994417,0.3822816044083932,0.6479574248448516,0.6458490240419358,1.6941619104910108,-22.1947372193886
0.991411877305924,0.9224450539912914,0.9618083338674805,1.0320270131962506,1.0769595098800067,0.9780510154235973,0.8254936860298828,0.6800778318446776,0.6731275762329105,-0.908070619919686,-0.13582924940658597,0.24174709888234347,0.4531599047551613,0.6857116533367696,0.6922714883123054,1.7501149445041682,-14.990066144451163
1.0033450970855893,0.9545997221328663,1.0069092653062732,1.077546567531141,1.1189810907426954,0.9889743900469234,0.8242943857958149,0.6621944384765059,-1.1601200917214731,-0.6137259026057226,0.00013926208169220966,0.3289266268737454,0.5012300550627364,0.7139687756488547,0.7208861971658997,2.596751527938948,1.183334303036581
1.0308113933522278,1.0564194158444586,1.0794156978927023,1.1593369619421623,1.1547387887897904,0.9994387490550618,0.8184399160574223,0.6687649544533646,-1.1483736925285155,-0.6110303572708163,-0.021196321328206258,0.31988000387184373,0.4526069533159012,0.6654473683561838,0.6695891756246852,2.596751527938948,1.183334303036581
1.081968551696332,1.116305421333751,1.1204205075352534,1.2360403376697984,1.186865472683883,0.9974031076091047,0.8199176376474825,0.7140784330027264,-0.7912120267744591,-0.31969998613008455,0.13794195541043455,0.44570156212759515,0.5592380850223447,0.7402890968279944,0.755461851427298,2.740900681611749,-6.5946160950262644
1.1002090031858478,1.1050516688814789,1.1786843252165284,1.2561168805076752,1.179966192111083,0.9474264126431504,0.8116164137643259,-0.9587436680929888,-0.4436617615691336,-0.06862012893901681,0.3036430761243012,0.5312921920632505,0.6264654768422601,0.8076857033161571,0.8218107418965708,3.549141049228801,7.994737484679576
1.079798779219433,1.1227955970002428,1.2264654873343777,1.3032144894448667,1.2070563755432746,0.9333441900841726,0.8415185542168335,-0.9391196603296638,-0.41076344807356024,-0.060965276021120285,0.286717267604474,0.49427057791888374,0.5599581125469413,0.7445295929463203,0.7680248122947092,3.549141049228801,7.994737484679576
1.1004835980935541,1.157980492259763,1.2476444230481323,1.3112780458807871,1.1927743084233373,0.9262021176302029,0.8662190749810862,-0.5467395324862865,-0.13389031200734897,0.13387094089710516,0.3643439365494541,0.5682852403310779,0.6207960640837158,0.7848587311673452,0.810890654497433,3.63111587533317,-10.981149694881843
0.9981958035062186,0.9980374958382625,1.1541233205680905,1.1766318150423418,1.0878872680242293,0.8840575326107452,0.9426498621627026,-0.512149518297466,-0.07255440685707365,0.16776668363597672,0.36485585114609287,0.5636083503137497,0.6199659201918457,0.7918224541691454,0.8216767970599534,3.63111587533317,-10.981149694881843
0.907658870158357,0.8795470918951898,1.0692047052954934,1.081957445656383,1.0423017102085042,-2.187800014187605,-0.5223425633005099,-0.30194126403085697,0.09207777555932889,0.2722939922272629,0.43312801137300505,0.5618133991218115,0.6190694735707838,0.7701993879072448,0.8068207702898146,3.287221036212582,9.616864649634222
0.9316600594462817,0.9743131064131667,1.0703103001096896,1.0796600041357984,1.0841718641064069,-0.8063784664723204,-0.2995453877220162,-0.12701998523701852,0.17880896682381614,0.31520593211166176,0.42580549619623387,0.516516936270143,0.5788340432989172,0.6849567539986456,0.7189133188827068,3.6377701770905366,3.1388470842624976
0.8751097729992041,0.9820079402649514,1.0125803886847016,1.0132232844589009,1.006425151138286,-0.7497134410788432,-0.24151718463414243,-0.05026198206126803,0.23656929776639524,0.3522714543860214,0.420954519720387,0.5388177747202493,0.5579602565645225,0.6435375128474246,0.6803379107813263,3.6377701770905366,3.1388470842624976
0.8884706365586625,0.9572975448463048,0.9777654211384655,1.0104534997913825,0.9914530841147831,-0.6648008923311701,-0.09853965320876135,0.09788531312044343,0.3481159989685086,0.45228587948356525,0.5205085203752742,0.5782187034370181,0.5995655703053178,0.6475518166164098,0.6723534793041561,3.743514965459272,13.53530197683042
0.9124664135153668,1.0419011652644552,1.031471095280292,1.0660965061981684,1.032056626857253,-0.6238766142526869,-0.06329326745900461,0.16096336260265143,0.3828959421626399,0.47172564601231515,0.5313103194818798,0.5598475305612672,0.5561565853506263,0.5816129880748879,0.6159458772172065,3.743514965459272,13.53530197683042
0.9878464227495363,1.139943158189857,1.10785934494735,1.1337810081330781,1.0448530818597004,-0.46703545159012805,0.06925333542394704,0.3946272844525569,0.5463998095576422,0.6076633889583953,0.6208281567876046,0.6365918712284816,0.6039066351135371,0.5950390111372752,0.6297061809156587,3.850937715747774,5.087161507889398
1.0146334646543043,1.1276530090481907,1.1302255007860376,1.1340781589202256,1.027920303564093,-0.24321226106035193,0.302002941323442,0.4292201299652651,0.7524260530448114,0.7746804216644324,0.7459295418099823,0.7338806688044349,0.677802737672696,0.6463595533417301,0.6726682004095108,4.011891332251405,1.7214492839191102
0.9905626640062639,1.0911671706078314,1.1362868193540823,1.1413891217535537,1.025286050589346,-0.262444134631306,0.32935967714947767,0.44049872310120763,0.7682272473801441,0.782139578355366,0.7519292163062758,0.7323765815571575,0.6676760740053497,0.6286773751607577,0.6586682887049387,4.011891332251405,1.7214492839191102
0.9760121945456737,1.079930032808592,1.1192785783765484,1.0767691472632852,-1.8787402348920006,0.04353291643037918,0.549636785841492,0.8143744119842151,0.8936187666774863,0.8779877232177284,0.8077105438365911,0.7804905523862036,0.7031331449257717,0.6531167371618083,0.6749901576196049,2.9261495954622125,-16.491646685561754
0.9480365213619317,0.9645133572718098,0.9786342767659231,-1.8587724869830002,-0.527856090238684,0.29923488370531626,0.7353097076065185,0.9549607343159459,1.0033220165761327,0.9598690954135739,0.869279155443758,0.8359598076005892,0.7890834463666669,0.7354133737595447,0.7559218246873712,2.434647083253892,-17.176474352695266
0.9042359126919914,0.9117383495532934,0.9467767142620058,-1.9450758031938338,-0.5357727766518849,0.32025647600692,0.7496584525517739,0.9447487038056932,0.975728512822233,0.9245276750647927,0.8721797899418667,0.7896356182274102,0.7499606284248251,0.7018484825011401,0.7209488046885203,2.434647083253892,-17.176474352695266
0.8617985545106737,0.8762224930905864,0.8871474759694191,-1.971125682456242,-0.26501471374413554,0.5283484513623045,0.8618807296416238,1.0075851964135674,0.9938837985454287,0.9518331460548002,0.9123685125941415,0.8478028147181154,0.7838825857957155,0.7080165069031231,0.7178135102888702,2.6138653099842823,-19.789000405795427
0.8486490620886618,0.8742971536842393,0.845970176577612,-1.9810985123024265,-0.276381910955931,0.5186302358549733,0.8211389054652106,0.9647304435468551,0.947672159618919,0.9290248113076894,0.9217370628766528,0.875559311423042,0.8058642185748464,0.720655246067695,0.7137515304867474,2.6138653099842823,-19.789000405795427
0.8811984286420338,0.8787928174643326,-1.860433707107766,-1.9228237817763452,-0.11370964744287054,0.5772242718386056,0.8281723997309763,0.9730021286671225,0.9461292211390773,0.9468423002655092,0.9775823702781357,0.9377512485930066,0.8723081172069449,0.7844322773373138,0.7486028597435234,1.4953359936227493,-17.157680828037552
0.9843653345125163,0.9122889037315564,-1.7982774400131702,-1.8412552619268596,0.08413104092731294,0.6696017835574344,0.83659455269334,1.0093997372529262,0.9465856213961303,0.9740736733537734,1.0442493654547593,0.9781464632986022,0.9529509737535946,0.8525523601020906,0.8076690223527251,1.5689528027689317,-18.944300098184247
1.0655365933328145,1.023295777034234,-1.688611870471898,-1.7825194014492052,0.10922824802907716,0.6681994493245678,0.8135867947217014,0.9501781291128769,0.9156887165375648,0.9644700769927496,1.07194720601604,1.0197095051382186,0.9580691149574299,0.8839126527753035,0.8178457695141694,1.5689528027689317,-18.944300098184247
1.1136328787434506,1.0739443633364494,-1.5979706030634602,-1.6916606375603838,0.25609508480358856,0.700087262766949,0.825523734658099,0.9579007588499454,0.935436867084617,1.0133613948470703,1.151354422184328,1.1223893654830603,1.054621137991052,0.9823085412879776,0.8949638796139395,1.6869088755367088,-24.163255179213326
1.1736590123820971,1.1171878569695277,-1.5276250637699393,-1.6216747778602105,0.27979155700742697,0.6571421867184166,0.7783289488910583,0.8758579496394617,0.8928718057336673,0.9995013951502585,1.1636402636560685,1.1658975614454397,1.0948193587278723,1.0480625522245353,0.9386934394372506,1.6869088755367088,-24.163255179213326
1.1833646839950742,1.1372334816120573,-1.4717148353478713,-1.5589126286070365,0.42929222291727237,0.6870148075719049,0.7775084796982196,0.8357485431893513,0.8883670349356032,1.0146503201826285,1.2050442727587123,1.2235226596942417,1.1607503180046639,1.1335845983928445,1.0084019138601332,1.7762910988701694,-40.159860083087004
1.1021818530871363,1.058351175791814,-1.4547414369343177,-1.5931029357530866,0.45844268524363696,0.6856512034759566,0.7753759266414743,0.7710797087785214,0.8736684458087279,1.0165560082838185,1.2116914221124548,1.2802798463218146,1.234321659698685,1.2534182860801597,1.0991617432787,1.870930204577987,-41.16938214382272
1.0596446174753948,0.9573742799431427,-1.5027588135666343,-1.6363899896819376,0.4504476157040084,0.6166956292687882,0.7048062132036645,0.6574826557950941,0.7944185334563476,0.9522128608448388,1.1755336026081573,1.252103926113389,1.235846842699043,1.291131548081255,1.122094153690038,1.870930204577987,-41.16938214382272
1.0198615997206795,0.9027905252985836,-1.526710920992132,-1.6851485323242046,0.4354845438539173,0.6329644197470253,0.669098429948128,0.5651433783616318,0.7136169833614326,0.8843804318323694,1.1135888471605457,1.2295724903148846,1.2322934142900417,1.3273650616067978,1.170228646596234,1.9451711508496548,-41.370018755652595
0.9799660410206233,0.8411780840389548,-1.6030695313529513,-1.754810489614734,0.4017854475806865,0.6016613895453699,0.5993661788557829,0.4842044697838531,0.6483977895563557,0.8310095355342835,1.0724674299393264,1.2097448350539115,1.2314359158047983,1.3523198746125218,1.1809957094872348,1.9451711508496548,-41.370018755652595
0.9152613103008626,0.7875732901129981,-1.5875093925002275,-1.5886292465191647,0.369484422688028,0.5374206002258326,0.513430122691171,0.3736748668115959,0.5663610234321255,0.7917504334446627,1.055968385004347,1.2236199458683297,1.269434263492358,1.3954720466817132,1.2193656642606616,2.1458677848295835,-40.51300079632374
0.91926862089274,0.7581941648699944,-1.4746444824718075,-1.5468861089380113,0.047294883672882926,0.4444541764639566,0.43575615834924863,0.28526616379821246,0.5027152688719871,0.760087638289187,1.0507387409433075,1.217816968605174,1.272055139150052,1.4200254600289215,1.2292857283162215,2.1889206060237436,-21.63810233732728
0.9753557025762072,0.8525752085379781,-1.4265507669057147,-1.4836832724560438,0.11149276379755502,0.453107193247681,0.3850264332426282,0.2659574017801971,0.4739023701424576,0.7394959817896174,1.046984051115739,1.1885802282267401,1.2515342096908926,1.402830679568831,1.2109712659030896,2.1889206060237436,-21.63810233732728
1.0498068471927862,0.94589889332509,-1.3749491199692097,-1.3724286888194357,0.11292923093468682,0.38719738005437343,0.3374844102768615,0.24915421826442308,0.4927190776927586,0.7486409197123709,1.0664488525514637,1.227377263650491,1.2786407308030106,1.427682474954287,1.264873151118858,2.252726049649506,-20.690879715241497
1.096312696069881,0.674705487263574,-1.3098364630819364,-1.2796476515299062,-1.2741183975916428,0.28845292891588403,0.3248217995587085,0.2682541070210942,0.5320582954149427,0.7938656885184753,1.1387360704985288,1.2709060633716132,1.327988236837117,1.4899448884248072,1.3035858463605032,1.65193270662538,-18.58905708170646
1.158726628932609,0.7339419659919364,-1.2371569098680295,-1.2257662380487335,-1.2318825715020898,0.3148396881754646,0.35731415022791935,0.31920705709148134,0.5715639364633452,0.8319604068494812,1.1765914421545602,1.2717121176277115,1.34598469401596,1.5000775494774579,1.330736382742629,1.65193270662538,-18.58905708170646
1.154591029985437,0.7685700192601628,-1.1484842490740752,-1.1425538619457836,-1.1693249293281325,0.3555406042048274,0.43306324371083926,0.3847340969683227,0.6578404398540645,0.9101913236349366,1.229939281560274,1.2836929241178079,1.3572172809873702,1.511638195758925,1.3696934395644673,1.6787330882930398,-19.112792321225438
1.1466561996132782,0.7825647166579871,-1.1186912677031018,-1.113534642835594,-1.1637866844276532,0.3824708683014236,0.48170625087305985,0.4306104689516951,0.7004296820114121,0.9494822739185712,1.2553459676054728,1.2978645694451068,1.3644931358948427,1.5077470372397241,1.378624675096952,1.6787330882930398,-19.112792321225438
1.1068003285391141,0.7807752073330512,-1.0911326552380314,-1.0535154967609985,-1.105458472285324,0.42647581313486765,0.5280744577342236,0.48067344486026853,0.7379773285944514,0.9802744010335965,1.2665129686707752,1.3321212318403977,1.3628675006337845,1.5219515762890468,1.3749294022175582,1.9016029307409594,-26.842251098343308
1.0269887521214311,0.7091201664167541,-1.1157327591573356,-1.0307035497865475,-1.0926324041032727,0.4327976609664902,0.5915384686165933,0.5185653166083187,0.7630488135309157,1.0244561668401317,1.2875956502198236,1.346420946856985,1.3856701261329274,1.5216669103285922,1.4004481440862762,1.9498614997993666,-27.185499232717632
0.972997786069365,0.6465969746721856,-1.1600487823191148,-1.0596358551843195,-1.1015150318986664,0.432681957121154,0.6048260323004188,0.5276309099177237,0.7630697259808477,1.0194024661485237,1.2704537370628342,1.322923094127823,1.3732944553377175,1.5031437762515738,1.3887383436466239,1.9498614997993666,-27.185499232717632
0.928194862327357,0.6089469527504994,-0.2064938573250235,-1.0470821650296438,-1.0622741372473454,0.45817939349892234,0.6105479748920576,0.5380266722802398,0.7558808636024881,1.0201570206975226,1.23888148547439,1.3233283288650353,1.3531789102467364,1.5024067776066654,1.3848615648693507,2.4921610436583403,-24.91690753137674
0.8725490004282224,0.5775997789043434,-0.25151823001762746,-1.078036590693227,-1.088804081687425,0.4548554759396618,0.6077792246089109,0.5282284521071329,0.7472673150060511,1.0070030216023866,1.2086853069152748,1.3100143840807612,1.3219309878848278,1.4711415639994547,1.350545782718139,2.4921610436583403,-24.91690753137674
0.820025920944375,0.5331430633058157,-0.32184370962076714,-1.0509525977318648,-1.0578654985552953,0.4381375505838466,0.591977792629387,0.5261331510392365,0.7555938378123341,0.9993185425429778,1.2131828828509543,1.3041096556632323,1.3530596934232466,1.4672248948059456,1.3581281457136418,2.5171340251032968,-21.265396278880406
0.8143080232364918,0.5377022356089196,-0.33340722774833176,-1.0036463415833237,-0.9966388269626538,0.43594185685186204,0.5628880556711546,0.49682026132310986,0.7624633605337046,0.9927860406452402,1.201876679764354,1.283625010597108,1.3373533443707513,1.4732239810229757,1.3486149579380786,2.61477137289904,-20.801580187044394
0.8091687815403719,0.5335513199999953,-0.35341244293134333,-1.020841422834714,-1.0113151587209934,0.43533808960192955,0.5656320425881692,0.5099415988148676,0.7703894479952875,0.9975829684978931,1.1996691934719843,1.2838659523790201,1.3305405850012682,1.4589692522120834,1.338340364614686,2.61477137289904,-20.801580187044394
0.8047096646248175,0.5403603618977995,-0.36603582336927354,-0.9434614544977096,-0.9647957030050502,0.4269491917949544,0.5526361820201773,0.5422814713397097,0.7869458480383119,1.0213257744295023,1.2319131141531323,1.3164163479392106,1.3523703420419073,1.4564371806095053,1.3344055455634967,2.6099648538173357,-39.02479653911132
0.7155959000402926,0.42520945327053505,-0.44560021067753186,-0.9681426351073074,-0.9862873135930569,0.3927331695613417,0.577395488741205,0.5208452181304767,0.8005547526200736,1.047138354311384,1.2475828139859377,1.343591951655324,1.3860761329398972,1.5048778004770056,1.3600965346084912,2.671771486462232,-38.87512736765184
0.6479725722943475,0.3351508539280814,-0.4954657619248679,-1.0195489773650603,-0.9980075434621318,0.363101405932591,0.5745283052142605,0.49128507262433196,0.7740080617390168,1.0199152136469203,1.242139468990177,1.3077271405776392,1.3627083757214151,1.4830578163685604,1.3401554823606916,2.671771486462232,-38.87512736765184
0.5997886152011254,0.3114690845310961,-0.5441165137883801,-0.9666391897593329,-0.9601147722702172,0.3933614876671429,0.5449523674237234,0.2806802850239871,0.6320823589908566,0.9227808903864521,1.1950563453915142,1.2874735770936923,1.3443409641266109,1.454506927209791,1.3474440475403457,2.837389985272454,-17.737803578096962
0.6418696001936823,0.4165095826902062,-0.48816660032297754,-0.8968541750289123,-0.8868323849662991,0.4289087042878353,0.4978609592907298,0.27074828578280996,0.5945094636839672,0.885085747010256,1.1645359572433023,1.2419753686324655,1.2970016142933118,1.402592465916919,1.2900257896055043,2.837389985272454,-17.737803578096962
0.7404380939460635,0.5947426772997948,-0.4567073688017844,-0.8519514165382187,-0.8295591866756555,-0.8427126428795568,0.47769225684431094,0.29027575196519084,0.6033886052127501,0.8131973319212396,1.1205700640907024,1.2757168725632333,1.3193927954298013,1.4111825519215049,1.297280590074424,2.5829098623956073,-14.325155814243686
0.8477074968633296,0.7093250088807259,0.43220899428284265,-0.08695946020191175,-0.6935676697321722,-0.7968263316533674,-0.9526008263039684,-0.9660441133223039,0.6282748528119068,0.8499759487066871,1.1743821066018705,1.283500370809931,1.3424409424126966,1.4357782582524088,1.323521452446847,4.068761164798042,6.4697519910129255
0.9119030802624821,0.8891755926741307,0.6120558460367034,0.08277465133514961,-0.6269844296861808,-0.8099680578421613,-0.9406569181844076,-0.978673788422505,0.6569209247859364,0.8723210200795513,1.180922085593628,1.297742947529668,1.2726233174474872,1.3823298016032173,1.2584687475597396,4.068761164798042,6.4697519910129255
1.005113833637597,0.9525174563341692,0.6858616022814552,0.2662007744424828,-0.5262603410238191,-0.7744725438662858,-0.8841538695544073,-0.8725396605708877,0.5172432893947692,0.8944791558545888,1.1873767950986949,1.343308099405687,1.3386970860485732,1.4275785483540866,1.3389857018359301,4.189014569307127,7.069295736710086
1.0641014256023982,0.9877148383360269,0.8078647553261702,0.32255770766705927,-0.49534681223333027,-0.8143136060314979,-0.8271890655861738,-0.8485560300660185,0.5825313406383629,0.9345257031806289,1.1996091658392087,1.3269891372081886,1.3202856156465268,1.4382968628323303,1.343868289491604,4.189014569307127,7.069295736710086
1.0593226461930705,0.9614267168211426,0.836391891952024,0.32712453446068496,-0.43686018301153373,-0.7515712906904006,-0.7044571190437683,-0.7273449203386955,0.6487755973601506,0.9694451774104033,1.1927854036334273,1.3122707489576833,1.2984224974838416,1.418805616037639,1.3460578522116537,4.2276104623951,-6.712041581719065
0.9646253475712866,0.8265175478729218,0.7713844461232291,0.21931521629831485,-0.45505467251271764,-0.7049270825390803,-0.5699283805568255,-0.6092813394315775,0.7159369425177549,0.972594425964521,1.1772910237257492,1.3004854526990448,1.300108124812489,1.4345827149617483,1.3528836398057957,4.2709962326698045,-7.654936756446146
0.834480989130197,0.6785970099091203,0.661511320436666,0.09967990065602955,-0.5078165239416053,-0.6950757249231156,-0.5081901424186568,-0.5609097951538209,0.7515301397855186,0.9719473562390546,1.1509076067043957,1.2382149775459486,1.2488736064963097,1.379302652801034,1.3134789211679725,4.2709962326698045,-7.654936756446146
0.708497156136238,0.5837311042035312,0.5562796346111335,-0.016421508373886007,-0.49388941791819013,-0.5861478516985418,-0.4065079043537149,-0.4356324737602576,-0.3697472356125102,0.8394009418363682,1.0538861721091988,1.1846526961820727,1.1912361995612881,1.303452641214385,1.2549296077473833,4.508574118193753,14.393817175777153
0.6848876758466912,0.6759614602583772,0.5974625933723354,0.28846644757560735,-0.3414881662772969,-0.4506885729682265,-0.31273736191254276,-0.29368917260473393,-0.2745199733612423,-0.3754270338424478,0.9580516477690519,1.0664950166262581,1.0823783613972713,1.1743444812448698,1.1527743691858456,4.569646769314192,16.143899913851108
0.6884140965920159,0.7323170274361909,0.5597467486254246,0.27655903920287345,-0.36688251768359603,-0.3876709752277884,-0.27175974315284546,-0.1898702971477438,-0.21223170366828276,-0.33101002956521425,0.9630783403990928,1.0843414266182496,1.0768327747401707,1.131257938384742,1.119162883622751,4.569646769314192,16.143899913851108
0.729556564024443,0.7724402265852819,0.621614018559426,0.39410294740283813,-0.22693100142697586,-0.34080639681036123,-0.15694577716449237,-0.0605380421197487,-0.08764086999777221,-0.202495779734655,1.0048342073676955,1.0854713604067645,1.0805352420182013,1.1099833552041012,1.1054824578607134,4.89936303635682,13.996206518968318
0.7260655553344728,0.7926257822608747,0.6522767311094598,0.45742216080771136,-0.1647335163575539,-0.2870455212704398,-0.04037900140305326,0.046732201732018946,0.026892628870637633,-0.10109180064463891,1.0146274573791774,1.0966476548303614,1.0651087709311595,1.0758959916476636,1.0797674946927478,4.904145662719816,12.30337985609014
0.7267480806842982,0.7897181438502611,0.6684335036515896,0.4850236156486761,-0.1535952361689467,-0.2806854278190374,0.007974760397948373,0.10527151223851973,0.07271944627280463,-0.06979668991487653,1.0327401167067276,1.1013841961592514,1.0637955619029194,1.0530910277654515,1.0681508732458955,4.904145662719816,12.30337985609014
0.7309664508894061,0.8053993337070474,0.7366469180311787,0.5432019304500872,-0.06339218768208998,-0.20470288139352882,0.09601993098008954,0.19387049503032566,0.15703186084620208,0.0017986160029200143,1.027419745458757,1.083736378670455,1.037902892931687,1.0193384802146794,1.039267681813909,4.963561457072596,3.0051062071474206
0.6860939002237936,0.7479026282408382,0.7044419489654978,0.5094181833743745,-0.10095624117852814,-0.20152400646468493,0.12963947316651803,0.2193241903923106,0.17952277339637593,0.010438711852217814,1.0175378129868586,1.090333379228401,1.034319430188763,1.0076110936773737,1.0301613306790292,4.963561457072596,3.0051062071474206
0.6455274936206558,0.7047063710633362,0.6783769352762944,0.49875285726695445,-0.03733406922693305,-0.1562505879868087,0.18033345888501434,0.27609641187229006,0.22008909855520653,0.04624428959603407,0.91404553130543,1.0361025582270664,0.987862632119209,0.9763100609833795,1.0020083110792386,4.747012601999251,8.68522833407363
0.6474351581195736,0.732620065344828,0.6951436789790186,0.5556778234476099,-0.01972946041353074,-0.05242819639575996,0.2202228434368721,0.34581753734126175,0.26267411336375324,0.07299968802342358,-0.2657599190797546,0.9581835425878223,0.9353178045049423,0.910621777756492,0.964612471211418,4.374372033186035,6.908830026958045
0.6614066087196381,0.7418831658672091,0.6756478926162943,0.527701909181508,-0.02635123594718608,-0.024284944435422312,0.2225714987223725,0.37445791906789994,0.2662679160450931,0.06951637136946547,-0.2686069064096705,0.956212652993864,0.937331932612792,0.9014281977403406,0.9548148430862007,4.374372033186035,6.908830026958045
0.6957234787002611,0.7657563689679562,0.7115470626604301,0.5660152257209611,0.2253090313163375,0.05225551567306633,0.2938077111819019,0.4356871654781803,0.3229164629209344,0.13637951106638158,-0.17996511116593789,0.9455857241643948,0.9323265725482179,0.8894709095972965,0.9408978750686694,4.512194731191518,4.616933081313013
0.7013760316346709,0.7916605666495089,0.7099292568604658,0.5976314614538648,0.2768797581481254,0.10735736072304275,0.35717397520885596,0.5013472521552438,0.3813437916912315,0.18964721529669631,-0.11079962087970824,0.9417544877243411,0.9435131008675447,0.8918765487835731,0.9072090607169373,4.497397704888938,2.2927420287930254
0.7177654890236971,0.7922310144672776,0.716244855211551,0.6137183877800326,0.2859236284643142,0.08921328966683845,0.34533730741485247,0.486194228588221,0.37049698807169196,0.18474232995299225,-0.09975926286896936,0.9562495140087997,0.9585175185024714,0.9055786902562595,0.91395008066572,4.497397704888938,2.2927420287930254
0.7461500761787675,0.8079473554313918,0.7659169669519447,0.6766132041043295,0.35631353503752206,0.14845203855668854,0.3814341638673497,0.510075745049908,0.3960411219644611,0.21593448792783845,-0.03984951376856882,0.9160369040209148,0.9299269789981408,0.9017821549784205,0.9137023864504167,4.357987376226003,-17.7158542610209
0.7038075529824595,0.7030907824352226,0.694924071682854,0.6048973608627128,0.2879711556808999,0.10500655957526916,0.36997258239692943,0.4667201232796035,0.37604201646497115,0.205953354371185,-0.03988874153215399,0.9524231586856764,0.9731298196789179,0.9548687765512709,0.9571590122432267,4.357987376226003,-17.7158542610209
0.6628303853262517,0.6335696937997317,0.6603646826712417,0.5851152968315417,0.34840265001602044,0.11485389487607361,0.3884315095115236,0.4535401927788167,0.36098681706668,0.20909527210764614,0.0014888943970537416,-0.22569361732147514,0.9204576601468477,0.920562481706947,0.9271590421121397,3.8991562660519437,-3.0324541481713974
0.7331876259051325,0.7245840237874375,0.7194946322133557,0.6716161030525447,0.5015476368651338,0.24395579196863693,0.36605546482887796,0.5090230257413169,0.3549421639512973,0.18885991851319714,0.01172630158213972,-0.18474420931028745,0.8271619774848942,0.8648300539827156,0.8630889289107603,3.9094772377073426,-5.804897637529227
0.7694507079705162,0.784820422965073,0.7333368502886892,0.6719063873256879,0.4868100103811135,0.2590585232805315,0.33161521662789417,0.4797499131464642,0.33119654877536636,0.1758036020394389,0.005143724506168401,-0.1551627171036532,0.8405730909773963,0.8902572463962071,0.8706744112664856,3.9094772377073426,-5.804897637529227
0.8358928783313445,0.8300948482633714,0.7877315070700756,0.7652799425541341,0.6354872600163931,0.3333198208709304,0.4024578134294047,0.5258097044538937,0.3731731488257109,0.21791907443832,0.09184022116173568,-0.05736151554400126,0.8778151017432472,0.8769812015372417,0.869017028715512,3.9939402856813686,-9.13522906109599
0.8910030366307037,0.877948102764871,0.850771931534346,0.8451729219538142,0.7310840730615777,0.41892186326972936,0.46637785110465013,0.5358033809199398,0.40667453813094934,0.2649754656517701,0.16017678862109258,0.015914704130895962,-0.2561652526330147,0.8831204883087733,0.8699469083956136,3.3037183497098344,-15.129042456796933
0.9334417447205354,0.8649114470561744,0.8588175699081084,0.8466000469731874,0.7476456246004308,0.40251029880717404,0.4421957866819495,0.5129481066598984,0.3851928252584677,0.25687853909278385,0.17982886152608768,0.02616655735622153,-0.21253939400694266,0.9335668337512983,0.9207116645396661,3.3037183497098344,-15.129042456796933
0.9457845730189045,0.8983078383449596,0.9116284724160342,0.8834160601938987,0.8008042421759203,0.4710326750627909,0.4963966733768636,0.5197221115518164,0.40887436979197617,0.27480657052388197,0.2243332017204306,0.06438986980492173,-0.17617020685104412,0.9453020148061949,0.913282081949932,3.3743239157349834,-16.796023447471804
0.9477671864873225,0.9206076368382822,0.9326667845460239,0.9117135297704491,0.8325699458436489,0.532410386383266,0.515402566577546,0.5319457465733168,0.4270556819243846,0.3010489666086289,0.25494040124463313,0.1355382165970549,-0.10348451548191417,0.9701940704431966,0.9055609003717848,3.437856707316448,-18.484726909317782
0.9485299012729793,0.9155930709606638,0.9336479232435433,0.921076469649293,0.8350652128393519,0.5124097158173735,0.481219242543987,0.48117274960713713,0.3928846482246702,0.281703660727446,0.24996244143247215,0.14422981689406644,-0.08753054023462986,1.0006313719068598,0.9229646936811515,3.437856707316448,-18.484726909317782
0.9803948052634536,0.9199423938551424,0.9384634027662123,0.9459287620405901,0.869280291854075,0.5423314098675023,0.48024869657320474,0.47733023773949435,0.39930992693351003,0.2946369995355314,0.26689205782560077,0.18200921171941287,-0.04291145270772545,-0.21959467174270686,0.9177723985445605,2.584515367494597,-16.89387362634196
1.0355777689183912,0.9420312540189609,0.946720935102215,0.9502486807625318,0.9053567472359005,0.5603321868579357,0.44358347759653083,0.4688384238039134,0.36975961654522504,0.2750441895577327,0.2664797966645073,0.1673106927732076,-0.016353782166277753,-0.19061606721981583,0.9493225717380974,2.584515367494597,-16.89387362634196
1.060777269788771,1.0146795810100047,1.018829449310525,0.9509968036625713,0.9348856696741226,0.6349362679860385,0.5065989917728961,0.478115815573141,0.39423339393073253,0.3119451428451848,0.31404819662905337,0.21071748393529094,0.01579854008070969,-0.13252822818481663,0.9509446655164167,2.9557437281160075,-26.52720443015063
1.0254192793316386,0.9625344544886798,0.9759501470971008,0.9589174168976606,0.8912740098603928,0.5954934916508572,0.517280187941078,0.4477802180754778,0.41058676587332654,0.34835021233166663,0.36744322657782186,0.29059556602099373,0.07858921976772937,-0.06322106422908946,0.9556484204191417,2.9940101321751147,-27.056144172494168
1.010024092227106,0.9225587632405917,0.9564542424977831,0.9619116307956471,0.9001659947077894,0.5577219723880065,0.4844042079576177,0.3959696830545374,0.3737777418442154,0.3286144811091982,0.3695748029795264,0.2881782527897016,0.0963524179644562,-0.0368878638991289,0.9750197526045624,2.9940101321751147,-27.056144172494168
1.0093315818424122,0.9270321305084919,0.9602328463253673,0.9720657882207235,0.907660466349509,0.5624907248468324,0.4613332217728733,0.3874146047842508,0.358890019821812,0.3344551185135588,0.376313026703352,0.31662760098480985,0.12863134163933776,0.01413080529653482,0.9454243149435568,3.0267646977154135,-27.758390723625894
1.0068779915068813,0.9156506941764935,0.9474851125366621,0.9649367539290129,0.9062833725249593,0.5550288300538615,0.4537874846438167,0.3799278220254354,0.36077496256349234,0.34593398006842435,0.39537709500576546,0.35777823245068,0.17925899158082936,0.08197043163214329,0.9571929021957949,3.103096718408646,-28.517964892744217
0.9947715423522083,0.8928389952133304,0.9241501627158003,0.947678161568533,0.8945220412740421,0.5332512437956695,0.41933701398606804,0.33558379945882144,0.3286979110633593,0.3249135863290664,0.3821008790113051,0.35588418528272897,0.18545767586232792,0.09943822102808936,0.9673954045800867,3.103096718408646,-28.517964892744217
0.990083226793151,0.8790851634741678,0.9063396064164926,0.9341943339934208,0.8905533610842894,0.5397421718159597,0.4132474680059053,0.33809518928661697,0.35023464992863396,0.3553668676662837,0.4215786116315416,0.38801434803250506,0.2418337667653413,0.16778466544957638,-0.2909409285020912,2.010897657517946,-16.190244970357185
1.105103531083552,0.9778294914372843,0.9487122545156591,0.9714817477294149,0.9920745664569728,0.621269571319498,0.42566544344615564,0.40222135558296346,0.37533394793942065,0.38776240092034064,0.4694066260939237,0.3967681705590903,0.30218458774656204,0.2176016022333327,-0.2211275254023462,2.168807232203031,-17.00217772730838
1.1440216429214178,1.085059768231262,1.0261581814495382,0.9914829382116163,0.9814881596782963,0.6647121309047023,0.4588965356362479,0.4170609508848402,0.40325706830524816,0.41830476604760947,0.4980808425054901,0.43080799532884073,0.2894264472434145,0.21789073043696988,-0.2258847527686464,2.168807232203031,-17.00217772730838
1.1754346514983864,1.1018219030706404,1.0623742623050896,1.0294923237251656,0.9966610402964403,0.6505035850797063,0.5083670366368801,0.43779260222707594,0.43788050084289665,0.4953726358404268,0.6108519955216125,0.509811403366148,0.35577576195248517,0.25478992139325257,-0.18325075886824704,2.250296013425226,-30.479195268055165
1.1589708405343222,1.072153427490001,1.0535243398225334,1.0050779855400898,0.8923305459000465,0.6202615655713342,0.5397309342260777,0.43393255634118577,0.5025563217305323,0.5726799233151219,0.6908222471301475,0.5883541924311455,0.40212318378340417,0.30607648283902816,-0.1819758696052493,2.1938474910984542,-30.993954365485692
1.1432359963195022,1.0401338208549686,1.068962706963489,1.021549268160459,0.913488627493379,0.6047610675671116,0.5399268971844631,0.4091633505652498,0.4863534248577066,0.5642469043061393,0.6954827375959414,0.5788784673554191,0.4037269869776118,0.3152349404778266,-0.16754094437663963,2.1938474910984542,-30.993954365485692
1.1273040570487907,1.0191465717682617,1.0454145579895313,0.9887219883510657,0.8535302748381197,0.6206010464567118,0.52384044410813,0.4370164968109449,0.49782436395044244,0.5889343056433058,0.7087819913448687,0.6166291433343549,0.4498663462347169,0.3537437794210503,-0.15004276409485312,1.866707870145869,-18.23251035665534
1.1749431669393289,1.0873600153445846,1.0855839746730525,1.037881781849634,0.9175494764937263,0.6633274492233092,0.491020241800872,0.4386770308190623,0.4703290493670206,0.5645650838728433,0.6848771039233286,0.5836626596294532,0.4376450882384228,0.33923862426500445,-0.16153674575350696,1.866707870145869,-18.23251035665534
1.1910305205392262,1.149084034426066,1.1169096082940198,1.0321172698959065,0.914823460519141,0.717713644236108,0.5320649417971641,0.48158208242857425,0.5185078397594172,0.6200938727196305,0.7198670127872361,0.6416818290200426,0.4726998379864978,0.3582954876158676,-0.16004965962100692,1.8959399049553243,-19.29016865271312
1.185455306883473,1.1179486395961764,1.0737677356119817,0.9956021945259044,0.9147868441552391,0.7008026401186832,0.5722545068943374,0.5203436739100915,0.566406978197693,0.6818789656435122,0.7959303136111404,0.6936133260858297,0.5076886157349518,0.3823282277110621,-0.18750910308642327,1.778335617035034,-20.308478971669395
1.208290961139364,1.1291759399392975,1.0931037819690754,1.011517185693184,0.9250110842006638,0.6963790900304339,0.5839054539677289,0.5282799442477647,0.5782390744991949,0.6992392692297148,0.8159020913067567,0.7054250946966203,0.5231628518632148,0.396928280634466,-0.16869389078056435,1.778335617035034,-20.308478971669395
1.1897919862260324,1.111039362581412,1.0682974047190805,0.9876770688888115,0.9328950910648489,0.7285395329400769,0.622890414185598,0.5641982410906425,0.6233849454592812,0.7466439032846852,0.8469506324708713,0.7280056776811028,0.5272350256056302,0.38121285773018854,-0.23530270082929383,1.7875676597151937,-21.488559124916677
1.163438924007185,1.0587710069628682,1.0286423803409002,0.9849925262554606,0.9324751821286117,0.7640670885041604,0.6686058097792688,0.5986637862750696,0.6675245717155065,0.7805659416626287,0.8713809052676125,0.7440089628742546,0.5344620179567869,0.35797418333553793,-0.3145291926598792,1.6152158507845922,-22.86312577766774
1.1615890346988271,1.0462399228141703,1.0212751299190643,0.9774146453481967,0.9343198343224746,0.7744629574204109,0.6758808412523493,0.6057410555207793,0.6699687100277015,0.7841855901762326,0.8712913475793402,0.7422503489313168,0.5431374507947925,0.365890963253226,-0.3023450444672117,1.6152158507845922,-22.86312577766774
1.1089389374786225,1.0105917250896344,0.9915642850515258,0.9647077742221155,0.9336741301854147,0.812983350179965,0.7183195337153588,0.6427493263620454,0.698465385888798,0.8073608759385966,0.8893393812232857,0.7488232750929642,0.5416016608815327,0.339977625016898,-0.3789657357640328,1.7714818952085682,-42.1327504962583
0.9905594494944616,0.8439642516954071,0.884284841457128,0.8665939635669307,0.8503593349426739,0.8038320349970905,0.7387194597845113,0.649588151949638,0.7326251546888733,0.8564416513954112,0.9068880838969426,0.8074611126695205,0.5819597866888576,0.3606770754598231,-0.4425587587040057,1.6527004716733353,-43.34337426520214
0.9164328129345659,0.725237189204699,0.7986980931137048,0.794277870740313,0.8358033263535769,0.7701399189752894,0.7177418921612257,0.6064590309069132,0.6884325074920707,0.8181909826733827,0.8926177999410514,0.7694540558481151,0.575879135366552,0.3575378759603222,-0.4443645873000501,1.6527004716733353,-43.34337426520214
0.8311891484438239,0.6897818301852903,0.7321062387293575,0.7489911147770453,0.857878742180036,0.840445705445263,0.7354213613080597,0.6210599965200155,0.6761273102213191,0.8071164393529857,0.8914616339561736,0.7970856523025887,0.6054263281471416,0.3759999176039167,-0.43346291934284475,1.63694154337884,-27.895464061196726
0.8546939248143324,0.748524028478963,0.7346662646409576,0.7734706908508588,0.9049018978428074,0.8686341888400843,0.6780473505963445,0.598751513485726,0.6257496751927563,0.7645342135415003,0.8621909860646024,0.7622658904884356,0.5815788254999887,0.34722407932021415,-0.4658839474909918,1.63694154337884,-27.895464061196726
0.8993270141380256,0.8143736640911303,0.7430734676392525,0.8211476065461676,0.9348567275714581,0.9303896171186914,0.6965221444780928,0.6342084690925033,0.6535464974724179,0.81313496580191,0.9045294814078333,0.8291935568910459,0.6375117561089336,0.38276390222335377,-0.45642782198922993,1.3543487536113838,-27.715775744720162
0.9616510233724999,0.8470028353817676,0.8022322665533701,0.8724291123906821,0.9999744495118833,0.9323731473283015,0.7228754273745706,0.6644182251059959,0.6975427626998314,0.8652005910186358,0.9795252641635843,0.8649109385863554,0.6777038616416617,0.40069237071596264,-0.5107867909723733,1.301559955304442,-29.429352219401032
1.0086909160844888,0.8963785616405153,0.8639397002588234,0.9114866226099982,1.0141397014690994,0.9218867301523128,0.7316708256959765,0.6583459678269223,0.706463567512492,0.8850258396199611,1.0152945454888767,0.8918658617602822,0.6932188845236172,0.4203048013398438,-0.49085862959804066,1.301559955304442,-29.429352219401032
1.03889225849921,0.9341038273875433,0.9411938866989813,0.9909010281618336,1.0728068921926894,0.9488545286905707,0.7689963215849069,0.6813307516948733,0.7324447988734843,0.9251548841841957,1.0666337162809323,0.9296000527717794,0.7106479372414631,0.39053018913979054,-0.5181426193783767,1.3566636842992272,-30.897056633843505
1.0570869522902278,0.9621510570209133,1.0087434667848916,1.0654610849512178,1.1153135347127037,0.9829702549326533,0.8041144392940172,0.694818720874383,0.7596271670329814,0.9542133944219544,1.0779138922935403,0.9575882619676501,0.7263148809095326,0.3538034557468411,-0.514954023335214,1.3280961795260882,-32.26917903155083
1.0662059238937474,0.9643630731978599,1.034579333942625,1.0893927770184446,1.1262139364347017,0.9782616020159347,0.7981206991146179,0.6780775010491864,0.7516813143407162,0.9520102383281511,1.0742402987523034,0.962416952088514,0.736847621606028,0.37161881740135017,-0.4972050668974332,1.3280961795260882,-32.26917903155083
1.0667717490469732,0.9963825977515923,1.0523104356926338,1.1321792215865294,1.1711366140887085,1.0106886929763093,0.8166631447149955,0.6858368350995344,0.7662299858126203,0.9471042391368507,1.0928066698735552,0.9665150810449185,0.7233383277941972,0.2949561886528597,-0.510833902176908,1.2863351263663239,-33.69584723063949
1.0576220110635988,0.9795036428437038,1.0802116237113015,1.1190612870594863,1.1722845784295917,1.0141346537966884,0.8078206188085125,0.6770946698095749,0.7576656448081418,0.9746355687904446,1.083799959770474,0.9616420180290774,0.7038617630758925,0.19606942208169503,-0.5091122640253493,1.2118350216842462,-34.56535829503234
1.0415937443838859,0.9525896768829439,1.0562082829083086,1.0926420815038587,1.1619759198199304,1.0113038667206176,0.8013500220356116,0.6668243544215671,0.747602310862006,0.9660130673778231,1.0742671696654336,0.9530052688695367,0.7048510507682562,0.20136321282806185,-0.5030909817810139,1.2118350216842462,-34.56535829503234
1.0395134552447225,0.96946195908295,1.0609146453538492,1.1161505020357596,1.1867479235565144,1.0525269387927252,0.8392509490562178,0.6920556842181745,0.768746862159954,0.9636163654312292,1.0914609055539304,0.9571798723300482,0.6842996334681662,0.11822168685738703,-0.5019778039388687,1.2600959579458455,-36.242283985144574
1.0154704566505486,0.942260870957153,1.0255239546007209,1.0859958171479267,1.1670364893945067,1.0486555361493142,0.8350174884807142,0.6839514953327692,0.7615912555109732,0.9599535702791597,1.0879933932175327,0.9579221867413883,0.6871367124900675,0.12110402169823803,-0.4983851368508308,1.2600959579458455,-36.242283985144574
1.010530942514645,0.931283985695726,1.023816815315472,1.098514181117042,1.1829074377370268,1.0481151517427845,0.8461141823812302,0.6896992175167577,0.75510060767086,0.9775294562836317,1.0898350596419177,0.9476756261639159,0.6487901086087766,-0.0012103457001329532,-0.49371065442772544,1.2803196302699424,-37.42906519933904
1.0182808381057988,0.9511511018958249,1.0289095490948659,1.086530457364736,1.200384904922473,1.083805816476898,0.8502581581167741,0.6911771479837234,0.7785233610320245,0.978268261987012,1.0942965693071918,0.9562087511058432,0.6161419543337678,-0.053989627921766564,-0.473930360563609,1.287333189721445,-38.41286882594347
1.0063352008255377,0.9358743078406395,1.0108567015776222,1.0727310518522948,1.192451178123476,1.0778313545156144,0.8430851261439437,0.6805378464057291,0.7685934739476853,0.9736325379552997,1.0945319928024084,0.9563101820071679,0.6198793636188297,-0.05095243141193266,-0.47042721014593825,1.287333189721445,-38.41286882594347
1.031322354389176,0.9583658505438171,1.028600458639636,1.1059547770222264,1.1943806688710306,1.0795426718268146,0.8598023950802771,0.6895288575304462,0.7610335524547788,0.9913582214126888,1.1127789264841326,0.9497089963258751,0.620930117120188,-0.09234399658978366,-0.4536850244899944,1.4223052356276953,-39.248155228786906
1.0494994022637825,0.9789546263130322,1.0454256967169713,1.1063373451334866,1.2140210196028798,1.0975458034804721,0.8672239669045525,0.6826659559561107,0.769645988930542,0.9897983869496308,1.1121527165492255,0.9515484889393221,0.6210507657827273,-0.12442781264040867,-0.4275674241953471,1.4655426524853161,-39.91485513728387
1.0427562202351728,0.9660822932602782,1.035339076109018,1.104575010831394,1.210348587213693,1.0845432124491634,0.8524225514959537,0.6654184076248204,0.7556111922840489,0.9823549556931249,1.108251748867106,0.952215813490529,0.6270438590301766,-0.11845932992133416,-0.42249621689629296,1.4655426524853161,-39.91485513728387
1.0679579569805888,0.9869216882990506,1.047647283312703,1.135232189847629,1.2141613715497341,1.0875783055011756,0.8553595609934398,0.6677492633237565,0.7583201762543252,0.9996425415660756,1.1029241344526375,0.9445547311398816,0.6267856910435478,-0.11586293357059071,-0.41012929641719964,1.4948040162733278,-40.60989348415668
1.0621512204685866,0.9789485870504346,1.0429345947304136,1.129507040370769,1.2079099008499101,1.079334534012975,0.8435109090787388,0.6520250429251089,0.7461906701939189,0.9916559032903272,1.0964218118876463,0.9428518503508196,0.6269141204213764,-0.11293872900968349,-0.4079966246740726,1.4948040162733278,-40.60989348415668
1.0843159748802025,1.0090219840554533,1.071684370738891,1.145537344524876,1.237500009986849,1.0999459719985103,0.8479279011180465,0.6515081308112909,0.7486279734118998,0.9911891548845448,1.092214010320005,0.9129040541681066,0.3249416350540528,-0.1346481974194689,-0.38312442172947037,1.3536284255591182,-42.21742839358229
1.1222405795633488,1.0231550855585216,1.0878780665114558,1.1556203295412026,1.245941845302486,1.1014226245678878,0.8500596802104963,0.6655853313162112,0.7547601385106163,0.9902589802167038,1.1079011605219473,0.878038329426485,0.33057884445432123,-0.12423683158281076,-0.35335251740667123,1.4374444235473276,-42.74528877691937
1.1087938731540623,1.0149970927458218,1.0842984528467812,1.144179085454283,1.2366311569925612,1.0951546089563096,0.8468977655140367,0.651465273086479,0.7463007208698194,0.9851468724983794,1.1076432737046775,0.875906242535528,0.3247906612467648,-0.12633909547286795,-0.35672548994018743,1.4374444235473276,-42.74528877691937
1.1266401412446487,1.0326814959787536,1.0981992287551483,1.1538991593233243,1.2511221825310896,1.1219830816206522,0.8541118458297576,0.6663978455951027,0.748346175053656,0.9877048334678316,1.1080630353163305,0.8754624308792468,0.013386003148646325,-0.11268529577666489,-0.33084433325585616,0.7590653048287841,-44.26187741786553
1.1806260936167194,1.063775666366824,1.0970763164912476,1.1577507078905038,1.2644716851350108,1.1469739936607373,0.8639060962003424,0.6853227045473023,0.7609903928172481,1.0142581331081897,1.11355289549181,0.8654257278080812,-0.01216922132819008,-0.073443841332622,-0.2846320496943983,0.8052336420760127,-44.72979620536277
1.1789373817928404,1.091841390322919,1.1249898582434807,1.151652871130745,1.2593940082814963,1.1629720502753693,0.8794909056531415,0.6800410030267147,0.7609569176193468,1.017072081074278,1.1272865244686117,0.8689546456276359,-0.028529987349423552,-0.08263689978864347,-0.29595725394450245,0.8052336420760127,-44.72979620536277
1.210772282892663,1.1271527099413032,1.1532626399230095,1.1995331309497899,1.3110976198805302,1.1959416148131203,0.8895913305222022,0.6796015303914968,0.7540822309308224,1.0247625292507432,1.1381689544028573,0.6643704646925943,-0.023528034051908217,-0.046097788058238,-0.28266893994585746,0.9089427790407227,-45.20863414780857
1.2245386124264386,1.1775912324390543,1.1797614991796541,1.2300630118829674,1.3248937049213747,1.1975944235959894,0.8982397155767305,0.6909687705430081,0.7522610946005162,1.0265192962847807,1.1461487494786122,0.6773255803417915,-0.032919046735622404,-0.03339128845789271,-0.25946627594537897,0.9208835438743304,-45.722396025780206
1.2415749829484553,1.1927502889196684,1.2000599689256857,1.2587423018399533,1.3386647899953934,1.1892110408968253,0.8816403839542972,0.6712886942854388,0.7367586184153931,1.0223639101249924,1.1481452246000272,0.6882520839737463,-0.021127783010047696,-0.02010972898048559,-0.2476726903961812,0.9208835438743304,-45.722396025780206
1.2936803878959386,1.2120431447373343,1.2470574065837998,1.3058433592039695,1.3571180817575534,1.1959749373521738,0.8751397813585454,0.6501772839778768,0.7185010469893854,1.0149181881810954,1.0946538526989675,0.6919091951871504,-0.0158240755719002,0.03287726958754659,-0.23960699040606342,1.2604507679283516,-45.757202467600614
1.2920800757519397,1.2156735092928297,1.2620053362631563,1.3244266193083138,1.3555861578388655,1.1750224746564946,0.8566349323889613,0.6144366625447324,0.7008247507951169,1.0046210124173371,1.0824288269576343,0.6995292827813041,-0.01896650481199394,0.04069696737614595,-0.23859201482567957,1.2604507679283516,-45.757202467600614
1.2979110316622404,1.220968261826401,1.260923212957696,1.33230945724207,1.3830918431376813,1.156257957632687,0.8301918574147611,0.5901291683681953,0.6824545080447442,0.9903841136396194,1.0138770920145115,0.2542485652064115,-0.00633372355234274,0.059714027165924694,-0.22452002448687314,1.2494912277624413,-46.231015064872395
1.3311597474135488,1.211279509819808,1.2570608730477448,1.3259015646397414,1.381134823823213,1.1457492861419314,0.8161849957625494,0.5698326615680407,0.6676634283462366,0.9737116869054845,0.9448779414163432,0.17723260524424425,-0.0076172832842407445,0.09439473140948393,-0.2205307479576867,1.251027607810144,-46.208684284441844
1.320422806822667,1.1877387019132943,1.2378970283784385,1.3033605322448585,1.3703423752700408,1.1354441139637603,0.804750133624151,0.5555148566668335,0.6574960554688171,0.9637704339683104,0.9335942087753105,0.16794437978027027,-0.01107746217428851,0.09699838079631783,-0.21728836464061627,1.251027607810144,-46.208684284441844
1.3051970277103178,1.168923731529927,1.2354670247387585,1.3012173278311403,1.3609288596683724,1.1395320693182809,0.8010150120685847,0.5493937668913313,0.6528322579751044,0.9560715701268117,0.9267317972669153,0.11829600178455865,0.01288376053219678,0.10176622163560328,-0.21712291742281167,1.2786218529361784,-46.27160165725235
1.2932799026957944,1.1708397196799671,1.216101948974973,1.2773783561781724,1.3517051700317437,1.1387804266088857,0.8020200545466336,0.5475451467512462,0.6489104461144203,0.9191394874641831,0.9241959127109183,0.10110116834814306,0.021782079445942515,0.12586949870441375,1.0423704917723347,2.34371718447386,-41.34606264716596
1.244689219883428,1.1720543519253377,1.2174416754046338,1.2897749959670928,1.3300042196021615,1.1096017822973887,0.7979027343252918,0.5122373911548039,0.644929604064622,0.9143063094761811,0.907032052051522,0.10422027671352282,-0.0163741582062229,0.10013097618827467,1.0063549328021877,2.34371718447386,-41.34606264716596
1.2379660626877527,1.1315723506045905,1.1702204364238635,1.2959632449194998,1.328895670423608,1.0849443324799841,0.7689889178156518,0.5124593021278738,0.6153606519221267,0.8823085056856337,0.8879774875306884,0.08637837289315481,0.049626311800066186,0.12809185678501395,1.0742359736025096,2.424924235337273,-40.698627736980555
1.2579302855456094,1.1265797229561674,1.1842082797516804,1.2836781681610667,1.32559022528649,1.069102154239784,0.7721268427062224,0.4779554089919307,0.5892746089018985,0.8758704518168403,0.23660013031371674,0.05621799223722371,0.04553626243996506,0.11785291183849411,1.1034474740898,2.333205908140215,-39.76710002924959
1.2399290686088762,1.0959097099259023,1.1578021059280919,1.252819993848013,1.310797176345082,1.068390775172892,0.7792584644095661,0.49738209216549967,0.6014244881675046,0.8767249445488562,0.22521871807942767,0.03604390567370985,0.032160736132276546,0.10086801098258324,1.097118864461962,2.333205908140215,-39.76710002924959
1.2114080617114866,1.0750581466486788,1.1374331601992733,1.2172657881013764,1.2909193720888879,1.0716054104351784,0.8010501725736248,0.49868136930532714,0.5709014738195555,0.8850375966137233,0.14815771027867053,0.026381979164262825,0.042077192248402145,0.09021154255953336,1.11512623787177,2.4004431390475514,-38.765663287991416
1.1772980787457172,1.0539098009068564,1.1116893339477079,1.1870634408687057,1.2710824156974425,1.0817508233138975,0.8265019689281426,0.5290618528982258,0.5931531669832233,0.8970864551517037,0.15144114681565712,0.01336785147050168,0.024397540076251778,0.06342442537522364,1.0963053048091878,2.4004431390475514,-38.765663287991416
1.146554874938119,1.062792684165356,1.0949183484422509,1.1661070950735068,1.2564942386376763,1.096664394024314,0.8165689926456233,0.5239903918636315,0.6159330680675914,0.911569926603087,0.12191271066666781,0.03937120081718598,0.03571677360788317,0.05213100437646359,1.1183272471096604,2.4951083563736205,-37.83044496660048
1.1227105073699997,1.0610590154612385,1.0915171630783491,1.1578742258673584,1.24719264602038,1.0786657029577538,0.8146566491492879,0.4788707129272869,0.6369887601939859,0.24603468026719988,0.12688221203003092,0.07052591947416736,0.04069868213809136,0.024736268372071324,1.1384495382672497,2.5609114364400307,-33.844737508323696
1.120626183036707,1.0855935871656073,1.1041246083795806,1.1760771781294281,1.2584183331336196,1.0978133976471738,0.8325263468734895,0.5117490747547457,0.6550009697992607,0.25758495263255243,0.13025849065679562,0.061659167821588534,0.024367694672305984,-0.0053577112076861055,1.1144150498989418,2.5609114364400307,-33.844737508323696
1.1283305620903854,1.1086237012682063,1.119125825383484,1.1893618267581754,1.2308131722264646,1.0738879636344472,0.7929212932985976,0.5455882137140909,0.6778707404450849,0.16519679553004785,0.13845142372275654,0.09225112324955753,0.03639372921931022,-0.026516451576332034,1.1426820554006127,2.6029297770061053,-50.60386073817391
1.0669938393804825,1.0121983201462572,1.057857490894274,1.1019424612703752,1.134942180022782,0.989616417577913,0.7317388592175709,0.5530401069045268,0.0005147766175195301,0.15670832591540512,0.18687540271273806,0.15749868105937076,0.07743766836965887,-0.009136971626793722,1.1871667350440869,2.862352603338868,-43.05676087829147
1.0262954344395592,0.9780840122399095,1.0541641010493428,1.1035304646356008,1.1563450351604367,0.9718337957682576,0.7297673982490902,0.5358496044318335,-0.018687307677955012,0.13237466476187065,0.17532061244094943,0.11538249744314466,0.03588154935210075,-0.051772725550062515,1.1456038937655144,2.862352603338868,-43.05676087829147
1.006179383538333,0.9863684491339317,1.0235336464839393,1.0802460479875875,1.107588665473927,0.9139484044430213,0.7079070183924797,0.5424915703373152,-0.018193904394310234,0.1470290061141305,0.17968021500796727,0.15508927045072662,0.06822226090472128,-0.058954018003866765,1.123537543592528,2.8878773705355316,-42.82811291111538
0.9974970596850918,0.9705303843609918,1.008270557114336,1.0608205916283362,1.1022681619186758,0.9027262364998674,0.6963577848625467,0.5324620609733794,-0.0305668961263168,0.13354359334775912,0.16814678320037196,0.14116053912264415,0.060135654198762656,-0.06675835176675149,1.1092116770067146,2.8878773705355316,-42.82811291111538
0.9940219016484444,0.9488349875076537,0.969767217732857,1.0418841512630803,1.0897438652844695,0.894082718859848,0.6840302265164413,0.09340679360060222,0.012670180598070013,0.17984607274825715,0.22538535319326702,0.1922413107251592,0.11803502768074148,-0.010978991258756982,1.0934933852966278,3.1384671159646693,-38.57250245919952
0.999022412298915,0.9624662957995757,0.9803098791123901,1.051002746289606,1.0956715268367032,0.8655015541892871,0.6716226660362379,0.10388445007000313,0.050040507258032774,0.22947512655453806,0.2822969302835065,0.2557445265639758,0.1676331185385287,0.05103074739322033,1.0153503588907726,3.1491375646057023,-20.98929664334215
1.080486618185055,1.0808562958459182,1.0604825643005036,1.1458964500068827,1.1735436290781134,0.8906710333990986,0.6459304753765251,0.12343168474245847,0.04728479767935179,0.2238174424373831,0.2762680370146734,0.23383524410587309,0.14499466100890757,0.018706039299248745,0.9838907576515902,3.1491375646057023,-20.98929664334215
1.1576608551397782,1.17866491345352,1.1401183690529448,1.208193403648523,1.1880747202475541,0.9069600919026181,0.6611695517985432,0.13220682207551926,0.09078025966949876,0.29509139542724283,0.34987714445163776,0.31707203430062636,0.2071068133383419,0.07022638119750005,0.9923341617861223,3.2622567435115437,-20.53341888870394
1.2047086245444638,1.2048849660280228,1.198673689397069,1.22992815752779,1.168364358339428,0.8732336359829228,0.3635617564571825,0.09870588173542483,0.1386203610291129,0.3417784956495681,0.4426888970289187,0.36559549763489435,0.22763689200519432,0.06555631322715622,1.0026969635553304,3.3334914516989995,-17.412507337408904
1.2419960314998142,1.248151655375954,1.2656234363837946,1.2870479576115632,1.1965133563257377,0.8766065353639478,0.40068595696107434,0.13752585647734872,0.18283628742481006,0.3740891734644515,0.46073253705198214,0.3696042557973469,0.2203966951623103,0.056068995095638285,1.0005196953165134,3.3334914516989995,-17.412507337408904
1.2286031149652448,1.2318481833891897,1.259628008808667,1.253864161083715,1.1043229838208006,0.5796495222788599,0.36184009144739393,0.1809153301001274,0.22965368872656677,0.44908528733117437,0.4952938987490523,0.39143618123905877,0.21352028748732743,-0.0009574482615406499,1.0477827142629608,3.157669549848225,-15.869253908837905
1.201549325996935,1.1907632263137466,1.2279684244833697,1.1818995856060952,0.9379105630734419,0.5352449003582528,0.3934286151104819,0.23689499789612956,0.3075558480240168,0.5130617434509682,0.5341814425595975,0.3803992851820774,0.19939520505051367,-0.0738205289921425,1.0719186773183111,2.9587361114229527,-15.774208264393351
1.1940177728805679,1.1920710952275502,1.2321932645353557,1.1689260786732798,0.9365881964162118,0.575661047892508,0.445783668849686,0.29992404756028335,0.35369710706874513,0.5381070427552234,0.5363070278409966,0.3675328689622003,0.18307667998016647,-0.09736755334422925,1.059056944140155,2.9587361114229527,-15.774208264393351
1.13318516709224,1.135209658338139,1.1507081558929224,1.0322776787962127,0.8119398041010866,0.608189324336573,0.49967450160293525,0.3901347729038648,0.44218235270598594,0.6039116625984653,0.5688139859141413,0.3836096131901529,0.14416319908204656,-0.20298659035365485,1.0671645681690443,2.278257625001947,-34.485475478986125
1.0704449906217826,1.0142838137165395,1.0397112096936167,0.9171187858725894,0.7411344663116864,0.6254377212609242,0.5590340904862037,0.4524105701523826,0.4834018920529978,0.6359362589451079,0.592549592128951,0.3997843235123405,0.18278870577173767,-0.18465667920859158,1.0996931030743728,2.278257625001947,-34.485475478986125
0.9466494076596559,0.8742486179562512,0.9030556800256736,0.7251544698667137,0.6811905505498256,0.6373605083960037,0.6232771444211376,0.5020133679322529,0.5293113758689962,0.6592398292647172,0.6310834830221752,0.3716575460771761,0.12923037815051297,-0.29740963784046603,1.058140456649474,2.164510734487605,-26.506003990535646
0.8920241641470366,0.8544241822266843,0.7884188038199769,0.6818811958156831,0.7033342057183769,0.7233231800940858,0.6476739701506176,0.5790895563422528,0.548027070846399,0.6887989703011902,0.6568608643807077,0.41170631587807127,0.14772462773552214,-0.30404047812483226,1.002002274500442,2.116614517865531,-27.11352802498309
0.9076448209472825,0.900275176015289,0.7811535413666508,0.6901040745169706,0.7073688275764751,0.7604263265893121,0.6438340364962516,0.5955059496740223,0.5427318141885877,0.6900795486836864,0.6597600575783888,0.4308299972710267,0.15731148747790719,-0.3079970450235927,0.9901764533092647,2.116614517865531,-27.11352802498309
0.9281253911196277,0.9012846662236662,0.776192987149343,0.7195594887907889,0.7509275360404749,0.7962417332392162,0.6820490449555426,0.6287926531390013,0.5759626854868058,0.7280989470356378,0.7258532828279922,0.4886196758122873,0.2173694096910097,-0.2639403526046745,0.9948504836779232,2.1939961620995403,-18.88855449487427
0.970556844388965,0.9656760190142806,0.8536791661855955,0.8180697448893905,0.8378302956869556,0.8360227408228026,0.6884870574182729,0.6464309152911478,0.587141698521094,0.7509664008463983,0.7431906904653904,0.5159877130015105,0.2202616075657418,-0.2674507885423706,0.9874663048405481,2.160006972101897,-19.737072360771194
1.0529387361265832,1.044060397179178,0.9247453706504409,0.8954470181738367,0.8718169298032173,0.8325379585540414,0.6724227292674717,0.6405453176189001,0.5872429113226958,0.7619823946190167,0.7566234513521457,0.5550784076386642,0.2506702672791212,-0.23627123330376654,1.0118427847214817,2.160006972101897,-19.737072360771194
1.0992177826845853,1.06184609729593,0.9788700665794496,0.9631849034973694,0.9164709999437983,0.8184266207400608,0.6942913593675101,0.6454058045890486,0.5964532151052384,0.7763148240820069,0.8023620185513953,0.5861850830146451,0.28266193259886174,-0.23790922624341926,1.0374911132396714,2.203362526871235,-20.395547078602156
1.1113051151756868,1.0534523045086392,1.020271848672721,1.0115496724579847,0.9518798046096684,0.8183176034960036,0.6962202462648287,0.6300229155103909,0.6103216284354334,0.7949288910409017,0.8077076752767741,0.6117671369758443,0.2784471658036777,-0.26148488676305304,1.0590279334533934,2.1154953825868583,-20.93597798752357
1.1405892925258807,1.056547349100489,1.0495247573257234,1.0344652993054297,0.9683324646732901,0.807067794567494,0.6879018912577275,0.6151368034874117,0.6070994187259251,0.7904604853989221,0.8011929053085629,0.615524507666333,0.29045640358068703,-0.23645543227285012,1.0806627425772748,2.1154953825868583,-20.93597798752357
1.1184023561091005,1.0462729829636872,1.0476109546309993,1.0354219250989851,0.9893618688849244,0.8201025432943457,0.7024391542293204,0.6248044242608075,0.6160568474893482,0.7912385647921686,0.7915562752751167,0.6104000488432622,0.275675230724439,-0.28101484238946983,1.0910313608820932,2.246175129879356,-21.75153807445234
1.1020208476003912,1.0175915186392626,1.028488233296564,1.0155919531340307,0.9749512236794242,0.811071352366709,0.6998069979288548,0.6125958939594643,0.6153270230541417,0.785184427251456,0.777912266435985,0.6096629805136897,0.27479813955022137,-0.2703352428195883,1.0986378380218627,2.246175129879356,-21.75153807445234
1.0570685203211294,0.9575101231598571,0.9923216977488734,0.9878264907183785,0.9677233665811756,0.8186073271807807,0.7081745911003788,0.6095618877355533,0.6317865524307862,0.7798790814398949,0.7743654872328405,0.5999119084927189,0.25585781380743455,-0.33450933365145846,1.1054456336372995,2.1510000707686743,-22.409863936192167
1.0335904030511123,0.9195359594202546,0.9534762246030927,0.9504756594451522,0.9647330784289364,0.833969171024846,0.7280523938451687,0.6390366577858233,0.6380710599250771,0.7857409424861593,0.7744688144499645,0.5882293176819766,0.2210266352687445,-0.40959159484527596,1.1090515271776793,2.0637051279154752,-23.358284385659147
1.0098043095355294,0.888012877698916,0.9137069086352806,0.9065921503886663,0.9454753002300216,0.8389762561975951,0.7364271580989701,0.6477140167205269,0.6439607467549107,0.7849935604014209,0.7733042081062756,0.5809774711179942,0.2182750984369879,-0.410164635365299,1.1105633497255922,2.0637051279154752,-23.358284385659147
0.9558719212920943,0.8504082270407414,0.8781635497737625,0.8778660804063474,0.9488655579936364,0.861075306859037,0.7619814987755872,0.6602285811608476,0.6671706463288058,0.807681984660221,0.7718933436275942,0.573674964597297,0.18135369842064786,-0.41525733706868484,1.107187483160422,2.0464378547342523,-23.855466781310824
0.9356956069688708,0.8380630926843212,0.8522260390351036,0.8611059359881675,0.948529258351608,0.8968612967952992,0.78628902297377,0.6936503615893046,0.6867413387609793,0.8144927191135825,0.7889549438148,0.5618699791451383,0.14431496109046144,-0.4173836898151704,1.1069243755635512,2.0130669664044145,-24.5687113238399
0.9262798676410373,0.8333941478521856,0.8387284742045571,0.8506650607667161,0.9431259969376726,0.9023407002566,0.7926583202227925,0.7007761533966911,0.6907014760416745,0.8182065869516664,0.796874343438936,0.5653375968112259,0.14745619462471565,-0.41729324725003697,1.1078287653076155,2.0130669664044145,-24.5687113238399
0.9194225061677919,0.8376081104506673,0.838146365562247,0.8859438717009607,0.960095281484044,0.9110875463709651,0.8067220992856659,0.7117746001396326,0.7037432387402252,0.8291017267718547,0.8012902307144592,0.5516365998316376,0.07310659569894873,-0.4179370018568953,1.1074541918538445,1.962735417933673,-25.181862151900916
0.9232051834998516,0.844980576014386,0.8418116380359626,0.8933478215914892,0.963423685381851,0.9149654004724225,0.806156875384086,0.7131180671665923,0.7026711039852294,0.8302604527912132,0.80652401415451,0.5579624876705724,0.07970624789710806,-0.4139404924815038,1.1115315593957102,1.962735417933673,-25.181862151900916
0.9087774982469634,0.8577294628510594,0.856943064573906,0.913049578062689,0.9847334298261121,0.9373863466852581,0.831896713199338,0.7265230501389902,0.7143456257171146,0.8472873140939359,0.8212097347794034,0.5369953111854623,0.017886713225042983,-1.2662319170676721,1.1136384969032398,1.270613074858649,-29.840323261239426
0.9328557121658789,0.8488199843949893,0.8808700252671413,0.9264935918936821,1.0171788512569824,0.980454594745595,0.8342156967762665,0.7665778305695193,0.7289669729533317,0.8522055878419275,0.8325351301880206,0.5072824614638995,-0.07286974730828866,-1.869399932544341,1.1430361662460762,0.7416914040327103,-33.60210507261853
0.9461675929358299,0.8572397358969852,0.8980736952038891,0.9037045249110766,1.0206233042226374,1.0050742514270783,0.8516607873499801,0.7735381642296015,0.7275542487685565,0.8528306666116802,0.8547485029709507,0.5061309988362208,-0.06788092072335081,-1.861210426628184,1.1531929760555855,0.7416914040327103,-33.60210507261853
0.942441315494266,0.8847324922898967,0.922969697160263,0.9395086142929698,1.0424070624125463,1.0308663836204404,0.8844816721823774,0.7792322241116506,0.7313063640153755,0.851770421994442,0.8602114042699414,0.4757950504900955,-0.22841165379029824,-1.8630514575883934,1.151746819312002,0.6247918324475399,-34.669244080930355
0.9607035085750698,0.9473514016903534,0.9689754470799472,0.9871463178006622,1.0926369942876866,1.0776139772511508,0.8729880421621238,0.7842936741988022,0.7176322041086235,0.8523918617780883,0.8659917500647432,0.41087406687505273,-0.2005408630666871,-4.591803894741766,1.1681015333079288,-1.3698446961398305,-47.40049822356639
1.0419226695259234,0.9391761692453817,0.9518659601670811,0.9531084267316179,1.1226542374629271,1.1248554665762802,0.8634605843061147,0.8184930673233051,0.7004230211890349,0.855639601297409,0.9108515365903253,0.4219400230445398,-0.11097116518632988,-4.5221231225598855,1.252023624162097,-1.3698446961398305,-47.40049822356639
1.085029667288326,1.0486505962407384,1.0748305832839282,0.9930072888410996,1.1657474736022837,1.17297956622628,0.9107598077851182,0.7821120454176236,0.6868562583101299,0.8507741446547111,0.913333716538423,0.3438906863013149,-0.14621580494801584,-4.531710184687748,1.2432463962424558,-1.3543922638723382,-47.85042727968887
1.1399992219635418,1.1249828011973313,1.1009417368834882,1.0812353263267886,1.1934840704692389,1.2249755182986932,0.877512317985248,0.7709463219464412,0.6419169588689666,0.8496871642121268,0.8991420617508326,0.26864918887494504,-1.8705292320133127,-4.4968770817811485,1.2797093601115765,-2.5495241926948458,-53.680255226853134
1.2488831677005772,1.1919349571116362,1.1491829844479142,1.1381852363613152,1.2599077686794087,1.249810334914374,0.8300771681560057,0.7424520197393255,0.5909303101909907,0.8394399017913194,0.9379029834773512,0.30322118040637314,-1.783139368675594,-4.414788665421173,1.3531146695522256,-2.5495241926948458,-53.680255226853134
1.3721171538677757,1.3408139596639699,1.3007580534976668,1.2190876811136793,1.338488850923066,1.2614718701120509,0.8192012371392927,0.6620200387160887,0.5442949935975518,0.8079670769338663,0.9668601610367888,0.0417744044525957,-4.049353770498508,-4.372931345886158,1.3950734451465823,-4.105563461407269,-60.84386226758453
1.5033327939942518,1.3915672284933538,1.32809323134807,1.2728030662312722,1.4072166937251844,1.2902330868805523,0.7549669302218605,0.6388113652846976,0.48640189353633057,0.7980798227460028,1.0137277867356282,0.09472754060711083,-3.9298218441954385,-4.269689674137687,1.5058429862763656,-4.105563461407269,-60.84386226758453
1.6327592238547535,1.5598046837888477,1.506149153536252,1.392976797411167,1.4861198957902986,1.3049126897317413,0.731769307676392,0.5427362888974606,0.41562357533548744,0.7376853264097617,0.8449037914581965,0.13601617920372172,-4.0664379857895545,-4.214326873426326,1.547899108572231,-4.162436672639079,-61.06987353150987
1.7230324344737586,1.6315788781205343,1.5636847990937883,1.501579216324187,1.5436244968901986,1.300473718357564,0.6542424831267548,0.45980797986033084,0.30016130525881257,0.6615585399272936,0.6988933130551322,-1.3376301931803127,-3.986596479994391,1.493181237443339,1.6333868257348532,-0.7180696163161677,-54.93504885712683
1.680926859967475,1.7085206566208178,1.6845764771079088,1.6650009554304896,1.5292240154477375,1.1563520582150866,0.5664790261636461,0.2198089045010172,0.21570063253047334,0.6216072331587719,0.6524633219625351,-1.2468295890469125,-4.024044880991594,1.5365651499278097,1.6086129704404033,-0.7180696163161677,-54.93504885712683
1.799090903173088,1.6472154550905287,1.6374297528088635,1.7974003528122418,1.586104648547845,1.0073322703406622,0.35851918789906456,0.05929173673500765,0.09884874668211974,0.5319040000843613,0.46242906415386786,-3.4942213011045666,-3.8844028744636594,1.7091309270657797,1.747495664156074,-1.6160730599511288,-56.33088117147561
1.9278948353676064,1.6576344143550406,1.7076951205704631,1.7902996640009716,1.6537106268835182,0.938371333220847,0.26687373428391803,-0.017518568012159452,0.08076152646284562,0.4503318165143435,0.3634816057303875,-3.5805249690291676,-3.892344448212762,1.7258506714882245,1.752665633716683,-1.6957920508918594,-57.90154380970767
1.8941074631510175,1.554441045199948,1.649686671099634,1.664878288485653,1.5919581898549795,0.8970885441641332,0.23128233198785453,-0.08815570840748599,0.050417521416938005,0.40424416130165775,0.3053637262178057,-3.6209612552607293,-3.920849110905437,1.7538587882116976,1.7859710666551323,-1.6957920508918594,-57.90154380970767
1.8347154841429552,1.4458950561032908,1.5010384959682244,1.5525775108408388,1.552163703422138,0.9326349433792889,0.26277731036632423,-0.06206101707863931,0.10645362344054687,0.5200956427916188,0.2832786646703525,-3.5818430401812673,-3.917381193865457,1.6954568088342254,1.7569006284829691,-1.728074102040456,-42.988379606803555
1.8260985757079728,1.4634034605651787,1.5258150441960563,1.518955816977172,1.5761254967298952,1.0053069838204713,0.31068761934795885,-0.012738177999346068,0.12880692703787755,0.5365480059451577,0.27046515624120404,-3.7323905116523366,-3.9538161769532576,1.6365822146499056,1.70513213846443,-1.7299551836128346,-44.61894171503622
1.7821717704661901,1.4550764352795462,1.4578710098836158,1.4430914848559084,1.5146375721269927,1.04579174859901,0.35175619485708176,0.045139494084331044,0.17995332126401742,0.5783147564176812,0.2886719481707871,-3.720284593033434,-3.9493648677666964,1.6344153241788266,1.7173197409559466,-1.7299551836128346,-44.61894171503622
1.77008109568696,1.4545070850702995,1.426284802201105,1.4138470347966952,1.5172694428555413,1.0771618324122043,0.44661293188107565,0.07279636692431968,0.19794048230613237,0.520861211130318,0.3468178301689605,-3.8065702540819215,-3.940681278974656,1.7119042462810194,1.7547166826617193,-1.6093633745431142,-43.542742598343835
1.7333716889985336,1.4676061303652104,1.4263401203444648,1.4115114985855408,1.5041860671474487,1.1102606301560747,0.5123544922703,0.136957769135436,0.25507228540687743,0.5700286301224432,0.3832129557020567,-3.8009425425480856,-3.950974519584895,1.6853698932275583,1.7475453069595335,-1.6093633745431142,-43.542742598343835
1.7108156378759067,1.4860257779680124,1.4637291987361534,1.4312356947211855,1.503873155340505,1.1415722391954537,0.5715268002422333,0.14345864051466872,0.19563069664047816,0.4574777308129061,0.408211515143873,-3.7963884191511497,-3.953115209006909,1.7615791158317458,1.777869725731117,-1.4459866409592528,-40.81466215552629
1.6951397055783979,1.524287846898448,1.5022549240958938,1.4677141726306682,1.510618541925212,1.1403499069761809,0.5519629372785052,0.07371322149810822,0.23757111707407208,0.4909769634837855,-3.705737952299867,-3.799066389308157,1.2507493325557373,1.8156741850123161,1.7989770028600547,0.9391642127655597,-21.812608799213372
1.6382955159304373,1.6283751197810772,1.607282527346427,1.6066361581819901,1.527143718388466,1.1240053404622332,0.574989933228006,0.05357921011839761,0.26424240355524387,0.5059093674597099,-3.7439696539745793,-3.791316402343352,1.1551279632353368,1.7292906506722607,1.7008271730942734,0.9391642127655597,-21.812608799213372
1.6688111510241215,1.6064870650895922,1.5690491934282085,1.6802651516628873,1.5076741698275435,1.0396680442138697,0.4575468765267988,-0.04785273348790664,0.29291576673622144,0.532253279272918,-2.768527291247922,-3.777583420558078,1.347981837865273,1.8180703483286158,1.7710142555366666,1.4412033205504278,-36.955294532004075
1.603892496422335,1.492852890647658,1.542646146440405,1.5717818580253282,1.393356507705202,0.8786304624690562,0.38378454716024857,-0.056956601756300795,0.3434005798059818,0.5505608237565867,-2.805016757697901,0.9212456053118787,1.4242513948019828,1.8683977098734135,1.7990511627267707,3.5414645864116743,-30.911490375241208
1.4134550937447292,1.316097107672339,1.4543545153282789,1.5069048563728291,1.3067615161272537,0.769459210567938,0.4003134859064019,-0.10654996401357564,0.35488188383647734,0.5244284022004904,-2.88900172386288,0.8685930343958126,1.3161939390583475,1.7806566516262958,1.7148784955539453,3.5414645864116743,-30.911490375241208
1.2836460539273624,1.10997183494245,1.2424281433478896,1.378861911038353,1.1910732619846933,0.7412490259317582,0.3641620680918545,-0.07197866250123441,0.3510047720034105,-3.839141411406766,-3.0102265175643743,0.8450826593359574,1.3307164734741894,1.7382568607963877,1.6918362138175336,3.420317269798721,-13.582779297641956
1.2181293920403533,1.058941693969102,1.1857547197124183,1.2606010764344788,1.178601489455264,0.6277831096861408,0.3844720129551559,-0.013214488220417486,0.37444896992567944,-3.880644474816588,-3.1069555005217984,0.7159728281888742,1.2053147493787433,1.62612210741999,1.5873165666733744,3.3919993024690305,-13.138315462986148
1.121398228544916,0.9811346892028101,1.0454160586081298,1.099582915069815,1.074393346915179,0.6784150668745886,0.4514985001547227,0.11201045514300345,0.455573778917425,-3.8516508119048183,-3.1368387166339673,0.6699187910967119,1.1470457428259455,1.5342607971943967,1.5240061459419303,3.3919993024690305,-13.138315462986148
1.0216844278814454,0.8813535957010266,0.9205606306744134,0.9508452606738964,0.9948103949573233,0.6833845238996898,0.313786609584904,0.24149588425192903,0.5563183144117676,-3.759438575149389,-3.0930260563959506,0.6382237948153302,1.1108741563495537,1.4564638949963529,1.4663599967603183,3.4452803113974575,-8.6168118080328
0.950262010652235,0.8655056238557165,0.8679232344008246,0.8856129163140819,0.956596364612005,0.7333590348393423,0.4214914995164962,0.3826403446193646,0.6545693764668012,-3.6992692749996636,-3.0507555020514765,0.6084676304588547,1.0561313885479224,1.3526119975699145,1.3917740689970723,3.4452803113974575,-8.6168118080328
0.9065446398955721,0.8846940075351486,0.8534613643869922,0.8671491967986138,0.9319102851081523,0.8013450553694081,0.5282153868795676,0.5230276280627798,0.7509113105391985,-3.591690012194575,-3.0073413490859693,0.6082469399736641,1.021567904979309,1.2676264338469325,1.3304828791527177,3.451116890275017,6.345189186388703
0.9386266794865186,1.010152994079225,0.9475714883416878,0.9568816504348064,1.0023516560591887,0.8814209819272296,0.6277577244186028,0.657829369555162,0.8328145679386304,-3.523554690926532,-2.9665262599484943,0.6066649214314641,0.9693272827090393,1.165026824582511,1.2485365838650082,3.464178076567487,6.201677203925039
0.9845200804301404,1.1343093702149987,1.0405743229551316,1.0475286839427087,1.025996937648285,0.9572059488270547,0.7183468840663695,0.7911436905013476,0.9277957508508999,-3.4495635981891994,-2.927219119236824,0.6385068286962775,0.9581308501103785,1.1068485754459496,1.206759087871284,3.464178076567487,6.201677203925039
1.0327081176017576,1.207196983050326,1.143372535260598,1.1345985611109142,1.067320256991684,0.9626000687753191,0.7614853598699478,0.8902659665175809,-3.280122901202475,-3.3839572842144623,-2.8718181383749086,0.7819436947621666,1.014824497647226,1.110824105646722,1.1797893321313664,4.939205332487788,27.799937048085173
1.0805810520204582,1.3866603452014583,1.3097782818188577,1.3046412994942604,1.0908440564780268,0.7717449843418458,0.8121328076985745,0.937030924519152,-3.348677967863662,-3.35280946781238,-2.878073058657103,0.9050660772142312,0.9922449895102328,1.0458474787165597,1.1223200784921668,5.041292532879895,30.26344930437296
1.174355786487757,1.4749770361157624,1.389108513603471,1.4516409071771923,1.145768137604376,0.7851724027370258,0.8263177655820718,1.02828454394338,-3.2847069580980253,-3.307179688331465,-2.8990073835367456,0.9352295043229542,1.0225414141734221,1.0372688735267623,1.1243079663615216,5.041292532879895,30.26344930437296
1.2132936624022925,1.4673886995976748,1.4773169259200751,1.4589730545038293,1.1830203967440607,0.7575492870140492,0.8916779325013529,-2.932568932981284,-3.1742311546147084,-3.269738778864049,0.6850992816892508,0.967305230885406,1.0218250738426513,1.0267074918005759,1.1094341233513003,7.487707309392089,70.01344654516986
1.247693522863674,1.6511019952201171,1.6801797231997577,1.6645090426124185,1.2801078923776754,0.7473264144742102,0.9266432323672902,-2.9068992496601473,-3.1109669072834776,-3.262894742064081,0.6197418699995538,0.9164092647060484,0.8550432613884947,0.8787882943585797,0.9530561366730026,7.487707309392089,70.01344654516986
1.3240929935592822,1.661238250916672,1.6384026661671127,1.716703962588242,1.10091542785981,0.7507703405989306,-1.4297623069868528,-2.7741611841458265,-2.952650522252278,-3.196680160357318,0.6124679013290109,0.9579116372391168,0.9157001479008668,0.9110510306563588,0.981695083924809,7.90258528446639,87.64396484195723
1.3900939682294626,1.7060316599967775,1.7665694657193471,1.739860883092208,1.1228906654695652,0.7154113164039604,-1.7027380742155913,-2.6478194543469846,-2.809739360274781,-3.138036217176478,0.6298497793784283,0.8737770042086296,0.828627946148437,0.8381915108192731,0.9310177369882229,7.991458873787975,90.59390325180775
1.3788636518943478,1.6780372831387096,1.7441357631933134,1.6982689493895262,1.0813801826893028,0.7608941068220947,-1.5596598022433146,-2.4433244405943624,-2.6307774060647233,-3.0456303034316106,0.6182113832997007,0.8482828942908031,0.7750553964934153,0.7571343576784939,0.8914367499246052,7.991458873787975,90.59390325180775
1.3052128801593081,1.578455933527743,1.6781300690981271,1.5686505263596002,1.0016985069766242,0.7943275336202871,-1.3669572980985207,-2.2105009426885056,-1.3109429870603382,-2.9449203419401053,0.6781835540255406,0.8289259329437826,0.7331974382183573,0.6782423629717369,0.8370354099157475,7.65076032227185,80.37494422288906
1.1617674389170505,1.4042935614664533,1.5282771310927161,1.381248878912006,0.8677491373926813,0.8684065762047555,-2.0009660587490714,-1.9448743661895476,-0.7104828545960338,-2.846838610737417,0.7328051449742612,0.7892751185435425,0.6853925634793773,0.6047003459739706,0.7852333517521604,7.677914885374765,82.73615915219352
1.001911279023249,1.2906161461376076,1.409274567421001,1.2354020188949124,0.8061334264127531,0.9681035699578711,-1.806600901373135,-1.730439073362768,-0.5562254688376389,-2.7790398345109133,0.7454682326940023,0.7168315590589954,0.5844825135194187,0.45865943367971607,0.67530226246305,7.677914885374765,82.73615915219352
0.8359944620281663,1.2139031209886277,1.2663350207877553,1.0948504238599153,0.701516481210408,1.0971448289203138,-1.6703477605842931,-1.476574524621352,-0.4252862645212816,-2.7182956567170153,0.7803975754003223,0.7130386249493283,0.528402776948965,0.3228753199168759,0.5745406446651513,7.807451175055327,82.67179246966536
0.7286519187664035,1.1620978715974444,1.1481288001931864,1.0123471275824634,0.6307991284923008,1.1865387797887141,-1.5331379689031972,-1.2645657520440445,-0.3165366058574035,-2.6648515360036154,0.827788611995413,0.7066686889892395,0.4792882337537725,0.21052930309710316,0.500446267474485,7.815593478082116,82.47331939078474
0.6690295804510009,1.1459907003159682,1.0816676881282663,0.9755723113782147,0.6138325947622387,1.2558782229365804,-1.4349559073078282,-1.1176254488481812,-0.23299097075560438,-2.622581740928651,0.8469222025756257,0.6981271074905914,0.4411465382706672,0.11407653132829765,0.41913306989189114,7.815593478082116,82.47331939078474
0.6523395947787825,1.1454693033914778,1.0552040111431298,0.9778799735071725,0.607481436027878,1.305417956571206,-1.3708670981755091,-0.9640025180648162,-0.17169188921714795,-2.5930733062153983,0.9042361868840054,0.7153714957633588,0.4314810026226348,0.06155330004826687,0.350135144751061,7.734346646506305,82.33610720007172
0.6734331613575573,1.1827683304039376,1.06933348002956,1.0088574169337146,0.6298886797719592,1.339263042330616,-1.3254562619214876,-0.8822625188598419,-0.1303451591767315,-2.5745625980954854,0.92211450324323,0.7254780969715819,0.41740353367437155,0.008981337388869193,0.29878878969561384,7.734346646506305,82.33610720007172
0.7134453131754195,1.2261635497212575,1.0935354326049547,1.0186848381885383,0.6610736012499325,1.355338006141002,-1.261624132967079,-0.7901483498328796,-0.10594872725262983,-2.566643555694273,0.9743035097470927,0.7602261589300803,0.4230286739288469,-0.020529075388400875,0.2627400378403373,7.714397616379642,81.7878853755603
0.7655216783506507,1.2738042929471183,1.1384436527135637,1.0417778174838772,0.598964307890228,1.3547893256673702,-1.2352402336365387,-0.7323987110788779,-0.09678167423434614,-2.5683517409873144,1.0195287641727,0.8067740459178929,0.43568480068280113,-0.029627542763458248,0.26123259430668067,7.687516295135591,81.52148404609594
0.8301819748450132,1.3184861424568424,1.1967464859462904,1.1022849149873442,0.6362714129290943,1.342156837043467,-1.2470319559977232,-0.7339292143022673,-0.09992653701197485,-2.5801468447402884,1.0218291988091655,0.8252374217332448,0.44160988149719205,-0.027402993447340984,0.24858021475809022,7.687516295135591,81.52148404609594
0.8887222442776945,1.3286825220437668,1.2261794846874574,1.1371961858176072,0.5837226963518545,-0.8843513321379282,-1.2303372675851856,-0.6890069625717754,-0.11134282054063749,1.4747672532669538,1.0572315157271384,0.8598555588404431,0.46741777744289825,0.009781811958241793,0.24678135262428347,7.255199322801186,70.40784931179546
0.903898365960162,1.2810964518018226,1.2158838414805975,1.0953690652704013,0.5756205432399895,-0.9174140846736991,-1.2098421142966957,-0.6530325369410079,-0.12484264743420814,1.494152980431834,1.0928291786304405,0.9009391361582917,0.5135153083399029,0.06108115943858028,0.28362200899310785,7.22341628468048,69.48111678770401
0.9174137134945519,1.2557991880870722,1.2287881652301587,1.0834224204351115,0.5859372648600368,-0.953140861403305,-1.2354615494199845,-0.7061010113414286,-0.15690032484183902,1.4543086018096174,1.0865106484011178,0.89349562742138,0.5040477700622517,0.07600547127470825,0.27868823008471133,7.22341628468048,69.48111678770401
0.9225707321309995,1.2282123366841398,1.1750666849431424,1.049796966459075,0.5885849277003901,-1.8612907511129602,-1.2494693924384201,-0.6980572752552878,-0.19795479347637235,1.4108146298975974,1.0977196105530014,0.919003338014071,0.527095889253022,0.114841255863678,0.3025442525943398,7.007649507294309,71.34084839826131
0.9350100087473494,1.2287995093335198,1.1673863657589605,1.0125222564636895,0.6081541347140615,-1.9289422885259189,-1.2439919206340355,-0.7415570797475504,-0.2366755721853937,1.3716570903854826,1.1157998454681932,0.9414069881249949,0.5503682375569197,0.14922708855158517,0.3151485490393995,6.977334175440713,71.20942282375843
0.9712728764187591,1.2482142257670137,1.1756544876828228,1.0140999968700182,0.6132316088645493,-1.9496893160881086,-1.2844532848763786,-0.7867689644642377,-0.26359884868685146,1.3452846833907544,1.114680928499211,0.9561635645624668,0.5607559550608416,0.18108214234573605,0.3270569418729976,6.977334175440713,71.20942282375843
1.0036491428573577,1.230275081155714,1.1484397957828336,0.9867479006051498,0.6216356489273858,-1.9938497033372269,-1.2594591286012982,0.4918612988586011,-0.28552044461553683,1.563840394597645,1.1598273654174482,1.0085535436634134,0.5815312171902907,0.24328316935338368,0.3486585168682641,6.449362000630355,38.70651324412053
0.9457335531732917,1.0539283264892236,1.0186879697625373,0.8466452099541494,0.5079438378786039,-2.0678109288053315,-1.2679639365097188,0.43619692058967185,-0.2998615689806796,1.5613392144875446,1.1855301110409702,1.069188349201799,0.6677719378296971,0.3500294404949731,0.4411587066671707,6.449362000630355,38.70651324412053
0.8457523063494203,0.929802423396541,0.9429852655247231,0.740740688604764,0.5022033926422624,-2.128249183469529,-1.2548968640974896,-0.7736779890953485,-0.37283589045083265,1.491230050290555,1.1356623613068835,0.9992310029290051,0.660595846299398,0.360062497825153,0.45986840014908004,6.822620043748918,67.74195869701121
0.9056543722864052,1.089777562568878,1.0334005866965372,0.9276600569039006,0.5963801789924466,-1.3870721897707083,-1.2620254905328911,-0.5804569849723045,-1.1038115064132312,1.3996100389915822,1.0556650605530082,0.870867643682559,0.541392070247463,0.26275053046720087,0.38724633221159976,7.048070354502887,67.90334604876942
0.9757018718615489,1.1941714631134372,1.0511057849087135,0.9843078734812296,0.5962018045461519,-1.3776533860108213,-1.3393330794711016,-0.6197436109742274,-1.1340825201494102,1.3847112783761393,1.0306447537343066,0.9240110883461543,0.5843176044350016,0.31654033614173227,0.4136820418756486,7.048070354502887,67.90334604876942
1.084685268886746,1.2695546367181896,1.1735383354802325,1.1541436276719785,0.8233483611254455,-1.4700619189815805,-0.705223036393654,-0.6737749090850054,-1.0110911064479562,1.393032494239839,1.078880710484055,0.8626442119417617,0.5881596354715553,0.35745351288004956,0.4083885275896568,6.950290326409094,60.614690038085406
1.1479310303344403,1.2988010818791653,1.2505765647025053,1.2354336709012845,0.9615109527109185,-1.529156155073004,-0.718048373799582,-0.7107624003791613,-0.8654575737096251,-1.7760619244878542,1.1055787963613295,0.8444129302786734,0.5898171130542064,0.4076054291050559,0.45216230941833624,6.885733769106846,71.37857417035511
1.202017115439645,1.354703377048399,1.3334749330529165,1.299720005535304,1.0219207862606168,-1.542300649288334,-0.7339567665286606,-0.7328036688030459,-0.8713202005188885,-1.7884417558855499,1.1107280322312496,0.8220325816392583,0.5742609414997188,0.41468699750222404,0.45630742475126884,6.885733769106846,71.37857417035511
1.2446058817720544,1.4143097613714648,1.3870756050374582,1.3656245769215278,1.083985085489701,-1.5167531766725009,-0.7331102411273513,-0.7273897564392007,-0.6824467984006066,-1.7012510313358622,1.1030514111692846,0.7894528824177214,0.5552842883890244,0.4076393606679951,0.45926228183311113,6.812691401827074,69.12642773946718
1.2636884872280905,1.429181477668266,1.4351633682262988,1.3864823586911061,1.1197584571009735,-1.532157717929653,-0.7148020300566933,-0.7229898945823112,-0.3082155152401571,-1.6050895947390624,1.122245815442491,0.7304220732730922,0.5325146955697099,0.40991337145716966,0.4821275303363388,6.6935274135526,65.17903080801308
1.2395270126798472,1.3962176674281639,1.4250481966036104,1.3615803316748134,1.1012412450994762,-1.5322847924586633,-0.689616263628357,-0.711811326273446,-0.2853272416440462,-1.5922342485012675,1.1308286020073548,0.7295817754314566,0.53497407888548,0.4221566072788936,0.4969331516840261,6.6935274135526,65.17903080801308
1.2053872709490725,1.3720651941633948,1.4117255033127392,1.3753270210686375,1.1436117174473635,1.0183408295928105,-0.6682025367233502,-0.7000757088051832,-0.2710461382157723,-1.4860533861133707,1.127214646883067,0.6396263238315931,0.4839721275855715,0.39125770948856764,0.4588243181290981,7.242918210070792,57.83086389731019
1.1131682630407487,1.297634770185622,1.345856420371459,1.3188024906004032,1.079562273260727,1.0066147200659432,-0.6497787740030896,-0.7128085623714719,-0.26194921630067114,-1.4846964368222881,1.1111077018781526,0.6497697422393043,0.4718553560662705,0.3886130713098135,0.45108079262591927,7.242918210070792,57.83086389731019
1.0749229093473358,1.2363561240237404,1.3025860990890863,1.2707329181253966,1.1024686120675518,1.0800674225117477,1.7526924598607725,-0.7223349082486163,-0.2771518901962513,-1.382830055847133,1.0894795753561377,0.5510542277836381,0.4307212253776562,0.35489643449384456,0.4433753337302002,6.780186773071135,38.7331523759118
0.982147306266727,1.1130390785448454,1.1712433077158733,1.1832023214684142,1.0576727541335944,1.1491392587973492,1.7567413448343943,-0.7314099400625216,-0.2893001598252736,-1.241640518799356,1.0649301860263736,0.46411171908225524,0.40879979687926593,0.3474365961947916,0.4295244081990419,6.747624979572823,37.32375176771998
0.8758907643155627,0.9914444609593912,1.0682568999595063,1.0664393024157712,1.016278684087279,1.130955799960738,1.7471120183492193,-0.7717203048105565,-0.3309848899139569,-1.2875865001759674,1.0482621468768558,0.4155230735462163,0.371578032078663,0.31867338058649075,0.39923589478824595,6.747624979572823,37.32375176771998
0.8215380816415367,0.9426191721602203,1.0017581888848266,0.9965328588511999,1.015841200120366,1.2505234877554006,1.7039031890334067,-0.797933712013047,-0.384465740232411,-1.0586756407913547,-2.1920562253102602,0.39698888891377826,0.295130230727388,0.26049247981709067,0.3619036026351623,5.820655122915351,50.531236439534275
0.8818258454106489,1.0173585012275947,1.0026810207822063,1.0581608269659486,1.116513476047025,1.3715815333945327,1.647418979686841,-0.7866995262492384,-0.4331561976947096,-1.1134604355886555,-2.135588977150186,0.21436739530561832,0.28537045625015867,0.23919171396317962,0.31813693904147144,5.794199781097381,50.04926004197782
0.9414402843472093,1.144068404234936,1.0666358962388593,1.087952177036051,1.1178937163146174,1.4118348033903947,1.6421744574462172,-0.7883291302995046,-0.43679480798603976,-1.101082379915853,-2.100394970802915,0.2573179444481657,0.2885652987895917,0.24169219085041327,0.3089603125292548,5.794199781097381,50.04926004197782
1.0392638433860164,1.2463278769335149,1.1496693425401443,1.1604487027823123,1.1533149481803537,1.392487316507597,1.6283755522027599,-0.8023219539808988,-0.43887200214290956,-1.2732397812220133,-2.0221971170562516,0.4405652971099021,0.3869698591764934,0.28254761439610454,0.348250944039618,5.925792041195296,36.94948362195606
1.0756788142431923,1.2694163223383794,1.2069054065676241,1.215169523522919,1.1473861551483928,1.3450232379101423,1.6214802876830534,-0.8508428558594805,-0.44799217521323154,-1.2523602992626905,-1.9732677300451287,0.5101716109593308,0.4407974223430453,0.34347986763480054,0.3960180506409108,5.925792041195296,36.94948362195606
1.116444867655133,1.287259786625245,1.2810611266339402,1.2952460285394083,1.1905320211683943,1.3008270553048396,1.581546056041114,-0.922526356471828,-0.4936171149327456,-1.3002729571788427,-1.96216764221404,0.6116080485345852,0.5019570323132772,0.40598847477947597,0.44893998343658725,6.026433210125278,37.474298886544
1.1526352430372782,1.3363052893580853,1.3458612671607035,1.3664521841431614,1.1860482980566578,1.299277471684747,1.6533884762322482,-0.9947629618477891,-0.5494089624864291,-1.301036448088861,-1.999775921613087,0.6271449852222777,0.5064310416922877,0.4309305294426653,0.4594178885273772,6.025432700328615,36.42719958089867
1.1770451331604084,1.3376142570083474,1.3700242700002587,1.395968269689918,1.2014769012807849,1.2728659280792127,1.5921510078424421,-1.067371217886312,-0.602674728191531,-1.338714201310767,-2.0316996287275755,0.6293608700237177,0.5237288968238354,0.4701367015865512,0.4852400693443495,6.025432700328615,36.42719958089867
1.1910439052603703,1.3235332621799782,1.3742421889961705,1.3955047839326187,1.206230777392605,1.0886104554151688,1.5393101709166508,-1.1358925105696709,-0.30128283247570475,-1.3255023871758511,-0.0003492963190316334,0.6220791000935494,0.5322382580678136,0.5012136849614219,0.5033442351650159,6.485951239043651,32.84118512182676
1.1571896289533337,1.2736860993828913,1.3411775916426447,1.3614766926301562,1.1693422005288134,1.0295803012361597,1.494576206237266,-1.2134060102575588,-0.35915578625694045,-1.3042516047533117,-0.029321259738959382,0.6473998305990836,0.531766688984204,0.5277779904004964,0.5160397036389295,6.500958821708123,32.8333302833388
1.1322503987951014,1.2018003111404858,1.2797011687781592,1.3208891370201514,1.1531591478797374,0.980802499455037,1.4396547365868537,-1.2722612792916048,-0.4028866701089754,-1.3390766343983127,-0.05640988971992744,0.6295419680591319,0.543124953472538,0.5532155279366597,0.5357899985359638,6.500958821708123,32.8333302833388
1.1081609465055706,1.164016114340986,1.2363411061327758,1.2707626616671417,1.13101899105365,0.9463079374404545,1.4034733370728225,-1.317525006863848,-0.4383909935541105,-1.3204831647684572,-0.08793700168974461,0.6058438829573366,0.5323933765424869,0.5633536407235142,0.5374411160075896,6.487458946030076,44.02950110627409
1.1191446495200654,1.1891259084201984,1.2311739774101913,1.2668278613555657,1.1514466752683479,0.9528347328265508,1.3708275925568651,-1.3326980939328894,-0.47049066653127536,-1.3053384504389005,-0.10576131970365171,0.6084986237079764,0.5130795032546391,0.548622930615837,0.5207061407014169,6.512957668810138,44.02806454352974
1.1264828782612815,1.2128250487696013,1.2188634386003416,1.2515290152925596,1.1303549558697585,0.9636489432682793,1.3687353796530068,-1.322567289870011,-0.4579696303706642,-1.291972615106334,-0.10166974177776866,0.6187800785941764,0.5185578360021621,0.5549241996633841,0.5269508907947891,6.512957668810138,44.02806454352974
1.1288724205188607,1.2077775123024046,1.2177115214412235,1.2372378480916022,1.1200621574436884,0.9444062387505587,1.3874402533263306,-1.31028049027342,-0.4966912698218672,-1.2283930862576484,-0.06780619063664278,0.7002937956333007,0.5773890512785629,0.5644243026209232,0.5419476519559723,6.5994144875120035,33.352442276787485
1.0826536647318803,1.1511136820660304,1.1828180027379303,1.1924000295723416,1.0679679834618443,0.9251103559059555,1.421207935731277,-1.3032308806348145,-0.47039562798204715,-1.2007815252452565,-0.04368404126648762,0.7217649152792924,0.5910061063687002,0.5790648628235249,0.5614449063415226,6.5994144875120035,33.352442276787485
1.0346353313073002,1.0990950366746786,1.1380608979085935,1.1239061755674369,0.9984656455085041,0.9166565771460857,1.4366878846130962,-1.304285247880012,-0.4676038456222339,-1.1738612002175417,-0.038237679284231885,0.760970732718119,0.6110190329876302,0.6075597093050661,0.5782928437998203,6.640822727695367,33.808809377222836
0.991530560719335,1.0726997471197497,1.0975382308746826,1.1110588427915529,0.9407048179724404,0.9488627416085597,1.4395571591518648,-0.17709330186316607,-0.4225856415223983,-1.133124948124205,-0.06228734504495381,0.7485282991657772,0.5887586715816984,0.5959102607094239,0.5580130313962155,6.181908695879022,21.956239271333423
0.9391774732091313,0.9907795348392268,1.0198988874033175,1.0337695205893214,0.8925503566515683,0.9568632919090962,1.447029394406462,-0.1682626646218317,-0.4273301796189213,-1.1339847924731854,-0.06442404401951951,0.748234498910657,0.611747449023815,0.6096638160627643,0.578002711894325,6.181908695879022,21.956239271333423
0.8795503922892013,0.9442741406738644,0.988502563101191,0.9828146907507185,0.8723234116443196,0.958268464175937,1.4507902081884327,-0.1740230574350865,-0.39330747316721704,-1.1044740978854477,-0.066107996697504,0.7518208207972366,0.5855960900269752,0.5797968107878777,0.5541484439511049,6.140963314648095,21.145385989454155
0.8112493307642663,0.9261240296222331,0.9343391034451582,0.9315173041643315,0.8545859060002347,0.9820825532255508,1.4274094183224193,-0.1683601825793566,-0.3840643635611989,-1.0840393246750433,-0.08111674943378644,0.7524715736942891,0.6043665597982322,0.5718684132505604,0.5422334728405815,6.120477844247521,20.649718634006334
0.7997464232538942,0.9268087302924876,0.9148106544226478,0.9214438179586747,0.8513493654528926,0.9823528386784346,1.4007529090907762,-0.1937828225219148,-0.41744487550774767,-1.102111728102125,-0.08304315455824668,0.751799080305319,0.6073479405476425,0.5694419552282141,0.5332934819430295,6.120477844247521,20.649718634006334
0.8091750336146962,0.9387601611802128,0.9163757934623991,0.910821969242675,0.7990269556095553,0.9745737704897657,-0.32148464413844835,-0.18649929545150867,-0.39270504778759696,-1.0679998022530026,0.6029957556701344,0.783973385533651,0.617346493005162,0.5755996406799255,0.5552618479302478,6.571519002866937,32.05850532783079
0.8545749915887598,1.0262564185644085,0.9739288693311734,0.994756111945706,0.8300647970521687,0.9650262998531769,-0.34732075628991804,-0.1959595348256492,-0.3897692455173982,-1.0498297053440353,0.5974160962676405,0.7951615527432304,0.6013546596840521,0.5628815391597245,0.5290697135629971,6.537482623130659,31.158273433180717
0.922785630900374,1.0860867080487868,1.0165287272127523,1.0608812904147558,0.851925195704466,0.9497555749076831,-0.3890035239227042,-0.21608430600466866,-0.40607371151472904,-1.046865815090864,0.5991000027468855,0.8275457443408317,0.6382422719197725,0.5955551748654518,0.5565564906385003,6.537482623130659,31.158273433180717
0.9806992679977627,1.1086780125764175,1.0764883511090089,1.1006792412250082,0.8443110626761733,0.907135103496822,-0.4004838241784172,-0.21118735928230858,-0.3515419100796917,-0.9928692997339071,0.6788426612323426,0.85660165654956,0.6561372952616906,0.6310946173434684,0.5773048829063641,6.531145850893312,30.128650445606592
1.0120523351073702,1.1228730101268087,1.1188629300283932,1.1315935643966442,0.8551029858126803,0.8864007979396662,-0.41020350492281077,-0.23100707222421346,-0.35510803804399527,-0.9906727639339435,0.681877139397566,0.8646858942884053,0.6636296212676867,0.6481019360608671,0.5949836717924168,6.531145850893312,30.128650445606592
1.0195636068628153,1.1128445631683666,1.141413916813479,1.1240144858815255,0.8621262414569018,0.8747970092303279,-0.3931446483566263,-0.21207215195580786,-0.3101835267970412,-0.9555120021015099,0.7040431545737713,0.8645753230057213,0.688376969051715,0.6811699093731071,0.6083242621874339,6.67930649235792,29.289793803675103
1.0019779009340803,1.0938822418709298,1.1242654738939297,1.1155905623373765,0.7998160193242421,0.8677713584793243,-0.36052338155553676,-0.18395784972548024,-0.26375469066668056,-0.9073044528088998,0.7107152323241516,0.8815231235225901,0.6836728164145209,0.6816659929098854,0.611679953576409,6.631534282449826,28.080133321645427
0.9786813474557939,1.0556799714383733,1.0962565418565444,1.0889703843466658,0.7860501763068599,0.8628239115843368,-0.36248308145650887,-0.18764664312553925,-0.2662291257486047,-0.9115616716714072,0.6987158702145804,0.8689448032154204,0.6824351286475234,0.6836294351962934,0.6162263594049546,6.631534282449826,28.080133321645427
0.9270522699142603,1.0234585168121995,1.0674653834726533,1.0368197513099127,0.7520433330330295,0.866670153666097,-0.326282239191484,-0.14185807332524636,-0.2072575895934271,-0.8742026598313367,0.7215555920980044,0.8583285051775393,0.6711103229193358,0.6750659959139357,0.6123529406729189,6.369202832886435,26.75770762933915
0.903110045022234,0.9900020464485502,1.0141582978629249,0.9796341611306116,0.708194130664755,0.8813876807048646,-0.2891161432340098,-0.08496355821319912,-0.14993290925551095,-0.8337284201762715,0.7446422041185847,0.8655868814387246,0.6903075848793778,0.6766449156606851,0.6161276933631408,6.3553581819225204,25.64349512108722
0.8707353856713687,0.969333856185321,0.9836958260615934,0.9375597308546769,0.6864338674622051,0.8941919526576501,-0.27234064791369583,-0.07426741638152035,-0.1445114580805854,-0.8304573347142958,0.7487671490692425,0.8564437330826955,0.6766261224545961,0.6612167914450298,0.6030269654412288,6.3553581819225204,25.64349512108722
0.8413434675624708,0.9304943061200133,0.9420303972156144,0.8962664798678504,0.6361869561086526,0.9058561906461249,-0.22769307436005481,-0.02183838854623321,-0.10300402677824505,-0.7790517815251535,0.7947268153819913,0.8642586072327616,0.6855030182807913,0.6706303501005622,0.6063670375665153,6.497543905556736,24.708670166801816
0.8178387716248419,0.9244453798555339,0.9042842837837225,0.8883344927811644,0.584202699316423,0.9102535366047001,-0.18986866685289072,0.03125372229488865,-0.057354301584886525,-0.7373894226835592,0.8227247738632215,0.8908508916627973,0.690404879591136,0.666942739771801,0.6080148248696882,6.466691219135074,23.54526802974706
0.8115458979397576,0.9175765732721008,0.8919366421210657,0.8882456908425934,0.5836922051105259,0.9089668668119242,-0.19459174921870914,0.029939485472728844,-0.06452188868144026,-0.7374065056703872,0.8272176518006181,0.8938469442905035,0.6962246354908861,0.6655481095002725,0.6080331483057639,6.466691219135074,23.54526802974706
0.8108711272587112,0.9069737452755893,0.8963518463321174,0.862366996580326,0.5896898745299994,-0.5398777863176709,-0.14871185779150164,0.07282749740646444,-0.013111274614690915,-0.7012979780652572,0.8463944071824496,0.9020535133817044,0.7034158870880789,0.6616167290516572,0.6045912896241552,5.985427379699436,25.734531331011762
0.8484402615335359,0.9368987290216236,0.9142581288619213,0.8807239491128926,0.6195176520835689,-0.5178735626391975,-0.1601702402022881,0.08520045671561993,-0.02345595824791402,-0.7056844473327896,0.8511827562856953,0.8934474762488966,0.7127873108415921,0.6614738236508289,0.6099977785246928,5.985427379699436,25.734531331011762
0.8501351225968541,0.9825851480516501,0.9529844495328382,0.878967929635036,0.626573442882376,-0.5044903634273958,-0.11311922343265224,0.13120587828193542,0.03339396014120549,-0.658857768253186,0.905496254788305,0.9282193770285346,0.714063304510738,0.6577281454218151,0.6068503653860866,6.002308959068742,24.41500271745107
0.8629062282794551,0.9693599614236789,0.9288806068773119,0.8724658184749442,0.6316392461553195,-0.4771056882817546,-0.06792292481034468,0.1822394848154687,0.08175850870081602,-0.608712840129862,0.9582414298532859,0.959116013637381,0.7511633767435747,0.6695335975726644,0.643334731949547,5.97135929802703,23.10925439694899
0.8812956203335492,0.9851311777205268,0.9535753401495198,0.8973790992088087,0.6441435059108668,-0.48309862672245757,-0.07280302705019148,0.1701468013885401,0.07400359424692571,-0.606264544614921,0.9687480962276072,0.9702749879757666,0.7629300902096852,0.68200278041156,0.6525472288037351,5.97135929802703,23.10925439694899
0.8956754770532808,0.9977237860537014,0.9799589217530649,0.8936487081790565,0.6592020828052976,-0.476498438133236,-0.04538301828286845,0.2153341702810012,0.10507990363186714,-0.6112445399918021,0.998329103907739,0.9759807685718598,0.7704684698711048,0.7281203548016162,0.6626788515228108,6.022416071815693,22.020027900448248
0.8915022504674743,0.9988783310020943,0.9928503541245204,0.8828771693294444,0.6642511885379287,-0.4448024115573162,-0.009164468742317133,0.24331739862148555,0.15036616551966087,-0.6183351551438636,0.992349197282495,1.0367859837725408,0.8004672796701907,0.7426410476853591,0.6731288083956555,6.008525593497396,20.706918621977664
0.8950905352048395,0.9878501487816954,0.9914824394024784,0.8844208182611926,0.665697596007472,-0.45666870548484856,-0.025820481283895247,0.22053229860381102,0.1332872834548252,-0.6283793672314221,0.985025650195716,1.038211298320174,0.8081192177681786,0.7562226852267356,0.6832274054313754,6.008525593497396,20.706918621977664
0.8724856341329925,0.9789487785909572,0.953040070001996,0.8456518437302523,0.666626776766351,-0.4299776417133241,0.011150540758031013,0.25392939303635315,0.1621487762948441,-0.6415500052293589,1.036138101766733,1.040585141514075,0.8147892451647653,0.7884283827591501,0.7101036520158797,6.122642774459129,8.830376032958327
0.8302080003862271,0.8641353088216217,0.8755914059368388,0.7507404702145329,0.60786708607383,-0.41423006550496916,0.05216639722035618,0.2891591448348313,0.22956219900739516,-0.38608099685104424,1.0279086163295006,1.0591233467857566,0.8360493891064793,0.8146483341174238,0.7329061147612081,6.056461566112073,5.948238720702886
0.7769847416767945,0.769309521980913,0.8062007875639724,0.688376070814329,0.5859409118954466,-0.4500621946397744,0.02643768475587488,0.24363499498430535,0.19078259105735568,-0.4177959157572918,1.0144846409227977,1.036033311150189,0.8360215099092589,0.8225727917899832,0.7382559734784155,6.056461566112073,5.948238720702886
0.7241915484782755,0.730868221552375,0.7463431222494173,0.6761399849894004,0.565651821830457,-0.3558816347281657,0.08123331698372327,0.29637062504605727,0.2411564382494577,-0.28043630045776613,0.9775201305578259,0.9678157885980769,0.8169689115028163,0.8075333056275806,0.7205286719434412,5.949946149309712,13.161937784584783
0.7261402347898335,0.7450671386259207,0.724129556451135,0.6668032126658424,0.5806466289346165,-0.34178559254362867,0.036786878978774695,0.27207982585200596,0.19971340707563423,-0.314376079692465,0.9552769217784388,0.9434794234182984,0.8048806199551463,0.7953347652885968,0.7052263171544046,5.949946149309712,13.161937784584783
0.7616259471386753,0.7997031920409425,0.7608393790339132,0.7283093476210013,0.47242079056922026,-0.186142762041884,0.11718506721585475,0.361216955584147,0.2605227341231642,-0.20695753119391064,0.9562908576596,0.9212551639352711,0.7670169508506872,0.7728168894576388,0.7040485676050312,5.876990568218988,9.276916704216829
0.7768847997818784,0.7926482658940831,0.7702924582910179,0.7614117811064782,0.5651366059498617,-0.05000068128518981,0.20755619253836632,0.42687077299558684,0.32422476981937115,-0.12583934059288357,0.9842492736235982,0.9152525330762643,0.7895485855052014,0.7989695741316621,0.7051296456588652,5.886592549273429,5.951707100667901
0.7773231926872186,0.7833488397555577,0.7753006705354613,0.7600721665380448,0.5587925235074429,-0.0754185388643952,0.1982737395469187,0.3982926724736888,0.30997384820357454,-0.12673554541606893,1.0029943599674216,0.9273869669972132,0.8010400401793456,0.8156427095804666,0.718670730147753,5.886592549273429,5.951707100667901
0.7843195142049153,0.8124653773680632,0.8089584527305291,0.8023904650228266,0.6311098680771616,0.027736940904315888,0.28071329295444997,0.45941044701066924,0.3636166770900895,-0.06332345313399595,-0.551293902469889,0.9046249332962031,0.7877795578708338,0.8199800684983258,0.7214476357847213,5.3937717992550755,3.2107094779524954
0.821860403671781,0.8222059896681659,0.8191126757849182,0.8265807137573455,0.6927821359405721,0.1665790374187225,0.3513762267749711,0.5523678524434243,0.4310270822592117,0.0017688140725185542,-0.3679540431638565,0.8506228936627143,0.7916506697435356,0.8156870389949213,0.7404339780351799,5.383071546715683,-0.32441728724677155
0.813990388795289,0.823794880805164,0.8342602020228487,0.8160924853948874,0.6824805784265984,0.1653165973252559,0.3463410376768128,0.5207717208051555,0.41137992518272537,-0.007352104191605507,-0.362182346342229,0.8562524613299218,0.7895030355179335,0.8259736551783178,0.7446596337166865,5.383071546715683,-0.32441728724677155
0.8071220651411757,0.8178079844511841,0.8439167654490258,0.8504484120700151,0.7283631297716924,0.1592428578125934,0.42600578577640935,0.5803257588453155,0.46949247161190677,0.05690508146259926,-0.2430585060441317,-1.5181435470511246,0.7734038834773536,0.8309020943418828,0.7312859156486198,4.612585968882799,-5.494033145738438
0.8490834842808122,0.8386512737569145,0.8305279896764193,0.8397571104684192,0.7849618293278037,0.1751003313538969,0.4986204019003073,0.6711557160012768,0.5309116179421967,0.1322672967926086,-0.11565897973596484,-1.4019792071965103,0.7740763671501096,0.8360929695092163,0.7617533931337828,4.615536506227305,-8.645199823370579
0.8415302908349556,0.8486325076389232,0.8510512623451618,0.824422944807655,0.7762653647283141,0.1763692035143659,0.4938440546219279,0.6306464675429734,0.5039775171433043,0.1196743089299677,-0.10346429584699612,-1.3949673717393756,0.7662723923943406,0.8445236159053768,0.7622711654063969,4.615536506227305,-8.645199823370579
0.8407988203444218,0.8641040491642946,0.875307221448142,0.8728637463636054,0.832786560499062,0.5416122302204495,0.5653458715956012,0.7016418143908039,0.5632297235783332,0.1940744398565627,0.011816847278950604,-1.2479863456867502,0.7875495136469783,0.8365990718913059,0.7548039206201805,4.359152313626976,-12.998654139496383
0.8589471119356902,0.8719210679834937,0.8753482657094114,0.880694115195094,0.8388728417373346,0.5373989131931246,0.5286937871404775,0.6594166219084533,0.5219855584955568,0.1776147315358262,0.015871304101274686,-1.2319456890470988,0.817835927779987,0.8711266032041467,0.7813749906195291,4.359152313626976,-12.998654139496383
0.8970444368537629,0.9100875526776632,0.901416286004576,0.936215179963185,0.90024469478915,0.5228508668077241,0.49064623401596374,0.7013645104851872,0.5803945874061379,0.2446511372064532,0.11355062614931855,-1.2233092035504758,-1.6019320198941882,0.8423847732331681,0.7656419658064209,2.8231734420430525,-22.940430632566088
0.9602496248276664,0.9046730501285046,0.9027543999906031,0.9236658485893681,0.963230261527716,0.7416754312867678,0.6707168023630338,0.8166625625738302,0.642807633850507,0.3335332413949096,0.2232533171360156,-0.09416421603830138,-1.4251085371202632,-1.807766070830448,0.8046602927613481,1.34308722445666,-38.58306565508037
0.9885127667184301,0.885815170854728,0.9032546636379912,0.8352193959411559,0.950800628049843,0.7814195631365005,0.6856391006167262,0.7999931642610467,0.6118950092896048,0.3262049254082782,0.2771339371399808,-0.086964291725325,-1.385248804860929,-1.7550052738160398,0.8594167861839143,1.34308722445666,-38.58306565508037
0.9829446533185581,0.9444448582850582,0.9500498726145147,0.8558667242971667,0.9983956444480186,0.9146583238568096,0.7986572299404074,0.8575715521090008,0.6612803550156772,0.40648834784773547,0.4148382093190618,0.09521607286876888,-1.2690699628356445,-1.606034731284068,0.7486025132811764,1.3412498176342713,-39.50775180077059
1.032403026402525,1.008919958784133,0.9524729979315671,0.9465117346451526,1.0655120142607308,1.035931031334513,0.8597592259753593,0.7895104252056075,0.694175782064679,0.4828452793855413,0.5271864565174238,0.28444702409413536,-1.0742265346911082,-1.417211202750806,-0.49711047457425883,0.58837962626815,-45.881103816156994
1.1226567668766505,1.0736276871646715,0.9982672669086359,1.0109097976378405,1.1196917710151373,1.036234256892746,0.7786834654856556,0.7060009173330425,0.6075551837191568,0.45506991714058476,0.5566622353120737,0.3326607976577204,-0.9909193780915337,-1.327570345564121,-0.42375345163199096,0.58837962626815,-45.881103816156994
1.2131241638897072,1.211979290087743,1.1495537820079402,1.129413083048738,1.2117994614862535,1.092159308157056,0.700525895029686,0.582490390205227,0.6068673792665934,0.5194518230737077,0.659421076658631,0.47398799718592444,-0.9599745369481192,-1.1668314025800053,-1.861112311392578,-0.6172036381230632,-36.77555604983299
1.4329863659447102,1.3686358950532294,1.2646616546789176,1.298469029817262,1.3817470946035317,1.1780896668734764,0.5892359274025629,0.7324385385218952,0.5474269266340176,0.5256683101374712,0.7465401624438576,0.5625854381382565,-0.8789388110960195,-1.0361870422776387,-1.7781075660162844,-0.5553300561084855,-39.392118991157936
1.567867636647306,1.5387587827759321,1.4315908812387466,1.4123968615932636,1.4300974266328537,1.179735628053851,0.5392112647913894,0.6318612751261463,0.49389998212286623,0.5196717940965914,0.7752523239493015,0.6349494822556999,-0.8385035225768711,-0.9507049058894967,-1.7213672015106722,-0.5553300561084855,-39.392118991157936
1.68019022759667,1.6088644168602235,1.5430318115489876,1.5223936035365153,1.4905873040348376,1.0919071335697481,0.46658792032621654,0.4688394328071712,0.43406689078959615,0.5259628096764777,0.862816602980224,0.7228359870560033,-0.630279051749466,-0.8873053520835803,-1.62385563005313,-0.38045130935626936,-38.561596643763934
1.7795677530693512,1.6945388576328788,1.659450299129188,1.6392276397449919,1.5493290023528226,1.0498774445232004,0.40006004721713195,0.36028437586014517,0.3767933418367956,0.5112957288213689,0.8688934433984659,0.7679447894347629,-0.5810615843971824,-0.7969555421595718,-1.5539520255171406,-0.38045130935626936,-38.561596643763934
1.8437384605127272,1.7297720034107886,1.6986751516232268,1.6737324742808626,1.5120313483776346,0.8889867182793354,0.4253246353955673,0.26372527874457763,0.32436105344241006,0.5195293512345391,0.8925821425616834,0.7998705768776166,-0.5687937788972705,-0.7964252395179612,0.19431178269794908,1.0277602606483907,-33.112857886596196
1.8169504816898163,1.7091298224237477,1.7327824984029574,1.6909725866311531,1.4194993338036848,0.7393986664513941,0.3539061091531259,0.1273326330786162,0.2958728607484571,0.5198677852714919,0.8801820430605667,0.8208573471661615,-0.6417490874946479,-0.8893575140900583,0.3135254405167239,0.8546004487920644,-33.18879273567667
1.835937301890516,1.6328357320637292,1.6736282124184012,1.6957277987405472,1.4258745057394904,0.6808879840902026,0.27136009415728757,0.06621893662509115,0.25311318155061924,0.49452394598793625,0.8291309386715968,0.8172740176878136,-0.5791967941851851,-0.8084930661392651,0.39789198049348157,0.8546004487920644,-33.18879273567667
1.7941320499060143,1.5462690613297,1.6090912431969293,1.5522256579390075,1.3246728131690193,0.6289693914941961,0.24512762279771882,0.028358247685298155,0.26546692800327976,0.5093942316131326,0.7956307009419564,-0.32197973590531187,-0.6662620865047435,-0.9309599939736275,0.5054270049485442,0.16645363687306558,-52.782611321979054
1.6480032524515402,1.2742932046096538,1.3656488628875716,1.2745109598343531,1.1590512830249518,0.6118474263901664,0.27300246225151104,0.06334701951185506,0.31236087779496025,0.5495690849857517,0.7805725568053732,-0.3631454133333423,-0.6773620153174915,-0.8774373727988234,0.6419717109049461,0.028095655890411297,-53.30703568631272
1.5015471895912886,1.1102274189276553,1.2222083242616428,1.088729874292327,1.085947250471579,0.6130108395919864,0.3092977727836612,0.05455056593584029,0.30577057939002017,0.5300218317415918,0.772073973806784,-0.4329644181928916,-0.7216629390630303,-0.9050224444447456,0.6259860165440009,0.028095655890411297,-53.30703568631272
1.3253706233353804,1.015411637509622,0.9962584931638626,0.9028249137459625,1.0063843571487885,0.6791708577346263,0.3493953189675194,0.1333886548198535,0.3471501395763995,0.5680600606396946,0.7939963981371424,-0.42567685608674094,-0.7446420056192754,-0.9480592400433194,0.6400275435823699,-0.1521146710356307,-40.3974049381447
1.2846120977928255,1.0394148677915291,0.935323592507288,0.8639893431198238,1.016987681870154,0.7486100826833233,0.35072073397331893,0.1733846216054653,0.33917236025516206,0.564204285765411,0.7963002066474483,-0.4639080372734664,-0.7669697068963235,-0.9946533433349378,0.6059771023031442,-0.1521146710356307,-40.3974049381447
1.2786073302278775,1.0461712091534425,0.9182366868285672,0.8609271604725497,1.020306997273195,0.8562659432503148,0.42744710142663833,0.2707470140979804,0.41426006143152017,0.6551277315099595,0.8711859748638865,-0.4014339314413087,-0.7199172681343948,-1.0088153111792846,0.6085664517264562,-0.26049876468387323,-37.8754219328907
1.2812813755551127,1.0668929507884652,0.952361234958377,0.9273501176927348,1.073409193155224,0.9051213743357163,0.49544361347548416,0.3410731799058585,0.4818275679735028,0.7303597299999339,0.9356940617957792,-0.38776319811349125,-0.738762357331507,0.6712887569160121,0.675790567675216,0.9320158117041459,-31.624292296233037
1.2945313312596647,1.178492545478842,1.064099592666801,1.0473076642031451,1.0955302915073584,0.8938104109212545,0.5194564544167738,0.3301605896596431,0.5029568163620621,0.7664137260087531,0.9622042431177021,-0.34372116129833796,-0.7614100007604443,0.6472010872590096,0.6476029561410619,0.9320158117041459,-31.624292296233037
1.3117449308920548,1.1935344811579254,1.0891436356729516,1.1597364363739866,1.164912945593321,0.8977557664448257,0.5433287883501338,0.3804660217893594,0.539306895851247,0.8142921520924541,0.9719772809856948,-0.3463716529413874,-0.8114053744028246,0.7901030425276854,0.7277195203670184,0.8954873452333842,-32.29748466974869
1.3384315133039437,1.2347156226516411,1.1981321442571007,1.2332889949482213,1.204548312272086,0.9220367524177446,0.5968141142303517,0.4035429376480315,0.5732999268146693,0.8292199354865812,-0.1256601955117848,-0.4077106981044393,-0.9479857045674114,0.8806919655996248,0.7763345585069692,0.5330756616879078,-32.75186614873778
1.3602039700395816,1.2318547415280916,1.235728433569996,1.2509161041233146,1.220630971221983,0.933224402343944,0.6115975520567956,0.4269224546585413,0.587190172414441,0.8365261753272025,-0.13888871429612326,-0.4227520924988741,-0.9464565314925055,0.8797916524879621,0.793064417049609,0.5330756616879078,-32.75186614873778
1.32003814271573,1.2208945579777741,1.2510858735538941,1.258881242386743,1.2451164442096998,0.9757795358125096,0.6706533314142193,0.46145525245632624,0.6106306854697867,0.8424548208380347,-0.17487623558530496,-0.5119025323157117,-1.1076291059317538,0.932506587617336,0.8231799053999277,0.571029894109575,-33.26732087142992
1.2781987597172884,1.1781067752379777,1.219791642036576,1.2272139207749968,1.2491688529430376,1.0289843852165843,0.7177104997285955,0.4983213438786911,0.627502567297902,0.8526721966306088,-0.2347380712249549,-0.6053709661875201,-1.2871195183358273,0.9690148278133953,0.8529369198827044,0.48439933077190434,-33.869777196434285
1.2419513451416548,1.1409314134758892,1.1790789445090264,1.1845450463092058,1.2293234017357584,1.0458011512559262,0.7413208051440219,0.5281371146628386,0.6422963178481434,0.8612220741546222,-0.2405976354129266,-0.6205055617223012,-1.2934278979615366,0.9515977768096138,0.845588619187402,0.48439933077190434,-33.869777196434285
1.2058743173170217,1.1136318824411153,1.1727484258708956,1.1803568358109762,1.2342444616590187,1.0689588717858616,0.7696226592603057,0.5600845924680913,0.6531948416414564,-0.22069286413382666,-0.28171933691582507,-0.7192070820694272,0.5545045258753609,0.9751606893715623,0.8700306470102314,1.7286303665388285,-23.96604858619026
1.154905804311912,1.1383227570667667,1.180676165014861,1.2074733627165055,1.2249803586926935,1.0599780522648352,0.7797397551518837,0.5488600518171927,0.6598722254367684,-0.21921903547303073,-0.3021263714811038,-0.7214814661534593,0.5004847258609064,0.9216576056694086,0.8116739056716705,1.7286303665388285,-23.96604858619026
1.1615990695685718,1.1220247264612508,1.1495434486388971,1.2385916363553227,1.2506840575280833,1.0740511606461352,0.7682142666036631,0.5781131067417984,0.6682040522510339,-0.23623106307167324,-0.38293196821977243,-0.8271041797982904,0.6595350471951394,0.9728735870878116,0.8692471311688662,1.8285870228654773,-23.47233112834462
1.171097486739635,1.133345548598574,1.1941679308987099,1.2700564117689765,1.2741659391077398,1.0539750396969048,0.7979105332056089,0.5513452035351121,-0.39848752406894916,-0.26067009045842654,-0.45726480546194237,-0.9923045948289013,0.7220749494948298,1.002473565834066,0.8860171111026117,2.261705040032256,-12.923989679854987
1.1725404761927685,1.1587353446307704,1.2176501784812845,1.2970872317604012,1.2904681369189752,1.0551842286299296,0.8101061438359184,0.5767724448785918,-0.37660909217902594,-0.2557883173348136,-0.47581809024086685,-1.0162968713158353,0.6803213309604337,0.9553276718865839,0.8497240293371913,2.261705040032256,-12.923989679854987
1.204262165054445,1.1907672420650932,1.2317727688419537,1.2934289033132653,1.2834740418964157,1.0680016561585777,0.8246296442394432,0.630499476977344,-0.3556491139514375,-0.270070193586742,-0.5620735556295505,-1.1760286904403667,0.7476143380467188,0.983253014425477,0.8786492028154982,2.3780102067039977,-12.264483703533696
1.1894426863926468,1.170006921617681,1.2354282523989184,1.2707571074268065,1.269214604326058,1.0598147438057912,0.8746502952004224,0.6758089999893172,-0.3061641769078922,-0.24164723760076762,-0.5535433113473076,-1.1931854336192556,0.726822037304812,0.9593006924625382,0.8627304930618604,2.3780102067039977,-12.264483703533696
1.1821347423019595,1.1478260134472817,1.2409382776222648,1.2850379832658962,1.2668007011357556,1.0748146992689627,0.8636592344580838,-0.3025176377989628,-0.29040372608719883,-0.251304289432101,-0.6323185630242297,-1.4187088605969356,0.7700866529948676,0.9697747752396759,0.8797604132543921,2.8077293137476618,-0.624602003031157
1.1674397955832805,1.2320309289340594,1.2726129109746478,1.3154125379166333,1.2897948984875256,1.0630719337294487,-0.07886184977620231,-0.26374880928284505,-0.28298111233976175,-0.2776167285439284,-0.7430209640231412,0.5507198969786677,0.7737355885474723,0.9310794472621641,0.8524784239789638,3.927993743819007,9.578058272467286
1.1466389518115803,1.2913349172604578,1.3059754070082072,1.3764227515628216,1.287815007600227,1.0767103718133195,-0.042447636730709615,-0.21377925122081654,-0.22864191740185097,-0.246370198561719,-0.7645197281271732,0.5548413933175542,0.7258948522891702,0.8704420670728823,0.7943180252397799,3.927993743819007,9.578058272467286
1.21666860793714,1.2985640616729601,1.2912237614375446,1.3987148498882764,1.2862361049139697,1.0613976444455473,-0.018168017765270494,-0.1761307889270392,-0.2163233173979035,-0.28330172359537453,-0.9293633845933937,0.6919698898721149,0.7937686229437844,0.9041190882548178,0.8349349242881677,4.16090687462669,11.405211455504368
1.2317981806048928,1.2952005732619614,1.3638167964824368,1.3964247731029023,1.237762824590875,0.0453335008967265,0.010531560687332853,-0.1567786590761206,-0.1912672538161892,-0.33725391670313815,-1.1066496393198986,0.7480562503311567,0.7957196715157696,0.8997761913618714,0.8335765022175816,4.05883166724123,16.034481529878693
1.2154037793399395,1.2772573866263366,1.3533200146956283,1.3811723073428501,1.2364146642100855,0.07496777945852084,0.07581697715289229,-0.056274707559732184,-0.11964105073677486,-0.30479678721716885,-1.1154322799608616,0.7135713789726865,0.7611249831588204,0.8420290526391851,0.8007156814906209,4.05883166724123,16.034481529878693
1.1773407828616274,1.2781908654435767,1.3349635645069546,1.3356524095153657,1.208883311749228,0.10260532516653909,0.1288459018329699,0.002560094045567396,-0.11127062282941722,-0.35396535511241106,-1.334482449859556,0.7624577609157419,0.7770037015097787,0.8221285533737841,0.7949511571611825,4.167037300809345,18.348461467879716
1.1275971722053753,1.2489068602872868,1.3042702791768013,1.2956937781829638,1.1865139585673072,0.13787203601469478,0.21321289758685927,0.10498102983903285,-0.03400689715895194,-0.3133399287576688,-1.3253437856023187,0.7393371229824945,0.7390919075815612,0.7581225456384983,0.7493069638119655,4.167037300809345,18.348461467879716
1.082528084377076,1.2270939371881187,1.2653044983704462,1.2009700507299468,0.21779092513920828,0.15013328216741778,0.2509552824952987,0.13624827986474233,-0.06595850644134205,-0.42279000690708113,0.6884024530469021,0.7997195108440134,0.7642232603309906,0.7551679001570326,0.7402921399057598,4.573035001793213,5.894815667693052
0.9925278890102509,1.1153616931961874,1.1310084204166702,0.31050413785386555,0.1087845773249444,0.10550754239374172,0.26862771213422104,0.11076097332655124,-0.12871348593268062,-0.5783720715064559,0.8508221759281325,0.8816326669788493,0.8030852723049464,0.7601274632205915,0.7675888340993895,4.488884018837337,11.188972497232124
0.9378227242690336,1.0545521897877455,1.075264499645183,0.2799789186324655,0.11849833840657764,0.11891398008974077,0.301749918134542,0.16799974210133917,-0.10833974696102125,-0.5815844913485678,0.8430008803424642,0.8349807411362369,0.7693244322918763,0.6968145435924403,0.7180836088522866,4.488884018837337,11.188972497232124
0.9007004710851582,1.02649809856696,1.0474580675666119,0.19245624158238595,0.07574772966921167,0.12196252461565713,0.2528835163848956,0.22061469134925904,-0.13012228166003748,-0.639978200052473,0.883307459845085,0.868043593066746,0.777041012105296,0.6794572877102959,0.7004894643201098,4.586680480129453,11.091273186583022
0.8746354153795746,1.004590726280402,1.0111514255068563,0.16471697890799175,0.06179605655982551,0.1291471924384393,0.27268375677894696,0.256508413682511,-0.11409267019819677,-0.6379457034063022,0.88181841473473,0.8610017338675053,0.7612911895746544,0.6433535708857381,0.6654893601666445,4.586680480129453,11.091273186583022
0.840693685531053,0.9496284321334634,0.2679823757684068,0.15694361043262628,0.06243820032858449,0.13012924852888907,0.27850275850887046,0.2869334853877609,-0.08898661935836791,-0.6355667626564162,0.9443006168336578,0.9002767365575739,0.7961262857099072,0.6623212076521175,0.6615355309821541,4.276764753144597,-5.337622821505619
0.7826751158868939,0.761775954619645,0.17726580051566931,0.1107420776492194,0.03776185284118794,0.12262265902689945,0.2941085346349622,0.35187822030472277,-0.023012872454027694,-0.5786509624367494,0.9944487453298818,0.9745899076509941,0.8767947155722752,0.729324655868485,0.7221900230235485,4.335501883480628,-5.912135311212623
0.7435196356263312,0.7063747672718765,0.15235563954072684,0.07443038061703633,0.033799660435070544,0.0956185982690993,0.28942938378551386,0.3220348564036206,-0.05104111178184184,-0.6097646697873185,0.9959096039814712,0.9515994396634049,0.8513252333155046,0.7049998655334844,0.6908894850626306,4.335501883480628,-5.912135311212623
0.6834730300239966,0.31581025411658337,0.13529584164957442,0.11109107640127491,0.0733106559638742,0.16411589032401977,0.3085206162274692,0.533461952504132,0.1967876191202017,-0.26519283766102214,0.9660206353966995,0.9470856861974895,0.8456547420454659,0.7360771245502482,0.7163013916154338,4.062401127001074,5.962337920084219
0.751210948234251,0.39960134120750457,0.18137722921190735,0.16778867448811496,0.13984611483434134,0.18479420848757425,0.25299236465836406,0.5145331645634499,0.1515607946360541,-0.3053589448265287,0.9513076574000392,0.9240434485431219,0.8351406889195119,0.7207087712387535,0.6898113859496652,4.062401127001074,5.962337920084219
0.8200644002001072,0.581242708463618,0.3214572296416973,0.30135661090845334,0.2786092344627225,0.3580491476645157,0.4387056398432709,0.7131647916784478,0.4182320014078857,0.0560034055068903,-0.8573872939610753,0.8804084938159876,0.8502659351924471,0.7402480597567158,0.7394206905170059,3.4275402178692174,-2.088571509748466
0.9167766453881931,0.6890597076423284,0.4399054160186773,0.40634036421289044,0.4059207773484219,0.47994230952678674,0.6183174470243505,0.8135769663438038,0.5394300288537387,0.22747938740385487,-0.5323260238153683,0.9174286277001586,0.9121686158815829,0.8000102027359253,0.8240878567877724,3.6503590502465766,-7.419773460674476
0.9341995048438492,0.7020539568390846,0.4965167775457502,0.42469086444536885,0.404355338514891,0.43987354864276423,0.618014002309271,0.7597117726707286,0.5250289937522902,0.22272478680485774,-0.503193963031468,0.9435764886547707,0.9125475684924746,0.8242195749116772,0.8322832824682485,3.6503590502465766,-7.419773460674476
0.9069165985283489,0.6978947191383201,0.5558532955204101,0.5217831686761378,0.4962554264151381,0.5041991093581063,0.6786553243800181,0.7905504564037931,0.586259165369506,0.32224782750108555,-0.31094376917015376,-1.1218181046843523,0.9205796268110495,0.8771039244834596,0.8556500451700587,2.8231580080293988,-12.520539597643065
0.8776753275514318,0.7035294467901586,0.604632527654216,0.5845904880498711,0.5847722527726276,0.5910910561108034,0.7179622078437232,0.8414235999612465,0.64223289352785,0.39929599142408884,-0.14462554822777515,-1.0033330055840444,0.9563825955864078,0.9231597935353986,0.9235829722814172,2.906297279512186,-15.367610514246907
0.87853928718538,0.7126069760304328,0.6337709609928263,0.5746723210987168,0.5791095120492721,0.5819408108284447,0.6984609928526706,0.7797111233420265,0.6066188275120855,0.3719350221519601,-0.14552919381569188,-0.996418719431145,0.9454575733369962,0.9424068678898826,0.9264620873881385,2.906297279512186,-15.367610514246907
0.8293069502140644,0.7010121736559495,0.6488739987978307,0.6343154229156638,0.6449387156200262,0.637416337676675,0.731309713704096,0.8115454371698104,0.6457811522862369,0.45293909384468506,0.01558315204201735,-0.8371611948553396,-1.176515248559011,0.9674480851783669,0.9481491231116757,1.5692336879205966,-24.658851310964636
0.8802873804614603,0.6793123358584602,0.6153588876940133,0.5952285771674424,0.6569156273073844,0.6509849871890987,0.690389645931244,0.7949582650286595,0.6052099049290798,0.43156266326695014,0.029750520109470657,-0.834087517652997,-1.1120544344528194,1.0329110595043245,1.0121440749192394,1.5692336879205966,-24.658851310964636
0.8653345724499943,0.7227466532477407,0.6981919376754993,0.6217776874236509,0.7124186113630899,0.7244965300979482,0.7488352978813934,0.7994741777543326,0.642982143087442,0.4939655201696146,0.18188850611115348,-0.6605723110859265,-1.1001677158196832,0.9967449511691915,1.0042902329598165,1.6659517526421599,-27.16388050027849
0.8641902557034872,0.7506149485422042,0.7002416666840894,0.6851905512183964,0.7577951138912778,0.7826842207559443,0.7706826971357237,0.8228866809590931,0.6827137715203517,0.5670253759891641,0.33009956439987026,-0.3686835540933631,-1.0085791792026662,0.9532230963094281,1.00847862284959,1.7706401050614629,-30.102250809581406
0.8848308273933132,0.764926976269998,0.7118486232795743,0.7157417943660145,0.7711774587349285,0.7495038410914667,0.7153678621835349,0.7420416583584848,0.6267190922748651,0.5424682549848633,0.33881399755309327,-0.3397606397312265,-0.9730436333249465,1.0063605908604392,1.0400897970084226,1.7706401050614629,-30.102250809581406
0.9187612271610283,0.7941628194474933,0.7767797085233055,0.8017554206557491,0.8524682776724765,0.7743783949188896,0.7142748460832871,0.7197010559746881,0.6295329131328264,0.5903081740917646,0.4451268569701188,-0.14100040595733937,-0.871935160941874,-0.9095923940227133,1.072825507709986,0.5042112350238401,-37.92768380938504
0.9934018801158749,0.7917249676194408,0.774331052554854,0.7943899108626071,0.8806364372898776,0.7761282413941004,0.6544200262099136,0.6794758484333269,0.5751731161441853,0.5623413449464562,0.45254984835942125,-0.13373074508327398,-0.8034384399165146,-0.8322562589275702,1.1489188795929057,0.5042112350238401,-37.92768380938504
1.017692608048454,0.8657896971807253,0.8774500575400808,0.8455919808497472,0.9401847756844264,0.830113952495706,0.6961756420508041,0.6581865607524576,0.5972090975965576,0.6105317514166133,0.5694591355281132,0.03660766029271367,-0.7388769270900271,-0.794692055346295,1.066296701328958,0.6256366109723235,-39.16710768836599
1.0282540227503056,0.9002773411294138,0.89180398632774,0.9068162342262874,0.9895927597159617,0.8708000404743741,0.6930558256682648,0.6490467861035579,0.6014547224657572,0.649968346342298,0.6560442742639884,0.21642963517289782,-0.6179444903973492,-0.7208313787736934,1.1061155813539492,0.8104794938818625,-40.734043902158895
1.0466816918523367,0.9141177368699698,0.9081563731024649,0.9384729946674937,1.000456817306199,0.8352823675814567,0.6355201167451145,0.5636573114766006,0.5462949254797702,0.6260782919791503,0.6573517439146506,0.2415141123142129,-0.5854228931667009,-0.6659398431212004,1.14127952056541,0.8104794938818625,-40.734043902158895
1.095164280545228,0.9301018374398069,0.963088951311085,1.0077855819540964,1.0617779357824935,0.8561969212788241,0.6192120054697778,0.5293706567918176,0.5434568322015699,0.6560195631105068,0.7244744964629839,0.3615258495290519,-0.47943002554566083,-0.5815896819494185,1.180761149456466,0.9680772433529623,-29.94236480016032
1.1627065024560546,1.039695454419913,1.057275589967471,1.1231255537725269,1.1539385283696157,0.882375040166683,0.6083949249196703,0.496906671604865,0.5175275550790741,0.6579143478157037,0.7394348875302954,0.39533641793482244,-0.44417727219522485,-0.5364947030413796,-0.7272134351587338,-0.4780400908728941,-38.26666276648513
1.2556612321928384,1.0536489013329997,1.0540806215151108,1.111823687698218,1.1721279749976055,0.9049762110605397,0.5727302390387617,0.5054731737273792,0.5023744504300363,0.661855813681002,0.7553055913052606,0.41177349029494525,-0.3611903105646592,-0.4544950489880387,-0.6352713887956392,-0.4780400908728941,-38.26666276648513
1.2869517871987808,1.1211606550448,1.1572061975234371,1.1226347843592501,1.2064542666160916,0.9286205410975924,0.635782293659758,0.4743566419587425,0.5113170097592705,0.6726362127459093,0.7892541275199905,0.4144473183560786,-0.407974687652157,-0.3905939579669941,-0.6255478720778179,-0.4479117009772775,-36.785332580627255
1.2908445264670096,1.1392110999906266,1.1518795720860968,1.1466953001569404,1.2111227865681569,0.9457885550647122,0.6280299028579817,0.4702724006134752,0.5056862911852716,0.6878248621144166,0.8185584092943207,0.4509060066632987,-0.3750762257407447,-0.3675752879791461,-0.59145356476118,-0.4479117009772775,-36.785332580627255
1.3358458072120059,1.182931723903793,1.2128244462963507,1.1892325257777707,1.2472385725791708,0.9603867863344613,0.6259742601735734,0.4567151932375587,0.5013942544640826,0.6992445188971896,0.812852587268895,0.32617700680898093,-0.3545503030619631,-0.30407431619291997,-0.5642106524419309,-0.3776891025065745,-54.92143673249713
1.286422674342453,1.129023444100619,1.17196781358796,1.1785562792779134,1.1937578458125284,0.9440327149111516,0.6367753156438452,0.4229477378068157,0.4970128430400056,0.7100593864814759,0.7926327516013362,0.2495129966296128,-0.3274987258461446,-0.21083739742779975,-0.5042949656745208,-0.39615891376801127,-55.21244822073302
1.2386796261479274,1.0509563617167497,1.137647940405237,1.153206540928139,1.19943363371674,0.9105392593882514,0.6112861946794506,0.36254260272775785,0.4501569412129194,0.6780280554791929,0.7827453031511276,0.22520938220618453,-0.32595891551011613,-0.19490213915334514,-0.4888620949393966,-0.39615891376801127,-55.21244822073302
1.203182392758242,1.0366066048162175,1.123205977848282,1.138004751302259,1.2033203204883178,0.9457118221021623,0.5661221572330375,0.3526442130416436,0.4271034806002836,0.6405160821812674,0.7470574189106427,0.20768606198831482,-0.31658430340259913,-0.16826582552889072,-0.4902615369449586,-0.3737222157877511,-51.485248902062644
1.1877019465141343,1.0260580503731662,1.090182526881676,1.1196527673760284,1.2044276925122888,0.9477900744469387,0.5172753851689544,0.30695504920824046,0.3774341958809324,0.6047993854067992,0.7155420382836841,0.19130359817318246,-0.3177136671289035,-0.16082803640753274,-0.48814675505292576,-0.3737222157877511,-51.485248902062644
1.2196954681710372,1.0602081850503626,1.0808389213577503,1.129671779743329,1.2025003863095445,0.970895186837338,0.5176825988427581,0.2988643367765931,0.3782448979687406,0.6372181237893126,0.7411329087505052,0.23590916224988379,-0.26331541713308776,-0.11916228759427064,-0.4749961545898273,-0.31452464957213966,-38.91998028385657
1.287540449648711,1.1533481875971299,1.1497011403218695,1.1975128216980813,1.2899182967752747,0.9952984348804153,0.5145294260599824,0.30601043078261747,0.3859440526079084,0.6535534132655969,0.7848260816490491,0.24587232517322938,-0.24320362288280675,-0.08932273229444165,-0.3587924209376438,-0.10346911846586293,-39.416839748124595
1.3262330621427751,1.210280866730863,1.180422665988751,1.2317503573284774,1.2850820721024256,0.9914046959450032,0.5031134270692925,0.2993359104922777,0.3921564373149422,0.6731385709364266,0.7951678700504649,0.2810822007576013,-0.221979053470439,-0.06614187531794435,-0.33707803322560403,-0.10346911846586293,-39.416839748124595
1.39118690971133,1.241444577372584,1.2188002423899897,1.2876521108682262,1.308078415943624,0.9844711601317301,0.5324419894123747,0.29287620978187867,0.4044100089289667,0.6972466617342394,0.7816858245800873,0.12127426537665527,-0.18517204486717354,-0.004598461214458394,-0.3029881406776677,-0.0985025322826365,-39.767939295306554
1.4102781622944072,1.28332889787161,1.2881144837692684,1.315630761718464,1.3437569788073802,0.9782535727165198,0.548063457850073,0.29504373759241576,0.4148943100218796,0.6881449282307053,0.725804465309067,-3.240190642603974e-06,-0.15481447825816427,0.03540615765494387,-0.2860161249979536,-0.09837532196638588,-39.61316939042168
1.410784804191671,1.2858227935820346,1.312108718353534,1.3291513873878618,1.34817898997304,0.9835699301543592,0.5657025230014514,0.30476268136220375,0.4301188747487734,0.7018163123981845,0.72746369723444,-0.0021144071216689375,-0.15466649483586653,0.03893854793136875,-0.2738804112329574,-0.09837532196638588,-39.61316939042168
1.4283351218628977,1.2827002440607274,1.3264685672302834,1.3327653965746757,1.3443522693441372,0.998427652182048,0.5866751456034403,0.3177325028646587,0.42332709270722146,0.6921906894727368,0.6430590221091783,-0.05426485125362432,-0.14866054592536965,0.03969740897572366,-0.269851791267756,-0.06352796973450126,-42.59850029731344
1.4170206916132622,1.2711030063786368,1.3211763048511098,1.3302893859765375,1.3224791576761976,1.0084061031634979,0.6086811877964375,0.32446535130878984,0.4334295491450588,0.664318007453172,0.6375373967281495,-0.08982505093121025,-0.10537852102355305,0.06676529146504817,1.2120082448437859,1.2276573143905494,-36.68122416353058
1.3363119052130918,1.2519577384191067,1.3154618118531163,1.337293928381389,1.2940755946064808,0.9818821062900556,0.6193805968398998,0.29444877062712127,0.4362924024706055,0.6610820958146251,0.6079037185467602,-0.09664899735833518,-0.1587196897758626,0.025726958152571866,1.1642623230815048,1.2276573143905494,-36.68122416353058
1.3101990992797095,1.1930598908338945,1.2389606393908317,1.3261691561939488,1.2878200221801894,0.9652343536989981,0.5893171449974606,0.29047731774629115,0.40022331343154505,0.6182791872088063,0.5696028234649049,-0.11155886403544174,-0.09777237200904634,0.038377922395291586,1.2171969463485448,1.4001495374422421,-50.50474996643975
1.2234954560124172,1.068570357920915,1.1604904766570527,1.2158447854013366,1.20375107156212,0.920262927821098,0.6120808455472345,0.27340505519256664,0.40994952771596405,0.614871758765139,0.5386127537627621,-0.13039843950572608,-0.11270053150387731,0.04296128956505241,1.217322015248945,1.4001495374422421,-50.50474996643975
1.1506464126267404,0.9300106122901055,1.0594400504105679,1.1098209975311613,1.1624742461664312,0.8902305612619384,0.6096379201115989,0.2688436361887352,0.3957052704797329,0.5821501462615578,0.19348129911089007,-0.1754509105140602,-0.1158751252335779,0.04078471809583861,1.1902471689805567,1.3607866904401713,-32.21248352496691
1.1340829772626877,0.9966775582512447,1.0557701877731713,1.1241919214842218,1.20964257921222,0.9597842017346723,0.5926144745493046,0.3398950580325706,0.4209118209201408,0.5944044262653667,0.14064016137013452,-0.20532069180632487,-0.15033800604134795,-0.0056194643721093895,1.116027890907766,1.4485800999615073,-32.985803627177525
1.117635854460573,1.0209053459590631,1.0152634533971172,1.085277106176726,1.1662780021402197,1.0010711480682677,0.6102083783332417,0.39212732988594134,0.45073093614990956,0.6154348927025801,0.13334348958536663,-0.19635493522474373,-0.15821556174535736,-0.03274349511340627,1.0950945066738937,1.4485800999615073,-32.985803627177525
1.1420873998699599,1.0095507859754658,0.9953148118222219,1.0601479653748835,1.150981907590649,1.0168329673724499,0.6708645130710299,0.4331189035724522,0.4904124986102214,0.6106388385721284,0.1083735149669478,-0.16838035655012798,-0.1100586088453552,-0.01836307750563107,1.090161587021624,1.477058543311189,-32.84300109277084
1.143050393315692,1.0442290209576497,1.0432052632673845,1.0911842181260338,1.1795295090739817,1.0227057863490883,0.7108328727349814,0.4334177182268114,0.4545371002801504,0.6428418917111056,0.017838281961907065,-0.15414399544430163,-0.09038741861392074,-0.04199443775575276,1.085297310076339,1.5558566875177293,-31.66322586714594
1.1480235564186319,1.0751148252749918,1.07904807008709,1.1226454765130758,1.1907776583464758,1.037224067696777,0.7461186230752215,0.47321600756528037,0.48554746989091946,0.668409882106344,0.03717846511999398,-0.15074846417073826,-0.10055226863583414,-0.06755593905365308,1.0693325601565247,1.5558566875177293,-31.66322586714594
1.156613231647622,1.1165821121902175,1.115172647292232,1.1571311091751053,1.2015143090873825,1.0517824184736555,0.7449763648303885,0.4696348589129212,0.43501286974585995,0.689141424549629,0.004082451676629378,-0.11349671591529045,-0.0788644893440197,-0.0641300478843522,1.1103208224087164,1.6821418656134108,-29.956440657438115
1.1775160808577916,1.1459600734129674,1.1591620624331767,1.1944093608048574,1.2145715573353015,1.0295786876232906,0.7281465919549968,0.42187338860817536,0.3341012735253789,0.7024791315155365,0.003359354050177399,-0.07566689291653278,-0.06716675859858104,-0.08605907951241082,1.139334707765517,1.8248430736489354,-27.463437944393355
1.1872928450404672,1.1741412742347928,1.1935033145735958,1.233570066319089,1.2308152943529957,1.0397059573393972,0.7410883074964507,0.4435849157635472,0.3487422670633964,0.7114844790893123,-0.002719932989589391,-0.07809436090171815,-0.07888197384309298,-0.10707562415015265,1.121775307489528,1.8248430736489354,-27.463437944393355
1.1988333253187033,1.1906790705030605,1.2129163717872364,1.2511223356638643,1.210351658085997,0.9975105089438497,0.7005514668750656,0.36954605816095487,0.3641563483364705,0.08547348588547038,-0.016843128741488883,-0.041152677239162605,-0.07769391277596815,-0.11727318649887777,1.160471273046266,1.886066240528284,-23.226077608196753
1.2138831537022503,1.213671339715546,1.2434739192755755,1.2743416389119466,1.228969861356097,1.0033137173751654,0.7135061399359208,0.39044666127421634,0.378834656455329,0.09033724781623798,-0.023448203746335466,-0.055389354003825886,-0.09667201090224109,-0.1400656420241107,1.1403480956285554,1.886066240528284,-23.226077608196753
1.2250281279558073,1.221981920079998,1.2494813707797598,1.26008582148664,1.2045655570695863,0.9697614379414384,0.653360417141962,0.4199223664440195,-0.0026747317598616593,0.03364478256733905,-0.019783982699371233,-0.029002878586584985,-0.07584554720960263,-0.1540324937252605,1.1708852405531915,2.0626133660783266,-18.348722316942442
1.2344662566149076,1.2403860120343508,1.2688619797405045,1.2686517552723837,1.1852609904441342,0.8991480996764452,0.5627394317775247,0.4440175396513044,-0.0888604238846753,0.023170452176437872,0.024325151868796885,0.0018840844639940735,-0.09365718767458453,-0.1805415335356245,1.1760866761162196,2.1342882678005832,-16.129505889501168
1.2473149066131306,1.259340470775426,1.2781587564079993,1.2839192284934509,1.1906091328503485,0.91108726457433,0.581692454587565,0.4802553351482509,-0.0612149595279019,0.03993994155304831,0.02256248378409839,0.001788818173032336,-0.100661522919581,-0.19699246604553017,1.1647587807609519,2.1342882678005832,-16.129505889501168
1.254158542760674,1.2566522236181186,1.2620362545330082,1.2523819841306119,1.1487219464665936,0.8226877063667843,0.46333129619326463,-0.0018193139096357447,-0.0832404864252222,0.05640096115017684,0.07930421382472949,0.020239868305939213,-0.09261183525847264,-0.2283673763447731,1.1913321201233391,2.3782636291703483,-26.84229775912665
1.1957840288644184,1.1552059477856504,1.2135957164528803,1.1631213084900307,1.038577941509176,0.6658374504292739,0.2841079259207003,-0.04503912163529811,-0.05204213441376049,0.08191969850790237,0.12415939148094471,0.06462947710507588,-0.06997890252332259,-0.22676956746234492,1.2195124443228262,2.4206868786324174,-23.977306438798646
1.1529156330981034,1.0940701737111649,1.1731954229794568,1.1341238522474906,1.0392292115395632,0.6554379921033253,0.29597787880227316,-0.03432793556592517,-0.04942917475555153,0.07193109500523603,0.11304471654517692,0.031115287777212064,-0.09216035991885208,-0.2547932107752702,1.197452419066218,2.4206868786324174,-23.977306438798646
1.0970848062121776,1.072547255643738,1.1017163022735317,1.0642236716452635,0.955811750833071,0.6871077314755365,0.18693195986423816,0.018015704760534934,-0.012023180846334247,0.12417062111157917,0.11766594654200091,0.04986497148123464,-0.0820182795121131,-0.2622355476654551,1.1678482942642066,2.4216137921482384,-23.616786925749416
1.0679821747969402,1.0411745512345103,1.0588632207873057,1.0240748430603352,0.939378467358677,0.6940303924648769,0.19332619894020103,0.03384990139071187,-0.008448401235215508,0.11788463215975853,0.10624589194787942,0.033617019075466104,-0.09594031518394053,-0.2826925062691912,1.1481562183026408,2.4216137921482384,-23.616786925749416
1.0482353436438792,1.0187198190865248,1.0235531356431595,0.9925986276879326,0.9235656703421323,0.6991838929081271,0.22435555919721578,0.08793785674916899,0.04338885178326779,0.16737994268704864,0.15596574083372594,0.08459298510456598,-0.0527188672132029,-0.24775536889054925,1.1035536494225813,2.4834312791809614,-24.47830423241658
1.0327109917554844,1.0024443469241446,0.9946051676447293,0.9702464057315558,0.9019706988955016,0.5160365190207242,0.25949283167165016,0.14021864068763013,0.09807609984469878,0.2174322736776207,0.2205111804413603,0.1329226882971431,0.0027979840977930825,-0.19573251878335907,1.0406091316329107,2.490299049626766,-24.983303794526858
1.0261648729798658,0.993860993467973,0.9797973204091502,0.960970987525972,0.8969295175270615,0.5117546765680195,0.2608981795171701,0.14654997118972146,0.0989773975360711,0.21685142899551774,0.22564733586789532,0.13284803687781693,0.0007812858758585173,-0.2049772086932629,1.0307355383669663,2.490299049626766,-24.983303794526858
1.0317541642416894,0.9981608518439937,0.9794196595139011,0.9640874796611306,0.8990218244270514,0.5108344626530845,0.3025013547173422,0.1964953622590634,0.15096649471520424,0.2689614834264009,0.2802744585635901,0.18570079182118565,0.05990997001825071,-0.15298571878399167,1.020953105933971,2.5735087010079676,-8.010522889307705
1.0993931123162235,1.10989394653028,1.0651796813852623,1.0542801618628677,0.9724370235002695,0.5494890929530349,0.32049185941341507,0.2550005772246229,0.19485443322497964,0.31716584393937836,0.33692330131199905,0.22323050525409266,0.09061322542144756,-0.12485800811127157,-0.5860825847346812,1.3988702266336381,-14.754270881738051
1.2016552606320063,1.1791250587142237,1.0980418529219007,1.0776456855595606,0.9948389466052583,0.6028515585529579,0.3328788636774886,0.32813229275711514,0.228296942319835,0.3516885704099333,0.3674225961406419,0.2522810615254374,0.1505905537913956,-0.08799814526066341,-0.5376744781737198,1.3988702266336381,-14.754270881738051
1.2482996106148319,1.242523539415992,1.200868086905312,1.100073642806379,0.9871303747259241,0.6304436262424802,0.43606043775800596,0.3478914728140478,0.2976329987578664,0.4245167155308607,0.47470004541539706,0.3002558645289622,0.13866470818276944,-0.09011828663556867,-0.589217330960389,1.3704336910410713,-15.60779380105948
1.249189898121378,1.2512810955182565,1.1894233506041487,1.079705177951772,0.869812447027016,0.6089149244664519,0.46247041502557074,0.3902429830219169,0.35356896075848526,0.5027048654870148,0.5408994490861783,0.35194609705660296,0.17075106007524732,-0.11943865031533435,-0.6626281029435961,1.136505592172572,-16.132472462522728
1.294251790058181,1.3042426691254054,1.2530440707417534,1.1383845410501707,0.9096305262912827,0.6314476679780874,0.483079579001247,0.40974096736877325,0.36821999955148477,0.5205960568556848,0.5638429433534307,0.3674734363433088,0.1885232921539081,-0.10416778716726807,-0.649307114854472,1.136505592172572,-16.132472462522728
1.3008504527593787,1.3030912598797313,1.2538129640427251,1.0947276889143798,0.8166001383769836,0.6244039267480435,0.49638430449451865,0.45184182570984577,0.41743071482185706,0.5719827783676921,0.6096711349777347,0.4053445869832847,0.1882161683611832,-0.1415564001527166,-0.7999536801060934,0.8101355688782239,-35.33604930839975
1.2728815343846627,1.2151589547802533,1.1992610673116475,1.0423869133268677,0.7667852551537846,0.6062041741067399,0.509970366748159,0.44234974917030356,0.41901229303776166,0.5825774797506968,0.6214048217428619,0.44637953145633746,0.24223713154155235,-0.08617817236418057,-0.7459955220827333,0.8101355688782239,-35.33604930839975
1.1906426422032932,1.10441608780734,1.104463336490545,0.8795890698953142,0.7243966112028951,0.5853728500837101,0.5026495577439456,0.4374524632916751,0.4287228416780648,0.5864369698223378,0.6359994932832191,0.44819768282349604,0.23117957577659148,-0.10317074001419377,-0.8473183767271342,0.5611623238559056,-36.36357968254986
1.1430565750454422,1.0408183947303602,0.9862972513443115,0.7935825608900499,0.7176031594836498,0.6520008596855535,0.5232136356818098,0.4642446791166783,0.4309012066465475,0.5919331926813965,0.6457790672641102,0.4916014150370377,0.29596287841408825,-0.055141432834434734,-0.8094069446028916,0.5755059650658079,-37.33289168186041
1.1283470511325393,1.0204547675446372,0.9454665499592692,0.7575221401233936,0.7065407564597714,0.6478308405574902,0.4819354881020066,0.4142738124274601,0.3827152944826695,0.554895585104558,0.6246174022889215,0.48914908458785805,0.2990413073125412,-0.03984640523998889,-0.8089653150524266,0.5755059650658079,-37.33289168186041
1.1268177939792134,1.004392330109241,0.8702229249419775,0.7358921621081368,0.7360213777334241,0.6791292946489372,0.4802725547048591,0.41732719322875256,0.3852203777825475,0.5857770493911963,0.6737324838124523,0.5568449105642613,0.3795733351846132,0.059250638494890706,-0.7152073577493313,0.7463109652670181,-35.91829557672283
1.1112767230700298,0.9703435760191059,0.8579009863767829,0.748497104701284,0.7763561415365221,0.7004612988260415,0.47978001557889216,0.41178793319349494,0.403525157243247,0.6096223434656207,0.722356271456764,0.6333321806128888,0.45518166217485645,0.15940635944522924,-0.6056568108480327,0.9046722177536779,-36.698394861971636
1.1343819079383393,0.974231413048479,0.8545279554034491,0.7615997145305738,0.7776803230593976,0.6617078881717842,0.4294649076110594,0.3534942672404733,0.36540816251710884,0.5897013560024161,0.7207982905839128,0.6541733484840677,0.4783479545807555,0.1951349226438638,-0.5820547860821584,0.9046722177536779,-36.698394861971636
1.1510895671461032,0.9734645950321641,0.8523690744440824,0.8189439412313227,0.8307769742883737,0.6734326934269533,0.43677626474610987,0.35167558499610385,0.38270311442087246,0.6227237830055146,0.7795436636115407,0.7212424961703652,0.5732522706264037,0.3247972143878761,-0.45485332597241557,1.126114007773357,-21.698902534398698
1.2214937781519488,1.0716510426312353,0.9399015400725131,0.9063617092831314,0.8972478586015984,0.6684310596690008,0.38929779202407866,0.31124291619793776,0.3529553931911136,0.5985831359755444,0.7658864716198405,0.7058588395291254,0.5533483277037426,0.32299227944308706,-0.46539436698326675,1.126114007773357,-21.698902534398698
1.2648394535688345,1.101523609822998,0.9842838081695151,0.9761840246303425,0.9480398894591261,0.7197972361504956,0.4200038951044759,0.35527357940654236,0.40777941755233504,0.6628731281255834,0.8094014976650832,0.7799712372629872,0.6242907457297313,0.39830347639042946,-0.4043650661073358,1.1921874763378502,-22.97394813784699
1.2609425490246327,1.0733489511727463,1.027563192150501,1.0210054895627334,0.9900039404801338,0.72380001571107,0.4847205129648381,0.3822312441306648,0.46655982918609173,0.7194298902064864,0.8563564435596709,0.815164747034308,0.6489080876915777,0.4042942429829607,-0.5244962820954174,1.0047413810404993,-25.079399069289877
1.2700565243880033,1.0579204575122616,1.0430708718974662,1.021152924590462,0.9883218222614095,0.7128024024893159,0.5017004086646188,0.39159767992231653,0.48820405863710425,0.7359216818254484,0.8680920263932811,0.8162978088184283,0.6601229128497487,0.4238641123519134,-0.4972462614896766,1.0047413810404993,-25.079399069289877
1.2042154635967708,1.0173815173337402,1.0461577588577584,1.0130078826615196,1.0082467607093193,0.769889061843001,0.5716157758308571,0.4411300308948105,0.5373601448291783,0.7756514066712547,0.8965442014711895,0.8109133026981228,0.6293584411267048,0.3435076136357347,-0.49442616080333135,0.7620598163426013,-26.599692298302678
1.1448904837138933,0.9831843813779133,1.0226569540533605,1.0167419874553478,1.0416166244603453,0.8410539491803564,0.637009539857945,0.5131775843831615,0.5950120032424437,0.811528783806626,0.9200275485858533,0.8032018169719568,0.6080530189720965,0.24040149500520425,-0.4862292601200612,0.6715508175126752,-28.45007483660298
1.1023881882984798,0.9542128610823719,0.9938780791527594,0.9729217594683711,1.0186993120245764,0.8663378882069492,0.6709154264074647,0.540157036103422,0.6156482480620604,0.8224276515848075,0.9221444396016254,0.7916362155944693,0.5964276079016259,0.22833771759829719,-0.492179256749064,0.6715508175126752,-28.45007483660298
1.0461978863499002,0.9253092362536368,0.9603466284337269,0.9734798231207076,1.0389620031211146,0.9272832106383483,0.732395139336729,0.5898091702591867,0.6610235623348979,0.8572245642588696,0.9272828839588185,0.7888941661484306,0.5649683529023526,0.09824459213872183,-1.6352097347514931,-0.35554492768649215,-34.288431308731894
1.0443965881677462,0.8947594186594553,0.9271603091628406,0.941846827673696,1.0728921823476898,1.0028604703371995,0.7854861764162363,0.67607360093016,0.6950398789950851,0.8775290824177246,0.9661297413444622,0.7802250329580432,0.5494887412832942,-0.07983433378858629,-2.2552565981983714,-1.0219508768098349,-38.543484028342725
1.03614759306372,0.9042181926750623,0.9255273690349912,0.889507468418038,1.0666653155630685,1.060627525479938,0.8342244557236235,0.7167333457426128,0.7102924737639341,0.89129857850559,1.002586794477191,0.7742499933282331,0.5427863904283423,-0.09327264678977903,-2.2598918906188437,-1.0219508768098349,-38.543484028342725
1.0167554657884506,0.9411932027789427,0.9556881580727227,0.933953682469361,1.0953424236444989,1.1335900953244282,0.8866135722443206,0.7413901101754894,0.7162785794197013,0.9376269988668147,1.0421880707774205,0.8003772496910911,0.5441426355305299,-0.2723850872214818,-2.392369498414238,-1.1942364633045846,-40.33532508649862
1.0377842050000263,0.985842778048543,0.9635863002628104,0.973430865633455,1.1174876683021884,1.1642992036433928,0.8807623924018183,0.7465516563920761,0.7011483246121764,0.9469506012431106,1.0748806365627384,0.8384071053791468,0.5813312365044802,-0.2577430456465536,-2.377940120694064,-1.1942364633045846,-40.33532508649862
1.0865296340919692,1.081398654525382,1.0580489426705089,1.0704741319125515,1.187925232975974,1.1989598614124717,0.8655739337680153,0.7512346379955743,0.7007300763432673,0.9464166203239905,1.103728019126356,0.8681283450691637,0.49030754796015263,-0.23714647969557434,-2.4580830324379845,-1.3110104454835465,-41.848436676627266
1.1606277021199853,1.1741963507244826,1.1399624456026403,1.169442556442258,1.2538231522885,1.2120989274015503,0.8587582947214465,0.7179194512291892,0.6674987568441645,0.9423764481327326,1.116811935086334,0.8811890065446015,0.5278996768137316,-0.19935765979327574,-2.3801726693755323,-1.2379974549964452,-42.223982149129846
1.2232103839195954,1.2288793507115376,1.2108751171357643,1.2439528472912849,1.2944457118133998,1.189342120767793,0.8153686879587099,0.6563275104473606,0.6252197016116099,0.9244796917467486,1.117932379416578,0.9093657023715797,0.5539144633900034,-0.15900500854817487,-2.353452378193289,-1.2379974549964452,-42.223982149129846
1.3009931315003134,1.2678467641328206,1.2910664508801948,1.3363288746713866,1.3330054927588797,1.1748316234760665,0.7679050563739287,0.6123571977207327,0.5972064940163633,0.9009020670898973,1.1103506510312242,0.918954152956383,0.4543777752134891,-1.055225929055166,-2.3203853581943794,-1.9922958563977673,-47.334778735408904
1.3808529053900507,1.3044504139401485,1.33666095636592,1.3507357748614353,1.3839967332915333,1.1822642128789065,0.7397388222451222,0.5774375071786896,0.565260664979707,0.9086308070891452,1.111879706205133,0.9285256494486437,0.412548096217255,-1.5223570948920608,-2.260018499926764,-2.3946325761246947,-50.51868829659007
1.4132917331713197,1.3076164882136545,1.3634174329031385,1.3328847997909758,1.3912339648894099,1.1785274574719595,0.7201566687761589,0.5297665289182266,0.532546475892105,0.8880206608912381,1.117176898048003,0.930871051295558,0.4257762133902803,-1.4834728125322454,-2.2276043203881124,-2.3946325761246947,-50.51868829659007
1.4514382524289964,1.3324598513227024,1.3709302658441436,1.3512944691028494,1.417403346566329,1.1806410557056077,0.7057149842270826,0.491745771915583,0.4975736863436421,0.8783577978548236,1.1208404199229467,0.8939028119123573,0.3295463215720189,-1.7726428199228375,-2.202671804906291,-2.5546635138633973,-52.66089415060807
1.491836938205537,1.3508548888758347,1.3695673624917482,1.3691092093692003,1.4224465045050365,1.198563438259882,0.6702240041079157,0.453848998792453,0.47620817027186213,0.8603471037857435,1.1262650688621372,0.9144282761344293,0.36583522810088914,-1.8196380503371832,-2.164575148819745,-2.574329351373934,-53.38622368126636
1.5060000220065493,1.3579092341401178,1.374704429189221,1.37245561205685,1.4289665426661202,1.18667099431816,0.6383401142044788,0.4025652029993385,0.44131629873454714,0.8445542318449903,1.130812915236975,0.9290276762955652,0.3859780237305488,-1.782350667513219,-2.135513787652002,-2.574329351373934,-53.38622368126636
1.5263596171440363,1.395282216723412,1.4080688058427588,1.3881639506722223,1.442097621151294,1.1785828117562933,0.6013290274277396,0.3699494284662683,0.41071104673500325,0.8372905135404736,1.1295366597363634,0.8697584127303901,0.4094814388401803,-1.7982591561982466,0.151424541312139,-0.7531360528238473,-45.60560141214661
1.5210207662815167,1.432783155665329,1.45472586933496,1.4551024866438755,1.4568255392556766,1.1153550403594994,0.5856653363238535,0.2652777245354727,0.3782899481175217,0.8164597285701629,1.0919763685038777,0.8442154348022513,0.37203148367868455,-1.802279725340524,0.124489320343464,-0.7562383780738331,-46.055690735848785
1.5454656744218507,1.377517618930956,1.3956855382201099,1.4919060089789418,1.4687423078861348,1.0467627543842821,0.4948717486912526,0.21404971689947883,0.33582097119231125,0.7946017876297505,1.0531965690717655,0.8580147806329692,0.44219959185816776,-1.7355967591875237,0.1909304389770214,-0.7562383780738331,-46.055690735848785
1.5900782910435387,1.3908880203819969,1.4528360463186485,1.5086565933997156,1.4742576378393688,1.0187993481104194,0.4706024298591973,0.16153931847381253,0.3241584419641239,0.7686860353960838,0.9849198388677094,0.817443090299077,0.42119353626317324,-1.7067442760603386,0.6730833393261648,-0.31874460552879125,-44.6677674384092
1.5421414271766105,1.324138133838281,1.411529899223136,1.4580057850785202,1.432322097633312,0.9792781868397885,0.45592606589825446,0.12879289224904067,0.3194747189446425,0.7521497492307058,0.9470679122205753,0.7964395380739385,0.3955070597715643,-1.7098003308947303,0.6750205419700008,-0.31874460552879125,-44.6677674384092
1.4864299025875498,1.23499269662563,1.3290959822742423,1.4009026327191612,1.3922704975881552,0.9608695271134644,0.45269842838861063,0.13356177674771486,0.3279190933020675,0.7474877318564492,0.890971218466475,0.5968503269276368,-1.1494716558014053,-1.7018209702521783,0.6824475058738079,-1.404476590306179,-49.43969253369282
1.488375239869848,1.1833249714864411,1.2627582261034647,1.288560301864827,1.3794907274995674,0.9938655705668022,0.488862729523997,0.19928551812486717,0.3524738637986895,0.7526744743842277,0.8680849332848903,0.4132963503642284,-1.6963851317370167,-0.6858756019072024,0.7049324188827966,-1.0353579316810444,-47.03466607694921
1.3985068427490854,1.1614116763131108,1.2343177686999423,1.2000805827724181,1.324729032691584,1.0292089825254167,0.5549673493162728,0.2300451580274978,0.38791799514377545,0.7675372900498584,0.8796907999822873,0.3857061183133886,-1.7628328362006724,-0.7447732025870814,0.6539476355913054,-1.0353579316810444,-47.03466607694921
1.3606467760939192,1.1525121696020708,1.146278649860164,1.1717945203161009,1.2907950066724991,1.0678705392191228,0.5962352017441577,0.29906486042407665,0.4170359814223784,0.7922662599619621,0.8577296231286167,0.1803426396125772,-1.838311771637289,-0.7712525755765742,1.053414633005643,-0.9071904448263746,-46.25571596865032
1.353481423832169,1.1706606268592696,1.173138479873383,1.1764424521408374,1.3113539229565612,1.1122428518810534,0.6343191276372284,0.3329616983006052,0.4396863913310387,0.785992075591327,0.8046302524697102,0.1762174258377012,-1.8795301156560802,0.36458873801032193,1.116615784368423,0.03239852792688813,-40.884337181597914
1.315179174459154,1.2088130479867116,1.2012513503491158,1.2256959649458214,1.308123735928066,1.109911282030768,0.6514340971925812,0.3363516234972319,0.4544273240649359,0.8010809801916814,0.8053878997111841,0.18928782361376736,-1.9139147841818485,0.32201652220742855,1.075169528354102,0.03239852792688813,-40.884337181597914
1.3508367766633507,1.214440083295144,1.2031164944567936,1.2736860108337402,1.323992417169263,1.10943340999847,0.6410159179808204,0.3587785012086748,0.45502594938992313,0.782416319825877,0.7995971878608683,0.19665413857303746,-1.884181251237251,0.5634521834917029,1.1559906468209935,0.29213812950737106,-39.390609818263506
1.3591361996312945,1.2395621636993246,1.259259250013041,1.308311153585286,1.3360583448170529,1.0937028978975456,0.6529625413552365,0.3571687420192191,0.4659889081521489,0.7850181033467084,0.7846184033563923,0.18033856851805546,-1.9119860471903232,0.5440093484452921,1.133485616874493,0.29213812950737106,-39.390609818263506
1.3597137039257374,1.2488799714468555,1.286529897411631,1.3353689311457055,1.3374699518590445,1.0868645274247732,0.6598941891209779,0.3706788235470797,0.44822259822470234,0.7443973479631965,0.7692594116542744,-1.7147823312080153,-1.9424739048055715,0.7712681588382623,1.198750358842669,-0.24173347327332184,-39.4261883772239
1.3928544840720405,1.2387085976992394,1.2906553347270344,1.3190448077710677,1.3480255428483061,1.1019226551727503,0.6730667031262643,0.40902691779926936,0.4343323714295293,0.6924440847299215,0.7635721968605227,-1.9032247309393102,-1.9461961039368125,0.9223085871767217,1.2450192503616353,-0.12299715581867199,-38.141566356171715
1.371566400305647,1.2470229725886006,1.3038761572777788,1.2975339894528277,1.332326918281715,1.1245812353050886,0.7096066140768477,0.4373127989229493,0.45868745037503356,0.7026561421442585,0.7631647898210898,-1.9173222746142091,-1.9814658696285505,0.8855396013820185,1.2139040507613783,-0.12299715581867199,-38.141566356171715
1.3536652321229539,1.2302124393082243,1.2788418325857651,1.293070323711607,1.3204304415739796,1.135705764278089,0.7258079287416136,0.41323992776377516,0.42223097636909457,0.6303350051208284,0.7731931737559267,-1.944590354512062,-1.9800295734386943,0.9936756602428101,1.2612706686109423,0.05251397983335204,-35.862510627776516
1.3626383627482634,1.2810366758252945,1.2902662007707164,1.3018899018527113,1.3224532719851514,1.1425519065103542,0.7163978924043548,0.40585071718818067,0.44018049543547977,0.5292747465734315,0.7783196089702806,-1.9463105538250165,-1.9969686130826148,1.0737227993303415,1.2779960640693395,0.21233434374593863,-34.31489997284159
1.3608292277827567,1.2953170979679842,1.2964812136951118,1.3187426029640885,1.3256897930407714,1.1503528548918607,0.7293970897069842,0.42921641331534066,0.4559714287369535,0.5408776463203422,0.7791961362336449,-1.9435583244957932,-2.0047314538800314,1.0541593634275235,1.2633415399797114,0.21233434374593863,-34.31489997284159
1.3727422666951712,1.3080090669832776,1.3171874618121542,1.329871893314548,1.3318109960968878,1.1181663875012726,0.7154398616277036,0.39479301501970676,0.319316438729488,0.5516178210745757,-1.6926037129031222,-1.9806560573029284,0.45009811188239457,1.0439439864427724,1.3008813759833189,1.205300233065167,-42.01142551487007
1.3056673563659005,1.2536457610980922,1.2934987381932728,1.3068436926294718,1.2671480124910686,1.0401335127580817,0.6889062670820045,0.29711749675863686,0.33063529540344727,0.5589001901257469,-1.835643714746775,-1.9578750730139065,0.42967715514035765,1.1954474879410133,1.3112010898547164,1.3366511801177294,-40.04721435028521
1.2684696391597843,1.168937091590529,1.2318528903466683,1.2968931388590084,1.2694390383515555,0.9941418010606189,0.6577025929274252,0.27955394705377756,0.3090900942243635,0.5348096390277264,-1.8666586859976195,-1.9856719124898619,0.43156400761251734,1.187027554381478,1.3065962434064944,1.3366511801177294,-40.04721435028521
1.2456137258083166,1.1447988620238068,1.2100384432728195,1.262866887707491,1.2300150281353175,0.9630271529183583,0.58604263885466,0.26570519470636034,0.2923479868639708,0.5028325952123631,-1.9223691669859637,-2.0269859398445567,0.3951664559536424,1.1708021403441502,1.2791933913303226,1.3432409614470835,-35.297216732199594
1.2241567304031664,1.1155579351478488,1.1739880141519987,1.222715419497955,1.2204413770129896,0.9618601141142007,0.5734293190874539,0.2694699623678767,0.28460355222151634,0.48052947635089627,-1.9539659307083885,-2.064629883078023,0.36416347572785496,1.1393734927933197,1.2507759568519228,1.3432409614470835,-35.297216732199594
1.204673445809857,1.089661890949733,1.1252351196998776,1.1749108354391709,1.1898535510636943,0.9651394455476286,0.5718210505122853,0.2904336925390141,0.2938630666019507,0.4790767497088594,-1.9166227922658539,-2.079111210387722,0.35106499820037584,1.1201958812531798,1.2325908488196566,1.3637628260934687,-21.463966058671318
1.2326124668665797,1.1689599568742954,1.1523048291964026,1.200347632409252,1.231564045827363,0.987473490516268,0.5808139469030592,0.3328125135648422,0.3093939925565272,0.482004126168837,-1.874649687092003,-2.1115610515838625,0.577606549900963,1.0771974190659552,1.1958667515555386,1.5652054201330534,-20.840891778444245
1.2566092852427437,1.2297372758463352,1.1782036679420482,1.223002240392455,1.2208187400681862,1.0086098844963658,0.6104188589260157,0.3829643780984304,0.35481532693313667,0.5182778316338699,-1.857718752036607,-2.088363388227139,0.5734731401931532,1.0599197246987664,1.1816340277503063,1.5652054201330534,-20.840891778444245
1.281847267771979,1.2489249654503556,1.234113398313535,1.243916604396529,1.2541440309496026,1.0057590594476824,0.6625385567795605,0.4281936543592999,0.40436743885482973,0.5601912990234337,-1.7932507727721143,-0.160586005702739,0.6998102181440239,1.1084601644198397,1.2048877302845848,2.5321888623645714,-36.75636209799822
1.1928231318397462,1.1710896573350356,1.207519733877147,1.2075697452388863,1.1430249733920204,0.9040706436730847,0.638896490988651,0.14050227595053788,0.4474752312339666,-1.5740134434141733,-1.7840495312391305,0.19265000349204298,0.8011005218764784,1.1649744040792198,1.2356197197052656,2.8277715190863564,-23.675810911876074
1.1631467447831711,1.1284954156668352,1.2023763517437986,1.2496290855698915,1.1929383290721005,0.873382388468653,0.6218261782175492,0.1367831036773317,0.4348594486580706,-1.5997904585943903,-1.8149660046038594,0.13560072303889395,0.7661344999731533,1.120913528696723,1.1991766391082803,2.8277715190863564,-23.675810911876074
1.1795374763934527,1.1478163394965195,1.194642268912574,1.2337599030091129,1.1386441802522924,0.8396577170949354,0.4791127013030423,0.16086996643260698,0.43960776379882205,-1.703214400213992,-1.9104462134104852,0.2174301845016366,0.7748608563352708,1.1159484973965976,1.168343797139444,2.9243717078827736,-21.6691316836855
1.1491127335142082,1.0970121813817884,1.1656505849686358,1.18901499510019,1.1172895742048903,0.8249250702139364,0.42003999875409337,0.17998633242474338,0.4573936193743515,-1.6842373961526604,-1.895724467372588,0.19836440654105505,0.7567151783848418,1.0903524478008364,1.1487360838187617,2.965086832656338,-21.134133169574074
1.1119769581779602,1.0558843617233131,1.1157611726975705,1.1384223377255092,1.08601223126768,0.8257582826249379,0.4404976566035994,0.2167486826575038,0.4825556945604017,-1.6785747577295151,-1.907330984239844,0.17540569863999927,0.7330596188967647,1.0553503500119494,1.1188073337677678,2.965086832656338,-21.134133169574074
1.077072093131491,1.0173473251653335,1.0715115743343264,1.0866591654564979,1.0580054698422137,0.8277920996562864,0.4776603469113553,0.25888275087786283,0.5123379321384312,-1.630788507864934,-1.869823916731998,0.1721071402796886,0.7106321847867313,1.0206403782971776,1.089187178449686,2.984023493564256,-21.333493490257222
1.0409200295728802,0.9897611059066301,1.0351285282685017,1.0444575341954332,1.0333273706268569,0.8386241071321772,0.51156667232119,0.3027149643044835,0.5427103439094703,-1.6174491454045294,-1.8643135142134275,0.15677011543773184,0.6878602833419751,0.9844678552640546,1.0590879017383528,2.984023493564256,-21.333493490257222
1.014527444424683,0.9776357202124515,1.0090494695438545,1.0204136055636277,1.0199390635450838,0.8541304286176621,0.5433205580564605,0.3459550117476695,0.5700780463896136,-1.5779414865289196,-1.8187899999740496,0.1607388733599267,0.6720381461278975,0.9497065944876745,1.0354604410481043,3.01284997628553,-15.901652148099888
1.0188681558594568,1.012741014377473,1.024373767307021,1.0390846731649213,1.043456389022391,0.8812085527129029,0.5671724767525494,0.389124360915698,0.5928288064181425,-1.5306723748669557,-1.778753949991756,0.1678546222885674,0.6506803446813658,0.9063244435922815,0.9965460602237876,3.0443183131757516,-16.054508869657962
1.0275057707672985,1.0459869159533732,1.0399273081751377,1.0571024453136193,1.0446767624435345,0.9035037099459386,0.5928601799869133,0.4317213824847004,0.6215662257638936,-1.5103301396308402,-1.7675228273029462,0.17638675759310812,0.6433033073425468,0.8831829283910928,0.9759177753737469,3.0443183131757516,-16.054508869657962
1.0456403712753461,1.0674792609645263,1.0680502950111388,1.0818489238486264,1.0527814320506605,0.9051620397353366,0.6179961624443329,0.4629417211987445,0.6469466577730363,-1.4594117165385154,-1.7266474923121538,0.2179951872860736,0.6519994187757543,0.8702119448705098,0.9618953301597832,3.08154372529597,-3.641006620568561
1.1066326728484153,1.1748790456989782,1.1571019086654648,1.1690760703634728,1.1267495861197456,0.8957536002870955,0.6278634666312458,0.5005161630639288,0.6653543478561046,-1.4454191826673006,-1.7502792979877233,0.2770014866693946,0.6590661068111077,0.8322789405434292,0.9263793896550427,3.1333628029763574,-3.3720632051657553
1.1619531942889922,1.2564260663662319,1.222471880780752,1.2331949786149459,1.1458889835954018,0.9220152576542815,0.6515163966182977,0.5464319140958038,0.7038891375145557,-1.4149669567943985,-1.7411102182945337,0.3026532741553598,0.6626790687706947,0.825782412455642,0.9200442768534658,3.1333628029763574,-3.3720632051657553
1.2079970416855754,1.2835343625621785,1.2796568562364814,1.2765222856202578,1.1582947592241366,0.9078918911241769,0.6847465803922901,0.5790838667563711,-1.3681390180129371,-1.3845291835055449,-0.2860736646765073,0.45190626634320474,0.7367354281916524,0.8937133828452191,0.9563247271140725,4.386751132369568,-1.9847640965728652
1.1784793681708312,1.2951098203333857,1.306766541572152,1.2912228096641067,1.0670676396070577,0.8692812055832618,0.7139793249650344,-1.1892113577682584,-1.3852588204326748,-1.3606694733708136,0.00800754655627356,0.5864673341206046,0.7553017840559596,0.9066589507785674,0.9449268158157177,5.196471464950165,16.798867820791937
1.2086672837799153,1.3436486781940773,1.3573836992326924,1.409343606850661,1.1359927443661295,0.8438381092348852,0.6834251799689244,-1.184690865632069,-1.379370887235011,-1.3711872315007232,-0.03941008072669627,0.5588167864590332,0.7226271168725175,0.8690355338620164,0.9054495911077828,5.196471464950165,16.798867820791937
1.2539678983766989,1.3463136655817918,1.3590284081406956,1.4045461224513354,1.066142029634609,0.8435504893064814,0.6870605946843957,-1.153387488038168,-1.3120623134276017,-1.3249405509746681,-0.029501538323435716,0.5796455279143433,0.7331529143521698,0.8762657081901859,0.9063449895833388,5.178874051721999,16.823489377998353
1.2510742806565252,1.290183954921313,1.3575814204670569,1.3564611139662253,1.0484281516569522,0.8094145068929186,0.7381738897416876,-1.106379311490948,-1.249230826705852,-1.3021714695426643,-0.03846287130446341,0.5424917618246393,0.7033653260899309,0.8607424598736491,0.895836660214172,5.178874051721999,16.823489377998353
1.1833354355946737,1.2112279935968462,1.3019938714951185,1.2780622132538721,1.0041936709083448,0.816489134464548,0.8048685416185325,-1.0296422651154298,-1.1518377473029728,-1.2417858952775294,0.005294089313171657,0.5187970351333417,0.683816039925011,0.8257884991548483,0.8710829129863817,5.199630702899233,16.561357014529747
1.0998227621100172,1.1333145143984373,1.2231221369797023,1.1802402685070383,0.9546226279942038,0.842951490114685,0.8818227221594359,-0.926843336777128,-1.041846151173354,-1.1824326541640655,0.025158646836696608,0.48724363766152445,0.6495469094816881,0.7901483982975918,0.8536204347896431,5.221316882944755,16.131117223722832
1.0149458306156451,1.062586706117417,1.1380475847231486,1.0891171338546235,0.905293933420152,0.8820798759853432,0.9596460973145334,-0.8332615327699929,-0.9738919437249861,-1.153322571109814,0.025199981000192273,0.4559178591787171,0.6092453277770271,0.7302188098895946,0.808208972009162,5.221316882944755,16.131117223722832
0.9382095478835913,1.008950103327973,1.0580299617545317,1.0015293165085852,0.8316260062388596,0.9261022264112013,1.0321894067352069,-0.7321842312468024,-0.8824946082836089,-1.0982722207157811,0.07482345978283694,0.46637987187908514,0.5784403797696414,0.6699001318939284,0.7518386507909779,5.215616904121544,15.74298715234888
0.8758378134252338,0.9774107052326507,0.9967057407877109,0.9364787148040391,0.8002017558002626,0.9690090869230381,1.0967917080082012,-0.6130726758641547,-0.7948072712918888,-1.0355441540648544,0.1053580120095094,0.4535457366195752,0.5670884152146983,0.6128603891804499,0.7141193024200266,5.212710250617878,15.07736894649746
0.8353588183748659,0.9639717093851801,0.959317010956316,0.9067340252681728,0.7836713387822665,1.0042418255708363,1.1504023788806317,-0.5399138558031946,-0.7510968387208183,-1.0121459051654547,0.11966578175016152,0.4464080415153179,0.5443439076411416,0.5628446839892036,0.6722187094537535,5.212710250617878,15.07736894649746
0.8168078505452391,0.9655005858359582,0.9468803364747356,0.9033007626099675,0.7821447716229587,1.0326843636981566,-0.46517236797064676,-0.45920704620217356,-0.6792442930515333,-0.9628967295773478,0.18434215842320234,0.47460115757941046,0.5318055421118074,0.525682471980164,0.6326933394231051,5.546108994192005,26.674618073835774
0.8447076816529773,1.0538935763420219,1.0076320221019928,0.9779486391469275,0.8311918689857175,1.0642408027063774,-0.448786223283939,-0.4181898940830425,-0.6599925662766106,-0.9568524296943544,0.18651675726847017,0.4650242049652392,0.49223238002365477,0.4679315032462845,0.5734193970734756,5.546108994192005,26.674618073835774
0.8972695135633237,1.1202837814038071,1.0506877854746808,1.037940948718639,0.8534783102250476,1.0841378260988417,-0.42378333346162556,-0.353144663426639,-0.5939646755528674,-0.903356196481726,0.21321828987854002,0.5005332722244563,0.5080716613343073,0.4680551614710704,0.5686353618447254,5.924344125333924,26.036037294758128
0.9260735269295728,1.148458869574229,1.0947892613582693,1.0868543484469777,0.8095876433804486,1.050814209315474,-0.3873789091217612,-0.3165176976538304,-0.5257964035936857,-0.849331701113148,0.23132484060371916,0.5373077065032308,0.5272941931987967,0.4674469456918311,0.5633431762621594,5.899074559462495,25.393036496161344
0.9577186548782735,1.1512629142658066,1.124138743875068,1.1276900822993923,0.8297111103822139,1.0312168547865246,-0.3831297336077719,-0.30005436553763054,-0.5092516700234039,-0.8427325853621619,0.23129555851665473,0.5431287803739118,0.5338025812225851,0.4673063561034094,0.5638892373413338,5.899074559462495,25.393036496161344
0.9738741937571713,1.1531264816486775,1.1506439909863122,1.1307240659912252,0.8427854620737111,1.0256369389815838,-0.3666999576421266,-0.25452676447770534,-0.45846638021003194,-0.8111241305945652,0.2879526994314269,0.552229356385968,0.5199991310376779,0.4764077394957019,0.5516512929024603,5.9061240333395535,24.628529567420433
0.9710967869753043,1.1332890258613633,1.1480151610860365,1.1214614490158428,0.837707142019817,1.0230697056716016,-0.3592376195048569,-0.24382939220317823,-0.44738696130023325,-0.816757461338372,0.27223148596717417,0.543551982204489,0.5081252080089225,0.46792318305056724,0.5408946668713204,5.9061240333395535,24.628529567420433
0.9566780344815121,1.1021795853524945,1.1264998442451752,1.0826308979853623,0.828632640228159,1.02080753529633,-0.32143666536131127,-0.19716160597286342,-0.38839830933889385,-0.7858227841261329,0.25894058440998746,0.5470262480124075,0.5301483125623676,0.46507493008185663,0.5453008266308621,5.9144919648255545,23.68890441191649
0.9333154976938811,1.0703372201462915,1.0818981942493102,1.0348967414036536,0.8108758467758255,1.0198957233266426,-0.2873163266843777,-0.14775712156721343,-0.32842594327839125,-0.7445177426695913,0.3345143270687245,0.5614171365251013,0.5212249379570546,0.46435202248716445,0.5357157559736971,5.916916608139585,22.55979548504037
0.9099394182741297,1.035228314119358,1.0430699858977996,0.9962529480816388,0.7922033197145099,1.016226069322449,-0.28065321666866505,-0.1378641061085757,-0.32103675135618637,-0.7496575030725571,0.3295299482043261,0.5530890140322912,0.5117881715904651,0.4547960652683566,0.523104910771232,5.916916608139585,22.55979548504037
0.8917256662536995,0.9911965624539978,1.0029038739587008,0.9435766219420706,0.7801283873140955,1.0162964092702842,-0.24875917377034018,-0.0778647004087229,-0.2534122186572191,-0.7087056248524223,0.3264547923453106,0.5729098389515571,0.5312360976588633,0.4521449026386426,0.5114291620960112,5.84290965209612,21.327887697053242
0.846089856321599,0.9667805988181867,0.9498041131784932,0.9075201401598022,0.6156975325349652,1.0188741614565584,-0.20185973204444152,-0.018994238524403795,-0.19528431125995604,-0.6745404036978804,0.32736670518138844,0.5953543226945572,0.5347047013423158,0.4621197697727385,0.5256730643279598,5.750535680227891,20.261471547876752
0.840375124790961,0.9566226406862407,0.9319542259730689,0.8885178129362596,0.6097383551474402,1.0202841626518875,-0.19880942360213422,-0.01277392466704752,-0.19300559251408356,-0.6780007874037317,0.33360799010295683,0.5941275261069703,0.532147776767455,0.45817733856585874,0.5182097281621183,5.750535680227891,20.261471547876752
0.8393721809140353,0.9417294960690975,0.9244243362742847,0.8592485268878758,0.5584779399281936,-0.4545947386730425,-0.15341673878603979,0.0529206093382959,-0.12998991898248452,-0.6373222019303121,0.48255967446483117,0.6357030772692563,0.5608392265035451,0.478227441022527,0.5126891513110408,5.244793290780789,22.570606834794855
0.8799661319788536,0.9743188346555253,0.9383912187859744,0.8754475604425552,0.5889547693594157,-0.4319737671465512,-0.16089884269434362,0.07245667066547856,-0.13216631288053327,-0.6407458972703922,0.4950194963138138,0.6312865109587313,0.5718725958006372,0.4806701729175833,0.5163120999684594,5.244793290780789,22.570606834794855
0.9049441775772209,1.024685941224058,0.9582763351801205,0.8649802879332411,0.5391219639266898,-0.4123418603591178,-0.09476644927473632,0.14250081607567033,-0.06126682560810448,-0.5942609183960986,0.5747108706928526,0.6778252966196486,0.5925907715496341,0.5061613088366494,0.5310172925250631,5.226373548129177,21.20168788780114
0.9048616865669463,1.0177034368484712,0.9778892018186799,0.8587394022099328,0.4565005002516062,-0.4015387321379509,-0.04282011932533453,0.2044879251010221,0.006435798121176672,-0.5500988234326115,0.6552161589623785,0.7363942521349415,0.6300308227291973,0.528662230725203,0.545158490687321,5.143242679435475,19.684258061556466
0.9349820276919869,1.0440309449822718,1.013789114569919,0.8936778330799597,0.4759774352145597,-0.4075392262900608,-0.047281068086616584,0.1936731649549397,0.002919724359853104,-0.5484377399091076,0.6702295651626717,0.7524075844077255,0.6447080438005192,0.5477037715427383,0.5566872939521899,5.143242679435475,19.684258061556466
0.9575928159754823,1.0494640792698335,1.0200017528368326,0.8945521274223862,0.49688195297272275,-0.36750157475311557,0.0016092190900760528,0.24095031815407475,0.047910488750094404,-0.5311057921462267,0.7287577706949329,0.804226436794483,0.6754612408438692,0.5857335416980458,0.6051561128673344,5.128019913444946,17.31067897663188
0.9503030448407649,1.0514403415747742,0.9985007733242839,0.8702629590406368,0.5037056040718338,-0.33181592039527724,0.04971845320441348,0.29196135524153766,0.09785379659002236,-0.4850513662689146,0.7753570085100403,0.8520243074461218,0.7153801221515538,0.6307662904982902,0.632320156606553,5.107300842683787,15.569326439231116
0.9565775723921585,1.0400638602029915,1.0021583789921578,0.8738331773408687,0.5073641504624207,-0.34815074103583876,0.030715904953600826,0.2621323941808186,0.07980323451054394,-0.49997080497695007,0.7685366753337717,0.8553516123509457,0.7233489442056671,0.651070977259276,0.6442791771942629,5.107300842683787,15.569326439231116
0.954811589323048,1.0030225191202697,0.9716112145265849,0.8196750505383861,0.510212220596745,-0.30574104250518896,0.07413630952748607,0.3075948092760238,0.13340060882844118,-0.4425244215679165,0.786000859198502,0.8779803753646312,0.724360897412945,0.6682419663886005,0.6661568810643878,4.995554578853518,13.608653696070117
0.9267933350261421,0.98277822883022,0.9418913434605058,0.7803183301919778,0.5031133694305009,-0.2528128116291394,0.1288318927169631,0.35955316740223286,0.19336740681075132,-0.3862472298578221,0.8022393504603885,0.8989814899550629,0.7633083349015943,0.7158947127435269,0.6868060782528819,4.981233073115959,11.420922504315572
0.9110591099476633,0.9262272953530397,0.8927288385858356,0.7181256799846159,0.4885512387366201,-0.2099760770320137,0.17313274035103576,0.393206224930253,0.24167189865522082,-0.33965211237850346,0.7969273191739338,0.9024869849796661,0.7878077245675204,0.7344026240937565,0.7121274728002531,4.9340090301702055,9.633105117095015
0.895246222307917,0.8948064951449503,0.8585102779562843,0.6886537442342071,0.47467542542210817,-0.2223380096542782,0.1533794650965938,0.3676329256225339,0.22188715958372252,-0.35552517598245764,0.7924930625992042,0.9021284163809518,0.7941298258041563,0.7481285807162525,0.7212619152309814,4.9340090301702055,9.633105117095015
0.8803388700338849,0.8702889263256451,0.8278070680649132,0.6700499603717502,0.05801905958402037,-0.17563786560260175,0.2057481002607058,0.40553446809024996,0.26095255789844374,-0.29347235430209545,0.7868031965820158,0.9360834802153091,0.7973698602152322,0.78265183178187,0.7288922439790011,4.771379288356704,8.879900390792816
0.8813667534632439,0.8626674886803182,0.8082051763661487,0.6550887704578128,0.05504006839299286,-0.17672816145278064,0.18484447909138074,0.38809985389822516,0.24263195569870452,-0.30617962897057227,0.7859649598314169,0.9368876964223842,0.8072013592960718,0.7964056142751527,0.7393876006668018,4.771379288356704,8.879900390792816
0.8672503607977917,0.8496031563017304,0.7887560802009722,0.6078463392573024,0.043508107528248074,-0.11927579475527911,0.2366573940365097,0.4292739810628933,0.2908681972801736,-0.23627470181876814,0.8541659852883824,0.9404325859713348,0.8341335173850412,0.8092055359387018,0.7572188425449904,4.602156265541794,6.974768554173288
0.8648837296528823,0.8335013573161622,0.7800775804874589,0.5744457260368233,0.04531872977459239,-0.06930238995629945,0.27404536268459084,0.47491551013127553,0.33875253417750756,-0.1658219637532597,0.8636056495055123,0.9853779281801347,0.8577698413079611,0.8501225141787682,0.7862923194226712,4.587779263378824,5.248501066037425
0.8667873124199135,0.8365489926152881,0.7873624374299102,0.574345902727474,0.0437323624901409,-0.07753552491235327,0.2641503924543146,0.45113311294519054,0.32524689025025266,-0.17153849768306634,0.8723791634571678,0.9932956834811036,0.8642297144466797,0.8648538096739358,0.7953539891478345,4.587779263378824,5.248501066037425
0.8602925230629096,0.8369444208936263,0.7589574510164612,0.5663349946127757,0.049756262179558586,-0.02239746705114115,0.3078164786405883,0.4833048119300709,0.3630870402736299,-0.11058983332583755,0.8757591907345943,1.0145578392421966,0.8923491195534932,0.8814702927181364,0.8166959020410455,4.553213138836099,3.5196544510962178
0.8657820618773342,0.8409826939572504,0.7646415047668818,0.5747821487078137,0.05124162588432213,-0.02891110727334023,0.28875525148944836,0.45770943407029663,0.3445975924917909,-0.11985062833289933,0.8751247984048351,1.022884305582714,0.9038139846632887,0.8994625967236465,0.8294451867711917,4.553213138836099,3.5196544510962178
0.8621298762081047,0.8393616603742271,0.7672891084923685,0.5690874972397414,0.11178385949996156,0.010670027939876814,0.32808515663953286,0.4786012022510174,0.3831667790913591,-0.07498391666324447,-1.3837453181061936,1.0334016873265406,0.9163641738190584,0.9136028039538246,0.8534920648763085,3.6623591065590775,2.452573451178869
0.9004493699055521,0.8327911917315237,0.754535381296934,0.5390740488855096,0.15468913914148552,0.08196541369640858,0.3622099343957159,0.5356763632325906,0.40884278475816627,-0.027225917480402317,-1.3850086852219814,1.0413196466242407,0.9692651639690384,0.9663433167096438,0.8897705123840174,3.648882764858606,1.1413077182384357
0.9098735103430805,0.8724121152605528,0.796185278325467,0.5350792159529576,0.1513835617277312,0.1000487127858195,0.3749697255253176,0.5201778506486066,0.40520524548727804,-0.026236148059243597,-1.3683547770012812,1.0501758891399007,0.9566880893980696,0.9696366670741211,0.8866733591183872,3.648882764858606,1.1413077182384357
0.9123353568174603,0.8751861085404371,0.7731584738517258,0.5441859434832954,0.1911803860636665,0.14269743113423433,0.4114327970379886,0.5516910870234744,0.43195474817204205,0.022589799571618913,-1.2927230443712479,1.0910964423104113,0.9892779455423688,0.9910006924490282,0.9109022114500271,3.899409189542273,-7.62434876209804
0.8801905505779957,0.847921898249187,0.7491964640851507,0.5161609454033839,0.17989498226840528,0.1515326208329918,0.43713290602223254,0.5233351744596944,0.4551341306449126,0.0911110660406323,-1.3236226134040623,1.1252953531667504,1.0149532303966526,1.0294229082473012,0.9389838892576505,3.862666644523836,-8.600075941629315
0.8729326690999599,0.8144482121570376,0.7392186447751499,0.5234530579586198,0.19240654746648517,0.12145436054323067,0.4015476046365806,0.4734279662686915,0.41541108542848804,0.06699338191564397,-1.328670496633773,1.1234446777974407,1.0298546945588338,1.052665608274829,0.9586976766481156,3.862666644523836,-8.600075941629315
0.8690297397392097,0.8171917037631342,0.7415955045413642,0.533629651959648,0.2334160127546422,0.1621706342563095,0.3894711164449621,0.4715452315704402,0.41845983237744155,0.10752194794218767,-1.447141104996456,1.0981966495546565,1.027114320221446,1.0645484768524847,0.9636682276657973,3.8659258644911514,-2.658593863305284
0.891521422169919,0.8436158320927178,0.7552657583924053,0.5561423077078029,0.25885657519092475,0.16037434882294616,0.3423892015112986,0.43116790033883595,0.3781115474414198,0.07723696259746751,-1.4695805205615828,1.0864644921331443,1.0241861153236198,1.0715762396146613,0.9646071725751313,3.8659258644911514,-2.658593863305284
0.9160433285642479,0.8638395109412618,0.7700728884901706,0.5975551212420385,0.29314825503318037,0.17543828367587194,0.3435780702119149,0.42392461708632595,0.3925293360265122,0.12478681814362019,-1.5349599116150343,1.0610614346174294,1.0394906435691986,1.0940358631257527,0.9808963476376859,3.9974943749917067,-3.8493667145722177
0.9222638981330881,0.8583155820789149,0.7835749509169234,0.6156394729531948,0.3154413175303674,0.1674712925857183,0.35086423377948106,0.41488973344433144,0.4130264535398652,0.16459354435189233,-1.6081545730577969,1.0722543567716998,1.0501605958618554,1.124135545149688,0.9991176562494221,3.9844610259600595,-4.877494491909107
0.9261291544604098,0.8424346074587483,0.7774382608319275,0.6116935365904541,0.31179373907996594,0.14390469904898073,0.333910827224702,0.3904700436831481,0.4011036771981449,0.16047344860573115,-1.605713619733697,1.0757674770608956,1.0626800746906775,1.1440532679488995,1.018156979503559,3.9844610259600595,-4.877494491909107
0.9273896517402592,0.8374075871495291,0.7792628709594536,0.625798631990935,0.3417713617400423,0.17464803729224299,0.3507923727292426,0.41378039546286394,0.4211797856487055,0.20088295816415536,-1.6784340954872945,-0.7531327465631243,1.059337043924478,1.1539348434237846,1.029244221240801,3.198717658942181,-7.682933564158149
0.9464717510492402,0.8213141622627042,0.7599873758332462,0.5967073372891951,0.3473678581014268,0.19624931211619928,0.34707721977525297,0.4301554266544708,0.41745734592830974,0.20029352018416435,-1.670533642159958,-0.7642224638623755,1.0845766950393605,1.1746674390178429,1.0601466159325597,3.198717658942181,-7.682933564158149
0.9345952723543423,0.8418595907858113,0.7883227410607979,0.5860724017863155,0.3587866294741853,0.24146662200789137,0.39947085284086714,0.4370484279644702,0.4577289021833475,0.2512257011667174,-1.6988477297584703,-0.7823634076683669,1.0595984900367144,1.167030776811927,1.049611217884506,3.150307146597285,-11.598276750766361
0.9100377404598337,0.8228136491243991,0.7666385803384632,0.5747426309471164,0.37276207197833305,0.29153735836417566,0.43809842867874726,0.4900763175037124,0.4960558513019492,0.30631323336281485,-2.003871857799745,-0.8124391420789245,1.0502386864593567,1.174265998154311,1.0686099720905746,3.0101319812370013,-13.097684525373568
0.9027289303227232,0.8207641333445261,0.7632672961858774,0.5726237478693501,0.377188657534716,0.2976052370872809,0.43788456746059834,0.48144820486298345,0.48479505773508036,0.30641350655268107,-1.9897805835640359,-0.8094048504296396,1.0612662165447375,1.183376834541689,1.0766408757746053,3.0101319812370013,-13.097684525373568
0.9044989527894144,0.8424628914167789,0.775690801465591,0.6111014993865473,0.41724069055468377,0.341460967570564,0.4642758132967234,0.5001357162229023,0.5102521365439544,0.3511541441439626,-1.9880787466920364,-0.8372031909487738,1.024174893577806,1.18121056878042,1.079673215526713,2.9676681882864786,-11.60614624415944
0.9223717424301974,0.8711837893407476,0.7931729675110913,0.63989545571293,0.43666403511575147,0.3488442993577081,0.4444380086370556,0.4835894523071307,0.48943980758871797,0.34381341617948646,-1.9870586881490904,-0.8295635680057455,1.0347279705028587,1.189842267346799,1.0866224806166862,2.9676681882864786,-11.60614624415944
0.9494827611634469,0.902452309414089,0.832540601990223,0.6869532916024085,0.48782952544879854,0.3908045775087389,0.46361294951051657,0.508037674996917,0.514596604021863,0.3964210040403692,-2.83027998107073,-0.8898077400848401,1.047043767136964,1.1781212585006842,1.0967638266883895,2.672472198668694,-13.090489858325745
0.9862343212952489,0.9209954330309141,0.851965025722267,0.7332032560993729,0.5476432271484526,0.4251540848081656,0.48697260741226617,0.5399790128713082,0.5428939255820269,0.451037919240702,0.16150435753064935,-0.9272455001177474,-0.458582881880093,1.1819358193153642,1.1180664997308032,2.503711306983784,-20.2102709089673
0.9889813343388989,0.9041925283245393,0.8528530374400436,0.7165744147043648,0.5330389210841042,0.41433984397845824,0.4839091915310902,0.5155778938261831,0.5301997548967035,0.4504018507210218,0.17210263624133312,-0.9108082965274158,-0.4388544219930046,1.2102805801610057,1.143959664544759,2.503711306983784,-20.2102709089673
0.9849315669834972,0.9130592696646594,0.8755819137017493,0.737304749591648,0.579278062351131,0.44947247255377965,0.5074139251322272,0.5236535054024262,0.5512149785726674,0.4877672593953054,0.3229451145497367,-0.9817589081911962,-0.46829452313629777,1.1519591841932373,1.1254388744640256,2.4623556769195574,-22.45080497663719
0.9802964521726227,0.9085354647544992,0.863782957664715,0.7488531078164663,0.6213494872202034,0.503768957535389,0.5266368322706774,0.5549728384289782,0.5641024775728841,0.5285270879355966,0.4282411525157934,-1.0513545080518485,-0.49702041323286383,-0.0899141859955831,1.1046394286141394,1.484180992115816,-30.146072035174203
0.9987399791548531,0.8687489679000668,0.823741438126693,0.7022810518138815,0.6210393136432762,0.5150093436895484,0.503966174925513,0.5461243023530076,0.5345291042814497,0.514805662786232,0.43761775296168715,-1.0534900454220582,-0.45102298278697195,-0.04758199644430794,1.152444659688821,1.484180992115816,-30.146072035174203
0.9930612675894606,0.8845205999282063,0.8663169524827996,0.7023220782775019,0.6597570368699567,0.5802404410331782,0.5613046374519238,0.5556109800546797,0.5667579245429741,0.5457970066090737,0.5338082806969365,-1.143889956521177,-0.5198594230043677,-0.06481947581558084,1.0851109709576445,1.3858234744151945,-32.638895523482596
0.9874659096753755,0.8786412268150774,0.8291419429492601,0.6972874558265614,0.6529954532713532,0.5883467246149713,0.5264608964396515,0.5264951677180784,0.5286466904444862,0.5339058083802435,0.54458654091801,-1.11473981518588,-0.4852506779696824,-0.04096605110757695,1.1105922256477372,1.3858234744151945,-32.638895523482596
1.0307359334897792,0.9050102301864996,0.851027446587,0.7568433029865141,0.7170631043184454,0.629408872376269,0.5464869099104865,0.5247602735219387,0.5352691599591513,0.5813944716774154,0.6387050410728707,-1.184674396422341,-0.5081767884973736,-0.05538896386503794,1.126236728003882,1.0871336540708114,-23.90840112608931
1.111823550619832,1.0234679441579648,0.9354732229351903,0.855687341785613,0.8318024518727258,0.708820395513629,0.5435604827517216,0.5454611081165521,0.5461225659439212,0.6120969646736127,0.7183261531741698,-1.192453901145998,-0.49968015784035735,-0.037392158949758614,0.033467819586418646,0.2180035850064126,-30.01147829154162
1.2074111716842246,1.0931118736759342,0.9861062221374972,0.8878970651391953,0.8600746674290978,0.7333849151794536,0.5212866677951506,0.5404670937795453,0.5302870674811475,0.6208081149138789,0.7472430878578447,-1.1572855022270092,-0.4399564775832739,0.022846981302067138,0.09397104827533098,0.2180035850064126,-30.01147829154162
1.2637458106621047,1.1578437258701089,1.0749739790336152,0.9478532316074246,0.9324724603597028,0.7630439997378603,0.5743265907251771,0.5520807225427637,0.5687986958359696,0.678037082565288,0.8287319130513847,-0.9926628901658385,-0.35373203800942876,0.0969477076410617,0.1564197386787467,0.05299345682759915,-24.10293796674644
1.340260485930773,1.2476069733957877,1.1487648186053758,1.0416782295028675,0.9931534998615108,0.7815114950540784,0.546833462915415,0.5352890522159588,0.5479789872396321,0.6831234605650905,0.8547575929061159,-0.961693281606866,-0.31917490111479185,0.1271272064057848,0.18995893383575568,0.05299345682759915,-24.10293796674644
1.4114397204764955,1.3310527058191743,1.2257398070488519,1.1200704277418103,1.0372690239103592,0.8282777552284987,0.5742062445796771,0.5445992140125381,0.5762577546005255,0.7249168861154074,0.8722863349905852,-0.7132886321896119,-0.16876668336815626,0.24872637363025563,0.2673981441248936,0.30576552011718894,-24.261671998728715
1.431005086377839,1.3416802429009036,1.2498441104997473,1.1793268199068314,1.0702801154500037,0.8290821691825218,0.5953863366627061,0.5300871949222873,0.5702719369211777,0.7383689056780213,0.88717312930612,-0.5300569240451198,-0.056044716315002074,0.3540533808559473,0.3573197939263415,0.44020862855007703,-23.947683601482687
1.465462368388199,1.3586655071527964,1.2920477065220186,1.2333013173098721,1.0956152532257815,0.8055340025348314,0.5724881937453472,0.4919423188698723,0.5551285988213099,0.7371777865461324,0.8805086877264218,-0.5131955038827427,-0.031535654481508205,0.39465772175062636,0.39436591597264853,0.44020862855007703,-23.947683601482687
1.4604441202833633,1.3250915246029087,1.3111118411248572,1.2530220824325848,1.1352121535763362,0.8181019664382148,0.5814325164069742,0.4655165108563599,0.5780123787576448,0.7463832226496275,0.8279775825223491,-0.40416416239974096,0.04435960434580717,0.4648054798845732,0.45314675831694595,0.9148293890223389,-24.032563208819667
1.4332966392544473,1.2929598492648477,1.3022314165218856,1.2419041902130812,1.1158261450932796,0.7925630548446604,0.5720986141254738,0.4268223917905478,0.5692701423976647,0.7372685496686393,0.7988266330891522,-0.4061236397921773,0.03507513444019143,0.4798742591009939,0.4635068203357482,0.9148293890223389,-24.032563208819667
1.4009460004253123,1.2250751332070924,1.2203565758549182,1.2017825542537641,1.0979398477383624,0.7770117731259594,0.5792725374231001,0.43723940949314555,0.5612244136292116,0.7247755457062508,0.7701514283768226,-0.3459995308983219,0.09089016798330289,0.527274554563697,0.5080846194033052,1.0412685439520413,-24.023106478186882
1.3343429575978942,1.1394857035495265,1.16863004440069,1.1401230183395596,1.071614642589322,0.7748100613852293,0.5841852544655872,0.4323345245611061,0.5666676091334201,0.7286736804942746,0.7405430560480626,-0.3139020958153281,0.10342631440010384,0.5502571716980288,0.5096429015701683,1.0784807852531797,-23.860234105626553
1.2794639438514792,1.0703890038147095,1.0903828971254659,1.0673980869195745,1.033657074119684,0.7737324682544305,0.5911111565290581,0.4429322167110321,0.5736661863718471,0.7268540246825408,0.7227244976920844,-0.33471943611195687,0.09423316769635301,0.5413826863954107,0.5105077179997387,1.0784807852531797,-23.860234105626553
1.2248622619340086,1.013536316571557,1.0167678699536395,0.9965080764576543,1.017148582630938,0.8090078042527851,0.6181787631570751,0.46828460120948223,0.5894434989239123,0.7335161304123249,0.71459826835978,-0.3132322796628126,0.11255252790905731,0.5288949851040643,0.5204364273372057,1.122528600315659,-23.86691001207098
1.1689566391041568,0.9660417550325329,0.9546700102117198,0.9370773611678176,0.9844169891011623,0.8255054319937607,0.6572418358762913,0.49885515930651825,0.6155022948861844,0.7449980814463835,-1.081514325578858,-0.27741879726752794,0.12432871305969921,0.5251856388899552,0.5281433266497926,0.647070223019099,-23.28921665800273
1.152979741571471,0.9486028437916882,0.9117444678732358,0.8945583179578844,0.9775812492666902,0.8599592129579818,0.682529223481642,0.5504736480676607,0.6359724608553075,0.7602854300330971,-1.067044018683457,-0.2937372144951774,0.12854425443130457,0.5089387794201501,0.528356012348192,0.647070223019099,-23.28921665800273
1.109316227937921,0.965285539641629,0.9114737079416442,0.8755713472685245,0.9660912927949615,0.9001216788477193,0.7286104176984891,0.6145735709257591,0.6714169130450138,0.783945343398122,-0.984692596089229,-0.2592294389644985,0.13648055938672457,0.49680717698751997,0.5176340737726002,0.8860433853902405,-23.458306223816813
1.0850885967070019,0.9724883216142568,0.9045290667380361,0.8826121642975302,0.9559233067925103,0.9133888188226266,0.7559041584748953,0.641977802753606,0.6916156738550798,0.8084035423317601,-0.9599512583458428,-0.23979219359350895,0.1398425693452658,0.4804954328233217,0.5097907008233774,0.8860433853902405,-23.458306223816813
1.0852438012111452,0.9883446978436068,0.9178310646495904,0.9159639117361402,0.9705607280398167,0.9320479769681186,0.7708358399461466,0.6615073757970141,0.6995773440100893,0.8254622841232307,-0.8557898498712342,-0.1938696326993694,0.1726770552933436,0.4958450427168192,0.5303994397014798,1.0075724085637519,-23.260270249734468
1.0908299814369147,1.0112747896276868,0.9542820891903284,0.9544177120132624,1.0071284923850976,0.9597330645955378,0.800858904563848,0.6694325420240419,0.7087925689769773,0.8328615699783101,-0.7775509657560012,-0.14742327658926516,0.19663656425364853,0.5166237354221795,0.5450141421799035,1.1039585731435735,-23.27976349747596
1.0995160865309592,1.0246097069322833,0.9782040840592102,0.9861797590971589,1.0182043374758034,0.9562105654938726,0.7981451382810472,0.6676465187707654,0.7061672293713909,0.8341289622740027,-0.7821173204601257,-0.1412746383350857,0.2005414941279604,0.5149316012680588,0.5453392310563245,1.1039585731435735,-23.27976349747596
1.084545904181427,1.021060165872497,0.9973958460625265,1.0109203209825812,1.0314092654882343,0.9547921182956132,0.7958431128063883,0.6876193765527838,0.7023447168309247,0.830363028717656,-0.6875692755210354,-0.09003571244258972,0.244142790884264,0.5406050524113009,0.5555712629727159,1.2143368360545717,-23.291887617429524
1.0848729151789342,1.0191283316998085,1.0084952970083516,1.0187142188891898,1.0313672633081237,0.9457903400386278,0.7901364493887886,0.6772787668248148,0.6962611957079411,0.824291816942502,-0.7003953963773994,-0.09276170437012671,0.2394385824942829,0.538211895772833,0.5527893440131084,1.2143368360545717,-23.291887617429524
1.0822351995481532,1.0024560413532062,1.0013495914135617,1.017407927047444,1.0332194048392316,0.9586044141562944,0.8043146507316077,0.6753660779844155,0.6906689972578728,0.8155436222692772,-0.562101402412553,-0.023304917887645965,0.2909866622541812,0.5715482565117773,0.5986344566605203,1.4654212714357575,-23.086864281486378
1.060717178359451,0.9778657839029277,0.9956558340595709,1.0311062520522274,1.057362006086494,0.9711848564366781,0.8016932453372051,0.6650375982329697,0.690579386523507,0.8083679462050937,-0.41246195224783494,0.07483652589843331,0.3420774513187896,0.6105672818096457,0.6181850655157469,1.6727071586400357,-22.779797023615174
1.0406888339777143,0.9476700417960473,0.9688832139347643,1.0167695981235465,1.0436078937279887,0.9517314412941729,0.7903356754749797,0.6533747853540635,0.684100272315012,0.8006414443952882,-0.4276474724603829,0.06976973178633714,0.33928933604471745,0.6075723716414463,0.6153881718687045,1.6727071586400357,-22.779797023615174
1.0240103826879456,0.9137933642830304,0.9475267477314543,1.0160130591316836,1.0584651483847156,0.9464131680089802,0.800899380608792,0.652889363771629,0.6805741340067197,0.7923331099542945,-0.26267549196063256,0.16620728622947142,0.41380767963422577,0.6537727062672417,0.6654371257703401,1.8287667462658739,-22.352039001774564
0.9727975687852555,0.8966136512652718,0.9621955079433961,1.0264191531554239,1.0824005372811718,0.9701517008656168,0.806719430129603,0.6499563685798153,0.6805199383668876,-0.7889107364893082,-0.09588608305868579,0.27279968872659843,0.4785262841023699,0.7002623098281334,0.7132998980267931,2.0576587242482116,-15.657262234970268
0.9664884114138431,0.9049098672178946,0.9585189332817974,1.0317745812274055,1.0891741724261172,0.9686969446404015,0.8006608701622633,0.6542250239777211,0.6815051892018593,-0.7945742587089497,-0.10881472110846824,0.25507272397597297,0.4578558603441568,0.6766009878636099,0.6916963500691634,2.0576587242482116,-15.657262234970268
0.971708912013791,0.9339767533107053,0.9767358707268985,1.0604741973336098,1.1068596581785242,0.9779332650411017,0.8084106512585018,0.6191280627310919,-1.0207723950091832,-0.4848575010148593,0.052393287720665954,0.37248615679122243,0.5373572326636766,0.7285767248626759,0.7450955400430466,2.7012812662790777,-0.2187583318474715
0.9941917817689576,1.0104790463346949,1.0465594142292556,1.1248172134759518,1.147232995139273,0.9752245637379888,0.8170994509838991,0.6297076725633457,-1.0014278196601436,-0.4783627921642324,0.04828097021412575,0.35029937284985485,0.4885264158401471,0.6834865444893101,0.6978691734328277,2.7012812662790777,-0.2187583318474715
1.051904335247541,1.0757741970139763,1.0978574262020329,1.2067118140815924,1.1715591106682137,0.9856339816857878,0.8271897480023762,-1.0933296019828538,-0.6003896182760402,-0.18113135369891592,0.21484628996434235,0.4833338407320679,0.5868260474939629,0.7578267474325197,0.7741361612360806,3.4562640892610546,14.186261409127662
1.1148246699884055,1.2016092257394462,1.2562164723019882,1.3214028217161071,1.218760883987802,0.9437082413877642,0.8669446024433196,-0.6740783110698876,-0.26254593249571695,0.06600447126392356,0.3691421938419791,0.5520389279005755,0.6084813030693452,0.7761961593496681,0.7881771615311084,3.527089875539815,7.339173706042187
1.1176638334853628,1.182140850025288,1.245821927489514,1.330981252771538,1.1878437041390169,0.9387613411909742,0.9114724323511898,-0.6032370351304626,-0.19124213483450364,0.11805014564528726,0.3706819399393986,0.577856890309844,0.6313617578656776,0.7819013198522742,0.8101823205222677,3.527089875539815,7.339173706042187
1.1359039668702762,1.182323164670772,1.2886855288969679,1.308918666081123,1.1833556282843398,0.7807789730084004,-0.6491027780735628,-0.2399247743726,0.1219248786670542,0.33837558664518536,0.4978733032296272,0.6361416181667001,0.675030923993482,0.8210274719291135,0.850332767406498,3.927797200061148,14.253190819025383
1.0855968972522858,1.175173170569448,1.290575901472792,1.302124881764776,1.1728806127516958,0.816854538889384,-0.5878189394427361,-0.17053382115959215,0.17992602396227309,0.35781312144425137,0.4704114908721848,0.5987527669071204,0.6104432427825777,0.7497608029503575,0.7955947061701261,3.927797200061148,14.253190819025383
1.0855585443251767,1.1675785331166177,1.2396055580940242,1.2605768540979583,1.095683333402992,-0.673988511317904,-0.15557424594430713,0.18491544007601896,0.4308571475683162,0.5519592457187861,0.5640024404785213,0.6576193899065623,0.6565609997590078,0.7688913259100834,0.8275213397452204,3.6035145258148926,-6.990139641657224
1.0081313434758261,0.9959728440400664,1.1027916989711217,1.0942470492179994,-2.0010066172978362,-0.2964933090136974,0.21305533225087722,0.45518298897413156,0.6606159276713337,0.7154897799260757,0.6757222563415165,0.7312529829795689,0.7238675114089477,0.8121822474324261,0.8815438495873401,2.6341604438007744,-11.0971607348423
0.9063104578265172,0.8469553786006183,0.976631704412706,0.941628172291452,-2.034873925626835,-0.25994245153784373,0.281978940298487,0.5356863879500675,0.6881227656807583,0.7136930308203967,0.6881007785197241,0.6595597610749134,0.6932423780646793,0.753801692432438,0.8508845445435091,2.6341604438007744,-11.0971607348423
0.816383625965736,0.8256646475318727,0.8967177242379701,0.7405171829120045,-0.8627461336010501,0.12517333573580627,0.5528795485183692,0.7160371848601301,0.8007980857005177,0.8002027550939358,0.7354767328350195,0.6814685534625742,0.6707782169947272,0.711570255505587,0.794318613109239,3.202024413637367,-16.163662403856705
0.7066574373583516,0.7649591254246229,0.7491326701073057,-2.147178701907654,-0.6443237719399658,0.30867360418405504,0.7013675380754,0.8061399918117731,0.8618420817015087,0.8601876966518727,0.7916339159954526,0.7531442652225672,0.7035943628523974,0.6903789326663713,0.7538594458301318,2.2638309703282005,-14.851862015930326
0.7294759820111428,0.7610608572206299,0.6931496345582838,-2.1552646392401495,-0.6057278744406731,0.33824979747705386,0.6716210982193471,0.8376358997322171,0.830231817926359,0.8427284414928342,0.8099370649696378,0.7378427935922258,0.737453338033606,0.6799666454444113,0.7489517026736037,2.2638309703282005,-14.851862015930326
0.786108726124745,0.8640484527260908,0.7486610158242544,-2.0877495495985072,-0.4563445028120904,0.4603997876150183,0.7426269908301797,0.8944656646933751,0.869395179520477,0.8811937268891377,0.8818713887168828,0.7929463255756753,0.7529579333494245,0.6935161526910818,0.7294745617610018,2.4060851377842853,-16.838734785333582
0.8307534502709146,0.9077490663554137,0.772924056317992,-2.030223539332747,-0.435835211563683,0.4379441391847669,0.7056305493089151,0.8637858757288992,0.8369949173101041,0.8766040032374509,0.9151595064352861,0.8454026938506033,0.7911410585730327,0.7118999160329773,0.7401363207195997,2.4060851377842853,-16.838734785333582
0.9126942344445625,0.9781946094599383,0.8488432090395442,-1.923414235945369,-0.24593284328780007,0.49676446231734295,0.7281406013805187,0.879740163143404,0.854712240056684,0.9161775122073736,0.978943588739698,0.926473752160921,0.8740438740821734,0.7815136620841013,0.762795971627627,2.528592509560484,-18.929108472915676
0.9873924411051349,1.0353227537743643,-1.7184590639950998,-1.7837167465063883,-0.09424711170965416,0.5319296158914648,0.7408696118961329,0.8740552982787378,0.867831145136583,0.9472365264152499,1.0208426312016452,1.0140024375246715,0.945517499319126,0.8619034455935257,0.8191867346045514,1.4592865462079048,-16.506665266917324
1.1182109430277238,1.043186985859007,-1.635532132981488,-1.6812384211221532,0.12462861544930692,0.6094537493544347,0.7407714693222125,0.9063686860533463,0.876821526312529,0.9722383969564308,1.0822933451549326,1.049045740334827,1.0334321701364675,0.9500473744735269,0.8948824491439027,1.5558751983152534,-18.3792566870487
1.1471380347295244,1.1292181547030404,-1.5139023627808785,-1.6097275334018428,0.26629252647554424,0.6889333426944108,0.7951024686644443,0.9044575346797399,0.910216381021405,1.0081323095397783,1.131973868930031,1.122975325707923,1.0666000383521146,1.0233951603053992,0.9427153963475103,1.678853374261081,-20.24920113436333
1.1436343835443494,1.1257476756617484,-1.4641868682940826,-1.576639063641845,0.2765131945573316,0.7235514016601209,0.8184075687839486,0.9130053000988345,0.9310236664278084,1.0561092605835536,1.1953255109520127,1.205104812882941,1.1504097255038903,1.1037737249136064,1.01049597916915,1.7314427141553743,-22.12723845817001
1.1743026602844533,1.130376907161814,-1.4374103377782848,-1.547880540177877,0.29067888807080544,0.6854782199390862,0.7724263441011848,0.8430448497061025,0.8908626539906654,1.0328697199168708,1.1892637622681088,1.2192078736996024,1.1744617443003935,1.1527812639483606,1.0417552780991601,1.7314427141553743,-22.12723845817001
1.1148122765528252,1.126974831446418,-1.4006948738762537,-0.22420154990065702,0.5264264042602276,0.7354001913674786,0.7927414193249245,0.8351500287528265,0.914223061148335,1.056127769499195,1.2160776203116583,1.258272356067865,1.2265003259748881,1.2338588279396252,1.1115834645734806,2.380833870096109,-39.062976428891304
1.0323825093834784,1.0030962728765507,-1.4816498361909514,-0.30342066383641314,0.4343997734462113,0.6566254187427878,0.7627523048915666,0.7373567293104789,0.8787310605231473,1.0333067916248826,1.1914886659189885,1.293021853951293,1.2477095687313056,1.2921220784064187,1.1487895720900838,2.380833870096109,-39.062976428891304
0.9659225143408972,-1.3435747955545998,-1.5541319635959499,-0.20791091345041418,0.5187917975185848,0.6515859825131176,0.7574789234352763,0.674355512988479,0.8224656367972992,0.9710043160622653,1.1864968908823195,1.2804783509224473,1.286477845571997,1.3609751016669458,1.2092733921915921,1.6254033305768356,-40.94674498928944
0.9384883663923633,-1.4030497058611227,-1.5829660858278853,-0.2947290984351683,0.4811954747984323,0.6759865714796064,0.7145363854281119,0.6267547142928553,0.7595120906438574,0.9341821985447821,1.128809508654948,1.2560310076001326,1.3029686265233336,1.3812337187603123,1.240800617829899,1.6986215727569203,-41.01059620104009
0.8812167961168398,-1.4483236141925018,-1.6506419100000036,-0.392333494702948,0.4338478974913448,0.6754760133781144,0.685942340735765,0.5753960871767831,0.7177117132915038,0.8944580761021266,1.1072518679533083,1.2321007326268063,1.2743289969100202,1.3762861285133123,1.226149643311887,1.6986215727569203,-41.01059620104009
0.7083451085545033,-1.4956988537387947,-1.6483424040332624,-1.6696172666841091,0.3021421687023519,0.6596350685479959,0.6273615227493581,0.4979643633272608,0.6802167022399043,0.8755820345475427,1.117484130683685,1.2375485273512177,1.2981744124762002,1.416474006849485,1.2687065407942506,1.2353436403280362,-20.32096880846165
0.7954563952779317,-1.3621643403522936,-1.5843555876886148,-1.5987497129005832,0.3932208051619862,0.7034403909603749,0.583746378911036,0.5050518233823413,0.6520071751083573,0.8585107194163306,1.1328755196296538,1.2026740602077635,1.284090615953491,1.3940564660765808,1.2477841095229367,1.2353436403280362,-20.32096880846165
0.9275110634034327,-1.210323898377787,-1.3514637262571365,-1.4382706366598637,0.40526873115905243,0.6789329402906796,0.5683977770932063,0.5161929464789137,0.6740635727973713,0.897585706428959,1.1764333959503102,1.2633637949148304,1.3290103319872293,1.4270491102428002,1.2697698053944175,1.3898553855792288,-20.027006479822223
1.0028413774792113,0.5279532845303212,-1.0706971827236327,-1.2834232655102888,0.037804954194918194,0.5830418343315755,0.5620422487705872,0.5443042078495466,0.7062358253376128,0.9573934754488905,1.2962246188136428,1.353272152965892,1.3908457936158414,1.5011975602863865,1.3593582863328368,2.3102248348252843,-22.572415810131748
1.018109488068251,0.5814678402186966,-0.9711374328629487,-1.1807508073268045,0.0454119393099226,0.5380994944916127,0.5826623289897683,0.5135163476996119,0.7299479506220853,0.9938395548518026,1.3255717015375146,1.405953468490588,1.3971689087583692,1.5226615351271435,1.3723324268967318,2.3102248348252843,-22.572415810131748
1.0280432075673958,0.5796501047374432,-0.8108896698966331,-1.0469005374538982,0.08680908414252847,0.509910671407133,0.5793253838430799,0.5301287748162322,0.7711245068098911,1.0400475224985544,1.3155773040931305,1.4095232062804501,1.4510903800823645,1.5817649963345173,1.4328287988311676,2.4008495183111522,-33.01101510315524
0.9924500280616926,0.5231012726551576,-0.7996060248369896,-1.0641825959901194,0.054812967165199566,0.48930290049069036,0.5895823884198904,0.5001325730648793,0.7717148574639161,1.0319306842849936,1.2748871814083702,1.3990750407574601,1.4422398897307454,1.6030988544931695,1.4483067614616536,2.4008495183111522,-33.01101510315524
0.89557732259119,0.4199207290026892,-0.8539764709861688,-1.0725258547659418,0.03393325174081463,0.5090433188400416,0.6128507764808544,0.5010759923628785,0.7731965866244539,1.025374528715595,1.2767805063625872,1.3860326600917707,1.4455448331679666,1.5959015493432867,1.4713281196532157,2.466664054555486,-42.16037561171477
0.7694059300971764,0.2604735133143059,-0.9809492490886699,-1.1386861007407034,-1.1684523459204579,0.510259719422431,0.636105838511401,0.4646119574486818,0.7581519062100707,0.9983733459393432,1.2216381154585074,1.3744392600225757,1.4294118440388146,1.6151100766287914,1.4644403027879593,2.095779789787951,-41.19196633563472
0.6799530794614039,0.1388518925933485,-1.1111993964683364,-1.2647623688466503,-1.2077648531000345,0.513746654123614,0.6220050567682561,0.4629793419063142,0.7301810721370439,0.9616676257277932,1.1885668887468361,1.3136061847762672,1.4066772437606574,1.5876176739801928,1.4453687041765704,2.095779789787951,-41.19196633563472
0.5982210483461876,0.15492556809569935,-1.2114671286275789,-1.3128932404303177,-1.1862887423291915,0.49975306641043143,0.5975729619663801,0.36879918497377573,0.6618374444519248,0.9124053228235076,1.162748854082662,1.2855994371846375,1.372387346595036,1.5463496025661956,1.4093187865447698,2.2318251625497076,-39.276871512187164
0.5913642845490459,0.2410548857288103,-1.2968804124813622,-1.2351672363233908,-1.1346477911362653,0.2690819579004847,0.46338773868099425,0.37301438035806944,0.5356253776249742,0.8449523855657387,1.1428312902741342,1.2761694081809938,1.3648795510038585,1.5223483895078764,1.3892597876158945,2.412375278974536,-36.96909009257659
0.5767354662323385,0.25400102096017296,-1.3266597945057559,-1.2447628982663008,-1.1441696277734887,0.26898037410250136,0.451655286054751,0.37223406564093,0.5256406435797378,0.845757459940303,1.156384995512261,1.281301699414034,1.362025854702046,1.5044904305525557,1.3692913765388446,2.412375278974536,-36.96909009257659
0.6417672590988555,0.3829447554301151,0.019002126459353175,-0.9298276426604912,-1.0603812022453951,-1.1005567763737458,0.23638560092042793,0.37102097062320394,0.34858745265933977,0.7405553629124566,1.1305112283171275,1.2671913130645873,1.371047247003822,1.5024889704249276,1.372761470602346,2.9899682716206444,-33.218465887166374
0.6588074433742008,0.4379837832220034,0.0783159317152129,-0.8681587773171473,-1.0434700740928127,-1.1244114163844312,0.2263646809505313,0.34344199781629603,0.34113380685901407,0.7433015309609858,1.1402091016784714,1.2815348075341955,1.3562752923142187,1.4908737707390098,1.352652022821205,2.9899682716206444,-33.218465887166374
0.7349223159199333,0.5500552505084807,0.30206655065328514,-0.22204955238682966,-0.9198476611071412,-1.0463512774532486,-1.2187464520896625,-1.2871956690051642,0.3319345708253715,0.5748831373327543,1.0715668410046626,1.2671358163384483,1.3557619664200762,1.5057324223323054,1.3692721339891945,4.228324413918796,10.65511054755604
0.9103549720670596,0.9065736052772922,0.7071428179262914,0.4083488055529758,-0.5546400343871235,-0.9438297861081003,-1.1643409627757615,-1.2191835265060258,-1.1249967393609035,0.5519027914616057,0.9229504525153436,1.1490325430149435,1.208668776190314,1.3905145729912922,1.2572902056514041,4.892258901367471,20.58114864534339
1.0667609026147633,1.1195998730953884,0.8570642143464179,0.6130060124305654,-0.5011059534179569,-0.9243644760309362,-1.1851500047333876,-1.1588357304229526,-1.0611128270462646,0.6107015914974211,0.8985250973617716,1.2142022681620157,1.2387540729233704,1.4056195911790026,1.2732612826085659,4.892258901367471,20.58114864534339
1.2305841920037057,1.217242993866386,1.1092390910726073,0.9552833805034053,-0.005643046453359252,-0.933446517160555,-1.034800698323675,-1.022635855653638,-0.8654611374640971,-0.7433583853729774,0.8733272912995946,1.1904153436778901,1.274370130406562,1.4514404989819374,1.3212983953957098,5.116557060537655,22.8373141532445
1.2636724399003407,1.2269961596723609,1.2157063164348096,0.9953801098231682,0.002888077183955756,-0.9594470884403398,-0.9279296142315627,-0.9354293671021263,-0.7445916601298774,-0.6695780691919069,0.891983068144657,1.1716528277008913,1.2344390491658812,1.4264552239329404,1.3179323188931744,5.116557060537655,22.8373141532445
1.2262067068489166,1.1778908134282977,1.246671762153304,1.0366868356783563,0.22526224475741785,-0.8426559477941702,-0.7402704529236483,-0.747335381442281,-0.5467179398950942,-0.5283439311628852,0.8424123195827048,1.1262037367801625,1.173033949120283,1.379542222066756,1.3032900598198027,5.180737726546653,20.086588023662255
1.122411365953464,1.0989979681352722,1.190436575922516,0.9789633345509594,0.16510676946785147,-0.6995335649964399,-0.5354352942268139,-0.544766097408893,-0.36194000551644684,-0.3907014631830026,0.7794371668687321,1.0546682165451267,1.1129302856678882,1.2912465543369478,1.257657946973707,5.13337614717319,17.52538676489451
0.9776286654197206,0.9657921506365791,1.065495325111005,0.841609926083469,0.09139597194478088,-0.6325221339343241,-0.4047925433036572,-0.3987500112274736,-0.25489325813631203,-0.34296307182949065,0.7626153662889605,0.9974063480890394,1.0533351967916584,1.204784476452091,1.203002173069624,5.13337614717319,17.52538676489451
0.8309911575186286,0.8587860896358674,0.9552540090304519,0.7306912976721102,0.022716491996164656,-0.4563100885077391,-0.2101776072262289,-0.17278745677268675,-0.0801949986966646,-0.21972704351600106,0.6997220512818374,0.9135050988235379,0.9752749107486437,1.0990420866424757,1.1243391278393124,4.999965883773559,4.441185527871985
0.6711242376984897,0.6992319229344536,0.7679755024232964,0.5894360854654043,-0.09167361306394795,-0.29922750517399177,-0.014466335930976515,0.0373867007216242,0.07630762968202737,-0.10254421054067611,0.6994438077016993,0.846758321565453,0.9064978989318402,1.019790826101193,1.0694396758022922,4.936285666678731,1.5783875425823641
0.5253706263891966,0.5713226224392124,0.6143358447552448,0.44732269224765453,-0.1527536497777472,-0.25412022882448454,0.07099630014959371,0.1348946831690419,0.12130334834415255,-0.08856653665071332,0.7055798364295685,0.8001665298753552,0.8548967398209528,0.9256664678145712,0.9941330523995155,4.936285666678731,1.5783875425823641
0.44774379209633275,0.5521181950897195,0.5442207944940215,0.41958110537254534,-0.1892601704300998,-0.06880204935303358,0.20871850890695917,0.33399005813448723,0.21615811785352163,0.005306377915646358,-0.395495378417827,0.6612567839851793,0.7509931448275444,0.7818267297731009,0.871423390174908,4.432787861978884,8.113337398696334
0.4564223507137064,0.5969987039956421,0.5123371556582395,0.41656207406439116,-0.15674006216880276,0.0053397037338490105,0.22415161623542018,0.4142182335013292,0.2218307711934207,0.003719154919209808,-0.3859174276923086,0.6396097371470345,0.7336537668815735,0.7143799925831623,0.8140904112121155,4.432787861978884,8.113337398696334
0.5250202702810745,0.7343372848933608,0.6037922109115401,0.5506651740326859,-0.14249666015905949,0.26864059441713994,0.388291395352979,0.5809840778661617,0.3179489798130104,0.07821869658003025,-0.2721549642706288,0.6689689609970175,0.674128410850835,0.6333031660668272,0.7416458708748814,4.36588574398373,3.5505003647325686
0.5830773285314015,0.7802612691244752,0.6661529559901318,0.6552763081604499,0.5695436447237717,0.25554638965513216,0.5244295616179451,0.7053795764516304,0.41461863783732195,0.1715684873826225,-0.14961192372968246,-0.4681673703801962,0.6660186641073159,0.6172950078311071,0.7410092988595854,4.032633067171818,-1.5798466419755803
0.6587131659613595,0.8312433264898099,0.7370996042590089,0.7255269076157634,0.6127227042242963,0.24027875119967912,0.5134519855492283,0.6938107161898416,0.39864163047827966,0.1728505727113969,-0.1126995154043536,-0.43339326151951596,0.7001643626499139,0.6387810243820514,0.7541354286274031,4.032633067171818,-1.5798466419755803
0.7587174568689139,0.9060289802517794,0.869723343574938,0.8480393542371232,0.724094644142842,0.23041594991641373,0.5943224589880621,0.753279285002966,0.45393822600657974,0.22675918800486683,-0.027308722938478303,-0.32621592728596105,0.6493914235297749,0.6190494809223863,0.716945584158471,3.5016113172971393,-5.104965461927389
0.8459523826356271,0.9536092244787899,0.9309380719918143,0.9157904967601244,0.7726949163969655,0.22782531303108938,0.5436547178287853,0.7151797582528028,0.4088374679142367,0.20063152271528492,-0.025900769528756917,-0.3001730808701,0.6931094321582058,0.6626323157197126,0.7501405711239593,3.5016113172971393,-5.104965461927389
0.9384245169423331,1.0637935190221768,1.0229321888503322,1.0105143606634075,0.8670082109500565,0.20825034301729292,0.4994693891894269,0.7366057179696309,0.439622792816312,0.24340752200570262,0.03209635739362704,-0.21444279128017446,0.7004614949385164,0.6605964245943964,0.734456080691901,4.056298059214136,-6.995323527818584
0.9668970362337224,1.1005506951888453,1.093577056667308,1.0874883278639957,0.924379912710533,0.7309008359733804,0.6348227312894943,0.7210273762678923,0.45947007792962063,0.26352590103192197,0.0793455342323284,-0.11276653130307629,-0.45375005798047674,0.6770861089782573,0.7478541092841269,3.4170227518649954,-15.327927630746524
1.012733377031047,1.04383750131294,1.0627360079920845,1.0781790088678571,0.9339897652326685,0.6760666180585031,0.5582589365041437,0.6499217863069513,0.3988845422261811,0.22396326665961042,0.06719976728599086,-0.10017853541568394,-0.38722995951519124,0.7576173796069932,0.8149011870381206,3.4170227518649954,-15.327927630746524
1.0294826518868296,1.0562721755729032,1.0926735381450015,1.0701152916050598,0.9761641627731905,0.7187019638852057,0.6003003071581356,0.6254445103092431,0.4027662794584598,0.2350846580292565,0.08185293521341153,-0.05359457435264514,-0.33720552544302373,0.7528081973324703,0.7876499281691738,3.5511026248310955,-15.488491557592496
1.0246492984468494,1.0264571787622465,1.0510802787567277,1.0490403324544313,0.9623031532958389,0.690744451822844,0.5324514085550687,0.5507619529559886,0.3450386674015765,0.19069784096778924,0.05544513617140673,-0.04421430936624304,-0.3236178960324514,0.7859203792058702,0.8088785381088511,3.5511026248310955,-15.488491557592496
1.0310607730347678,1.0036483778616712,1.042335719764078,1.0612792619209346,0.9926269496108944,0.7181995957872409,0.47103802359008257,0.5508902450627204,0.3544117000781737,0.20444402835463493,0.0886472679915864,0.00550009534807544,-0.24453416135165662,0.8276570803254966,0.823206349253456,3.5816150660696007,-16.472097686674896
1.0646919600855314,1.00445730186538,1.0169660931481281,1.0580318823746886,1.0087288758782669,0.7395935279397885,0.42183095091921563,0.5435389852529975,0.37564118817263326,0.23449121883192658,0.12190784624191686,0.057959514032395076,-0.17645941624395978,0.8634812553758244,0.8149232639200455,3.653915295571858,-17.99104457372597
1.0580367125643497,0.9751848058564535,0.987135384532368,1.0312904194888173,0.9921552398733231,0.702630920199172,0.38179964569257285,0.4874204504472125,0.34327807835770885,0.21222795394455968,0.11806983265225168,0.06270563304070631,-0.16388220015210064,0.8967627175519085,0.8375198382071994,3.653915295571858,-17.99104457372597
1.053506152552905,0.9659927677227659,0.9954382308523654,1.0233248230220702,1.0123951327369323,0.7272590024286378,0.34686130269896276,0.4418967678546062,0.36898139912807437,0.24115425942718982,0.16518119489724392,0.10275931478230793,-0.10207836207052157,-0.2721107102710345,0.8377884984809847,2.8620010127761777,-15.88756002492724
1.1164771558043114,0.9813684867022263,0.9974943815092213,1.013884016723818,1.0568488875674897,0.7814526826480319,0.6255015427989916,0.5334427930219349,0.3865169673193306,0.2710538545443366,0.20858047637949262,0.12478301914839873,-0.036355715208002626,-0.19834215587840032,0.8325763116090347,2.8560588033039833,-19.463708285296565
1.1132973417859522,1.0068913375768482,1.0182970143335388,0.9919236911141319,1.034532909198763,0.7952039587024208,0.6403286433608999,0.5197568121453667,0.3902833531640464,0.2784282909032757,0.22958421741951685,0.13988723423435234,-0.04169721490353684,-0.1851097540937952,0.83967977008335,2.8560588033039833,-19.463708285296565
1.1058981784454203,1.024294757075877,1.0327412425557467,1.0223212757887936,1.0381387116891556,0.7905214017621746,0.6370878920510011,0.4931496286242132,0.38805193216822653,0.314613237425514,0.301860675930942,0.19753780473484944,0.006018299551137696,-0.14450200177594857,0.8584486232066486,2.9724569995801264,-13.117480584807755
1.131578125723483,1.093829378547928,1.086784263300318,1.0831466691653022,1.0739737095226325,0.8068753901681489,0.6260661846353875,0.4812969012009524,0.3785635267935592,0.3146815920858942,0.3102533274735189,0.20153610208719813,0.0019111537119681499,-0.1439398361733179,0.8542479804057259,2.9724569995801264,-13.117480584807755
1.1741973836308635,1.147783027064206,1.1217174427987433,1.1347677640141307,1.088515425007024,0.7730280162826034,0.5519001301701719,0.4383519549580802,0.37917447714741453,0.32941103280088035,0.3531229869327425,0.2560973952028648,0.04637995215534746,-0.12138652568868502,0.8785972266074729,3.0649956357687955,-29.86945869039387
1.1393874890625495,1.068222048354147,1.0786681564946805,1.0965888871936393,0.9859177753989423,0.6126351061130717,0.5239928834983671,0.39301136010967763,0.38558498293361254,0.3759970482659628,0.4135837870617378,0.32326386924048667,0.09069222203529459,-0.06953534086043733,0.9514193244397415,3.0709357686555663,-29.11517062084669
1.100728483205714,1.00158438354389,1.0608666961054227,1.0818820792838317,0.9938289654411819,0.5764628463521072,0.5060131878634909,0.34681577277117887,0.35236971316060484,0.3486976823632722,0.4045372328707997,0.2957976455261107,0.08218669554670965,-0.06567027498920286,0.9553438409034258,3.0709357686555663,-29.11517062084669
1.0604058664397868,0.95373943267546,1.0333579817427363,1.005456702155364,0.9082693265799041,0.5053458024460598,0.43792689453170786,0.3279544739340221,0.355181221622745,0.36192978696652867,0.39104303771186233,0.31230470108281216,0.1109638228884608,-0.060637185600226184,0.9440256454168677,3.049947419211195,-24.11588099057266
1.0504965595634435,0.9513476864064251,1.0136989667350944,0.9929839234493866,0.9150088927890125,0.5122560089221102,0.4022094406165187,0.30139336362818026,0.32101800788424517,0.3319470957747055,0.36286858752591195,0.28880503346553954,0.10021240978402379,-0.0654202860283905,0.9346961805889061,3.049947419211195,-24.11588099057266
1.0415817415179682,0.950777515023192,0.958103829391064,0.9628665911232414,0.8598627172255139,0.5125535393710998,0.39577201317675437,0.33341122873648565,0.34608060231404986,0.36319660016269417,0.4052899191632407,0.3453898347578859,0.14646302357730867,0.003564655890112789,0.9366080998579697,3.0111863306777753,-11.511745576342083
1.0886155216032578,1.0206340574739707,0.9980665722988917,1.0028503497279744,0.8910023777461645,0.5399727861814398,0.41598594779178966,0.3780395253678649,0.3878239299741907,0.41937430664253283,0.46344490438704294,0.3777334159463236,0.19258365946159606,0.04946440838171362,0.9235042244708125,3.087757936441613,-12.541907935754114
1.1299437158405274,1.083287701596928,1.0335661362174586,1.033922072684601,0.8880431742332483,0.5498071653993633,0.4222352159192224,0.3945385859798709,0.40957660721223893,0.4466177116167938,0.48075620313858203,0.4099673978850433,0.20832645406320482,0.06306500778641627,0.9370465537327566,3.087757936441613,-12.541907935754114
1.1636671550949425,1.0949353986206192,1.0674647207685815,1.0382779857361157,0.8689083461668518,0.5509343218287477,0.4820508570999816,0.4323791164309223,0.4728679000507357,0.5214751581204056,0.5675521775609685,0.4617556449551995,0.2539811844591876,0.08614053060374338,-0.4942538686835148,1.9902157132250853,-18.931736664162976
1.1913862707618477,1.0607816431641353,1.0347053511392426,0.9578310621515526,0.825278096539689,0.582722104187672,0.5153066821927634,0.5150527686024587,0.5494147109221789,0.6004832722596536,0.6441715587659129,0.49210248793878464,0.29899293913017744,0.10128949223501194,-0.537822547886914,1.8002893308122951,-19.928996755771685
1.1935244046807094,1.0987366401361638,1.096962588754621,0.954502007991441,0.832586440790225,0.6268585271040432,0.5747609259917862,0.5412000436875162,0.5773639541608416,0.6214510530157911,0.6741508505191977,0.48798896041421946,0.2727232666770946,0.08525179992612175,-0.5480382135231405,1.8002893308122951,-19.928996755771685
1.1275113208122587,1.0663956760980091,1.0310719987026191,0.871255891894859,0.7960056628181102,0.6739378136086138,0.6342746455121081,0.613577319345813,0.6376720956915664,0.6812366014653166,0.7290973716232905,0.518531894533033,0.28133405741265766,0.015961246331242296,-0.5447677139703704,1.7049865912027324,-39.09024999903717
1.0663700272308896,0.9810416998663489,0.9646609931396548,0.8119087940798594,0.732592232342644,0.6672857485432857,0.6599666412940446,0.6070157603387553,0.6413245950350517,0.6999716789443732,0.748635683813318,0.5624811918160344,0.3281332276820536,0.05801798905072597,-0.5052679393617374,1.7049865912027324,-39.09024999903717
0.9709514413727225,0.8526559828230542,0.8398251445879603,0.7256250510163571,0.7403040937399605,0.6761814903576195,0.6814686140499848,0.6067931255377117,0.6478765387864514,0.7203362599288188,0.7838265531812699,0.5672882084363281,0.32552682513526243,0.014200727831345655,-0.5116246017683668,1.39206739148449,-39.963820694264626
0.913358751048998,0.7891011336171947,0.7555968705778577,0.7157701044331339,0.7471191176223221,0.7586502481006632,0.6835274960743536,0.6409986863974985,0.6558069383256968,0.7371645147277119,0.8090628320470121,0.6357180610610146,0.4088205375832724,0.0899654002739037,-0.7144440170455026,1.2726316293342221,-41.78834097861294
0.9106301111971966,0.783527340584401,0.7305788252960361,0.6926289164763808,0.7439286652084478,0.7610164114188427,0.6407465702621586,0.5926534683894317,0.6029815061381694,0.7024754281686234,0.7928742230220677,0.6365161588486147,0.4175940370396538,0.10544801997013087,-0.709953867883109,1.2726316293342221,-41.78834097861294
0.8855951893998717,0.7792045294215696,0.7112080705375914,0.7165732671651869,0.8078650453745025,0.8137092288756587,0.6582804071380198,0.6144204491821558,0.6125856281838435,0.7474727256586551,0.8648985715924188,0.7285956259494852,0.5167651863152292,0.2347203821583889,-0.6132841518215703,0.8554505452862085,-25.425264403415653
0.9957984715673662,0.9038415189414771,0.7860549062220092,0.8062933763551359,0.9029348793476416,0.8369009268757754,0.5912505638482781,0.5898623889551451,0.5617852151358729,0.7178450631897209,0.8669958583154534,0.7141843474542253,0.5234726407118597,0.23730352127011303,-0.6136078214493165,0.8554505452862085,-25.425264403415653
1.0956826397707604,1.0306868132999767,0.905441928401677,0.931724893264509,0.9934026250256982,0.9130623600271125,0.6305270534754261,0.638246669918949,0.633127302973346,0.7976134608175938,0.9548057481473793,0.8424974246969539,0.6320954584608651,0.3568587004670704,-0.4707558302161688,1.1309241230579286,-26.765624288304117
1.1405857109698205,1.077480311312657,0.9885296075639781,1.0382568257863185,1.0761902114733355,0.9230101662471589,0.6970481000599799,0.6521257149524914,0.67903238220194,0.8744380774090112,1.0482928934674334,0.9269346480506383,0.6913891569253614,0.4161826829564602,-0.538641955118633,1.060385599372749,-29.137840629362458
1.2031379577647279,1.1074975674396201,1.0545312437811019,1.1068883839152883,1.1083836624906853,0.8886935462068806,0.6822334690431064,0.6210371662519941,0.6742619303903572,0.8872456817980856,1.0716621462588742,0.9579606278066972,0.7318634137956124,0.46812840352197554,-0.4888793021797688,1.060385599372749,-29.137840629362458
1.225820024770407,1.1312728163215087,1.1588250625790806,1.1842578577273235,1.1782767580232878,0.9165364610584013,0.7187638230498012,0.6159022157376821,0.697480325599751,0.9180554708552002,1.0946184971534412,0.9687441781985081,0.7388187094809323,0.4083018977867083,-0.519204535404715,1.0017001422899359,-31.023503086871365
1.2297325200324227,1.122406291123692,1.1838388485411815,1.231011713077659,1.2195012996142658,0.9633172649146613,0.7471032000943307,0.6207463325262794,0.6982275738251376,0.9162457632593006,1.0830860023581028,0.9826318900003427,0.7432842553986878,0.3511974490522741,-0.5201293332439068,0.9412148499568658,-32.38757749315459
1.212682490171897,1.0879940003133644,1.169311149379696,1.207843496900676,1.2100712602521173,0.9604951107089268,0.7433447456784663,0.6029303979362167,0.6902915004710402,0.907736606502878,1.0666176041004063,0.972402799553732,0.7462675159431542,0.36882064007519577,-0.5023839806258175,0.9412148499568658,-32.38757749315459
1.1788445183815641,1.0549986935883484,1.1670658367552174,1.1991724623129663,1.2264128598190411,0.9883905566113544,0.7697491238505489,0.596042824456797,0.7012945200866394,0.92364942183991,1.071759167203171,0.9710712154232843,0.7109332821382138,0.30904448549532076,-0.4996173770694814,1.4788357844024986,-33.467967089298504
1.117786025537599,1.0240411872004778,1.114456455084721,1.1577588085595203,1.184335124191562,0.976520294424568,0.7720240851754512,0.5720907344259565,0.7118150293984248,0.9200138650943552,1.054810177207102,0.9698821466420695,0.6899987345635559,0.23948615978575638,-0.5096038808436418,1.436525160933933,-34.024856164774604
1.075768643061682,0.9537895445745859,1.0349397746052387,1.1091405240491197,1.161926266055271,0.9609812821904858,0.7552268678338718,0.5667133983290755,0.7006794275854129,0.910217678929763,1.0375529540634427,0.9558218326255996,0.7012571563874372,0.24627877349265856,-0.49754015815019625,1.436525160933933,-34.024856164774604
1.0455533347831891,0.9225443495860224,1.0226508710260118,1.0890387734407154,1.1674845491888817,0.9880858561408612,0.77120730545904,0.5954683135299574,0.7087485187544915,0.9229012787157364,1.0216827613511423,0.9338618980969571,0.6607837042763046,0.16721163175242182,-0.5084988663895955,1.183336789666261,-35.25069017183147
1.0212089991497386,0.8852135021032388,0.9690731001844792,1.038248044245527,1.1495681493078829,1.0022219828317351,0.7856685600136262,0.6203777347735359,0.7229752905150466,0.9246835382812453,1.0233584025415667,0.9198580699218657,0.635514166431878,0.16158359799282274,-0.5032169856690022,1.1688999619442355,-35.667276172911286
0.9901022302571613,0.8672836473214184,0.9371888764375783,0.9961504902318348,1.127689827642285,1.0138140332488568,0.8013598345874726,0.6316235455623391,0.7286039032306009,0.9288876114344042,1.0307971622618,0.911995596719859,0.6256496745728224,0.14762795128926554,-0.5134776566082142,1.1688999619442355,-35.667276172911286
0.9835016524219614,0.8932621137585006,0.9350979697891528,1.0091045787183068,1.138882356900873,1.0493070832656557,0.8290327584159283,0.665332251063338,0.7423724385557009,0.9423147136666876,1.0567509048445412,0.9151756204162006,0.6071550043791634,-0.05684639782102194,-0.5151259092589653,1.039139085506143,-37.271452388971525
0.9766683947081297,0.8949713043736489,0.9259450160285245,1.0026785092245558,1.1346265984522845,1.0605986437487966,0.8367942317990574,0.677133354539515,0.7445937137992136,0.9503868671838882,1.0707612156248216,0.9205121761953861,0.6159317737250828,-0.05849064954781311,-0.512511486281873,1.039139085506143,-37.271452388971525
0.9883636465482103,0.9140286112861803,0.9692642594452043,1.0192983747039421,1.1446489634877184,1.0725943125070287,0.8563986501498415,0.6906283138064948,0.7656807071481306,0.9767356490832557,1.0966965569650853,0.9217010472939222,0.6156777839842426,-0.1190161728240058,-0.49770567483687606,1.1606672107201526,-38.05034192271567
1.0097823939937185,0.9651560906523786,0.987722499216665,1.068802046782202,1.1781530073650768,1.0960915961310949,0.8652057140017829,0.7010589030548444,0.7619043595513697,0.9818000149848127,1.105147637858114,0.930482877048564,0.6208997303496361,-0.14801736663581638,-0.4894188055320323,1.1976515492215056,-38.66587175452086
1.0171429723315624,0.9738112355736559,1.0034139184401514,1.0927538945430777,1.1873240243536323,1.0879045299153414,0.8529133428628968,0.686284716947364,0.7488430027367147,0.9781220466978844,1.1053436072536271,0.937530229820765,0.6303857976297838,-0.14119105511086097,-0.48373413430653756,1.1976515492215056,-38.66587175452086
1.0382178512447207,0.9887554081866428,1.0587786384170965,1.124675833795084,1.2013037420926582,1.0851078241346235,0.8413361366129951,0.6747502061730483,0.7327974589073065,0.9742235442220469,1.09952493995418,0.9353533727936916,0.4776644093439092,-0.1647914304919198,-0.44708681006535794,0.8439964071418706,-39.34502393426832
1.0631417214299652,0.9963703674653056,1.0707318112183732,1.1323476601886786,1.2156483877921254,1.0891569739523543,0.8261180212129416,0.6695221941069567,0.7184914577030065,0.9660532536744688,1.096762650176505,0.9312955709492553,0.49095152439402406,-0.1533861655817613,-0.43285478150059997,0.8439964071418706,-39.34502393426832
1.1099312907951933,1.0502324537066912,1.0985695821222536,1.156493249652917,1.2446712528412933,1.1264378368072685,0.8534506477367065,0.6584093079286184,0.7313476798568013,0.9690317645060953,1.1035216869829736,0.9108590906790985,0.3946811653460091,-0.15622112366837482,-0.4331362552748863,0.8329562441599552,-40.359660073645095
1.112065881810237,1.072581130954939,1.1235057179545906,1.1653066904894689,1.2460192790614304,1.1236114257677674,0.8464330620652771,0.6616811129596742,0.7363660612892493,0.9836241861208102,1.1064916906639013,0.898211122250889,0.3127031627541454,-0.1662935807695507,-0.3971018931290361,0.8046155116850868,-41.13172631305657
1.117007356928911,1.0731673201796874,1.1272731513456784,1.1682036726086191,1.2484267111699392,1.117219391128863,0.8369104444026451,0.6461784116582588,0.7245412355838969,0.979441951373615,1.1090190344437665,0.9018236648276365,0.3206641948917628,-0.15614633978843198,-0.3891265498005143,0.8046155116850868,-41.13172631305657
1.1223396167051098,1.0995031887180213,1.1621674669376647,1.201180982684555,1.2774607963327052,1.1295177878430418,0.8251702479597788,0.6449610711174469,0.7114262510154539,0.9740610262169862,1.1085987297179178,0.869548255068528,0.3244173481833965,-0.15019938945744948,-0.3689054934174536,1.0583074519977003,-41.456653682630545
1.1152652508208973,1.1042380600962174,1.1669398956745676,1.2074887256717959,1.275008515178623,1.127681640124215,0.8402363094572836,0.6339964002903506,0.707828985903797,0.9742183506538735,1.1043511104014667,0.8457478600004991,0.3241561223038508,-0.1411470942050314,-0.3554539922357066,1.0525541060815624,-41.951928013837545
1.1162482541222607,1.0885615659310934,1.1542343526553052,1.2087973271738695,1.276061727942637,1.1116643996160394,0.819176805276593,0.6141324837553441,0.6914345449698016,0.9649466110203905,1.0966377783993533,0.8461789928885881,0.33606177618319916,-0.12787219385437215,-0.3430982429745018,1.0525541060815624,-41.951928013837545
1.1170096660436402,1.1149895759459398,1.1773974794384854,1.238291921898306,1.275652349346116,1.1052740065548776,0.8084767421730717,0.5943749303659381,0.6856634416014644,0.9588771009801108,1.085543763433228,0.7917416088800953,0.019268999105039222,-0.10643224876957065,-0.32822435146878304,0.9837794706077072,-43.06831646686128
1.1114811014447556,1.0971603010382003,1.161206646807896,1.2210840737738438,1.267152335916443,1.0987378496598852,0.7979730613292706,0.5828484142871889,0.675674826804351,0.9515602396910015,1.079091779431371,0.7881045509150288,0.022807371356480644,-0.0998137436239408,-0.320387029445624,0.9837794706077072,-43.06831646686128
1.21038608109342,1.0837622060992578,1.1522914378940212,1.214978119555631,1.294480737356628,1.0988045499196257,0.8074113092924824,0.5881287122713459,0.6766371244961586,0.9495099595745451,1.07194366667503,0.7819348995440524,-0.024644985415750664,-0.0859141690354566,-0.3128329639698776,0.8639464142639661,-43.59372321326059
1.2091149064455582,1.0723681588974339,1.1588317603653844,1.2011413831892974,1.3050280077276406,1.1285304856467462,0.8154838180754462,0.5885356450849086,0.6697812906040351,0.9495755912934779,1.049022111531086,0.7786189568479854,-0.059648877282147045,-0.05458609354654534,-0.2836818281300023,0.897301135263576,-43.730913608809324
1.199401658026297,1.069911044142005,1.1530729723213309,1.1898958316240698,1.2978525146474436,1.1295811194987757,0.8161483240677807,0.5831357194745015,0.6661721510642743,0.9486893102884238,1.0517255906758731,0.7775195414277111,-0.06301064124172573,-0.05645900268018117,-0.2856640316125634,0.897301135263576,-43.730913608809324
1.2269113564365413,1.067585937706504,1.149726581627838,1.1867989499470275,1.2970426617221567,1.1332170193463464,0.8136743621459543,0.5956561422339659,0.674829579188205,0.9490840839114714,1.0366805042186547,0.5439775390135381,-0.05909969181373308,-0.04479569572934208,-0.2831184969580829,0.8813047585660714,-44.188177649871584
1.226053517937788,1.07058806504153,1.1503897488610195,1.1878499763467618,1.2966478373909793,1.133590556389279,0.8114905089380395,0.5917490036110731,0.6707306505732926,0.9495212064190879,1.0399820806366098,0.5457857015500023,-0.05611296081537112,-0.04273600966492204,-0.2808091333973744,0.8813047585660714,-44.188177649871584
1.2271828302703358,1.0756842940720028,1.1856932509958507,1.2211293685621287,1.2989354115516747,1.13822563348634,0.812498852490757,0.5886545931828602,0.6649309601711245,0.9491260380804568,1.0045653271403603,0.5473318461996429,-0.059642465510642576,-0.0047207389257445526,-0.2790691084864336,0.9349809734977992,-44.17298440468469
1.2655974814246203,1.1696289681940297,1.1941972007194803,1.2292855594117582,1.3264354712192015,1.159309185340557,0.812272405653047,0.5853489023295606,0.6625558610194959,0.9541916838100177,0.9706990170974795,0.550006639453472,-0.058734281405578875,0.021274601682964495,0.9856261269939814,2.0519389805981385,-39.7125677381274
1.2314466457213016,1.1846993509674186,1.2184629813779417,1.2672218394180628,1.3152270891110482,1.124083514994222,0.8007560262718996,0.5389844910769699,0.6521466402537505,0.9469467767227522,0.9511261141292395,0.5605929925568276,-0.09154390042831642,0.0029196847243674745,0.9542281088408955,2.0519389805981385,-39.7125677381274
1.251830566415021,1.1494888506437224,1.1893742227748,1.3114827998310887,1.3229472038035133,1.0903434304872377,0.7587235279375404,0.5283735838547114,0.6404659499915619,0.931618844267648,0.9258422163552138,0.12327019267146949,-0.05808550887334758,0.028701965718923667,1.0264789735833482,1.8502404540491257,-39.96388670396865
1.2637129316863578,1.1379392810547393,1.205871081765935,1.2964798592550897,1.3257954904062728,1.0736793442636863,0.7535335197804696,0.5175526737770801,0.6377433188802054,0.918810413603794,0.9012520408311857,0.09011883203962084,-0.07530968378997477,0.02960250583550661,1.023794087249054,1.8502404540491257,-39.96388670396865
1.241085218384736,1.1342159788255182,1.1849435051829382,1.2611400249965956,1.3121269878959712,1.072578588383716,0.7776860895687258,0.5246526199758117,0.6415438542369526,0.8890804040729434,0.8873189503367395,0.026176364687586162,-0.061614156533810055,0.049328411954152246,1.0524856257615718,1.9273716127828058,-39.673604500924924
1.2040342054260866,1.1028565392121539,1.1708529065361994,1.2173883422709761,1.2983691331650313,1.0737910841775948,0.794007456247003,0.53824929629475,0.653358312814859,0.8620707311254163,0.8819565943110561,-0.012005429205591805,-0.052056692733116694,0.03548444947242349,1.0888525852952446,1.9942159196550202,-39.39788053916856
1.1673227609479873,1.0726545030011891,1.134120083401736,1.1801872431940947,1.274872883552616,1.078448204660111,0.8097219163680491,0.557365358709144,0.6670150754897652,0.8677851409506285,0.8795511525736796,-0.025206649946956705,-0.0656648488448428,0.015986086091177673,1.0744551226499708,1.9942159196550202,-39.39788053916856
1.182509052844372,1.0511372725677437,1.1046514717525704,1.1501087859996755,1.2552695823980105,1.0892878027017434,0.8273169807061558,0.5771465368576474,0.6477689963804327,0.875431973110522,0.8808197371704207,-0.043676360988354396,-0.050363700503841785,0.015983175117441732,1.101416269168984,2.113693354107398,-38.75771935635098
1.157296334872596,1.0422609933230889,1.105602806773269,1.1540889285231948,1.2468117350009615,1.0964511055518258,0.8420128871630427,0.5725408738608528,0.6172138390853142,0.8836614105979368,0.17814850016457162,-0.048681277465060346,-0.04035626309207019,-0.0016408700760815464,1.1158958884298538,1.9995153554697653,-37.685848070131954
1.1503150490520488,1.0437158740879275,1.0955114081692012,1.1495775276787408,1.2478798652881922,1.1114209638282495,0.8554163900705843,0.6016544629505618,0.6302117344117127,0.8925297705447717,0.18341708865341488,-0.05673591782113491,-0.04513510387241984,-0.020137986377745797,1.1043953266391435,1.9995153554697653,-37.685848070131954
1.150876292158654,1.0772325025372669,1.1057075898854878,1.1534527092906293,1.2419024006769361,1.1249270111472702,0.8598209903365353,0.593098993459042,0.6458309739298762,0.9038074486543426,0.12879851389132546,-0.048304810378696494,-0.03433454820205614,-0.035868201755083096,1.1247266827620943,2.059305883081824,-37.03888215707235
1.1483458235327264,1.0886018204284165,1.1145256172172884,1.1642547409985438,1.2444753161725444,1.1321220903792932,0.8747686641697328,0.6125188240193341,0.6584434984768577,0.9147826014824014,0.13823461099417889,-0.04621383588714245,-0.03996635486845532,-0.051804417420238946,1.1125987204615506,2.059305883081824,-37.03888215707235
1.1529436056671098,1.1055877722559029,1.126667028841053,1.1813014947405263,1.2515966775989467,1.1340344435655059,0.8564148755645279,0.5859069960902881,0.6678639528433171,0.9234628997064451,0.11995015426933386,-0.012212381456688404,-0.024780402666623735,-0.06056646609918724,1.133018831200601,2.123559592357431,-36.17943385381476
1.1608445755958532,1.1263734955220261,1.1505828908416373,1.201799134776817,1.2558716596881663,1.0997820576390551,0.8373798166678474,0.5432302141517601,0.4482302766077888,0.9284022758861279,0.11178085724522124,0.02360681104857526,-0.019071128795294046,-0.07225590650825867,1.1489628393914786,2.2529966076901706,-33.145727280479406
1.1744752243230507,1.1541131798294528,1.1780951179464403,1.2335038913496963,1.272181319274843,1.1036790735824311,0.8386659079138501,0.5503133563887037,0.4521209911927344,0.9305397034262399,0.10835450099446464,0.021943568064316743,-0.02862615701753435,-0.08595986197782918,1.1351360843093181,2.2529966076901706,-33.145727280479406
1.1929480874819252,1.1712567479720464,1.194408555766007,1.2530012149220342,1.2576283953106824,1.0793440090187052,0.7895976895774084,0.4726642806950816,0.4594842542347941,0.18121485327208314,0.10391922077321014,0.053042761732380206,0.0005030840519516244,1.089010580927806,1.1633282949427686,3.172540130134628,-23.414132404370605
1.195057611203014,1.2224215649185255,1.2535369501749818,1.3145283238935217,1.2772325842389312,1.0591024764947465,0.7884970633225972,0.45344193076410555,0.4642156000404398,0.1793784939575211,0.08769257380961698,0.04856426195360092,-0.04326443597202051,1.0563371941182134,1.1203807585517223,3.172540130134628,-23.414132404370605
1.223520281637255,1.219466172470086,1.239699535271035,1.3419171382513098,1.280807519341749,1.0012695826806137,0.708134109998986,0.36239968450227433,0.47653816079900213,0.1328637638775489,0.07257125000141562,0.07750841345324921,-0.017139598063140804,1.1397282520413214,1.159114728691009,2.9915271116787947,-21.07745442586924
1.2540119553845919,1.2278783207039825,1.277211879262497,1.3208024246790764,1.260655373242905,0.9388848559050802,0.6347741234560416,0.3813679479699519,-0.008838840762128486,0.10907126089519392,0.09252112855718908,0.07040939839202742,-0.03167173157645703,1.1828910434067943,1.152293307910967,3.186266544995303,-15.233430568106073
1.2593596363458257,1.2502604227349206,1.3034875642268473,1.3280946235545292,1.2646309280326011,0.9523030344226472,0.6641133307110686,0.41745934293887466,0.02640983409921871,0.12296577520177226,0.0845196702302039,0.053457276120690955,-0.0672100950949745,1.1490703120012957,1.1262830834056947,3.186266544995303,-15.233430568106073
1.2474214247675746,1.2335353741521384,1.2632499766494418,1.311927531770964,1.219928708751879,0.964333802561244,0.701781979765363,0.12161683759273911,0.029059291576810087,0.1438003483346122,0.11309961286694337,0.06890299005947581,-0.049296067340819594,1.1752490666535516,1.1520543695354322,3.3627969823084465,-28.81511827770882
1.170062407709965,1.1276519096520603,1.192890252358029,1.2230088702132238,1.142021204064668,0.9407380889128241,0.7632754022892647,0.15300383722552768,0.07880391330262504,0.17689226311797418,0.12648947297290536,0.08036937257090204,-0.04712240425953984,1.1775952255397748,1.157774130345297,3.3627969823084465,-28.81511827770882
1.0891422322428435,1.005316903038548,1.1185616217089747,1.1216135208658802,1.087696030198567,0.7859455824586546,0.5472098116151118,0.1078440509492723,0.08117512393838067,0.1729422974327096,0.1241641409380308,0.0551237162317032,-0.07451980678247894,1.1622224452278045,1.1575793824168572,3.4905470723249,-22.59926990508146
1.0328868999590457,1.0005850946499653,1.0789882822748678,1.0985136221600094,1.0481889446328778,0.8375193249146244,0.40512979612875477,0.142175283488995,0.09383950399785823,0.16401861877202117,0.1210913492726623,0.02588469473737509,-0.12445492414583592,1.1039973935410161,1.1035639009325329,3.5217086716916004,-21.470855522161056
1.0019919692959667,0.9905387435112835,1.03188509540115,1.0666512092731826,1.0290652452343352,0.8679408069492587,0.4174041833100841,0.18154647927706047,0.10848123374461371,0.16613517948481982,0.10526343198798538,0.014382305619250635,-0.13984858382396248,1.0723601218267516,1.0753380087801887,3.5217086716916004,-21.470855522161056
0.9857173862419931,0.9777882881704124,0.9998571833732836,1.0181079447323176,1.0153331759223265,0.7595300866167307,0.42794899679144693,0.2204413465060695,0.1320503412429651,0.20835529280932602,0.14177108983700637,0.030381359512699935,-0.10213425838084023,1.0441774811026372,1.057045773532376,3.877050676993253,-17.170833094940278
0.9742231171605911,0.998184547872731,0.9850079008173791,1.0296800067715215,1.0132929743295642,0.7583953205412348,0.43031021265871044,0.2426152378734142,0.16785695848567528,0.22048133730795594,0.169699712883788,0.06330323906055318,-0.11232965570530307,1.009306624423931,1.0244575341993751,3.8899638984031855,-17.15591744420865
0.9873879581346261,1.0109031840023401,0.9853229430192137,1.0486717814669078,1.0175738535599708,0.7583175654310051,0.4373829314320878,0.27143256201185895,0.18548736452520176,0.23384107647768176,0.17545455569138668,0.07130528317787299,-0.10647533096054301,0.9992242046965577,1.017345312146126,3.8899638984031855,-17.15591744420865
1.001064717901462,1.0254688049192149,1.0145778323377954,1.0632739547023435,1.0240307326515945,0.7530886040900917,0.4654388792573569,0.30841012403785206,0.23173489669877517,0.28407950580304087,0.2094584264927163,0.09055110999086846,-0.09136378951355112,0.9886926441913662,1.007379498434752,3.9696229156445533,-6.603229780383462
1.0452975697976457,1.098541799484083,1.0815508958595383,1.1281316631258274,1.0732220297774444,0.7727746165458372,0.4720282238024671,0.33575417068959756,0.24647935629495543,0.2876102939395848,0.20841063204513127,0.07432150763507495,-0.11914684892693378,0.9542852965750783,0.9758806835312037,3.9696229156445533,-6.603229780383462
1.0818831715522006,1.152474284453777,1.123507103872536,1.166304937734171,1.0781378653663043,0.7475642108334186,0.49337544199804984,0.35275974940164234,0.27877958741299325,0.3198308497364676,0.23815754199282718,0.09527205240735975,-0.10981056870286454,0.949922976431894,0.9766062313306961,4.207515888059296,-24.254706143532275
1.0303700661169661,1.031947114403983,1.083211886768079,1.0749185541708326,0.9642261311128246,0.5758046492988702,0.4917737955941678,0.3439619514935359,0.3195348003224463,0.3705288897844013,0.2858834594038938,0.16551522826754106,-0.07359306428202672,0.9934609168139992,1.0322450386976039,4.21011921372476,-23.29451659680355
0.980954053011938,0.9452625987920282,1.0487505166252953,1.0451925060850065,0.9662890873415303,0.5426189363306013,0.4979583261017101,0.3331018133215702,0.31129225080932005,0.35211687797976143,0.27831542622585365,0.1288019226454552,-0.09389759653318186,0.9740456784088714,1.016667339597951,4.21011921372476,-23.29451659680355
0.9108622391282286,0.9191925198456634,0.9717830621603485,0.9888466328991692,0.8770100474142153,0.48555705533746035,0.4557684811775744,0.33515534541360636,0.31513092873254706,0.35790525359610925,0.25692637596169315,0.12435936472469011,-0.10148072912873551,0.942678143742425,0.9897261494025247,3.7960097330673364,-22.859770167575835
0.8935907837866676,0.8847084742094238,0.9192787190192938,0.938111695264706,0.8703583188039592,0.5071204097265938,0.44401914801838904,0.3482921106362489,0.30158610985154977,0.3358973231589062,0.23635790370500287,0.09594281587656489,-0.10703543830021861,0.9302137818969974,0.9782735142261448,3.7960097330673364,-22.859770167575835
0.86897485313545,0.8556933030762772,0.8883509266253374,0.8677050591400977,0.7941477032255173,0.5168963590239916,0.4502761908790031,0.38989171484977303,0.3375743100009567,0.36873578544196134,0.28362447861086093,0.13427406584133217,-0.07743024321844177,0.9097426483270153,0.9493821988302734,3.9041707401988974,-23.498709294729657
0.8483056971176581,0.8389324696235372,0.82783487569137,0.8416843229348636,0.7771787597835733,0.5118023555767871,0.4933333756675986,0.43686911383286703,0.38077865247917914,0.423806183353863,0.35024191140448957,0.2013059933782717,-0.019834852895462995,-0.3051600394254417,0.937839586586757,3.0379182589481095,-30.09547022410438
0.8736236701110456,0.8178419568001729,0.7924925830009094,0.8081441344257638,0.7787415952688178,0.5210530219614761,0.48833848620074716,0.45760972758141083,0.3753245011652041,0.42592068487132406,0.37746188802443464,0.2060765351177899,0.02004039130221813,-0.28147793481799677,0.9658545636752716,3.0379182589481095,-30.09547022410438
0.8759034251462631,0.8517073263678101,0.8334197570464033,0.8084154551084252,0.7320674762207883,0.5697451808273404,0.5386373547748171,0.4964645736457598,0.41947091672104686,0.470206117834716,0.44997333804513406,0.26423935937537135,0.0586952942385387,-0.22940633127519822,0.9073959682902816,2.9432687652725047,-16.392868424377586
0.9452924271073474,0.9661223645899354,0.8973412556886144,0.8741789103983659,0.7985297693549953,0.6476902238504736,0.5552045388679177,0.5369906524396533,0.4536372805269309,0.5105713382490729,0.5241394851324142,0.3272724100339121,0.12076077248565148,-0.17415431157960615,0.8324136434783304,2.983215065715501,-17.476132819090942
1.028915254428941,1.0851659741463462,0.9852684049810628,0.963937876462666,0.8295398251108292,0.66787828398917,0.5450864171768386,0.5359654515034087,0.45757944691057334,0.5298530982249532,0.5462912629513964,0.3778503811314543,0.15045148705565392,-0.14481047904820876,0.8484429662004662,2.983215065715501,-17.476132819090942
1.0873320250663518,1.120546720844213,1.0495797972448544,1.0302440205331764,0.8693140446813359,0.6618117040786358,0.5748880939802854,0.5438323957412388,0.4973778505459034,0.6031145546205416,0.6327353039079897,0.44713700227247544,0.20192519592307873,-0.10209009466256436,0.8600534516017896,2.8541294460017275,-15.407960590649573
1.1697864655869288,1.196547739738837,1.1478665019887764,1.1220188924080872,0.9240080663939696,0.6551361064019955,0.5649820215192759,0.5314305159230591,0.4967560908197777,0.610531916406297,0.6479183048610221,0.4665366560986594,0.21972675971375932,-0.0748079543683674,0.8829928799432201,2.8541294460017275,-15.407960590649573
1.1979700500908197,1.212135466274321,1.1815623404756264,1.1045880568665134,0.891624616582901,0.6523635879755825,0.5831086139207602,0.5412838690962554,0.5367375441337178,0.6550062433354737,0.6741969726050838,0.49736907221946747,0.2318060713817311,-0.08142116251914489,0.9091391536164543,2.6598316305568153,-34.10328287441471
1.1710674475845781,1.065055814408419,1.071349137069005,0.9528429179509688,0.8029266786179301,0.616861174036157,0.6052013871528328,0.5559365918665419,0.5730972485826751,0.6959940127113047,0.7114973405830299,0.5455946038757871,0.2827592376886815,-0.0629817516410725,0.9688627956098134,2.5105341648300543,-34.83705617066102
1.1246463239004856,0.9753164702336572,1.0355220016625282,0.9024871818798904,0.8017108085855775,0.5900647046762597,0.5959646504763397,0.5112545313813541,0.5409305665161213,0.6620041559184995,0.6973636202715824,0.5092088806627575,0.26924313250270837,-0.055893617413536434,0.9731060804847593,2.5105341648300543,-34.83705617066102
1.0040729003432411,0.8857119272755171,0.9023423744027496,0.8167703461744054,0.7771814580550871,0.6457756816609859,0.6095374082978888,0.5179825259389669,0.5422320973003734,0.6557595632064732,0.6810403004667592,0.5348526856196827,0.280549667867455,-0.06491087941593493,0.9600226492759067,2.3988256981713585,-35.67230952694311
0.9404979852689039,0.7959147118037143,0.7955280743960103,0.7550937600170898,0.7591184838576472,0.6858372385305469,0.6065692074019334,0.5313335526301831,0.5535545011966617,0.6743379660353404,0.703564516142228,0.5673703888872814,0.33462513100886493,0.01339384375453967,-0.8745556314113629,0.9466889810630588,-43.30934688711924
0.9591774541651593,0.7414976170491616,0.7065765603196155,0.6592503637715337,0.7500289432287324,0.7175690903772494,0.5851119934112097,0.5497216765703767,0.528319657662278,0.6594975735391571,0.7206924941101797,0.553844121284287,0.385941622173925,0.05190242962457681,-0.8271369968465063,0.9466889810630588,-43.30934688711924
0.9384642798385618,0.7561360772838914,0.7106478806966948,0.6163869285617046,0.7766532223063314,0.7844775961042287,0.6501176025331901,0.5675077094537251,0.5534477726125536,0.6885287839081993,0.7917804508885816,0.6033580112118926,0.4105949210635726,0.09739996352903296,-0.7807651610566655,1.1097298584468849,-33.01405857035569
0.9374350360704846,0.8250910342068514,0.7225387005287722,0.7051699717855855,0.8511057141611673,0.8502323745132347,0.650389846382158,0.5928550340300488,0.5587191399887139,0.7255291411919038,0.8649544265524898,0.6824399437324871,0.47022263646215434,0.15091571833426304,-0.7098546357164793,1.2414488452476817,-33.57064662764288
1.0111158321821034,0.9319794929361029,0.7887743851610725,0.7957235153922086,0.8845686340753198,0.8544943522700421,0.6207345137039937,0.5663569370384323,0.5420630935966284,0.7390285944681378,0.8953950530841384,0.7403939051796073,0.5153829027051113,0.1950461121061637,-0.6815435127045,1.2414488452476817,-33.57064662764288
1.096886960245346,1.0035611890355733,0.8899774812042383,0.9041920342148716,0.9659950744863364,0.859365936699244,0.630439601262374,0.5628978830870635,0.5555622662288445,0.7744678841862278,0.9556659492996036,0.8067264566304235,0.5799568059130342,0.26283805710421926,-0.6594972287903401,1.3378172021623174,-27.761040757932705
1.1943970853353831,1.1098702211088503,1.0163784268470981,1.029414049527263,1.0378081808978652,0.8438915507095148,0.5974322504529972,0.5202972911655598,0.5351211865837919,0.7715865440202514,0.9643387778521822,0.8293409138977303,0.595983509915764,0.2964007711085651,-0.6347532369345186,1.3378172021623174,-27.761040757932705
1.239447289033773,1.1591970106674312,1.1059869720039373,1.1374059524997686,1.1051510928969612,0.865747421832455,0.6003740135483534,0.5121525081177496,0.55053673894282,0.798618716947454,0.9863123452707149,0.867339244702908,0.6432662995708962,0.3407873330730984,-0.5926160985344533,1.3303973415995216,-28.59932782402867
1.281570645270852,1.161006393882448,1.169363982465472,1.1874151988568489,1.1307637747824315,0.8589610571643829,0.6232555801088332,0.48443646132710483,0.5706821223153911,0.8034265148939467,0.9904262316631403,0.8818010808874096,0.6602022374924722,0.3421263397680659,-0.5547136258062684,1.2824360285101637,-29.379325636387385
1.2949368697264156,1.1486235253478139,1.189858330676954,1.1955619423029717,1.1354270747524327,0.8450944167473358,0.6174173485857195,0.46415208923389506,0.5689663382896404,0.8010157248776288,0.9787462422681361,0.8807768889665283,0.6692475666706599,0.37054828984802146,-0.5262977669026794,1.2824360285101637,-29.379325636387385
1.2505399103310626,1.1170038816480088,1.1810838662261087,1.1771802084499534,1.1264200163081746,0.853998022078688,0.6237267103108846,0.49187029477321487,0.575241277519807,0.8308444544539983,0.9846964874374118,0.8791990609833503,0.6663092825414645,0.3318851907347267,-0.5106423606373649,1.2711619669370178,-30.23366861495598
1.2175208685242582,1.071631121435059,1.139939069503571,1.1323467866655659,1.1030232247356744,0.8572818111179896,0.6305566144326782,0.4929515408116527,0.5807276212757655,0.8295765874369874,0.9697567756664643,0.8680045917173594,0.6643319961629361,0.3393232519419136,-0.49968295554076464,1.2711619669370178,-30.23366861495598
1.1745284130282143,1.0254090453127227,1.0893663319518496,1.1003867120627844,1.1219563967975,0.8902438130741781,0.6703488392739219,0.5048046571237872,0.610866548079454,0.8363359344413339,0.962860816139604,0.8556688577121038,0.6336381130968094,0.2840998835559471,-0.4971337239803787,1.3337602996840499,-31.1285874544284
1.1250054172121502,0.9792068778637922,1.0350286860408224,1.0485300375199522,1.0976189706756099,0.9038971637173414,0.7027167584547628,0.5391921586143669,0.6276864463615164,0.8618697466210932,0.9600029598217649,0.851209131271617,0.6249658930197,0.22630015419097893,-1.519510641686402,0.46204955590718333,-35.667052918074326
1.1106606127329757,0.9259511455396726,0.9619425507021402,0.974555209982505,1.0825043591990686,0.9364769197503306,0.7217839792595678,0.5867639400023348,0.641162456786162,0.8719080186071579,0.9742911629302671,0.8360996261794036,0.6508630152185397,0.2357253759196165,-1.4933912055021064,0.46204955590718333,-35.667052918074326
1.0720325356984008,0.9320726738422241,0.9569517296514067,0.9603177974868625,1.086566105650287,1.0042391402114244,0.7762309331514583,0.6331394695393198,0.6825127807000744,0.8911986331377193,1.015165815733051,0.829807526631998,0.596834473283354,0.1374515281645217,-1.9648933826309147,0.1312306071883067,-38.471703852578926
1.049328219288321,0.9180604895807529,0.935916822704242,0.9369960999850812,1.0987491847866602,1.0664770321229282,0.8060966898317157,0.6746346435789459,0.7064581050052392,0.928507488506711,1.0533261832143088,0.8521704358592567,0.5931641793791427,0.01276354676859702,-1.9500985563986637,0.04176637632374236,-39.62101725635412
1.0484781764187363,0.9469204859060153,0.9489626062524403,0.9441120581694791,1.1063638328305871,1.092095928609024,0.8235758109756154,0.6828472667382228,0.7063401629096469,0.9388188841900764,1.0802325089018958,0.8653181821106344,0.5994362808067136,0.01141304442461168,-1.952681535469768,0.04176637632374236,-39.62101725635412
1.0635022273469725,0.9977728768386818,0.9750872991732407,1.0165173523405802,1.1459771784998765,1.1126607287762718,0.853013410844697,0.7076449296612428,0.7028754682203944,0.9533212983846149,1.108997128726025,0.8925952110160554,0.5908874633577552,0.01620345403588338,-4.598452952250993,-2.2451363286000046,-50.33556151688343
1.1692228190530787,1.0116752327865184,0.970322126004592,1.0026827373591993,1.1978624895667007,1.179412432391679,0.8475971650397596,0.7687086678845488,0.6924730272530509,0.9636413423981567,1.1583946319430607,0.899148444941413,0.6890643200875117,0.08035763835012141,-4.511828251478858,-2.2451363286000046,-50.33556151688343
1.2021899469114334,1.1421167352435577,1.1334489094487443,1.0548286721644424,1.2539459144710072,1.2723493630681264,0.8997023876380754,0.7684474834091739,0.7222518114889506,0.9931903747701956,1.2245289830990045,0.9195397773467385,0.6470074920602265,0.06485477150585561,-4.683288940368604,-2.370951010440346,-51.78588880074041
1.2443885809053956,1.210930214249144,1.1735198686462138,1.151626774231035,1.2871056235612564,1.318686428617915,0.9077762620155077,0.7634024861602711,0.6975271445288862,1.014596434941748,1.2842473512009418,0.9942545682341275,0.71900110125021,0.10206160208020693,-4.5676725146965245,-2.2804202308115835,-52.114704921371455
1.3192961052551189,1.3118279437073916,1.2706204827856422,1.2607822878939798,1.3462998908636292,1.3161442668460501,0.8688029365885506,0.6992331797856669,0.6498779522698812,1.0068871053509105,1.3102282159890517,1.043403139545064,0.7627771131093994,0.15473291925688687,-4.537552778551117,-2.2804202308115835,-52.114704921371455
1.4401537320193396,1.4302970204480125,1.3693900875104876,1.3825406631451926,1.4473627711422108,1.3233659856314297,0.8063588287486319,0.6616951584293888,0.6128428984350217,1.0086015159288593,1.320177569706838,1.0851358359036611,0.6132991583449927,-1.0845023238583738,-4.486307103439982,-3.327050222324239,-59.350314317960624
1.5575747936816853,1.468736874456183,1.4275461313912396,1.438249960747735,1.505251536630524,1.312847367013362,0.74300817733768,0.6058651186846428,0.5559191102469716,0.9866509099980232,1.3304747730298627,1.1155505893413744,0.6965168285666605,-0.9890214232471948,-4.39694482458467,-3.327050222324239,-59.350314317960624
1.6253233236707265,1.555489178558843,1.5661550339803474,1.5180879216379326,1.5693588705148092,1.2963192256817924,0.7440678234006761,0.51781348521557,0.5083923518770931,0.9623369379105511,1.336850493004697,1.0943753023836706,0.6011285517430185,-0.9392678037640952,-4.364620086699211,-3.2950412966919664,-60.302329410940146
1.7085641119010395,1.5967029271220643,1.604429247283452,1.5846216036721221,1.5908463429898305,1.3097858576663284,0.6812171454919256,0.4625797657742903,0.47204340904268305,0.9450317203207304,1.3362817638720936,1.1142135559852784,0.5092152169669172,-3.744954903571001,-4.306838757386894,-5.439990431175785,-74.14673397141219
1.8053644378528833,1.5559227747212006,1.565842344621334,1.531750003444742,1.619304582072151,1.3293727086439309,0.6314219207567247,0.44635429912523894,0.422735765064705,0.9275466673079389,1.363432162487355,1.1236990408914855,0.6267932503039836,-3.625835586456539,-4.179886244607967,-5.439990431175785,-74.14673397141219
1.8534238186449032,1.6365337349316387,1.6750120394173291,1.508564906276813,1.6593541891732497,1.373924210812159,0.6614367161142495,0.3702174611307276,0.3846395662452584,0.9157835936083274,1.3914044302344428,1.0592847725869854,0.5951126282897997,-3.757702654142053,-4.1740891236847,-5.399003280761818,-75.38947013533952
1.8544085868350701,1.6390758917358037,1.623735896820148,1.5213626131394236,1.6578281706623292,1.3873747026620038,0.6041245706259555,0.3156340627116143,0.3274758354577574,0.903082616755712,1.4150855450999043,1.1242515458886673,0.6639663929295824,-3.6995426724159572,-4.112873233486136,-5.399003280761818,-75.38947013533952
1.9342840108546393,1.7216032872672549,1.650942891335745,1.6144048550182744,1.6920673828452937,1.3870250166779767,0.5435007809899106,0.25748466765819744,0.2871801176701272,0.8892133377506808,1.4165417578054438,1.1608769486019135,0.7169408933696654,-3.626900839602656,-4.060925945825879,-5.441650688531515,-76.06977701926341
2.021138132088935,1.7977049244112777,1.7379555949505394,1.6772281301372327,1.755996926389645,1.3819456048282805,0.5073978841202531,0.1743437398298977,0.22907895469119488,0.870082531630941,1.3901343300103521,1.0179984671444817,0.7648015930518541,-3.55449060806613,1.4945069488499214,-1.008445055317582,-56.268967200221496
1.9396940806325258,1.8971359152195744,1.8695014774099115,1.8615066282549058,1.7409849964833568,1.225900042093672,0.420086513752161,-0.06993813925297099,0.1533763118997742,0.8237718430968255,1.3154918797997035,1.0832644170069867,0.6624741990226304,-3.5713572069850557,1.4129929628894695,-1.008445055317582,-56.268967200221496
2.0377679459367055,1.8075092218202793,1.745792387082079,1.9964306622528356,1.7799253349794184,1.082829601429022,0.21957915926302962,-0.17090646842757495,0.06490551300195979,0.7782898770890601,1.1806520094147197,1.1135163847748673,-3.4800888610374496,-3.426485542384127,1.6393363008755872,-3.770935899969917,-68.81205338849863
2.172291312519956,1.7272208679380594,1.7780449193469134,1.8856235172444182,1.8144945754949589,1.0412106728945014,0.1807238045107209,-0.19652550891483234,0.042001068606421166,0.7309934978049752,1.1204964270619504,0.992125435733167,-3.445135871233827,-3.319520677280316,1.7462721836941,-3.770935899969917,-68.81205338849863
2.111986131558529,1.651773954587481,1.7668641453079406,1.698221004289913,1.7572726353225894,1.0712489232090232,0.27395025667115513,-0.18418895443480032,0.07191253945276133,0.7138902916035862,1.1017365329747884,0.9239656519481464,-3.621245073093971,1.4126043610670052,1.7920191735841837,-0.21483055390064143,-48.205869154839036
1.8989949652479792,1.616686146462091,1.6522043478019386,1.6592347184919871,1.6506781615701114,1.030187713073366,0.28739988357885493,-0.24880528613520236,0.08550666814618868,0.6873373371907255,0.8583250903262738,0.9378948825083485,-0.9010127954714523,1.5533236807628212,1.7338456132398545,1.8567730552857995,-38.570776683962585
1.759650996298701,1.4939745814549,1.4746896384486072,1.6768465828395094,1.5808891445609494,0.9249834173523999,0.21456754766852093,-0.27903800978399085,0.08917593201507668,0.6915263860557307,0.7741977452357763,0.946966762743047,-0.8804514753516095,1.5519937046616246,1.7262167125375023,1.8567730552857995,-38.570776683962585
1.7373912038802297,1.3729958184068005,1.3993349852477648,1.656203496966324,1.5457007773090554,0.8381211490481302,0.20149050747564856,-0.2683069396044582,0.09866502516106035,0.6462606492777608,0.6936831273073447,-3.6437005076416424,-0.900716195030695,1.7008059251840335,1.7883449807014895,0.13422611334307089,-41.297658524226364
1.7104852525555936,1.2686035207197057,1.3841631940057177,1.4763318531072167,1.5177073912009003,0.8666510038193667,0.27376077346175975,-0.17009207317774622,0.1460487401541588,0.6618024489747412,0.6611266763035848,-3.928995749409917,-0.9432850996016453,1.774469161938506,1.8377624392229561,0.26926732775650475,-40.315829833353604
1.5521666166064227,1.1829527685304548,1.302984834816597,1.2762958958545578,1.4015954444046261,0.9393191797428866,0.4349359589619086,-0.0337765837503925,0.26510701284197946,0.711656189302003,0.6675840945122254,-4.008683155685586,-1.0653550829295555,1.6459521942368716,1.7431119193961062,0.26926732775650475,-40.315829833353604
1.4032367352297983,1.0660376776546518,1.1249416568724508,1.119756442283066,1.2998803781802732,1.0168424008512853,0.5642112264787273,0.1173661434820299,0.3224550260280741,0.5889402477863984,0.7097536848505489,-4.0354196916838765,0.7335406298588667,1.5420830280002833,1.7291625282601895,1.566975425709515,-33.235908475010355
1.2397322510644537,1.0570537536754028,1.0777719673246362,1.07735376471574,1.2337329005280415,1.0698872222716016,0.690024456579348,0.22968990433051673,0.41972038868978045,0.6512367394829257,0.7296221347088357,-4.058302968536848,0.6389299584110643,1.4083336608791963,1.609168694876405,1.566975425709515,-33.235908475010355
1.166517563113803,1.0263511091227486,1.01730757595716,1.0725843174343705,1.2124729966160768,1.1156219376177503,0.7247760896484977,0.31769513765461044,0.49728073281522955,0.70885936262644,-3.7725630147044,-4.064468120673683,0.6353765563598489,1.5020968615944708,1.596662500406982,0.4034921637458324,-30.261237003472296
1.1993494678423495,1.0861708959282004,1.0661591161391055,1.0846033842112166,1.2601823096199343,1.1712891967475456,0.7780649094359086,0.3947553613486805,0.572896662697528,0.7540966098497408,-3.9728670964758894,-4.120427144024363,0.9672704918510935,1.4908729121202509,1.5858129971598864,0.6793708853373239,-27.568119100355602
1.1879535472070044,1.1902048669188918,1.1588698122593815,1.1193735921941994,1.261213712094213,1.2558236769875508,0.8923249666242451,0.5108930335805733,0.6572475265797683,0.8102158381598247,-3.9400514202805876,-4.1206148323649225,0.8947821945751399,1.3855805984545633,1.500017650418626,0.6793708853373239,-27.568119100355602
1.1940533265851372,1.231166999121629,1.180745357185806,1.184614277179533,1.246903271109575,1.2512608908085259,0.8937268388794056,0.495158020998573,0.721653549976271,0.8690650448508214,-2.8398886828872456,0.31155479065670266,1.0339977610122946,1.3937865860126228,1.501101286012736,3.036190609478793,-21.434238668917907
1.135140545623796,1.3099407559112755,1.2918137702085604,1.310947025676058,1.2391846076145379,1.2096233601089446,0.9435859308431248,0.4778326119086376,0.7583093569620853,0.8966272136777462,-2.851205033471041,0.3459286524063798,0.9507856781167516,1.3101533614205074,1.394635597871267,3.036190609478793,-21.434238668917907
1.1659665957114034,1.2884352588939376,1.2676712021050158,1.4088008871382205,1.2818688192421928,1.1177915034077457,0.8018969218135453,0.5076574474220263,0.7576983098937051,-2.6211594202743314,-2.892014082170647,0.5898965928485702,1.0971275919378578,1.3613545632218325,1.437987163362001,3.1375064033916145,-23.939314227234235
1.1854848328256136,1.2781578692627205,1.3143235341189623,1.3802494629797804,1.2389466803958933,0.9931457300569155,0.8116429069362441,0.4968531008552295,0.7650552403335382,-3.853851922191918,-2.957303512759826,0.7165950078704496,1.1270042912624878,1.3729449561795004,1.4206078368497146,3.2109091038135267,-18.073732788706685
1.1740552269958693,1.2299997514446566,1.2976742724504764,1.3560542648856397,1.23862555098008,0.9775400128839674,0.8073712552914893,0.5167907546746772,0.7711355754630594,-3.8799290586035107,-3.012852228589557,0.6635998458995851,1.0764150920733,1.3176790742025266,1.3772845490125503,3.2109091038135267,-18.073732788706685
1.137743556871523,1.1758727731923064,1.2378016652264965,1.2868920624875266,1.1507273394551971,0.9802621762574497,0.8228806046241616,0.5561357616772831,-2.69696773705334,-3.888984641725957,-3.0537663654344405,0.7307445071220913,1.0975569438806991,1.3057016540710387,1.3577668244075416,4.320822661571858,13.988523475819633
1.1554925609839182,1.2570798401691756,1.2780980601031884,1.3232816881554268,1.1815901221723188,0.9952254983179812,0.828573791897437,0.5908036267262562,-2.670781515148059,-3.855079482650282,-3.0913220283096567,0.6707225581157941,0.987837414520051,1.1873887294525973,1.236367490312496,4.275647781456745,14.010605727410075
1.2090054310283667,1.3059116367235752,1.2520795235432187,1.3419039068462686,1.1614589745573674,1.0232006215584786,0.8534058934140646,0.7053895783755111,-2.588331392531337,-3.798795775410697,-3.096970867286808,0.6986399767606403,1.013215015203826,1.1731834073133214,1.2349801058988223,4.275647781456745,14.010605727410075
1.221746228489093,1.2980413299852942,1.3018020398782302,1.3218616550271534,1.1599374968909757,0.9808593185415468,0.9507186627029016,0.7931615712756366,-3.4459198938107356,-3.690543285793715,0.024751709317836712,0.6893281379365928,0.9930836031269333,1.1520913426763966,1.2184613712073578,5.520834211766838,39.65434135326912
1.246337863254601,1.4274688255947412,1.4283809920001347,1.4397294362729605,1.2197294526975149,1.0038148068329367,1.0318082302259008,0.8865674766878084,-3.347314115880782,-3.642124047970948,0.02991864984147341,0.6575835842404073,0.8839267347922166,1.0335253533454147,1.1125592746677286,5.520834211766838,39.65434135326912
1.292080095322981,1.4749860819753493,1.4429670705655124,1.4973473265064814,1.2221235960662953,1.0462431467493416,1.1130747125876577,1.045072203687187,-3.4300389039163726,-3.557775444600479,0.033801501822636526,0.7338594092291482,0.9276665831650177,1.011233868572993,1.110863378445126,5.6320029233151665,23.715794484502226
1.238847327556741,1.367586619512452,1.4320600166703257,1.3981740308507202,1.1243056448247584,0.7029704600418893,1.2622755115354327,1.1543129674666097,-3.3721415935881027,-3.473403178757915,0.06981605987691003,0.843155900884504,0.9687463435455717,1.045052233322636,1.13277303367768,5.709593879172292,25.89731926674274
1.1413153328244223,1.2577900457875855,1.3836140475920424,1.3339630850482216,1.101893842607243,0.7198169027270876,1.3764928539839782,1.268830092555148,-3.2783385068985527,-3.439459213875085,0.06577011213447415,0.7804905381274237,0.8972469937432233,0.9534529584595121,1.0703477577108653,5.709593879172292,25.89731926674274
1.008342472503105,1.1578426645525461,1.261473849816746,1.2078389554326727,0.9515439098248004,0.804386667254612,1.4716436002890096,-3.0482285035640784,-3.200492209587984,-3.420629074246603,0.5669443976852512,0.798863686793544,0.8660317493866181,0.8818719312524503,1.0157079510836216,7.435939900475066,71.50878575166729
0.9697961254412362,1.3363140922414456,1.341192930502404,1.3061650789954644,1.0499298132823762,0.890810724354706,1.521465249508306,-2.9497744494629456,-1.7919618440863543,-3.4236029731946664,0.5545805289599697,0.7320132728789658,0.6971712245232877,0.6903396503209693,0.8218652112962941,7.016134424261715,59.48628089761618
1.0006055172129773,1.346440403197753,1.2461247054881892,1.2974267592378175,0.9924890652462496,0.9539437359489045,1.5810721783543835,-2.7561247483103877,-1.664821428250597,-3.333091312195833,0.5459689698005614,0.7885799134391979,0.7629698980267049,0.6840326461292983,0.8380486333147884,7.016134424261715,59.48628089761618
1.0071225700634079,1.2865205760823015,1.2937679998683989,1.236461998766278,0.8599015410928161,0.8997631079187207,-2.587292801094618,-2.6100671689504074,-1.530966777435396,-3.2564259857717848,0.6348704976836652,0.7528953164483978,0.7284114645474442,0.6471997814286662,0.790923052601005,7.810062821227323,91.40950838251065
1.0513063505490756,1.450644948477624,1.4182169061486145,1.3711136799838621,0.9519842649927193,0.9823767120856826,-2.4940176724368457,-2.4526160043218495,-1.4192621954807114,-3.2092003150559876,0.6305526110453936,0.702595096655608,0.6037044321902175,0.48586719621878594,0.6581481726123467,7.810062821227323,91.40950838251065
1.1106525459066288,1.5489515620241785,1.4560844280237306,1.422225787498572,0.9344596594234102,1.0645163326530367,-2.4019306183192146,-2.2295657454346514,-0.4683874218416476,-3.1091560638854348,0.67990649922365,0.7572489601607642,0.6106206570118125,0.4535784962644607,0.6378273473630203,7.576774156803312,84.29154833936927
1.122886133197887,1.5201830191006889,1.4751389098318493,1.3870422020715028,0.893710031792815,1.064420598418811,-2.2430408057144127,-2.0242322134503152,-0.1283276521515737,-3.006581635931744,0.7667185522603501,0.7680601638903735,0.6223569525865162,0.42747852924155216,0.6278018263151703,7.506996644307796,82.44298916374626
1.085413135707146,1.4862953473582514,1.4868182861845336,1.3652861827650504,0.8833078053257288,1.110911821637204,-2.0933015540167874,-1.866080771691156,0.0040141942029015,-2.9365369876807237,0.7966445061644877,0.7477624971648615,0.5703938629349206,0.3465737999941543,0.5740166571791261,7.506996644307796,82.44298916374626
1.0244103534275395,1.4371619155336057,1.4631951526486806,1.3253135176806004,0.8714413103820614,1.1863611985492941,-1.970970974029193,-1.6969808547119043,0.10846426161551115,0.954379132941621,0.794383208109724,0.7362972536193446,0.527230317146948,0.27493220929260476,0.5286331649427816,7.780783193507771,67.2672762886127
0.8991342340239723,1.3104302155546828,1.3546028672629562,1.2201322886947907,0.782210442734109,1.2172549844431315,-1.8623566652005756,-1.5966283878903995,0.19196642491852778,0.9913484878159562,0.7868074817811161,0.7416742705516057,0.5017988099188716,0.2250403857290728,0.48425431221336246,7.780783193507771,67.2672762886127
0.7980991158085271,1.1907321142930891,1.2433770983563188,1.1293515130806766,0.6657116282754318,1.2337835314197294,-1.7966714751136545,-1.480809573864888,0.2219517002492153,1.0203951862480771,0.828061842110535,0.7181952929993489,0.46926473408770164,0.15490445786634566,0.4209325353308204,7.745447860953719,66.67643732031966
0.7292021936529381,1.1288101669860686,1.1307720922561628,1.0332639281164049,0.6376550658895879,1.2889848975375529,-1.7518971341213327,-1.3844947092000903,0.23218062405736806,0.9953418536877845,0.8131321163894478,0.693248545224668,0.42694471531322487,0.09693851658234331,0.35422809133260325,7.732723112420578,66.34668362112298
0.689392294083325,1.0846914241323713,1.048435969599955,0.9705007261335722,0.6155435406616679,1.306165798551469,-1.7459039006216608,-1.3487796887433232,0.23431060434874218,0.9740151382319319,0.7928149614714523,0.6763461079437013,0.4021266981443423,0.051345867246639365,0.3021462515068962,7.732723112420578,66.34668362112298
0.6515526710266704,1.0545059225466642,0.9883279832271706,0.9317203943256773,0.5338793190772888,1.3064353570901892,-1.7321114330484444,-1.2855524792762718,0.2302075630173892,0.9562721128846889,0.8218736641885112,0.6990815788287247,0.4148463248429033,0.02889945657959414,0.26486029331399497,7.6824309782523095,60.4484078980222
0.6539919071877196,1.0277353003712473,0.9436624505906226,0.8997536550934522,0.513800929780591,1.2836898136039188,-1.7444057758496874,-1.287535543014208,0.22210397469836574,0.9429268025531554,0.8316230410004003,0.718354043491644,0.4253955406763461,0.028641465688127088,0.25213265225850345,7.6824309782523095,60.4484078980222
0.6775696250376289,1.0283773368086613,0.9240855240779641,0.866694345520483,0.5054369603526292,1.2540983765864866,-1.729390536312879,-1.2581730278315062,0.19824307098078453,0.9169232849078126,0.8419360753943029,0.7319449294566902,0.42875555816844724,0.030047327476808716,0.24056547962067487,7.633653001693395,59.727280006694784
0.7169752878395554,1.037850448200417,0.9410714774524832,0.8972775307329217,0.532147780632352,1.2378254320982949,-1.7007789176645067,-1.216400078488106,0.16802293759066678,0.8879841444709423,0.8401824235183423,0.7461418180808206,0.4372305625596802,0.04230263249467914,0.23508947547295356,7.586836557992955,64.00964815159445
0.7860533494488278,1.09740444751634,0.9979218928256623,0.9555242313455836,0.5764635590860306,1.2186823384872687,-1.7483189926837994,-1.2564061751581228,0.13539430370694738,0.8574341253605198,0.8409717464381936,0.7548270570447174,0.4426900244328158,0.05791218137758625,0.23092905677582243,7.586836557992955,64.00964815159445
0.8550739141387884,1.1579652563196399,1.0588242080696384,1.0347079223010551,0.6029450820837866,1.1949137160879484,-1.6873480291449954,-1.2122938433784143,0.11224401444804721,0.8380687909901054,0.7843759714677313,0.7766002716569744,0.45670996520248597,0.09424496399412918,0.24701137204196333,7.498329210084627,62.36719715317034
0.917365843318883,1.1873747900607614,1.1112261207647023,1.0808166193618485,0.6260922927781023,1.1525079350794467,-1.614953296795662,-1.1930202395642802,-0.4849166053616403,0.8226838167888608,0.7837388179790701,0.7971384352689024,0.48157989130725465,0.13756245396913913,0.2748220206609078,7.635789199889027,66.11842494024866
0.9725453892604887,1.2341222857553853,1.1792509083952647,1.1382111113452575,0.6601313755224811,1.120234001446286,-1.6503953111806835,-1.2412546736169188,-0.5050292466614528,0.8014232216034836,0.7832211516372038,0.8057631782606145,0.48186086086972946,0.16288670449264275,0.2816230572592793,7.635789199889027,66.11842494024866
1.018699326429881,1.262563504870283,1.2209701663421182,1.193466516341913,0.8150267733825082,1.0957248849477481,-1.5622092125792275,-1.1734113628375105,-1.6125897025508589,0.786938203904443,0.7588524393925496,0.7965257164115174,0.493462213164622,0.19936194244004724,0.30305953228063576,7.942193075483123,73.90289045550266
1.0632577556039355,1.3129878876284113,1.2869733959016518,1.2501367629147824,0.8506854844466766,1.0690857235412805,-1.5888993829577276,-1.2103418566310034,-1.6203113122937833,0.7707428998444297,0.7492629441267696,0.792094892009227,0.4797193607004562,0.2135191529953948,0.29963093070393265,7.942193075483123,73.90289045550266
1.0990444973464244,1.3317784903793866,1.3115379386169563,1.2892164842395402,0.8559063721317436,1.0520876032327255,-1.4372327024494316,-1.114526075773414,-1.5611110314418437,0.7709518988306305,0.6976896522322874,0.8009682627492112,0.49360534675500545,0.24294554931060874,0.32301219087335276,7.848558246813409,71.09677001585264
1.1080017485829505,1.308753063143419,1.316051540967538,1.2796495464848099,0.9057607731098269,1.0219964189529152,-1.4281708453483397,-1.0105443001168473,-1.4877293015092534,0.7765290731463446,0.6912182069836126,0.7944783873015353,0.5000103499670341,0.2706401928680746,0.34381792153991486,7.814130791010671,69.44509670860255
1.0847332240308187,1.267962254426752,1.295756418886529,1.2436317934543994,0.8865468433221597,1.0113262128453415,-1.410650692668748,-1.0050926457397318,-1.4673322685192498,0.778735559394432,0.6907553791803055,0.7843452020117396,0.49046292473100905,0.2768808030294312,0.3492678199435151,7.814130791010671,69.44509670860255
1.0493279842544014,1.2338874252287282,1.2847836908813806,1.2171738585366148,0.8879449402161282,1.0187291175810043,-0.32304272149454927,-0.8513091809490656,-1.3934594077238336,0.7781329584527364,0.634442978760014,0.7402117861051312,0.4634980436131859,0.26729152997049477,0.34293702165299167,7.545459692198781,59.45579978503487
0.9856915213836357,1.144812175717922,1.1976161650568273,1.1271415005917031,0.831343140607887,1.0240621402624146,-0.29759925721475855,-0.8308531473466165,-1.3739475921568134,0.7837893690138686,0.6352870531658166,0.7392974717073602,0.47349377479160437,0.27929060709555165,0.35682269408522327,7.545459692198781,59.45579978503487
0.920900126937078,1.0882295102554698,1.1411213409911949,1.0644436155183912,0.8408922720040766,1.029350304632303,-0.27856055406873925,-0.4525684199511184,-1.3028797902907465,0.7719853869488167,0.6348106544433064,0.6922026581269047,0.42509123737392995,0.2524621305059378,0.3309897658645651,7.397910728015198,54.87458602262627
0.8619791630650974,1.0450355163747234,1.0616537108353403,1.0326322030518365,0.8404529117987503,1.0555495073106602,-0.27629285180832897,0.26420632957324686,-1.2347974972524733,0.7613823782634027,0.6252137142329612,0.6791790496446188,0.4215786787010172,0.23630639535988474,0.3201923367522994,7.147799907907764,46.94145236438241
0.8046730499589787,0.9747235313866524,0.982261170487902,0.9552705699920818,0.8002861858058424,1.0564735945368668,-0.2743272102386449,0.2584887198244421,-1.2475558966587403,0.7493333269205463,0.6316748699630069,0.6773583291540978,0.4298704564661504,0.241594828312236,0.32137201915588354,7.147799907907764,46.94145236438241
0.7642531983668788,0.9537057186136426,0.9641617468239961,0.927671554682332,0.790197824160668,1.0609259823875081,-0.29096779586652166,0.23426780988452967,-1.2004327027299282,0.7232639494385422,0.6319290975083052,0.644698836381609,0.3992924380611058,0.21887292374605805,0.2978319336462656,7.107284122621159,46.07049592306645
0.7628382808085649,0.9601344982571258,0.9384578214919792,0.9472169722420476,0.8406976231645349,1.0693940811787208,-0.3277070607310808,0.20712733487219914,-1.1493693133769822,-2.0832051051619658,0.6265111166583154,0.6259365352764418,0.39316009001565444,0.2047238604381394,0.2793253885036673,6.978469597494682,56.00743687990835
0.8230241226841528,1.0476354841177118,0.9920707348715121,1.0131955034536915,0.9004073841365761,1.0811193373643835,-0.3771839230896208,0.17947923439013347,-1.189675729438819,-2.110361052110113,0.6285644025827457,0.6201650506152039,0.39105308896404845,0.20137636808465587,0.2652350768040457,6.978469597494682,56.00743687990835
0.9062635643905542,1.1691378899034441,1.0615870749569625,1.0938628535864425,0.9478659178942554,1.0829033110538404,-0.41183662630943196,0.1549041629398995,-1.1021342897301776,-2.0593274727375093,0.6418362566642744,0.6178986342483108,0.3963630721860376,0.2198882769393844,0.2803755233539602,6.933434413172806,54.635550395666804
0.976109961224614,1.2156377309703803,1.1281260669957698,1.154590616598211,0.9784750896585734,1.0415247537978067,-0.43708929077137704,0.11891626809346811,-1.1140099794726623,-2.0533626095951982,0.676781287909008,0.652347198717153,0.433584206412298,0.265003424624372,0.3141456546743251,6.933434413172806,54.635550395666804
1.0487388759178748,1.2684547916847748,1.2298412689122644,1.2488582598381854,1.052503784418148,1.0147444511505337,-0.4605510796450414,0.08020095331824262,-1.0066601116936134,-2.0048049455136825,0.6924638765350116,0.6483893416667631,0.44206179586222993,0.28930090572493006,0.3240878174925417,6.905786524735744,55.17023702413454
1.1003687533200317,1.3205463330997609,1.2980722087775844,1.3152207278905255,1.1044431656611802,0.9991097491167851,1.480982530809328,0.04552595014225558,-0.8882146183713358,-1.9476867015816755,0.6927657280516459,0.6145720119730083,0.4332768085356635,0.2989257361751232,0.33362656815097824,6.440717503520041,38.81915403963131
1.0944988795999873,1.248114000548254,1.2695489075583168,1.2699423892858899,1.0653025403999166,0.9714436099501789,1.473757195474177,0.014159929932084703,-0.8982276002174463,-1.9490284408218395,0.6984808918690764,0.6407365737990018,0.4828579290932583,0.36410313480934287,0.3941314580951927,6.440717503520041,38.81915403963131
1.0608033363964657,1.2020479655082452,1.2967968176090983,1.2487698748426759,1.0923982436515391,0.9460484148850595,1.50109881267895,-0.04384722301380539,-0.7728827267756512,-1.916053948896483,0.12829099611528572,0.5961418307342548,0.44613197941703797,0.3628864638271845,0.3932531325651907,6.235974015374202,46.69746283019259
1.0619928038584976,1.2274639887227432,1.2831694183988005,1.2582191898414021,1.1169150318971393,0.9888931134781811,1.4546115869043337,-0.06430226297860875,-0.816462894860733,-1.9557797688213474,0.09146201036900209,0.5728307525765277,0.43273060129124663,0.3515089035594483,0.3829008948286421,6.235974015374202,46.69746283019259
1.0699418090254889,1.260623447970715,1.2767321278908335,1.261848120979022,1.1088861850199976,1.0739473324568922,1.4695212854035051,-0.08618238244576593,-0.9421248871063217,-1.9310147992984659,0.08090300231529862,0.6049079772141744,0.4403981211681165,0.3703785910142847,0.38671085821891404,6.264814400569778,34.97432272680446
1.03777092489155,1.1910693951498228,1.2137010104305146,1.20328132264119,1.0595905847256897,1.028348230399874,1.4588206157271928,-0.12310876214336752,-1.0719837488158923,-1.8953064282796623,0.42060764898518616,0.7074774168964265,0.5216826610885894,0.431297203787929,0.4298576173502813,6.46913595631144,36.06387928976359
1.0094873588613968,1.1490405156519898,1.1895923449441252,1.1869183374510595,1.058171604494632,0.9867438400010048,1.4321469913063745,-0.1776926088823788,-1.1063289539066923,-1.9182704377287534,0.4234961977778983,0.6987681154739204,0.5175705223741038,0.44014372710734895,0.4318511091568804,6.46913595631144,36.06387928976359
1.0003487426311604,1.1398885245739905,1.1617416399013614,1.1587216930217656,1.004347772931896,0.9879333291537987,1.3895436583981455,-0.21566849091367557,-1.1488717495838463,-1.9196980654790445,0.4855415836462975,0.7357386413617992,0.5322905318828535,0.4628590704384816,0.4431857950895368,6.484719716047531,36.20645610812194
1.0264593276945617,1.134638979673685,1.1303272498585861,1.1473299503860115,0.9774884941418012,0.734768218796048,1.3546353680093715,-0.21793162711130776,-1.13834916996819,-1.9090465761041389,0.48860239670364725,0.7338199170075274,0.545585564434822,0.48429230833609815,0.4503852845774148,6.413375640204,35.984599426558674
1.0301554339636632,1.1282983816827197,1.1179612240510168,1.1388345031684268,0.9745705937031509,0.7221171777508542,1.3231943386796483,-0.250677853509222,-1.164629095978241,-1.9253682258688507,0.4835031408268791,0.7336911275208463,0.5546734152817197,0.5007343905181598,0.4623327625734226,6.413375640204,35.984599426558674
1.0313840905189413,1.1267027127593099,1.1164183780281984,1.1231095373574198,0.9705627475262385,0.7083534691995005,1.3004076690141881,-0.5305595296098273,-1.145732695518201,-1.8935807585503794,0.5282985861611658,0.7506052274096264,0.5621892821075223,0.5218987826794146,0.4870072801680736,6.525232745280755,38.1223608718812
1.037354590707557,1.1397638614076069,1.126352718424307,1.1347161788214817,0.9747396568571604,0.6967863591570004,1.2791427547829963,-0.5570510488453873,-1.1622421175652855,-1.901846186322493,0.5284127398322579,0.7525198776404814,0.5629038255070387,0.5296756805105858,0.4910046252865923,6.525232745280755,38.1223608718812
1.0470018833761814,1.146752166093709,1.1343572980760397,1.1471448698305797,0.9765507670761534,0.6875351434457223,1.2619555567087741,-0.6535558467164482,-1.1252986677421084,-1.903992408414157,0.5299331155015414,0.7656167449795453,0.5762671954928611,0.5463482643363906,0.5085497595178119,6.547200801391405,38.54512518856273
1.0516272476614688,1.1538819298468748,1.1501254822489146,1.147858153349526,0.9515578734959916,0.6766698412977126,1.253375040367437,-0.7107366284193983,-1.0867622421584628,-1.904414356083036,0.5665155064453004,0.7884419402544309,0.5820744611511988,0.5606992515586731,0.5188496212256122,6.554451316780222,38.65145312753066
1.0550298184766582,1.1589036214855224,1.1617092137637857,1.1560364901370903,0.9526787034068823,0.6717957079601542,1.2482766858777268,-0.7198989772163369,-1.0891015318603932,-1.903229133350515,0.5677911501121489,0.7893737814253984,0.584468411165594,0.5675686153950656,0.5263922962445726,6.554451316780222,38.65145312753066
1.0504585791384804,1.1567328700982775,1.1666786125518325,1.1502705805287228,0.9522192352961372,0.6696140173241718,1.2475783297843597,-0.708084993977915,-1.049084707811816,-1.9013287767514104,0.5680394862205691,0.7903489159460051,0.5897117857055714,0.5766647756982863,0.5323646042179506,6.635723416756246,38.18553813223299
1.0382542420257015,1.150185273787533,1.167188196863522,1.147444102629114,0.9449963936293491,0.6669867017339499,1.2498406289914137,-0.7130413370338402,-1.047766773674725,-1.8991446628569875,0.5660551595631234,0.7888565079659724,0.5864284592901867,0.5769924457793586,0.53348353874172,6.635723416756246,38.18553813223299
1.0227775492688305,1.1374287235814782,1.1583802473425029,1.1392415949833459,0.9175774712438043,0.6666499467057867,1.2504246445365457,-0.7301787469905958,-1.0075011985701037,-1.8984779800718112,0.562613283287817,0.7979829450386765,0.5967591593684797,0.5784161970355473,0.5364546271724346,6.618670102706387,38.09034042549849
1.0077935017697215,1.1272066319126433,1.14806100508559,1.1250271884778373,0.9085932839891284,0.6715231813825442,1.2540136201568033,-0.7042461637028997,-0.955016772502091,-1.8979806862847342,0.6289276708235778,0.8032751532479379,0.6039780052353312,0.5770598365339379,0.5364519145088205,6.628511435477565,37.47079866832951
0.9903839064862591,1.1139544167348636,1.1342500628422023,1.109701392622007,0.8982173073826143,0.6751622563636611,1.2594929404437114,-0.7000190111244754,-0.9524261088336661,-1.8960124537453389,0.6266962104555229,0.7982775210558349,0.5991615005717559,0.5708390451724494,0.5330197409404618,6.628511435477565,37.47079866832951
0.9737231360686518,1.0996844585757086,1.118104762764937,1.0867400076735898,0.8672113652517901,0.6793116545842066,1.2640036088976345,-0.6827090529420149,-0.9018598906817994,-1.8944730938603875,0.6357974003903515,0.7993607157567614,0.5975587574976919,0.5678661283516921,0.5308744562939978,6.607067868937767,36.99343523221209
0.9577920706418257,1.0887460200487369,1.1004041758233853,1.0629651697146068,0.8601818143105788,0.6855126083045793,-0.6934688811337142,-0.639361397490629,-0.852358575033021,-1.8924688710332187,0.659415131755503,0.8004914976357802,0.5921548009207326,0.5634687672275897,0.5262921514583503,6.9610643598745945,50.76727519136881
0.9815295419629025,1.1650484917903163,1.1550122155037958,1.1238564931357442,0.9056617325678213,0.7045806295302661,-0.7001909450975131,-0.6338994298617662,-0.8539320768880787,-1.8969691160521074,0.6508734684618426,0.7804626847789512,0.5554518546393898,0.5246960018724884,0.4871976623248586,6.9610643598745945,50.76727519136881
1.017197354095493,1.2167298214771012,1.1728353386913404,1.161482272169176,0.9116011711556551,0.7219587812752866,-0.7180369505094061,-0.5815476903918984,-0.775855352067957,-1.8734111983999968,0.6783087578364178,0.8228244067081427,0.5873362820987,0.5528425169854709,0.5189808466747385,6.993959906192666,50.424097220410225
1.0451348661832243,1.2306394385571258,1.2133662182784455,1.1805268402257183,0.9219051519241512,0.6995415360957382,-0.6914184194596212,-0.5649119012268187,-0.744992593803746,-1.845989760016789,0.7037005369044494,0.828092898346613,0.5927595367769215,0.5606722018651717,0.5267779090797848,6.993959906192666,50.424097220410225
1.0537600733034596,1.238045987934781,1.215395273864512,1.1915957921631048,0.9275760209348779,0.7004075404167864,-0.6525148032076589,-0.49617427204870823,-0.6664724565936666,-1.8245405834162214,0.7352423317640204,0.8368334412976912,0.6029370549571296,0.5502283699559423,0.5279442093274676,6.913599776184293,49.53269274598351
1.0484811920992505,1.2337067525004697,1.2227332001063214,1.1814717813689106,0.8442228701575014,0.712797898463311,-0.6377259985347157,-0.4305634988593212,-0.5891430021074959,-1.8079107205211886,0.7376320242002211,0.8500566918675834,0.6037971644619631,0.5474900491253358,0.528700549894701,6.867635933376031,48.9821071976717
1.0321627904731194,1.2216637841017872,1.2206447373947278,1.1694581416528436,0.8386707891825876,0.731401621760455,-0.6075046773100425,-0.4010420183710526,-0.5661231374330395,-1.7955068180701668,0.7367734738707941,0.8406757592827234,0.5923902827783173,0.532389770759403,0.5200572298704664,6.867635933376031,48.9821071976717
1.0057880666624754,1.2070362245706012,1.2056295374832935,1.1297256934654145,0.819171092646981,0.751581388345527,-0.5809175159230533,-0.3371362461211346,-0.5073863759837989,-1.7860326403842832,0.7786840326617193,0.8418629602411438,0.5812958699067563,0.5162044506393733,0.5102339855265976,6.899960215940524,48.324625453980154
0.9798910740288602,1.1887723496468983,1.1821284263451954,1.1091161752680487,0.8066320486632993,0.7671130861807235,-0.5597996718191594,-0.31218584683127826,-0.4922146206961673,-1.7780334321492108,0.7756560528542837,0.8363013479584285,0.5721159654985911,0.4990184944801379,0.4976347095515261,6.899960215940524,48.324625453980154
0.9562456567117104,1.1402832939104366,1.1545633840778313,1.0875436324246595,0.7993261646284405,0.7789187061709542,-0.5175481948903378,-0.2537107968846498,-0.43368112162391625,-1.7730103599155227,0.7847368636533466,0.8486528214529375,0.5853513088968052,0.48567576176822813,0.48931423772877625,6.857067121922308,47.492962329209476
0.9403808022802078,1.125336028610604,1.1118837710061986,1.0703791251553632,0.7916698334554407,0.7902381336943022,-0.46616007334489296,-0.19170181211527448,-0.3825822484630754,-1.768913607336033,0.8149731312284567,0.8480900330705936,0.585642379384679,0.4937151174134373,0.4797102389621255,6.836909164261446,46.52206816675571
0.928837601375395,1.1141234687199455,1.0948615812576776,1.055140015481787,0.7848828355204597,0.7967007279511534,-0.4562044848547572,-0.17893113714847964,-0.37765231585093284,-1.7662269986402124,0.8170133331825695,0.8467323642335858,0.5820778195359906,0.48327575546184076,0.47126771743220774,6.836909164261446,46.52206816675571
0.9234025733243244,1.1040237854321544,1.0827613093770065,1.029658533526476,0.7109742357737534,0.802316154171909,-0.4192406832683644,-0.1312649918859028,-0.32631918921713987,0.5856801560574988,0.8454911048759486,0.8552670941096587,0.5800176936257104,0.47365181463945016,0.47266278873100864,6.844969714471192,36.25324123717002
0.8872475380342704,1.044958448674748,1.0333213718910688,0.983224558876495,0.6680917013248633,0.7862354007897353,-0.4125543132086814,-0.13927910704948365,-0.3280501794854159,0.5881075684987227,0.8492166666334116,0.8740673820747088,0.5970666331839307,0.48803795294536445,0.4851932265203216,6.844969714471192,36.25324123717002
0.8401089643453874,0.9952845181385139,1.000851577229155,0.9395991134748147,0.6673542199786477,0.7672749522399991,-0.39474490689333186,-0.11488605285128672,-0.3095151190227079,0.6451550044754621,0.8445116896193652,0.878627575594508,0.596606851762143,0.49233675459643633,0.4952537993732995,6.823472031750363,35.01581578126406
0.8218383576552595,0.9827065952660051,0.9520238822046154,0.920729553877853,0.6579284920601663,0.7768798803363106,-0.3865644571996376,-0.10121014246695492,-0.2939472106806116,0.6184073068043843,0.8528045863681227,0.8791712523930207,0.6003765082402309,0.4876432744417527,0.4864430956537744,6.79911204746548,34.04428572134808
0.8132969675382618,0.9650240590228221,0.9276282666012459,0.9023692412322665,0.6515232455209092,0.7665630961184553,-0.4164621844521208,-0.1320617993536558,-0.325970334745863,0.5943492938330026,0.8413269890921146,0.8758928460575587,0.6036596924022872,0.4930764450565419,0.4848976864894161,6.79911204746548,34.04428572134808
0.8023236500818753,0.9359443975488069,0.90970757639329,0.8742711362641692,0.5665710907820796,0.7531430030814547,-0.4162669303641524,-0.11648836654405248,-0.3077209435229338,0.5725521366403502,0.866844664355515,0.8904160620381698,0.6253631322376259,0.5063726115763145,0.48791823491559416,6.782552043953512,33.1041490183597
0.8077948401951975,0.9354290114283351,0.9015058258989452,0.87242263883744,0.5299851269280448,0.7349860963866293,-0.4145090644438596,-0.10840443308971637,-0.2897535276356129,0.5548851211423916,0.8929213992488233,0.9126265459891482,0.6420053175170077,0.529678306448468,0.5015944026270918,6.762555547302394,32.12907892538278
0.8208898498723181,0.936591533821845,0.9044053639564897,0.8752798169584125,0.531419523090461,0.7135226555187872,-0.44450627886126726,-0.1446330537932119,-0.31708954834199055,0.539040386517862,0.8945380477283176,0.9190070169759679,0.6524426099618414,0.5464597574569543,0.5111212599452397,6.762555547302394,32.12907892538278
0.8327890222846546,0.9363209459875617,0.893264888436768,0.852611463563639,0.5116896237539741,0.6952244231214268,-0.4370235140970484,-0.1306594391917022,-0.2995863746743963,0.5233774984143374,0.9036748675039662,0.9310587549858353,0.662081404056373,0.569714764079511,0.5207866789639026,6.697001868553349,31.124032653638416
0.849522703240598,0.9428476405254829,0.9038508406496388,0.8620433093674912,0.5161688818060599,0.6800117034753739,-0.46427851476514104,-0.16288192985870098,-0.32325385465518264,0.5101807077042811,0.9038299581011191,0.9373092108904253,0.6738708752281523,0.588990763750808,0.5344350014970527,6.697001868553349,31.124032653638416
0.8630722376300889,0.9377997209227874,0.916445317472704,0.8631298651294897,0.5151491526113998,0.6648294005914015,-0.4366538596769703,-0.15188626784147974,-0.2949345682655373,0.4974945127020784,0.9259119854437021,0.9463835537096454,0.6963283989573221,0.6024813717034865,0.5437559840847677,6.659003329110352,29.939369076160656
0.8578545798171564,0.9357248582401644,0.9208439151017485,0.8525077937096424,0.5156135947786985,-0.8601686292889226,-0.41950844088383676,-0.13412569509591,-0.26312085649754535,0.4872170317816034,0.9251965700066099,0.9698121761465812,0.7113261805730513,0.6451936826052036,0.5812084293721385,6.290198623328093,32.81612478675392
0.8919727796249909,0.960587120237735,0.9435837908035068,0.8684464310446923,0.5425025455045012,-0.8537562340310518,-0.43990444279638274,-0.14431210747216372,-0.28013772776259804,0.4766156055319579,0.9284525915230949,0.9597519738980824,0.7195615229712432,0.6568834368189864,0.5931501112199871,6.290198623328093,32.81612478675392
0.9017326532580319,0.9879984680393574,0.9705342853724223,0.8758390170923858,0.5447145776802716,-0.8313180209382203,-0.39678737209217446,-0.10615701852264625,-0.23369651613562592,0.47804683271449333,0.9770203240138078,0.9789924795085871,0.7264502506901833,0.6641048913921876,0.596627052079304,6.275797038904567,31.562733299662934
0.910515672341794,0.9913928893556299,0.9759655064799686,0.8841530414490562,0.5454027606164418,-0.8405657928240134,-0.4008636626292339,-0.11526201679465076,-0.23580448797994147,0.48552371917915466,0.9949037096456133,0.9951001968114768,0.7449272731609056,0.6826474630155615,0.6147614580317995,6.275797038904567,31.562733299662934
0.9107496908932189,0.9993843768264103,0.96863247868108,0.8738409201169652,0.5546547004414766,-0.8258537289856939,-0.3635879749096129,-0.07273998619802224,-0.20090471395669174,0.48760737517795927,1.0185982245749268,1.0179610223657345,0.7691573450708622,0.6989280212670295,0.6295980207568341,6.239734544335027,30.49989459819243
0.8991758607422035,1.0033833943800237,0.9774290706647335,0.8857878240063131,0.4272823918325947,-0.7859543047038217,-0.31880039361128115,-0.033064075742482824,-0.14190848262877598,0.4875314192374963,1.0311966080513704,1.0380404245196908,0.7799299117797013,0.7133618942173943,0.6480410771701663,6.158097297889581,29.11100609462821
0.9007434780112351,0.9999524037212036,0.9808356210084092,0.886909919205225,0.4293030608675251,-0.7869433922602386,-0.3231124754751574,-0.043655017026838716,-0.1491851241651283,0.4852715919409075,1.0316654855894796,1.039299214476098,0.7864577176075436,0.7246218324004117,0.658473219862175,6.158097297889581,29.11100609462821
0.8959147814088839,0.9796997525247474,0.9823276256916096,0.8598678911521144,0.4306096397532435,-0.7505415547159937,-0.27552049398819367,-0.0066418601832416435,-0.1184263850795566,0.4801138625041091,1.063291213228303,1.0544936051511586,0.7863128459955584,0.7514341873511519,0.6644719445358493,6.142673810252074,26.75803234887556
0.8728144821921492,0.9527724823067315,0.9342551569207663,0.8468094027266002,0.4200269276661608,-0.7225963042940471,-0.23210259399286315,0.04484278497587857,-0.06572338225155794,0.47619403167003044,1.0755318735212283,1.0669969641432373,0.8178434768585048,0.7614602747891202,0.6729521375815262,6.097729075450349,25.266539260244155
0.8588538484442476,0.9302823541961767,0.9150891785266787,0.8288454903896095,0.4125782150046065,-0.7284330228687566,-0.2399944989536708,0.030211801499779423,-0.07843963387259545,0.4686673291446204,1.0726536160788864,1.063683493158193,0.82111418965586,0.7680675328118921,0.6785844085888848,6.097729075450349,25.266539260244155
0.8486463759999796,0.9165674437317766,0.8919534436166641,0.7685889900110066,0.27196351103694927,-0.6827762439859375,-0.20105940357097662,0.07871382344820543,-0.03657068388283968,0.4584162188914224,1.0657052569733878,1.0600965141324807,0.8194520590686145,0.7711813370243755,0.7009749031754411,6.057362557302039,25.12999637755922
0.8428821608172398,0.9102903720778982,0.8765870923488809,0.7585830960632215,0.2685392029273577,-0.6812547973399672,-0.21395665267004638,0.06716694378375954,-0.05083391102814949,0.45019737477384064,1.061096210001156,1.0586501811165887,0.8223401316600603,0.7744866611599515,0.7036537748363021,6.057362557302039,25.12999637755922
0.8220640253077394,0.9006993645545414,0.8605185719596478,0.7498788597134727,0.25135708933143697,-0.6312454165789084,-0.16174539378759067,0.11620291419173934,-0.0010088510687917829,0.4444846011528726,1.0906784031675312,1.0763161333518692,0.8285573179407069,0.7913979496778579,0.7057107479801201,6.000226995951467,23.47159015139207
0.8199420655409974,0.8732602391884853,0.8387921170925122,0.710582215519135,0.24582844051888253,-0.5982073602701753,-0.11033926332913263,0.1587571063312192,0.051509441731467265,0.4416366435027867,1.1149941808947943,1.0954424842279726,0.8636848051826169,0.8006539836966544,0.7145061044747076,5.959748886409502,21.988785749189336
0.8169872703956792,0.8649920417897417,0.8333469039937736,0.7030652881148102,0.2420575719262127,-0.6050037018343553,-0.11824206996300557,0.1437740912481973,0.039793347712053895,0.4372605606373626,1.118859763790891,1.097893296863608,0.8692442399930932,0.8085541455844001,0.7211878085909771,5.959748886409502,21.988785749189336
0.8115841774294246,0.8631854604738937,0.8211241649608073,0.6833071840364087,0.2434032643395233,-0.5563975286974148,-0.07273820600740971,0.194764806141147,0.08928619300995438,0.430068072588212,1.1315981119428555,1.114770975442955,0.871100803489248,0.8123382397787092,0.7530103937216233,5.917419190462425,13.053572502751706
0.7833703974519626,0.8008413414083497,0.7627126873572093,0.6450773232072583,0.20810459138829962,-0.5165670650812201,-0.017932966455878607,0.23512290399158187,0.16137786671783227,0.42652542742389477,1.124884719099148,1.1299523517639563,0.8945979359294326,0.8529906891325363,0.7742273031391498,5.864628394155897,11.166296280906014
0.7538134722618324,0.7522075262417309,0.7339158750220073,0.6155916538161936,0.19993059519894057,-0.5375776252026963,-0.03634115779448077,0.19841828915274579,0.130404192147622,0.4047537484763549,1.12110936460934,1.1177148820210623,0.8947876179388793,0.8592731530117247,0.7779822734383421,5.864628394155897,11.166296280906014
0.7271824563407001,0.7434970582867604,0.7137444312342671,0.6103441142106468,0.19304418021088,-0.44804151647696744,0.003850811015690042,0.24021052040340796,0.18085801406654844,-0.4105873040818315,1.0590310903000697,1.1086129378094833,0.8864483476571007,0.8578313491657514,0.7688522406727734,5.780290805500574,19.266468369184604
0.7515162414526388,0.7860089177003107,0.7294165160904897,0.6358047653380561,0.22568298173465656,-0.4340723927131156,-0.036276836701518184,0.2177498989296226,0.14495976633645818,-0.43684997557953875,1.0441872121172722,1.0913810522559444,0.878196595543842,0.8496854195780437,0.7573924411360207,5.780290805500574,19.266468369184604
0.783439027916194,0.8380605180756145,0.7801360675063284,0.7095312747656735,0.22743190612362002,-0.3082642540137066,0.025937846238969525,0.29297645313855064,0.20553953321061075,-0.3250455256169389,1.0091828199275321,1.0673519242855587,0.8877140251777386,0.862616827665061,0.7646197291342001,5.749256096604366,16.11291084768824
0.8076078940894951,0.8561134841400387,0.8111993502032822,0.7520733615730351,0.404952475951113,-0.23802137612858626,0.11400817490614898,0.35125980506625387,0.275906598811995,-0.21849159994241446,1.0026107067397971,1.0830707058221551,0.8878689558020664,0.884367749382319,0.7860060425999444,5.771300436886632,12.87402979468746
0.8125501910289091,0.8475026715011932,0.8230563514184068,0.7576058693956593,0.4016081087803039,-0.26312431865079566,0.10673156561517347,0.32494939746304713,0.2656104457862387,-0.21761807055607582,1.016002643988358,1.0950541839944938,0.9002274744874892,0.9035489427852563,0.8030064235003112,5.771300436886632,12.87402979468746
0.8180522890947457,0.847306701349398,0.8398538952510141,0.7707133832290038,0.4098576404192918,-0.18441759925742574,0.1613283659005982,0.36341357120505025,0.3019173812735935,-0.15204834952398627,1.0126603765259095,1.0676500108501308,0.9005592029351099,0.911549441599693,0.8104117371505143,5.731678159839101,10.640047242831495
0.8165629729826935,0.8453057361468846,0.8618273324892045,0.811455712016522,0.40500418434869284,-0.08446143831744446,0.22140396820068564,0.4156659175213076,0.34701421587194775,-0.08952702137702737,1.002184429565889,1.0641196803895365,0.9009650575199288,0.9008728523196528,0.816299552152992,5.705263560677716,7.925234487051721
0.7990355005987586,0.8165906485364759,0.8444395528358541,0.7915159949714453,0.39257945452295084,-0.09584628371128745,0.20630462067895616,0.3880839662140538,0.32648665026305346,-0.10250826092010254,0.9945893702999159,1.061306130873264,0.9055591755864607,0.9127981829122809,0.825582271166311,5.705263560677716,7.925234487051721
0.7816264676533371,0.8014204441600863,0.8319441219482183,0.7962834398692004,0.563175118448664,-0.01732276821992268,0.2594342580257121,0.4386030783667027,0.3690787995885484,-0.057768638783542325,0.983354751314115,1.018352181752559,0.8747223027516051,0.9122343576009955,0.8071957323946007,5.676849737602005,5.158130152710845
0.7913496939453254,0.7739308242167784,0.8093418863842398,0.7976987272809237,0.5893749560707878,0.06201166635371297,0.3273693498495893,0.49155233830802475,0.4067189482908858,-0.009709812987012068,-0.4558076381159377,1.0091937698782727,0.877490735555747,0.898622310147857,0.8116755989918735,5.245567499333591,2.933278589967426
0.7877477096501837,0.7457503858929081,0.7774212122636797,0.7630873357941179,0.5852063218758943,0.06261927308476739,0.30972068880553205,0.4797816599427923,0.3842012387309376,-0.023106344003315432,-0.45399180158082575,0.9985825641349957,0.8913489757398492,0.9109948958218397,0.826481517155397,5.245567499333591,2.933278589967426
0.7769841997504612,0.7792693313070123,0.7751192482817907,0.758571303511549,0.6190972891727793,0.16285360677970773,0.38032385081466563,0.5230188570056546,0.4417647154488327,0.02854529526844904,-0.33079160207282365,0.99528415746495,0.8561188288707424,0.9058715303496245,0.8126236808965597,5.257964482114728,0.29831084299443317
0.7633492449556087,0.7663899687055835,0.7480691629365367,0.7456031196275226,0.6050581612035232,0.15856321169151738,0.3628571522703974,0.5028966096094192,0.42109144078455607,0.023584490074653353,-0.32218464232950517,1.0109165988189068,0.8727440632589636,0.9174969746427852,0.8238207437624305,5.257964482114728,0.29831084299443317
0.7743211638663069,0.7781976225874294,0.7833835546361289,0.7808568456239852,0.653897560046903,0.1488177674642185,0.40680650730493056,0.5500000988979967,0.4587563983947049,0.08190659892819063,-0.21404214186131937,0.9150105963573139,0.8724062629800737,0.9279812918798349,0.829241610900685,5.231098874019797,-2.1061332196919818
0.7799828384613994,0.8062836467725112,0.8007240578992871,0.8123919470752046,0.6897139038885403,0.3086627180095508,0.46105706822115977,0.5905367244505108,0.49899112906799914,0.12097410763377903,-0.12792158837418127,-1.3678182528788456,0.8626570900813753,0.9138094778695449,0.8418054633563294,4.273403297280922,-6.976088651011036
0.8189247740768378,0.797029422725694,0.7922998699287935,0.7964719586041391,0.7078112722885207,0.31980660350318135,0.43858660130477595,0.5863784221302915,0.4727481855718321,0.11106739595242104,-0.11231558871215741,-1.371415949355191,0.9032922861289203,0.9481685278727654,0.8823487015907039,4.273403297280922,-6.976088651011036
0.8423382864484932,0.8405427976967941,0.8546788680140767,0.8113622833569092,0.7547107248877492,0.3365022236504902,0.5114599992888689,0.6308990088884714,0.5231250114240829,0.16314904379801942,-0.015088321902268387,-1.2830686046148068,0.842501709395005,0.9414053436473679,0.8397566537642753,4.253700803489192,-9.502115804526674
0.8474868549123366,0.8580034203606834,0.8414278485192928,0.8539614024092929,0.7529898437812235,0.3382579198404056,0.5674290214065278,0.6731747724004866,0.5584478862336409,0.22169420278099666,0.06616150278579658,-1.153231056441664,0.8750142364899224,0.9265424193634342,0.8475127925750267,4.234580854453764,-11.884467061486445
0.8628061397996045,0.872699310131769,0.8593041006886932,0.877218039728347,0.7648275529739726,0.3240852452914746,0.5370793877930257,0.6253492363142534,0.5213431320828579,0.20916819356389216,0.07573552265116279,-1.136259777154244,0.8979383459727891,0.9564227714414165,0.8666866605706075,4.234580854453764,-11.884467061486445
0.8868437454929625,0.9159508892206591,0.9149813415607165,0.9171148876373241,0.8612905514081353,0.31099908153917566,0.5682796763065624,0.6462510886907171,0.5406533468742586,0.2512733057719962,0.14803927573366105,-1.1239507691533914,-1.5318368328217933,0.9547734478096285,0.8557173900416201,2.5935924080757538,-15.020353529187059
0.9988236360664289,0.9578429596732507,0.9489571432526591,0.9563247510026727,0.951320080196499,0.3499975584066992,0.5961186861013125,0.7004630881596601,0.5655247971721025,0.29532991807313635,0.21783351506160414,-1.1323869770269213,-1.4104932427294665,0.9580857038073052,0.9183991162751944,2.61363688521764,-17.002531215108096
1.0265159322357083,1.0361458865521542,1.0344693470814694,0.9606273289061291,0.9536935563078867,0.37790701922279785,0.6118750513522346,0.6604684495449826,0.5483193357987945,0.2931051325903503,0.24654709910943418,-1.1139653567605499,-1.4316674689416993,0.9665692324974419,0.9144040164475623,2.61363688521764,-17.002531215108096
1.0492517795628808,1.0598631652997255,1.0334029890469385,1.0006624153806474,0.9721074187753604,0.3777580041308935,0.623141122844424,0.6692182938274472,0.5587553690346523,0.3510508279516977,0.33850370892078563,-0.06911581397429772,-1.3279458539848052,1.003384173247748,0.9253365454486658,3.012952770124704,-23.980254262721104
1.0556865031741296,1.076315226786567,1.0594961217836667,1.0387474297693813,0.9670952657223556,0.34594933607758577,0.59264707087597,0.5945416235282674,0.5197711432601011,0.34598070324782026,0.3509037781736038,-0.021673536054045595,-1.293546969127516,1.0552110416431217,0.9571941484722429,3.012952770124704,-23.980254262721104
1.1016421725059367,1.0721775661259212,1.0784221720855114,1.0911364400615355,1.0023150420349491,0.6262301788193905,0.5596846025240388,0.5522568088290275,0.5073981838659023,0.36443735451581327,0.39942696291526314,0.08842989026365622,-1.2011418908285116,-1.5514278119070068,0.9657230033821554,1.1627857112682736,-37.61361525106557
1.1738988249124642,1.0422977758653373,1.053109062371157,1.051159519998459,1.0251989937438006,0.6511225714134197,0.5467377759146926,0.5825649949659029,0.50437666510233,0.38993976592134544,0.449944876740485,0.1797634475341111,-1.078761562296875,-1.392375020856473,0.9829171815497375,1.2080086939777779,-38.820792776294894
1.1610381274475026,1.060922256614885,1.1011178198619918,1.0102239306553005,1.0177051029751758,0.661319070044817,0.5451927697479255,0.5035332216132435,0.4557221989276353,0.3568199993603345,0.4596146823466332,0.17141235023142976,-1.1161928036726287,-1.3859612115565176,0.9750233209026733,1.2080086939777779,-38.820792776294894
1.1522547913636716,1.0546461244508611,1.0470337809942492,1.0145975806765395,1.0129229228222232,0.7168803163216008,0.5303351468574343,0.5045685664390245,0.4477117135362644,0.38533800001462903,0.52570867959846,0.2972806945865507,-1.0014414095397763,-1.2873675781912235,-0.12049406307747312,0.4118973019343861,-26.24239744077265
1.2684536641812585,1.1799269245769204,1.1203582360875743,1.1121015992578167,1.1346498406741217,0.7882183912244396,0.5085226235095985,0.5134955871950064,0.43792776101104125,0.415057035431954,0.5938312005879425,0.363806516448565,-0.9178553877680212,-1.1927940117022606,-0.09310251982101608,0.5244129653135503,-27.362376103745156
1.3572072519377674,1.3183340103728178,1.2239234812060535,1.187157620006035,1.1569817099858248,0.8099998524806354,0.48328509506515904,0.4690807958976325,0.4160231454591847,0.42622656131170517,0.6222231310685085,0.4273383282544666,-0.8910519469480782,-1.144696894375224,-0.05757068730267478,0.5244129653135503,-27.362376103745156
1.4448758518825728,1.3747468454688654,1.2898342789841006,1.27150907770414,1.2044869711277186,0.7789526350030793,0.49056818956029224,0.41750739081280397,0.41589315789655057,0.4672936131172841,0.7166614469032287,0.4461380111071382,-0.8214230138833036,-1.1095905273307742,0.07123004399493282,0.062294340187075026,-27.967673699113597
1.549890741752385,1.456679764823294,1.3854447429121404,1.3201058476839513,1.1815307026635768,0.7541146214385059,0.46262841219285133,0.3868839155316527,0.40369771248060515,0.5185455091727367,0.7530963775835933,-0.43495159362753416,-0.811289662453406,-1.1448830447126692,0.21035407214914154,-0.42172958864078236,-29.17136803213171
1.6360846078683218,1.5280111554296596,1.4831180818960306,1.3853059087796025,1.231313768087046,0.7676880998028759,0.45327179107503834,0.3599329073562645,0.38971393913512875,0.5255290423117982,0.7747855758922584,-0.411287586812248,-0.7764379446125758,-1.0881992337658226,0.26914955146915304,-0.42172958864078236,-29.17136803213171
1.678489896812096,1.5493366511547526,1.5089203796531574,1.3722978055749,1.1779738869224095,0.7506529371357518,0.4479258344910475,0.3510053252288329,0.40501939409998833,0.5618688490801302,0.7960224597132279,-0.4267849727098374,-0.7694176708351081,-1.157248004851145,0.35998700097014563,-0.30297236420435425,-29.80855760109481
1.6959133685742052,1.5638528487710879,1.534824180927652,1.4087320169640862,1.1914767070878385,0.748273851025462,0.43392591912972667,0.31685419649115354,0.3894515581727147,0.5663041556219031,0.7996793405494732,-0.3997078462805237,-0.7385068409599957,-1.1130404827284206,0.40307441562387814,-0.30297236420435425,-29.80855760109481
1.662016797883754,1.5644065882373799,1.5037289241662832,1.360487107540291,1.1533590758730607,0.7411318361445765,0.41785833334328226,0.28835290628751875,0.40798844150275126,0.5890185736995444,0.7913340354583573,-0.4140867321520538,-0.7860844596105736,0.45225860592545697,0.4884170763929855,0.7703037995167237,-41.394466777826295
1.5425180820124822,1.4028655789120714,1.3990230974984528,1.2565092319075324,1.0638877659587098,0.6783955664737178,0.41459615628000523,0.24037624379673084,0.40150987153791073,0.5986658032746035,0.7631349561489029,-0.4079129281600011,-0.8204836626439341,0.613403813458166,0.573807605791119,0.754618386043524,-41.016524175170055
1.4816329825447694,1.2624376115449731,1.287829163969275,1.20454851664728,1.0531656767043507,0.617985522376598,0.35562743865220126,0.18082696888672856,0.3483052204254078,0.5572523621574093,0.7183999793161153,-0.4410693029584525,-0.7959529793804601,0.6444667269821216,0.6099032188013761,0.754618386043524,-41.016524175170055
1.4130118840167256,1.1603723333100486,1.1723118043699383,1.1002867486665995,1.0116720847768077,0.6346132201702736,0.35607627092768923,0.16126039112301493,0.3466412983810616,0.5375531629798942,0.6434417641717001,-0.4871961208680413,-0.8409847218658499,0.6912904861877195,0.6205866135653465,0.9084509237864378,-25.10288169768537
1.3680305540791147,1.1354033548572953,1.110432211957813,1.066487646137968,1.0250588742561935,0.6797023163818201,0.3459594416759453,0.18399643402258736,0.34790536944061146,0.5406823463798733,0.5969538336243632,-0.5112620388377307,-0.8661443633476485,0.6579871344406413,0.6069671008023736,0.881899384424961,-25.948591384185647
1.356114997807533,1.1292675107686165,1.045528212165564,1.0116432109655173,0.9801199298559433,0.6961186967494741,0.3432053960928134,0.20982728674596474,0.3635037919443006,0.5564351772940684,0.5890441783510165,-0.5034431725603441,-0.8511569098734861,0.6638206954812309,0.6183174587605236,0.881899384424961,-25.948591384185647
1.335746255319978,1.093608780010972,1.0092962706438078,0.9564924313229468,0.9872529389824433,0.6978991699512047,0.4083678036210716,0.27479671981937703,0.4286312171893588,0.5927995802026436,0.6274955482605868,-0.513178403247776,-0.871205460633398,0.7274181384123483,0.661197308010505,0.8229068972236258,-25.236885399213193
1.2923850310885736,1.0494946386603856,0.9709608117989066,0.948039150097049,0.9796771444768475,0.7440572527015781,0.476142619809824,0.34053963240861407,0.46984271807907174,0.6358026233970758,-0.2858014823517536,-0.5358891252691486,-0.9480962254359964,0.780594616123762,0.7002055362889864,0.5071319427034329,-25.266567457574553
1.2922190006342977,1.0644953881910857,0.9811777580218416,0.945126139531399,0.9828329952284005,0.7793854943348538,0.5219211049520639,0.3975034340800052,0.5079548991816136,0.669591311225745,-0.2579800992323366,-0.5377846650214404,-0.9433322451066737,0.7687376153474823,0.7068839360606264,0.5071319427034329,-25.266567457574553
1.2360429756308204,1.056237460292304,1.0076186863747183,0.9541728317037772,1.0149603785843304,0.84676420052573,0.6120321773545799,0.47227255539724866,0.5687644232855591,0.6991648324979948,-0.265572766013384,-0.5726480813925996,-1.0585211565495118,0.8119226357950295,0.7474676563996996,0.34352102573244725,-25.895096783780502
1.2307436223037902,1.0737264374406021,1.022959378863371,0.9722982257931448,1.0223512438404432,0.882522560493074,0.6514351607042997,0.5215084309681804,0.5983077354296413,0.7295324586202167,-0.242305018842215,-0.5636738102917486,-1.0491590927587013,0.7994541315462206,0.7507333801896483,0.34352102573244725,-25.895096783780502
1.1864084679978832,1.080259359831158,1.0547740958182519,1.0032969472049418,1.0479241675125974,0.9521050282000519,0.713076650243189,0.5585863372660635,0.6241673057707418,0.7237351926744221,-0.24572980190731036,-0.6084103018812383,-1.1613308830387485,0.8290281132667714,0.781742011993011,0.2794148461388035,-26.113133329202824
1.1892174465639278,1.097271611888972,1.0752745154903858,1.047738927920904,1.081517214824182,1.0012364792385076,0.7592027855064128,0.594652724060462,0.6312525858336169,0.7397440011894711,-0.26802526324135,-0.6776648591346128,0.4949630805856646,0.8680467093791592,0.8276726676164745,1.6618364048496037,-21.230850349778706
1.1465276539192195,1.1296794089261055,1.12207989724915,1.1074589204391594,1.073145343244772,0.9761461935898483,0.7680962634798274,0.5604424707067568,0.6325699518860607,0.7426539272565963,-0.28895673108310854,-0.6602293865266198,0.45227694511630745,0.8346158877199505,0.7825379707719448,1.6618364048496037,-21.230850349778706
1.1129253148456597,1.091198076020743,1.0851460932247903,1.1701634123911564,1.1301974072291152,0.9628940714942975,0.7312901802516953,0.5628069227283312,0.6196896143245029,-0.23451732655508473,-0.3526916896131355,-0.7228302126262534,0.6168800125017497,0.9044532586521392,0.8523948175550861,1.6813782897277765,-16.839247639693298
1.1406765069630778,1.1056432525184088,1.137034184693517,1.2228552231428786,1.1878736361258861,0.9619214513439414,0.7269098378227142,0.5192737776756078,-0.3672241899985067,-0.27510551460406263,-0.4421209908697218,-0.8692395700543909,0.6801168202835737,0.9406929639292436,0.8764883839473349,2.1113337895307556,-7.044304393592835
1.148946360184453,1.1314889112505366,1.1586028554910144,1.2431177749605373,1.19753234600604,0.9613252571342998,0.7236558419172882,0.5305481760338606,-0.3557956836038998,-0.27997929924749365,-0.47627169229448907,-0.8915006851872153,0.6413875087052672,0.9040219182179245,0.8468392458769683,2.1113337895307556,-7.044304393592835
1.1517201756138844,1.1166985563250826,1.1731455964014323,1.2522750751358054,1.183368420283737,0.957169698338297,0.7353795217847697,0.5711413402774879,-0.3540793819918849,-0.28794072169771956,-0.5528035704941867,-1.0354121817996094,0.734969030933061,0.9548581101404285,0.8969898305422523,2.209057243921621,-6.197656496278984
1.1358961094305813,1.1246958919588261,1.1966703195387873,1.2461775618931759,1.1984822800511596,0.9416953285079526,0.6895094805992218,-0.34789351639997435,-0.3219218707408385,-0.29966114391765314,-0.6288889129014504,-1.0543374968962347,0.7867162261911322,0.9829070067025331,0.9319607271839805,2.724033269116462,4.874020715010628
1.119206439055577,1.1483165173164656,1.2133424554360321,1.2614533499148468,1.205723329956341,0.9556074949513809,0.7292915755099781,-0.29779627818353593,-0.2758015533549528,-0.2786131003204245,-0.6363899557427062,-1.0793601414952854,0.7378775284092827,0.9260631969655825,0.8869997993751308,2.724033269116462,4.874020715010628
1.1322566614986382,1.1743371772158215,1.2247070360025667,1.2714578800258867,1.1886854273968,0.904730094611525,-0.10503186914660761,-0.24614530450074384,-0.25140798175366336,-0.2915199648168302,-0.7364106949304257,0.6714340859536214,0.8014065764863361,0.9556741391282046,0.9291373068208362,3.744200592887565,14.425713439140033
1.0978405617247045,1.1980099522625138,1.2670642653575999,1.296739526908961,1.1854550835105158,0.8944227915878742,-0.04146223386710968,-0.20368585432044872,-0.18706929082425827,-0.2577726972641971,-0.7387973478381472,0.6522591999407416,0.7370438605725761,0.8945499641395613,0.8688132123365855,3.744200592887565,14.425713439140033
1.1214486651877822,1.202155253626346,1.2313045629834851,1.3043268734246047,1.1689240480809173,0.036364053677027997,-0.02714110283054727,-0.13884635963603836,-0.1702344751323476,-0.2904909219571775,-0.9025367685744998,0.76813184895223,0.810956123555392,0.9205058612345016,0.9072820027431034,3.666368389709331,16.23690805851905
1.145929310713833,1.2212898179053338,1.272968141607437,1.279594839809047,1.0688566983024284,0.01275465711964019,0.017699652205045185,-0.10534998752415237,-0.16064703940136202,-0.3522574533823655,-1.095559555270317,0.8138868046280243,0.8296070025326632,0.9249973722434212,0.9215493197986824,3.817012305184168,18.711127507736016
1.0999495538060207,1.20011614927349,1.2550139215122487,1.2469549217923284,1.0450220905687309,0.04951465715506753,0.09744870506708338,-0.008904613917516069,-0.08515314228756712,-0.31574366719163155,-1.100129378411576,0.7883967964775689,0.7834746309942908,0.859343814000198,0.8772116628311561,3.817012305184168,18.711127507736016
1.0843718356768965,1.1657758280030264,1.2116900646361524,1.1687583980742753,0.2095524452273016,0.06365881148277158,0.14387329655573614,0.04384061044759238,-0.09751214990295325,-0.382235886366909,0.744204509424095,0.8484084789073689,0.8149233523024143,0.8674459893855226,0.8845665783666317,4.266390429651319,5.704170662809574
0.9661412412370651,1.0499596709072296,1.0920110311471318,1.0673168893182612,0.07499602294670255,0.020426949585104492,0.18144600700030236,0.041569196121463176,-0.11728442761218866,-0.4817583812684603,0.8827865855544121,0.9316222627640514,0.85222253612304,0.8774947308912623,0.8993045758995466,4.4725562338294,8.831930749125396
0.8708823950895097,0.9517868270436174,1.0083946492678855,1.0103028101401774,0.055865737657520176,0.019127402284110417,0.22072413915429523,0.09032367480504201,-0.09385090522062146,-0.4844053860769912,0.8671927058588964,0.8847508223888066,0.8102920696680711,0.8096373554085012,0.8452873158309981,4.4725562338294,8.831930749125396
0.8093526424208185,0.9115230409188171,0.8830054078718487,0.14321128586449344,0.00940735642295204,0.029115141746251016,0.18670106617150942,0.1479779778144982,-0.08109774235336409,-0.5035126208117755,0.8840482611747479,0.8996183380150218,0.8152958463773781,0.7790593700230514,0.8140783121951911,4.239236784573091,11.129096156978571
0.7847897822614051,0.8730837924622755,0.8355137883484673,0.0955893543642864,0.026016463690686054,0.06809324565675848,0.2221702946157279,0.25016937521571603,-0.01740495793113217,-0.4660359699943418,0.919163447204447,0.9168181368088544,0.8369529680178438,0.7726319828774785,0.7928457135585638,4.325238505910974,10.333864678324929
0.7600068796159474,0.8696596814377461,0.8053318822722446,0.061510918467122644,0.0017835075087639374,0.08558506305555563,0.24778410127457523,0.28999874441978535,0.002489803934709822,-0.4596076605171653,0.9229224874875034,0.9131482744734369,0.8141103363266902,0.7292539373697764,0.7504661984781641,4.325238505910974,10.333864678324929
0.7568380788168942,0.8360746916896206,0.2155055926189724,0.08485468149792963,0.0307825746757574,0.13652634709226494,0.3033749226981048,0.3590452334401023,0.06632285243358904,-0.4139869161012584,0.987332113778342,0.9591340336185434,0.8641759214643169,0.7398194144524677,0.7649943960491319,4.174678807095985,10.277226375334996
0.7798869239175952,0.8625052141064491,0.23163816070930476,0.10130864306668286,0.044181912839626025,0.1437269895915624,0.31106001479387263,0.38271550830947204,0.07372223740037012,-0.4101972557414643,1.0019897178516775,0.9626035265278977,0.8628231361614903,0.7219306717591443,0.7464911928853473,4.174678807095985,10.277226375334996
0.8065723663214119,0.855751663298832,0.26178891365074886,0.15986694725454165,0.09955749215002946,0.1872827559608505,0.356915237130274,0.4307139993725532,0.11647220007010992,-0.36226286162904914,1.058550762173962,1.00924450308202,0.9000222071120481,0.7577118146293718,0.7539331513212051,4.2571394848651005,6.261000279182165
0.7874479232794284,0.8647804076650432,0.25718715532571634,0.2111421811774536,0.13479071046254232,0.2047462430791764,0.3880133565478314,0.46352879572928074,0.15389569337947331,-0.31898291773447296,1.1096381929048926,1.07311291578297,0.9491030996873806,0.8086245507167031,0.8021477718566894,4.3498995990221045,5.483450788030575
0.8036721497870261,0.8687916979273967,0.2825449944909484,0.24078046839306777,0.15014585268610808,0.18031981534492522,0.37027677952955473,0.43743662636089964,0.13639494090042192,-0.33365078077378524,1.1086824513372178,1.0784622550333485,0.9515488661194437,0.8133514483020865,0.7978911279316061,4.3498995990221045,5.483450788030575
0.7815119323595999,0.4834714963793125,0.31286563373116294,0.304500270876153,0.20826108133640026,0.21708234932670856,0.389765237507692,0.5020340843267267,0.20653350309185892,-0.23909175374953523,1.0950174838816156,1.1070368901949315,0.9792082754325622,0.8717173619175044,0.8375276204112561,4.247092964794487,3.850699531814686
0.7217872099721265,0.4648116576561059,0.3571689029268784,0.3597989056482092,0.2691341709600876,0.2542786232961017,0.43209600590819996,0.5488137091140625,0.2677198294409039,-0.14993997889627372,1.0807780182655211,1.1367252189461898,1.0271758181225024,0.923449841180032,0.8908153478779488,4.303372614119427,1.595552618586721
0.7219764786320748,0.44517677939506184,0.35101583453209795,0.34721756892376093,0.26015797130440343,0.22785717120580345,0.40733561405271423,0.5116716230417544,0.24462478454685294,-0.171921982573031,1.070168025660048,1.137156935689449,1.027248578614588,0.9359566271843035,0.892376514659973,4.303372614119427,1.595552618586721
0.5810460298293965,0.4225540515038606,0.3524050662204846,0.38071213760126216,0.31493401542623,0.2756388714111748,0.4580561054066318,0.5588256913773296,0.32112079951278716,-0.07841400150850718,1.0586708244517833,1.1410661958601471,1.0557069769721044,0.9817798989583529,0.9490794800618376,4.098582738393851,-3.118068790256498
0.509117785907901,0.3878354355936592,0.3743884475726922,0.3924028494182558,0.34479428057540906,0.32553396366180365,0.510350811855091,0.6172690837199467,0.3947349671517292,0.014739149655360759,-0.8631009996264577,1.1579266754677238,1.0914626959499607,1.002223478084673,0.9912872684260894,3.5459094584089534,-5.447368958213434
0.5162604635752688,0.3597089116736525,0.3476178291084697,0.3506518192253547,0.3444390640341686,0.32316990841183,0.49168265629749,0.6018659547097682,0.3719088924056466,-0.0058165868169219315,-0.857414012361054,1.1440105714724962,1.1019354085777566,1.0180768289649336,1.005109419490028,3.5459094584089534,-5.447368958213434
0.5024685052527694,0.38500057391042575,0.3814709902039356,0.38116691205540054,0.3949278914692611,0.4088268613223621,0.5579473815894291,0.6677046543489914,0.45609634467960675,0.1038017921887392,-0.6704176193330955,1.13768503089389,1.090065867202111,1.0493922157221003,1.0238307566797837,3.881141059562225,-3.3355311059966017
0.4968807440989378,0.40102305920574843,0.3754690843195787,0.3964802441320575,0.3944475483761393,0.3988295107966118,0.5310076179639756,0.6346509903770587,0.4324015980810664,0.0920697381817647,-0.6639713586893112,1.1560125299349924,1.0940829516952997,1.0551118331840117,1.020097826288087,3.881141059562225,-3.3355311059966017
0.52117126133542,0.4542376237649952,0.4264874495750899,0.4789537941913746,0.47103945736499614,0.4514399985934818,0.5738840085974501,0.6798620586395476,0.502019185029933,0.19777899300488455,-0.48950919502089285,1.1208315441317183,1.119149875490125,1.0916326581140994,1.0566496684660722,3.766243036218115,-6.393783190685939
0.5443411080558489,0.4921199962357725,0.4851005891691197,0.5409300344942902,0.5310735259017838,0.4964526291504339,0.6355116064510045,0.7209220749872007,0.5622078259917896,0.2867606569509773,-0.32358059018993174,-0.9345258688108598,1.1335748438131996,1.1237796840427001,1.077675349464178,2.9609109007092833,-11.117222835468759
0.5831311049127842,0.48275462966028626,0.4876095514277453,0.5290838923702134,0.5465118581003297,0.4964057552027298,0.6171065708796227,0.7113472799954101,0.543534924080806,0.27668482505492387,-0.308755688257191,-0.9363439048901196,1.1656242006565964,1.159130722781026,1.115411293859697,2.9609109007092833,-11.117222835468759
0.5911766978855557,0.5379643606142193,0.5674179537942835,0.5692396376023786,0.6052304402011534,0.567637667576396,0.6809850092533658,0.7442292747754709,0.6004268774575241,0.3524305762468223,-0.16640528065278976,-0.867937161510036,1.1167846080274373,1.1629427212004015,1.1108377184883038,2.9743664198524087,-13.67792013781498
0.6004031057950072,0.5604531609537493,0.5845050847375486,0.6221496813675396,0.6464537457014327,0.6212166800350263,0.7203615645015617,0.7817457275793545,0.6524487346356639,0.4274887102702004,-0.03565599314774043,-0.7548958282982356,1.1410250762556897,1.1841090474196325,1.131123169703149,3.0804164029387646,-16.09502072482985
0.5975048187514015,0.557746876466185,0.5873180809705685,0.631661084949603,0.646756229588597,0.6021744303268958,0.6939569291194768,0.7351656828307692,0.6220624084015239,0.413036714112629,-0.03273399600043264,-0.741936334217798,1.1551565779101236,1.20969661067589,1.1439617533670956,3.0804164029387646,-16.09502072482985
0.6256930013119032,0.5897855198870585,0.6382460738569299,0.6890501085069931,0.7029134768922253,0.6364143507206512,0.7160374614498519,0.7503818036332193,0.6411598002605245,0.4569084868575915,0.07069515510588287,-0.6580454854677553,-0.9185004900874524,1.1998512943128063,1.158925496287768,2.1020034682264948,-24.545249588189478
0.6837815124717908,0.5950481999645395,0.6460027539762956,0.6971472815710634,0.7444678434123715,0.6971420773619516,0.7395629321441817,0.7840414204441999,0.6762108865065906,0.5089192939394612,0.07506615984455223,-0.5666070060720574,-0.8334023192393509,1.1998274397082693,1.1863047969093463,2.156841626128771,-26.807230548164675
0.6682873572538659,0.5941610717176277,0.6628383718236575,0.6677479663285328,0.7328818945310638,0.692112453444693,0.7331203977844004,0.7304742353360599,0.6443581457674157,0.48737206863146776,0.0837197678519146,-0.5680650749042739,-0.8515188730391431,1.2075072667597813,1.1822508896992525,2.156841626128771,-26.807230548164675
0.6824051718545074,0.6182268464530499,0.668986768821926,0.7051922217167775,0.7797275333369258,0.7390357326373371,0.7405948842579146,0.7459587363054677,0.6650455832506083,0.539999468068308,0.28816724977381747,-0.41629695701515235,-0.7919618249062254,1.0444662148965622,1.1734209926757708,2.0390471835018227,-29.715995515651308
0.6936259813466019,0.6256309464035426,0.6646383168787375,0.7097536336864327,0.7832391216845822,0.7301441295662487,0.6986934664933819,0.694121988362595,0.6206487006124816,0.518694018416781,0.28866777427785234,-0.402352599247695,-0.7671087052017029,1.079122512952504,1.1952725433404656,2.0390471835018227,-29.715995515651308
0.7361558225834128,0.6708842754970141,0.716921817113314,0.7672745330977602,0.8344158412120308,0.7596008311954066,0.7024956207422075,0.6830182007229405,0.6283778497181456,0.5594992414459814,0.3838964448141648,-0.257219461186906,-0.7056174001125569,-0.6688322641791659,1.1655742470040042,0.8615148705809066,-33.01953658323575
0.8111241268900385,0.7285070160653521,0.7562999644306326,0.805348689531731,0.9130259710171821,0.8237230213850322,0.7086685227143109,0.7185180963538443,0.6450987025368495,0.6055004490713116,0.4881176686559698,-0.12792761574737527,-0.6068245610687028,-0.5933851220455931,1.1286782325531057,0.949926620742132,-35.02647940106833
0.831175060592184,0.7832499773923389,0.8184258918374738,0.811333000500765,0.9136120115201689,0.8299247152173366,0.7045900524027862,0.6650679346544082,0.6183363968676944,0.5964198829939584,0.5104794397349879,-0.108927084179164,-0.6165329538660539,-0.5748144082398694,1.133083928462068,0.949926620742132,-35.02647940106833
0.8874935237974515,0.817776090019092,0.852220134878925,0.8841948343122032,0.9752055499415502,0.8661258814477673,0.7140098895967141,0.6602533658111255,0.6160393989303645,0.6380400875902592,0.5834910172341423,-0.005399213344862264,-0.5217654659057432,-0.5022780168750659,1.17044054903959,0.9904499867648382,-32.11060319708662
0.968079735777245,0.9294914789512594,0.9464652476218076,0.9786297696693236,1.0477408069969363,0.9014960641889731,0.7078014614330568,0.6354321003898765,0.6068088657826511,0.640610732842325,0.618715770424167,0.05302976767631423,-0.4650710735250141,-0.4390442550801149,1.1915755758967812,1.1185907006788898,-33.105703864880056
1.0126919798900746,0.9739585772985213,0.9974322342106127,1.0365405700796362,1.0691409300783914,0.8812895040415503,0.664631742312058,0.5768812955048748,0.5719080517137322,0.6305724839595968,0.6194093622252317,0.08423036425939834,-0.4379860874067468,-0.3939058567890753,1.2273655991652774,1.1185907006788898,-33.105703864880056
1.0851374831771459,1.016602867435103,1.062197050644516,1.1120114002081294,1.1190112990084387,0.8797944106322415,0.660565266828438,0.540608542795261,0.5658789588014327,0.6525594659642151,0.6347968085307051,0.0967062355181128,-0.38295958711353145,-0.3066260438095254,0.881667665048552,1.0065996953169871,-27.97369095396008
1.1667136895327597,1.099286765642945,1.1323588741446184,1.1887875888816573,1.1886948933821857,0.8947676893315375,0.6434265919987889,0.5134280534718672,0.5398737779627999,0.6352482712709673,0.615486333144398,-0.009567267757573883,-0.35086508245973225,-0.25377734427388665,0.9045273769351793,1.0556758824957844,-28.40109526671639
1.1940231894317184,1.1228290740079603,1.1611496012434757,1.207481267717177,1.1914668408541573,0.8876981153605825,0.6252995626393771,0.4846677119107551,0.5296846883084976,0.6342283348015272,0.6082349598885838,0.0031596133469919685,-0.33817243160988025,-0.2227189688336488,0.9317077300687039,1.0556758824957844,-28.40109526671639
1.2372256518115485,1.1351216191042455,1.1785406380425338,1.2289180711060421,1.1945729334192703,0.8755138100874232,0.6307666815261712,0.46513284720380976,0.5253003327053722,0.6141275337258738,0.6127339653494244,-0.08184275544784769,-0.30286194165667935,-0.15588030878345704,0.9603149024515456,0.9590659872449598,-28.402662379309206
1.2367220042303848,1.1242514012521774,1.1751270640407858,1.2178995210165033,1.1914230574443492,0.8750846993229638,0.631723528558507,0.459670959302518,0.5270968313279458,0.6182846877392013,0.6113862289415364,-0.08606677921974298,-0.29699661044063974,-0.14023988230875362,0.9797570122856352,0.9590659872449598,-28.402662379309206
1.2415213552663797,1.133473297951448,1.1976209725599056,1.201165707145506,1.2013739196447213,0.8827870835534267,0.640492675804298,0.45468296460185975,0.5083387892176673,0.5909779996022596,0.4290296447660945,-0.14096488367360302,-0.2560991650658465,-0.10562220261086536,0.9903356481610369,1.193309533960318,-27.81359475276173
1.2195314270328137,1.1163334433507734,1.175776415681822,1.185667672161419,1.1844646258417506,0.8877280803950908,0.6498309029930834,0.43802397321745634,0.47996750282287226,0.5600830197279533,0.3039515998775474,-0.14654964881720087,-0.219760702688652,-0.08329949695337696,1.1641244790010379,1.371039958998796,-26.226977571619614
1.1911354630560502,1.0966120735383549,1.1493235345807462,1.1736465598573111,1.1739336694890141,0.890142533918719,0.6561692588241885,0.44485077628343617,0.48714649314179903,0.56673123272968,0.2968324812995309,-0.1520980166405156,-0.22331129367582123,-0.08845412476660858,1.1640577974560284,1.371039958998796,-26.226977571619614
1.1903192380321563,1.1037654541368034,1.1464608362564908,1.1740709287966726,1.1638436468482791,0.8980522566632668,0.6466488005209473,0.4267471940709595,0.47284318636968425,0.5115720307499949,0.1195519113034118,-0.1639498693662716,-0.18781154786885243,-0.06400132046677881,1.2027528948750708,1.3456042245840063,-24.963721753350626
1.2026841218187792,1.0952037316323295,1.1387809661997101,1.1582264531076576,1.1590186002423108,0.9062539536874263,0.6498308031959008,0.4214196951938063,0.43892874219757083,0.44643681043681693,0.010919202283623475,-0.17107203420120234,-0.1687062452097256,-0.07393646830380853,1.229551623687543,1.4136415409681993,-23.642761351348142
1.1830067305519338,1.0911848697685302,1.1256909881257775,1.1444764805481185,1.1491236021176348,0.921562193710678,0.6706803291093117,0.4466702769531895,0.45673010194990926,0.45925650102876686,0.010819536019700593,-0.17767379842426348,-0.17928323109879496,-0.09134067996946237,1.2200354537182425,1.4136415409681993,-23.642761351348142
1.170090369415926,1.0861381712318583,1.109609009678214,1.132147840899902,1.1392295500129992,0.9110390469776684,0.6527700705520512,0.4346039175102253,0.41149348750016457,0.36157616041484564,-0.03384636515654105,-0.14309742995027397,-0.14307075571215805,-0.07962525648757456,1.24512885340711,1.5191239282009281,-21.47189478815462
1.158087864232994,1.0930849759259988,1.1128495281287067,1.1339658727515871,1.1389735809567023,0.9237847981558625,0.6753176725627913,0.45978239520419917,0.43011220453132193,0.3757737484672329,-0.02963011958358988,-0.14879210222211744,-0.155021359051329,-0.09950926575499407,1.2317716245590502,1.5191239282009281,-21.47189478815462
1.159179291187901,1.1211112223299122,1.1280144666637582,1.1368495351031154,1.135758316852941,0.9072816039027121,0.6694335280541623,0.4296119157442526,0.3585042852527489,0.3920235605539118,-0.04183305380318253,-0.11563518769617098,-0.12776022509105234,-0.11009984412999274,1.253475194638217,1.8577881890857526,-19.628165730021152
1.1438237645978564,1.1292160515259415,1.1413562757342919,1.148994509727125,1.1329427253562243,0.9079353570372863,0.6902000239192898,0.44291576196926097,0.37547969705412854,0.40455235776814485,-0.041909707897306414,-0.11626993641097622,-0.14411595763682522,-0.1301548930638887,1.2354894323273322,1.8577881890857526,-19.628165730021152
1.1524952900080168,1.1205998452020978,1.1327981860502097,1.1552437740516148,1.1331737314639854,0.8798645837995787,0.6471172485294141,0.39510144601299346,0.26387120292211974,0.10515594577840709,-0.03968035718223098,-0.07294550341145756,-0.13544999618024212,-0.13815014012002047,1.2632576044561092,1.8522436549875776,-15.940700956212446
1.162499732867691,1.140225817839581,1.1548923272695795,1.1669871825137832,1.094569998437493,0.8403279470741771,0.5939444882734399,0.4168695855042416,0.27772627727371335,0.03567437928516454,-0.04211778900049579,-0.046724585182147116,-0.11253367314187387,-0.15860109807245365,1.2659443384265237,1.890597415510122,-14.738426908071126
1.1658604216731583,1.1541932267679165,1.164364553087208,1.1733213948058614,1.0939033522733166,0.8554646167903068,0.6124238531864497,0.44628766410535037,0.2986059289203528,0.04880047875615323,-0.045154093033311665,-0.04816604747524189,-0.12091435996084293,-0.17506134102581017,1.2563550475917702,1.890597415510122,-14.738426908071126
1.166864413042753,1.1520747216391527,1.162220509883483,1.146886042203555,1.0638274435731825,0.802367265318047,0.5498260767786347,0.4751556203854591,0.021184755074238282,0.03051657371824429,0.005493336560985135,-0.01758505445813341,-0.10622706854228386,1.2298326368308383,1.2787572241016991,3.04758522642926,-4.645496222527662
1.1445349928598658,1.1922712133621451,1.192186098259619,1.1674084639746427,1.0302505339909018,0.7034077209600393,0.4383776416481626,0.03105218841084456,-0.018358852511945634,0.03041661365767301,0.03752681594547408,0.015121712891881134,-0.14864836815727556,1.2398620538597318,1.2481986223869355,3.2877696976378967,1.9730632661281113
1.1709106611396387,1.2126286565859656,1.1929032716376062,1.2268084163985913,1.0547162963842274,0.6952043818055849,0.4227061944942805,0.06307073153274256,0.0006964430956230006,0.04246396501929922,0.013387696234487961,0.015396953138985536,-0.13713892350851117,1.2315274818075952,1.247361101823097,3.2877696976378967,1.9730632661281113
1.1974238482216397,1.2180787709415422,1.20369262373644,1.2357778986433108,0.9979381519223509,0.5591930850638231,0.2614052941873769,0.024763747486535925,0.03208567466906653,0.08055604566681507,0.054257859815428855,0.03177485013718001,-0.13026939762728967,1.274328888113219,1.2701182494732988,3.374078291450596,-5.946177453110906
1.1512129429270024,1.0937144594389512,1.1320270916661013,1.0987888243922852,0.8621348205215195,0.37462250573373823,0.19657368601485642,0.05706673757724795,0.09736660326654106,0.14915849020095412,0.09729199804361138,0.0563243454499463,-0.13248906402472532,1.3054330893811947,1.2993738538556232,3.34196677627009,-4.353421982431076
1.0930988910800035,1.0165971259600293,1.0804013554621952,1.038096507953608,0.8407601227814506,0.3747934067073794,0.2397506735688053,0.10142222493454622,0.13089227224858047,0.1558574064633125,0.08707595356233444,0.013478490734854964,-0.16428904659626176,1.2652303299259213,1.27266177446627,3.34196677627009,-4.353421982431076
1.0014795476133123,0.9668090079863355,0.996243821607001,0.9250683438910993,0.7167095191167768,0.28204538193118855,0.24412156782490402,0.15784755089363778,0.20180006386113453,0.2137422756691795,0.11068028963970644,0.014913232133263676,-0.18428751885443362,1.215443688155757,1.2382864967748106,3.368121396844219,-11.160549350826049
0.9126599592391167,0.873941734902607,0.89885350220453,0.8259452164610289,0.6517104710694976,0.29491857987007464,0.2903258160879213,0.20486577746462614,0.23456605027089333,0.22723350056186303,0.10682451876382448,0.0021340173770197923,-0.198798977829316,1.1852795216471717,1.2168540435270687,3.368121396844219,-11.160549350826049
0.8339335554480404,0.7729218398758012,0.7981131116722426,0.717862050586438,0.5427600891294577,0.27346626326250484,0.32303637617602365,0.2807313166476395,0.2946546936852378,0.28609103096308486,0.14725614106046148,0.016015544471458032,-0.17098389394045893,1.1425348239473354,1.1814081636769607,3.23094154766847,-11.70357993760553
0.7887056466350213,0.748097458789143,0.7366679245847897,0.6443061466197453,0.4810842981038357,0.32977962241474323,0.3833326213416937,0.3754384898996386,0.3589557154116817,0.3338211343750234,0.20487209671487033,0.061836452778387896,-0.14014521217718268,1.100370096046379,1.1487215478852129,3.2461798420908705,-13.056188417775921
0.7575724903596815,0.7363853135790196,0.7029226099502315,0.613193400391403,0.46303029953815567,0.34557338816354843,0.39895539575368705,0.3988782998000119,0.3642729940372985,0.33472693120881447,0.2107464021288032,0.05826614598788299,-0.15340884146542605,1.0704054997895658,1.1200269767943092,3.2461798420908705,-13.056188417775921
0.74775071515081,0.7410258556029817,0.6867038596102856,0.6118185833577424,0.45659802639226066,0.39064888255691627,0.4501700521317531,0.4696136300875506,0.4260706151134475,0.39871551837886615,0.28051560323921226,0.12173801901021691,-0.08108661637294057,-0.3594720182581135,1.074548501803744,2.1926146809035982,-20.994704004851663
0.780856549979691,0.7334928313168223,0.663218897849847,0.5852609064903342,0.4612251846827117,0.46145468227819453,0.5034821212419394,0.560912128609653,0.47763358001239004,0.4645462617167052,0.35928170894659195,0.18869077021263347,0.022796042916603865,-0.27534920459964013,1.0485835218405781,2.2432006279178234,-22.49076037506339
0.7855953717763346,0.7741530420952749,0.7159252565527976,0.5893230425066645,0.46628021018498983,0.47383832582878166,0.5218377931424654,0.5438117638937878,0.4666378132989412,0.45848139282858547,0.385909878611694,0.19542505695657675,-0.002532184943192739,-0.29389851171260256,1.0213342606187579,2.2432006279178234,-22.49076037506339
0.804689752760061,0.8034326375455949,0.7214947187803002,0.6104944312048771,0.48572603371163736,0.5203538056892366,0.5487055083200877,0.5790729013695457,0.4960945804178297,0.5116611884190444,0.46489077313140503,0.28256518366539646,0.08555150674800771,-0.21557038385595007,1.0256167001698118,2.1168312808549397,-23.12870965491155
0.8544377102593492,0.860110443339684,0.7602010051809378,0.6694433800294852,0.5323486940335432,0.5668438624227304,0.5579807134852577,0.5913421035755445,0.5108265624668962,0.5475363563311525,0.5292066478578891,0.36957797220455657,0.17315384602520106,-0.11221194151645697,-0.5687743364041113,0.921079568294036,-30.187482184120515
0.9459762464455601,0.8908939310979163,0.7957013223234047,0.6928106893503122,0.5746557953205963,0.5789662853290641,0.5203912790083862,0.5775385359077905,0.47427829480843575,0.5333047058857417,0.5535612942223853,0.38690972280718655,0.23334922994107732,-0.05670781805356839,-0.5125479885601834,0.921079568294036,-30.187482184120515
0.993069763021577,0.9641224232258324,0.8809534810971646,0.7177226957924987,0.6265189288815023,0.6272176451371396,0.5595862277300838,0.5692612357981782,0.4996482515421603,0.5668463532203081,0.6309110365297652,0.45940648927981115,0.2858644964947677,0.02077529064004724,-0.43617440638595717,1.0541775492011167,-13.784168182912811
1.0961880517966824,1.1086958220764962,0.9842853872984111,0.8587855636452719,0.7239481050334242,0.6477265610219982,0.4933023428290362,0.5295208343994343,0.44996846194664486,0.5435174785312382,0.6391183394030915,0.48055911331645096,0.2980577184965745,0.028416601783333162,-0.4356178864746462,1.0541775492011167,-13.784168182912811
1.2167810041273692,1.2394454688834526,1.0897192697514955,0.9713563053902997,0.801796937979935,0.6901315405322204,0.5004700481909892,0.54241556109072,0.4813454423797531,0.6007264789262889,0.6901975186902942,0.5807756356482965,0.3864515259212003,0.12520350721471585,-0.37245610528215023,1.1304751968447242,-15.090292512122566
1.2888248105341527,1.267959455132081,1.155429540389027,1.0295630883610543,0.8520716267738604,0.6681049264658547,0.519014710555343,0.5407355572401076,0.512636029403412,0.6541429169688762,0.7650129314567258,0.6288019014403256,0.437126527660625,0.19045841190273582,-0.36042224508184434,1.0175464611952987,-16.63785589041563
1.3614010689867746,1.298133714031869,1.225781221361692,1.0931351216482723,0.8883567211281307,0.6321334529411047,0.495194961543831,0.4986587639618747,0.5010944324155368,0.6548612582079356,0.7743276769690549,0.6527135160378815,0.47047772749828,0.24715569904753676,-0.3097303373837261,1.0175464611952987,-16.63785589041563
1.3796942690681713,1.2687706930855767,1.209662616730172,1.077794511279281,0.9122706941173984,0.6399409226602767,0.5246514668192754,0.4883872857435903,0.5222999665357885,0.6734834328501962,0.78551526369082,0.6917418531985853,0.48059969622536436,0.26681204724263574,-0.35412347708371317,0.9263205790123008,-17.79496032693723
1.3472998353697128,1.202095962322424,1.1571957688562342,1.0675804878613737,0.9212602308026674,0.6704599732508258,0.5374871659527602,0.502503897595136,0.5479186366383078,0.6881683554279252,0.7732431979473576,0.6903317047297453,0.4933893112693397,0.27564437368237077,-0.41648910006404927,0.7476086334651351,-19.103350583726687
1.333490838723193,1.1629177856457944,1.1271416630632851,1.0280052249261507,0.9091916682932438,0.672610871350793,0.5364873039956277,0.49225039600037235,0.5452817008383433,0.6813509961902238,0.7604008864808539,0.6790376111712356,0.4986728265131487,0.2978115480664372,-0.39420790493430846,0.7476086334651351,-19.103350583726687
1.2680449734814152,1.084561258621864,1.056804739637872,0.974359310044171,0.9002217565350368,0.7037919586705279,0.5809273623596887,0.5108696803860693,0.570746082216687,0.7024199966324931,0.785565641577777,0.6744374649825292,0.4931087846553851,0.27165105484828417,-0.4688423404324392,0.6376353568597728,-20.306519923730164
1.2326563017476775,1.0405019540060803,0.9947836767482993,0.9193198496200449,0.8751379618464592,0.7155313259555359,0.588314249566571,0.5204353627786334,0.5753354588573635,0.7043297052843035,0.783488624739981,0.6693547754559055,0.4985554753156924,0.2785175518362435,-0.45722925755213506,0.6376353568597728,-20.306519923730164
1.1662811640615152,0.9804240937103827,0.9463789979516196,0.8765250920129342,0.8736669648253255,0.7523639394903243,0.6260723064967082,0.5329880519143958,0.5894888214018124,0.712126472998579,0.7886659258961295,0.6789460956454159,0.4907385836083783,0.23782052879516608,-0.5632976585671196,0.49102085768959647,-21.190407206037293
1.116795785644895,0.9374839224579519,0.8981225488045536,0.8411302189571849,0.8801521749818797,0.7955285339232319,0.6644988678589414,0.5883480651313804,0.6091600150367293,0.743512151350718,0.8021902362154113,0.6811137771275826,0.4962747491475752,0.21436554815475356,-0.6523459767812302,0.5674617014259513,-22.489731616048587
1.0928506283978554,0.9281382554707946,0.8764809258124959,0.8199693337953214,0.8653894639078143,0.8046727209565825,0.6789700902020592,0.5942861902897014,0.6153376250576383,0.7516277095000543,0.8125753091965118,0.6874451652361089,0.4961039899969244,0.21316946191803846,-0.6522070502790719,0.5674617014259513,-22.489731616048587
1.077291208784183,0.9021784900513968,0.8508623962278604,0.8206793719021215,0.8923270159098224,0.838528106953323,0.6844643255365097,0.6062959471563524,0.63978857261662,0.7592104118065922,0.8310369162566779,0.6940702591795604,0.49724288023442764,0.17157165660345317,-0.7250204990196193,0.625637545014226,-23.364885123685205
1.0313835355016812,0.9015406666127379,0.8500726315781072,0.8307455906111181,0.9142239284352928,0.8598745511039513,0.7128599355007831,0.6256434675432303,0.6554351023000384,0.7899145239402657,0.8512848344637234,0.7095783621912294,0.4885884434778468,0.1458461170918689,-0.8601183037653495,0.4591786221443188,-24.80875210430424
1.0360298526917222,0.8984758385867361,0.8476814147779771,0.8338230124393008,0.9187703499584363,0.8622368226091475,0.7075348714249063,0.6238564038602952,0.6485264008267224,0.7890915389064439,0.8550169393504035,0.7141380063405983,0.5025651185532604,0.15621291656179387,-0.8470513371003765,0.4591786221443188,-24.80875210430424
1.0148619011515772,0.8842396092402925,0.8641490453828846,0.8658358388357916,0.9314406524666436,0.8773301397834058,0.71727413142516,0.6243965004861032,0.6477880184355279,0.794823782660594,0.8640538932144861,0.718933655612816,0.4951495129953727,0.10566873225609881,-1.009787389647145,0.13366369680599366,-26.015433187537887
1.0113185463362204,0.8873389466469971,0.8655613632829368,0.8949135732166931,0.9888183561607545,0.9263633184605442,0.7421508017750283,0.6631088651813626,0.6693406533506174,0.8143338348216633,0.8866709868992642,0.7330674489292174,0.49498641250780173,0.056655735177236544,-1.2473755177291463,-0.12378501821382404,-28.45793100687049
1.0223655990669012,0.8956596689735544,0.8772930197335927,0.8883324504909149,0.9903817712309045,0.9366916488496426,0.7441452717158681,0.6589555865632511,0.6626414375592249,0.8137552757374135,0.8971743411572721,0.7380927565563336,0.5049494091669418,0.06845113722266559,-1.2355425822930468,-0.12378501821382404,-28.45793100687049
1.0144239123666567,0.9075912753894594,0.8976644227354789,0.9160367691950033,1.0203598360418162,0.9647608923269744,0.7643639860320186,0.6696031181829033,0.6795109860597184,0.8365737893711322,0.908920184959436,0.7468654658549093,0.48491495782551663,-0.038658107956789485,-1.6844888714786852,-0.6270269259148034,-31.61354114125522
1.0385102746085328,0.9126156961021924,0.8938780143523413,0.9169681908799086,1.0312319424566663,0.9797322628537861,0.752986101707829,0.6707966882253424,0.6659449392632834,0.8358400651844173,0.9231262290005758,0.7589076663144941,0.5185093771825321,-0.01355993281878659,-1.6553452299766398,-0.6270269259148034,-31.61354114125522
1.0509105210685836,0.9492390551735657,0.9665233105072972,0.9797003109195551,1.079691362832063,1.0146415961068929,0.7760999799214199,0.6753282299423132,0.6550460307638282,0.84011108626811,0.9555222317018409,0.7664994450715743,0.46671195361514894,-0.1682067528147428,-2.2191347828527404,-1.1948545440589031,-35.367944167342216
1.080853260758547,0.9872631927630576,1.0027366928637642,1.0329208072155018,1.1319240111777775,1.070440155297618,0.7874884846510647,0.7012808634783145,0.6685820286944842,0.8671509746259947,0.9822307678265032,0.7790281644693047,0.45531972406820653,-0.32822730017126384,-2.2711384098398275,-1.396878551299812,-37.94883351086555
1.1038328051594057,1.0160223550834842,1.0374245888167346,1.042097152483349,1.144344037302905,1.0792031218603215,0.7836857693420095,0.6749514883448109,0.6487454340514258,0.862076358147131,1.0010617843077176,0.7929211665600473,0.46765220379523575,-0.306022131077363,-2.255168560636491,-1.396878551299812,-37.94883351086555
1.126219371961981,1.070679060282131,1.0942238942732654,1.1097054657952885,1.1919983423025031,1.1076832742262002,0.7880406375121809,0.6653667364024671,0.6445303794576118,0.861065695963095,1.0152760879844405,0.7835599619149083,0.4002026144488168,-0.28410986439567976,-2.28230087270623,-1.4792106801712723,-39.366259206554396
1.1577093095382802,1.0981895068897412,1.1157589236520495,1.1443011704106938,1.211814866471384,1.1035419046813453,0.754764448067215,0.6257133288227317,0.6107554018802897,0.8493532002786601,1.020523494814359,0.8071842118199466,0.4310317348476196,-0.2485253562572915,-2.253984929516462,-1.4792106801712723,-39.366259206554396
1.2218578287898896,1.1732801538683453,1.2002778821199447,1.2166438868201102,1.2720901400412858,1.116307095580086,0.7413140003467681,0.603395418913637,0.5815807423207764,0.8510407282286441,1.0239815504254561,0.7925052621145415,0.31781998855106,-1.0914373851958252,-2.226307833678592,-2.2212569237515516,-44.55787967893609
1.3153046710179415,1.2201041092771434,1.2443807905692448,1.2627199905706294,1.3184746087111632,1.1442592048012312,0.7310009636685253,0.5816864868969877,0.5679415988689394,0.8404459959310543,1.0302600470831644,0.755394162381396,0.1657885820157072,-1.7639695384017182,-2.170454698830465,-2.8200319754213794,-49.12827322374255
1.3484642320364437,1.2286642929092828,1.2665888449358509,1.2438995229113292,1.328444628897365,1.153540346286119,0.7204621430787918,0.5501778345969184,0.540326224973656,0.8280951609206452,1.048512123613557,0.760864998638436,0.18778058996951644,-1.7256413144003406,-2.1345768709727597,-2.8200319754213794,-49.12827322374255
1.4072674168214896,1.3017005313943806,1.325970463721382,1.275083532930668,1.3617447667900375,1.1854708182519413,0.7057647623620881,0.5329164712876915,0.5194014075310487,0.8194137235590543,1.0326224561702109,0.7818055231518539,0.20023304185539634,-1.832817514638284,-2.1157035380665254,-2.8287725525802125,-50.3942129395231
1.4717296886048485,1.356787532352207,1.3581739360848049,1.32457140573053,1.3940810381533861,1.1889970498383704,0.7006057588577839,0.4931151436026392,0.479601951865261,0.807856531284793,1.0205075940164494,0.8127282922879271,0.23727479108509453,-1.788010013912285,-2.08202403808658,-2.7528649004533006,-50.857159425991014
1.497696530938252,1.3814898634118158,1.3815427546239414,1.357936210312459,1.4120056018433027,1.1719462727496017,0.6589441812302705,0.4327482932239479,0.4374803678880499,0.7913853591110247,1.0240476525132327,0.8358781187395959,0.26435805638910465,-1.7460499991607548,-2.050801466281769,-2.7528649004533006,-50.857159425991014
1.5778716998651043,1.4402100863481737,1.4357098384667126,1.4219052592319046,1.4472255759171315,1.1874858640718529,0.6147233753646205,0.3785651539752053,0.4084918657271225,0.7750698502650801,0.984274006093308,0.5109713711566926,-1.3922954501245175,-1.7039798101816959,-2.0149777548827923,-3.9593906942064176,-56.60364281457075
1.6481574376709052,1.4395880872226565,1.4351707161052851,1.4131833841397132,1.4761736729576618,1.1977869791800528,0.5769591910947092,0.3625302430577302,0.3744468729391569,0.762289366668663,0.9971935341859706,0.5152084272898073,-1.3280603251465661,-1.6371008045458053,-1.9418310474370966,-3.9593906942064176,-56.60364281457075
1.6984313236397854,1.522323166911162,1.5117231164938953,1.4338570699484874,1.500148585756586,1.2090748319108886,0.5795717007363634,0.3145390116684701,0.34667852339078,0.7385972959239105,0.9317776913566476,0.5226547675140718,-1.6143081338532264,-1.6190969548007534,1.2687054551235468,-1.4848853077241577,-45.538301891441414
1.6713911602072087,1.5928310561197718,1.5696567909814627,1.5290938823700944,1.5005415311372108,1.1460934282131374,0.5386298577094507,0.20027239139027775,0.29902282155341053,0.6860146568882105,0.9078673037601452,0.578517137438498,-1.700111354449753,0.6416225662549092,1.3304461675119486,0.2922637146036058,-35.247658803299096
1.66352089591695,1.5853710791364084,1.5538529273884971,1.6636872183811926,1.519492774365176,1.0255493336834183,0.4170886991658549,0.08501776351452617,0.24059671112956948,0.6561921640566915,0.8367399553116436,0.6135050275257419,-1.6656203490652048,0.6857083726490101,1.3505095422785651,0.2922637146036058,-35.247658803299096
1.741278915862539,1.5654340214904847,1.57417167439784,1.7289950952392985,1.5420090563109234,0.924450059490018,0.33437043025511004,0.008721685077179853,0.1714218080528218,0.580787597172757,0.5285892221673807,0.5772187307807239,-1.6208352373777926,0.7510699058566583,1.4028542185179582,0.29130973606330013,-34.804502998605415
1.731937257513267,1.4813318204397283,1.5702456700857435,1.6604300987808065,1.5123809663907326,0.8528628353841715,0.31970509930516977,-0.02978930802674995,0.17550270095489884,0.5527472443675507,0.4594416791066185,0.5074253395175629,-1.6656018444524516,0.7579847994578262,1.411776426890893,0.29130973606330013,-34.804502998605415
1.6733396026925367,1.3473797458054282,1.4792401253357204,1.5259274289162303,1.4375718332266885,0.8280083477093406,0.33647576031982673,-0.03960018246929997,0.17654310455039024,0.5470382803800677,0.21337557060873308,-1.626297258897297,-1.702961557644687,0.7344947354002652,1.538186808814256,-0.48249480388191923,-35.47531428831291
1.5835268058353766,1.2403842704008496,1.3390387853764911,1.3552656480987937,1.369350616860469,0.8602611968648073,0.388789448732654,0.018711965697798316,0.16936926316395196,0.5617047046310424,0.20146952644607258,-1.7980387201308303,-1.7260628361451005,1.388722696744074,1.5851546597437296,0.06945052848390354,-31.49908604058094
1.4412969106124565,1.1788017055905846,1.2539238861431026,1.2190324619983395,1.279940856327706,0.9084765598831233,0.4857710082075516,0.0948279113052104,0.24047536114643353,0.5935762166602436,0.20457097379327444,-1.8430876838206256,-1.812152622349421,1.298839602582615,1.5118680394955146,0.06945052848390354,-31.49908604058094
1.3608636825462095,1.1007167794013157,1.1302076842632567,1.1232818981452806,1.2159292824150143,0.9510005010208449,0.5233495461159231,0.16059306242604454,0.23558750110703175,0.6428554052749345,0.23037005306842093,-1.8513822372598994,0.36658463458129437,1.3639592622860826,1.5392546789064745,1.7223430598371507,-22.977189024845828
1.2400829550414711,1.1170112885889323,1.128004370501861,1.1255668581730847,1.170558187916148,0.9196660314526901,0.5610388329162506,0.1399509664544043,0.20429317659185298,0.680228789739416,-1.6124692622172987,-1.8629191652637862,0.5271440940151986,1.3510748701878876,1.4788073194648872,1.4979634547229352,-19.353861355116422
1.2228107178335277,1.097756974699733,1.068019892965598,1.1516721372883216,1.181837909696986,0.9407900422853082,0.5786449770189424,0.2420571865710498,0.2519253246946336,0.7162260040674763,-1.6146077908185372,-1.8734147570934832,0.5475471500750214,1.3126234435597608,1.4712663116407927,1.4979634547229352,-19.353861355116422
1.2214929742335934,1.1400616391447551,1.1276769952173562,1.1601448688772718,1.1780868779226754,0.9336136884451423,0.5930481548065456,0.2407770860500772,0.18304461283560147,0.7501982167009374,-1.802839986885871,-1.908619911456187,0.7077769049752909,1.3280411769173948,1.4553016207461347,1.7430212825484377,-15.742032990991028
1.1935715373087257,1.144740161187697,1.1429754398055187,1.1708404681504534,1.17275496553559,0.9529953434097556,0.6553614217742777,0.32128236473848104,0.2433310359771056,0.785423642689282,-1.7956494083468366,-1.9238043599649568,0.66853802325921,1.2599439212819534,1.4097109114995252,1.7430212825484377,-15.742032990991028
1.177287232319384,1.1483868272560567,1.1460797463831778,1.1735164762470693,1.1312243913230506,0.9383456261210061,0.6529805699203203,0.30767741692075523,0.3001278147313924,0.8202833157213681,-1.828376616838086,-1.9381940187537268,0.7945661590216971,1.269117542783396,1.3964444086335008,1.921442982822935,-13.376251153761839
1.1557841774968436,1.1603078112041982,1.1686491876716247,1.1769030016958812,1.1294251491272755,0.9036789414097292,0.6294411180318025,0.22514698548162881,-0.108996242775531,0.8472536349482852,-1.8007540569750615,0.12029986641097226,0.8771236772280147,1.2698482664939945,1.3809021943854787,3.1585556911026575,-4.399168686821177
1.109307913472107,1.1945514736631377,1.2062499927188846,1.2294546908759225,1.1242881225028483,0.9019239181375391,0.6685177566174219,0.2573478360179292,-0.06871018850089955,0.8646581103422354,-1.8239524134082465,0.11206542838709749,0.808957830301424,1.188800063956228,1.2995009717499837,3.1585556911026575,-4.399168686821177
1.1110084174395878,1.1655535362261267,1.1722442000439548,1.215842657335724,1.066473412112247,0.8157367449127901,0.6780621359694552,0.3209894528016184,-0.03205879241704507,-1.5516525126857483,-1.872602733967104,0.37064938030882033,0.9191497572831031,1.2118855647143945,1.3138099127574698,3.2467327049617367,6.366250371580994
1.141209067461077,1.2155176213766221,1.243640258300926,1.250449821356507,1.1063068228057262,0.8257056263919718,0.715868406292556,0.37589606303127276,0.011042227982708985,-1.5439261710842713,-1.8957106375993844,0.3139011620546168,0.8542197710394739,1.145909485314464,1.2505008965939355,3.2467327049617367,6.366250371580994
1.1428967407512862,1.2203666914855602,1.2426896425128293,1.2212827361908147,1.0451697070130295,0.7632467037081031,0.49319018461192743,0.4630968747497878,0.0762852260431186,-1.6196608990663401,-1.904892701652772,0.5001404728204619,0.9081711549586227,1.148659340261144,1.24670119697335,3.522886950769725,6.4085235890563865
1.113330421738073,1.162090996410697,1.187447882285349,1.152371485414688,0.9683550491264428,0.6134986850877693,0.5629213696216562,0.532389534050366,-1.525330497902671,-1.589557059101411,-1.891884270174318,0.6293468781554045,0.9472715298264974,1.1398779004974582,1.2341316415024923,4.097263308766175,22.68604827127244
1.1132263413668988,1.2171175102441665,1.2294468247459527,1.2043130619719264,1.0038914252862743,0.6398083103876223,0.6092116488386378,0.6076308485949617,-1.4689371546912822,-1.5680852027904146,-1.9029116833462592,0.5924887868248486,0.879386808077814,1.0522241506650345,1.1568844527286206,4.097263308766175,22.68604827127244
1.1247350128916045,1.2429041670539243,1.2013005492460116,1.1839387914510557,0.9116956749790976,0.6766541983830635,0.6647215655941978,0.7134428153555141,-1.4678478157568393,-1.5149442102420423,0.11982829274050366,0.7185156337606585,0.9448381272209172,1.0510965133495334,1.1325715523732138,4.783121189248863,26.81845351060631
1.106194895830324,1.2463760550183154,1.2371486664275575,1.1931221182724432,0.9046849213793909,0.660440127831263,0.74438180685794,0.7798507034625703,-1.386399023592742,-1.4713466365078829,0.13099786368552302,0.7033732530543058,0.8932800931110495,0.9958315382020867,1.0779401723894417,4.783121189248863,26.81845351060631
1.0610817489696247,1.1825305213774682,1.1856106828894302,1.1381228151151632,0.799912842162603,0.6710138753548283,0.803771605745794,-1.2043832266422196,-1.3102928566508358,-1.4651932736220397,0.4406767474467643,0.7997312317772727,0.9417679680277506,0.9904806545517724,1.1064117278814996,5.720884005281668,30.83519187350601
0.9769252221708574,1.1395182833114608,1.1562067597271612,1.0699846944839488,0.6543427879205754,0.6653121200096119,-1.0032127286624506,-1.2058402025019141,-1.239247209379167,-1.4404213516836317,0.4178028224230994,0.8727005612990875,0.9182669487526303,0.9531048653115959,1.0580378461543747,6.113463542587725,46.160792130780635
0.9707097728054376,1.1556422523069592,1.1527401182158115,1.1124364634871973,0.6873663594449213,0.6880817665854938,-0.9733018150757725,-1.1159549548428065,-1.1828026128224107,-1.426129341828734,0.38176060943838486,0.8277575897824773,0.8666117051365112,0.8727180200877771,0.9923117488355947,6.113463542587725,46.160792130780635
0.9459242736531164,1.121538653705861,1.096772350050549,1.0053472066758833,0.479031744418814,0.719323031458821,-1.0708231269583315,-0.9822486011309919,-1.0986491631653694,0.32861747376390854,0.6412824958727625,0.8725308336070909,0.8718308519347019,0.8525196041803547,0.9540845076877562,6.190229729762638,41.03363623868523
0.8891654967485286,1.0304180453457252,1.0099563551015769,0.8554552409746896,0.4282238037429648,-1.2457966652717944,-0.9772915722890142,-0.8331060642508701,-0.9827200942332659,0.4832725937391955,0.695869256849266,0.8771541193369385,0.8450552389639872,0.8106524956804327,0.9418297376289609,5.695862765201735,45.16936912279215
0.8606943862790636,0.9881879943099365,0.9674246358600734,0.8003169590709199,0.42729723610822046,-1.2010570904903914,-0.8926172182345251,-0.7053919102734865,-0.9031202754576794,0.5150163825128455,0.7060997719817168,0.8253029368571605,0.8042297131138938,0.7363671515539034,0.8916305253971025,5.695862765201735,45.16936912279215
0.8076610321534442,0.9666967189312836,0.9441472069997117,0.7358543487248048,0.3955898817151398,-1.1236281884798163,-0.7459422272167643,-0.5279621979262011,-0.7762119003407532,0.6196887128204368,0.7445080008325069,0.807724196838838,0.7764962132465694,0.6818853893957426,0.8277890387296132,5.639855866446798,43.882843950075866
0.7612978740897931,0.9365892394790818,0.8938343854077457,0.6915258193197042,0.37146026603194365,-1.079440143649841,-0.6627151484259527,-0.4172023135743521,-0.702168494844937,0.6620294060419334,0.7734757604723166,0.8046269841821567,0.7579837502801539,0.6248324791335723,0.7845925891129049,5.639855866446798,43.882843950075866
0.7188773719416476,0.9372946210718724,0.8614898863380146,0.6514593978827559,0.36720552808161766,-1.021017191188443,-0.5404249346780081,-0.27468293720613846,-0.6227145584100242,0.6931640014994795,0.8364389230871384,0.8338502876173972,0.7354306071259159,0.5701076744587905,0.7379738039494201,5.608997409087804,42.84372540315933
0.7011986407261601,0.9444591492796814,0.8323318634135816,0.6583933404240513,0.059860843148456244,-0.9562504291855031,-0.4312774830102598,-0.14277153724584501,-0.536685674989406,0.7153242550513375,0.886003229820679,0.8636589864400148,0.7372445619165306,0.5308497343628047,0.7239815608134977,5.4879470417850005,41.77221915111816
0.6940154438766052,0.9429711069197448,0.8400787384664756,0.6200204843519906,0.0038570298382676893,-0.8917766072886241,-0.34557063075162,-0.037664216160822384,-0.5096254237766777,0.7276173686554152,0.9282763452123246,0.872109884809281,0.7431761038524878,0.5286108978131645,0.699343119133661,5.439440097293496,41.09244489083785
0.714153218053218,0.9704476029798468,0.8640267147856615,0.6465968175086151,0.02187734883898873,-0.8756325382838991,-0.32729701100513575,-0.007724112930346805,-0.4954365572338072,0.7309282257519653,0.93607963127069,0.8798542759210313,0.7348324723135002,0.5068966224052063,0.6734209197902071,5.439440097293496,41.09244489083785
0.7337747013737195,0.9829429258810076,0.8614279397099611,0.6536486491837272,-0.033537406061446506,-0.834698685766837,-0.2616150311179335,0.061395163376568584,-0.49289366224999887,0.7268764487457996,0.9764341907206677,0.9275841639181781,0.7635856812375499,0.49894277652107344,0.6799144865742173,5.534265598291932,33.04548127320536
0.734239850948498,0.9550662981193085,0.8239485346801736,0.6102632548931312,-0.1348108362154068,-0.810686297646618,-0.20246503829096918,0.11632377298886387,-0.3202556501100178,0.7198666122152487,0.9977472485743195,0.9573405558591894,0.7774562471451643,0.5347113916859427,0.6836655531923754,5.41201758465521,30.414816435917338
0.7411115342418002,0.9175726904339283,0.8113934846091155,0.6053651034807714,-0.12538242234511232,-0.8426672052875147,-0.2289496085993542,0.084276796744853,-0.3483311288596701,0.6908410493574597,0.9903824097445865,0.9539098330366268,0.7843165842825375,0.5465411793676886,0.6840189154966769,5.41201758465521,30.414816435917338
0.7423877210280835,0.9071038426462741,0.8129893305718561,0.6194290883344046,-0.05495930291771689,-0.7763836998277617,-0.20370247283033083,0.12840955353884376,-0.20679063043269663,0.6507204030540226,0.9218437632741203,0.9330680841387294,0.7720408015976961,0.5397321121731646,0.6714992136260863,5.328505146346447,34.50018019635831
0.7754527301312297,0.9257391425211999,0.8164310692067657,0.6330134884468178,-0.031810490145660064,-0.7836553098990855,-0.2524734653660685,0.09394463213980597,-0.2443295049620382,0.6133394919299942,0.9017692553421053,0.9266147914527028,0.77100848687397,0.546947744740484,0.6648821586423286,5.328505146346447,34.50018019635831
0.8171973536385336,0.9625284704896756,0.86771078476572,0.707162703779959,0.1587373915585909,-0.6814356749697045,-0.2112459029851803,0.13769020711674995,-0.1562234475873705,0.5238080231933284,0.8407150770283329,0.9139739870000358,0.7593187519504792,0.5676930051744788,0.6684789977692748,5.2943603015254785,31.662596343107705
0.8435279594858291,0.9615410516144451,0.8897777286289208,0.7475121597730235,0.1552962318201051,-0.6014198358182224,-0.16262667609256687,0.17089356885851592,-0.08258591336353405,-0.7019002824408069,0.8143015776148643,0.9297805312695753,0.7766162040659224,0.5989483535151241,0.6889728712568278,5.230708180532249,33.90385840567261
0.878350051742989,0.9770203730459878,0.9106343497717546,0.7642878201067764,0.17517393594876096,-0.6255379896882055,-0.19148449106750576,0.1377250044789603,-0.10187001559571651,-0.7195383021972519,0.8199169306066648,0.9316234733167527,0.7820429314863835,0.619150225350616,0.6976337902658076,5.230708180532249,33.90385840567261
0.9223752378011547,1.0181956341896914,0.9355779096482175,0.8138722529300102,0.39108153972216664,-0.5223367567852402,-0.1262541729154985,0.18436546982156066,-0.03602578901040321,-0.5880752019090206,0.7630026981917588,0.9245195711077676,0.7831617489749868,0.6384449477516698,0.7052661265170155,5.1882138906442385,30.657993038304834
0.935436419130902,1.0078570019142292,0.9373411094137685,0.8115593445206413,0.3865518560312891,-0.5463716761692023,-0.14179947309466673,0.15714970533704975,-0.04407353908985279,-0.5944143746798414,0.7708583948167426,0.9384611738383271,0.8008796683706834,0.6709055672493454,0.7273035427611703,5.1882138906442385,30.657993038304834
0.9502587429188512,1.00490204497999,0.9767975302470242,0.8471104446454429,0.4501319710394627,-0.4495249965488918,-0.07736188325355053,0.20982636677682842,0.015862724013996687,-0.5090497886206535,0.7721968276997699,0.9236455673367769,0.7971518859099949,0.6771835252191872,0.7346510322959128,5.286761661416872,27.668431783140367
0.9434225750278157,0.9986235553384786,0.9677560140158612,0.8708670089234456,0.4836981074658038,-0.3528523068481912,-0.001550998584487484,0.2652005670162342,0.06695879267713689,-0.4184098163710464,0.7643410302743961,0.8928690733859646,0.7848220647960453,0.6849558467806589,0.7448746166679372,5.260080402810791,24.630512540131082
0.9216076444366443,0.9551075599704071,0.9366680322349601,0.8440836688600928,0.46847210264270756,-0.37512149294311,-0.019946445051171102,0.23547790044144645,0.050183707266182265,-0.43510054599175,0.7568994909542051,0.8902585885434935,0.7922036666957647,0.7052182101159018,0.7575218084493113,5.260080402810791,24.630512540131082
0.9153347162418051,0.9536680638094015,0.9428358023309358,0.8485375045806485,0.5217511650426416,-0.2325656873650297,0.04158621804403417,0.28805315050052493,0.09341821335599332,-0.37281802181750395,0.7417900279309314,0.8517054084992408,0.7739520526846406,0.7075774224701682,0.7447358866981499,5.340232528077744,21.612861656763634
0.8951631095079937,0.9188908074021269,0.918327568577578,0.846595356910452,0.5574472726712113,-0.2453254361523185,0.11203720381021165,0.33700918390338397,0.1398752901729774,-0.31710223482784616,0.7276656341849814,0.8358642565720612,0.7541341982078522,0.7143937713701056,0.7454424182713317,5.3086756077310415,19.05864441768574
0.8633194403553894,0.8699358701800908,0.8703439156694949,0.8054359465267278,0.5355538406913303,-0.2658620140214487,0.09023587106437436,0.3082283896378136,0.1181976812739548,-0.33652239442899223,0.7201925317637401,0.8290683414876634,0.758062269719213,0.7260813392753687,0.750681467993408,5.3086756077310415,19.05864441768574
0.8414834631214826,0.8573513705318916,0.8402469406765408,0.8029265420321569,0.5741129330288487,0.021045950127576596,0.15223940183692863,0.3726281053607299,0.17237790429832361,-0.28970376873187165,-3.7767533783657408,0.7659720452575411,0.7372945914494343,0.7087267999442112,0.7223347938251039,3.96319207141429,16.7672982234544
0.8834539582566994,0.8509434012610603,0.8065039422623785,0.763118540607975,0.5947852897393955,0.060273577643551124,0.13237340635108164,0.4009970887421077,0.15619506592241889,-0.3017153741391655,-3.762672172754549,0.7458663906404707,0.7740351448916001,0.7316847171943951,0.7564419921740256,3.96319207141429,16.7672982234544
0.8987860653840845,0.9323108121631324,0.8939802067515072,0.7729966465911705,0.6371325640685019,0.26321440626418324,0.26482473880957286,0.49413922354193474,0.23437989850996288,-0.22346858267348155,-0.8488157902030873,0.7154901939527196,0.7150836419826058,0.7053963190444639,0.7239240835538339,4.623243505721905,12.288589575816832
0.8712748906971935,0.9356881344315963,0.8747579540572772,0.8203853929415394,0.6515712253482547,0.2411352341337876,0.35758356081179254,0.5462904793325355,0.3041934810810839,-0.15022773231344458,-0.6547962702422749,0.722044280313914,0.741257048826848,0.6957814865408396,0.7335264526784837,4.607216157601046,9.384904668052606
0.8797117682431101,0.9246333149653935,0.8710186761449306,0.8579145546580418,0.6699632113808537,0.20569853221307993,0.31707119405416173,0.5007852170041368,0.2681953014861122,-0.16212002740290607,-0.642916314916328,0.7416415385685801,0.7812624090445168,0.7334748773290078,0.7602871252913288,4.607216157601046,9.384904668052606
0.9194615018228587,0.9749860099667194,0.9569155129666318,0.9277254528499581,0.7484908428379731,0.192415210437409,0.3782690604622607,0.5381182293714369,0.3109600795685398,-0.11842313565657303,-0.5282311664114958,0.6938377672961444,0.7233247107887628,0.7446749181665435,0.7387844565531261,4.449792450668926,6.0209153919357234
0.9371755530937318,0.9710779453270867,0.964032078536756,0.9394935802108477,0.7542666892849297,0.17517395526876406,0.3318544017092212,0.4868195346752462,0.2684927347281338,-0.14685086493157223,-0.5453257014504911,0.7005329660095736,0.7416211586208186,0.7754911583112873,0.7619052141715201,4.449792450668926,6.0209153919357234
0.961258053677043,0.9850745485537841,0.978708203968905,0.9720643561088244,0.8095612093331951,0.15085527793389142,0.4085755468980604,0.5392323783588442,0.3038677374880865,-0.10934089174745902,-0.43398702261197264,0.6958320839954638,0.7121591101401021,0.7627137572785163,0.766919605890575,4.385660665209357,12.14366584949433
1.0079880582705747,1.0191423315892774,1.0358617741515725,1.0295183423206469,0.8863684693287389,0.5482877379337309,0.4943067731575741,0.5807572290808727,0.3284649338315585,-0.07497283301572949,-0.3709713756168348,-2.41152307649346,0.6852692763122497,0.7559056887307101,0.7440375308496332,3.1302107277031244,5.386546049187458
1.0729597618502082,1.0248903933828997,1.0240648680973168,1.0010273392864713,0.8968015209305378,0.5727990678280066,0.4707933131235039,0.5928574266631168,0.3143808966341139,-0.07674558556804807,-0.35320537912878647,-2.406929072701591,0.741731062442075,0.8080097689914805,0.8021885474939379,3.1302107277031244,5.386546049187458
1.1006528275075227,1.064916244263149,1.082055892636258,0.9965434861565272,0.9272565823557126,0.5787551445408124,0.588623343937531,0.5611980726872015,0.34825709157060847,-0.031336208807034374,-0.27762318523969454,-2.2187547074306755,0.7247384746165436,0.8168973161758984,0.800541278618435,3.4044664747152593,-5.152572677792173
1.0576911845383876,1.0468530655210229,1.0332235023456795,0.9717480344653613,0.8785047777269641,0.5601867026721765,0.5038504978992742,0.5299092279026603,0.3563877677503205,0.018254284486472733,-0.2206904295654632,-1.9659047069842788,0.804361962945265,0.8682664260518445,0.839801260042425,3.5568236598124434,-4.605758381110486
1.0441441278932633,1.0279487783109447,1.032234501233094,0.9926350090604641,0.8971333263250463,0.5295429661194735,0.46976365720930213,0.4693552735751159,0.3127540133297033,-0.003752404869210163,-0.21589102076670252,-1.9646542229959845,0.8183345897131331,0.8923035706052151,0.8524034387886956,3.5568236598124434,-4.605758381110486
1.0523559527066473,1.0476267403765853,1.0430610516682823,1.0162641684538367,0.9125924103719317,0.5339346829439466,0.40831713845208595,0.44499144712502164,0.30923869641296653,0.0076898831943460755,-0.19674769114942908,-1.899442462393885,0.8241814469664063,0.911030129684141,0.8650497802934831,3.5598944437012072,-5.3689653272348306
1.0631508771898495,1.04803469524549,1.045975633275158,1.0249740106594178,0.9196270950386682,0.5155758093994967,0.3599339143623866,0.38671076795732706,0.26335520321672284,-0.02189184160063634,-0.21652512779595795,-1.8982652483252287,0.83564600425299,0.9386882930398966,0.8819897644287533,3.5598944437012072,-5.3689653272348306
1.074867858091683,1.0403154998949273,1.0414790948480892,1.0267615217786907,0.8680466671171796,0.49200021529961196,0.3179975090388347,0.3714723697493536,0.27112571383297035,0.015487728513686017,-0.17914516849914375,-1.8568996587871167,0.8486383834250655,0.9646225510162889,0.8992758850411391,3.580897409314817,-6.409738082357095
1.079217178644699,1.0298735274922393,1.0307289411530332,1.0181079103277129,0.8605139501420596,0.4666814623082277,0.3301658418715858,0.3684855424598521,0.2936935408307726,0.04810756126071972,-0.1325518130134642,-1.8325027428125553,0.8592334322637736,0.9899882568020245,0.9188902255490898,3.568253390142911,-7.968297346996639
1.0757273274056656,1.0071873335890609,1.0132801456633063,1.0006813711043987,0.8500647370557288,0.4413545150368585,0.29792379461091456,0.32483851502376593,0.2641569871019013,0.03115528656096958,-0.1385279390065417,-1.8318468042092682,0.8705272545108687,1.013806091208675,0.9376066548428059,3.568253390142911,-7.968297346996639
1.0710149989330917,0.995129013721578,1.0037916637122066,0.9874334864227935,0.8436377009885097,0.4245663726559674,0.29663440613662007,0.3283832681790854,0.2817530888202958,0.06508549149914367,-0.0937516733109921,-1.7891336166802703,0.875443729045609,1.0291251823936824,0.9493263735793761,3.542927835900513,-8.542672081640504
1.0636971694518926,0.9827990008867044,0.9891445934382006,0.9724953665942722,0.834561745530959,0.4154118211849967,0.27442958780105187,0.2998652412171957,0.2606441063126247,0.05352898813022422,-0.09856201608312709,-1.7907899553774114,0.8810040435359343,1.042844756278335,0.9612274516321508,3.542927835900513,-8.542672081640504
1.0568994380737977,0.9755590889006792,0.9807847815782101,0.9607908550243791,0.8288882718868317,0.2985458602559448,0.30099434603739167,0.3218913695275266,0.29290181413108163,0.10552905274730784,-0.04048243202043622,-1.7551903557561812,0.8821038197684974,1.0549544851935615,0.9707424285131943,3.416155175933846,1.5793572087992498
1.0974507521045622,1.0370507013152719,1.0201220172837366,1.0019974075305242,0.8714187493533396,0.3188070415632761,0.3218432394963576,0.3560560508556294,0.3287632811958005,0.15078696380252865,0.021829829447630622,-1.7237507746251284,0.8714764531063749,1.0454131371473898,0.9650645248093462,3.427198930340568,0.28926433212118496
1.1239439086239604,1.087546894111048,1.0504003620669218,1.023409670222337,0.8674338897619187,0.3357409138358908,0.32726022435229896,0.3660463613045324,0.3423012655875635,0.17077030479901456,0.033006443902864446,-1.7010175873754152,0.8828313629107625,1.057656315064429,0.9777752075785887,3.427198930340568,0.28926433212118496
1.1442780371415382,1.0995334077280878,1.0777995442665231,1.0376676168118393,0.8694580870480726,0.35321830188893477,0.37701055174113624,0.37541305144987314,0.3982393785359274,0.23369968390623452,0.06283065044450142,-1.4574787824691509,0.8989996036082244,1.0963041780008382,0.9962494809357861,3.5109235671096783,-12.20126505822643
1.1056846740116772,1.0433956202616572,1.0535101389492456,1.0055546460978844,0.8217927225496691,0.3312290306443778,0.4023544957564065,0.3692223367294698,0.41372239499673885,0.25577649503393,0.0786120376952279,-1.429439602829543,0.9206674348044771,1.1220655815458789,1.0244831101823737,3.5109235671096783,-12.20126505822643
1.063010205596247,0.9859106398582738,1.0116797812724236,0.9503745600740687,0.7379745246024092,0.2850471698174907,0.4094339082854611,0.3942984915816461,0.4352670334907724,0.2915646753777521,0.07973322499555358,-1.2930931790372844,0.9106478322977678,1.130441129262148,1.0567144133918287,3.5264947783408527,-12.643453993041172
1.019010779984807,0.9439546563691094,0.9846092466694146,0.8996508947230311,0.6679938816436335,0.3112504954745936,0.4236263450609905,0.4243961154342729,0.46032586568744516,0.32197021585113167,0.10250761511331807,-1.2660657605652335,0.8918415735482088,1.1185884205853098,1.0431743249564334,3.4857179723945615,-13.696333775128627
0.9840132140658127,0.9081995107830433,0.9409600030271186,0.8628875786137953,0.6506081402893821,0.31697982600205626,0.40884727522529607,0.41142121760142214,0.4392008389743317,0.3047497017647589,0.08213194116031663,-1.2803578793290689,0.8877910550226742,1.1137173300145031,1.0384511606270261,3.4857179723945615,-13.696333775128627
0.9541770808491457,0.883980235472276,0.8888663905139815,0.8284032075021202,0.6350645631227334,0.3541540422575974,0.4339289213016755,0.44642222096395057,0.47132789046913737,0.33071398099354077,0.10906501679296621,-1.2544662081005244,-0.6703563740764814,1.1076080158589832,1.0314101355450103,2.514873829218595,-19.712918306687683
0.959373417536336,0.8448071057097152,0.8248232715468768,0.7615863599282995,0.5797280740107008,0.3919530442292827,0.46253116059121896,0.5070921883112003,0.5068610434718921,0.3768157110006526,0.18075702564798457,-1.2242073865978098,-0.6272143665416562,1.1191315247917084,1.0619038611904643,2.4921626998684534,-20.998157440692378
0.9415089354428627,0.8576897428233916,0.8346362772264172,0.7258436043777823,0.5654982005982135,0.409012676883866,0.4803457024822132,0.4944016491729608,0.49678461721334266,0.3736939780814409,0.20263672156899637,-1.2267381415629552,-0.6501676126793953,1.1032841493313807,1.0429897530046857,2.4921626998684534,-20.998157440692378
0.9130314072652126,0.8657841588696547,0.8056447552079767,0.7197008602739019,0.5585488346125097,0.4681808362657385,0.5054319767782307,0.5289833574921254,0.5201794215918729,0.4243940851277997,0.28260484855004886,-1.1638859290704888,-0.6127288512322573,1.060490436108918,1.0490069253686798,2.487015989848895,-22.529726215301935
0.9327604542599389,0.9007589166874121,0.826832567413925,0.751775676053456,0.5731580821493738,0.46915784228951624,0.48419502136657666,0.5011228018531154,0.49305103669423767,0.4203648237305727,0.298283914799856,-1.1422445883282302,-0.592132511179335,1.0777187281733187,1.0582510354633516,2.487015989848895,-22.529726215301935
0.9682730830359092,0.93912137494079,0.8627343541455657,0.7922579533875888,0.6172895491361235,0.49259053203782655,0.4970809870675152,0.5046873162990625,0.5005900774907781,0.45081575727537226,0.36573176593617607,-1.0838243377178691,-0.5547908567157233,1.0978622492560846,1.0699012746873569,2.5191899405289373,-23.837523442440688
1.006281627787403,0.9692491141011921,0.8963810412259026,0.834306739971866,0.6490463359794889,0.5186612567747496,0.4982808731080605,0.5062576702832757,0.5149166245443064,0.4862218390032681,0.4183944892188806,-1.0257987141700395,-0.5077402417031628,-0.12082739878955495,1.064012462531826,1.6028279046106686,-30.834670030772646
1.0622880572894378,0.9630635605210526,0.9046825468886293,0.8365429777932883,0.6707986089342385,0.5152824296340135,0.46389205496317826,0.4835134906440623,0.4805924324328942,0.47352075700513974,0.4299184950168,-1.0174247028226737,-0.4548113001983404,-0.06804725689518137,1.1193246205963518,1.6028279046106686,-30.834670030772646
1.0768990342188374,0.9934593112193619,0.9525460733378103,0.8317183414509766,0.6862462933376601,0.5485545335508284,0.4996444268315801,0.476514709206589,0.4973582277766286,0.5043215010398194,0.48875419241189544,-0.9805848097880036,-0.44251306257645284,-0.05137736585809566,1.0870038260194193,1.5710299412502415,-32.3387829175799
1.082533138750517,0.9723612934924232,0.9351874344436875,0.8186910352875869,0.7206717876070432,0.591334379140337,0.5065584679699762,0.480979484902818,0.510113060276175,0.5370015334558151,0.5423415430164231,-0.9186703345931904,-0.39007849123273264,0.0009661927627098166,1.060330784150339,1.5437000739014377,-33.86734562684655
1.0977018616919558,0.9817049538367231,0.93563544386939,0.8254563851791688,0.7572689756730826,0.621169674653085,0.5097213761235365,0.4743898087195735,0.5147325309452475,0.5651662702035694,0.6039771910335473,-0.8749530307670226,-0.34545519533816027,0.042034147822332,1.0833817191160184,1.564107054470143,-35.286349909417766
1.1090526729355203,0.9826593234814424,0.9416089674481227,0.8413433135019577,0.7948476077973609,0.637642096782694,0.5205653677687618,0.4657861402318687,0.5202629888759869,0.5958470290862459,0.654227632649161,-0.8252736598765013,-0.30152597845742396,0.09935899041872676,0.13637152706048494,0.8157887183028416,-40.37406680857503
1.1369860314412692,0.9661037190317858,0.9263197999565832,0.8273591704023138,0.8384438470877609,0.6744097480301015,0.5161937705349438,0.48520109010664836,0.5297820256186914,0.6251257675916202,0.72001267911483,-0.7905698441771226,-0.241681115125534,0.1577353779010306,0.18751632868341317,0.8418990406316107,-41.84139259799185
1.1347033158430846,0.9532585446582161,0.9216524844513154,0.8371210988070423,0.8698095729299469,0.719515964236401,0.5513343896270579,0.48204472093033457,0.5396569191692795,0.6554045959673007,0.7783588025285919,-0.7627574172983521,-0.2235503650724917,0.19595321202720872,0.19823482459167013,0.864931733581833,-43.31454334609315
1.130107518849751,0.9406113973612316,0.8952920991202749,0.8349726781759003,0.8647612043948103,0.7094273848149415,0.5108309167403176,0.4347394453012021,0.4978326282586243,0.6389576717305221,0.7820159805828144,-0.7413074291865128,-0.19543344334383228,0.2259477016092812,0.22633086303835115,0.864931733581833,-43.31454334609315
1.138397642089307,0.9476508382865467,0.8963827784604701,0.8718928541409954,0.9140214122344381,0.7357680265298623,0.5212433768509286,0.41867919188647185,0.5041365455748378,0.6677006658353875,0.837970676019167,-0.6869475030295041,-0.1527622643824287,0.26474584412707725,0.25538439772496346,0.754180337656873,-26.75638899358541
1.2231133832077696,1.0656596704285262,0.98236203645972,0.9666409508102547,0.9992920904461834,0.7583964876032996,0.4669753109467174,0.3886902493936173,0.463071289092881,0.6433600653659428,0.829858709671371,-0.7040922348896588,-0.1615470833260779,0.26363719640929534,0.252194652246408,0.754180337656873,-26.75638899358541
1.3025523555826757,1.1641550568480554,1.0524855185812412,1.048886975124322,1.0563128872933694,0.8248884851203875,0.4974179186802483,0.4311739198580853,0.5189533555755836,0.7087012249871438,0.8786190865452675,-0.5775505672916451,-0.0856521974018617,0.3450196400394676,0.3084354066558951,1.2982511734263364,-28.03694656786837
1.2925181861002792,1.1577438042043018,1.107824296748932,1.1062976947710612,1.087199509420477,0.8068664449526008,0.550491108490669,0.4312810235321892,0.5675711898447403,0.7616546278254697,0.9117747523084649,-0.3412253164120367,0.05807541380179776,0.4655958391094171,0.3981594900474844,1.5136126736802455,-28.25647476464892
1.3102789915872628,1.1505205919325459,1.1341583213945463,1.1511088653653574,1.099977751589599,0.7665643308552668,0.5399458307899261,0.40757058377613054,0.5692137375590066,0.7731996083301813,0.9148401458190634,-0.32688264500321995,0.08016743867353782,0.49678337604915873,0.43187266242783356,1.5136126736802455,-28.25647476464892
1.280750446922201,1.1143401488788345,1.1598066696664433,1.1661065915956965,1.134461979898609,0.7882229241458315,0.5802639969814117,0.4344870685650686,0.5981523501585935,0.7837759266312057,0.892356291139412,-0.1528298616027255,0.19286247949927965,0.5900404475948263,0.5120239780319935,1.3662490642187999,-28.22243131505339
1.2402845803138338,1.082084790873314,1.1491605312618605,1.1766879896936868,1.1491558233415418,0.8332035030471837,0.6272195164904317,0.466631227032982,0.6144424944497873,0.7966987367028857,-0.612303298076708,-0.03543679061600202,0.2868343157233545,0.6570215915707425,0.571962828589415,1.1437930389367748,-27.687216086562117
1.2096561132151993,1.046435944403647,1.1145186861888166,1.126267980370095,1.1309932735120105,0.8574051187305249,0.6501857882578532,0.49392156670202736,0.6310313437401252,0.8021282656006101,-0.6245075460839979,-0.06144719852798497,0.27488181851641524,0.6462278559387974,0.5720601452174119,1.1437930389367748,-27.687216086562117
1.1579385515688565,1.0100842137095212,1.071703457681453,1.094735579502447,1.1380946329683121,0.925170258155309,0.7124525509693105,0.5455362039907216,0.67008959025624,0.8015059934829246,-0.38856202320580147,0.07208956299764441,0.3546919055514172,0.6948020172254684,0.6150970352445718,1.5476709830460038,-27.487267486668493
1.0923874711730424,0.9719194683893944,1.019821054396572,1.0510382243367635,1.1000859135550156,0.9330058258139524,0.7440420636737064,0.5685823715564664,0.6928283907964538,0.8188554865965583,-0.3866290451396326,0.07048785405411062,0.33765447183650205,0.6699790655111488,0.5970413100092926,1.5476709830460038,-27.487267486668493
1.0503280443311676,0.9366935907826828,1.0018498693507294,1.0544989363030166,1.1195579488536054,0.9744632714192363,0.7859952947521855,0.6076206249176197,0.7085757853247401,0.8322605443850939,-0.18403668933627815,0.19493448194939628,0.4207691064579268,0.7109728231257952,0.6378924827528141,1.9181682298356222,-27.255996397195446
1.006908617998534,0.9431942987592855,1.0078315619380538,1.065238618010384,1.1412188575226039,0.9870942649087373,0.8112952403564947,0.6232053399582043,0.6801427825144835,-0.7171771582205659,-0.02725176861261397,0.2860886454152628,0.47366870431927227,0.7469754837237864,0.6643754645827995,2.1576612836407465,-20.195138100458877
0.9952226525543254,0.9525209227802824,1.0007075718646403,1.0842941439518607,1.154836552249284,0.9949838069195093,0.8130920410498856,0.6449424883587114,0.6874809676521709,-0.7143580002965645,-0.03942329175485229,0.27046056760329007,0.45605004469977634,0.715037778104136,0.6407244326252661,2.1576612836407465,-20.195138100458877
1.0018506839707166,0.993466661920595,1.0264882755070355,1.1274498935598871,1.1635526842473842,1.0329811451465734,0.830108835409752,0.6526150427005517,-0.9645544472468199,-0.4363567738094809,0.08961475915272366,0.3765217466510522,0.5264362402909293,0.7426124972527569,0.6865559578564729,2.960718875367146,-5.4900036740069424
1.0143340182558664,1.0647984112877429,1.0969677484478684,1.195223524207806,1.1985314632636346,1.0281440345221058,0.8440420309113915,0.664415895535337,-0.9432103154218257,-0.4271979727058173,0.08029824830828336,0.3574006166055032,0.47318002504855255,0.6905733084423262,0.6336136879776472,2.960718875367146,-5.4900036740069424
1.0728767715176133,1.1172217962027433,1.1436328057802005,1.262385355294371,1.2186739901551573,1.037715116158638,0.8549785212244535,0.7201876272705476,-0.6103424878444885,-0.19191834509744377,0.21194117433050785,0.4607932584800759,0.5586963926503139,0.7427737935368564,0.6958025379725505,3.1957361124261556,-8.486727955607428
1.107554105170927,1.1304114037966935,1.2064244760115406,1.2794997828933958,1.2298432195240505,1.0025867469518586,0.8582618646905324,-0.7566770342719915,-0.3245795181364339,0.03222455042369521,0.3499622129195473,0.5400522530265156,0.6088198921658351,0.7899299167827611,0.7363608700794874,3.94914247862667,4.726695450665401
1.0907895396941565,1.154369278338733,1.2490339957419316,1.3269070704639274,1.2509955152747798,0.9986885488808647,0.8893311290057327,-0.7236610202920921,-0.2863170196560073,0.045343967895698056,0.33049035076405414,0.5098252521143436,0.5492303582665862,0.72686712300221,0.683205431360136,3.94914247862667,4.726695450665401
1.129646391612527,1.1889560734166742,1.2579957136149469,1.3504917033809383,1.2378384775261055,0.9599060358446798,-0.713708782992501,-0.3768181110095677,-0.011706145408140245,0.22633137385553248,0.41528012359211786,0.5791631127719329,0.6182230460537446,0.7551137213504131,0.7286256102654706,4.355735399616898,12.125441301567067
1.1111520699958026,1.1904317736376804,1.2878833170492718,1.3475899631148769,1.2386745299982493,0.9591535599148178,-0.6531393710949926,-0.3198324676117674,0.05070135039002388,0.2530824414111533,0.40516111219396644,0.5395145183819381,0.5631798348832806,0.7025918362158062,0.6815128892215242,4.355735399616898,12.125441301567067
1.1246147491665657,1.1897545077921994,1.2619805912830042,1.3157726149276223,1.1878744900046094,-0.7335003604659102,-0.2812584814636784,0.02599860086335265,0.30410467965794874,0.45751018910725044,0.5041343575231145,0.6097958109742142,0.6060182156589786,0.7152589102247462,0.7087708590293957,3.9777169288727725,9.885963914176815
1.1157684101444856,1.150001566656535,1.236205550047656,1.2425750312819217,1.1618978312375,-0.3408743969853667,0.07591935972205055,0.3217714451070721,0.5416684776353531,0.6255374991737533,0.6064259842979248,0.6504651306865803,0.6491730348273672,0.7374458343162715,0.7293343744939813,4.1085921855772805,3.674299230647872
1.0232589661447804,1.0750125878577461,1.1732855876415287,1.1505650733029054,1.0965542146933722,-0.31040853023397497,0.17345140334979148,0.4091573890984002,0.6154654600119249,0.6649361822121307,0.6174161159696099,0.635424638676002,0.6086644396083337,0.6795107202514439,0.6884933926843624,4.1085921855772805,3.674299230647872
0.9427783636077911,1.0037774234688848,1.0929893372700397,1.0228208429453,-0.765212058697684,0.012489287414408301,0.4683030979504159,0.6782592276791427,0.8098951390069017,0.8126683765992224,0.7238769900371107,0.6847422907785645,0.6334385807894671,0.6664566630683505,0.6964007748966485,3.3884860377831094,-4.690181048296765
0.8898970941150328,0.9380263726213057,0.9367313334127364,-1.994682298349624,-0.3815330494548603,0.31718019266121034,0.7064342867082345,0.9257740287521384,0.9843319141746977,0.9485183188415225,0.8182269297951084,0.7398055172915982,0.6973234575819984,0.6916049178053064,0.732645638786176,2.505305962124157,-5.044900808545066
0.8732647413420749,0.9333511495085598,0.9085587277419461,-2.0554627845764597,-0.37348255030683725,0.3939903261664226,0.7631837361903365,1.0088292916367672,1.0079689594445758,0.9563648968050977,0.8451223405571469,0.7065021164885585,0.6749738241000836,0.6386770595480782,0.6963027773587664,2.505305962124157,-5.044900808545066
0.8501691407805817,0.9180500891797747,-1.9444467553017897,-0.8775697109129108,-0.033841210177183334,0.6717798005197501,0.9730841740759492,1.1893960177574705,1.1374952762603128,1.0699902254911549,0.9625903642692062,0.7981760615024395,0.7138716309283379,0.648818655426211,0.6952463181949405,1.818627472900424,-19.707590187545904
0.8515121063653669,0.8894088360432005,-2.002283454069092,-0.9073707371855446,-0.053372624016592485,0.6948161568615923,0.9898730273761515,1.2271944489647155,1.1385682805926383,1.0922854872834797,1.0189137965283896,0.8520585051192594,0.7825225243911796,0.674519552553444,0.7266080863993436,1.818627472900424,-19.707590187545904
0.8041891027870905,0.7685932859166554,-1.9524725166009698,-0.4299580404926746,0.23711824659016306,0.8604290326868209,1.1248569507647472,1.2852350728363877,1.1825105262863698,1.150934729673261,1.120354923153795,0.9257518753669813,0.8408570699480244,0.7198680447252321,0.7442817736726094,2.040643612249559,-40.95944919123751
0.6883247374918567,-1.8689473041838056,-2.012334866397098,-0.2014805227243477,0.3165273628106482,0.9319121860303992,1.181920192580592,1.2679058714842766,1.1748761518278932,1.196270307110682,1.1838797936683825,1.0605688521314074,0.9466856174432403,0.8062826033922157,0.8041028411892654,0.8646332053931922,-38.71584236153882
0.7658061206816793,-1.8780492913474256,-1.9982199605869422,-0.1640336508920155,0.4104206703174075,0.9089199402951198,1.081374257114696,1.1844967012704426,1.0618206111038233,1.118764272200722,1.1824578163441586,1.0319271036382267,0.9950566528949811,0.852104892596677,0.8384052183801466,0.8646332053931922,-38.71584236153882
0.8294368704193258,-1.7184210964747229,-1.855029789810438,-0.030812737579747118,0.5174935074480311,0.9998989552958822,1.0477236200285969,1.0752511773730373,0.9838719054869629,1.0494421839305625,1.1700881500155464,1.0820491775122485,1.006977895446018,0.897769442547847,0.8288696571785558,0.9358612032718034,-39.62176788387329
0.896221111873435,-1.6913233834663017,-1.8450854344678729,0.018663913928287368,0.5451344768658187,0.9450853347594491,0.9304413968324459,0.9532136385259351,0.8811983079885002,0.9951978682730911,1.1728476761903206,1.1340477475593906,1.0706969016527863,0.9711968103070606,0.8772703710304893,0.9358612032718034,-39.62176788387329
0.9352448249221537,-1.4759116666686778,-1.6848318380270464,-0.0709305693935523,0.5447521760008707,0.8753832966589992,0.815156685885588,0.8149443556574539,0.7805855454275439,0.9443949373858146,1.1748523923815184,1.1992809494928074,1.1638752622644692,1.0908841989088884,0.961349320005104,1.0695007468717042,-21.351333215747943
1.0923097508666741,-1.3143418931283766,-1.4483780546724958,-0.22014511070513243,0.5683582116518828,0.804086656878694,0.68653565592278,0.6797025261718419,0.6834289968821605,0.8891512277236928,1.1808963734450622,1.2098165403572658,1.2040299146642606,1.175630833589628,1.029537330302686,1.0520154408827742,-20.257517791466118
1.2443892615801144,-1.1853225336403928,-1.3349233102825915,-0.10477104343068339,0.6169636203344315,0.7667762778794537,0.5971741007238544,0.5963064639653828,0.6394930337380627,0.8761513085508548,1.1803841817678533,1.2687075952819087,1.2651826426505282,1.2698416151934635,1.100437667923749,1.0520154408827742,-20.257517791466118
1.4012448676042368,-1.137138291707573,-1.1349946473865646,-1.180685797307637,0.5408925939675238,0.6447347470550531,0.5234299848021486,0.5133653326169809,0.6245753126046047,0.9057529217522202,1.24074354014331,1.3396971186439115,1.3221928065015027,1.3932909389231258,1.2056028515741435,0.8193581546949313,-20.002549602895307
1.4475842643964751,-1.1071720267732468,-0.9773924771576374,-1.0549658158359283,0.5723962289256932,0.6054342105897241,0.5005925514228582,0.5017315489443698,0.6508670409496499,0.9362008604964204,1.2723516138518898,1.3816638498615659,1.3965830325749717,1.4876217886625083,1.3011572381830154,0.9327563836496844,-20.626633593399237
1.4655894302877974,-1.102810476030177,-0.932771348535705,-1.0420356670916262,0.5731644697667695,0.586101828381612,0.5025102965524102,0.4670414524560714,0.6574814995191633,0.9413082533331381,1.271761099683689,1.3882819794980943,1.4025354856783816,1.5317313189544033,1.3410417314766658,0.9327563836496844,-20.626633593399237
1.3974092973054315,-1.1370493000900672,-0.8731969340739331,-0.9941527877743436,0.5637366307148373,0.5993353150151779,0.5392947938474164,0.4785771651474533,0.6962210864442175,0.9715388746955982,1.2934416133282451,1.411765316187344,1.4373014291591995,1.5633459966834575,1.4053652773277603,0.9999352372380117,-37.693558111913376
1.293235895627881,-1.281503100559367,-0.9799530446993232,-1.1134585005381157,0.4668065532581126,0.573471520501085,0.5689835333233629,0.4612713676781266,0.7125215896660855,0.9828156315533373,1.2844754765478008,1.4237190381449163,1.4579105488076303,1.607438789856722,1.4499897055095192,0.9999352372380117,-37.693558111913376
1.1358864039273104,-1.4217282721067415,-1.0236886100041769,-1.171213559683244,0.42822521472894165,0.5675923986906666,0.6028283383415671,0.43970254466821546,0.6955656628453086,0.9647271118977541,1.2627199561395424,1.377647757913803,1.4334894455515568,1.647355482227802,1.4782261602152478,1.0837376193918282,-37.46631803419744
1.025642417283423,-1.493548255894277,-1.0198920269511411,-1.1988614574338885,0.20637273108215654,0.6068963936097416,0.5963226901808457,0.39798588689051995,0.6612046473644786,0.9332002235849441,1.2293460948418724,1.3619269447415112,1.4262657812257669,1.622661387279361,1.4726340646893823,1.1685576343122719,-36.87652954350418
0.9408356970031293,-1.5625812065778413,-1.129276155058447,-1.2874342900055638,0.16101508433143075,0.6210866737136627,0.5879630489419321,0.39755891546644007,0.6458785439775336,0.9157366010541603,1.2051565751537205,1.3368990724986163,1.4114133050075417,1.6037116545314438,1.4563130876035053,1.1685576343122719,-36.87652954350418
0.9246109807268973,0.4211129545829797,-1.2132147542841873,-1.2908375849383837,-1.2144774279354624,0.5335262340332367,0.5289244015308843,0.3364209383762792,0.5975528078116108,0.8823119337504175,1.193593754328271,1.323937749350558,1.4096793101888838,1.6041070901262728,1.4466994434060747,1.799077434137292,-32.217030493510954
0.9126371041724836,0.5399503485972454,-1.239601268593295,-1.2285724603705566,-1.146657894406615,0.5217023256290565,0.4430826558013785,0.3218684095545097,0.5281956903913771,0.8403407632153437,1.1829714368989355,1.3191562511892037,1.3856155281935987,1.5755402271256052,1.4143956015481056,1.9735696550828576,-31.291101473607505
0.9052937011827685,0.5369871356553357,-1.267963211467036,-1.2165134522684524,-1.152698907525771,0.5049911727093402,0.42252265554066026,0.3219262679090661,0.5229201326327888,0.8446193543024483,1.1831349267899827,1.3290930273820996,1.4009686181900198,1.5752123484493223,1.4172581539921154,1.9735696550828576,-31.291101473607505
0.9450960868030168,0.6334064165638844,-1.2471725077084894,-1.0471168191428857,-1.073425862223093,0.13934385601820515,0.3060891916107942,0.3177823457334985,0.44001182946070194,0.8003697016606641,1.1541796435499794,1.3196120374941775,1.4034752229210565,1.5761870380547225,1.431630031469831,2.288140091279045,-16.793533324715966
0.9879450224517996,0.7255641968689496,-1.159916696793505,-0.9642882550679914,-1.0188498079892818,0.14893650520626972,0.29811671890820146,0.32317390934504275,0.44264449026598307,0.7985570978205542,1.1469265075679511,1.2973704198049034,1.3652587726196577,1.5373639027118111,1.3961056210542941,2.288140091279045,-16.793533324715966
1.0584826457750665,0.8592475761292607,0.46039844089909765,-0.7099242746939138,-0.9449677596468412,-1.1571972891189959,0.13512099973349967,-0.007241870268776429,0.399051945805452,0.7741729537495559,1.1451595940542014,1.3150899684595432,1.3805919351501812,1.5387113156674066,1.4083344790619032,3.0334016729765025,-10.688178330039353
1.074158160224597,0.9292410130728692,0.5431372227936108,-0.6509086323162957,-0.8769607893680016,-1.1204694196715412,0.1651202451894358,-0.004557893253970713,0.42113081404860697,0.796048108740564,1.1579690152543156,1.314344426980303,1.355253050945119,1.5385007094202492,1.4034878293943323,3.0688640936532865,-28.662901402747167
1.0207135852982885,0.8143215900410846,0.47710427489012647,-0.7007817462769268,-0.9517042373518813,-1.1665095442960107,0.19538306219543577,0.01632672209934749,0.46076619923184103,0.8307985573331113,1.1591811368266265,1.346273863035942,1.3975267617832179,1.5716270914616555,1.447799681576124,3.0688640936532865,-28.662901402747167
0.9585463100918241,0.7104771255922185,0.5764406193611407,-0.7583368736058665,-0.8987195013586088,-1.1491357080751392,0.22496833444296893,0.011554497120506158,0.35464233249118715,0.7615265314274411,1.1171379276066904,1.278918172636017,1.3561031723888315,1.5415374414255514,1.4271503025910943,3.145993669672241,-9.803268583603234
0.9347027891372821,0.7902318863556572,0.6732593927417636,-0.7357445513591108,-0.7667736764861014,-0.9971641107103344,-1.0990707223886331,-1.1726057090169943,0.35219760352655394,0.5619915605345982,0.9762314920964854,1.1613168529902782,1.2699110663909197,1.447625384285705,1.3536225052383812,3.893466316180331,12.624388189532088
0.9649640790315289,0.9371746639224878,0.7389295629002298,-0.655626379723933,-0.7256859922949782,-0.9281020187959301,-1.0905274912289173,-1.1104539844694719,0.3879085928158166,0.5727342572218515,0.9353359261150858,1.1330921719982208,1.2015338688849204,1.365977542535869,1.2725149975389178,3.893466316180331,12.624388189532088
1.0564273097395072,1.0320465771259717,0.7439488673776354,-0.6331430488561394,-0.5466301199198548,-0.8506058383140449,-0.9588249619267974,-0.9358229234183347,-0.8769528827643247,0.504272409394806,0.9077865049672357,1.1476943506736461,1.2088000664331364,1.368292504606753,1.2832742735622085,4.315991737995806,5.442151801170848
1.0401754453618437,0.993086063065304,0.7652976033204499,-0.6575399616399851,-0.5874414515830787,-0.906613018380678,-0.8601471973662405,-0.8719269509351006,-0.7768056520575919,0.5797116426869251,0.9606382398870408,1.1627876079370318,1.199924105980461,1.3585934999349034,1.2801901827091926,4.315991737995806,5.442151801170848
1.0164012862486969,0.9534411883297258,0.9098855435897159,0.6307818806923579,-0.5943035599277537,-0.8545626848437733,-0.7085347058268241,-0.7261778211276331,-0.626781482795822,0.6232881976640368,0.934781391257014,1.1135108438419352,1.1761408097708304,1.3144230877176923,1.2643801932627063,4.81520535776105,19.16991196050185
1.0044808644646772,1.0301097725288288,1.0006463624456734,0.7735809710438895,-0.0912773023239235,-0.7144763598643981,-0.5698632678794375,-0.5717627941953818,-0.4652247749676822,-0.506238923595684,0.7305713975120629,0.9838553570684534,1.0435842390057066,1.1873800715247629,1.1625375848057675,4.817586799593913,20.33449122754063
0.985821633660082,1.03479222083922,0.9796084142190749,0.7712847505660121,-0.10523362359648769,-0.6566558150637856,-0.5065054581188191,-0.4590543593176524,-0.3881623251698182,-0.46360744244042495,0.7130038331253321,0.9735278483330259,1.0265188313388651,1.13978386813348,1.133985326012561,4.817586799593913,20.33449122754063
0.9832455086721545,1.0586903752746126,1.0542148602277437,0.8997693679784851,-0.12220200419569727,-0.4831165426292561,-0.3444164275359832,-0.26241796776191295,-0.239962679362944,-0.3270480275499208,0.7247199325043805,0.8618364317465419,0.9435426283455264,1.0588922170389492,1.0738442521588754,4.935421277511001,16.524609213770237
0.919226784749414,1.0017139630578824,1.00605170569575,0.8436093980963191,-0.16565231105878708,-0.46008543769419397,-0.2572443521071193,-0.1663901096288887,-0.16287315596315655,-0.28412581109649776,0.7321695555655466,0.8497594283947916,0.9119153494394723,1.0026477906831328,1.0364470750355796,4.935421277511001,16.524609213770237
0.8847118264866698,0.9775232368984936,0.9981982778455923,0.8906885776255138,-0.18734769258383077,-0.24584537091079006,-0.07651582267693793,0.004556695466329197,-0.02744593159321293,-0.1834667783861983,-0.5591047167117437,0.7733560004466717,0.8551107629338504,0.9290019750522496,0.9869740571959272,4.569091843785178,13.361190248016529
0.8400642804057031,0.9379771818516578,0.943841684882931,0.8550112278930202,-0.21071803814791562,-0.08882485912008825,0.07662774486511109,0.1855363890631676,0.08849233369791948,-0.08661457981346941,-0.47381104460563184,0.7096414207295829,0.8187574596856424,0.8542239544127037,0.9495290861107055,4.521097241947597,10.38722383636778
0.7853658301027577,0.9027231049793899,0.8983265134987477,0.7965140794476248,-0.2398902481439067,-0.05006345847086313,0.13789818162050638,0.25260401435209345,0.127196595023132,-0.0704633442138444,-0.46647701205126435,0.6952432810868339,0.7870893969958808,0.7998731562633061,0.903471499112697,4.521097241947597,10.38722383636778
0.7601780702252507,0.8840402062336314,0.8852564101635585,0.8085590698454023,0.5873831641831967,-0.017780887821504943,0.2718544489728153,0.3992311126179452,0.22695520233257793,0.012250798808315456,-0.36909272932933096,0.6341647895196122,0.7315939224112806,0.7442111954473181,0.8377935782996571,4.743073977248109,6.602965234275181
0.7283096763675752,0.8697906737448865,0.853569498981226,0.7936155509160269,0.5672813104224764,-0.008408024539405812,0.28915353968807495,0.41988069200466477,0.2339493986568086,0.014606910389285042,-0.3674804007466496,0.6457747790403864,0.7220713596928926,0.7158936211807185,0.8058258876650232,4.743073977248109,6.602965234275181
0.7454366157281589,0.889238289606475,0.8432997741030976,0.83174281118351,0.6450755269267725,-0.015058897307599184,0.37038537084180423,0.5085607099020404,0.2851027491754212,0.057208303319765404,-0.29210471129877646,0.6461161639410558,0.6969294546330289,0.6654907631879331,0.7828244643337708,4.699854671079692,3.8417356486453635
0.7676891446292791,0.9117490621053449,0.8823462873629919,0.8619236748447157,0.7076195731718735,-0.02030522371812199,0.46425060795306883,0.612331492537276,0.3576993418901139,0.10626394170343852,-0.22941157194538864,-0.4920617533971785,0.6470054162457948,0.6384972008372495,0.7333114313941256,4.1307669546082675,-0.8149221007489849
0.8005682595017931,0.8975565626737674,0.8725937082399784,0.8504379435113893,0.7189221067300056,-0.027291946786761306,0.44021118876388676,0.6031099546904602,0.3328196956514339,0.08631830592949,-0.22502063169401976,-0.49073204176532115,0.6700035962378313,0.654410292496539,0.7458687871777133,4.1307669546082675,-0.8149221007489849
0.8207590209781745,0.9354832245705159,0.9161941702181484,0.8897602988823916,0.7922446196172035,-0.03213361151382246,0.5312898166310717,0.6844312413083133,0.40342607038968614,0.1410426490322542,-0.145427527407213,-0.3987567325365098,0.6016080804501824,0.6231799438490817,0.7074654976000451,3.8769620463805268,-4.4886428114890835
0.8468226612336742,0.9348884848176264,0.9337168983457169,0.9277124344943494,0.8624487570890573,0.732339809368426,0.623289391668868,0.7758939268688073,0.47020751217724954,0.20785308759728133,-0.07368741569823589,-0.2994437315675731,0.6318736310380351,0.6112137524760255,0.7206875844847416,4.035568967115025,-10.164116578420268
0.8510727353922096,0.9242183067464178,0.9393339460446803,0.9252058214601592,0.8520069302720525,0.6952739305871346,0.590218230726797,0.7107448428618424,0.43054920456029383,0.1830279738100135,-0.06873269529814163,-0.2774095472099376,0.6450505727551684,0.6409848648140857,0.7299421334838747,4.035568967115025,-10.164116578420268
0.8694236805269728,0.9155994636356273,0.9386290119267624,0.9765264932072841,0.9188290882530421,0.6596904705705015,0.5290125256484073,0.755538320311039,0.46790866123902064,0.22283548514656354,-0.0002668019176895742,-0.19188402528226584,-0.4885712106516438,0.6375037896736595,0.701579608642683,3.219286247937326,-16.197438138182925
0.9177994379407795,0.9096279699448766,0.9303641104414448,0.9657479533113583,0.9334640563663303,0.6542822183500006,0.47152723305812244,0.7106397379674624,0.41481843432657833,0.18602801799863727,-0.006637089053410761,-0.189229407287048,-0.44794841133032925,0.6875628720454611,0.7424170970305113,3.219286247937326,-16.197438138182925
0.9872497380442455,1.0021382190477046,1.0034750082121868,0.9997624230829713,0.9872062118210001,0.6384150851700636,0.4348201371553048,0.6385416944717575,0.4630939068892326,0.24090195031704228,0.05993329457239316,-0.09988826981908211,-0.3760802257071797,0.6449789234099809,0.7182714809685855,3.316089805544717,-3.820873886984307
1.050335906877626,1.1009801141227207,1.0524404660620132,1.1036491238108774,1.0916755971595922,0.9390759306787047,0.3661145534394096,0.7992761036772614,0.4728860591726422,0.26517225272195366,0.10935307383246812,-0.04024312046571893,-0.3063326750605643,0.6552569041034707,0.7119749111972498,3.4018910392287873,-7.396067868897129
1.1142205745248415,1.1659747827803386,1.0955882630320724,1.1555590533266453,1.0990663909573046,0.9196310381771675,0.3204400436244571,0.7509226801236749,0.448792797357344,0.2628344195133824,0.11793176062036392,0.00819433890703708,-0.2641936026864342,0.713040441981903,0.7503735306672589,3.4018910392287873,-7.396067868897129
1.2038548098733954,1.1871590416072793,1.1821509788308784,1.206445611366274,1.1339755784702814,0.8607508843147423,0.7855052242169506,0.5961859374409032,0.42536527684254044,0.2858847150759619,0.1927394939140601,0.07103557704642333,-0.1955813948031434,0.7685542101445677,0.7954821054817316,3.468326720941217,-6.134278605299066
1.2504203584452704,1.2350311003447851,1.2385617778661386,1.255589105755285,1.1284786560934168,0.772937706386519,0.600170990745087,0.5041845178762954,0.40409430858537465,0.2790142653168055,0.2342608777835104,0.1068012396375504,-0.1821113640408859,0.8023867564732514,0.8344242090975018,3.527597994192117,-4.271317247564319
1.280056469117323,1.2440914782458388,1.2556761599583572,1.2475437816015171,1.090893777095117,0.7546003486215032,0.4963027343100278,0.4448305989589067,0.38675186161203506,0.30620492811910793,0.2577636567856775,0.1208647902755407,-0.17185780677813045,0.8763862488521619,0.8935115405897774,3.5670493336023474,-3.0471209626846694
1.2772695563264216,1.2246643553004937,1.2401713026755334,1.2172778565178073,1.0132906538784714,0.44439740272679323,0.44482498411161553,0.4192839716221091,0.38830980606143806,0.3339034933141391,0.2649534440371476,0.1437403770578028,-0.16547076418213613,0.9464416192393964,0.9317068442072634,3.4702731979440387,-1.6316815050112368
1.2570240546919962,1.2010439807305944,1.2205098007694457,1.1647301598866915,0.9016872178171743,0.3960226038403817,0.43831479380639055,0.41528426902747817,0.43181005643317116,0.362519654090939,0.2865566326905552,0.144198369246406,-0.1616894084147702,1.0030578369779137,0.9753973216972684,3.406197563294336,-1.4293969424008033
1.24729416595139,1.1613719427834657,1.1716406759144151,1.0824981592079816,0.7448671722177155,0.37438031226507373,0.44773414068606987,0.44149037701335125,0.4676877738559778,0.3972927267993699,0.30274197148139037,0.14544120471942168,-0.16994137629194017,1.0434935122826694,0.9988242944234142,3.3115052386220905,-1.2975554033438392
1.1933087595018221,1.1150469573499002,1.113743529525244,0.9808401905581636,0.6612774823169945,0.38338283729966166,0.46956899920127615,0.4911854444125306,0.5129918415643319,0.43309009198293325,0.3276681549473167,0.14071290750751336,-0.19706316472648544,1.076369166704557,1.028340862145741,3.2138382909204593,-1.4647810670724013
1.1716393142736443,1.06792981815748,1.041286884577692,0.8558187201856111,0.6069484704815553,0.4042407099220979,0.5050774190399709,0.5227614803657403,0.5642818144406092,0.4717923574587873,0.33922062531269337,0.13896213269674468,-0.21657292228966357,1.0896426636153915,1.0431506240847783,3.126695751543634,-1.4833896172544954
1.1021817527295932,1.0214079688644155,0.9680420809139196,0.7413613210729098,0.5767237217861033,0.43152949600171087,0.5585875547586454,0.5852536392970893,0.5927417645239401,0.5018841736153551,0.3614071407333026,0.13663639617142564,-0.24315991525088304,1.1028202137238612,1.0487443481220848,3.004185253350288,-1.6720857736884405
1.0629720428606375,0.9886887304799516,0.9000716659131275,0.6679974087618212,0.5705248912728957,0.48216663767195367,0.6001921831006422,0.6488067588975867,0.6426974536355758,0.5404530392760416,0.38755861231250593,0.1352031456085161,-0.25469977433782776,1.117647643968335,1.0639816354904452,2.937207503821144,-2.0640878055162695
1.014830396008687,0.9481103755998159,0.8132519569924801,0.6266026764352199,0.5670658158287765,0.5205955713786479,0.6671532139223224,0.6997437672877657,0.6679086775818825,0.561288629680543,0.4073945384241262,0.13982961542020178,-0.2562698257245798,1.1345345953150558,1.077713741165231,2.8586369650271957,-2.1980188982938884
0.9780741666325525,0.9083907306089765,0.7435638543972163,0.6236806360433507,0.5711820191654204,0.5610304542289863,0.6965192459154522,0.729321019639152,0.7180289940912404,0.5985389381657957,0.42350762596157165,0.14366113763925792,-0.25386357980595786,1.1310913717581788,1.0985232933540847,2.7856308918830814,-2.4276225129440725
0.9452328767812828,0.8779363633319495,0.7049526955582182,0.6204456615764642,0.5821763161717377,0.6155785395487828,0.7376247198582964,0.7863274559811124,0.7305498148870265,0.6196829251422561,0.4421289219663671,0.14197061505523534,-0.2503816419530108,1.1596810320657867,1.1124483980710864,2.731603518977118,-2.7611334988023906
0.9081388395808432,0.8206861995694201,0.6843393659485834,0.6351574608987944,0.5978178854078711,0.6535361869413505,0.7789897858777202,0.8219688323596621,0.7585303561363105,0.6297059938298776,0.45778102514295343,0.12793083126681043,1.0290285707188171,1.1630585622224667,1.1228215483036657,3.4752406142084924,0.474301567132386
0.8455084476427848,0.7870332120583132,0.7107607105569851,0.6728115783431828,0.6420497927827022,0.6505249052291044,0.7825671986711765,0.8050174544128875,0.7589007321055252,0.6461465580193229,0.4523903881707789,0.12500825244299335,1.0466358442225794,1.1790237513810669,1.1230834551134314,3.476960578458545,0.6881196135667658
0.8081929844786404,0.7362823806509053,0.6793586405370542,0.7067803443255403,0.661127703480574,0.661791767751656,0.7858560190140222,0.8204911878409178,0.7770257604623694,0.6567087626864678,0.438372669529059,0.11711147767396662,1.1076043882331308,1.196851920412143,1.1469354808906709,3.415599869684267,0.09871313524498859
0.7661088879874246,0.7146504719925779,0.7021001485360487,0.7206169744940987,0.7104359041702821,0.6755286706493031,0.7888178965181912,0.8113182992742545,0.7743612079168841,0.6604640456345687,0.419599862803401,0.07450782270505008,1.1317097989082592,1.2407392780480588,1.177438259998314,3.44226256161359,0.21487720878194594
0.7195579872787525,0.690647454298575,0.6953695182176902,0.7412946428682834,0.7243318663609712,0.668890004632384,0.815142691554726,0.8306676124132312,0.7942607230921801,0.65438640174494,0.3976525831935729,0.02079141740278756,1.1567222562124617,1.2483743763347719,1.178563534809899,3.420321266261708,-0.37805802224031027
0.6706936304688959,0.6346083288078235,0.671454642127713,0.7416551703155432,0.7402284146535839,0.6883797387811941,0.8204440328003735,0.8392246272862737,0.8008764499659817,0.6514169216958037,0.37656251579170696,-0.030611346863869238,1.200456717506421,1.2688854886631087,1.2212011305593835,3.4661198357304297,-0.22257573493281768
0.6447622592641167,0.6100968945501559,0.6798270420204969,0.7392876937343111,0.7467366157289006,0.7139235569538354,0.8479434764477104,0.8626538359783752,0.8072082946837653,0.6514923504884715,0.3381906718127362,-0.10595470446446265,1.2289355700170614,1.3041810758117194,1.2198024849797986,3.512856197231419,-0.5319510464876629
0.596486710904228,0.5888405282651582,0.6546088048830676,0.7399819333272325,0.7376329522426621,0.7175171382872921,0.8555199969011027,0.8707723065081446,0.8145666855012401,0.6528639035995734,0.3242506379316323,-0.17426280995078186,1.251074588611267,1.3222886928445627,1.2412000232221443,3.5427530249522503,-0.40551296777315926
0.5783463697101598,0.5932409094882635,0.6707991991102041,0.7237061974321477,0.7587849164176876,0.7416150072070054,0.8655760405116272,0.8806808060221558,0.8218541843202514,0.6517607693642345,0.29482498505465726,-0.23041455013831413,1.2689334169957893,1.31846732537171,1.2602308094056296,3.6005725946098197,-0.5207931886634007
0.5622355133395893,0.587733743122376,0.6787864018634548,0.7335420169461719,0.7497290601667594,0.7442930516839772,0.887873435159818,0.8900907155672602,0.8283283450683538,0.6515809405975604,0.2870757967303966,-0.27351688082319625,1.26644501756014,1.3140992163307246,1.255488130779694,3.6111424206309044,-0.7575635863823358
0.5531554802526385,0.5881950546890897,0.6662916203288254,0.725221008757253,0.7466425683547242,0.7470671071559175,0.8937519071828268,0.898838646677759,0.8338799095589585,0.6515591313279279,0.28602370892412576,-0.27801965464595,1.2643515981084825,1.3118273023295504,1.254120054303284,3.625782418716768,-0.7851610457319147
0.5458804686414296,0.5864453548121094,0.6623132513841115,0.7215404298535776,0.7455970355973343,0.7488687790123705,0.8994986977472225,0.9039396008323068,0.8375088549494422,0.6508285482813576,0.28071522116137687,-0.2896269532068464,1.2653498691548548,1.30780776459752,1.2492603829392865,3.631096586116456,-0.7613265737014849
0.5420457905237512,0.5878279392279898,0.6607601388493076,0.7221606005317562,0.7456861119476953,0.7539110719067765,0.9016238358519785,0.9124924694289066,0.8411603193382999,0.6528907582332137,0.28553448458908537,-0.28182131110680747,1.2619171779496101,1.3018704238107461,1.2445962478173278,3.638604800327818,-0.8113809988335241
0.5407826554999475,0.590568498841812,0.6630159336542629,0.7236274453574719,0.7460378528577661,0.7549813253272015,0.9069081234927506,0.9162415331768533,0.843026125076681,0.6537243692755216,0.2805106077513687,-0.29019890024189765,1.2621881597595528,1.3013425899696793,1.240535303283292,3.639115751406715,-0.8198048770739739
0.5418350494678221,0.5943682584325158,0.6674952659962174,0.7281750698873118,0.7478599738672231,0.7561900338008495,0.9058439664546397,0.9196100096555259,0.8449030254402564,0.6540224209186726,0.28639159853252544,-0.29021535155741685,1.2602174779211144,1.2999947548586834,1.2405278476080324,3.646145256267803,-0.8171962678636575
0.5431312685012493,0.5981538650533826,0.6737096934126137,0.7329169038564988,0.7502206793514128,0.7557112359406799,0.9078546995513801,0.9203196593292191,0.8449844778915623,0.6537379700066795,0.2836643785056996,-0.2829774501930693,1.2602239280631868,1.2984700758758532,1.2388610576761314,3.6508561529027777,-0.8164095596049492
0.5462865978154263,0.6024107004257307,0.6788202261515882,0.7387985549183251,0.750910858862933,0.75441598344173,0.9077640930552994,0.9208854481648829,0.8443484497671008,0.651942269896056,0.28448719885839957,-0.2896489726615762,1.2608577114646646,1.2970363286306545,1.2381173027712344,3.650254657059956,-0.832591566150402
0.5489528107336239,0.6051501800282184,0.6836302614669403,0.7429892396319409,0.7536377407319236,0.7527716897204166,0.9051113587925339,0.9196460161272751,0.8432676181579739,0.6507049986728757,0.28389077969352994,-0.28463045122511765,1.2606283602059898,1.2963524799330937,1.2369201383615929,3.6529256549975893,-0.8216222688209278
0.5513435902396578,0.6072164257948537,0.6886813067255603,0.7471982813938095,0.7549947004885342,0.751878837427457,0.9042192728174243,0.9177865882680782,0.8429781735498953,0.6491954944795285,0.28300630753471334,-0.2847885241223765,1.2601614358248963,1.2969469453477735,1.235903041745182,3.6542310844920136,-0.8393269227442737
0.5532742670760715,0.6081680050361914,0.6911763624112482,0.7491677859010006,0.7558224133043905,0.7498612244863538,0.9021584683314622,0.9147835793658441,0.8406425856208639,0.6476374079937347,0.2810401707156318,-0.28599287584116406,1.2599605134516763,1.2969692045634424,1.2353102568799623,3.654183952169128,-0.8207141888409772
0.5558597480601792,0.6095970114991061,0.6927673344265088,0.7501787308734155,0.7574375673040274,0.7459596572468512,0.9002054328356666,0.913803186282742,0.8413823877304736,0.6460732697517109,0.2781056599931507,-0.29349742626479713,1.259612115772931,1.2970648893084282,1.2337875411202113,3.6498964870496007,-0.8559795378989747
0.5570209892491192,0.608425338711552,0.6932385226513579,0.7501203472042336,0.759570475889426,0.7464293075882995,0.8985614132796595,0.9122161294097619,0.8403879898981714,0.6447334390565567,0.27937814499704394,-0.29297468695597806,1.2594076656200648,1.2973123826736683,1.2345362373920388,3.6524109013295423,-0.8567822992605052
0.5574745495392568,0.6090528509931412,0.6932493894132448,0.749589130685163,0.7583891136548064,0.7449780958446979,0.8973393938696136,0.9106677363592872,0.8416301388723798,0.643595855874101,0.27589435211732505,-0.28644464078845544,1.2578664479330577,1.297339233147845,1.2340321184761363,3.65334370809754,-0.8718851025720902
0.5576342251003585,0.6083844987804465,0.6934841117425057,0.7488719500547173,0.7580844159009781,0.7437907053369539,0.8972022353447651,0.9095028147141088,0.8410265709100639,0.6426817785949123,0.2785616660122835,-0.2867646690054338,1.2576229001725894,1.2974464393377654,1.233738763665206,3.6544877760271106,-0.8818382117676329
0.557671601168344,0.6078851214326259,0.6918279556512356,0.7481509591856802,0.7578227718365942,0.7428068083244239,0.8953486141987158,0.908497121925489,0.8375841763218156,0.6419143371900614,0.278341201546602,-0.2861580146320219,1.2582379105818902,1.2984778482040322,1.2343556622076224,3.657791088049043,-0.8337304749848258
0.5577027585177499,0.6077857689516809,0.6913983154202079,0.7478086191808562,0.7577473569792963,0.7400800408254942,0.8946155518726434,0.9077000811346362,0.8362618511335269,0.6382716919266606,0.27216152550662803,-0.29953148369932536,1.258708388750295,1.2993016938402373,1.2328305181004393,3.6508672105747353,-0.8135707215349512
0.5582575956886587,0.607952939115795,0.6910254502558355,0.7475677786791552,0.7589447326768535,0.7418479671624174,0.895047526330364,0.9075487693131974,0.8401602409352719,0.6408828765405068,0.279207569702389,-0.2878848469558301,1.2586081799352389,1.2983226509261192,1.2336548304503983,3.6575590396292244,-0.8672313343672471
0.5580089745560991,0.6080489285980024,0.6910529949161531,0.7472105082257106,0.7584759189280115,0.7393079093226369,0.8930707403833468,0.9070358567654306,0.8353294667861952,0.6397505736466528,0.2744003891511647,-0.2968602714502728,1.2570351052189896,1.2981727105767522,1.2331317093997938,3.6530818239536575,-0.8074117431050709
0.5583454336935039,0.6080868980556865,0.6908154798653628,0.7474197827727234,0.7579004209336943,0.7390342450748577,0.8926945069574902,0.9070604666336527,0.8383322912866382,0.6405637651868414,0.2756788732183079,-0.2891230640146536,1.2570115496251586,1.2980796767508553,1.2329613666404884,3.655472468120103,-0.8311220678267617
0.5584531810556008,0.608780440246939,0.6913431095045057,0.747657446236931,0.757859494054263,0.7400656228233379,0.893760280825928,0.9069183756506916,0.8395259063121885,0.6404845066428798,0.2757147124821613,-0.28919050036048893,1.2554801730975385,1.2968442284197508,1.233428979015285,3.654620477585534,-0.8537205933583465
0.5584853289004595,0.6086909858124031,0.6913011281736041,0.7477696562660916,0.7589211843312537,0.739792354145331,0.8926703407570072,0.907884539950123,0.8446552029566687,0.6404457537422854,0.2799521352973232,-0.2812069700715534,1.2554095640702179,1.2968161575264494,1.2332798913808447,3.657810107960665,-0.8966870847029327
0.558229367630146,0.6086726420331958,0.6914255920789032,0.748841009066967,0.7587881800640279,0.7375494063811735,0.8916597422512972,0.9066117186168654,0.8377110703294237,0.639314616111611,0.2789521640203247,-0.2952823782398942,1.25603841818746,1.2986509849801702,1.2328543843966973,3.6563591533698085,-0.8083676095643462
0.5584687174755223,0.6090437125225354,0.6917169141402513,0.7493373681671478,0.7593049447909865,0.7395857465699343,0.8923313629088473,0.9075607065545441,0.8375954861487033,0.6400156583740874,0.2798209846632145,-0.29567153209627467,1.2556616612888385,1.2973205220546733,1.2324137690249277,3.655880708081508,-0.8396383011552331
0.5586157997855592,0.6094503906154839,0.6919529305004967,0.7494664139512912,0.7582629454906622,0.7397424057403839,0.8922479099318544,0.9075657603432226,0.8406805336910717,0.6399159366631118,0.2796871581892816,-0.28771920208366153,1.2563889742673753,1.2971850887745955,1.231072306145009,3.657793059280751,-0.8598826718359618
0.5584969432188585,0.60925010825008,0.6919324407442311,0.7493857474156314,0.7581747166718582,0.739403556908764,0.8922071957919564,0.9073987844730222,0.8407531327982702,0.6398553604002502,0.2798016981330653,-0.28776741892387625,1.2561816489438162,1.2970987088046708,1.23080644044548,3.657793059280751,-0.8598826718359618
0.5584536012983045,0.6091731295211883,0.6928601714321233,0.7484183952462363,0.7592131702763872,0.7392832593566269,0.8910497793962366,0.9063083125413571,0.8377311363249496,0.6377098564936288,0.2787625054161993,-0.28891266630199897,1.2559648988707588,1.2969382647359868,1.2315044561945063,3.228339996407267,-36.80505430772571
0.4469328935506226,0.39357362387790795,0.5291317911381118,0.57443656954239,0.6135101202134436,0.6844966482620904,0.9200227993385146,0.8846045238759146,0.8406270995493648,0.653048812359976,0.2965011841945143,-0.23803902053550874,1.3270665642142743,1.3714570592540114,1.3062386172694884,3.2264403736493046,-36.81458711820943
0.3258866282124405,0.2329936620154921,0.43841794440290016,0.46608423403828225,0.5938756780076304,0.634819816769512,0.9040395929683502,0.8064705001855492,0.7736877029888497,0.5891708425472624,0.2850644703460117,-0.3053194134042092,1.2835521126765164,1.3450941595161507,1.2762903103923438,3.2264403736493046,-36.81458711820943
0.23776167773228174,0.19098014436352473,0.3303389297258077,0.4078709548497146,0.5588354479053561,0.690483126659368,0.8325363270287169,0.7564632487520827,0.6857369864214318,0.5108713102859608,0.20144069522396657,-0.3377369155383073,1.2531176927475314,1.3090424598280765,1.2389408983966639,3.22205433346301,-0.8244509108992233
0.32991071831757224,0.37735868650671955,0.4127352139399316,0.5234253681673269,0.6953357677108787,0.754921785314423,0.7282742425574011,0.7232668899650638,0.600129015415592,0.43625137529470204,0.15537104069978352,-0.4095117421885329,1.1948961792401986,1.2448364774179028,1.1615783118680567,3.22205433346301,-0.8244509108992233
0.45483012513918786,0.5566508731190873,0.48136560112980553,0.6073309104303037,0.7028440167234253,0.7915385540189736,0.6798300639435765,0.7314864602610618,0.5994162798529878,0.46168881561613556,0.17323097992663938,-0.32726395059713115,1.2422740196897082,1.2807715069037429,1.1826060707670503,3.225396660440979,-3.656290276360032
0.5670879906728452,0.6085950004841952,0.5719308615683802,0.6702652261543506,0.7350121856353968,0.6920446715455171,0.6816141994502412,0.7086124021200311,0.6238168868400014,0.5121612310237202,0.26925410951461426,-0.2767814559360741,1.311313888423629,1.3538642090480504,1.2439681843009056,3.2219465141555244,-3.6323526468570186
0.6599941636618907,0.6867833353004094,0.6931967706258559,0.7723903630384991,0.7821821756613061,0.6520551207714597,0.6883556410735956,0.6961687949567743,0.6429110550763163,0.5450052990512533,0.3227429614435735,-0.24080020991385065,1.3364281510307223,1.3884438091133806,1.2796377156288936,3.2206376183982526,-3.6296064655627625
0.7255782346480524,0.7511766176706449,0.8032937448561753,0.8642044124924781,0.8259122638930696,0.6442417486421201,0.6979642482491294,0.6879413183272773,0.657006795484269,0.5630308088202052,0.33875726412495344,-0.22057971549775762,1.3497450658930246,1.4163068471371463,1.3093344711408221,3.2206376183982526,-3.6296064655627625
0.7591411777376256,0.7837431993070025,0.8782204122813957,0.9233652817810138,0.8550053321413237,0.6477024350775017,0.7085648654989594,0.6810316730445466,0.6686830969907609,0.5729884184809344,0.34030939865732557,-0.20306761713018256,1.3547320693841944,1.4368505648515892,1.3295545667365236,3.225132511043334,-26.272194635470335
0.6803588745965001,0.6461553791445622,0.8086612447418227,0.8382273534198992,0.7662682836659792,0.6105443981450077,0.7346159794581834,0.6551397910658024,0.6791577114931157,0.584410558607452,0.3332239742591412,-0.1725523366965106,1.3909816903176984,1.4912708938710975,1.3821125387300417,3.225132511043334,-26.272194635470335
0.5837662024130635,0.5083654785174153,0.7348333557947321,0.7594044703617666,0.7474350177684961,0.5781687066196977,0.725539415980684,0.607668130750781,0.6406251325598837,0.5401922499303022,0.29650666872096093,-0.23697541497346097,1.3641563357660105,1.4801021619727384,1.372048263276565,3.2226421223717283,-18.812518194706342
0.521894402136823,0.48766917023242196,0.6683119358738598,0.7177020712037863,0.7392131590441731,0.633058600967471,0.6873824380493085,0.591956491210491,0.5985071766581584,0.48564740128191397,0.22604290294467255,-0.2822308787281996,1.3135046536775223,1.4346273162845016,1.3283577251943368,3.2244126108214033,-18.869298636589097
0.47663323746371455,0.4515420485465691,0.5826938299273026,0.6461416961847326,0.700994555668262,0.6507199435439888,0.6608787065412769,0.5837534335166056,0.5746619046167037,0.4618334001000702,0.19183506769660863,-0.2973832400351842,1.306754448769523,1.4270236097589934,1.3165008197597938,3.2244126108214033,-18.869298636589097
0.44780517491040017,0.4111578677346759,0.5134499988462305,0.583582571294422,0.672038019135495,0.6329455803832978,0.6458184266860648,0.5746578210233662,0.5586650694241477,0.454524761733617,0.1903674479093267,-0.30743214491488946,1.3099511584545156,1.4257854793560054,1.3121959117127056,3.221552335683879,-18.82030806189564
0.43657535823722027,0.399481658536078,0.47543364864958093,0.5525069302825734,0.6561544445447884,0.6227619838933077,0.6377956390355948,0.5717585351886074,0.5521183082372529,0.4550072421394566,0.20364542334845087,-0.3051556741764524,1.3118640560368608,1.421318514273382,1.3095259668875503,3.221552335683879,-18.82030806189564
0.4395733581871224,0.4072243315666725,0.4671645505854941,0.5479162779226372,0.6533046169807454,0.6183130005201316,0.6347530773773985,0.5689853599618605,0.5523077876513459,0.45998784897529,0.22518401824958312,-0.29203873166412836,1.3167831949571804,1.4204008523176999,1.310331812518647,3.2257392554212245,-36.87108139896833
0.3853045345587247,0.3162770487217046,0.400194257016405,0.4781571349868462,0.5810361337985045,0.5811491968293176,0.6446739304579064,0.5446294061078752,0.5469210312644711,0.4713299112653694,0.24635315435445748,-0.25358630973998164,1.3550237238054255,1.4585109267279144,1.3447350193954446,3.226985904431073,-36.846397725889275
0.3393639281675884,0.2494779964058207,0.37140384026947426,0.45208340185014884,0.5835914592106786,0.5475518371779944,0.6241612848357831,0.4947995684946985,0.5047810089292878,0.43982807557913906,0.24702715783275386,-0.2795256877281856,1.3448105319955093,1.453588629711379,1.337991159711627,3.226985904431073,-36.846397725889275
0.3115561397248904,0.2497020395682743,0.3491931557067297,0.4499664436377755,0.5783513303942187,0.5700503663695955,0.5789969820475418,0.45527619818508247,0.45246307431457533,0.3980969079732982,0.204515081307176,-0.29092657517077525,1.3288416063965385,1.4404483364248077,1.3217926426903908,3.324730511508956,-36.83629439662922
0.29671675673234277,0.24114962610936674,0.33114179122882126,0.44201230039200046,0.5724355533924863,0.5593575638430064,0.5311727517047697,0.40339606609358036,0.40169906377597264,0.3604496444831009,0.18058922513917952,-0.3029306175056468,1.3312025117108812,1.447435742971423,1.3181153256369318,3.3245088604977404,-36.80934486696057
0.2999092572993025,0.23764750702118975,0.3186630347423536,0.44087304966314333,0.5707399465537691,0.5366275942514382,0.48020302699318695,0.3534247701961083,0.35547369841542964,0.3321133040051907,0.16970194123078525,-0.30281831092506123,1.3406815282436968,1.4600768041573209,1.3217053802995067,3.3245088604977404,-36.80934486696057
0.31436592148410036,0.244909549664457,0.32408026556860625,0.4464056441700097,0.5737207782320446,0.510429668395934,0.4366532800377525,0.3058271535810859,0.3206646545500922,0.3120056381339402,0.17060453072956305,-0.2901139440877491,1.345831316401122,1.4735118596069388,1.3282987765077559,3.888857727015809,-18.88983085895266
0.3717170842541706,0.3578115919414656,0.4176648323312404,0.5468148479109068,0.6386282807326786,0.4986105889951128,0.383545527356971,0.2580297501933825,0.2837697344209318,0.2857105221864772,0.1560025051226151,-0.30577839692239966,1.3100692965560197,1.4492521876952116,1.2927393989249585,3.888857727015809,-18.88983085895266
0.4475559139151939,0.4312224992262125,0.46496277777579287,0.6169109275945353,0.6544069201642285,0.4888583297646283,0.3457586603274089,0.2545274167044135,0.28680095028688246,0.3017073260540961,0.16398469880362881,-0.2534036462421303,1.349738936389988,1.4858508854894428,1.324788999377461,3.915436846793267,-18.954599401630322
0.5069818427419219,0.45971907459480876,0.5405439264697756,0.6572524916833167,0.6763135075412903,0.437707351334094,0.3517967363918303,0.23991500777512087,0.3069076577886598,0.3312293461070967,0.2112604223902782,-0.22110297409887836,1.3606327360776929,1.5162052435684312,1.3484155846699626,3.932733010936797,-19.067341506613786
0.5287182186695255,0.4696238274061353,0.5844063738223005,0.6827382637345588,0.6824526521932072,0.42101138826492013,0.3658269829840356,0.24400865887320244,0.32797500922518796,0.34876210596325613,0.22103305740472368,-0.21887306702342352,1.3597221137710949,1.5237341706373546,1.362653911113779,3.932733010936797,-19.067341506613786
0.527748344821213,0.46631800208946816,0.6072805317583078,0.6889170223415765,0.6847663987492134,0.42590095888626567,0.3930474645509391,0.26769540222985644,0.37265217437516096,0.3844919378870437,0.23058467058489257,-0.2137097239467124,1.3482488402571728,1.520949169985387,1.366706094129753,3.689388572812362,-19.5019779903577
0.5126244948478302,0.44774185457130544,0.6020342597333327,0.6689579807751164,0.6791742624375624,0.4483461023101246,0.42156793520169233,0.30049030122853737,0.3971759436006892,0.3974584163488603,0.22769901088756161,-0.23252074533746636,1.340147650521868,1.5122670421906046,1.367892487780395,3.689388572812362,-19.5019779903577
0.4789678599451176,0.43310161355107557,0.5908550323957447,0.6408859003613647,0.6722015332385394,0.4805999560783354,0.48120081375392443,0.35496036033482103,0.42538874849571395,0.4137965233393057,0.24595369849811977,-0.21946105456095033,1.3116787295698202,1.4861439875917744,1.3494579099784754,3.3370883112086034,-32.43506948923929
0.4103561142012866,0.35069485940296174,0.49900240180248934,0.5459914321975365,0.6135744989103573,0.5063445439267587,0.5294806347590871,0.39627785514904046,0.45712656252796635,0.4377127932199955,0.26169789166704116,-0.20601761023667464,1.3286597134503613,1.4894047996154653,1.367269736165707,3.3541796733886464,-32.64043788862316
0.33376053396205974,0.28714234850738984,0.44640155895690525,0.47992458106605485,0.5912468075614868,0.5182969390979202,0.561454528829432,0.40672833035603306,0.45817465635885085,0.43230611595398977,0.2651194392498481,-0.23790586243758516,1.2952234389093809,1.4526510608540408,1.3356766867578076,3.3541796733886464,-32.64043788862316
0.2798377566173469,0.26615393851028313,0.38713833956547683,0.4498568062529714,0.5688456324758984,0.5672956341141471,0.566663524444081,0.42498964045725995,0.4519798424788368,0.4303033664966876,0.25348875776778573,-0.24149716135591642,1.2755143337120438,1.4166224160522556,1.3066907448665535,3.8863924971165718,-20.306021164193165
0.2743635243398753,0.32906210745502906,0.40645164730587036,0.49250725704004217,0.5995216043961586,0.5895917593625757,0.5502761810587383,0.4194471414682681,0.43349176934722267,0.4150983602749831,0.23723469107384737,-0.25807043165776866,1.2361827749035113,1.3699437167653725,1.2530142881579311,3.8863924971165718,-20.306021164193165
0.31140945549931964,0.3725745601999829,0.40838028732531606,0.532407820431811,0.6099869033461802,0.5942965147700394,0.52828136512275,0.4372274813417275,0.43285973976905656,0.43381155879375344,0.24594953900940042,-0.21468568662662424,1.2537364851378425,1.3740121224500477,1.2590536047306076,3.3142243260653723,-20.412167986546752
0.3842654091576623,0.41003566767781563,0.45656312752113926,0.5603766919216884,0.6499310461118515,0.5909981617683973,0.5334129984655352,0.45805212895972025,0.4481978950537664,0.4445134629665826,0.278834247763616,-0.20922318987164995,1.2731143626891448,1.3894759213943515,1.2772851516918662,3.3184392646066074,-20.522803164453173
0.42236073323395307,0.4639628074980717,0.5218011547553115,0.5911558362932481,0.6632286323543248,0.5991227283546279,0.5574537537789512,0.4690058883531062,0.465459769986617,0.46239719482161684,0.30292279718354476,-0.1955898662714073,1.2628915101299405,1.382334045914963,1.272030698352834,3.3184392646066074,-20.522803164453173
0.4494661806020823,0.4888027405381715,0.5545688506138307,0.6303686897585877,0.6844894822503979,0.6067573627158065,0.5683175810611253,0.4818155550368487,0.4786787558509034,0.4797086500052785,0.3201443121146718,-0.18181123528559012,1.275401935734919,1.3870483362101176,1.2819100497349791,4.819438238803412,-20.582377709104076
0.4019725000493307,0.49849808226523307,0.5960677158000319,0.6809063085487305,0.658109068324466,0.5584022678919067,0.5741519634472826,0.4250575035231816,0.4790832125901617,0.484060344732118,0.3059219105131858,-0.14979497370613148,1.2426202705230427,1.3758280604446256,1.2500293152984308,4.819438238803412,-20.582377709104076
0.40475149278291644,0.4357168018852082,0.5544717357199269,0.7145541763371404,0.6769428602673802,0.5099911851055914,0.5238548489058151,0.4150857398656834,0.47458781508669867,0.4957715031218262,0.3146632638860974,-0.10578225307434125,1.2799186249674006,1.4006135458866744,1.28026412596747,4.844680361257658,-21.00453182215224
0.4039253199594658,0.41922294647058855,0.5777048562217509,0.7044565364208206,0.6853600905945555,0.503443730879141,0.5316755214096317,0.43303475947846737,0.5099765070383961,0.5209656160210263,0.25963149008110065,-0.05465687167587113,1.2432316782441553,1.3896875628159968,1.2634084821328657,4.745338062238333,-22.33902180880964
0.36651071873292884,0.3427039468491634,0.5168389479833511,0.6358363564909807,0.6519845129753292,0.4892856721015878,0.5225337501242625,0.43046186746690407,0.5049072282047696,0.5014878964659644,0.2241481946327163,-0.08493735162929938,1.2265759602227662,1.3793718787580738,1.2601503433903403,4.745338062238333,-22.33902180880964
0.3498947420604883,0.31440153518238245,0.49510118185124785,0.6065287192936983,0.6568379983886509,0.5306438720471279,0.5700884816757624,0.4999612775585718,0.5703696054523351,0.5565271386819206,0.35083608412531586,0.014331844198817612,-0.6064693548858164,1.2964749186999662,1.2058865405598274,2.785655659323986,-30.156809240955923
0.39385288372462524,0.2879181172946601,0.42815191119017526,0.5264421949975805,0.6953103544427804,0.6455609803723288,0.6511566920006236,0.6641386733636958,0.6661960601979575,0.6500790479470838,0.49038912319732697,0.1343348885487473,-0.42552146231779714,-0.6058322922781297,1.19901591937884,1.5958357688481781,-40.969403163169
0.3602933718688426,0.26784504209847415,0.3940973231745204,0.3796381006753555,0.6468152304155717,0.7335385164837709,0.7427907512816125,0.7343784287535934,0.7013521120401258,0.6744594061603129,0.5556717377271232,0.1177840236373694,-0.444665385987964,-0.6297339519411682,1.1881223490324748,1.5958357688481781,-40.969403163169
0.3511724920371341,0.33139859133962957,0.40808641337979745,0.3841488442548191,0.6868736633609965,0.8745553513327986,0.8652120678159518,0.8498912771791962,0.7859838671694268,0.7861743511988999,0.7415885253755845,0.30572359419342,-0.24046356848227224,-0.6050765337703551,1.1597690830348406,1.4117222512223924,-42.7221426780047
0.3619850169998906,0.40375370981893,0.4071599107188417,0.4357914137144644,0.7120674443115587,0.9361837372614367,0.8644491967067321,0.8681376732743037,0.7669615473165416,0.8036787162840998,0.8001302117031676,0.3626203142341246,-0.19450768741973712,-0.5997042826265684,1.1647668090711232,1.4117222512223924,-42.7221426780047
0.4778616862396037,0.5765502296608137,0.5530608733320453,0.6141227062529426,0.829311141644471,1.0261398811429814,0.9098103912738553,0.8843676485684533,0.7879108155017881,0.8714160939711479,0.9200652251512753,0.5306742304683285,0.016486589959177345,-0.5103102052318045,-0.6969430070113998,0.2175647094096722,-48.61091369881723
0.652522557783499,0.7226395853351879,0.6847590322851969,0.7561170531271113,0.9545148982267302,1.1021851910140021,0.9081363927109045,0.9062047217484203,0.7817578367148115,0.9140774572134623,1.0286416413268489,0.6677041791232186,0.24326755980519466,-0.3742737472666371,-0.6156962599968381,0.4848967696066291,-49.54836626698525
0.7482463274413284,0.8597065208420127,0.8517829750075259,0.8796347711191648,1.01739180540546,1.0920957405901837,0.8755053773378747,0.8123695853740991,0.7259732830598886,0.8956269350964225,1.055563049361918,0.7180247762726988,0.25126210098178037,-0.33415093480128405,-0.6025619475204802,0.4848967696066291,-49.54836626698525
0.8785351781025578,0.9561369673775579,0.9608590974539102,1.0390046455757884,1.1134695279828046,1.0871674882643834,0.820623498107924,0.7383161319406171,0.6763805848773581,0.8993566484375382,1.099743315238941,0.827011185141501,0.3218212863010497,-0.21888317529170417,-0.5212482560512293,0.6114894736999941,-34.835244819365805
1.035360950038823,1.1283728371838737,1.139319309401662,1.2247654500490595,1.2408786412081199,1.0695411616806922,0.7215621299033704,0.6338984273667424,0.5957530132900486,0.8533854599425137,1.0789198807912481,0.8383002376690271,0.33732232706342047,-0.1693794072091019,-0.5001318731276502,0.6114894736999941,-34.835244819365805
1.1961814472217012,1.2661011049492505,1.2823080025077351,1.3687959481558194,1.3224841727217975,1.0681803199846418,0.6722273417796649,0.5619657195718735,0.5536102009407434,0.8398288925560315,1.0666309960187936,0.9013998664134077,0.3933356059320804,-0.06021521424142301,-0.4218670913045075,0.712596982468225,-35.29627485435807
1.2931515714373276,1.292417922300641,1.3650601848300736,1.4335431356131783,1.362272060592402,0.9933092741431355,0.6236931460942656,0.4796243671681947,0.5279458353911988,0.8342946885574638,1.0772195650664986,0.9352171265780904,0.5334393403947283,0.029323539781938343,-0.34982689685684487,0.7852382165163534,-35.107379280419
1.3418797056923477,1.2868478942375987,1.4015107793951513,1.460205869636526,1.37711412285601,0.9435430234796355,0.586171076638222,0.4160259678268765,0.5070524329171125,0.8230896581268777,1.0644939528711315,0.9465894479158328,0.5581661254376387,0.09140859376663556,-0.2948042935732174,0.7852382165163534,-35.107379280419
1.3548467398068822,1.2534213858571734,1.3977458524125836,1.4452582660317765,1.376417504860033,0.9192019120372603,0.5660194542153538,0.37624882233439605,0.49759729603136116,0.8132275123678674,1.0452792264697592,0.9451265234521107,0.5701875914434222,0.13831929098005757,-0.25484809612894976,1.730546721750518,-35.14604819421037
1.287300063875416,1.1861460304558498,1.3573793310687958,1.4002670048052317,1.3265355307314537,0.8772664935665735,0.563867415768798,0.32150348638410753,0.49723626904014595,0.8051882046571152,1.0118528345634283,0.9481204657955133,0.5489445704299976,0.15397431531984695,-0.2449282171474827,1.7370524527974918,-35.18984062104596
1.2284114038347171,1.0688363608188758,1.243102030644689,1.3289843266564092,1.2919713690725727,0.8460317682595412,0.5406146527077236,0.3097856234201446,0.4917237050640635,0.7932898602419511,0.9752977397957759,0.9232443201678627,0.5662158670140477,0.17885634252703625,-0.21229656961211074,1.7370524527974918,-35.18984062104596
1.164836057917302,0.9922894017273453,1.1667317456163382,1.2336620911267984,1.2484238392724274,0.847158693216577,0.5559724040490122,0.3136060355757928,0.5047135622663055,0.7866937343508602,0.942710828244625,0.8703389004579253,0.5223403718094703,0.15830553444903386,-0.21301765476466422,2.239417862442812,-35.35836031258454
1.0538613362038993,0.8909808131497345,1.0554112206432193,1.124596015582063,1.1736418805351387,0.8397106987433309,0.5805781276698242,0.32370165255379213,0.5251758143473984,0.7883391858068006,0.9170251833000925,0.8457328773741831,0.48720993534636886,0.13108744535580008,-0.231544649151526,2.239417862442812,-35.35836031258454
0.9809996600784692,0.8143375217129001,0.9315591506180709,1.0474362238540615,1.1206662868364785,0.8458935335157858,0.6038836467865197,0.3706846965424184,0.5601059982928122,0.8179898302539175,0.9067082990928645,0.8147189147833465,0.41322033785351675,0.11311667002994255,-0.20787086065893878,1.2806782638553167,-35.87173938477063
0.9861458208836971,0.7878768495645947,0.8935916114876084,0.9521081379585261,1.1303570365435087,0.931074259564521,0.6676051683680576,0.48942180489770504,0.6049139216849414,0.8379889089032283,0.921997413780564,0.7573987016533494,0.3287729374956756,0.08403694816522539,-0.1912632627127439,1.2920379811546598,-36.99014626409404
0.9210473021999985,0.7856332073654395,0.8644809672348854,0.8759601660061983,1.0836556180928234,0.9876427560967659,0.7431520828184481,0.5531275400042865,0.651855533341402,0.8689449756938071,0.9503639642026169,0.7471981167013716,0.2871925742703148,0.031906152631220916,-0.2298371560486578,1.2920379811546598,-36.99014626409404
0.9101819979581245,0.8189987100278188,0.8399484499546095,0.8970773906737928,1.0765472637236244,1.028898988195167,0.7900496594169466,0.6247440565029672,0.7108874731833936,0.9060120809707292,1.0092301153325713,0.7294050526377513,0.2953948604489816,-0.004718819712916121,-0.21003603192912562,0.8799785915820078,-37.42207974403736
0.9178613920461094,0.8619715574526308,0.8555669362651925,0.9174958950941632,1.0948949084702158,1.0792168280672438,0.8276619487355406,0.6846445060629027,0.7356865830442185,0.935958316174222,1.0473282407834346,0.73725637891655,0.3076491069825391,-0.023245342294391,-0.2167198257190998,0.8799785915820078,-37.42207974403736
0.9766859302338264,0.9558077479678608,0.9572988046029794,0.9724485449257096,1.149589871823417,1.152063327618704,0.897633682977864,0.7177302917196333,0.7619796919487706,0.990724507686403,1.0782954920351864,0.758012441389512,0.13239282087481213,-0.04112282755669805,-0.22645214566017813,0.8415491351539832,-38.58474930710753
1.0061696357919454,1.0335351749485506,1.015165217099734,1.0695774014668664,1.1819775699229553,1.1743328407514841,0.9125046196589583,0.7543065600782801,0.7706218680557608,1.0095516030910625,1.1001590510713826,0.7316804775713641,0.11022386408521773,-0.03855508392844398,-0.19720890169646493,0.8287362406106782,-39.033734628001795
1.0476315727335406,1.0909370917133026,1.0863204890964933,1.1433601244971412,1.219030979663648,1.1799750364029151,0.9101939636364573,0.7483948326070567,0.7623118087152437,1.0148221357738172,1.1120076009055944,0.7520256500898966,0.1244002135576282,-0.03157465604211915,-0.19251453477258462,0.8287362406106782,-39.033734628001795
1.1192541157816898,1.1412596693023498,1.165684868732059,1.213077720915654,1.2566704121647732,1.1823710511165082,0.9017275267831778,0.7316393684891479,0.7446798630821181,1.0106961834905925,1.1141121352910064,0.7676610319000005,0.13911662143586928,-0.006847898172373919,-0.17739315569932412,0.8718585830632462,-39.09066414155303
1.1574879784823757,1.1722021127149278,1.215083374589176,1.2642202186600584,1.28282040753811,1.1707109458225275,0.8778731936342793,0.7023495792828338,0.722396738863937,0.9992601436854505,1.1040073925787093,0.7794822800576096,0.1511969448040634,0.010055031014012464,-0.16621384788635185,0.8718585830632462,-39.09066414155303
1.1913832800133108,1.190592433631726,1.2485157045514332,1.2949316479103492,1.305110110195667,1.154583474697071,0.8528660429301064,0.6693555318348058,0.7006124140918948,0.9831844171380878,1.088001990273479,0.7853670414857947,0.15837057919862502,0.027856531719412304,-0.1516125095483924,1.6351928326046665,-39.163412381759485
1.1793456620784721,1.1784069452724872,1.2630188755038514,1.311320411154841,1.2941909391387647,1.1126475421920792,0.8269346709754857,0.6076027893327505,0.6782933980080401,0.9657251458752022,1.0569656084773145,0.797842428947057,0.14490080424771665,0.038618516736752456,-0.15527162757670052,1.638165615964522,-39.20529693249905
1.1815965041501273,1.1238365512462254,1.2208094294961542,1.3058550194270517,1.294617247883897,1.067980078833151,0.7771253457502764,0.5695849128863776,0.6472295344755858,0.9409254885507359,1.0261383391838954,0.7908645156285883,0.16896643661073307,0.0661494778683212,-0.12957217842060814,1.638165615964522,-39.20529693249905
1.1771901217288052,1.0955026369424505,1.2082469719973146,1.2741400255793374,1.2846799802574371,1.0450088687608552,0.7553294995209581,0.5348111137694866,0.628076447990468,0.9145806182348624,0.99254057683738,0.7641909246985993,0.15614690724963476,0.07886142003809604,-0.1288732036621753,1.3327740601591973,-39.21523236312053
1.169158298380247,1.0491677961473567,1.1559424539820768,1.216184678441899,1.2693442007833464,1.0414344959771,0.7422746284374145,0.5330542873717414,0.6205344487611996,0.8994291074182288,0.9718116937096339,0.7257744096970048,0.15421687023068442,0.08149669389180267,-0.11784141101595183,1.3238048719652005,-39.276782611685796
1.1404549204001113,1.018393886098985,1.1154993149097154,1.156220209713162,1.239830350316908,1.0440282825119893,0.75138006327639,0.5350308712781509,0.6249277436508749,0.8964810785344242,0.9692893046878832,0.7111567885522683,0.14055621350033923,0.07359293128854491,-0.12510572235363177,1.3238048719652005,-39.276782611685796
1.1105839949546947,0.987792828196673,1.0663454134709807,1.1145230123567487,1.2157125185088051,1.047511483184091,0.7615837441877019,0.5507153471009087,0.6341599873033374,0.9034050928708734,0.9797122848923774,0.7077198642957144,0.1373811666029872,0.0701231453774743,-0.12546072169476905,0.8774865249285715,-39.33327174864715
1.1112598212489195,0.9835300807703129,1.041094162202716,1.086211380095674,1.2153032233294967,1.0713542543915655,0.7752237073039253,0.5821211787048838,0.645376998148821,0.9135163749337223,0.9983645195709252,0.699784530380696,0.14727518304062873,0.06814840076793215,-0.11864908353401551,0.8774865249285715,-39.33327174864715
1.1045838694331183,1.0131896947023367,1.0548969354959996,1.080894209377428,1.2106582856490935,1.0994856612074364,0.805679068771044,0.6030765551820207,0.663139722831701,0.929032792879861,1.0216630420712862,0.7064631670330569,0.13513360391503182,0.054601612116568575,-0.127805931175554,2.534018398212841,-39.38257301184053
1.025919862466703,1.0095452757829384,1.057721628008527,1.1120576723065225,1.1666198657677942,1.0531809408937884,0.8171820743864142,0.5571855567991204,0.6702938100418344,0.9416781494522821,1.0184738273423666,0.738976510369095,0.09488236169389713,0.032611295642357735,-0.1635714474281291,2.523290389055816,-39.462973668968665
1.0219404583235279,0.9516554211446109,1.0051508702746381,1.1481954802102912,1.183959370432169,1.0041316268219151,0.7654914853517817,0.5412618936285467,0.646561948500777,0.9300611334555093,0.9968732912673577,0.7393933076483411,0.14126991083123508,0.058676605907350625,-0.13358196866572036,2.523290389055816,-39.462973668968665
1.031322061486846,0.9584107003603375,1.0486815513286134,1.1557747048706302,1.1924140048560545,0.9921441660637136,0.7545252774543602,0.5146654255662444,0.6332885961775674,0.9040671719394744,0.9480718057137406,0.6577891015040792,0.0803780181348927,0.07734922049390631,-0.14334147619321075,1.3651229816604147,-39.527107684297704
1.0627238327515613,0.9287494056861504,1.0193446990096529,1.110620101924784,1.2071104679709679,1.0204631812106455,0.7445851059711804,0.5542727588621215,0.630538977523704,0.8905661401906813,0.9353265872136289,0.6175633443049056,0.0934511382332383,0.0781505869326064,-0.12158158898233767,1.3651229816604147,-39.527107684297704
1.0671310811793797,0.9751655439320099,1.0554634579321815,1.0578385994065447,1.1833213904797382,1.0577301676363025,0.7902349911590761,0.5777420127333638,0.6558916304206462,0.9000788631387625,0.9197670938794607,0.5288043805147821,0.049155434788656166,0.05087203747005019,-0.12979245557814062,0.8950030279784276,-39.70597416683207
1.085641355958279,0.9633139706414962,1.01085714736895,1.0513360765146107,1.201765649306532,1.1118551444403424,0.8223229915675316,0.63815839497128,0.6750811223649201,0.9226621091156206,0.9440862811274904,0.5386238897785931,0.07180456097507854,0.07581154673252351,-0.11574397523852892,0.953185691709094,-39.90902352888816
1.0825867615683733,1.0068185111512329,1.0380627446708899,1.0562411545385162,1.2002195498074708,1.1404304738602713,0.8575646560260761,0.6605819105214239,0.6941319240847528,0.9443248336920522,0.9770137245830436,0.5509825015408235,0.06280135277751187,0.060646479296977335,-0.13316461445276376,0.953185691709094,-39.90902352888816
1.099960287998511,1.0726822087481827,1.0610344137777088,1.0932820384178612,1.2159995569483812,1.1570654036759778,0.8787068711242367,0.6820564788634793,0.7085879341567857,0.9622273561976198,1.0035861299167534,0.5774390092010282,0.07317185120137604,0.06798696144350587,-0.11825636076490897,1.7249563942899755,-40.084982308910455
1.0983502146224797,1.1132541738843238,1.1120558047346791,1.1680821026239718,1.2231322675246097,1.1385570510290204,0.8794928932766377,0.6549576742583662,0.7049000438821,0.9697113558148747,0.9833058730916006,0.607440447859305,0.05307299130745935,0.06614585479377896,-0.13373640609034237,1.722033199504665,-40.13786892562537
1.1283816274220582,1.113774047839829,1.1282569817147394,1.2283916354560158,1.2558456662745414,1.1150361222215839,0.8499565244122622,0.6373646047295501,0.6856232728319605,0.9615387560267771,0.9639381027798729,0.3743031144348137,0.08082466974833075,0.09156971129423747,-0.10715155449513131,1.6277365548346623,-40.399728594632236
1.1646915905268334,1.136336879661938,1.1941777761188332,1.2659506331141483,1.281100866004622,1.1070432951277343,0.8306695211487587,0.6119516527047848,0.6685360177222839,0.9423352071808172,0.9037945867794552,0.31069511939238315,0.07712377866770603,0.13078991403257764,-0.09560959164499461,1.6474431584860474,-40.33458261843011
1.1713758056533714,1.132610104252521,1.2025543126536835,1.2672399165202164,1.2815596140681724,1.094413076054679,0.8152908300854965,0.5937668893104238,0.6568704135994456,0.923109528631346,0.8837031808576059,0.264185694744826,0.07936713830354081,0.15243969041733182,-0.0758629969036749,1.6664223640420288,-40.248840193773994
1.165824141509989,1.1403455110016125,1.189362386855997,1.249972847018035,1.2892251944070252,1.0820270130572482,0.8062170503113107,0.5817122144185081,0.6407372492771305,0.8756747210605864,0.8689574106264846,0.23044638315576838,0.1193111334784781,0.18506110876829,-0.074824064417709,1.726751178085384,-39.947311157111635
1.2167300019573521,1.118198570706359,1.1934612082195006,1.2259330111862998,1.2831903903836914,1.0867585035963665,0.8001511994231187,0.571356132307967,0.6136922553914436,0.8362079359567725,0.8575702003731376,0.20463388420095666,0.15250600071630943,0.21239324376990926,-0.07680905445870162,1.8298920339009745,-39.540433125536076
1.2202868809390197,1.122199218649966,1.1716149613683795,1.2014347403728054,1.2772900224474268,1.0793942990856702,0.7943014235325933,0.5400793671526708,0.5741655192615718,0.7640735446744653,0.40255170024837106,0.19684518786630228,0.18448605176288219,0.2322661489108121,-0.08054969850515648,1.7914169988369864,-38.409284399684864
1.2154656090751135,1.1099364291887315,1.1530512717266208,1.2152450917685045,1.2732335108226414,1.076639116707812,0.7876561128029369,0.5069232912545067,0.5118596593021991,0.7618001103839914,0.3299214512118082,0.21641756127144526,0.22356256509257566,0.25631256930525714,-0.08271060351753859,1.882786231482327,-37.20034001024387
1.211778434757841,1.1157036291669362,1.1496983090008208,1.2065116676824967,1.2655973062612298,1.062249876774544,0.751329003799079,0.45022875320842237,0.5184111774663904,0.42027074551738197,0.3041571074085623,0.2463000144567451,0.25036395545665074,0.269238634543356,-0.09137504637867491,1.9547244025064616,-34.64022470021643
1.2135326191854172,1.1244101047461776,1.1510692111646148,1.2094379411427458,1.2577313688280012,1.0248751147893356,0.7072954463744,0.3343191122875583,0.5277778549552321,0.29053907258649847,0.30949386221536,0.2952228060255216,0.2772174487167681,0.2639406343611825,1.1999388100741983,3.095050797873916,-27.343296826420847
1.1884081109010227,1.16346148873795,1.1873916586633044,1.2295923804040192,1.2138262342668598,0.9385164339273815,0.7116699157470336,0.09052765100277516,0.057279734639281266,0.2576237532564234,0.3396038222360295,0.3542805262071197,0.26951920691975567,0.23701227928715263,1.1931856509542145,3.3742669702801864,-20.082948361512813
1.2143637002792367,1.177073631415971,1.1674784516826788,1.2662264716004679,1.1876396080709277,0.8056208887651001,0.3859746657204235,-0.022900195355853192,0.031345670796177894,0.26711435461827354,0.36996222082641184,0.3997406191138786,0.3029686631442538,0.2318251579380637,1.2337114509230855,3.499232921165163,-15.617896776140611
1.2239760896449479,1.1811908680309262,1.18805787161664,1.2466484182305522,1.1249317914593773,0.5692387368417302,0.22748781464213952,-0.03108023666239834,0.06791242746227055,0.32304480616789355,0.4073015046693587,0.41263356348444913,0.28169435363511824,0.18458745812746563,1.2552205653216935,3.419376301432269,-13.401547630975852
1.2148566183438647,1.1367030454289857,1.1554694196274244,1.164140507295376,0.9547019654082053,0.4464234199096908,0.21769696382439008,0.02693871257073266,0.15721158870701912,0.40471533714321795,0.4536172445239608,0.4259185861968205,0.2698651289390807,0.11936303031641475,1.2817008175995905,3.249374521296775,-13.040327346178632
1.159387240668727,1.0650570229173095,1.0772198027985165,1.0014025728690723,0.7766860212821793,0.4297575209364901,0.27965628389763986,0.14988023350009194,0.2920173954593501,0.5039373882353253,0.5084756026531753,0.4091009462769969,0.2499308454680531,0.008310787065133551,1.2963403041947075,2.972965978921855,-14.088175158977755
1.0647162123928338,0.9523181033621007,0.9343303387427224,0.8010513336805651,0.708478497158815,0.4697830228011526,0.38864451908944253,0.31019343943856115,0.412341288963199,0.5913510305226432,0.5562914107655692,0.41195686905128204,0.18819696754758714,-0.151489387638147,1.3077010148701178,2.6330835140057234,-15.656337122382439
0.9433996891729872,0.806582352949092,0.7803881838330692,0.6992242741107076,0.6879872985206282,0.58356867118029,0.5388970520159025,0.4602447513316863,0.5283670250425776,0.672027990952843,0.6112058560286534,0.39811395095340396,0.11632324122992022,-0.3491253107033587,1.2854933134197033,2.2731840485166144,-17.79192142773647
0.8034458297340261,0.6985697822863652,0.7087194881648393,0.652998535373101,0.7126729509833951,0.7024701871263542,0.6705769568490346,0.6015000585015662,0.6280101021514517,0.7420908386059611,0.6382658162685803,0.3614127547231529,-0.0003351125737915406,-0.6879681043979616,1.29827188394226,1.8669372734242495,-20.51827736174399
0.6991418729107757,0.6561940459192699,0.6857586942705145,0.6489542734390645,0.7589431524664163,0.8341620289402581,0.7905598538954068,0.7264931811378448,0.7038771801468474,0.7902704947135322,0.6733180810633791,0.32294480484957155,-0.14398674293459912,-0.7250867479052339,1.2951482847054456,1.7201916275980484,-22.10207239027845
0.6477965287014786,0.6786855940474521,0.7119182518768008,0.7077927498868066,0.8221752479879416,0.9281961771945698,0.8859717808456383,0.8171705115647194,0.7478249259403782,0.84349615615531,0.7093300362828233,0.2605995875370859,-0.3372017429281458,-2.194436832541944,1.289561965855139,0.5589933154927733,-30.045235780573996
0.6813712239521117,0.7197302307013601,0.7368256835621049,0.7455224814146617,0.8876936448966679,1.0360889255584538,0.9455847095119736,0.9053348362450234,0.7772193536322535,0.8592536694316995,0.7257848426453966,0.1754004392141289,-0.29158110372785584,-2.1879317118835457,1.3096581216555463,0.578888466042883,-30.91383258250672
0.6938909907312714,0.7898284034040771,0.8019521741032669,0.7722170985556155,0.9097435972012455,1.0817641892751004,0.984022697656301,0.9138959980576369,0.7774780594230509,0.8661363271724783,0.7612966537583133,0.19383654595597133,-0.3133662101654757,-2.212626605355274,1.2785347683446815,0.578888466042883,-30.91383258250672
0.7528556018808574,0.8753261633127769,0.8776425106949861,0.8792453519536626,0.9749169182700765,1.1342004036637867,0.9891995343483757,0.9193994212772862,0.7676516789800653,0.8732660120524323,0.7466782104740344,0.14111224247963067,-0.27849994900591724,-2.204249651194689,1.2944642267972262,-0.1410632689645399,-49.712330579686316
0.7919090793734859,0.8507006937300932,0.864860897747588,0.876381085090838,0.9694777976016615,1.1223642576844457,0.9658224616109896,0.8868682674146816,0.7317698766066635,0.8687763969911733,0.7734895649917907,0.19647387567590135,-0.19682716024909994,-2.128689231219449,1.3584832312293953,-0.1410632689645399,-49.712330579686316
0.8459134337688884,0.9037717520577859,0.9506874109322027,0.9415444630019557,1.0371357424844359,1.0967905997790113,0.9271515705644309,0.8016351855573507,0.6623991690543818,0.8154939565961787,0.766442324141432,0.1342007604058038,-1.3877975718693993,-2.107103101379484,1.3631346536722546,-0.8902110397272653,-53.611217047798156
0.9417908561562691,0.9595278190240784,0.9551283445941005,0.978090652522644,1.0790237203296917,1.1483699824237312,0.8624399945162314,0.7774183353412514,0.6037626037203389,0.7921250641063016,0.7646369224747954,0.19045369878003332,-1.355089751751666,-2.054849793463,1.4020351764149455,-0.8696143106972811,-54.79546606430781
0.9960348447399618,1.0078360878467731,1.0053871999275668,1.0076826899519218,1.1061028513195996,1.1268599759694125,0.789442015688952,0.6665530158915505,0.5191689252427539,0.7398580176642129,0.7582700554942421,0.21362818879504114,-1.3366233982429157,-2.0035127095246903,1.4229849137418762,-0.8696143106972811,-54.79546606430781
1.0817647771850813,1.0391154601758739,1.0442997873444675,1.0888007946658025,1.1725857643250215,1.091922727638349,0.7114240688535709,0.5742405989062029,0.4395265601559638,0.7075215091106242,0.7732634829812662,0.2654587198813211,-1.3148467780308593,-1.9357506036912944,1.438308192216669,-0.8613304561278627,-55.63127992247616
1.155687272294295,1.0762401537514954,1.082427914126841,1.1377127433977636,1.203811904206625,1.0382782572683418,0.6149260485537503,0.45613677689226473,0.3560206091509799,0.6618777245921648,0.7676291833769106,0.2983669682079795,-1.2682147681395481,-1.8578568625894336,1.4895604703114422,-0.8613304561278627,-55.63127992247616
1.2333320897049445,1.1299769473667705,1.1318891362259564,1.1846149286183725,1.2374489137236027,1.0126600539150026,0.5265285422312846,0.33999081807794984,0.29279480239202127,0.6257090579737978,0.7817632168383996,0.33806382205578817,-1.1885315743974996,-1.7803106436369283,1.5389381036031287,-0.8036287010805361,-55.85654157837838
1.2926692447860244,1.1514497011470026,1.1670769843878612,1.2212442674875412,1.2598707955658381,0.9583151032807381,0.456042449849434,0.23628609281573953,0.2260578172030243,0.589500034541319,0.763299813581435,0.36329583953723227,-1.1835107720149325,-1.7065296371574286,1.5818204122871424,-0.7128780180653589,-53.28280659688632
1.340344134916944,1.1675219190332355,1.1977950747099626,1.2521770803071486,1.2807486984660952,0.9104408964183639,0.3837827818280164,0.142277939847957,0.17075886221894443,0.555375424179473,0.7498433546540337,0.3740522678109476,-1.157923323953521,-1.6442816625441385,1.6283065345963799,-0.7128780180653589,-53.28280659688632
1.3772938435232145,1.1681027379092954,1.2106218202079078,1.264241402285233,1.287309568425203,0.8739647075635403,0.3317892030024825,0.08115342330469177,0.13650044772744963,0.536655458642608,0.7522997049265104,0.3972304132565695,-1.0858635349290264,-1.5844729613284299,1.6670208978530483,1.2014545339659324,-38.222100004920115
1.3541301431459087,1.2204661932967933,1.2820157004466557,1.341954727676908,1.292432710632541,0.800382095411143,0.28525519773336283,-0.03279544144696178,0.1067140594649767,0.5090515122529735,0.7109716847476715,0.3839212503496393,-1.2312006085013347,-1.5876872186109392,1.6281972956378767,1.1349386631868255,-38.59338778049965
1.3781759156470912,1.1657340559648046,1.2166267364170742,1.3639160780545674,1.288571501291015,0.740879321600161,0.20950918242666505,-0.05858243717987954,0.09217739170932315,0.5039565777942345,0.6713276078765452,0.3958576659490709,-1.160520956125765,-1.5166439578458073,1.7036813921745575,1.1349386631868255,-38.59338778049965
1.3999711488082318,1.142243090927434,1.2478212774023423,1.324152328560674,1.2844921507991371,0.6910701121650249,0.22908174324608677,-0.08539565333464338,0.11421905790196485,0.5130908913008796,0.6069189284311651,0.24228656927290299,-1.962521792637337,-1.4943361521184735,1.7142372096942857,-1.4033110459726477,-59.21233199783402
1.3834922166297305,0.9623926743854275,1.0916824248310224,1.1199665259599638,1.2195841203817184,0.7331271170162345,0.2765417450448109,0.018681946626198265,0.1602777133607607,0.5391488028761049,0.6329131343951799,0.2038853881219618,-1.886670284941353,-1.4371457630720545,1.8203149146991031,-1.4033110459726477,-59.21233199783402
1.277278317199257,0.9407530921671964,1.0966519441727713,0.9816693464140851,1.1608061691226637,0.8258900537888929,0.40700008345057515,0.058526878786097525,0.20880816069720654,0.5391260078517288,0.6689726156747098,-0.022746943468073044,-3.789478993291787,-1.5138278980459927,1.723594805600492,-2.3165058259931803,-46.947192322346794
1.251224941434209,0.9767318612487863,1.0040190649940435,0.9487547441114177,1.1819633288908782,0.98146047813051,0.4470576228725587,0.2186682477642128,0.25888561842404034,0.56988675270745,0.6784386699931726,-0.056754111507123506,-3.8316220886542633,-1.574838289040923,1.6743914706681746,-2.3956491477512074,-47.83506338497193
1.2482041927757241,1.1068906491061843,1.045008515773039,0.9624985255280285,1.176784132176481,1.0985520555016322,0.5271572004065608,0.3022500116777551,0.31073757563211657,0.6295921375855028,0.7413012315045164,-0.017608812507819704,-3.8334012067596674,-1.6007105740824554,1.6478000171507083,-2.3956491477512074,-47.83506338497193
1.2901355820031497,1.217844832891692,1.1227871411414019,1.0634861443454369,1.2361127971138814,1.1388020686858167,0.6028150392677439,0.36072119435477235,0.3572001498661992,0.7135279362912441,0.8393360115869795,0.025079347182814772,-3.861791715504277,-1.5948847807388233,1.6437539924617108,-2.7260933389088007,-66.73993290611529
1.310584022219572,1.233342559403137,1.1527129856106058,1.1063758867432663,1.2301840101658843,1.141769851200402,0.6418460591190147,0.3774231774302744,0.37565117099924406,0.7641716226514045,0.9081147640298097,0.1059111742624109,-3.785573989473255,-1.5407203995115457,1.7010635599843593,-2.7260933389088007,-66.73993290611529
1.354483552170205,1.2742360972071607,1.2482700659695776,1.199063291791574,1.298417112932112,1.1578195776970162,0.639861008692546,0.33392771547274935,0.33630379224021745,0.7397695119087451,0.8901026238911667,0.11837981356074846,-3.8521295422053394,-1.5301452844327126,1.7014104632018985,-2.770341409198229,-66.66669801834558
1.4098770397939304,1.3645287056582016,1.3234085822861141,1.309466650364846,1.3533230015929965,1.1922855058983397,0.5891573101247993,0.29043874636674993,0.2789259676764828,0.7119170327667632,0.8567505776671673,0.14049783706466243,-3.836106767012002,-1.5143234959774725,1.7168742488286004,-2.7396875310437925,-66.83750188610327
1.4588164265500287,1.4051365650887424,1.3744723223333066,1.3749882373212172,1.3927503495002405,1.1807693824408587,0.5249934174863209,0.21600984228101083,0.21340865891626604,0.6735580253762745,0.8275174176718966,0.15663018044756094,-3.810708850942042,-1.4752422208073213,1.7401441034330238,-2.7396875310437925,-66.83750188610327
1.5064409965209866,1.4176283500761646,1.4162543010039357,1.4156655086206928,1.4358707035385008,1.1492246428441524,0.45771795322121656,0.13697546116799386,0.14543985966557038,0.6358666354138771,0.8016262264804436,0.1712272238795073,-3.785471485772298,-1.4307778169651555,1.769820543962603,-1.98824520851061,-49.21675616479969
1.580360048309343,1.5214612286882778,1.5079173090741282,1.5256845746747696,1.5032278075235337,1.1155001569071386,0.37665831278035444,0.04840406514767359,0.08505119633819747,0.5866896474841452,0.7595139056268397,0.16402980802519113,-3.808702370640532,-1.4279386802866672,1.7566839725201615,-1.9856325474478353,-49.224393466640606
1.6664085604037124,1.5614213940447532,1.5256310738228138,1.579538312838154,1.5184819748801028,1.0799733239345843,0.30557700009220246,0.007466177700919729,0.059288020753049064,0.5795365386389464,0.7348180051929009,0.20010204125043426,-3.751999831343264,-1.3625409609918164,1.8149243007117322,-1.9856325474478353,-49.224393466640606
1.7269536072321199,1.5593888044587214,1.5711779399996735,1.5855460444730354,1.5309585686100267,1.011755663131539,0.2879313254754865,-0.03589912848187948,0.0636537677286646,0.5853982956426014,0.7446845813403098,0.20064760602054393,-3.737143890195905,-1.308511807033539,1.8548571340733837,-1.9573084306883732,-49.34868688217678
1.7460806552121648,1.53667353874998,1.5741579420261844,1.5709678880813056,1.5211084459910693,0.9819115541659131,0.2899819903729952,-0.04930448551146149,0.06888063924903065,0.5870196348169125,0.7427817482501932,0.20030739967215028,-3.730787025032207,-1.283209421332777,1.8866784173434425,-1.948888288800756,-49.31461132757721
1.7285089982192225,1.4963334417738452,1.5518461102051704,1.5340306723899964,1.5025593136606958,0.9740092472595229,0.3064290743494795,-0.04463367453733569,0.08788407547171428,0.5958737690569665,0.7371876079377504,0.18811093600985634,-3.731134625085495,-1.2705277494151344,1.906152961509454,-1.948888288800756,-49.31461132757721
1.6897817785550242,1.4511010821921118,1.5128226784135408,1.4856805306725334,1.4775713683212963,0.988022929258377,0.33578944509164543,-0.024201756518705153,0.11776359500035571,0.6065919864532182,0.6641070872732432,0.17217372590189028,-3.738481105409916,-1.2721255859541563,1.9109309992494228,-2.747648296714979,-67.37135888874276
1.6104381023364363,1.305408846764894,1.3814159515428015,1.3378659745692871,1.3929967345742065,1.001647852036288,0.38466875153310687,0.02104594011506844,0.15038786137240012,0.630890812380821,0.6790860478482806,0.17270757281501947,-3.6985602233449155,-1.2405290981878396,1.9615705872508005,-2.747648296714979,-67.37135888874276
1.5096048610651682,1.218840600867657,1.3166504104156977,1.2343614461812982,1.3547092497098947,1.023282206539304,0.43470619461781634,0.030758072591956953,0.15092893599968393,0.6196133994208518,0.669836749316485,0.1290510986730671,-3.7478573562189332,-1.2818587683235816,1.9276155900123808,-2.745529302635145,-67.31673604161314
1.425000033055065,1.181314677715116,1.2202176462139396,1.1787416755921887,1.3170849662132844,1.0861555194395773,0.44224462341732107,0.05841705145226439,0.13744802372554177,0.6084015891186629,0.6545435642828525,0.12318480378343684,-3.7584225876761055,-1.3190413459270927,1.9108228880739475,-1.2945722110597906,-49.700441138024146
1.376389631186643,1.2602164938251144,1.2475936216490484,1.2425797741232583,1.335408695179125,1.0953751635755973,0.42621713999937305,0.026682849363495187,0.11719107611504054,0.5918301931286101,0.6280734362126036,0.11426376868347808,-3.8247124042195653,-1.3841689928355219,1.8299832936113307,-1.2945722110597906,-49.700441138024146
1.416376424793201,1.2851808881089375,1.215842639114895,1.300119159581022,1.346281696536642,1.0877737705124728,0.37777894995562455,0.04232782818200809,0.1072755790905564,0.5957060437679574,0.5878599947411066,0.14888713346712948,-3.767174869305863,-1.3593332082296334,1.8614923695308205,-2.7331418046344136,-49.19397620916095
1.5415008822789686,1.3598516135573269,1.2887345117874367,1.3230369638790584,1.416148651488159,1.0951793808158532,0.38676207356988646,0.08854640954470594,0.1313203252007087,0.5856471687306393,0.5673012182511886,-1.0239911082695887,-0.8828291889585084,1.695943902573951,1.8957220193182047,0.8831248916717556,-28.483092921301186
1.480906306190624,1.5222093194072812,1.4812833906702298,1.4668714188655483,1.398061221327609,1.0377077240587531,0.42745577391932854,-0.0005959603081624465,0.15962685057371684,0.5980185369177127,0.5413415789477329,-0.9902384044935695,-1.0461891499628848,1.5892794776357686,1.7556724549522094,0.8831248916717556,-28.483092921301186
1.5275443033246714,1.4519785223131076,1.383302042287122,1.5699536142514239,1.4224106656624171,0.959066573193486,0.343062458901086,0.03633777704495467,0.14232341043275554,0.627279532029624,0.4639903344375596,-1.294510782371588,-0.9105659412582351,1.6854327921006775,1.854564005314189,0.9596356672120976,-28.339267960602207
1.5900369200708082,1.4667536848680576,1.5107091343758179,1.5927734630878694,1.4428822435889928,0.9000160119316452,0.38031156479593375,0.023087527773138383,0.1832990685171063,0.603354661779528,0.4199982816039194,-1.6352080583665232,-0.9710874700416241,1.6960537923860006,1.8340680494818418,0.8722195194174982,-28.402970008866703
1.547245714278831,1.3753567741151993,1.4756053469748018,1.5276851924723769,1.4031430147445134,0.890586116042687,0.4229843911608683,0.07996575687966945,0.23850871562005094,0.6151667561098397,0.38208082582780994,-1.6788697803507062,-1.01131296734587,1.6584373801570926,1.8294741780622545,0.8722195194174982,-28.402970008866703
1.4605172957547365,1.2765892032332504,1.399994579427469,1.4175434804026004,1.3442253083533662,0.9087089440072745,0.49617544670400404,0.15238524055918523,0.2988218046442599,0.6351878279621223,0.35467297297425737,-1.9380231753803239,-1.0582681783190049,1.6159671362164802,1.7915157868162201,1.2178258847538652,-28.45331318407876
1.3285503299483028,1.1666550350900255,1.2901441923085786,1.293181949062616,1.26196212463512,0.9345093104824254,0.5759227996976998,0.2344350338562804,0.36700899772843243,0.6599612327358888,0.33452276154053606,-1.982521829628196,-1.11728626145163,1.5427029470319082,1.7382049148793932,1.2178258847538652,-28.45331318407876
1.2125095779578792,1.063498619228055,1.1650846683744458,1.1801728378867777,1.1985754957000907,0.9696812581342564,0.6464121149388213,0.3322360635321784,0.4290686420320651,0.6730686241114991,0.32535556549236644,-2.027131397570281,-1.1559312795222894,1.471488178871661,1.691590846537412,0.6111530355122867,-28.36991057938159
1.148620098661029,1.0105371038171116,1.0768929180487492,1.0809096795299666,1.1665045427797494,1.035447904708077,0.7215197610737104,0.4530431518884479,0.48781429643576346,0.7010066006877859,0.33338374273787863,-2.835190352089298,-1.1893437584569335,1.419615487332864,1.644192550889142,0.31291718939918534,-28.857634344821264
1.0902017780441144,1.0048542725057357,1.0307368214038075,1.0054847377493452,1.133508012725343,1.112621520969148,0.8148064924546483,0.5697992651933019,0.5558630600310701,0.7404942159072301,0.3634408793076027,-2.8576450365233836,-1.2314355326232302,1.3408242739556895,1.586930847066886,0.31291718939918534,-28.857634344821264
1.0498648263534716,1.020529287933016,1.0022150546396587,0.9821047884758808,1.116152536757913,1.1722266997634487,0.889901572929972,0.6630408235089202,0.6103713575873185,0.7676747636491823,0.408556951161961,-2.921807345345968,-1.250375795366522,1.2815456781533252,1.542896656014585,1.6862254146697997,-38.37785455290013
0.9445295630515286,0.986200721637346,0.971271153098894,0.9789637371735893,1.0445504149380227,1.1452088927145159,0.9460441578227545,0.6712253589733752,0.6445446199429106,0.8097303969297404,0.43073486750228723,-2.868189862970017,-1.2730581158339986,1.2429463725384953,1.4925605099737977,1.6915438291996256,-38.35429454117319
0.9236368507659858,0.9279339686035902,0.9273130928024756,1.0180865612242973,1.072760540368332,1.107578218740676,0.9180605508644835,0.6744858910084672,0.6230919429147753,0.7954879247361054,0.4217415495010596,-2.8763374303692464,-1.250991701929636,1.2281973542154212,1.4837729716408352,1.6915438291996256,-38.35429454117319
0.9371744006624207,0.9627417353328209,0.972704549867609,1.0532218292898228,1.0958340756300975,1.114572477804209,0.8933126291888904,0.651924472983818,0.5781322912846496,0.7564548990362138,0.3673852815031572,-3.8614482273007993,-1.292335360749501,1.2243900620253247,1.4424283392625152,-0.045289260486776506,-47.188304481337035
1.015442198000741,0.9224143443488644,0.9333427213077384,0.9987586776377078,1.113632598650268,1.148203096395782,0.86819677149907,0.6708607603978072,0.5325010684663862,0.6593136558843209,0.3629248515692273,-4.031745633841896,-1.2461344638845933,1.2434544740675586,1.476703187150282,-0.07675065830449501,-46.63143035489682
1.0141647064972221,0.9638427163693035,0.983600956695073,0.961732054854487,1.1069718235879287,1.1744905962071326,0.8923685456948922,0.6534326770817128,0.5177907363571495,0.6387217184768214,0.3772983509333163,-4.050192683068851,-1.3014096788793792,1.2024423486345868,1.4217445011084278,-0.07675065830449501,-46.63143035489682
1.0185206098718873,1.0012784924357772,0.9523201504252652,0.9746766203344432,1.1049069830091354,1.185049761402755,0.8610202018920379,0.6628559902805075,0.48997228669630266,0.6510948473339141,0.4018522146117889,-4.010675135605933,-1.2729607765244288,1.1995987858954604,1.4231588063753604,0.6149303190359396,-35.57448553063696
1.0864614181916163,1.12086947004043,1.0684496219616695,1.1056568567884892,1.1656769087019434,1.1750268951081324,0.8163407409616256,0.6337628500234154,0.4868556427206341,0.6622988230671248,0.40964861372598804,-4.016965533934768,-1.286245831788063,1.169275242502547,1.360734749843655,0.5817599330896845,-36.56080964701351
1.183438578148676,1.198661355736733,1.1287970834386822,1.206620436677099,1.2081366830690108,1.148442057824696,0.7548012640172941,0.5995170072069351,0.4585003553277269,0.6579843265977834,0.41576935055816416,-3.9671578368900517,-1.2341061416646117,1.216859632151723,1.3982143404038254,0.5817599330896845,-36.56080964701351
1.29080645405496,1.283266291612318,1.237531181480334,1.2908123111142098,1.2969949967202963,1.1236879809317575,0.7436762817246783,0.5432437661102758,0.4305218935794135,0.6091836319308754,0.4286913586547479,-3.9267490215250374,-1.2144205174827662,1.27052665953065,1.420306752549504,-0.05855373968136668,-29.940157606486828
1.4184572039706016,1.3708767056268036,1.362519902878783,1.379792207338083,1.3765761655843423,1.124718090455291,0.711129825824213,0.5163017844850099,0.3769652153083727,0.5972166763488418,0.43367297699129626,-3.9368446803924098,0.7878854878438067,1.326557295201202,1.44872533804642,1.3047371739467204,-23.577307380926797
1.446561140293147,1.4718959316037483,1.4847248273533167,1.4705158694254947,1.384135995677099,1.0948644734592665,0.7093439269738118,0.4560636857385584,0.38187956309026927,0.5986285076412265,0.4186142995435076,-3.90705931285176,0.7419590020603635,1.322713998351069,1.418391547590317,1.3047371739467204,-23.577307380926797
1.4945560748625843,1.4441358978933452,1.4686120495743236,1.522425785290923,1.403954015796085,1.036515398361691,0.6589020793646024,0.43369115199374875,0.3653044242298432,0.6076680222176188,0.4150632658582025,-3.882384660972225,0.8488248242801077,1.3904995346777245,1.4777330091115055,1.3603033193727692,-23.04445200392022
1.519833269584028,1.4454902796191287,1.5218158316982615,1.531043787431567,1.4139985033848592,1.0046919611238752,0.6674669867440846,0.4146291867229571,0.38107162729577826,0.6048286585558552,0.3918184673821288,-3.9109670311138682,0.8256648900473952,1.4058843569566806,1.480783511518076,1.3603033193727692,-23.04445200392022
1.5009320275128346,1.3945147160072828,1.4956403302267265,1.493571117103124,1.3916483835632514,0.9894732922059887,0.6690653450023698,0.41265100034894064,0.4038037373751471,0.6069754451451033,0.3694525168737611,-3.931684531392636,0.8086281334175628,1.4143777096643935,1.4919580432464312,1.382378435439656,-22.676907292318795
1.454292902388069,1.3371176727679057,1.4429135252536405,1.4295197950627232,1.35711106951886,0.9948287904952381,0.6890702963653202,0.4426496514515732,0.4335242645325703,0.4986195309461601,0.3525622051926168,-1.808414214896142,0.8049942600632027,1.4050107883760927,1.4833601975852293,2.3118691984437794,-20.173462147156627
1.3548997932412918,1.2757449676793704,1.3810912981433299,1.3709885692722008,1.2988506340845154,0.9842955384005502,0.7252028693211312,0.45372649799975995,0.4667715643570851,0.5066729774452924,0.32752871161617914,-1.8252088832860889,0.7519441743431381,1.3628902523106554,1.4398140635290375,2.3118691984437794,-20.173462147156627
1.2906302464675616,1.1832752430936024,1.2691083659773836,1.3057133855189178,1.2611133973811275,0.9749077774436583,0.737489223660559,0.5080388882411082,0.4938037869102192,0.5151057819515272,0.30666763398667396,-1.8514729119425277,0.7442205004026315,1.3404788277415827,1.4343025755564396,3.180844802314259,-20.264567690861767
1.1892748649084361,1.1193540395830963,1.212912264729424,1.2383986839395882,1.1984394213152862,0.956758043623555,0.7781365112246765,0.5158995089415837,0.5269379424901575,0.5150714291367176,0.27486535142665947,-1.7799272099151553,0.6904224554049285,1.3002636042286368,1.3790205329522984,3.2411644570367866,-20.06743310209648
1.1103855620814702,1.0132136858387593,1.0951821173601584,1.1653414171525482,1.15694114659666,0.9445518205962304,0.7895134389543548,0.5607545168939165,0.5508120900666043,0.5167707110881421,0.24950286065752353,-1.8120672761052092,0.6775628908686396,1.2656318951144396,1.3598770091167762,3.2411644570367866,-20.06743310209648
1.045451502589216,0.9576708337082802,1.0323255764330814,1.0894917214933932,1.1190808012549245,0.9536721027275978,0.8272580743617194,0.6026348013825922,0.5808858454519965,0.4911096212021865,0.22447703252219897,-1.4290099690107416,0.6313929103383988,1.208814064358851,1.314261471985761,3.436703453063849,-19.596929748998242
0.9704257341616597,0.9008528879431817,0.9614693239620457,1.017189413863333,1.0701654357342343,0.9606050385951403,0.8596903433266916,0.6519023830995477,0.550884370259982,0.45779933578090964,-1.897452997850925,-1.4572676699528049,0.6826729598516289,1.1849252679385673,1.2711803338671477,2.923225284796274,-17.75451695214001
0.9443091378963095,0.8739665486061394,0.90476594523782,0.9655890570187395,1.0604050291994387,0.998065446383705,0.8926985190318467,0.7300689521728556,0.5837118867738524,0.4708799156053386,-1.8897018230468952,-1.4908355756960332,0.6696547108909279,1.1395825713599834,1.241304565787972,2.923225284796274,-17.75451695214001
0.9153330076086741,0.8950998354654759,0.9061584074196042,0.9355150156128056,1.0364445150628412,1.0379336914637318,0.9271458808472698,0.7213482612999174,0.5761916802224889,0.4944984287650985,-1.8706708073424245,-1.5014882818239543,0.7187120997452576,1.096565110735298,1.1933374898591615,2.140570855905965,-23.10014124447705
0.9160484424722437,0.8818231232183384,0.8731449323312341,0.902837026069029,1.0301088841342907,1.078677040899305,0.9718066318224682,0.8051512193757312,0.6143141867678469,0.5272106148063322,-1.8238627240390084,-1.4950842329990028,0.7431436981077914,1.079888667115795,1.1955311017559662,2.140570855905965,-23.10014124447705
0.9131385580316784,0.935445867447133,0.9259147227508684,0.9161149637146841,1.0347810773340758,1.0808190266532376,0.9986051914263224,0.8308440821227031,0.6086975846526808,0.5487254998798348,-3.693337832175273,-1.491743798113732,0.713146488373732,1.0572735216325486,1.1646447660567658,1.6170158494043267,-21.3533612747865
0.9593934540625186,1.0045201999856466,0.9631599311125032,0.969689413934466,1.075530914235343,1.1317131541625265,1.0122370581566231,0.8854179157935728,0.6196541501228277,0.5657532922506157,-3.669484161744113,-1.4732317198680178,0.7327981155263193,1.0409872991866989,1.162712995171395,1.613069697450717,-21.32466467983734
1.0140794268796232,1.1111354666940612,1.062076398379657,1.0493154716946405,1.1152850043484221,1.1665807083284538,1.0317738204796434,0.8994924792424963,0.6268740559035522,0.5810143317503912,-3.639285192631516,-1.4449670615659802,0.7317171956098607,1.0322847817156582,1.1444448926990076,1.613069697450717,-21.32466467983734
1.0785581139276563,1.18431567890719,1.138552636031629,1.1405166227922097,1.1586342375007457,1.1656072956529155,1.0231469939333366,0.8954771333588734,0.6216492499648658,0.5908975443074447,-3.6219457228312777,-1.405250116110641,0.79237462633062,1.0496111731168831,1.15756629037399,2.395957841944421,-17.15540923793796
1.1298267928083316,1.2751493922590174,1.2473669965629282,1.2596586200787323,1.2035383815896306,1.1397124104720864,0.9985018730825974,0.844411819640197,0.5776306770915897,0.5840498023473446,-3.62498348171588,-1.3726060987768938,0.7850043470158898,1.0478989035029111,1.143419563385618,2.4000640804978923,-16.96752223826323
1.2049022868867048,1.308752467425955,1.2993626972718617,1.3528053087359606,1.2513394104840647,1.1024406862062404,0.94320737054075,0.8070207012758444,0.5493558384887598,0.5691462765537376,-3.6438544202803342,-1.3494107773380815,0.8232547762763169,1.0889544104908602,1.175403615940084,2.4000640804978923,-16.96752223826323
1.26662889278635,1.3340369852695968,1.3659853205092816,1.3987131492736298,1.2811104600369505,1.0625282890234669,0.887948952598623,0.7448149121831225,0.5277396539067625,0.5463571676133565,-3.7307879635960117,-1.3562828982413617,0.8466573158421211,1.1290338267044335,1.1917172965213265,1.6754943151240038,-16.497084930836053
1.3282828372398359,1.3279176480200818,1.3785007975486534,1.3942688667470773,1.3058154592012383,1.0583923849342876,0.8588455233992418,0.7416965564796529,0.4841636306925031,0.5283137230642445,-3.7707199800753486,-1.3745986486757442,0.8792338091029647,1.1592815688280906,1.2244322858532157,1.6889371487208935,-16.10955326420504
1.3384913909498728,1.3367887018837272,1.3960641434302083,1.3666414171637302,1.2959547843359083,1.0645630504568233,0.8702632840676033,0.7321728932491567,0.48987407028166796,0.5230145619547373,-3.775952984763568,-1.3826121905386373,0.8584092127197605,1.161356390140225,1.2183233950346768,1.6889371487208935,-16.10955326420504
1.3297609889059947,1.3071279216265808,1.3526663083156953,1.3353513308149134,1.2773373301104791,1.0583856581550724,0.8486145519068187,0.7383837104711986,0.4898568720885097,0.5285720976388797,-3.773216063556204,-1.3734152827225297,0.8755958507840936,1.1727203320748012,1.2326564159035365,1.6767680968991652,-31.147501343124294
1.2685983392154747,1.203852659981208,1.264445978020227,1.242947736355415,1.2047832111161796,1.0317376897915014,0.8684536514304486,0.7273680388716717,0.5000242717537753,0.5394896340442964,-3.760759324546152,-1.3485562448671145,0.9036884381590208,1.2095505153471264,1.26373754716099,1.6767680968991652,-31.147501343124294
1.210111419686441,1.1211836734954377,1.2012184972533895,1.1828667204736334,1.1889532517604722,1.0075799055939278,0.8642645975056931,0.7000059361650633,0.48556383577959106,0.5160907790228517,-3.765065988445972,-1.3745230669533537,0.8967310123452489,1.2090731341518208,1.2607201584141292,3.284799312896534,-31.15327292130543
1.0911489228090852,1.0742309123784985,1.1421714612987286,1.16004022193068,1.1214685396696198,0.9711142364500215,0.8389084320712545,0.6019187104068882,0.4444458017540648,0.48054327322962065,-3.834541793763691,-1.3638918688856283,0.8398921910771406,1.1797577553544145,1.2091639928200801,3.2907211610617626,-30.880284074735002
1.0497205161189378,0.9641989692159494,1.0153797412610888,1.1297600033287254,1.1111242170349493,0.9154880560285641,0.7541938519642926,0.5563835130589206,0.3893296487771517,0.4352997166097798,-3.8850904402637294,-1.3824148660048685,0.8762563806524175,1.2055393356862327,1.231266438203996,3.2907211610617626,-30.880284074735002
1.0280781925325222,0.9301875875162979,0.9863720837909116,1.0793800794962984,1.0912794025548633,0.8881536335911107,0.7126950713922903,0.5071687049043535,0.3511509522411731,0.38773229396643216,-3.9475770130408967,-1.4299424687942401,0.8420199069652061,1.200165545082038,1.2088435968270788,2.9910063304276546,-30.904214480782734
1.0089448531485812,0.8721380158443486,0.9185508154405915,1.0065508887012797,1.063858747407721,0.8713821638683343,0.683806402713965,0.5041784016862305,0.3293107945219532,0.35945921579443574,-3.94185715188911,-1.458328269479002,0.7994995669671161,1.1914301335151676,1.2044116505375286,2.97078854149328,-31.19174846713639
0.9764675404489106,0.8390077810078195,0.8712545782791099,0.9401253322551396,1.0277739399133705,0.8620181153200417,0.6796430717843197,0.49622151792078584,0.3234847303214132,0.3482813915135676,-3.942534508458267,-1.4764331134801285,0.7834969487085107,1.1792994188465253,1.187675383021657,2.97078854149328,-31.19174846713639
0.9514314516122891,0.8179340164071462,0.8320474613919225,0.9017132745254977,1.0010363159155702,0.8558469181391819,0.6776213635953587,0.5135024634404881,0.3381056824589014,0.34819709408581473,-3.894759042454927,-1.479174359294873,0.7740998415585607,1.1465096844839535,1.1583896606280701,1.6321975725166098,-28.121590027672394
1.0371847943600347,0.8817085060774782,0.8379642402472833,0.9186160500424146,1.0700640420989165,0.9419190908862922,0.7259097849798796,0.5733714625268355,0.3864622702812224,0.3556316505950648,-3.8235630656272974,-1.5036886803955738,0.803414148498514,1.14382731912288,1.1729622323288273,1.671174860685129,-29.060428411110287
1.0556540474332916,0.9824518581931747,0.9237452938529871,0.9326307573934083,1.0656642965787446,0.9948193205259623,0.7803749754871017,0.5996488343072492,0.41761047760408565,0.3857575803211942,-3.7752452145137907,-1.4809833612999768,0.7746933038651704,1.121418344986166,1.147463818480922,1.671174860685129,-29.060428411110287
1.0826141173582526,1.0339248840234998,0.9849042848984405,0.9914506754977879,1.0900029686909005,1.0161730022267719,0.8075696088613534,0.6595724423546365,0.43884853461811413,0.42174978156378584,-3.6982426491115143,-1.4323850954518478,0.798816369906607,1.112480814980073,1.1650705283485903,1.6601790432050274,-15.319749564989728
1.1840887825572748,1.2071914813391529,1.1394698374345738,1.150541357920801,1.194916452226538,1.0577242626257999,0.8061638324671622,0.6755181864674493,0.4420162224626125,0.43697872054638276,-3.6678586557713477,-1.4238922209911347,0.7936355990469045,1.0991680780535313,1.147083512954376,1.6601790432050274,-15.319749564989728
1.2911323186639514,1.354489111048661,1.2851326733181123,1.2874422373867,1.2743292329656388,1.1022060491972285,0.8281308036384764,0.6841978139138568,0.43733028851687195,0.47143463152125137,-3.638622002228975,-1.3697200476055384,0.8332696074664605,1.1265173934087642,1.1666687405048926,1.6959632419230646,-15.125891159144594
1.381211618383833,1.4366816958396575,1.4081806865675541,1.3946473421358767,1.3301785460251012,1.0789456307501282,0.8415518306266043,0.6445507081115434,0.4588874206261295,0.5022098162667246,-3.603001243934722,-1.3366047066872948,0.8955966669827096,1.1667318978476515,1.1958577429356438,1.7399383240141404,-14.645207981298967
1.4416378207767475,1.491620210032021,1.5021617426873637,1.4813886567538648,1.3726116045527668,1.0719670796764562,0.8501425454998159,0.6428836955528389,0.47356582337421904,0.5185082458250567,-3.5979192363417267,-1.3186423151079376,0.9061970912282027,1.187569756877251,1.215990581428584,1.7399383240141404,-14.645207981298967
1.4758134393238622,1.5119200007429092,1.556101646106245,1.5367801395761853,1.3947535451661257,1.0577387017937379,0.8578387984290441,0.642932512945525,0.3959018360496728,0.5249705863434383,-3.606875309004914,-1.315876871735621,0.9132556186334313,1.2163863639071495,1.2317293559291094,2.79000054177739,-13.771674300409959
1.4346171111226171,1.4938797434998141,1.571414417525959,1.5577831501942687,1.3692423534081348,1.0214676140533214,0.8652009907122771,0.6054963482397739,0.4027722739624651,0.5222045185625104,-3.6473217441324453,-1.3097272127896278,0.8839769833640767,1.2220068769899644,1.2154705281640101,2.802344184150125,-13.709795514808803
1.40868182624525,1.4068292399437463,1.4972950526638154,1.5342721447084644,1.3601997415650708,0.990582488149434,0.8395338688489371,0.6025522228882387,0.3980787206686895,0.5090959377335177,-3.6908815560091597,-1.3291244306375898,0.9005365941254146,1.2373657656264447,1.2354189124178478,2.802344184150125,-13.709795514808803
1.3745549242212471,1.3474671284695525,1.453676156694331,1.4658339475107722,1.3318493291939109,0.9827156497050397,0.8466087402373526,0.6024831521425261,0.404696779205027,0.4916564140690624,-3.7374022487719136,-1.375787807565778,0.886861935182506,1.2230992882408274,1.2193049149810338,3.4957649988036064,-13.650957831114816
1.2764103411096812,1.2466593007633402,1.353723002223611,1.3718720302464054,1.2604226340615128,0.9512303587921344,0.7779812666155236,0.4673309767845931,0.4188903743487144,0.4830592614114109,-3.7769323150343705,0.4662022038515885,0.9023783017794904,1.221405237373192,1.1937669974704261,4.4017201280053175,-9.727913451441083
1.171499879915388,1.1424895592510724,1.2358903664786411,1.298206350270859,1.2014130926712028,0.9111551171819792,0.7757008875997304,0.4623750209273001,0.42747572100215975,0.47263939908674946,-3.819656540675815,0.43908608690104056,0.8663657846761739,1.1847665912142977,1.1547573108197504,4.4017201280053175,-9.727913451441083
1.108712515288929,1.0441681027019258,1.1172805194032016,1.2125477623207328,1.1225994166152296,0.8350647863962364,0.6966370390798705,0.2906254117719296,0.4418196917810146,-3.431879837423705,-3.859489799940646,0.3988601395377612,0.9367468852426715,1.1994733829187973,1.1789490154852373,2.7588480203349626,8.995715023326232
1.188565523952766,1.1040715451699623,1.0979669114560324,1.142665575415823,1.1687588552723986,0.8166553574177923,0.5448189684579992,0.41269748248695376,0.47607183666410574,-3.641419639335878,-3.8623021047438653,0.6474443509245125,0.9725620012780696,1.1804308848422718,1.1775328198507655,2.9575668309769148,12.32885454112035
1.2025835361731425,1.2381109889864073,1.1649999838124825,1.1208061032009162,1.1343044338327697,0.9218949275062673,0.6585639521353618,0.5321676131721915,0.57955217473822,-3.572287201066432,-3.820624268892463,0.6631853001426552,0.9091485420994354,1.1090954725133229,1.116224189554616,2.9575668309769148,12.32885454112035
1.1864308863583528,1.2258210544628358,1.1498078131809821,1.0996135850253448,1.0637704696176054,0.9382038654413438,0.6043029265744161,0.6582812217428847,-3.2630291863652614,-3.473771565121197,-3.7109604196484405,0.8150265051391705,1.0010651898807454,1.1324155281315758,1.1324816415517733,4.258861359205595,31.685173822312706
1.2251509529570308,1.4082349279912958,1.3228000928244856,1.2734413260369235,1.138005914217354,0.9678106933969203,0.6874981269550542,0.7272313081779535,-3.1790639441018738,-3.406876383093379,-3.6644306159225857,0.8313678238855234,0.935300468747825,1.0540787072948818,1.0515151713693889,4.258861359205595,31.685173822312706
1.3082606480854015,1.4880056481834294,1.3737451146543198,1.3894717209126743,1.1271405609089695,0.6941760610807974,0.7356298646902792,0.8388786291354589,-3.1795638610047754,-2.1327823383859665,0.5559230455586497,0.9371188565279482,1.0056584873930556,1.0609615997288566,1.0975449111941051,5.481474138816617,27.681716955164916
1.2958360351242877,1.5061633160275558,1.4954230255015926,1.4704831514352195,1.0923937046340115,0.5876963728821245,0.824735235531566,0.8587363491303008,-3.1082108944871596,-1.874777284347702,0.5798451297203758,0.9587079092027735,0.9689334751260665,1.0498695260333817,1.065851128905907,5.473691236689138,27.177943732670588
1.2779342959587003,1.424299709655088,1.4801612356075502,1.4996045994390386,1.1056777790764107,0.5616916374732163,0.8547352928049858,0.9175554745660632,-3.0597028816727447,-1.8570977947663236,0.5452463013634805,0.9345507016651051,0.9700655544171093,1.0327669654792424,1.0712121699516644,5.473691236689138,27.177943732670588
1.228042855806717,1.3703455486783611,1.474711478858505,1.440051566416502,1.0867260039704663,0.5373869844814458,0.9096923514051184,0.9718897135664787,-3.0117291915491937,-1.8959754340336348,0.47649866220553105,0.869718288602478,0.9103894644241473,0.9825419800746384,1.0236326887276346,5.458429583250387,27.48125950929395
1.1387258131277087,1.264077770127587,1.3794128495619735,1.3319217961262184,1.0281454046524285,0.5664005229229827,0.9620792630433799,1.0460069458750358,-2.961896893737593,-1.8962546349471925,0.42876260994330817,0.8167664431609866,0.8582308440388883,0.9228063016257418,0.9809042701606447,5.456036716152909,27.4948755616283
1.0398740511393567,1.1598575075291198,1.2570007863575579,1.204790189387084,0.9649345961659916,0.5966726955058523,1.0208487834400422,1.1279484648223908,-2.911372343359379,-1.8886103705823416,0.39954183496426493,0.7673987748874364,0.8121046939651305,0.8570576323230478,0.9266014844234647,5.456036716152909,27.4948755616283
0.9478020649526112,1.0720743736429004,1.1372732362730034,1.087167350450263,0.9080722443612942,0.6960577824048586,1.0800957610597062,1.2134334279090448,-2.859494129838491,-1.8739875643305446,0.3915301356202956,0.7329062184764911,0.7715057394066953,0.7914335832837871,0.8739404034221667,7.228085162328325,27.31189277567489
0.7903539160332943,0.9891221506026762,1.0380687396782942,1.0093887710767029,0.8081460826842022,0.6628194548578556,1.1338187689985852,1.2252134799677208,-2.8177581325418104,-1.8607096096390985,0.371227439307925,0.737842085161093,0.6946546228373837,0.7097487042609752,0.7816915296490098,7.228085162328325,27.31189277567489
0.723470760287579,0.8668462546470602,0.8851253791724023,0.9579308788687015,0.78135355363282,0.601632944238406,1.118177159814758,1.2726649054053185,-2.810773960258535,-1.8649106977174934,0.36450322306995636,0.7187181968233061,0.7119101800852772,0.6836714376943704,0.7693570404950505,5.874473135107614,27.426616109978053
0.7562129172113706,0.8589309669627329,0.861613106622406,0.8951725104274315,0.8017774252420531,0.6535014245758648,1.1424124350534877,1.3540668183781341,-2.758663493588172,-1.2595987864514258,0.3471787939405355,0.6489065290365348,0.6876853470469557,0.6478967327109548,0.743722223694121,5.8911820003191,24.759530796398014
0.719275368575659,0.8667117871989078,0.8574568991342939,0.8211042305601214,0.756385901779508,0.6990635579885642,1.2120343016812671,1.4122541005163,-2.713881550369313,-1.245003509212563,0.36432190243971346,0.6384811616137832,0.6279205675164077,0.5826926856250016,0.6847350435194949,5.8911820003191,24.759530796398014
0.6877826400774854,0.8444865901797037,0.8011060710137035,0.7961084897763306,0.7340778124921282,0.7152348311009032,1.2442519588812164,1.4697042202987167,-2.670691893316552,-1.1094130616368079,0.44435933205098943,0.6629521942393428,0.6400705599542087,0.5497837911167215,0.6602275003411424,7.506174566575639,24.197795214761303
0.6164457461319719,0.8615414913958059,0.8203073794986917,0.8350380412478362,0.6942727543297861,0.676297561482469,1.2627929383861276,1.4361431952326724,-2.661461472316077,-1.1023883405490578,0.4458002881839491,0.7003391965915857,0.5949622240860484,0.5073005652573042,0.5932463897931384,7.506174566575639,24.197795214761303
0.6276851635322958,0.8235031334716696,0.7881488018208633,0.8892226003153062,0.7216566678834743,0.6253209793741764,1.206789993737387,1.4244611009029429,-2.6357131516124226,-1.121145109412466,0.4279769171612688,0.7156527652699427,0.6361763220425243,0.521277888076209,0.6072328130041718,7.498574752291697,23.769870819144355
0.6582416022718947,0.847744598883029,0.8475153426161208,0.9190931974666676,0.7425593146574518,0.6010354149029902,1.1816771087107683,-0.9241568666106555,-2.5892361475633434,-1.156633964359909,0.42691374485135075,0.7009331016159093,0.6053502985045263,0.5128474294064693,0.5796997465396694,8.321224049004538,46.64970630789313
0.7085178266361005,0.9548175497423926,0.9510806134142828,1.0276959925888676,0.8136332397429505,0.5883310924681548,1.1353158694679002,-0.9530442439169557,-2.6108123694927716,-1.1968666912624126,0.3777727221760004,0.6604581513485639,0.5291154274860643,0.4492989575710269,0.5058616168610239,8.321224049004538,46.64970630789313
0.7750043998058733,1.002126089007713,0.9656866432158044,1.0730234116679545,0.8144776875716692,0.5762465142847458,1.1054810406957187,-1.072427969775609,-2.4807622019158955,-1.1869357631593638,0.3875519304386433,0.6924588249932198,0.5609558390962432,0.467316327184363,0.5162357507286972,8.357399777816488,47.15048474023065
0.8156474763204101,0.9961444680253821,1.014393639272408,1.0687939638142616,0.8176098149306068,0.5143069908112325,1.1313998696846987,-1.0610240781746487,-2.310695427560164,-1.166183550334218,0.45192762140460385,0.6815033761124691,0.5755146646994878,0.47542753147843175,0.5165483173665,8.348115689107066,46.08680487099678
0.8128962675071757,0.9694237003905377,1.0190079669569096,1.048972358897643,0.7989195140633034,0.4972339713480154,1.1698366678942815,-1.0203338826552257,-2.2605339715720323,-1.144026147157023,0.4592850095307616,0.6713378370611961,0.5572815676263918,0.4591476213152774,0.5086971887566849,8.348115689107066,46.08680487099678
0.7844748970097674,0.9356634290189777,1.0075598852878747,1.0131654201530507,0.7354785095639036,0.5014580866822115,1.219136917582182,-1.5990451896455087,-2.0838685420209586,-1.1255423957743709,0.4848475540633024,0.6818353266591834,0.5313218426303509,0.44612389598126545,0.4896851061649552,6.547757056685153,51.43728490909081
0.8455518653531225,0.9581458364610662,1.002467622807764,0.9789128690495357,0.7897279617910302,0.602303578757004,1.2686959048420634,-1.4333634524184962,-1.9021214948594434,-1.1041202789949653,0.5235115277144489,0.6268261036273973,0.5419555490863494,0.4202777103776767,0.4968360562132088,6.503298111360525,50.000461672511285
0.8328703697413855,1.0453933353096985,1.065077621396343,0.9425936995958758,0.7629120820615944,0.7038938647445722,1.3897805155425975,-1.3349004785361713,-1.8150672307208335,-1.0509861131421103,0.5690523344120095,0.6315741807721023,0.4799950826482213,0.36045422344117783,0.44060699979835904,6.503298111360525,50.000461672511285
0.8138975758008273,1.0535721274236898,1.0391592688593136,0.9450757345043924,0.7382256591843945,0.7474772694156238,1.4636073475366682,-1.167085572142983,-1.6412856818952277,-0.9883615080024934,0.6788981068493364,0.695607511575927,0.5036950518553905,0.3558937513399165,0.4394204398297925,6.469116366263169,48.45139609176237
0.8296489918726171,1.1159886072539156,1.0822338081635094,0.9987071003340575,0.7637893672541629,0.7912756373429456,1.5222611630669287,-1.1037140395250755,-1.5945103740746758,-0.9449324061222104,0.7251972436676533,0.7240246645224123,0.5108671054419816,0.34122448397750826,0.4237908520813094,6.469116366263169,48.45139609176237
0.8630578353811398,1.1789541859779114,1.1441212389900173,1.0715125156232868,0.8051315060174554,0.8217326683674507,1.5549407306690433,-0.9933826400447785,-1.4668198841562048,-0.9215906609468518,0.7670757070119598,0.7577502943564921,0.5371315560411531,0.3350208148909173,0.41848680592823007,6.440126798567052,46.90107077120311
0.8993669916087033,1.2260222414317357,1.1955564395934393,1.1317363650288481,0.8217284337208403,0.8401851648038602,1.5675993599845817,-0.9166502787153832,-1.353005241502963,-0.9119385895624039,0.8000151737474185,0.7972956449967736,0.5503066331588753,0.34155851882768795,0.43889470426486854,6.408372465906563,45.499522414964815
0.9355441968975434,1.253887479899504,1.23657843327233,1.1811546445948438,0.8524764056074763,0.842153618324337,1.5651040900379547,-0.9203205888388308,-1.356708267177656,-0.9155530395908995,0.7971033635905544,0.8113968752271082,0.5586741001694271,0.3516872865517402,0.441626033531211,6.408372465906563,45.499522414964815
0.9640331148044745,1.2701075459858613,1.2615842167431244,1.2031404539059707,0.864409703469742,0.8382608352801199,-0.717501747302977,-0.8732518708139916,-1.280375846129094,-0.9297849175068417,0.7877109494876059,0.8182039879615166,0.5663600674389445,0.3639575764656451,0.4428151859164653,8.79193234699512,60.90912936635792
0.9322583189702702,1.3371016016959147,1.3391668800553407,1.3124853431873071,0.8739819519076911,0.7720285437089625,-0.7556885088926102,-0.973214637643836,-1.3071459612026464,-0.9616302432258493,0.7290678576515538,0.833999691469022,0.4844305316846398,0.3213705822859194,0.36292941774792564,8.79193234699512,60.90912936635792
0.9814382520552369,1.2753026284933537,1.2618033043149453,1.35059581224534,0.8910732368945239,0.6986098882242859,-1.0765862591742899,-0.9358899219027113,-1.2584209860942157,-0.9832165152715586,0.6688335263089197,0.874276998227905,0.5648766024538723,0.3882818160730388,0.42482179483899074,6.8059991872672505,61.38531375829666
1.1136187898223837,1.2720892014296579,1.298569187610884,1.3030563051653414,0.9544243325766292,0.7023047393336344,-1.0709980219702386,-0.8233454923143583,-1.152718033750398,-1.0033457251995384,0.7107423924112439,0.7909543805061543,0.6013746218112742,0.42689989582497945,0.4709310735601353,6.783240044552217,59.7499891857576
1.1000221308977864,1.2797619728292555,1.3250147448654754,1.2068862289317095,0.9018601483531838,0.7396266276751053,-0.9922847631318458,-0.7847317254637194,-1.0952664680146451,-0.9857176247599878,0.7222595770844648,0.7747130746042685,0.5316472534837419,0.39031326025711754,0.4400876916519998,6.783240044552217,59.7499891857576
1.0484901006719114,1.2082172280848194,1.2243202478566702,1.12922737824119,0.8083903752319754,0.7549520856889769,-0.9086122543840911,-0.6603793756741223,-0.957034220419564,-0.9475481383532569,0.7693326280804977,0.810816852714028,0.5561179576259763,0.40923230370761154,0.45018081416470945,6.737664574355838,58.33138899688373
1.016027458059118,1.198684453707391,1.1933622584809251,1.095581895522478,0.789198979207419,0.788462105708192,-0.8557087061791319,-0.6083874911380454,-0.9130147312067708,-0.9164243603044295,0.8001484525142477,0.8163020742351473,0.5546268114433149,0.3988150296802879,0.4405965691072007,6.737664574355838,58.33138899688373
0.9931523060404561,1.2016033547714322,1.1831553500229028,1.0685381100756906,0.7885327672207623,0.8199999454939204,-0.7589678736691956,-0.5049462689014961,-0.802321610645271,-0.8936659494302144,0.823162254280477,0.8327236820332362,0.5493089805160418,0.38665265756027534,0.43520881687670254,8.297577502058008,56.69432031975008
0.9041820571854364,1.1874649173466263,1.1586317833621578,1.0873895844115573,0.7031277295840941,0.7880035902632628,-0.6872327615802147,-0.4702951950267136,-0.7198274734587561,-0.8816816706597049,0.8146441523247845,0.870913523414883,0.5161564449935152,0.3662467911918226,0.3926741314427662,8.225150766591574,55.23480337417495
0.8858732468540994,1.1078498066894453,1.0852101788271047,1.1016372383483228,0.7130054778529848,0.7465047876446763,-0.7271419002323602,-0.47278405489443665,-0.7342120689420256,-0.8950693371096066,0.7888309944451397,0.8675953879047726,0.5566455603374438,0.3874805130326311,0.4174732983876792,8.225150766591574,55.23480337417495
0.8751516180892386,1.0935558316815546,1.10109623670383,1.0866251350640268,0.7147038825064528,0.7375693577312179,-0.6895683532932965,-0.4364521190284243,-0.6813966709418796,-0.9264997501132055,0.8096909765123202,0.8404308953457854,0.5355561516248346,0.37510784317016643,0.41288561055136164,6.614292514881772,53.901143589362405
0.9150385429610188,1.0500265932470003,1.0447700842422116,1.0167934245431638,0.7062178791400786,0.7850667707327936,-0.6889624468143749,-0.29432932398118683,-0.6040281131106268,-0.9425388548390744,0.8049626868394822,0.7990138428338485,0.562319664722956,0.38033936297387405,0.4424003014082678,6.549864972220904,52.374135171137056
0.8902603141973963,1.0746071231029246,1.0584516817200118,0.9456174147069238,0.6703175664923735,0.8317443671278532,-0.6322069293121975,-0.2689354010141043,-0.577924153247824,-0.935374153810571,0.8246298316639713,0.7873830515775491,0.5141875872846104,0.3452603710275217,0.40052364369206694,6.549864972220904,52.374135171137056
0.8593792119736332,1.0521119639978629,0.9988667484726084,0.91305815850245,0.6374692349193282,0.8504347571268918,-0.5439441198493915,-0.1743261456990124,-0.4993297167276989,-0.9151366237741204,0.8690097188899715,0.8299963922725788,0.5402170338838386,0.3573506773734716,0.4059412388844508,8.505232592227838,50.80504373882155
0.7718886341033552,1.0577215360242764,1.0078351067950249,0.948622306082135,0.5845255542046057,0.7921698351259717,-0.5370406527522773,-0.2435561886353783,-0.501884403759207,-0.9088940867955787,0.8704827371016811,0.8837499836391386,0.5059809004045885,0.3404878131723046,0.3570163769973247,8.505232592227838,50.80504373882155
0.7757711331496258,0.9916263810881398,0.9486896479280433,0.9966998151337174,0.6148819609903251,0.7251429563254482,-0.5585299321408874,-0.22873806594523516,-0.47819914956840337,-0.9338060200415615,0.8465209049291278,0.9034898458251029,0.5669495684012267,0.3801488544749685,0.39940572683741404,6.458778216978608,49.32735319482726
0.8927939390279266,1.016071711583056,0.9967207563216115,0.9952792655690768,0.6603925314580292,0.7697008924241919,-0.5477288890875804,-0.12396625390783433,-0.4275301248662292,-0.9696990500889686,0.8552444560962756,0.84683259127015,0.5909989759214563,0.4139753958724799,0.43690379625854003,6.398823581950115,47.5973074440281
0.9008487018719443,1.0703693155913867,1.065153650890526,0.9533601221874318,0.6388539482110074,0.8107198408514085,-0.5074801402958308,-0.1283111914908217,-0.4170678053020819,-0.9749563158513912,0.8659402565568894,0.8421146512922721,0.5350859369644854,0.3887116284378469,0.4073687677966884,6.398823581950115,47.5973074440281
0.8859179570649707,1.0565881703801558,1.017337371276161,0.9100424988213958,0.6265616020771456,0.8152267957415663,-0.4331639224181256,-0.05304641548917233,-0.3514272609815111,-0.9621568092309851,0.9190059781118536,0.886494713963536,0.5776002044263924,0.40169264360456736,0.4272669709491381,6.342136245845776,45.86225461977671
0.903058399402375,1.089172672138186,1.03664019276448,0.933989364559832,0.6367870276365488,0.8200992842573942,-0.4375014894209307,-0.06442822770945167,-0.359278517344074,-0.9569869676955759,0.9445508715335333,0.909384673830421,0.5986644695334249,0.42152851491778165,0.4366886960051226,6.342136245845776,45.86225461977671
0.9312202988974341,1.1240633740349983,1.0672755445441053,0.9773534025838899,0.6611797958591282,0.8173022172681462,-0.39250830197234154,-0.034219315678240214,-0.31120330763825077,-0.9607413598569269,0.9821361456854644,0.934263840707475,0.6154095007085602,0.4421707130870749,0.45435281456849763,6.296382951191022,44.34654049159258
0.9647009134308488,1.1575277367679826,1.1011868275181023,1.0204347979085981,0.6837983482284927,0.8101468511138484,-0.36616500903473126,-0.027981888517685016,-0.2927989658809037,-0.9683725080630018,0.9927748797365824,0.9591640354313375,0.6584420479334411,0.4734716058840718,0.47828038885172286,6.2803952816056725,43.356967811072515
0.9968872943568896,1.1800593108711848,1.1368928363149589,1.0573480506430353,0.7050354264567504,0.7942846344812171,-0.39348149038773894,-0.06738878918200508,-0.3176023842600336,-0.9817209796953646,0.9929870434003577,0.9736067928405086,0.674884414138627,0.5025413594689021,0.4980822179224882,6.2803952816056725,43.356967811072515
1.0214078542153682,1.1864404245395672,1.1634714593757787,1.0843826957709732,0.6830594189571181,0.778862694341077,-0.3855124681014681,-0.06740661374297274,-0.3099516536156539,-0.9993578974230546,0.9951916197788545,0.9846568420235566,0.6873702846356993,0.5288841961427106,0.518817782183346,6.230295965603318,42.39204940510395
1.0421574850932882,1.1891822193598163,1.174708717711602,1.0972081312880844,0.6915879415749295,0.7625604396380281,-0.41653174715063845,-0.10591238178504225,-0.3353654034356619,-1.0166738931426476,0.9852997842222806,0.991210294536094,0.7017625090795017,0.5575836873513473,0.539673772124283,6.230295965603318,42.39204940510395
1.0540383325216052,1.1825057479223127,1.1622269492657347,1.0953437008903961,0.6906530137372302,0.7451105235045722,-0.4196717407287007,-0.13927256847297742,-0.35123442098615587,-1.0336996513301622,0.9720089770859669,0.9966388280999083,0.7104547486893688,0.5888747062110327,0.5565297563054346,6.217122707488183,42.199835545190936
1.0522938392271866,1.1710431042302405,1.1544643295407988,1.0848180852659526,0.6887196956834039,0.7313111085134032,-0.4308963481685504,-0.16146911333825753,-0.35712497847137814,-1.04777417274702,0.9634269482139335,1.000173405487047,0.7189849248820581,0.6118782094801758,0.5744213880942353,6.204622510912895,41.93524366791319
1.0522808784684723,1.1583686568447407,1.1425383439481547,1.0717641520131402,0.6835651153346538,0.7188528241816583,-0.4491024521576956,-0.18649478037123768,-0.37135205455547127,-1.0585075336387062,0.958023690134069,1.000052226562935,0.7256737472498227,0.6301808903805886,0.5883828444468426,6.204622510912895,41.93524366791319
1.0462275729903041,1.145183744488836,1.1247722818440584,1.0544709533565753,0.6781815711679192,0.7098695026213201,-0.45147854006756793,-0.20364576356764907,-0.37354617459134787,-1.06614617379169,0.9589537898540337,1.0005461657671666,0.7301883527038024,0.6441078978270085,0.6006451353461888,7.817560605390996,41.77738933676
0.9599230377682106,1.1115429034277264,1.11113097751273,1.0544035659689315,0.6287460763955078,0.6449495604591314,-0.4692027241919192,-0.27853300475475773,-0.3888582142697887,-1.0761863771636635,0.9329958825783473,1.0256784143519209,0.6920779012478786,0.6379679378446386,0.5729885571152118,7.822533721569091,41.81538353819092
0.9345791670283313,1.0138432766156236,1.0188787022061223,1.0451110301117126,0.6240293047131709,0.5831181436668926,-0.5338347980461764,-0.31135484689185466,-0.42073862971703324,-1.1010661352075253,0.8963442289149492,1.013300390054726,0.7321261421213683,0.6698433631524678,0.6076268832996856,7.822533721569091,41.81538353819092
0.9123863482583894,0.9789976387230603,1.014321067892292,1.003787530510899,0.6059160370981447,0.5607128460636941,-0.550019634177263,-0.3170881223882914,-0.4060306363612247,-1.1335530256499726,0.8437426644802404,0.9651658061448984,0.6961140096569876,0.6668944125190905,0.5918540232948692,6.186368759587014,41.248919530827344
0.9386057144276972,0.9249309932967705,0.9448368772827263,0.9123676372183778,0.612121230110384,0.6052571541340178,-0.5553767796017023,-0.25624734148947614,-0.40261375209042183,-1.1450585838034282,0.8392297912269535,0.9106883891048331,0.7174156308570095,0.6719304641769612,0.6251274277132248,6.186368759587014,41.248919530827344
0.8926343406447242,0.9436162143209962,0.9467060709542625,0.8246974533124346,0.5657350679592225,0.6592337970728998,-0.4587225368053973,-0.22060452300086486,-0.3593431117551489,-1.128487831980044,0.8637149468534793,0.8940389165008472,0.6615647881112223,0.6295114456346325,0.5841726820182547,6.174398353851416,40.9951850374607
0.8472375802290897,0.9203508081970692,0.8787463490235654,0.7852863176195902,0.5176169816516208,0.6875823293415487,-0.4208222369359129,-0.1616912332354038,-0.3158694330174976,-1.0934577703785529,0.9163537912963364,0.9243969202628132,0.6862328755977929,0.6163853776875172,0.5900300579966111,6.161127665555744,40.783197348321785
0.8430887569650553,0.9601714540339145,0.8944290593693675,0.8051264368646973,0.5246465469761781,0.7143556506515341,-0.39102279834894327,-0.13274950014051123,-0.29660684092113154,-1.0662086722786155,0.9567044369659286,0.9413414164477412,0.694246202777312,0.6082532346025786,0.581619971537134,6.161127665555744,40.783197348321785
0.8603192733879509,1.0127978023611632,0.9393770060914253,0.8560521354567121,0.5498568221443891,0.7355250447028133,-0.3733499955720947,-0.113493935264809,-0.2892665111864541,-1.0473509400615153,0.993722337673042,0.965330525970718,0.701650049919198,0.6044456331754193,0.581677792855932,6.592516244773444,40.74686081114034
0.8724171276940225,1.0633748404384054,0.9974983934462627,0.9249630082441752,0.5688267834655139,0.73130551731507,-0.37096824862435784,-0.12820528155766997,-0.2906916115594147,-1.0381201072787625,1.0039014165996243,0.9917807008844411,0.7025627956592262,0.6043421333295043,0.5751274296436879,6.592516244773444,40.74686081114034
0.9050784027103351,1.0873049810448268,1.0358374746493162,0.9895872501338713,0.5953228107148383,0.7186514184434155,-0.3915279861055003,-0.14271064016776502,-0.30436498106530596,-1.0414174616222385,0.9957173618973548,1.0044586855795758,0.7244237000937803,0.6214642246787521,0.5898808991815097,8.157529973400841,40.72771671822558
0.8594159723950965,1.0940037374381266,1.084349816100856,1.0443712945091324,0.5764349202304587,0.6516129904255606,-0.4095367586713242,-0.22485381052253228,-0.3268179557839279,-1.0590717405686532,0.9641564674910088,1.026016025496126,0.6835521458561301,0.6130411292866265,0.5597351920345095,8.163838109922354,40.68494875176058
0.8568716489643428,1.0076288427082019,1.0240229705072488,1.062015874898488,0.5859420353119862,0.5823141245434862,-0.48564234697418,-0.2687450535884248,-0.36876493836974567,-1.0938360600723558,0.9107990348414895,1.0116429280346793,0.7207440611471158,0.6445869660571919,0.5926152951845316,8.163838109922354,40.68494875176058
0.8458217849566317,0.9648691988798188,1.0238539142667333,1.0244173788403774,0.573084315880616,0.549203944752943,-0.5117157387550797,-0.26193486908169883,-0.33911497723892015,-1.1368803189613161,0.8460806182689554,0.9590057310446314,0.6816054377437752,0.6409202204706759,0.5771232622964857,6.1289316339503745,39.63633626408392
0.8910746646340553,0.89933060852312,0.9444500705694038,0.9139715876972118,0.5721477152152095,0.5980461192785941,-0.47203604798250676,-0.14333764652220582,-0.29349788747260674,-1.1567624249899942,0.8346707722721641,0.893514201569492,0.712633936336287,0.6514809789285116,0.6177938527298117,6.078131519575267,38.286082169344056
0.8462937343065621,0.9169776478303607,0.9466673173446316,0.802076494404103,0.5144909391465857,0.6572501032483671,-0.39611544884239724,-0.11076758500427308,-0.25762623771521376,-1.1426144920856365,0.8600957615761378,0.8717591657953767,0.6464266027916153,0.6033144334708049,0.567278565640934,6.078131519575267,38.286082169344056
0.7946018720059419,0.8779822419675342,0.8555508086652193,0.7440823303424572,0.471861303077056,0.6860063390517273,-0.3237672100267446,-0.022937204631996222,-0.19062625701185876,-1.107814489743,0.920059935978641,0.9152134243274104,0.6746973406485322,0.5918801955157453,0.57514531147615,6.051205362693894,37.31975342911829
0.7901901328422778,0.9158166080497486,0.8583058520969664,0.7560096058862187,0.4759498046440181,0.7152386985568233,-0.2961009215396968,0.004094585405307938,-0.17507166539264996,-1.0808202130129392,0.9651302868698,0.937480429165221,0.6879619761372955,0.5871225745969264,0.5680575873401539,6.051205362693894,37.31975342911829
0.8118205453394055,0.9709398233874784,0.9016631427042929,0.8059653300633264,0.5128930482583116,0.735402040982764,-0.25383409269148083,0.04818957618732089,-0.14437237159901084,-1.0639241530117205,1.0218116420525059,0.9647425387687536,0.7002675679666108,0.5889450998311934,0.5720687706320093,6.034872949461906,36.507957394787645
0.8512430986773849,1.0294351655424905,0.9556440005606315,0.872195731840323,0.5388483381932404,0.7454016051859917,-0.22605541000064788,0.041155153033378244,-0.1417964469974906,-1.0553620242573287,1.0386550362323748,0.9972775022584313,0.7204734891742856,0.6036934561082148,0.5826337180406416,6.0255349122743755,36.27150481186638
0.8975799465909859,1.082757645012095,1.0200546823868506,0.9428409779409009,0.5766530106455585,0.7440510806408758,-0.24049090650731508,0.02109285827429319,-0.15716831097041306,-1.0565499084840417,1.046381426795147,1.0171653207426914,0.7359482405937221,0.6206179546823776,0.5946760169137599,6.0255349122743755,36.27150481186638
0.9384754626200853,1.1233794716072734,1.0745263879835985,0.9935499267121988,0.6150593976940572,0.7367649281326322,-0.24821560024792988,0.005621558703382323,-0.16602980366759845,-1.065100621138716,1.044704270760508,1.0325007367569523,0.7510874212133987,0.6411732005611324,0.6080133017076346,6.01234443843693,35.94723960298492
0.9742557764121812,1.1461391619241235,1.1139781414535312,1.034213932872966,0.6374768390780787,0.7234654780638514,-0.2742406204265957,-0.026748342266355474,-0.18852638138165423,-1.0775811080674924,1.0350639505250299,1.0415534416925825,0.7637185950853101,0.6635977519927925,0.6239473374454352,6.01234443843693,35.94723960298492
0.9970584379530807,1.152542040569223,1.137689689338386,1.05323173471225,0.6537229444092348,0.7074712389990655,-0.2978420626179764,-0.05870075347531556,-0.21233744663014464,-1.0921343894657762,1.023544988231396,1.043754292736163,0.7732792409024172,0.6851622118464942,0.6393023889359302,6.013319249877831,35.951932608988244
1.0089743241110432,1.1465315120961173,1.1415959223621162,1.056676238634156,0.657782514519456,0.6924292245493928,-0.318943668296911,-0.0866975821293281,-0.2302240224765819,-1.1060286728454447,1.011488117127608,1.0428436090210005,0.779872122110186,0.7053609069709977,0.652678832273424,6.01136147270433,35.92981863916019
1.013645490950674,1.1329177240093062,1.133282571769587,1.046349738315776,0.6550130733685784,0.6792141138403582,-0.3371516701398854,-0.11020589496078725,-0.24479967074638864,-1.1175280990506486,1.0007125416358522,1.0405727602223012,0.784631984966373,0.7207168222212312,0.6644254688789522,6.01136147270433,35.92981863916019
1.0110039222824796,1.1153539167343833,1.1155211008803287,1.0338320306874662,0.643748840559019,0.6693281395906231,-0.3507583599156753,-0.1242889263917133,-0.25170536257064935,-1.1257729211212486,0.9961759637982825,1.0423579256898803,0.7895454223036489,0.7333335622159018,0.6749621010263045,6.01578187547095,35.89287748020701
1.002294427134316,1.0971575853097595,1.0936133741331149,1.0120798072958896,0.6341014602659619,0.6629618706623183,-0.35599597469695277,-0.13615525781409987,-0.25726236098580857,-1.1305046856005925,0.9930520646681158,1.0373408543262455,0.7913636218146787,0.7395410933752506,0.6824140094679627,6.012644980224307,35.87940875082806
0.9925466657528454,1.0811771193469772,1.0727714226343075,0.9912416291966222,0.6246581319695201,0.6602237822546854,-0.3587856797535113,-0.14134292762010003,-0.2593120573789336,-1.13215169471056,0.9920348992388611,1.0346762759853418,0.7926545285637941,0.7448441103107564,0.6881324159693611,6.012644980224307,35.87940875082806
0.9803089779266347,1.0685034224306715,1.0554073175123022,0.9670669736007238,0.615333901837779,0.6606317963635057,-0.35689014095186766,-0.1423280736009911,-0.25865725844603626,-1.1312797046119687,0.9922768452209221,1.03287620903887,0.7941094630755785,0.748492440863755,0.6919229707683949,6.008707952016522,35.89341319759253
0.9731782456607786,1.0610778648856747,1.0443971141191088,0.960891863290513,0.5960957514814672,0.663240437754532,-0.35376332892899265,-0.13913029301120894,-0.25630605020684905,-1.1285688487467695,0.9951593241527774,1.0330689526177925,0.7936895254378635,0.7514736782348566,0.6946520449499569,6.009265542922368,35.886799166684575
0.9655694909169374,1.0578169694826962,1.036660994926058,0.953903935612052,0.5918327293186638,0.6670347456069157,-0.34923604209702036,-0.13541051457580355,-0.25306942719598524,-1.1247922902052911,0.9987356247895055,1.0331658787296614,0.7940472978140447,0.7512472163825176,0.6962886793356524,6.009265542922368,35.886799166684575
0.9588943886618416,1.0574792323351059,1.0322854376979524,0.9455151647207218,0.6016324427627827,0.6711896623208848,-0.34451945869947154,-0.13105164606649722,-0.2507749497579159,-1.1207093248210271,0.9983064190400845,1.0348521326692546,0.7946086021990824,0.7504382819222922,0.6974447854595225,6.009856937885434,35.89980530705013
0.9551125591768297,1.059445327618719,1.0326889891296838,0.9466352967281232,0.6010828803842048,0.6753135383053754,-0.3401421495778142,-0.126885543194455,-0.24788399150491824,-1.116900213592278,1.0012213284298774,1.0357188146658713,0.7950716732873055,0.749289783239687,0.6981011543124835,6.009856937885434,35.89980530705013
0.950812868973667,1.0623634264241857,1.0343175843586798,0.949758864822123,0.597527712252427,0.6789646867564523,-0.338497536781498,-0.12328848131109726,-0.24462362514824276,-1.1136393176734731,1.0032968587216045,1.036641660330589,0.7955982040018941,0.7491436032289123,0.698608157378261,6.007473260121685,35.915488603630855
0.9496988082748324,1.0655258099442637,1.0380929156723675,0.9527091454481551,0.5976272585833897,0.6820415818952628,-0.3356924009280713,-0.12038846764364042,-0.243068347686908,-1.1110848805614963,1.0045365094152499,1.0393156467644893,0.7971113989431535,0.7490770425437024,0.7000026328234341,6.00976762715243,35.93053453166728
0.9490178179204533,1.0683552295454453,1.0420582263961897,0.956574708028162,0.5986687136505024,0.6843770919167795,-0.33362767959215256,-0.11838676863435993,-0.24212165347261383,-1.1091948634470483,1.0049751645489073,1.0398671611197736,0.7974070030408899,0.7480525261933701,0.7001951924439773,6.00976762715243,35.93053453166728
0.9486596239324635,1.0701409960457742,1.0431356561781802,0.96666378742013,0.5995645706294415,0.6859717010071337,-0.32936406546011443,-0.11698625435635845,-0.24172289813062453,-1.107888885434679,1.0088736474792055,1.0401984017873427,0.7979152090354795,0.7463254657826197,0.7005664385159118,6.01140288562118,35.89556061014511
0.9481626126112824,1.0709310961156648,1.0452900081352672,0.9685571649095412,0.5999590508110058,0.6869424489969918,-0.32853030204677924,-0.11625151073780526,-0.24170055578897065,-1.1070801860270165,1.0083446639133165,1.0402852833007674,0.7982362586852311,0.7457164751652838,0.7008603144274506,6.01140288562118,35.89556061014511
0.947617812810433,1.0708632110497565,1.0462897240655742,0.9684196406227035,0.6091541964482674,0.6875692511658397,-0.3261662857029721,-0.11582802828704619,-0.24200608526704392,-1.1066950397863733,1.0075884754531605,1.0380668811513536,0.7975075939606362,0.7461312005510277,0.7011434138073083,6.0131779189657735,35.875155389539124
0.9458366473093737,1.0702635823791198,1.0463438829941887,0.9633087628532949,0.6098662170114617,0.6880031736002689,-0.32997565343456015,-0.11566606149551084,-0.24142761925028022,-1.106518958295318,1.0037186425821938,1.0407959925152266,0.7986614830127718,0.7445768888306139,0.7003297836525171,6.010959868806033,35.90116079524781
0.9452628014849396,1.069420356072161,1.0457242672801272,0.9626682836853752,0.6096576212650253,0.6883855904185351,-0.3299757873389759,-0.11543428077094597,-0.24191079957280437,-1.106454963894844,1.0030209990584285,1.0403574060838128,0.7989058299842902,0.7440691811582645,0.700578972507824,6.010959868806033,35.90116079524781
0.945651662371239,1.0687155408328304,1.046905741731093,0.9666867118294697,0.6091599851889996,0.6887877507400604,-0.32583080988976537,-0.11422543366177351,-0.24225294879474712,-1.106305003252072,1.0025191705613419,1.0370930845952793,0.7980481461671002,0.7435686177331722,0.7007363130491655,6.011368959613431,35.84470171510613
0.9438709864147173,1.067533240668195,1.0465805387140357,0.9643999205114304,0.6054258837081429,0.6888707773278653,-0.32763771065502434,-0.11506734078639091,-0.2425150109674059,-1.106036123414425,1.0033617739604945,1.040077039031792,0.8004628280825254,0.7423043757820423,0.7011173938537119,6.012597534059587,35.87596280383649
0.9433417302672807,1.0668680272651256,1.0456849128645898,0.9636084763848242,0.6051426508270576,0.6890033564223934,-0.32753362357221555,-0.11499550598207464,-0.2428579979270018,-1.1058782932873596,1.0032600431161156,1.0398882035271662,0.8006575693105453,0.7418802618440075,0.7012751486962343,6.012597534059587,35.87596280383649
0.9430732051620302,1.0665871171394605,1.0449844655994682,0.9570998323005069,0.6078830867987157,0.6893202866961214,-0.32747556458445315,-0.11383380002563959,-0.2431444340158102,-1.1056689113525917,1.005151454094463,1.039905113236598,0.7999820378279696,0.7425919470575333,0.7015525112315761,6.011700119636892,35.8733447959267
0.9430165091673048,1.066427222163374,1.044613408901948,0.9577751295701189,0.6037804367142132,0.6894854848647488,-0.32436169768120215,-0.11372503667997136,-0.24437747107767838,-1.1054173522582893,1.0052320609030387,1.036939581968848,0.799365726638688,0.7424388778010432,0.7018987520733968,6.008411930036358,35.85614695855476
0.9431335830475545,1.066417351469537,1.0444492134254444,0.9576036320890573,0.6037697207485828,0.6897325343173237,-0.3242196141744652,-0.1135506774964915,-0.2445762425513025,-1.1051438724418419,1.0053954159500016,1.0370207639738502,0.7998137454240675,0.742359699777718,0.7023263279598142,6.008411930036358,35.85614695855476
0.9442126873408294,1.0666390310712695,1.044627859758742,0.9616801997498301,0.6028047776285071,0.6899324664700184,-0.32703528095498413,-0.1135194372300623,-0.2437733862026774,-1.1048937992339234,1.0055574038860582,1.03814354716408,0.8010937447663018,0.7432228415932205,0.7026175245584807,6.012298518393592,35.87195448480732
0.9442239397232637,1.066905877734617,1.0448660101185778,0.9620665285995542,0.6028563826438198,0.6899684020454508,-0.32700866595709766,-0.1136600453885136,-0.24403083843294182,-1.1046910309561144,1.0056102320712852,1.0383733831884943,0.8013780040520397,0.7431182273317632,0.7028740751025939,6.012298518393592,35.87195448480732
0.9454594917039778,1.0670602310614095,1.044068784517256,0.9624937821026394,0.6050328367970389,0.6899262199815486,-0.3251404214486814,-0.11378262703377917,-0.24433609776245013,-1.1045525104567304,1.003577553450676,1.0385189089195475,0.8008485194688675,0.7412115250411393,0.7033168552065099,6.010104572757218,35.84569095760102
0.9437036137433722,1.0671153296240377,1.044355193045777,0.9596623885046347,0.6001308246796881,0.689893984356678,-0.32717276635412323,-0.11491923841334939,-0.24460570070962917,-1.104462866146238,1.0095156647383645,1.0395420943673257,0.802203527802809,0.7433281126203221,0.7047583534189856,6.011712756648148,35.89427504926103
0.9438454045324189,1.0673792979029573,1.0447811959066882,0.9599663905826885,0.6003211994747383,0.689900316813756,-0.32720941371524603,-0.11510535315050241,-0.2448831049112652,-1.1044471532439932,1.0093904418451474,1.0394608683431406,0.8022563160637277,0.7431883001481956,0.7049197605519613,6.011712756648148,35.89427504926103
0.9459541753667273,1.0674452380905137,1.0448129851335453,0.9651055373776259,0.6073102197776237,0.6899452358112792,-0.3242799825215029,-0.11412744123404661,-0.24607577122935498,-1.104340652084917,1.0042634262683132,1.0365438561821667,0.8015827273142866,0.7432274406103654,0.7052690201524947,6.013458103450141,35.85334118234701
0.9457658108251703,1.0670955784330507,1.0447116840343564,0.9649046150082289,0.607062458247636,0.6896988844711113,-0.3241993283101299,-0.11430272474115533,-0.24620720517291717,-1.1042134845403457,1.0042187077454297,1.036606149610841,0.8018293389335238,0.743320748766988,0.7055986521378161,6.013458103450141,35.85334118234701
0.9445437341292879,1.066660869773997,1.0424557026747907,0.9596937792958256,0.599967155498174,0.6895450559707375,-0.3272154003233322,-0.11440447699843437,-0.24641535520719626,-1.1042012386251359,1.0051018612190705,1.039483008107546,0.8029983802522529,0.7432787404979024,0.7058538349175874,6.010209982667041,35.897239869030706
0.9446156721319799,1.066728329495116,1.0434206518332103,0.9636119253239916,0.6001078315388043,0.6898060976170359,-0.327221863537142,-0.11425859537069316,-0.24759144676030753,-1.1042220333972674,1.0039218377286732,1.0392076093689713,0.8040569614752979,0.7421009260263246,0.7059863415091248,6.012154642305035,35.89752296303699
0.9444342290989318,1.0668000781059073,1.0433790642430605,0.963412629544487,0.5998837479861471,0.6899665733961668,-0.32702065418243387,-0.11416296890220134,-0.24759080945280254,-1.104074589562008,1.0038654294931335,1.0392252032451137,0.8040597508390787,0.7419326441584106,0.7060491956824095,6.012154642305035,35.89752296303699
0.9462911322400358,1.066558526307004,1.0430801494352662,0.9642423077404347,0.6067723075307755,0.6899186469242797,-0.3248895033387842,-0.11399363619559566,-0.24658359434392207,-1.1038724292206679,1.0029830575667407,1.0342657992996318,0.8023281135279473,0.7428946289067877,0.7062843567832888,6.01268832111494,35.86056022856385
