u_q_m60,u_q_m50,u_q_m40,u_q_m30,u_q_m20,u_q_m10,u_q_m5,u_q_0,u_q_p5,u_q_p10,u_q_p20,u_q_p30,u_q_p40,u_q_p50,u_q_p60,y_q_v,y_q_delta
1.5,1.4559999704360962,1.3820000290870667,1.2639999985694885,1.0379999876022339,0.7039999961853027,-0.836999893188477,-0.7880001068115234,-0.75,-0.7360000610351558,-0.41300010681152344,0.7480000257492063,1.1259999871253967,1.319000005722046,1.4240000247955322,-6.9209423977119116,0.2033076222461459
1.4999998093360716,1.2141297921949623,1.159513964983484,1.4002702188538787,0.4318757677924213,0.6649202020189356,-1.3594254516894702,-0.10395231957122719,-0.5678836632290889,-0.007899674798003353,-2.2778961558591333,-0.5845315256704595,1.4858452708974226,1.0659140790757538,1.4229997874015623,-6.920802577891751,0.2034543639984539
1.498999928330742,1.2630022950252235,0.5389419833481331,1.0519306335058938,0.4328033040225321,0.005195056145048338,-0.6879077752789815,0.3163127563747574,0.10541218970271882,-0.41873900862446534,-2.551593631427396,-0.7462201917240456,-0.8142377719065772,1.2613847480987677,1.423999940251671,-6.921570478178396,0.20295685019774684
1.4999998891104167,1.2632698091699166,0.6870077470566657,0.5441711559740501,0.6312583727806123,1.0851589922295748,-0.04959057144308854,0.015435703005890034,-0.4093142697480335,-0.47071001063649276,-1.99246948466201,-0.2309239575250437,0.037962446874428846,1.2001610337103297,1.423999913905949,-6.921802326080243,0.20349964887447847
1.4999998949585407,1.2641055297499344,0.7234231308868392,0.5254326165350693,0.7152876774713658,1.2154995357058307,-0.060493697043704886,-0.08352330711337586,-0.4502703954080578,-0.3675653607475393,-1.0106200400754863,-0.05531480192375193,0.35003958017733616,1.1839923207430747,1.423999919754073,-6.918838812619657,0.20261250507806597
1.4999998755085484,1.23910134992855,0.7510858351048144,0.5208303065163065,0.8220290542567835,1.2279993871414747,-0.06436223654851769,-0.12741810951199928,-0.3425994268873289,-0.11867122019074383,-0.5777247017046334,0.09441366742378676,0.4101100028680804,1.188564500664163,1.4239999003040806,-6.920792999222764,0.20330919901969988
1.4999998894209012,1.227876577777823,0.783970831764316,0.5501947801669687,0.8439697457656555,1.216423009797112,-0.06753190774795714,-0.12385532546793543,-0.27609346915553457,-0.042877278390107465,-0.3692336123501143,0.3359354279845006,0.5739411762729936,1.1853675418650331,1.4239999142164335,-6.920769219472376,0.2033591796796158
1.4999998784084352,1.2141333306515327,0.7981202982503715,0.599332944446125,0.8328678699254524,1.1740134901286252,-0.12562338571345566,-0.11444350247928681,-0.22825550340296685,-0.0007806049272749416,-0.1796736969524959,0.5195914527652168,0.7306295481234799,1.1761983303202352,1.4239999032039674,-6.915284271776509,0.20172741773476052
1.4999998746515781,1.195534066005775,0.8019926080142811,0.6383488278946863,0.8304287024413222,1.1133359053658496,-0.16989229737318146,-0.09030198315276405,-0.15381484974548976,0.06240341942033234,0.020751587103619462,0.6283323918153177,0.7866693925194532,1.1724259608487495,1.4239998994471104,-6.915220357979955,0.20203338840807655
1.4999998697890968,1.1869514864227517,0.8077975991654279,0.6591330230317753,0.835069245683778,1.0786277264554345,-0.17794689341743553,-0.0738689478559087,-0.09690916086529477,0.10219300697514555,0.22076331236967006,0.7484509831783428,0.8440684757354147,1.1702793159483522,1.423999894584629,-6.9034610301817825,0.19972291018184046
1.4999998684868143,1.1844499733305975,0.819146289991656,0.6804111494517329,0.8451772354288842,1.0660184669483699,-0.18487874576291197,-0.0668955197780976,-0.060339141445797106,0.13074326006491332,0.33596388670615795,0.8410961948307053,0.9129022549858647,1.1653672679126226,1.4239998932823466,-6.913443113948153,0.2015085870511692
1.4999998621901687,1.1758509209362829,0.8308047296264276,0.7057715308568554,0.857105166603011,1.0535675771388913,-0.19305283567561338,-0.047437337331235674,-0.016933781904254985,0.17050857825969146,0.4086566523812344,0.9206580825030108,0.9606039329753848,1.1585958454455993,1.423999886985701,-6.910643652573331,0.2015150207514079
1.4999998584712306,1.1689346860109167,0.8364846915354109,0.7283002729267334,0.8739990995396851,1.0402568674576589,-0.19111954832957667,-0.026559648363915778,0.027732971527824724,0.19862272081881183,0.46737953534348353,0.9739838624465373,0.9849433693806602,1.1548749067737798,1.4239998832667629,-6.911577042173148,0.20218854676302747
1.4999998541498387,1.1633693503332834,0.8464395943942673,0.7504945181333662,0.8896667943796486,1.0417541425186232,-0.18924321799308153,-0.008032764845070428,0.06428751920219367,0.2277242774826067,0.5064935571792579,1.0289159406906427,1.0150188482029499,1.1489236313250462,1.423999878945371,-6.915446146399207,0.2021522428834321
1.4999998503756944,1.1625296346396992,0.8565897070890504,0.7757952393619991,0.909968326896832,1.0436265563630271,-0.18455963676684362,0.009852325647929927,0.0992243292176751,0.25508950337390823,0.5428810441322154,1.074896212570663,1.0380741172112735,1.1423575385888711,1.4239998751712266,-6.915066554678598,0.2023898684268643
1.499999845962782,1.1588743901553726,0.8659348862771707,0.7961906499040292,0.9279068338399666,1.0485175117531205,-0.17574590407217094,0.026846160334716762,0.13231952728906093,0.28276514899083605,0.566531709586849,1.1098896213817901,1.055323353449941,1.1371492391943072,1.4239998707583141,-6.914218650796417,0.2024051953678554
1.499999841978086,1.1526101245503915,0.8740280232854121,0.8156297501341283,0.947011367082431,1.0550585484914636,-0.16868483461460193,0.04361349259882297,0.16223498492519384,0.30758949804709323,0.5824332504086033,1.1398018157778511,1.0778375350269125,1.1321598419364762,1.4239998667736182,-6.912764940794975,0.20185135101821416
1.4999998379041264,1.1514445827363287,0.8836656858765657,0.8339266947438345,0.9652540148724157,1.0619619282156665,-0.16351167904522956,0.05791965438836377,0.1895358086819715,0.33036951136747383,0.5923981515403178,1.1684381000168438,1.0873340879538145,1.1274544981565953,1.4239998626996586,-6.913476416350084,0.2019845346690708
1.49999983377097,1.1491947531468103,0.8916494068340758,0.8507797020678924,0.9842804678265497,1.068669662340263,-0.15729584117275008,0.07215213170091928,0.21558517791105902,0.3533206280035044,0.596250432058407,1.188543142980123,1.1009958634803272,1.1240574926739002,1.4239998585665021,-6.913711222669507,0.20198756013167982
1.499999829650316,1.1452371262713779,0.8975237499710881,0.8651199978325002,0.9997261599416291,1.0751278835388165,-0.15205426060937643,0.08511733248989128,0.2401868576394871,0.37319740979713334,0.5966612625850827,1.2030085628744964,1.1110792191746215,1.1191581276835223,1.4239998544458483,-6.913646409588173,0.20198142757344342
1.4999998255493658,1.1412546201836797,0.90402731567751,0.8797942424357899,1.012026406854824,1.0820679896745844,-0.14621218375215095,0.09577510650919685,0.26042651661378025,0.3932310144452824,0.5935827834079195,1.217732326298314,1.1189326127093329,1.1155224293680748,1.423999850344898,-6.91431559270426,0.20191044448033477
1.4989998343039639,1.139315102184462,0.9097343058364227,0.8911175286625637,1.0238105177168255,1.0882324946667379,-0.14089790520548462,0.1065023277684356,0.2800058466695772,0.4098335873668477,0.5882029291100632,1.2262291073881746,1.1252323300731242,1.1122700498232752,1.4239998462248928,-6.916172737607958,0.20221351809458307
1.498999830124503,1.1363633093181558,0.914711552308337,0.902032164192849,1.0371831016685293,1.0940467027093508,-0.1347754611748706,0.11660957028272545,0.29805583553695447,0.4271455496081571,0.5806397680523505,1.2429196839378267,1.133462710737601,1.1103240282494828,1.423999842045432,-6.912997736854387,0.20170772887442903
1.4989998261495536,1.1307319380712677,0.919073407250655,0.9105375476927461,1.0465146905438838,1.0993137304631675,-0.13091149489393783,0.1247143504960243,0.31384166160865057,0.4411197053431859,0.5738473535521953,1.25141793950907,1.135692698648495,1.1069299888753126,1.4239998380704826,-6.913223678169537,0.2018017114225099
1.4989998219342624,1.126840684938097,0.9234776553352484,0.9190123997697546,1.0556180451491952,1.1048014961421047,-0.12686122987390114,0.13243040447860266,0.3282139149250989,0.45543480702622774,0.5638680159489654,1.2601817075441202,1.1424320826033212,1.1044946645376863,1.4239998338551914,-6.913426567345179,0.20180993643154527
1.4989998178373505,1.1261805079575606,0.926676655028053,0.927799231280076,1.0631539951179287,1.1084359900893697,-0.1232887012066769,0.14065611910387799,0.34174547109245546,0.46735898583220914,0.5546626835188481,1.2680175856298166,1.14643469526065,1.1025371364886745,1.4239998297582794,-6.913342587506562,0.20197708346602572
1.4989998136824312,1.1225020741188136,0.9296630430263907,0.9343584109016074,1.069903708212665,1.1124445564985241,-0.11876948774835605,0.14607612727499952,0.35377663622706135,0.478696873100275,0.5444576336448314,1.2750697154891821,1.1508324205132965,1.0997411531342771,1.4239998256033601,-6.91306759117561,0.20199424382198253
1.4989998095833754,1.1229399103339073,0.9321526309513366,0.9391475387280905,1.0756187814960678,1.1157849224128922,-0.1176898074101399,0.15173625792107803,0.36464564893795837,0.4887718034657269,0.5345959252340547,1.274516205911994,1.1526924668160043,1.099207263797699,1.4239998215043044,-6.7827666103957736,0.20262163296674945
1.4989998088260374,1.1236619028246926,0.938467712869276,0.9417375127724291,1.0934399684908953,1.1202407590089138,-0.10082141736374339,0.14735947207427746,0.37379832558281434,0.4849044687233439,0.5574507446955393,1.311603020955528,1.1489026467939247,1.1026266160869818,1.4239998207469664,-6.913471775926578,0.20209643831085594
1.4999997866382109,1.117518797182231,0.9475924015357522,0.9564817292941796,1.0838967891354283,1.1343871261338458,-0.1236653419438537,0.15232578506749717,0.3691466011551683,0.5112785187874456,0.5223924809715705,1.2903534129797243,1.2035741726003089,1.0933243025901578,1.423999811433743,-6.916053179598233,0.20262509659516886
1.4989997974458629,1.1136352543453503,0.9364176661419807,0.9629636544887628,1.086368142136325,1.1045704116190262,-0.1232131087918471,0.17100448416455782,0.40183915887504096,0.5208511266048725,0.4921201027685028,1.282108305164496,1.1499245322406184,1.0967943579921977,1.4229997626367503,-6.915471820786665,0.2024502622356702
1.498999792980872,1.1129039622284185,0.9381662516633368,0.9579634844739882,1.090956929615561,1.1214348517451052,-0.10592894721945523,0.17109883064636633,0.4008481127360466,0.519943949361376,0.4786202471838703,1.296417015803579,1.1584509304007813,1.095699943309958,1.423999804901801,-6.915075960955822,0.20271554646864187
1.4999997762672295,1.110996157547849,0.9400685338873354,0.9600850525448337,1.0909251436311347,1.1276538132564342,-0.10345581320998798,0.17439754050555067,0.4028678862792654,0.5238563870974811,0.4855326427055122,1.292664355441299,1.1691162368405346,1.0931751087384676,1.4239998010627617,-6.914307596059845,0.20325147807060015
1.498999784478613,1.1075662341261472,0.9406781510403279,0.9623025263774718,1.0942924965202308,1.128265176412289,-0.1041389805344598,0.17507542844371737,0.41078584207045354,0.5331976756852486,0.4811140835846729,1.309783791064128,1.1743082974920807,1.093777690897568,1.4239997963995419,-6.843503145129967,0.20146805433681583
1.4989997826881751,1.1079002171853933,0.9438458327210618,0.9625367183503404,1.1046511432510675,1.1306161781912505,-0.09506169319723912,0.17156649090253406,0.4147944331953599,0.5315065539766848,0.4918146901085507,1.3255855767797204,1.167050935343732,1.095969771565938,1.423999794609104,-6.099952860988019,0.20227092831376758
1.49899979688539,1.128871087626656,0.974554908164078,0.9543081391325917,1.1701533059984437,1.1464838797310217,-0.033218705980638585,0.1143806281030102,0.40972536891354605,0.46679408300640746,0.6751297169381876,1.4406864742966645,1.1453546883646992,1.1176875829888104,1.4229997620762775,-5.640476208961306,0.20458929181798252
1.4999997818783888,1.144294011922722,1.052386202121193,0.9985873965312624,1.2246565798205669,1.2145438607858983,-0.06829703952542099,0.07461956266708492,0.3847101738467116,0.4952936360431157,0.7168900681073187,1.4577141756401963,1.3013995369336897,1.0825281611019495,1.395999809534944,-5.6269311268469675,0.22172173633840647
1.5029997644680726,1.1366825789477613,1.1057392904719854,1.113369189366448,1.2638945579210772,1.1524021291003423,-0.1392741891630891,0.14994485679527148,0.4646356085561141,0.618160218978745,0.6270233898318032,1.1925823171109584,1.2799605756382113,1.0131856944350996,1.355999779488443,-5.611815666613811,0.2550767367950734
1.5029997613995716,1.1879535574273057,1.131402361901796,1.1989971821957333,1.3299112367402595,1.2275061800496985,-0.10736190599337869,0.2739606295324516,0.6061357698517089,0.7028380061003086,0.5007533292413527,0.8250299962318515,1.0286972570217718,0.9405898713448464,1.2959997740357563,-5.722905213714979,12.96406895250086
1.5849992342780435,0.547145425203102,0.9775122488207506,1.7186418081954384,2.801395371065358,3.2986020213255784,6.380430993505376,10.337045644688375,8.549287061620577,1.666026372735267,-6.1750780046821685,-1.5390308762452918,-4.2345161141325445,0.8712272946943488,1.2419992097209298,-5.582730209289673,18.360325258461376
1.6149996566174813,1.7950914908900761,-2.5757862249282724,3.458666629275395,1.0841241377289332,5.901174385985182,7.687850697225089,11.455650508461261,7.212413123185701,-7.5451951398357835,-2.022953113234429,-3.058071573740045,-7.96388549170603,1.9788499399685766,1.2659996199010202,-5.5140786991489446,0.32990781166157584
1.6160003601341175,1.4045141869851183,-1.8957755206358136,0.7867830459774683,1.264467771794127,7.531191177767568,-4.62354271251955,-5.769371875459665,-5.411293381440249,1.2923923558615424,5.3351926520489705,-7.20058150416783,5.692179355513537,2.720077309463976,1.3150003610877918,-5.166370484432349,0.31460330277322246
1.6129995546033538,-2.1797899600119788,1.916929292344959,-4.683149820372147,4.86029877476596,0.7746357839945062,-3.8089339327241207,-2.346579489990531,4.078961333862972,21.863903742127064,-2.1342907570594676,-6.154397138633484,6.4093216227371475,3.118736078164285,1.341999556749121,-5.112110502291445,0.17507216711271872
1.5869999598335072,-0.23140584109531792,-2.2418362342715037,-4.314522603758021,-3.42304121325581,-5.428512115296763,-1.3580820574927037,-2.932177662879506,1.316656678685189,1.7977565028520992,12.619551160696892,8.360494496279792,0.6288525803218903,4.244337570633374,1.3459999631713673,-4.9153040593813255,0.07447811503674498
1.5859996383086201,-0.4780915376103714,-0.5229891164131397,-3.7292825177829787,-4.9310275442668665,-1.5474427295228899,-4.48337496194073,-5.085825641614695,-4.018132691957549,1.4384883555797694,12.339385282257956,9.399996242717073,12.447732663563134,2.9508411502606213,1.353999615182018,-4.622637661989755,4.999457204146988
1.5829996357251153,-0.7459567042132438,-1.2522159785632851,-2.3074738136540343,-5.167551606701478,-5.7597242894088945,-2.81757826890193,1.1041921851847267,2.6505479666393668,2.68711212325577,4.381208332597743,6.307614966788998,4.547841926970341,3.1374179567230924,1.3749996314335808,-4.313003529171535,5.890379823030455
1.5799996680324027,0.15218108408224995,-2.972644348056403,-1.8720520810699957,-5.9247951618000645,-4.313095316738585,-0.9550459226662062,1.2532950884976592,1.2112206110582675,-3.0147050369070403,2.8839497816991053,6.759899844038028,1.7900891736780824,3.37478421942877,1.3759996420447775,-4.142776253648842,5.8925509360347545
1.5749995966796466,-0.21425523160900095,-2.195107339844083,-3.853970237838442,-4.555183036120507,-1.4595699901421504,-1.4671340202143182,0.6909091838158965,0.4070120616763371,0.7170646178950144,1.323997012331139,3.6724007433309183,5.072946736937169,3.1430237477642438,1.379999603832204,-3.797807499545333,3.8518332313873165
1.5719997693784111,-0.26169454206602905,-2.5783450797511733,-4.416409538501046,-4.071587325781124,-2.699268560169074,-2.2302878738340883,-0.7814191512244051,0.5552215935718419,2.1299505189982115,3.7879260396324934,3.115266372390328,3.396659111788223,3.6096569414602806,1.3789997805840843,-3.509271823303764,0.2895632022370515
1.5699998062176184,-0.4171007066782597,-1.9806748228385707,-5.5189117132680465,-3.8938873682823827,-2.6851587890050093,-3.5753805409263157,-3.899514067680796,-1.6032972279375783,3.4923651428027096,6.407869149673241,5.023451992816633,6.324781894512412,3.655853881106614,1.3839998167080358,-3.346687392995862,-1.5316345411303578
1.5669997592958322,-0.6074068795255276,-1.2740778813224138,-5.790391573235167,-4.256533941861842,-4.215226666140424,-4.4203691422725075,-4.661649712542969,-1.8189408716593913,4.182345443278972,7.303863947417951,7.204539944456291,7.829772952462449,3.4826961898674336,1.3829997738393656,-3.2159305812409187,-4.358125885474529
1.5639998365820444,-0.2186459314869187,-1.2109076403182368,-5.212044386833297,-5.371560061248214,-5.961066004992462,-5.468716727940774,-6.0346092275324414,-3.2757439973881937,1.6676636859029363,8.61209219145532,9.770463631851753,8.243781305057135,3.2119505019491084,1.386999850410322,-3.069740351825459,-8.366002652691504
1.5609998423247393,0.06746241528705887,-0.2743046486380374,-4.595007437321062,-5.6576060409355104,-6.870916606067345,-6.833190962307687,-7.7343749383080365,-4.98501268118744,1.335999702175406,7.929785759507074,11.005670135057194,9.928190330584384,2.540308510288043,1.3879998642592486,-2.8583367835868043,-14.446776885497899
1.5609999490153512,0.6344273843113255,0.8331271595790124,-3.751934325731823,-5.703655493801348,-8.62930722810579,-8.242904018103927,-10.098139478364825,-6.861331028139054,0.5724270169882326,7.67234074380859,12.467017015828642,10.310131258096504,1.6965733320975374,1.3639999819171151,-2.724221730576496,-10.39745917500869
1.5909995119796823,0.7881918012446598,2.574127885953592,-2.3085199424804967,-3.998629650627347,-8.223106689242009,-3.472651355398,-3.769362535091421,-2.1256224820517637,0.7065575081266715,1.339923547378888,12.634863156011482,6.667583817671934,0.3123729173070461,1.2939995508419107,-2.527644983367858,-17.93731534149472
1.6350001547316426,3.279910022932987,1.8115063307003352,1.0099238100557884,-5.36450330129302,-8.063492300273555,-5.073592702003753,-8.44429467545859,-8.342627822701392,-9.821224374826322,6.76166904585215,14.216020091056988,5.097325404796708,-0.6471847516860614,1.1940001699904317,-2.6036471964755004,0.08923576738538466
1.6759988313822674,1.6775468160111489,6.1481984158715886,2.5875002230050512,1.666375487097735,-1.6798823017396738,6.014241748611559,9.03765239240083,6.159952091326932,1.5749433268191737,-13.276085750965223,5.961968323190792,0.007044403225794582,-2.917452138191153,1.0379988199381756,-2.4646173383623826,0.41948149579701194
1.7220000809615998,5.70981345553374,0.6824380052352721,8.084097223620429,-0.9302818321376911,-0.7611786415397723,8.26302219755339,8.200500486395942,2.1745486638688787,-19.9947511367929,-3.5402990027856838,5.1182877293185,-12.496894381478647,-2.12131394716872,0.8920000380462556,-2.257488008125485,0.09134185938582301
1.7479994431591317,3.8723677975681103,5.6517595253683215,6.836875510493441,6.840097013198265,10.581814525076197,6.459862524787311,6.3425050284196125,1.165825623123832,-0.7443957244623434,-13.705324216282508,-7.267358631259697,-0.5988790026862891,-3.5425594800079168,0.8229994014358805,-2.0973018039366114,0.3976256766402835
1.7519999339528423,3.727602569035941,4.571238300010226,6.74136509998454,8.76277744842825,6.161912221513082,8.090148563366952,8.53915993358187,7.363370906471929,2.1170073313517035,-11.340876633816151,-9.62938331882028,-11.133116407530295,-2.19093285714091,0.7939999594636302,-1.8982675253755081,-12.869549110882991
1.7550002517637115,4.333209440851363,5.088287211651663,4.941193601495301,8.033121073621496,8.001648674639252,1.909049110459566,-4.3103427170685995,-3.815688007788583,0.500335532023535,1.0512655174941017,-4.705067998336065,-1.1599019782835538,-2.008205029093966,0.7920003118451935,-1.7435501789169017,-15.846996933209201
1.7589999065811126,2.4277769322543596,9.18084226670981,3.191502984478667,9.727182041137365,5.229751796250525,-0.4008264640402368,-4.299539462513488,-0.9851664072672843,12.333781605657185,-1.0470786326630424,-3.4914977354737697,4.853875148009995,-2.8406379576875604,0.785999916594693,-1.6878573916836828,-6.040503981243936
1.758999608574983,3.2158715666283086,7.398526728942067,5.377165166215404,7.163179514670021,0.5132960040446186,6.589380880172589,5.505951347153415,6.255108702687675,1.5539787172184383,-1.9375355180332932,2.677232940286222,-6.360007175687366,-2.7762563037629677,0.7849995718585219,-1.4459968126771048,-3.9631532713366093
1.7669998777050218,5.064026409205429,5.824118379542791,8.66748105687401,4.611611965128147,4.9233945383706,6.613407166664028,4.90464912489539,0.6995869120493037,-10.247475901576209,-0.6132246417006861,2.5915107132720614,-4.135483909564905,-3.4159773650547427,0.7839999121565066,-1.4141056730419785,-0.8461508226100583
1.7859996557443294,4.182472679276621,7.3146183912712175,9.390247760787833,7.792544913354657,7.653299165922999,6.342369089694183,7.994916753515989,4.272691400370415,-0.8099692136972152,-10.93740388216182,-6.980755450288642,-4.2008984447542534,-3.8870749677022403,0.784999623915449,-1.3614627257047491,2.3036824650783227
1.78499976780225,4.363986676754085,5.730745889994336,9.13649159317872,9.055224066429744,7.26995132129814,9.598697718527202,10.912387619822733,8.14708699683932,-0.966018401012624,-12.494660737296098,-9.549121414701794,-12.214860642987148,-2.942153331080509,0.8209997513513682,-1.2739110313368935,7.198658371165907
1.783999590157573,4.0847981432256635,3.6975122526909834,8.21205316364437,10.329457121705786,11.987174219161012,12.051907868889456,12.385743558957033,8.380936103901272,-0.33950174063326566,-10.849757243181493,-10.889843416986906,-10.47585537293666,-2.551177276063333,0.8719995747795746,-0.7619300358797043,8.265124661382282
1.7549998698188498,3.763073706881176,2.7078904826958423,7.691731420920802,10.275801097585378,12.892032033305009,10.405385340244559,10.715763370939841,7.569217398712711,0.6894147648400839,-5.975322886428405,-12.863389825588113,-9.379568441011237,-1.5292319420750349,0.925999873633547,-0.5422613872307223,2.917279073360032
1.6760000607970797,1.2843829643777513,2.6235714805588675,5.382620363856905,10.032323030320654,12.04028586291954,5.571205973918278,4.46584608640725,4.265562733852779,5.871194125643063,-1.8668243519269527,-12.996245382660327,-4.524003873843384,-0.4632848196783652,0.9910001180175391,0.05732794301383182,-1.041835694609699
0.05900002686472514,0.08963062562224744,3.1865923229918707,2.476997418899487,9.082543856998885,8.466434237113361,2.513054685336847,1.0519501708089658,3.7310655607246623,11.108335834730134,0.6573876677134027,-9.479499033577161,-0.7297655964112906,0.3830276913444738,1.0669999834725437,0.9463187502999575,-17.843927097905674
0.09900060357832058,0.709332091983703,2.771600732889495,0.587584068008616,4.2376054784902575,2.0296114999524337,-6.586120693697639,-12.429394576734406,-6.8418395762920925,6.919210526606609,13.496971114743687,-0.22113993299666745,7.073125667941267,0.9887823958730946,1.1440006202676216,1.133004239661208,-18.125577166122973
0.1389998526923574,-1.0338690891310358,6.654890035727979,-1.373285443047166,4.121878535583194,-2.170944385955018,-6.193330611895879,-9.186414585804176,-2.8177411710326616,15.039696088611025,7.044748412418151,5.026368011286912,11.707782705560334,-0.234511112896435,1.2309998007171072,1.205715381551082,-17.072641267187365
0.19400012685851198,1.4934899760013898,3.910817664356519,2.0439409473789834,-1.6314538846237172,-8.449444073012451,-3.0700924965309966,-5.758119407960461,-2.990892254666832,-3.8506732502961984,10.800265997133689,14.01199356123325,2.782266969645269,-0.534808838907415,1.3070001025398168,1.134347975336023,-13.660584975874709
0.22299974619079546,2.4024723274950794,5.621532424821584,4.900974216025347,-1.1330020998023471,-3.283590443764936,-0.8362143536230775,-2.192997730113518,-4.154449781539292,-6.7086748330589465,1.723967518927715,11.244790394505827,5.750088982171211,-2.5730229297133196,1.3569996899240109,1.0398001964702308,-13.664493154838766
0.2610000503121486,3.725723430476636,5.524092931099567,8.10305216214579,0.3213212639055314,-3.1672990058341925,0.9035388287821782,0.7254906948067603,-1.9318744540587893,-8.585232044958044,-4.799862360331826,5.329451849920112,-1.6723891231844235,-3.2846558851638665,1.4049999845086207,0.9184130904852599,-11.294631129827492
0.2639997852080684,4.178742557966876,6.954629472783549,9.167176010772803,4.4996983075670425,1.5007049530198584,5.397464875143914,4.264512912305506,0.6879031020604529,-5.890865885299004,-11.616857367219144,0.3867277641942586,-5.247474288565574,-4.234002605767844,1.4339997422927242,0.745277784808569,-10.553831598753817
0.27999992910655924,5.18318942242348,7.357083680192389,10.933338707904,7.040180183121777,4.8126816184453585,8.008754201235496,5.500341750369259,1.1630701647460242,-7.60909769670047,-10.490830147273591,-2.6227324619232695,-8.34136555395705,-4.67509737091592,1.460999982989158,0.4974133422972833,-11.742561729008052
0.29999992749089566,5.44676895887819,8.819431442419791,11.889939503720697,10.138868303593746,8.379191592590479,8.192889849547063,4.571116186968782,0.5955238703415162,-4.673609641449605,-10.015601015821293,-6.205001217561642,-7.454914310505476,-5.232423142447532,1.4610000004469808,0.27427047070536714,-9.360874933209326
0.2999998750676571,5.276323322766286,9.950573123010386,12.683405326086532,12.808661022262488,9.761175093332985,10.251903044967118,7.266940571180919,3.8124398181478956,-1.5234940413911744,-12.04218410976105,-8.809644816892114,-9.85218582629295,-5.488746405930624,1.4649998965253292,0.03254515626934307,-15.73973350070815
0.297000372195971,6.209644312858154,9.806654741524707,13.57716329605401,12.631643927011321,10.027755915726733,7.412830932480362,1.9333242481822892,-0.8364667924233409,-4.490915215763584,-6.639710524083239,-8.187666606281205,-8.386537824958808,-5.488345773462752,1.4680003164060234,-0.1402031715897083,-17.50801455663437
0.2920000868936039,5.252082772250532,12.622211964557746,13.0170438469112,15.026851060868553,10.630670079930516,6.640317870804505,1.990437770402501,0.5678879906284138,3.431631482585903,-10.090827576890172,-9.751282052154064,-5.021037183811014,-6.268390061372546,1.4720000344415165,-0.23817869408214243,-16.448071890767537
0.2540000798868422,5.953347562986222,12.088305666638762,14.340537714863771,14.232686159932161,7.99857951967562,8.836762964030246,4.500034854237153,2.7124418851197785,-1.588420383093492,-8.47483364590499,-7.13593575778639,-10.418830923222853,-6.328364897540065,1.4710001471208816,-0.2681362502750084,-16.132544122793906
0.2280001264904297,6.6050835018589655,12.643038337601942,15.7446709445952,14.242247758866899,10.48416910555669,9.40666950938992,4.640633683727716,0.861509845705422,-4.6840738716352135,-8.605908968945329,-7.1067839545302505,-8.70745949056752,-7.137117629890005,1.468000076422528,-0.24288002985306667,-16.258382318754656
0.1770001988027852,6.824919867114836,13.396170872561939,17.062680816457267,15.292631333270863,10.988058764888505,9.451994352524807,5.681582830671229,1.836809866460891,-3.426111352956333,-11.350854579021673,-10.135921009825822,-9.97239225393588,-7.673651148508153,1.441000137767629,-0.129388289340572,-16.087168176296846
0.1210001822606979,7.127758076945076,13.786582347477324,17.72698671911029,16.55681351383518,11.68025424805143,10.89558386262672,6.882959076414643,3.058145048421002,-3.071590519484655,-13.402481018401016,-11.725234454705378,-12.577848011850788,-7.985789585999562,1.418000113596147,0.042982564128992706,-15.919643762987048
0.04500012093971885,7.474488710760498,14.295668328272352,18.38694169299396,17.55998758984711,13.291571836582929,12.057257692918071,7.4382623197364675,3.12861443065165,-3.5190886255054323,-13.38754492942477,-12.627059064532883,-13.173514489841683,-8.39289396901751,1.3780001848358978,0.27591980575587804,-15.756873434408082
-0.07299976414535324,7.671061410341948,14.856775554758975,19.08631273629125,18.586985266268513,14.485839549104593,12.609125973612716,7.888808359745688,3.4525141538669093,-3.0654509096424896,-13.16364984214524,-14.015590500583215,-13.665693312006223,-8.748638817600042,1.3290001862635823,0.5506195606676645,-15.601173146697208
-0.24899983886067736,7.795435462746435,15.293642860426806,19.61587332121448,19.48974373355098,15.266818420257398,13.155912878731733,8.330553821213684,3.9736329310383525,-2.5391301073534347,-13.280001646386896,-15.151086655892907,-14.47358439654389,-8.97222091333685,1.2660002064388527,0.8518764674849915,-15.008350174772737
-0.4619996611079551,7.855006082978227,15.662169456021532,20.05775380101838,20.203834625527456,16.089058116804335,13.814084954644912,8.972663102064821,4.53672945457226,-2.2184075262029577,-13.611366135973842,-15.961266075606112,-15.02772121380303,-9.119503762637567,1.2050002153912214,1.1506132045476045,-12.78821543880281
-0.46199970129541185,7.798698377438677,15.776571497134093,20.537938281088927,20.816614912776238,16.997812155165853,15.055700404187595,10.717850514860002,5.889361697437211,-2.1297297537581876,-14.360551131895205,-17.016273354415773,-16.130015402920716,-9.186719622202801,1.1790002119202259,1.404246933341616,-12.206574827097741
-1.5009996335395912,7.883974003129376,15.43535319821978,20.944447155092842,20.91021485336761,17.824955672174134,15.09403568583414,10.640121603817782,5.606441500590481,-2.918536993076321,-13.448131603551879,-18.029854473198714,-16.5745542911562,-9.037917292133557,1.1820002753845116,2.0119157725707373,-12.836240845836453
-2.1339994843057606,7.473474001270949,15.671858471535254,20.58384888467607,21.456172359291052,18.47131323425408,14.326230418994612,9.695432389829485,5.262472726177497,-0.8340529230718747,-13.207845721327635,-19.301674780071963,-15.512020850895304,-8.86131913664087,1.2060003106542614,2.4581012854896915,-12.126884099658339
-2.226999917072346,6.890764551963254,15.671082607511368,20.037199472073226,21.633235592421965,18.1048590384392,14.552144104759503,10.104151806438566,6.234878234609383,0.5069762904342792,-12.939983613103724,-19.35909306993534,-15.884768791597246,-8.549956360987432,1.2570003485259522,2.4878951596902636,-12.159533134616234
-2.2009998381930758,6.212793214944311,15.117355997778128,19.740542377030707,20.87198600157443,17.851333904408655,14.158055748512796,9.405047040854646,5.490572672969695,-0.6810513805752532,-10.956509774435133,-18.459330141715768,-15.406711541795573,-8.237712451352808,1.322000402132852,2.639546938911879,-11.767110175984941
-2.172999501184582,5.308835595248706,14.958939636595833,19.270981284712956,20.51811426662829,17.76898540187805,13.59265932636385,9.211615081111653,5.386752097734516,0.2282540735525771,-10.792225380276365,-18.586149588577534,-14.320445788101669,-8.071381583328384,1.3710003495653873,3.1457041087391575,-10.47944924686573
-2.159999480768119,5.1222432307591035,14.557486887471491,18.89681920298346,19.940602911355334,17.06367925066842,13.823194293561745,9.87303616648367,6.112512115769153,-0.06506159229245512,-10.812521923455028,-18.339603855964572,-15.160445368971448,-7.746086291637868,1.4030003637829673,3.436384499763969,-17.031405875950934
-2.1599991517377974,5.519451200841203,14.195777389397762,18.21673415037611,18.41683818914928,16.046895397749726,9.902105429102841,3.9330672543767884,1.1417563039507161,-1.3682321124278731,-6.374464986796044,-16.90666319957772,-11.804580329659075,-7.455843917405357,1.4360006851838945,3.462136789826671,-17.486084757101334
-2.1599994782539884,4.530470915187444,14.830077823830658,16.65505069520283,19.217574052168036,14.79544387332336,9.688181424864137,4.806221722957094,3.2096020692886826,4.920647161995111,-9.667394279404535,-16.582149543712077,-9.808527795172969,-7.74337224174651,1.480000388231607,3.7812362130647914,-16.387764555654655
0.2780005004545002,5.378792665633462,12.811754242950098,17.14204948132647,17.014947800269557,12.127196792268125,11.443672645606604,6.352651358744325,3.783381627051467,-2.070334499779138,-6.9680138935981955,-12.553914304487753,-13.935860994323175,-7.517054240470728,1.520000514044359,2.8097758353162465,-16.571425901516402
0.2780004230107719,5.773388209259498,13.102626687363951,17.88258195387599,16.266800457493993,14.031918523408216,10.912255267855267,5.727253411474299,1.4266881832230496,-3.9508708823277647,-7.713876156162277,-12.743460789784452,-10.845858931204925,-8.127777625816138,1.5700004187192373,2.765736865198761,-13.918131765263531
0.2780003746223426,7.720783574147983,13.3796120715294,16.698347830644266,17.08325834527745,13.696257335522724,12.311929686537278,8.886333970496771,4.457670596280968,-2.3488555999090934,-12.209807782929833,-15.422666979544815,-13.959576742777207,-8.301935080672667,1.5960003634166695,2.1917155658793934,-13.081772571854788
0.933000412556239,8.740961067611604,12.619867036356352,17.02733015296229,17.149125908555096,14.523311630360688,13.610719621274413,9.402583846891007,4.316522482635596,-5.035716627786083,-12.598178996874474,-16.17063418239176,-16.429656695280407,-8.232014100084495,1.6260004311528882,1.4053399165841451,-13.078473085909996
1.036000443787827,8.920609497049947,13.112577536237065,16.93716471510209,15.961620950259928,16.368613298573926,13.562559419154976,8.963439044024842,3.7452545433624147,-3.0455500753960454,-13.31810880756721,-18.31593466763434,-14.944094195220199,-8.41855921695307,1.628000421614899,0.8503288551677066,-15.442787994467423
1.0990005594160654,9.09824383612315,15.269001800943437,16.621060330859052,16.10145739574584,15.86313882402556,12.529106660771188,7.251334772260144,3.0678766084920657,-1.8519000172503723,-11.621775771569702,-18.99464327949839,-15.235436492256447,-8.23282325210434,1.6300005775358775,0.566057990547483,-9.507775824466883
1.1430002288191612,8.568945589181752,16.07604885476347,16.159621088993752,17.36948086790281,16.889841337915733,16.06995548271747,11.827461295074144,7.325472716861285,0.45562904399997883,-14.88115032681402,-19.40985075247468,-17.037375296958082,-8.30899631489196,1.6320002214281852,0.2093668141805387,-15.432269964201133
1.1840008669103839,9.96410998287848,14.353555954699775,16.981442599167345,14.864689306645385,14.307453042018484,12.522096347481556,5.681658867771317,1.0762229153630773,-6.931520669833592,-6.767797292901125,-17.460242674119463,-15.874258401887023,-7.815095131678493,1.634000854989455,-0.5281563256991832,-11.20220618525563
1.219000154400627,8.166173379204173,17.20957989603715,17.184747139184907,17.839176196329724,15.984498180008458,13.70877130616607,9.645534352154794,5.791450406737594,4.498329901236817,-15.211459886690825,-21.178493487476388,-12.66209811467857,-8.418294032925152,1.6310001846797866,-1.0092611043844164,-13.299313238000988
1.2580007956102457,9.575325502073383,14.327146031674031,18.355022737457322,14.786377693097563,11.958358164465707,11.109193777888235,6.191947735938248,4.328700064739767,-5.2211426951892745,-8.295970693590395,-17.660113902451936,-18.734781271057127,-7.456695520059494,1.6300007746294107,-3.6540385020186,-16.64832469717276
1.2950004643958917,8.900435152434742,16.284090398512575,17.245938239010844,15.44692661883689,15.054121431893378,8.147136767919996,2.4642619370931627,0.7282665215792994,0.2818184657915044,-9.986228568396516,-18.74383494263451,-10.271944876166867,-8.210804276140184,1.5950004465144982,-4.151580562716548,-14.972098052544517
1.3420005122672987,8.671805865066194,16.140501802739916,17.31639107413021,16.902452352230675,11.33104653468271,9.54487848164053,5.70360207268431,2.739065887122778,1.3171582907247412,-11.608969193493438,-18.411424390493686,-15.348918161873502,-8.010813886824678,1.5630004982006025,-5.990358569829363,-8.261360747976484
1.388000196396518,9.084885600276124,15.218948016640349,18.019191009517257,16.623221843246533,13.002278062070282,13.906641737624575,10.496979572488453,4.880813149859126,-5.685843618056305,-12.98975006612898,-17.13913300192347,-18.353859276423883,-8.170406345445938,1.513000196396518,-7.6931751332659575,1.4182110476785317
1.4350000956376088,9.274582691282804,13.927782887694518,19.536512951077032,16.982443247113064,18.146295819910893,17.505893617086432,16.571528449564905,8.031511186621392,-8.31114215981244,-16.186793536209592,-21.189767052032252,-21.15564506586297,-8.1416561478763,1.4630000927765858,-6.948482629267988,8.403778096614165
1.4620001969308578,9.183640737895281,11.959669092050376,19.70948576366978,18.18365368109485,21.47878885765841,19.27313662640164,19.370563182886315,10.324038020077731,-7.612905986229849,-17.935719160322783,-27.12669139013908,-24.54045742327586,-7.136741706854247,1.433000212666484,-6.983328078964409,5.7603320804732565
1.4880004925725419,8.512545637836123,10.786545552177724,17.298089849403315,18.92815996628164,23.6505521179477,15.600146411992739,13.842792901081314,7.260966840351468,-2.2924322452662977,-15.688361001355045,-30.87532051013721,-20.87230308799215,-5.69775887085488,1.4290005369183976,-7.538936326807038,4.962279305620739
1.4910003369919902,6.447817947364164,10.992035652374977,12.974829649864521,19.66818975895689,22.43110810543866,12.97592689032092,11.217022713379027,8.41413717775644,8.061251681132319,-12.915854050784123,-30.967377168426232,-16.666415649799603,-4.279718809786156,1.4000003164879924,-7.328634881429212,13.88168103043669
1.5130000947968836,5.154539136255425,8.877399038530534,10.19678182119582,17.36484030795094,20.103341174690744,15.718878558708496,15.72693275921651,13.200659206053516,7.174698038672769,-8.525972738729259,-25.96214470317775,-18.81927073932285,-2.545308871181036,1.3970000981347437,-6.977833044175883,14.651392232725975
1.5130004645002326,5.2689293643376125,5.3140060051890625,8.825920587754776,12.11013617898329,19.262225866051583,11.986559836966997,10.979678308403404,7.4976111444608655,-0.1711356420842982,1.4343086170222468,-21.48684386271527,-13.787678712124833,-0.8014610016737627,1.400000429214283,-6.568096518979755,15.991852746157663
1.513000242964948,2.9938877630912994,4.969681936013636,5.170017100298019,10.681667603513016,17.55111610685215,7.435315758258632,9.003898612355435,7.805605564707147,9.437499431425422,-0.8499508323919325,-22.95533367158019,-7.038802200900044,0.5425227576948741,1.4250002434417852,-6.34541291960811,18.197372686076704
1.5090002802264388,1.8479046054150192,1.6892312124390703,1.633982184908195,6.665512946273655,10.23036503162842,6.184473980343725,8.69994317094567,9.52986025786797,9.114801142303698,3.0132185329213925,-18.63852301123503,-9.160526713880895,2.8521200579408195,1.4420002487551864,-5.930767600107664,7.042488912209424
1.4760007228782164,1.5103729070443235,-0.4858204026391437,-2.5153607984922415,1.1404808103959674,7.0013216088927175,-2.569488641274962,-4.009311922748179,-1.2413462793707453,6.8292608344090056,15.032827778543652,-11.310708969785413,1.632558712521032,4.4257961416483615,1.477000710003613,-5.284642683657495,-1.4979599573599816
1.449000517653008,-0.745024587031426,1.061770786126453,-7.622631547514949,-3.047272000533928,0.4640807204368049,-9.427626813867978,-10.474043766101389,-3.4722825808196536,16.87497594396165,17.148341862599864,-5.6570819391857,11.086798136695634,4.998940365095742,1.4950005214677053,-5.191440323307072,-1.9218054211464746
1.4450003326751861,-0.9375844672972908,-0.49841663179245055,-9.567329454666679,-8.210587694067906,-8.373503676892526,-8.677280651426798,-9.084920596146011,-1.8494327250493328,10.439843019457939,20.11483777638625,5.836772449596728,8.289810909182496,5.613766588096659,1.505000335059372,-4.972275716270989,-9.944456464322165
1.4220005940435148,0.4666100917388185,-1.6305138164842439,-9.06565968550574,-14.000599799833983,-11.220942772254075,-12.909910985493463,-15.675599742646472,-10.94069235962671,-0.8940308870396327,25.929428103848405,14.755241107114802,14.610540584712176,5.041375825504759,1.507000602388165,-4.655226119513163,-7.858044549691331
1.4250000611356275,-0.26498712385474255,0.7258026274312526,-8.464917290881651,-13.447569925655984,-12.915661680725286,-11.545329008078605,-10.54937493578284,-6.8140773187774215,3.8219263671023835,14.56646002199831,14.038851585486317,15.096886483760969,3.553306636639763,1.4960000411084668,-4.741783695620466,-0.08211475894307474
1.462999991780511,1.4166235804504508,-1.4362918917864258,-5.229161560763435,-14.524760024731828,-14.384759169139928,-4.110658363332885,-1.6119845075483807,-1.446708173101921,-7.381016213330055,8.46923666099689,15.449763316254748,2.875090646880947,3.126528363789756,1.466000012761346,-4.865712385444942,2.8190329836269807
1.486999999010263,2.843943626637933,-1.7356820624499125,-2.4389622248062657,-13.062005552684605,-7.327440498248487,-1.4481893057711446,-0.05402032005480706,-3.926968030122719,-12.625019320067533,4.796281240667266,11.160802252311102,3.258903565265289,2.0510972914208816,1.4549999937650542,-4.778731174756455,8.80359158872536
1.4899998746832739,2.448297687192378,-0.706671648711791,-1.1445785298999436,-8.107769552419605,-2.853277109668771,2.052676894386405,5.553749850010671,1.7054961125589907,-5.3980377501832635,-3.5671534384223227,1.8703519942806839,-0.7683563515230976,1.6399248072240693,1.4219998560866247,-4.607106477324848,10.31708466508061
1.5130001283614523,2.985661511600822,-1.9954449932915477,-0.6507988010637682,-5.614150798035199,-0.10989177076068746,4.351796071420855,5.958956165233408,2.7421000237377355,-6.0838506053188635,-1.9411050939038679,-1.370749085466021,-5.581593094566086,2.3543009209618475,1.4230000949828512,-4.439147432345925,18.05510629985176
1.5139997373811576,1.8052974452418584,-1.1303062988977328,-1.5174060523693136,-1.804636625067598,5.41474954646758,7.704713219721076,10.181186273441854,6.725269818682975,0.550706127886841,-4.324621054299772,-5.503852060316077,-4.138615582522556,2.6147463572503615,1.424999750732598,-4.1135901804462645,18.054079238164313
1.5090002457835892,1.9804085239961666,-3.5471171919352535,-1.5519926868589313,-2.3887824332337253,5.488049805400825,5.692574349366147,7.293611865552155,5.045813092057567,-1.8124118756097791,3.307727364533985,-6.06222460201308,-4.944985553631916,4.141587767823707,1.4590002338626602,-3.734853657262084,3.032441919298112
1.477000666023248,0.898480255637518,-2.669261886295616,-6.411472767688702,-2.5793641830695133,4.7611561632037755,-4.968835919421518,-7.117239810547304,-4.467342486459518,6.775962418567328,11.25532576254109,-5.379844204629554,7.60738828642262,5.020601585465933,1.486000669361108,-3.2121352517807216,-10.491411845453094
1.4770006341176045,-1.1660671681636674,-0.04180950076720569,-10.808530871672579,-3.248093818966043,-3.515556415081245,-12.182774603020082,-15.377045128871003,-6.258130207858795,18.315076715140986,15.433556698126061,1.2049287219321698,14.753528471851178,5.44138422829201,1.4900006455616963,-2.768004733297886,-18.07907358366669
1.4490005258299508,-0.9638122755174683,-1.1927304289226366,-11.977077725278026,-8.040518468127278,-12.36485008914107,-13.706789290929587,-18.341908703525327,-8.565761836860602,11.302998809440771,22.327703026965303,15.638395802496131,16.241804085882237,5.10199707825871,1.486000526306788,-2.430742928171081,-12.943957685231245
1.4890000493122422,-0.19261312845879974,-0.24368795480022065,-9.290131027550165,-11.339688640729813,-14.581057286485784,-9.869975286186513,-11.588107459392173,-6.750336638313428,1.690605557036701,18.67072869014018,23.116008111972334,16.07160112927511,3.1677397904528415,1.4310000211788498,-2.406675881814368,-4.732254924760825
1.52799998816522,1.8576055392045197,-1.6057676251196185,-3.667827661864626,-13.077828375122511,-14.072993973676153,-4.719713252773431,-2.7931973852620153,-3.641332349742072,-10.732289121109062,10.329781340673442,21.42123729755746,7.694646456854587,1.652791627870623,1.3690000086692178,-2.423351805184698,2.4737912889192053
1.5679998368644132,3.022921743790442,-0.08631966744362707,0.16076291861063474,-9.932888444404078,-7.795187069919763,0.3355937455392901,4.122031234456766,-0.44506661175013207,-12.503826942791232,-2.610858093694194,12.002922475493884,1.557577782831281,0.3564606072174352,1.3169998199366941,-2.5954315683053384,13.743824581521418
1.5679996229938271,3.2054918284617613,-0.35974364185591945,2.1786073827076167,-4.337014908095126,-0.852185941446781,8.060883225150373,13.644485872788012,7.282433638566572,-9.112519592333037,-13.288022037333535,1.045572129099103,-7.51199347366963,0.10925213350281959,1.288999608927131,-2.3457840436280146,17.613145653221636
1.577999984025486,3.8212948815607763,-3.772040827176232,2.931431716765021,-0.6212428731761128,6.0630192402003065,10.767133893662063,13.96968208638341,7.337764183138043,-9.300635852160493,-10.243398061609604,-6.067529429880381,-11.057183155369593,0.9974650726329686,1.2949999916548804,-1.70553056834143,-0.051885232276909485
1.5440008072683042,3.41834318955802,-2.368175661051903,0.23186912935346582,1.9485949661131805,8.838407886434787,-0.010336705157506287,-3.0884805377785476,-3.940278192866902,0.5553172394115684,2.039807451345908,-9.501500900139296,0.9571781295003232,1.9633438051987797,1.331000777942819,-1.4874323621566754,-11.935567210048093
1.4600004879906605,-1.4486363373297697,2.3969462506244623,-4.9647850858386695,5.0761546350988915,3.4125690456235604,-5.867007127018068,-10.126900577850058,-3.0424591745980747,19.86650671611712,4.465604564906927,-6.093678732721899,9.034903765059203,2.21613332984494,1.333000513739867,-0.8050837050016002,-14.511955720897587
1.460000432711617,-0.9749525319650523,2.1123666462701007,-5.465798621393538,0.6533264555767131,-5.229472320610069,-4.565399734122591,-9.769947583775634,-2.3233886397767938,10.400512234730998,13.669406953520445,8.930669780756489,6.525231106622252,2.3273640875252193,1.2900004756269612,-0.6307234619304025,-13.591385281436336
1.4600002371653846,0.0941004057496837,2.551284834304579,-2.5307949954169624,-3.585139748969125,-5.839749095941343,-4.79168603612022,-8.669125920714785,-6.007896450898448,-0.8403073505570866,15.442915149908993,16.236766065927696,11.292263410516718,0.6632210571262451,1.2160002791270546,-0.4065679902232291,-0.04659515067873953
1.4599997469943364,0.2716989860387047,2.6838968162622994,1.7158958935186992,-3.1642533888618267,-5.507942622392772,1.5502524359574732,4.704345371533082,3.1453434995091385,-3.3806031593670234,0.6731151117105156,11.413543534263678,3.0591674135755698,-0.6980284366780287,1.1259997555774053,-0.18445988573729588,12.001914866068832
1.4599998177907016,2.043827436068228,-0.6991345011648384,5.873670179311237,-2.590297695375037,-1.1041156733415503,8.943909725453764,13.931591109617171,7.668571931009712,-13.497433625672333,-7.777628235164977,4.77314895952145,-9.03465366032017,-0.6484500639223651,1.0789998354336765,0.04373524827755615,17.93391210279169
-0.3510002080819304,2.0840806933920395,-1.131874853432961,6.585411606492006,1.7961274841770567,8.369029698982924,11.070135716625938,15.824631539323777,8.058933185044278,-8.865609784329823,-13.496643283431233,-6.9114168553404065,-8.979127787282097,-0.43863028116204306,1.0979998524763888,1.0165452016359042,17.913768529360294
-0.35199983376665306,1.2228670086467157,-1.45743211158283,4.572736318762942,5.895959084160256,11.517579539025268,10.120645116185068,13.504306578170954,9.409375462152763,0.7549892875792548,-11.310263588052518,-14.74692542220339,-10.096461362132375,1.1329596869207899,1.131000146683024,1.2100586920616276,-1.5581305779703092
-0.3249990825004078,0.9711889101210005,-1.1412895301862624,0.06843272047983717,5.663763089586167,9.810021637357398,-0.8612238375988532,-4.827940390505777,-2.295751352272031,7.230476785847738,5.223472198621941,-11.589177272212323,0.8333845118542147,2.806620490145908,1.1730009432487987,1.2429479546611666,-18.018372647706208
-0.23199935651113734,-1.3670755347574575,3.5308565051268204,-5.71874776832441,5.616106818030367,2.8978034464848963,-9.912972093932746,-16.199241191275657,-6.563058607708612,22.565983381465465,12.410955384258628,-3.1227003760599104,14.675943946806923,2.892642175107187,1.1930007746190812,1.3437614075487514,-17.984762358674594
-0.17699966444668527,-1.4375209812874803,3.995378031365043,-6.1817199123704,0.4738037151887742,-8.047671420948499,-7.760583068679452,-12.227111003830018,-2.6785062347748756,14.821272282274961,16.734655194395256,12.512898827533782,11.43743135347771,2.60527464582485,1.1920003531962895,1.5120729897303127,-17.972645755791056
-0.19599966638524294,0.824439725002835,2.7646041727463464,-1.9999741399727702,-6.080065590276236,-10.422789086845048,-7.312994242973245,-11.243760746133766,-7.889917040247493,-4.3948352156243455,19.345224520197874,22.249397830045027,12.598410085653313,1.1145035215185475,1.228000418014934,1.6563796696500122,-17.98627936521137
-0.19599980276287166,1.4827636202793582,4.364551887048991,1.94473030947176,-6.03744622245928,-9.608399284574407,-7.546509125088626,-7.998078541538376,-7.663588229631635,-5.552534020441492,7.215512736470856,17.59526780520083,12.495463933454626,-0.9498067381833843,1.270000277345771,1.8376389621908586,-18.005979056337036
-0.16499965223488958,2.640602954236538,4.665972708542199,4.869748925770649,-3.767947642970139,-9.65117220327579,-3.5165424824599256,-3.385847320612914,-4.002698802041834,-7.2259894365523465,-3.1984267579546923,12.921553968294926,3.091652565302004,-2.0486865408076236,1.3350002881604661,1.9648929243987165,-18.02423295355473
-0.12299966176617431,3.947641730266003,5.92823335287824,7.029338389640414,-0.19155118334448318,-4.547369634328774,1.2354115326841892,-0.879192430074319,-3.635785393774551,-9.262377389751364,-7.333488149667652,9.704325870094177,-0.285803160646104,-3.4787098326082218,1.4190002743376464,2.070929532991105,-18.04094922583812
-0.0769995723484082,5.005020930388776,7.5407692388655185,9.607377603763133,3.908637989017045,0.056107058127055964,4.353690061531541,1.1371192676691813,-2.7286724423624023,-8.994271976811305,-8.456855119872369,5.212470929484406,-2.7557015270198164,-4.783848435106204,1.47800031559486,2.1623920324891435,-18.067154971886747
-0.033999525769923024,5.826326388420126,9.173298424129346,11.995920187510222,8.059252468623553,3.766056761915258,7.0660069029760155,2.9122723422517947,-1.1454175574638548,-7.7033744271542375,-10.177086467866747,1.020654634770894,-5.820882400048486,-5.806053161071074,1.5330003864920398,2.2723377661119857,-18.087502645674423
-0.010999480615582414,6.541973581929751,10.803752659390783,14.144840079702206,11.6072527792005,7.13119590136341,9.257719922968631,4.415639866787204,0.1037126949340319,-6.675696106393133,-12.196816705779188,-2.362243048230129,-7.863245725112,-6.715822473565737,1.579000433553729,2.267818321767609,-18.10172146497601
4.618898265495525e-07,7.099086921924915,12.236418046440345,16.242694006475432,14.470013423518713,9.815223024935065,10.748680818489255,5.723631223989839,1.2288129436425628,-5.677164756691848,-13.659907175625863,-5.50023210042349,-9.468906451769312,-7.498462276486119,1.6070004552141064,2.2983905976071384,-18.109213330992215
0.021000542347706125,7.529846533117521,13.409026703754238,17.617314469541014,16.880928980020887,11.875237959573566,11.914430670523895,6.846418515748301,2.3054835507442526,-4.719526562111131,-14.520188033591687,-8.333263058945942,-11.113414314936517,-8.113641648929576,1.647000529473103,2.3088204987807748,-18.136677160352775
0.0270005099901774,7.898632825855471,14.426494271470569,18.94301544520197,18.679575429039584,13.58353836306605,12.890181316365307,7.6837778606908795,3.122229481032626,-3.9558120820377844,-14.985528089223653,-10.63275547189734,-12.441427943544245,-8.608318658992264,1.67000054646822,2.3058183643514862,-18.15107822540722
0.026000616367263585,8.185758165801484,15.340331492209591,20.04532761063711,20.237354560419142,14.961889616585324,13.607549895167464,8.297192493755235,3.73292355285556,-3.317538358585633,-15.36752686152257,-12.502683945891452,-13.399030859113868,-9.033538982286544,1.673000601346893,2.250070132741131,-18.15493077329211
0.036000636554606835,8.429999991584088,16.081096639105542,20.944686912907546,21.429976847256963,15.982543659749565,14.121307987081194,8.770791153004271,4.199548369969113,-2.815745176159009,-15.682290926926648,-14.110810182010116,-14.245773639125193,-9.358416419247789,1.700000611282238,2.1277863888948394,-18.157607949937955
0.028000650761044292,8.625838291726206,16.67895768264317,21.673285174349704,21.874330313554395,16.713170050189312,14.47597903662021,9.124399775443553,4.5537324599375015,-2.4647315216522045,-15.909748289430823,-15.465520858692749,-14.971820332210793,-9.635773369321452,1.705000666735089,1.8907330161914127,-18.191935325796315
0.001000726316716341,8.807264494404603,17.158480857862102,22.246801060843584,22.52740213919993,17.39272676233692,14.692295015925637,9.286141920286015,4.750311545022566,-2.2196588120237593,-16.063465343484104,-16.610747291471657,-15.574236608323183,-9.859866047684445,1.7100006879313252,1.6272039233213036,-18.19067647121811
-0.030999198398615795,8.944608118516255,17.564674117056477,22.685266183573727,23.012517358165,17.555227138875566,14.982182075271433,9.553085745394961,4.830349766009804,-2.0608344089037836,-16.1899706896791,-17.591126711569714,-16.112129276248986,-10.041895386082588,1.7150007040881854,1.2988818517173835,-18.198727009116865
-0.09199928601264791,9.073902930094533,17.858485338073166,23.01550593238907,23.36791043056151,17.943975704124025,14.815824668224142,9.366403390400102,4.74462218221213,-2.096218202975546,-16.243207327187626,-18.413118208492683,-16.59285172284089,-10.194358066859055,1.7150007251930253,0.5055428186550697,-18.206766947347255
-0.18099926574547448,9.14280514059821,18.10289726736494,23.273144028264667,23.603353538072703,18.2976338242529,14.927529860906501,9.511509137996935,4.69901080970984,-2.1767579944803437,-16.440077419516786,-19.227170232604404,-16.96706145399614,-10.361501720963533,1.7090007199494108,0.1558395711465983,-18.18571293745169
-0.285999261561489,9.226177534996495,18.258397543698848,23.429504326340776,23.794620122951073,18.559402211471628,15.15676289243983,9.693162273860615,4.801791411551934,-2.2259650669064364,-16.579597034335773,-19.881738781028577,-17.520521270655145,-10.48719216927925,1.6700007386769296,0.03690961901638312,-18.161156251434257
-0.4529992954482376,9.269557283326733,18.42294218348765,23.49666388307703,23.946554816893748,18.925572203059357,15.390535465750336,9.796265511655617,4.808840853168127,-2.2828098454036763,-16.573525041867246,-20.39582799070195,-17.854066527443155,-10.612393728733794,1.6430007798920334,0.037135359569094195,-18.134498397812777
-0.6579991972253741,9.290014089264893,18.577180494490943,23.585237099412,24.051364325489786,19.217472273020114,15.59552840676145,9.886427366336152,4.8420227440951145,-2.277914807647445,-16.352182905361836,-20.921273794089572,-18.11623799944862,-10.741192608439944,1.5850008034898813,0.20326197313771477,-18.10755397311302
-0.9809991275621411,9.269876486523938,18.6723239037619,23.643746976742293,24.127622959264933,19.42736840091517,15.749796853346187,9.950681403658923,4.89977781143715,-2.2371974115579505,-16.06196353254199,-21.285925518333215,-18.431181504364638,-10.868851668878671,1.5310008073495869,0.5139568917569437,-18.095929432759505
-1.5219992280213557,9.179302534096298,18.754310382590553,23.683780092352087,24.150191518004917,19.609439759926186,15.866110495761877,9.96817322996679,4.9154337037226234,-2.204573498052074,-15.744030739961438,-21.49710957190389,-18.641798400797,-11.021567953394804,1.4490008473189153,0.9777957834318602,-18.100113673090803
-2.345999319744137,9.023636469068853,18.800218399394318,23.67896467909534,24.15507593534124,19.72871499521633,15.92497084847189,9.943541859060447,4.909052498294851,-2.1989677458518457,-15.355616277565915,-21.62503698093018,-18.725123644998906,-11.1592110584807,1.3410008953094217,1.5824649311976517,-18.126802203718714
-2.5079989914520975,8.763603691062306,18.822058950722035,23.68006335444189,24.132172531320915,19.799918194943704,15.949586210870972,9.88142958103636,4.875465083863338,-2.2066149692633683,-14.950400541617103,-21.665894026610992,-18.733385610756546,-11.222564678101383,1.2350009198561909,1.9451773564507029,-18.157236655352452
-2.490999247905126,8.14897121345016,18.75621927367584,23.660452244910935,24.063844318050897,19.816078302745467,15.888298026512656,9.809691816828593,4.828001087473534,-2.207339545561176,-14.66437791808366,-21.708173244324378,-18.665380388382964,-11.24238620260016,1.1700009442602488,2.2583291596540374,-18.212560469153555
-2.490999222137348,7.529111407007843,18.557371644548304,23.586425146469153,23.92806292982302,19.762424847558027,15.837592620792401,9.748403923565554,4.771017315887561,-2.2502589706265006,-14.467314657094938,-21.770406558160555,-18.67352338214645,-11.245626536460419,1.157000958583935,2.554820832105557,-18.277902556973984
-2.490999198056367,7.531636147670687,18.191828875003388,23.43923810365091,23.77766163811451,19.72244363798888,15.791918247533994,9.687411926484609,4.705066295413416,-2.3215944798512105,-14.314818072473269,-21.81496865996674,-18.657396140190535,-11.210395996382942,1.1740010022152398,2.7170333035715624,-18.335657716077495
-2.4909991771885878,7.6700730737276785,17.345090758458003,23.225103982664507,23.587440393534187,19.66025557865631,15.751813218756372,9.63545883636599,4.621353162807197,-2.4112366987416376,-14.236067622198664,-21.873060947669856,-18.64386629317977,-11.169920852264912,1.2010009734919542,2.9017040295373526,-18.42517776357805
1.2100010009937734,7.755917718937731,17.070175668079475,22.836461946669537,23.345219554786926,19.56694993308089,15.686066038405336,9.54171989895686,4.52137959703945,-2.5258126280428126,-14.144663447532231,-21.95811324081209,-18.695213312669406,-11.147046455730806,1.2570010515385122,1.4680645542117845,-18.436902863783722
1.2860010124624297,7.781147449565253,17.112780962772014,22.193888374244523,22.915035409994722,19.485310178839644,15.526767157379904,9.624460576202358,4.463170595758205,-2.4431133196525767,-14.554635362125781,-22.3315037208925,-18.671305920999856,-11.187891576535954,1.3000010110319182,1.3771772412388978,-18.505835543183622
1.3330010451409997,7.8747489630522,17.101752371140137,21.305832933329956,22.522621802151207,19.221961213191722,15.60749541605357,9.628592166418235,4.494022996019697,-2.6855534013558042,-14.634636234780615,-22.497470582035223,-19.254836738155028,-11.171946718284325,1.3330010451409997,1.2327316596602178,-18.58756395888293
1.3800010477370783,7.953053060087228,17.19868376809624,21.09061312333452,22.49049203942849,19.284762560174304,15.663924826262765,9.441972145697566,4.24768830971351,-2.822130435750376,-14.610799818388932,-22.54592783520001,-19.177385076534396,-11.194713963690742,1.356001058704333,0.9294922028297141,-18.607672655840084
1.4230010439985452,11.54908148141883,17.264717700670275,21.155150388629,20.840536451104413,19.058916141259267,15.559187036946025,9.487788844290016,4.124806038718691,-2.926344821461491,-14.552848853117144,-22.69790477441574,-19.26186166687349,-11.238649604946257,1.3590010931127725,-0.3757155014853002,-18.57784119901334
1.459001041249652,11.686891303196111,17.27182865992032,21.223138475805015,20.468705010493533,18.72297963099663,15.330801527269259,9.200721796334147,4.168229444746377,-2.992103564242294,-14.862553427363316,-23.07891853832729,-19.400515347729307,-11.310987315467044,1.3850010402959776,-1.109510016087345,-18.61392659551499
1.4970010526053823,11.825711120799966,20.448043326822802,21.18802833546485,20.439268496401926,17.797397134307605,15.04716018350991,8.870609619728967,3.7723113214751613,-3.048355456329382,-15.10780136681602,-23.371853983305055,-19.833155956439736,-11.342535515478032,1.382001102673284,-3.0703402661445787,-18.458028316778623
1.5350010335241515,11.893138328269266,20.59773407545304,21.13154164342494,20.388365611366318,17.36041845904187,14.306116609135703,8.148196436367053,3.886668087097636,-3.3490207659431768,-15.695967469904389,-23.869219957868566,-19.97031731834244,-11.47147741559103,1.379001045206662,-4.926884400335444,-18.497476784402455
1.5670010452548204,11.992590458100734,20.543700433976703,24.076617970645934,20.23038052433874,17.37523700040228,13.773533463861593,7.8964839488034535,2.5212831768939843,-3.8951618027478947,-16.03521232137531,-24.363894803727547,-20.531139164548986,-11.553010081055415,1.3490010206977068,-7.559854470521647,-18.26669181684184
1.6050009833873105,11.994473433883616,20.55158862389321,24.106971670621036,20.156385002785505,17.68395806354846,14.057303174484971,8.356939448430051,2.328403352459789,-4.527233273595112,-16.912728453094623,-25.051067264865306,-20.858585937890226,-11.714509497455897,1.3120009707511258,-8.920516102378073,-16.095475304621463
1.635000924599212,11.989388409411802,20.37381892240615,24.142582543666922,23.205474158563455,18.08446693079474,15.578819904381149,10.264964150271872,3.8316116615539517,-4.933369117301304,-17.780882349614267,-25.770108246747476,-22.483384318793554,-11.787143354589244,1.2550009293675837,-8.938186407546166,-9.910139595397423
1.675000809925125,11.992968477115912,19.82313607828805,24.470732839421114,23.913503933719262,19.749034885214797,18.86160681617583,14.476908532024993,6.851335633610244,-5.907298076162604,-20.800461309488472,-27.17217301892022,-25.320984643796027,-11.73143088230054,1.1790008180313567,-9.360269023414382,18.213563360350772
1.7149998766168482,10.941205254851411,18.182373230459326,25.790444972253905,26.602899362547287,28.48534223959914,32.17282679808526,34.566671341460875,21.981739195141596,-6.076276888631684,-32.52992929384809,-33.231656951394974,-36.260907314650574,-11.319601940756224,1.1019998711332208,-8.266864479030076,18.409724168511513
1.7450012348655963,13.317531906917596,11.13478115830333,27.57551326314801,22.99518300050505,33.521407093751684,27.75984393646147,26.42949950617764,12.149033095827118,-20.45546536663718,-18.315776535696862,-38.23070941991524,-37.34287586677973,-8.599590814033075,1.1000012539390827,-8.239941490019723,18.45063405670646
1.7450006227606318,8.541172581026935,14.448110961923131,20.416131548529712,29.337357964322692,39.56548494803426,23.83433770857333,21.55757818838847,14.01934959913195,11.13251854545819,-25.943600135489454,-50.87607246264726,-22.767689719125386,-7.102716496581383,1.138000629436352,-6.414496139217128,18.49955575522748
1.7430011451662237,6.88992240058097,9.79144075756625,14.332509364616262,25.8402567283089,29.497580072404624,22.149504141621993,19.152037056218177,17.944537532073255,12.908353214150566,-12.024544721408233,-43.63356319359984,-29.50648628875607,-2.7016877950192884,1.1970011711538489,-5.633708777561964,18.42162116917024
1.709000839796606,4.968685624910925,7.9862974517220415,8.0379480502345,20.313659839641357,29.223541452739248,14.818467831915818,11.625571964197839,10.807109397556673,12.64042204237446,2.8223992981045,-32.656732964526604,-14.623046495972378,-0.502917959703409,1.2650008340745602,-6.074472366446015,18.25317957921613
1.6640010382716308,2.91696428021762,5.4237520634715395,3.9457638649358,13.399508033979757,18.87456336676379,7.128295750611848,7.395521115783517,9.159345462974976,15.260414531282947,11.16874635162446,-26.43919877371149,-7.057109121539359,1.865105024661867,1.3210010137145172,-5.519460582340791,18.05251676280242
1.59400091408026,1.1579147665987524,2.06109088967375,-0.834566160789918,6.7185281130101835,10.99642977946244,2.3208852829805515,4.462606919221901,8.593179754372123,15.328758039444175,13.754904931132984,-18.923719508988604,-3.8370213441013767,4.223518196544196,1.3850008928610065,-3.8204634468639114,0.30420116707318007
1.5040016364792572,0.8138456441228463,-0.6677937411154335,-5.66116166658613,-3.8401938589426123,2.7766314558029754,-10.178567537090142,-11.57051861354843,-4.5251577493113615,11.958209808571361,25.673335666549775,-8.169568113383129,8.384503251432754,6.042029900395811,1.4490016293266998,-2.41648604143429,-17.734875091889865
1.382001424362794,-1.4388863072964488,1.6611912208669564,-13.73900323828624,-7.974503472286175,-7.154086133285375,-20.07038527455252,-23.697889722870737,-11.207944481780427,22.136788596058064,28.549364801270794,2.2173782038688064,21.984369438504004,6.086877658210392,1.5000013952757274,-1.3884606263679782,-18.31545848084296
1.3390009219345207,-1.5892709475807134,1.718583505076916,-15.127363983377046,-13.535566967687696,-18.841512385230807,-16.732458004221446,-18.973548179279415,-7.468243758526132,14.427055574430657,28.226474874745037,17.898415431399222,17.59072680596185,5.540998427864238,1.502000939339077,-1.6981818060918976,-13.527917241459788
1.3900007246727883,1.2248352477860456,0.2096859908819413,-10.809181917716515,-19.631843093079425,-20.506348269054865,-12.3410996691115,-14.125451243133451,-10.527499310707007,-7.842549833264421,27.33494433638367,27.983056127479514,14.684588449230487,3.7304933524671595,1.4990007518525064,-3.6989765405931614,-0.07977539389104149
1.4500001954815638,2.414047461098477,0.736679815077796,-5.2465552567605,-18.3368375193241,-15.299794287001397,-5.17389733661194,-0.9542291991493208,-4.452631661879,-13.17466307780056,8.894057194859272,20.14040918515927,8.66584114519502,1.3749256859353483,1.4480002212307703,-4.274735714702296,14.55375359547308
1.5010001717907058,4.102599429938552,-1.7611219270402207,1.3475064194276385,-14.455781303265667,-9.11518220215332,4.920189495728204,12.094017326665652,4.214826333807119,-18.551933809678328,-6.188685022266499,8.1100902629052,-7.482710979271026,0.998590760482744,1.4400001822811233,-4.316659348108289,16.488140718753364
1.5030005168753278,5.030188768321662,-2.809849816511651,2.473474213669653,-8.859261162637152,1.7987267613992466,7.313758293528266,11.120449989831544,2.3176813094108217,-16.169343310918443,-9.06759310266439,-3.597787982239124,-9.03848843316575,1.2802648421224512,1.4500005137758862,-3.9056446759313435,9.502912773265717
1.4650008074709944,3.7066685165905127,-1.094092580645765,-1.8617626077179508,-2.3785408647143567,6.764595650359843,3.6696857396237768,4.1291291299664685,0.6766789677300533,-0.5023060939076116,-5.299884799784241,-11.834153827047665,-4.103361436017305,2.1237534108253264,1.4990008465716413,-3.0011551057007875,-0.15946693701492728
1.4190010976208314,2.363379793814594,0.30894021763287327,-5.582486140762843,0.09499683029444483,4.345455492564831,-0.31755604317132047,-3.784114775963813,-1.0183703475907322,8.714160511063803,5.260529127584974,-8.238259018979289,0.10367949962832035,3.331846407789295,1.527001078070508,-2.552211969475512,-0.15274347524997514
1.3700007442808593,1.1145434079428695,0.19851431887987347,-7.352351658037299,-0.5820479567536339,1.5302086023937875,-0.2962984670044275,-3.8249421797896073,0.05044486786001645,10.78507844822581,11.338813233609711,0.26503613422151595,4.604200991062393,3.5255067767110813,1.5620007459497893,-1.5703962962298659,-1.4629808813713359
1.3250009571025134,0.1819134549036825,-0.8937197263185066,-5.623765538489378,-4.923060873109872,-2.4027711906583735,-2.6646231715033317,-5.380753430893295,-2.5955319200582405,1.5628133934351442,17.720313263520822,7.519439859856616,6.448012504528901,3.6499061490775837,1.579000965208745,-0.5919576183344699,-14.292352601291812
1.2320013071078224,0.6277418290484086,0.17530523260603015,-5.057188266134503,-7.28255659781956,-5.3636985395240036,-11.05028011886769,-14.819090601906984,-10.755558299383797,1.6333992994580644,18.90575484535801,9.596473923852214,14.484348515561171,3.0257151432029294,1.5790013099688454,-0.6060883583562504,-14.257111194450486
1.2320006924343687,-0.5604278569842505,3.01913849507234,-5.525280468126267,-5.812515646103977,-9.709179852134385,-9.072735947237748,-9.70939767936635,-4.427110820275008,8.935189902024419,7.641580950570333,10.50562917586465,12.128320877906514,1.907065756495156,1.6010007100773436,-0.9070981410724777,-18.228679151142906
1.2320010738590936,1.9205005879701793,1.1110838939827306,-2.6154834781348333,-9.259453220798683,-12.77682278481733,-7.129060396488718,-10.285971094049021,-7.8498838130102975,-7.14230603330709,12.535700184153882,17.587630611283245,6.3148474680299564,1.1967441726250159,1.5630010740975122,-1.054978229188254,-7.936221438258536
1.292000248355803,1.6045322272418483,4.198051878651436,-0.03219568683462004,-5.471684690438519,-6.393006783832875,-0.2561858696689612,0.04276371480969132,-2.089379929533102,-4.41289093452481,-0.1742775693553149,12.872503353527614,6.206477462058324,-1.2401036731209807,1.5150002383422227,-1.0503021678331537,-0.15129875504213217
1.3470007055158209,3.7307764566388553,1.4884292743361076,5.223056960758639,-4.613165639724141,-4.557910866740629,5.9436302101816025,7.583445625747351,2.148756498880907,-15.524051170119765,-3.3735923934407364,7.687539735051018,-7.3653012704380085,-1.5273303908416742,1.4630007021779607,-0.8397375728855134,0.03727753740116799
1.3560006769137056,4.079716723643836,2.716155946246574,6.6602705860172,0.44262660627700057,4.701675640689774,6.667060580640176,6.478218143147932,0.023491644150963387,-10.808348706014709,-9.013699603906808,-1.7331742856792314,-4.8710653851314545,-2.3925518296670725,1.4150006921724947,-0.5804085173773437,-0.11382359461697326
1.356000802599008,3.3804916775950504,3.9881533400550975,6.4075681514492135,5.42018065047628,6.88451418982794,7.453184845533157,7.345789699520369,3.803389251416111,-1.2628745998008988,-11.711752720791232,-8.820287867585101,-7.618722653744417,-2.2567857198771555,1.3510008073673796,-0.31500050112762557,-0.11504150363584859
1.3560008181605823,3.2593171785865596,3.983452377859435,5.645611220762703,7.47030674402736,8.331235660766781,8.825843634377247,6.676784107558582,4.495142223258967,0.12707798738973342,-6.97248325525401,-8.37995652294791,-8.846597476301234,-1.8101242696322277,1.2810008300815112,-0.0005090940927736654,-14.522366564810264
1.3560015055604377,3.712168352794877,4.708484992419418,4.812601383281584,6.420108882804976,7.664915246328068,0.4869587698929476,-6.098359228452447,-5.5451673810470705,0.3416852823117531,5.36395752858212,-5.143577297878049,0.632788876112541,-1.6884209140709503,1.177001485533277,0.29415592007747815,-4.118280595610221
-0.4029997711431636,1.0013628095910017,8.471122262455872,3.3278616340282072,9.964304913979197,6.078763677907592,5.841788645848094,5.054065570214999,6.683417676756812,13.590629613296148,-6.272551780318752,-5.4631470885172675,-0.6610517417012876,-2.4793855472109687,1.094000327085291,1.2381882211923556,-0.12267209739677144
-0.32799897894119023,3.998738982788212,2.9066228429389147,7.167930651405395,3.9693470762413305,2.70428615124545,8.90994668810939,7.056891101999643,4.710751261920108,-9.739187237623506,3.3944976287506745,1.8678536977227562,-10.78288534853014,-1.4486203157906408,1.0920010973527552,1.4237014080849595,-0.1431239668022916
-0.2669992285189801,3.272012347670029,5.207454850720124,7.3512954688925145,5.9394951812902645,10.21819837676027,5.421988590565831,4.560208314069112,0.4683760241824464,-2.2926748764937166,-2.980977758383248,-4.992641752552832,0.7899275489159354,-2.5146771344072985,1.1170007152142352,1.5592860152219554,-0.15447673752325516
-0.2169989977210316,2.7416933324069,4.46594660714876,7.000520535798573,7.052539637424733,5.838358418208597,5.160183412575334,6.517324807998617,5.753820900004292,3.1220152556401954,-6.614901360303979,-9.3097893679634,-6.6823816949570665,-1.4821136811879567,1.1790010299355236,1.7091208511083584,-14.444742128054527
-0.1579985419699569,3.5442209239215017,4.119622111720453,4.781363559319621,5.553916292193502,5.073137116969012,-0.628681416162526,-5.77348116305822,-4.251688477012358,0.9006600812861532,3.3085005379648766,-4.390133802995263,-0.47011570367025124,-0.9397974712501131,1.2700014313271617,1.8283653273862015,-18.15994489899047
-0.09699890153961294,1.8601093198462393,8.28773879303954,2.274949893917766,7.188454346211412,3.2266571644766016,-2.0127816850307667,-6.290640890329556,-2.622608799712591,11.686585206212186,1.3404958281326502,-1.779356336113198,6.411447637149186,-1.897741155314408,1.3530009673301686,1.8180031527124023,-12.963788723128994
-0.07099917772504286,3.1294467884492603,6.789621458211359,4.378222486838082,4.084336163375989,-1.991821703036832,3.05707080172561,0.1812386754153188,1.6635062581791296,-0.07645799103162076,3.4739363054026136,5.457860130563695,-2.8514391709860982,-2.020971405465646,1.4140008961847166,1.7271093943181794,-3.9126405846246155
-0.04599935988786535,4.3064922391779215,6.536793360677794,7.796366812060396,3.225262052736408,2.986842832302063,7.60659885951952,6.512637392093138,2.2116700136737197,-8.50024431149965,-1.9314314153568652,4.43665829869086,-3.5340459509882294,-3.2270900542497625,1.4610006691992012,1.4995805245881284,-3.0397393240137696
-0.03599901629628494,5.270448323037039,5.732136849419073,10.719494456331788,4.111040488881769,5.450731137347727,6.799815045751828,7.099033730231513,1.7232768272032821,-9.718292881899647,-6.8745677016984885,-3.3926525750894516,-6.433951061469319,-3.444373046586108,1.5010009841805523,1.3004255705163144,-0.20961474019297185
-0.014999372988741298,4.476805011568307,6.763349475826056,10.039344494659145,8.492646848338996,8.761516812591523,9.077509052106068,9.894976955869657,5.892269994081881,-0.7745960366574085,-14.860742713270554,-10.772888438303237,-9.22430287844634,-3.406011513897422,1.524000720948179,1.1204143927986414,-0.20197416087757827
0.005000997353558325,4.827240347064836,5.728889050858882,9.505280069653008,9.411405292926483,9.70755715386003,10.280033313066195,8.976227186283307,5.700031208547985,-2.1042843933735313,-10.008548050216056,-11.144247464396841,-11.796197441786557,-2.6046603178784737,1.5600010045061161,0.8732621241967102,-7.505189722146275
0.026001244696938257,4.613248994138834,6.648933666713182,8.033105924389416,9.899836191585262,11.205247081725556,5.461881244932123,1.2805662786552086,-0.14025132694397957,1.2040543627518132,-2.633844895464767,-10.698984685613905,-4.316877920395127,-2.409505910972813,1.564001232299172,0.6957626904772507,-18.194798864960294
0.050001392599867946,3.8862507649294393,8.490845398536084,6.1075527230877915,9.716156227275711,6.948192598004722,-0.48760842223947876,-6.131788546268508,-3.5014895607679524,7.488576628239278,1.848933757954799,-7.870254541167107,0.9637780873445024,-2.3253493176777122,1.5640014507740014,0.39273494309955037,-18.17427901002715
0.024001057434063174,3.3215670469041854,9.95160262489509,5.391651895393382,8.859013799284885,2.563012273378481,1.2043577279414794,-3.44162246605633,-0.4529411671479979,7.675050213137695,0.12563835487397057,-1.5747243507268038,0.04982846339864544,-2.8492982349290052,1.5880010083198357,0.05400458378140449,-8.78228329870389
-0.05499931068688378,4.4275999161195045,8.781810184265066,8.421583862878453,6.319498394012236,2.0788938032648443,7.113458751122722,4.990712611139108,3.0677751706036833,-4.086604187692966,-2.078780872297708,2.596669555276052,-5.506994978837416,-3.6446743246321773,1.5540007462951566,-0.07023528190878725,-0.5746766347723238
-0.17999930884082865,5.589349338646778,7.393572742237187,12.169991573074103,5.998242539362355,6.474617978487303,10.273007343078744,10.544628197702783,4.015501943912605,-11.233456991474803,-7.204095150769637,-2.3475693311736543,-8.879183860014,-4.336623538411194,1.525000763876838,0.0795943080190904,-0.10309356099603256
-0.261999076658586,5.787355453419464,6.969048564409035,13.213809976845107,8.537560114226205,10.231438843153287,9.747694018990902,10.302207473452281,4.087847196387796,-7.469278060872657,-12.482803969597857,-11.315300518327716,-10.829476460853751,-4.2422328936428775,1.5010009943901506,0.2773112887810245,-12.116234915009269
-0.33199856925793153,5.58021353071177,7.735739032221597,10.968935453773387,10.74684124571941,10.617068325334351,4.472817114869715,0.7724669878122068,-1.0446696920304572,-0.007416399822576025,-8.76213915981435,-14.198388851752409,-7.231325629795094,-3.7325146835682244,1.460001426450534,0.5482833755069789,-18.036176484441235
-0.4299988873362572,4.164972161350976,10.688561968678906,7.7204284764846465,12.950465270177105,8.710674964344792,3.362487781704205,-2.100849045464848,-0.2638280492794136,9.627938927940232,-6.152176429046285,-10.907792321831042,-3.140462566336616,-3.989478912214297,1.3960012070775,0.8551784194072849,-17.575997984336777
-0.7479987200179571,4.713637684513368,10.501400234106953,8.359013506963588,10.602963016996743,5.032314831620178,5.442835373399784,-0.47941422249833643,0.409524502445926,1.9793513956008715,0.7730038951012403,-2.5539150766747447,-5.294689217690131,-4.2810659196725664,1.3050011936745172,1.271837330203823,-17.579172216370278
-1.4709987623811058,5.474791788735178,10.861916713210995,10.796808657353555,8.806903057438703,5.769116487426155,5.024901681499759,-0.41388426659834643,-2.321561314069662,-4.5059626578410175,1.5699100488908169,0.05837366537415334,-2.6373874427581727,-5.346108218914162,1.2330011741995517,1.8594094341134166,-17.6112388208772
-2.290998696335428,5.548143295278733,11.667967257152958,12.974195241213994,9.470528664153719,5.492119165513204,5.001904404685632,1.595763473892756,-0.9202391301486301,-3.905720060495735,-5.140658204445323,-2.993594292547293,-4.388119892201864,-6.226654062582108,1.201001168242819,2.469141830109339,-17.20687249842833
-2.3559987918226675,5.540296859842643,11.81211829092844,14.365605625731437,10.80660780173319,6.047487398072744,7.346224274415453,3.999765798704564,0.9028432407475471,-4.801670705025785,-10.058170210084947,-4.968809627398793,-8.639168997827742,-6.753238511346379,1.2270011528642222,2.8211455368583715,-16.667917855937446
-2.303998739055488,5.116392487315695,12.18554470146692,15.553501825347826,12.460188705878249,8.680002358582225,9.511809752895076,5.406612366869695,1.1769385493364553,-5.905372865196934,-11.235745486743363,-6.801862059349485,-10.044388353870591,-7.373298964757751,1.279001146026757,3.169473503443954,-16.15721855569528
-2.303998682792813,5.46847153986252,13.013674497905694,16.690222641868807,14.437654944459377,10.917535953368482,10.949431249595614,6.527088169855005,1.8709497060950504,-5.483428339384428,-11.560139375014217,-9.419421989227388,-11.44914798251811,-7.853670859929331,1.354001190368503,3.234205215089668,-15.886313993680629
-2.3039986345787424,5.855480881083519,11.980874979743046,17.421117020461136,16.272034558716253,12.73828723071119,12.092998742919983,7.281460811828031,2.6457508954711173,-4.623950180929274,-12.363818023975956,-11.68111253889895,-12.828836375601679,-8.181919757778633,1.4120012667159658,3.6241881103801274,-17.520038500417446
-2.3039985285422095,6.179904589620204,12.542752394117807,18.169109948782364,17.639683652967083,13.944033743666955,11.971906620157236,6.35665972287614,2.080495448938848,-3.9644836354699358,-12.158491542926804,-13.055118492448788,-12.85170701110819,-8.432733633182554,1.4620013846734279,3.589810493722565,-18.431437368573782
0.9640013334235326,8.534158958598987,13.654592747173476,16.755470903016317,18.547221078264215,14.53863246350754,12.015710622413282,6.337776796777881,2.4973795146276316,-2.001050903088572,-12.849667292498676,-14.17299877134932,-12.68447171852582,-8.78417321719612,1.4980013725241794,1.783818366211722,-18.445904238725277
1.0780013421064332,8.734004075793196,14.015816864247675,17.318487615819734,18.877272594148586,14.358820853478852,12.467593391176589,7.085616121450702,3.0810870102984484,-2.559048311755074,-13.024048641375774,-14.599805979966522,-13.894597111111825,-9.100838396478864,1.5260013261323884,1.4589509987931164,-14.309874384193021
1.1710011961044902,9.469262244614779,16.345584934532933,18.242553864451935,17.77251116479134,15.309723890630309,14.98760702904196,10.62611171975384,5.568998243672899,-3.1961336847774753,-15.50657413010114,-15.88487276287902,-16.347303136477784,-9.42271417421326,1.5310011806072825,0.14209420452981503,-9.676058598680273
1.2500011977595917,10.038296430571933,15.568248197766852,19.544174172281707,17.847970908112103,17.331889226342884,16.982411438006533,13.403129056773274,6.907830147167438,-5.92861726490796,-16.923898482159615,-18.333298666189894,-19.247685194699038,-9.43534232927503,1.5360012111110322,-0.6289886189089284,-6.7133538445769085
1.3120011963477594,10.085315476756133,15.826984580373907,21.67893256489221,19.014257654294557,18.124470685347912,17.67632197416976,14.54443686564386,7.301033206336873,-4.790065866317313,-18.606203094797117,-22.5386650064314,-20.083930667606552,-9.216025972788769,1.5350012161365014,-2.160023208219018,-6.014927101796661
1.3610012891335181,9.726038402901448,15.512895398307066,21.236459742859914,19.909908482779596,19.151474451241285,15.27506595791186,12.161167300265786,7.737919484538326,-1.4775962344938642,-18.515958796610484,-25.747893240576172,-20.30291529514877,-8.638920690699752,1.5340012970013313,-4.527071529082926,-5.017689384409498
1.4000012048365746,9.04035516800874,15.144874437688241,19.77174628083401,20.060126654183904,19.462851486738998,14.702557381820622,11.590423924971375,6.62165408065276,1.7858134973206676,-17.228965183171518,-26.74259645229141,-19.705160792699548,-7.967178694343179,1.4970012076975976,-6.234381935369404,-0.33636912437426
1.4370010762547947,8.343529651552876,14.170365402204133,18.438885840364488,19.295087966990387,19.34647683226106,15.928357475797224,13.70882080356942,8.641638329921209,0.6910914448969856,-15.662590933926822,-26.34711610713238,-20.33318294465212,-7.1706030110068095,1.4720011024808384,-7.8869890667630385,-0.239288903492443
1.4760013074740543,8.214540291541537,12.320666714769676,17.296135613474974,19.35842093278113,18.91503390769518,13.77998636180288,11.120306570900008,6.217320999619744,-1.5147403975675076,-10.67492025448638,-25.39270099412853,-18.47651912929136,-6.169333575436698,1.433001324640192,-7.738864495005517,1.758562025307366
1.5030011314406435,6.913843579305863,12.050225460146752,14.853156185354596,18.996478603595428,20.082644319782688,12.475287972559897,10.844353216762308,7.232574323750281,3.7712712542486475,-11.114831533851243,-25.97285484362115,-15.747323899752885,-5.3586885043967145,1.3970011550440828,-7.095185425894433,11.702284651242632
1.5320008924546868,6.021222163075074,9.947349254449383,13.22742699376077,17.528475155670275,18.6805455723459,15.988666936283959,16.725161429290594,12.606366948708018,2.9552940822255813,-11.584428986851364,-24.48907020121513,-19.664781107047137,-3.981880922465873,1.3930008938851983,-6.96970496717774,16.777844474928195
1.533001058244892,6.024490375796584,6.4637024115835775,12.138873901274426,14.181156336969662,20.17740340486032,15.263443607555661,15.947649500875752,10.32753982545692,-2.480058944034213,-6.829940139649569,-23.414162420703676,-18.137774203720845,-2.357306492986109,1.39200108542461,-6.8381924120092314,15.487217798002426
1.529001203676289,4.474758345242903,5.2162889865468856,8.728583383492726,12.827589202599661,20.134557547085745,9.827823391153604,10.907586689335162,7.659922817367807,4.759383325876865,-4.125929716134284,-25.799992999661846,-11.458494893737985,-0.6964941328903187,1.4290012096367535,-6.304156430739136,13.65726930433871
1.494001233089635,2.601537666884965,3.6631240099706464,3.7977394986819046,10.817190653413267,13.767548709542245,6.270221158853584,7.2545311987491345,8.07792187911934,11.22216598636632,-0.3500780860660804,-23.132791247745484,-9.122134645212743,1.467037593326111,1.4590012068635914,-6.415735248805567,8.630515435441765
1.4660013445547306,1.6158153477959463,1.7157065433673786,-0.6985497642585274,6.047609889567635,9.084122663648273,1.46449483009479,0.4868258284071487,3.4824430336346524,11.270193747760572,9.288606026859295,-14.769051652594207,-2.770235135597467,3.1974734049307356,1.4960013159445011,-4.992970529974665,-0.06483466701097099
1.4230014552577823,0.6096542729383652,1.2067258037553472,-4.570578584133692,-0.7326318952472199,3.2380199935459855,-5.798157790866684,-7.942468283470626,-2.7461169060533592,12.069323761531628,17.538327201125444,-6.446326413979499,6.508033686658241,4.156248361562251,1.524001466225037,-4.857756316414539,-0.6733642797329514
1.3850011155133537,-0.5734693244628835,1.162582522744942,-7.120886405024281,-4.482541693756394,-3.5172874349946426,-7.224251302922153,-7.3616798923520586,-1.4638887271665801,12.74107026584047,16.834310647061102,1.1245481131546562,8.715753709763039,4.466324564740674,1.529001139116793,-4.60722259328219,-5.140300122980047
1.3590013905590117,0.4944420769422446,-1.0140788976503932,-6.924478933321291,-10.249208333911298,-8.865013044097307,-9.432209545776235,-10.495258805391135,-6.153433640219559,1.7760059665472632,20.906549850448016,9.612542086189135,9.250409205588353,4.615237724488368,1.5490013583725035,-4.452409531994783,-10.183743027242587
1.359001218697854,0.48260063521857344,0.26609255028900103,-7.105004858871595,-11.712163293670322,-10.179875450135125,-12.073384977703256,-12.928639453195643,-8.98239076797587,2.408424299942993,16.91334380148472,11.64390198147235,14.41216601723182,3.5622996751808698,1.5540011817429742,-4.141827489321643,-16.709594993353562
1.3620013490783855,1.3301880684325882,0.7031579729114759,-6.349362743378145,-12.776855052583478,-14.366736543365146,-12.857749639542641,-14.442313324639622,-10.131195713308792,-0.20315141766272404,14.992685296093423,14.432766824977858,11.9347221815476,2.79782428707753,1.5520013466941998,-4.252043265030682,-15.190054282970943
1.4120009308435852,1.9691269282694375,2.5253361037491873,-4.740818333330725,-11.466143206423373,-13.562407222351405,-8.224839215676074,-9.714924352395915,-7.697465225413598,-2.69472523082667,8.88765934241857,16.207899942149663,9.531668970348074,1.1224156472210807,1.500000930366748,-4.660422961637676,-8.882531256631962
1.4620008844352246,3.7093735611238428,2.5030131690226787,-0.4107635071103566,-10.500961771425946,-11.119909051400455,-1.864772454125788,-2.248345937521538,-4.361273935312635,-11.102029040737769,3.574396881967772,15.016758034220363,2.399254565849674,-0.3318225281439715,1.4460008520102978,-5.124750698973942,-0.748727870760156
1.4990007234631213,4.894847090497061,2.8951920030163505,3.779311631103022,-5.304845222833023,-4.440667300259447,3.9623214509733002,5.0140668567471725,-0.7949523951321358,-13.676081969760702,-4.507732159824494,7.42636926968043,-3.0207316012694463,-1.6862613372670712,1.3730007363377246,-4.998598442274285,0.18149822605552401
1.5430010552158144,5.8448344413226785,2.911768752205389,6.404662441258615,-1.0192561608831774,0.9974885498696282,5.5691846006979215,5.879087005560262,-0.20119220831143103,-12.388473840801254,-7.983383233197804,-1.410078309148621,-7.009820927865451,-2.0928914224718143,1.2980010206451205,-4.922495087592123,2.047683550799175
1.583000883589723,5.187787914457174,4.568896527236888,6.249749386857271,4.644771967940109,5.922069312747755,7.66076441139823,7.522609635036214,3.060445663400809,-3.310450955359588,-11.92773939620779,-8.41071864397308,-7.931725979276143,-2.3173683337209487,1.220000907908418,-4.766268739872926,2.9615300322573037
1.6130010760982922,5.186570943320875,4.314944517543253,6.221923801005644,6.803056820913547,9.000787745865965,8.883442913194406,7.484980933548228,4.27400130394445,-2.2331171337256976,-7.352672172569489,-9.523540884715398,-10.404647275064278,-1.8193677690351109,1.13700109493336,-4.062002907810195,13.490409922108803
1.6530006338689118,4.138862979354818,4.718548203212095,6.043905542724209,9.261759492110398,12.632652439453102,13.153645816122655,13.923214914573661,9.836219850119337,1.298879923067883,-8.702646754811832,-11.536547752027646,-11.158729619008493,-1.5676688278723536,1.0780006457898408,-3.865382461666891,18.407739528299405
1.65800102786908,4.471058874802368,1.7532992091144122,6.947811840662041,7.805965599639656,13.823304025312604,12.741752360293876,14.203467492627226,9.466372749952807,-3.7189015451902883,-3.436155286458007,-12.926573452991352,-13.031975255284678,-0.08827729031375631,1.0760010107029423,-3.525589294017013,7.413598020835021
1.6870014684986625,3.4690397226395144,1.6174640326953398,4.1335572497110675,7.324296696061369,14.254573693576265,2.9659913448262856,1.9685351230919501,1.1724260123142685,4.050845017816787,2.093688538042464,-15.347688489567137,-2.2433457220064668,1.1879410162658364,1.131001444418386,-3.215944847145222,18.390273001995684
1.688000500381343,-0.13444610368307863,3.082254849987722,-0.42669538410523167,9.449546980831643,9.386329362958069,7.24328527704672,11.461339833776227,13.776933272069943,19.309393785034512,-6.751716536723606,-15.560715829001484,-4.540853234594959,2.3363501271454554,1.177000492990367,-3.3536987692562925,18.297626584294218
1.6880012865844973,1.7548160063792269,-3.533033822719985,-0.5512218310753463,-0.23560878494518178,5.064917439611408,5.898162779528896,6.942044968380156,7.20453316989536,-1.403703316970578,10.839657267683357,-5.016209330749934,-7.712276529485642,4.7862835993675965,1.222001295882822,-3.1508498496046324,15.06843389953656
1.68500096640703,-0.49589428539368274,-1.7397254950816432,-5.707555594218275,-0.6805735815726095,8.253543155543735,-1.6280198867400557,0.2897100827548087,1.471697252769065,10.138436169657183,9.919920153972644,-7.193535906911121,8.900427792953524,4.941016971458266,1.2770009740364245,-2.643484874468462,0.5299804226650091
1.652001742753497,-1.1047630540453364,-3.6326898561683008,-8.833043968658544,-4.94392159726204,-3.1331626282119274,-10.751439114779512,-10.282600037493008,-2.7172271261923946,12.426023706594762,17.3829109792441,-1.9916475013602941,9.106166203440052,6.922215604738412,1.3130017561049374,-2.288998168006476,0.06875218477946742
1.5970008140902694,-3.012260796434701,-3.172466225785877,-13.191462635864026,-6.25117503758423,-6.719992206847047,-9.693279694148925,-9.33698989889138,-0.957944493459717,17.884177305502593,14.167068903290758,7.032544038574181,14.598671091724238,6.734654007963214,1.339000797877806,-1.6627274475799698,-0.020198845226904814
1.5970011975285734,-3.0731854723025185,-5.89645888562578,-11.53098121231082,-12.951426464470025,-12.670375251374331,-9.255791168109099,-8.873904172520811,-3.5731088009771046,1.3689592329885176,22.38679730016892,17.52677257668952,11.892988229763274,6.9070579380781645,1.342001202296945,-1.01895185072633,-3.9520614493202006
-0.4239989556357728,-2.4551226266330133,-4.855733437357856,-10.423385413575435,-14.451087823905944,-11.708399954376302,-12.354038513669991,-11.876894137684296,-8.52257350436438,-0.3377309114214635,19.723307529977276,18.138142047081388,18.085038393032377,5.721174646939435,1.3500010930016169,-0.025942356110656206,-7.223314628461127
-0.30499890622869485,-2.1269216040898353,-3.8628780701334398,-9.496987838321008,-13.826356720464144,-14.785832866200069,-12.315640292706622,-10.829622873362558,-6.5330764544589215,1.6291499469421442,12.872164690305567,17.05070167954444,14.612443366839399,5.0576688883775835,1.3530011457465554,0.13856347858605167,-16.706680767238634
-0.25599872914562505,-0.6710468878554183,-3.095933121967958,-8.575869436935374,-13.975012572578636,-15.727473745158282,-13.423781619169894,-15.543781284113784,-11.24285736264066,-2.541510548164105,13.916461828034192,20.30566954075149,14.85872022502673,4.062488928725061,1.3480013028024644,0.3637331326930937,-18.016966076389533
-0.2789990801548793,-0.5250031061872147,0.3511036734435429,-7.198492075948719,-11.141004396047903,-14.579151153751635,-10.643118234427611,-12.435231645413644,-9.06893799438761,0.4030136221344307,8.623600251889595,20.5852319269653,15.337537820470729,1.9607331758334618,1.2780009608531162,0.6407726848171138,-17.998933366139333
-0.33999878356146257,1.4312329940656525,0.6222405981364931,-2.9793542735175054,-10.446591073842711,-14.77877976359942,-6.47903058646828,-8.748061158534608,-7.7714002878472925,-8.60458959328082,8.243788437675974,22.056092601673274,8.126347089104346,0.4842980655994641,1.1860011201174314,1.0182329925554279,-18.00671444794574
-0.3429988998838574,2.614992103085319,2.974193895359301,0.9519527013200353,-6.910656122066168,-9.429085757007686,-3.508882140836551,-6.211456554555539,-7.963523934810858,-10.236022830574903,2.144950005925562,18.270985545781087,7.535629751253122,-1.6656027750363345,1.1250010352662891,1.3100727807339885,-18.023592856345598
-0.30499895899873736,3.5992535362309512,4.786905875436114,4.877830131265829,-2.6097383029906425,-6.454954896018692,-0.33564396936167995,-2.5797143181677527,-5.09962084377127,-9.644696536527782,-4.422197028061436,12.472955779905607,2.174671110623976,-3.1859538924459,1.1250011077584647,1.54487812669369,-18.047896921080255
-0.23599896312583826,4.626681166363042,6.485732454388408,7.93184017625072,1.9767881302406778,-2.1183365363844198,3.3797614096870703,0.12477907895244655,-3.238269243963277,-9.35010670011944,-8.568241052366627,7.876040388583638,-1.998840074338137,-4.505400324662263,1.151001120797501,1.691858418053064,-18.073966374547837
-0.1619987691246187,5.527157185366914,8.241602504244206,10.729311406979411,6.277435806125084,2.2284439981664663,6.222459646867964,2.183295325429633,-1.879269094813683,-8.545915334687017,-10.394829131102147,3.4801555639227004,-4.484231425856441,-5.688619481206037,1.2250011955894315,1.7892972904487392,-18.103628265121394
-0.09899875521808373,6.261813570238001,9.942987933189187,13.181451986725913,10.15895910198059,5.709492807890468,8.376977962441726,3.8615733799576386,-0.37300550153354095,-7.232951837707429,-11.792075011736742,-0.6462701391664405,-6.949359548343455,-6.642389633685745,1.3170011937603403,1.7966543688868173,-18.125414875851238
-0.0589987395025616,6.8719637692915905,11.511395039777767,15.162153952479859,13.407686099837754,8.630011459919716,10.128697754970483,5.261688509173991,0.9390446276596336,-6.009033029232995,-13.234296558609937,-4.100450866658424,-8.959693140160166,-7.44410984672003,1.3850012662194844,1.7756117964846339,-18.14910052034502
-0.02599871256970494,7.362103428130168,12.860087328908874,16.904314904437722,15.964196241499101,10.965745664662577,11.436857189021268,6.405440950703163,1.9972829195501483,-5.0206036916878,-14.409387490578682,-7.047027706105366,-10.542108713892825,-8.109631713169307,1.4350013127026648,1.7194381737689088,-18.1675602900839
-0.008998710149508891,7.744114397801571,14.031159237039141,18.4306927707849,17.892674651636618,12.773244450936946,12.38637886467049,7.2865080514639695,2.867100489523498,-4.1552821912490785,-15.173892522402966,-9.6211392069328,-11.933518773682422,-8.663570599973077,1.4830013332426726,1.5553650264519825,-18.182148584025885
0.0030014091944021086,8.056885882692358,14.987041027644377,19.682204997549928,19.401033491571567,14.163198156588926,13.1161462807518,7.971823225647906,3.5475667002253832,-3.473026201097607,-15.686660591770366,-11.781123764187848,-13.100839199650089,-9.118663348938554,1.5110013956045432,1.334804843982453,-18.19552146675511
0.003001441043799445,8.31630214977056,15.779496745785723,20.698874360973022,20.668005831467028,15.372840622283585,13.641649471480124,8.416045208987903,4.005376942969571,-2.9863833478702944,-16.078791447726495,-13.566406864904058,-14.070631879964132,-9.483074755636235,1.5150014057578498,1.031749398690291,-18.191788364994814
-0.02699850586352875,8.520989937560529,16.426999586163365,21.52379142113884,21.65373245026275,15.97174549467803,14.137370643136293,8.693769670912674,4.318267445812406,-2.6366320381226593,-16.404238329155877,-15.06930085518379,-14.875244974439124,-9.789999749867322,1.5430014571815915,0.5995999961177234,-18.200109695131445
-0.06399842380384808,8.68456323520303,16.93253117120085,22.150876568109844,22.431471900544246,16.690298807919692,14.168485495805793,8.9323296682054,4.416887062361635,-2.448938073104994,-16.666727718406054,-16.38514572746449,-15.570285631244463,-10.041718593131778,1.5430014801134646,0.013048554220201236,-18.197275356657244
-0.11599845324531463,8.82054711152008,17.33167828617951,22.626744164128887,23.00946373630404,17.29329627517109,14.447419273469022,9.220203296814203,4.573138879099599,-2.375209575907867,-16.936659775401687,-17.528153659178706,-16.216803643356755,-10.26560449740133,1.5400014754675302,-0.2957977706748618,-18.171545903657893
-0.20799843693746248,8.94085376176361,17.625504268865864,22.95617250474592,23.46277307380388,17.821650743214317,14.77708087215269,9.482965501819141,4.74769944494398,-2.3115519961533444,-17.086087663080825,-18.45790138468054,-16.83396143787638,-10.4474749678592,1.511001515140403,-0.3748253102480503,-18.14442042266448
-0.32099856706841007,9.024799498159238,17.90920908510821,23.203135637633036,23.80727766013502,18.34752943653812,15.094397907869677,9.68260872627212,4.851127947775771,-2.247172935739165,-17.074284827708656,-19.230888007898308,-17.29264892158554,-10.61833089200379,1.4860015335442303,-0.3128378869436086,-18.11045892844342
-0.4939984015894328,9.081523463600714,18.132162063229963,23.37520318346483,24.06187671896329,18.778355687135242,15.36812661400915,9.836476360927747,4.964013345964602,-2.1780663166190006,-16.886428219951952,-19.937292674308935,-17.6824672608563,-10.78680257188029,1.4340015717076864,-0.10978433415243316,-18.080691442446916
-0.727998343217616,9.100401506258113,18.3147758126835,23.52501509182954,24.230121527524307,19.09614419324772,15.564133953619846,9.947458917349849,5.064926336577141,-2.0737980934432834,-16.608372311214666,-20.42791069749951,-18.067325125649713,-10.94555163554203,1.3700015871641598,0.2316464129508966,-18.065354843132113
-1.1019983876491497,9.05208526465991,18.459490034284627,23.62537802491952,24.34126252865253,19.34157728364773,15.712221736914683,10.003607007453873,5.116997554033755,-1.9916310937789863,-16.23794748694215,-20.751690520397318,-18.308091761182474,-11.14633827168012,1.2840015899395043,0.7068234158550739,-18.06867809823117
-1.7909982494641576,8.935691673148312,18.56147980578193,23.690777071634777,24.391713718563693,19.519865726886145,15.803946015326524,10.001900175776328,5.139176926089098,-1.944019094077241,-15.828002109191399,-20.95371003066641,-18.42845147147078,-11.274320945134253,1.152001649923202,1.3268683156455308,-18.09399189369287
-2.3239982103030905,8.718055299372754,18.608318789615588,23.70187448733677,24.396774357427397,19.63586843053414,15.84437364643,9.956019792116942,5.117034864311914,-1.9430956142320674,-15.408076556190938,-21.05699046778997,-18.44696818775542,-11.310299263816823,1.0580016995746866,1.8533954154419217,-18.1350410504217
-2.34099838160583,8.24206172208169,18.573363861335043,23.698607655789303,24.347439700340786,19.688449510314204,15.824177484463055,9.889705463946939,5.059904310468605,-1.9518694624402642,-15.064473427162788,-21.127597074565138,-18.389224077982014,-11.30849338983613,1.023001700410161,2.1840078756474073,-18.187630907086998
-2.278998083443947,7.500789180472591,18.706608060405085,23.64527452757026,24.22982413912438,19.674616706923143,15.750427135221267,9.81611751654584,4.985816242778404,-1.9813287851269727,-14.836248628300787,-21.219239063429733,-18.33846944722943,-11.27212040508172,1.0490017468020256,2.4076438658812966,-18.24354834497813
-2.278998060772956,7.499480520845086,17.935846695218874,23.480330515533392,24.035949443053838,19.610820275280428,15.69435235961938,9.76587764996336,4.931160989696495,-2.0564448466981133,-14.713508104586413,-21.33931685604813,-18.35670951718552,-11.209744794567186,1.101001755644739,2.6724309024900084,-18.33449243726767
-2.2789980344547467,7.66096003496,17.10430222050686,23.18330858329852,23.82064523897731,19.535607352883506,15.65558625736492,9.678515838789659,4.816299019316181,-2.1802210152119432,-14.58695408855892,-21.425031414123083,-18.39340872734717,-11.160379645777777,1.1820017523990445,2.8531276374482895,-18.430314442249994
-2.2789980130834735,7.747857244940601,17.06365728364718,22.71578814845977,23.53604662709551,19.468860708027957,15.585171840806613,9.54823483024143,4.686791039699521,-2.276760961872931,-14.511967489155763,-21.523425423641818,-18.399685007288273,-11.120961405580706,1.2550017875985953,2.8039661473079187,-18.49505904677413
1.3950017893546731,7.831336851411521,17.22402466191686,21.66511709800758,23.114725873790782,19.441333981480096,15.503686080085359,9.459742461366845,4.560873470345955,-2.4043933193497917,-14.51888632495692,-21.679414563070253,-18.494879600214876,-11.126190754413525,1.3060018027061135,1.264789310681158,-18.532216364375305
1.433001816480949,7.871643687450128,17.241093944135255,21.50322720113803,22.874644826901065,19.118141169226824,15.305826549577642,9.451533092111728,4.424003425179342,-2.4532800311006717,-14.952682902221795,-22.123757657271813,-18.55369592956805,-11.182591699488087,1.3340017797644879,0.8848091847087844,-18.566969834804564
1.4750018437312395,11.359943338356754,17.178675459195976,21.521623512502146,21.159035823908372,18.67713137018457,15.277293148845192,9.354261734659268,4.384458337793257,-2.704893585852375,-15.213439256350387,-22.398874893518304,-19.168371336304535,-11.190977601620752,1.3530018051074297,-0.6478747104832616,-18.546550379159118
1.5110018052132939,11.514020775950852,17.203160746065148,21.440824367409807,20.831053170587623,18.918805492859782,15.0688531479779,9.080227285379825,4.056645545478305,-2.868596236640723,-15.596288852466206,-22.794985094566854,-19.19306452450135,-11.28526160654882,1.3570017911465977,-1.512931970992922,-13.80421411397951
1.5410016241765416,11.4073483692416,20.26490959640922,21.543473358713157,21.356826501590064,18.016298945221198,17.685414570076965,12.951319181804639,6.580805008480651,-2.9140583236494564,-18.26294297908587,-23.9595113473342,-21.645381520071336,-11.34357491887657,1.355001634666959,-3.4563828892429207,-2.352414860049204
1.578001352877468,11.44129647010829,18.93505681213591,22.427340036109776,21.616980402657802,20.489735071066047,21.491132231719977,19.368204551425382,11.853000561150893,-6.012209198887258,-22.13288152088168,-26.701089448484744,-27.019199332857877,-11.07616075269246,1.3430013385723532,-5.78035231431963,-0.4522370087033376
1.607001708617235,12.014436787250153,16.42529598980771,25.84557275688983,20.738557192112737,23.77648036780481,20.196948226385675,17.51147829666597,7.754274164706288,-9.221846849822661,-19.37605050604161,-30.949403989869538,-27.14997896623229,-10.162664934993833,1.322001741995836,-7.219627874711027,3.6771321812687603
1.6110014408776623,10.064282802386368,16.781580088696977,22.972921482334076,25.85772213057838,26.436505534572685,19.90599736351186,18.710096003234852,11.00094003268813,2.629361824904791,-23.818013658286546,-37.37018095852494,-25.102428384176775,-9.241205710274517,1.3200014322945934,-7.0035508198704575,15.911037343810145
1.636001285203099,8.933028334978557,13.829951575102779,20.57131125397801,25.592277356604363,25.9853868776619,25.04827952729436,25.501693857089492,18.180878107842837,2.8179080612329512,-22.248577893299352,-37.1820460038246,-31.697185410343394,-7.080920012036046,1.3180012964087722,-6.783810437501825,18.00765277144861
1.6330016404027636,8.74799786045579,10.02868993476609,18.15978070749443,22.005938050143804,28.48443776595923,21.65472612251743,20.14139676471232,12.249638290798615,-1.816696792417261,-10.666453925261692,-35.59109310777778,-25.954130556839566,-4.80019720544963,1.3500016778344806,-6.548721104858267,17.978256114523248
1.5670015934637882,5.870530679512027,9.441482692887472,12.900022013676093,21.219366825643547,27.54367717906034,15.26255804766626,15.638848621785517,12.656792843600535,11.574472269913734,-8.271573263914846,-38.009281572046284,-17.085900695539884,-2.6920046221718907,1.4020016018084385,-4.8284695330722665,17.92781152830638
1.50500171688551,3.965192824754266,6.1543923276522285,7.2012924875927276,14.973069759857577,20.44289917243003,11.840169960415189,12.100507279518752,13.259281178079235,14.578818150011834,-0.9519101175050295,-31.86805005489252,-16.432564007127834,0.4096838054226315,1.4380017450189024,-4.456807480893,17.742926569896966
1.4270015894934598,2.2916150033724882,3.5633455067157502,1.735651724227857,9.234136150732432,16.74904371441752,7.638798327217877,8.446157134458076,9.936117343687108,13.817759168708804,7.718406302863023,-23.15658490856857,-7.769352434513824,2.5068967765420114,1.492001587109274,-2.2438998381397357,17.71357254958914
1.3130016882130422,0.6718799923251675,0.8407060802682533,-3.6440674332421192,3.3690363136510406,10.832580014153073,3.3094356386104877,5.125075515252885,7.932944825911775,13.68273455638436,13.960212398735155,-16.442215054683356,-2.039546002074367,4.515824804016379,1.5430016774842061,-0.7379666056934131,12.120845669044717
1.1750018613582134,-0.4242180122556274,-3.3751916759838707,-7.410651605109159,-2.742034248364611,4.092331166226977,-2.9334273146863517,-1.8754877004401536,2.835484758577131,12.289945398366399,19.966184233078824,-9.00393953169354,4.045800390929685,6.319441927178467,1.5910018401389598,0.5270476927775207,-0.6591987681077767
0.9960021063378965,-1.6140684876609885,-3.797130864482363,-11.657875763544709,-7.959885582768704,-3.3696128635607074,-11.605052472581184,-12.658424996371235,-4.89026384950197,13.950663106777725,25.530748260411805,-0.5482578872724737,13.731019743939035,7.326548455504401,1.6440020486406004,1.17152891339886,-13.870889383515244
0.8400020633273256,-3.8626457656476676,-2.868265282984067,-15.132038971171529,-12.828029625461687,-10.998424432195078,-18.072802527194444,-20.78332187103831,-10.13465370887018,15.028486334825956,29.19240819158844,10.236981827946021,20.65369871666378,7.361843711469865,1.6830020282797946,2.3140635239272482,-18.43866750882412
0.86000176898826,-3.4690083116747816,-1.961942977270846,-15.618362559870722,-17.122857132956064,-18.497702428869307,-17.771755661236753,-20.451708932766465,-10.897085845054017,8.812305581688326,28.91956559295189,21.885338757351676,21.28034137041571,6.313131020065635,1.6830017530142152,2.2296245860053014,-18.427488730707992
0.9730016676544407,0.03169543461650148,-1.923443315567738,-12.144519091535438,-20.572085617879267,-21.173597267379634,-15.088391145146016,-17.141474692393267,-12.118233253817216,-4.155109291516364,25.665375172182593,28.72390465873712,18.851439382603587,4.44210421262339,1.7060016183017948,1.4046362595795956,-18.35843051968144
1.067001506488384,2.065773443161355,-0.9396091464070846,-7.481796341526826,-20.16682223546082,-19.481025320446676,-12.324002455571026,-13.14934892906562,-12.479691370290716,-10.873709044551198,15.994423410277292,26.5526880829743,15.50864085805992,2.1315665497009055,1.7070015219855916,1.0074372308295727,-18.339478503797814
1.1520015130817076,3.7659765403800343,0.567726041880821,-3.430095997205684,-16.268548416174422,-17.720641742524386,-9.125058242778891,-9.696510819210129,-9.935158696741219,-12.479407844220013,4.8067369506866555,20.56245158721066,8.724993790183806,0.12839566806150504,1.7050015161811491,-1.2326790954000972,-18.45572333769232
1.2140014376649968,5.341921008829813,3.953273500395362,0.08947120434116052,-11.236367298390853,-12.551116874228684,-4.168624905346615,-5.955749675323474,-9.09883325013611,-13.689623800370974,-2.451433326363862,14.729202974800408,2.987331551712572,-1.8031988098330132,1.6690014507780186,-3.247311842895887,-18.308298207671886
1.2790014445726101,6.624025444037914,6.141044460853225,3.3818056730064647,-5.745736205878494,-6.818022926809427,0.3197731478875774,-2.6955681467971004,-7.245998845652778,-13.582022629188629,-6.283125166044442,8.83595649679166,-1.3596191957581603,-3.5709903910933303,1.629001468414468,-3.8269042353607716,-18.261180606569084
1.3430015398681068,7.716734339902919,8.309856537222705,6.493546610602277,-0.3673143124844924,-1.6848602699543376,4.104666471837955,-0.18061658793821778,-5.26103239282353,-12.456232265005177,-9.53566824932281,3.512763112116124,-5.2524684046356,-5.038280717786951,1.5750015331923866,-4.323150325908607,-18.16470809522662
1.3970015972343208,8.518574409933034,10.494947289980168,11.097256162469524,4.442503223851711,2.913199757595914,7.021428830384856,1.8710143735592286,-3.4497188832787202,-10.66335968267991,-11.845288084809756,-1.3591357764955652,-7.916808382048586,-6.382759501338345,1.497001561471534,-4.624190207839311,-5.935670268224337
1.4480011204070609,8.500866957257838,12.14069855184339,14.277316451731124,9.799966860810134,8.227335512987398,15.331609717344229,13.156754371620998,5.78018459835279,-8.227072015651746,-19.790287543297975,-7.709825488573685,-15.362120242190432,-7.535772989471724,1.3910010793990653,-4.719831873505472,0.1083865955236899
1.4880014932973247,10.096002120680264,10.249727022154506,18.263351247464804,13.205603426602242,13.549031685055272,18.567457313571992,16.17038348890448,6.359947171639385,-15.603034400654526,-17.34658746641768,-12.92826245918483,-21.46678268011373,-7.525117522866569,1.2860015309674602,-4.457213429606677,15.730462902940777
1.5390009158625406,8.433297043627439,11.507111768725897,18.893885269850944,19.717254276962972,22.35427546825418,24.38117583479767,26.23540489683225,15.44424580260784,-4.360961766363415,-27.66033454981541,-24.94237195320543,-23.572849153163357,-7.599207317595917,1.1860009008421701,-4.273411684778738,18.283590087683695
1.562001720296255,8.957306747491158,7.289674230364017,19.11065680781286,19.784545100387582,24.09945404725941,23.244602263288314,23.820180507438053,14.603024342012354,-7.620761354641448,-19.18913237671348,-29.88221521870776,-28.65932759033789,-5.107072700359429,1.1810017081369075,-3.9732748548509482,18.284134587717954
1.566001464223184,6.114362961290595,8.306938531829516,14.055091566914662,22.754540605925843,28.86021334344406,18.78059528293457,18.672463842767726,13.329473537539961,8.571928474887471,-17.123865406408182,-35.064433991667904,-17.923914283631575,-3.4329065128484775,1.2200014782898803,-3.5594161915744738,18.268989732156097
1.5960017232579045,4.160023106985579,5.933925748565413,9.391639669167606,18.698899544788247,23.048381163185258,15.131886546215341,15.39532529280762,14.87907136507446,13.512358287354594,-7.229701294233855,-31.409157696617306,-17.22306476464831,-0.4335008737056154,1.2600017277878575,-3.3187741941876863,18.157188317150613
1.5970016109495933,2.4496190949729106,3.8692516531096217,4.529176397082699,14.146907919395112,19.868423862334993,10.669895592130917,10.226198984298907,11.360330938254101,14.024911991223725,2.6853351057060664,-23.627844154591955,-9.117914308781685,1.7820811979797377,1.3070015894919211,-2.9232674480380036,18.15398431440028
1.595001673274894,0.756128075252521,1.5410041790075546,-0.8088579867352799,8.452153310425107,14.080687435733294,5.127639278403947,6.518184277742311,9.18215429968265,14.54629121296793,8.948491011716463,-17.393559855415386,-2.6058933414683025,3.7831832665152954,1.3490016515788033,-2.327992443838947,18.034285008678374
1.5390015986130103,-0.6986969749052445,-2.631447257942895,-4.34478708354161,2.720251831761786,7.798896825032864,0.8035500973654486,3.5809112331130457,7.524172312039852,13.795816903384036,12.076021975342133,-11.172690554751906,1.0937151257642554,5.670216195227885,1.3830016102955207,-1.6391748045681844,17.93682052707075
1.419001582805391,-3.4806818826315897,-4.772086866852366,-7.684152424491792,-2.6301841580903123,2.8287643534202056,-2.465226486083761,1.1036111579074017,5.467420713581113,12.243042933534191,14.396844515285919,-5.141649993056626,4.9599156364766905,7.217160051097321,1.426001552287813,-0.8761748036270607,17.141389407993728
-0.4879983974960211,-3.928380869195391,-6.707443620163632,-10.586041224440438,-7.356204961598008,-1.567848552440263,-5.484103802336504,-1.5441187507525334,3.1598605104494446,10.479825331121951,17.07173855380156,0.12678889946826466,8.338134826660891,8.525954193539148,1.4620015309784051,0.07244041526958611,-0.11566776423779256
-0.15999789661314673,-3.467787996105079,-7.911778471604629,-13.768422821093553,-12.868908687691444,-7.7099179660692485,-16.195475804544728,-16.53724899752669,-8.753391553948315,8.39150327854707,27.48401484918056,7.423685642545542,17.820796027369717,9.538326214586068,1.4980022149667482,0.2250795406626489,-17.493994726255032
0.10400197434257329,-4.799128015544488,-4.4073369841977375,-18.327230885502715,-14.831748995157819,-15.565556312315572,-24.4836037491999,-26.93406825406035,-14.31392892379895,18.265965918426037,28.447024678740714,15.526325472705635,28.760019755215875,8.936079492380948,1.498002027748335,0.3087488698011507,-18.053756637132125
0.1910014998538275,-4.410772870397334,-3.346594697564779,-18.38558555900422,-18.43383832087968,-24.844877796258043,-20.110260719326234,-21.38052313537207,-9.883249248447413,11.20619436150926,26.45874541688874,28.673231629594284,23.59685059865762,7.774472024743767,1.4990015279872198,0.347854605426956,-18.014966186360702
0.10500158609953682,-1.281382214563631,-4.237882838550643,-13.21211842187784,-23.132902355603726,-25.544164096067686,-16.620374204292773,-18.61482799751468,-14.142922224432905,-9.473382052757952,27.335259094758936,37.26316790318488,21.255547910891387,5.54228544046286,1.4600015455683784,0.6129408531150573,-17.99415072451743
-0.059998505138041294,0.1810846801967223,-1.691609833896276,-7.9250469109050865,-20.751594861635432,-21.675663879444926,-14.652189862013248,-14.405865544821104,-13.861592989168841,-11.249148155951318,14.454502791818442,31.180643217086573,20.186541621414438,2.553547927881837,1.4030014347804767,0.9488933256248671,-17.98381577948221
-0.2779986364188747,1.8178233689707648,-0.32233877753986917,-3.4278269768641856,-16.006490402386515,-19.515968448753114,-9.155653324147405,-8.652749332248398,-9.299166911227303,-12.137352963239834,2.44147935244262,24.30994776143268,9.528771808101087,0.6799314986591352,1.328001488989298,1.3219295940864382,-17.99051376151526
-0.3549985992605778,3.398795386521387,1.85599978571652,0.22561039024823693,-10.161996682099911,-12.61234999044876,-3.0790030922162224,-5.052916873710917,-7.892426099750182,-13.435047150069153,-3.3856374129358784,19.26546464815041,4.677939081697925,-1.332240306703353,1.2870014202897457,1.6360242895325579,-18.00226368263054
-0.361998472855483,4.504906461820727,4.4249525736249185,4.133657289375066,-4.112953670872823,-6.325539048839643,1.0850631922829095,-2.165921874742569,-6.208593622906413,-12.547101656489481,-5.570202874920728,13.219118793229534,1.330886129167304,-3.135922201704968,1.288001503302659,1.8885255830521182,-18.022350884844055
-0.33099849313550017,5.311789233068529,6.751060173004888,7.678115078995094,1.700109166850563,-1.2943964509924895,4.524810346846888,0.3425435583609193,-3.895559570546169,-10.596566611729976,-7.872801770281757,7.578796990546538,-2.500482255622117,-4.534953364974384,1.3180016151065348,2.0906520560278183,-18.048159648929033
-0.279998314959656,6.063834676259889,8.831550843562734,10.810381626856087,6.657435175461709,3.1511674967799257,7.315348190160542,2.4238890260186103,-2.015215516677916,-8.923372271483778,-10.33990088258214,2.996195496131241,-5.195163781128471,-5.703225102584289,1.3680016273430478,2.2210802830779075,-18.071143530955155
-0.21799824406210347,6.67289517527229,10.47964942261946,13.583651555410675,10.690568068215418,6.688219612520592,9.265687083411741,4.158726355335229,-0.39899674682337505,-7.419784643069171,-12.250191977913117,-1.1013141535747941,-7.277618089330833,-6.699951076027988,1.4400016887038571,2.3188651978851302,-18.10080195604053
-0.17999831546960487,7.1835822151878315,11.90017772809886,15.793215720079996,13.94630805901319,9.418450197885226,10.738733848771766,5.63873213682618,1.0749387967860429,-6.0287073140708,-13.4638397800857,-4.70448780696179,-9.280159496982968,-7.489033179352051,1.5070017505723416,2.3885979621317004,-18.12917326365998
-0.14799819873826586,7.631194736664679,13.195854631464806,17.424924397148036,16.562176439418625,11.654862575656576,11.958384670399887,6.765937988657235,2.2294283073771943,-4.921382063700854,-14.260413874594565,-7.64861767339773,-10.92408354704654,-8.1249850899486,1.5640018136595002,2.3742976369744984,-17.408168362709247
-0.1379982003742354,7.940171876909047,14.276563279746586,18.713076686874842,18.62952650670149,13.56241387313099,13.267477658766683,8.20604892240499,3.5449457658931056,-3.990733559438933,-15.236123078381844,-10.210128224749544,-12.469523875119425,-8.639334017635516,1.6000018051093918,2.3579723569036384,-18.17789739249527
-0.11999796963737923,8.35056468246931,15.029008239314598,19.918686238567588,20.03230298187397,14.896695776068002,13.46411736524344,8.049647262938533,3.456481948055254,-3.903126973030485,-14.939077501433466,-12.170922475509737,-13.334269578396933,-8.994952211164126,1.6390019144911914,2.227913701841028,-18.183958201426197
-0.12299801528729835,8.37739755943385,16.11204626513168,20.614498402188175,21.09123972751413,16.01892253991877,13.874528464350421,8.598029527313065,4.258702104758331,-1.9810731563588462,-16.043889376819827,-14.221104100801911,-13.71938130330073,-9.396680447406268,1.643001897928339,1.9794699924313592,-18.22064530961534
-0.15799803939074786,8.640687201829397,16.49893142646208,21.41882659588118,21.665925326865924,16.208757078243664,14.318636646400487,8.94757326913885,4.6653713864005955,-2.435995218412092,-15.768291328667882,-15.142818360333543,-15.153845684496453,-9.595613487949606,1.6480019548872058,1.6139048924530095,-18.234362051019986
-0.20799799406377192,8.79202773746867,17.059769579046872,22.003855445321925,22.300874486224142,16.904948549084157,14.36537626310307,9.148505756981146,4.4783965003072055,-2.264814799650228,-15.953979738357706,-16.256454052349547,-15.193522388426853,-9.88773500751645,1.6570019558683264,1.162052998554283,-18.245911865978865
-0.27899805749535384,8.907237252625992,17.41937966699907,22.52119925973274,22.781932735936046,17.169904797193524,14.308288472530478,9.02963772271135,4.553614332804558,-2.1810951555883484,-16.268985809668905,-17.430689912845708,-15.983806135883992,-10.075380116472886,1.6580019787442701,0.305912063197606,-18.24577403703749
-0.38599793379333497,8.986486119996808,17.675541387935684,22.83380229368477,23.146196202174373,17.61475759910359,14.531875989510471,9.261109097331712,4.570287592436193,-2.3104256928360094,-16.718371910867926,-18.387294697409853,-16.59370790791256,-10.281891775761348,1.6580019765612792,-0.12097443768870342,-18.073316796318082
-0.5319980611434895,9.044094297347813,17.876185482683333,23.058707216119174,23.444867545159028,18.06793037246708,14.911359837972858,9.603332407760544,4.761723383245174,-2.381217333237668,-17.047625903523887,-19.216782892870707,-17.234168398248656,-10.450649436538548,1.6120019922622717,-0.2448228059698243,-17.894576637663608
-0.7449978595784801,9.075293738034944,18.012901168869945,23.20659736041278,23.673190343721913,18.567347696736782,15.292431962865585,9.860033136203397,4.849048158510961,-2.4808383417829063,-17.043111360138287,-19.97064680910244,-17.768591186807512,-10.612247206031062,1.5720020228811604,-0.15919304186036332,-11.918410605332337
-1.0549982620757212,8.730135459797703,18.06713164534268,23.513028012666577,24.544586757390448,19.904763267743053,18.55679483668254,14.57961793111221,8.569851452790326,-1.9823021701677703,-19.892162742179114,-21.667095550576214,-20.49802022891762,-10.761204974769608,1.5030017958599935,0.12291309330610645,-4.016465104503497
-1.0549982686819523,8.904704432689734,16.432811243910027,24.548188687751452,24.44951016316069,22.170819177795362,22.065404736178213,19.263949515418485,11.280375176585213,-5.732966287164832,-20.497038893055457,-23.855353964903202,-24.767120989598865,-10.42746644820316,1.428001771372369,0.38496784793331384,-6.977943126692053
1.1250022029254954,8.937206807592279,15.273493666541265,24.17711009907533,24.217129583100743,24.64042662828437,18.401962488221784,14.05063886878223,6.705852673755379,-5.278967919037322,-16.673691160864728,-27.310261903979704,-21.52024027160293,-9.84731566156231,1.3350021814678232,-0.1790787556067852,-8.58286245191934
1.1250020332299988,6.92483538080167,16.38552780428951,21.154785390322875,26.000979710400337,24.236198487644447,16.008590835257756,12.236925509002337,8.244279347942925,6.111384049053094,-18.461810150661044,-30.360213492374648,-18.349571420525628,-9.300314811624482,1.2070020503961365,0.14784536439020268,-8.455207859197131
1.229002104966119,6.168654665526178,14.78482241356075,19.06662137032964,24.016853904785904,20.696514618020466,16.174093425276876,11.542734563019483,8.967280952811484,4.295239944776393,-12.707852666154412,-25.64756219462656,-20.277845697993868,-8.117753637391155,1.104002104966119,0.4596601438796837,-11.760928843120647
1.2290022066445443,5.360544210266243,14.17636217587897,17.523296522942022,21.18674585306069,20.07141997132134,12.721510442088167,6.640313378542892,3.939147669990705,2.0218631833063307,-5.943732055008966,-21.213575217425678,-13.75203918367402,-7.724133947776718,1.0580022624344918,0.806567385051844,-16.86908163545466
1.3050023481449087,4.545053404030074,14.316035920889924,16.025505820163467,19.1253306915355,16.292378036704523,8.194126270182405,2.5943079736191708,1.7244288917317272,4.765025712592324,-4.083136626088651,-18.99570130631116,-9.63281770415254,-7.451047716712782,1.0560023352703054,0.9552740772133355,-16.91589008470126
1.3520021269335452,4.196175599275919,13.690949203526268,14.792007780197713,17.26365166823806,12.401394072274174,8.537658027606993,3.8007665603665073,3.330536642028408,4.487001126646816,-5.871754395367574,-15.084620719043407,-10.6643529342894,-7.315919734340412,1.0600021312250796,1.1143344171742524,-16.98699983536314
1.4000021609553408,5.064503106848289,12.030642506112713,15.37456975072453,14.382669541435007,10.867915178528612,8.967222979878354,3.927962743769985,1.6201522601892018,-2.3618812722839966,-4.452510312298643,-11.133611447151026,-11.000350836265378,-7.443956056045536,1.1370022091158938,1.1367181005728448,-16.30669864875315
1.44500208747722,5.284342490023733,12.364064098556032,15.09076256719477,13.755502632467966,11.369604166217165,9.039550673453434,4.85827310324937,1.2848808577429125,-3.0623981092905233,-7.13920528057707,-11.981243698142732,-10.197501513677977,-7.976464849718319,1.2010020698342452,1.072736003720257,-16.550794280153664
1.4800022089906117,5.742967595399668,12.232991294563249,14.88182481969038,13.555758813279944,10.839470364317119,9.693147131178211,5.594171158322309,1.8218059501793322,-4.134825193179118,-9.218548496370152,-13.16446404320239,-12.896755054599952,-8.117087311387813,1.2550021851487538,0.8703444158217013,-16.491970662782386
1.5220021386487672,9.562754949598073,12.678535699845899,15.021629246940154,14.510298399515495,12.043134931443653,10.797677204872459,6.221467696601191,1.861783057543386,-3.9772842602849607,-11.14724580032846,-14.141814055029396,-13.43363823151076,-8.480780702930712,1.2900021453244874,-0.24447060915126517,-16.068372711997352
1.5540021235550678,9.932371609293941,12.919915222372218,15.683373911651667,13.631858434004542,12.619254740663171,11.566976315267189,6.7540999745638075,2.214808812943879,-4.324914463037757,-11.781379343048739,-15.266612526563026,-14.489627468901487,-8.778001567437228,1.2940021628941334,-1.1436105080624377,-13.95591310650108
1.5540020578556515,10.1214181511755,16.369923081169407,16.25241433601168,14.55477305191922,13.948454342545604,12.920029364855736,8.757927833923466,3.4257004827297663,-4.152969921876862,-13.225769524047534,-16.813730886461418,-16.158506150423577,-9.01175489642992,1.2970020585709072,-2.2808801414158912,-12.709255476759004
1.623002125754536,10.445057223307964,16.30142144542569,16.863957400768818,15.208484652379632,13.747468080738813,13.81282580272229,9.594664059987842,3.362042461936383,-5.295299650648195,-13.599079386313742,-18.42818027291246,-17.398242172853962,-9.065543803680386,1.3000021417285808,-3.597605016785699,-0.3925625649260572
1.654001626022143,9.736589514718311,16.377836591182305,20.348563268591285,17.412788316026408,16.765468347401217,18.398719713738103,17.12404712398589,10.964046398621857,-3.11525107910866,-20.749245228159754,-22.513019885328376,-22.108875898142276,-9.117477008553081,1.2960016157701442,-6.432271834527095,6.617840897680837
1.6760019098972514,10.580866349036839,12.910509378909763,21.695200617970276,16.29526403189018,19.71546453199257,20.35647387161226,19.591539666403925,10.097811734692142,-10.085439770070392,-18.199105536690553,-25.900694147048984,-26.848953233945174,-8.047470089724504,1.2920019065593913,-7.473689729121709,9.018403836281378
1.6770018711535568,9.237777782904473,12.523834162203437,19.790855429773796,18.33899175291637,24.46436245565312,18.324514420388866,17.805013402325773,9.623407553262485,-1.5901911368424262,-19.431065730933653,-32.97710415482064,-22.42374467908327,-7.0436552089134,1.2870018854586716,-7.489005441266257,11.724997726359113
1.6750019825076432,7.609803642744588,10.95664203577087,16.1794541398426,18.768027221177007,23.14505010439654,17.624254837451325,17.450426488018532,12.59696571050356,5.554040078203318,-16.69583036041348,-34.64470956284064,-23.53044091914547,-4.913386622841573,1.3000019825076432,-7.200313589583597,11.717864779555676
1.6390020440063149,6.4606397335024965,8.784722829458257,12.198742659386385,16.301447328192324,22.143639146109123,14.975492721941382,13.082737840187374,9.927333426033272,6.497034761544441,-7.414524360627055,-30.404981491280353,-18.915670556423887,-2.854491803744507,1.3340020368537575,-6.84540136775082,11.556094117941804
1.6090020427955762,4.733623952238518,7.556724530580226,8.126558294253662,13.153329865332601,19.45330478059625,10.433756541708995,9.206119258468647,7.927274683337867,10.352107606111943,-0.6390341888595259,-26.52841025447517,-11.832535550660321,-1.158035411665768,1.3570020387424604,-6.453450096193061,11.530375279602325
1.577002054934504,3.3634194918696343,5.332751344761659,4.557942089649492,8.685356863071938,13.99498999062958,6.609792421308647,6.338329979620166,8.201589617096879,11.09995755460806,4.482059444085905,-21.1050727600201,-8.65110756156788,0.7172489148131617,1.385002053265574,-5.187414078115929,11.349703417906857
1.5340020455261865,2.26253240974978,3.247294760566712,1.1104187969891912,4.540751875775683,9.704257297849754,3.3510439111388166,3.391591823677544,6.297188756820354,10.166464145926192,8.268169019970921,-15.058069962199607,-4.262770117390918,2.231543465171582,1.412002036704699,-4.615430307022404,11.357852393815357
1.4900019864545366,1.2765307182248913,1.3103860761525432,-1.632969731030653,0.15439585585160742,5.529810101801052,0.34402473216193385,2.360774079075353,4.831646143726648,9.368248073452733,10.782895370672225,-10.161156225072459,-0.5026576403461576,3.4792992683008803,1.4380020002828142,-3.392723937676937,11.364552233624744
1.4320019453127149,0.5377049592640621,-0.6597607868161628,-4.069747070467315,-3.632883437642114,1.6802354160533843,-1.9707018504934464,0.9236722704228999,3.522307236285819,8.087767736940187,12.780698459380162,-5.749318362948362,1.6841366127839166,4.630334561874017,1.4800019829828504,-2.9748704512662365,11.35352282869043
1.3790019224235877,-0.10814049406704829,-2.1521905240370205,-8.131460249408768,-6.796684776187806,-1.048551058849652,-3.7861266503863025,-0.30517208871551027,2.449724890304818,6.9745127783354555,14.032735335332315,-1.9730570822273155,4.112600312697149,5.518989385881691,1.5060019264767035,-2.0842595862872146,11.21509399965259
1.314001909339642,-0.6220814140619368,-3.4593295616713453,-9.790856216427215,-9.336670185174105,-3.4285415900080713,-4.15775561427588,-1.360821241648999,1.471546342438284,5.975248181935616,15.009429688404317,1.215068711434701,5.857702576428957,6.298339099661095,1.5490018938424344,-1.0430297581306582,8.88135412594523
1.2310019734072943,-0.9598773149380904,-4.43655499330366,-11.242321907579791,-11.509693678287384,-5.688456057650933,-6.044295953839303,-3.9682093090201063,-0.7198799847949253,5.0646078505176355,16.817776671546806,4.347501843851804,8.317230861200844,6.922105468609262,1.579001963393714,-0.4948649912934082,2.645985589742277
1.1490020781966883,-1.2891137452918082,-6.55202208333382,-12.728384220449016,-13.314779926058467,-8.491721809673676,-9.832679869927304,-8.842277048938975,-4.326854996420549,5.642551480843565,19.25036972799186,7.797900165058645,12.408987393308362,7.221781376813522,1.6190020770045954,0.29839218720416705,-0.48000548585831304
1.0620019213546852,-1.8610249868029989,-5.740773014383086,-13.864877578202194,-14.165367818766295,-11.693756290250104,-10.385001862482028,-9.791174001424137,-4.423981886673699,7.076912077481033,18.609580437227702,11.801719511819915,14.176139971206128,7.097650574056326,1.6600019411434273,0.8437793032434988,-7.314050713908989
0.9780022159545839,-0.9769763495678567,-5.842872800670882,-13.382379417867947,-16.49616547863008,-13.527334096129758,-12.460328264058557,-13.693023874099863,-8.48450074461416,1.549946586266795,22.224659199647988,17.533210949090495,15.637948973651028,6.748058700315022,1.6910021856754243,1.6324062495214426,-18.366095579787196
0.9270023195682543,-2.072546405420801,-3.5968829193506338,-12.898856094719116,-16.910845307517793,-15.689366302502375,-16.52962139226052,-19.76342118771808,-13.769208947244213,1.87252585760878,22.439066127982137,20.993711083929522,21.082740036172392,5.448675161884831,1.7230022637783067,2.020013484859877,-18.412433235136312
0.9780019091051078,-1.8747678500722578,-0.9945416907406841,-11.155169504630983,-15.538743780619562,-18.407683194612602,-12.915212036217028,-14.413193411580128,-9.218672062843257,2.3258608147227697,14.748687179720939,23.503903647543286,17.22073236366792,3.700500583679696,1.7240018711965537,1.7899297246445425,-18.407700462280683
1.0670019603999044,2.3389750407592595,-1.1978544791316175,-6.390087043880053,-16.14263232950006,-18.877681977458085,-8.599435743630515,-10.971952864552481,-9.860069972700984,-10.800048212593257,13.358286953526026,26.402398790338193,11.131863144646356,1.9941522261500793,1.7250019825728322,0.938853239772167,-18.374257564055704
1.1410018163963302,3.7166761308825054,1.3637691250895827,-2.045054794959462,-12.406347422034536,-13.526922337140224,-7.214377633272633,-9.161946353264469,-9.770404105067769,-11.324577266383379,4.694631477923167,20.694113444489922,10.643488190354194,-0.48366365198131556,1.7220018464370712,-0.673336197467195,-18.436241110106046
1.2060018907373278,5.053919952640131,2.9209925451369703,1.9593356707387142,-7.770014157779549,-10.921383662867493,-3.4264773780671796,-4.854094123666027,-7.404111318380352,-11.688886490110491,-3.4589278301834803,13.815210476286985,2.834137182326767,-2.1385889381018552,1.6840019057576983,-2.7045524615151106,-18.383677427051957
1.2790018310274778,6.291603620124178,6.465755861366658,4.9445078698656,-2.7604150311781765,-5.507327715489199,1.1161711384947282,-1.751724993650825,-5.717418023139459,-11.93628174267031,-8.443411920400806,8.643218884075296,-1.641082358690415,-3.8058637856616997,1.64500185749194,-3.461301794811538,-18.237983636140562
1.3340019177161968,7.327589689496264,8.565099803755384,7.884630634827053,2.0518473032631803,-0.5316853540352675,4.6114541273191385,0.7409289301822497,-4.048973466398543,-11.147391328147236,-11.498817533061718,3.4373873115443034,-4.881069891155285,-5.284446746556643,1.585001934643916,-3.9129155945320955,-18.145438057939245
1.3880019850384748,8.117593881295548,10.548528878126653,12.254973767381411,6.506001284223435,3.6181203789856284,7.318410060113392,2.698099287471298,-2.309790619456159,-9.56435210248565,-13.131380052429169,-1.0754951823561925,-7.933990808248929,-6.5444714477924535,1.5050019688260114,-4.0726615352837605,-17.994555878884643
1.444002033984226,8.732985008064622,12.328009710273165,14.762971672510956,10.281517251443267,7.076025166967792,9.469855329901906,4.348359961176785,-0.6937079296181101,-8.004868928476839,-14.542717816828597,-5.6358577894697985,-10.433663645108272,-7.665061148386087,1.3970020430441321,-4.279904585788213,-15.212888321433121
1.498001967250726,9.07323798556917,13.782445141881663,17.034824499623554,15.260636701301127,10.188158193624593,12.348357112842729,7.737858776905991,2.237412695671516,-6.560459550521411,-16.88105590283662,-9.252264872165345,-13.610792951180722,-8.700326236602113,1.243001912414453,-4.072508905456612,6.227303928594209
1.5510012238653759,8.614036762503476,13.993503390219427,19.897677333836093,19.77425947486661,15.82053082297005,24.04733637849075,24.78596370210657,15.542440023184767,-5.965688305920984,-27.099268688981702,-15.570640534566188,-24.09033537741145,-9.45645740614567,1.038001212421284,-4.001521608677276,18.295618514270828
1.6020017753443088,10.38606728841082,9.36298855224813,23.759553474993105,19.834526732099924,24.505915548238388,27.91409337926877,29.178984582395216,15.89778009352996,-17.454997186985423,-23.100132819224157,-22.651855285267864,-31.256296888207913,-8.212848934865841,0.9230017553171481,-3.284287278881325,18.38611336176991
1.6300019462336677,8.585308185906797,9.706943313226017,21.427625880373125,24.40460970566334,32.50039262748368,22.50619482968422,23.631010390070838,13.47350157690493,-1.9517146418168656,-24.33751943548949,-35.95501142905442,-23.032205306794673,-6.772516990865906,0.944001956724085,-2.963733337456731,18.382967993607007
1.633002030621445,5.768012543629243,8.803107130293467,15.731128550480115,26.431768535737547,28.216720081614554,19.66935071655173,20.956162424429785,17.809013682912358,13.177704403017273,-20.838599260484308,-39.38729147978742,-23.397944214623976,-3.7228744124376014,1.0080020604237674,-3.053210211999234,18.297825416998993
1.6660020598470302,4.117206763935052,6.299049036888899,10.029085590325298,22.781191785287923,25.369515402226526,16.73767201897636,15.652779293997884,15.268156281749356,13.926387194759286,-7.008923711301804,-31.373082431182993,-17.850279622598066,-0.8643369148326492,1.0720020779668422,-2.6795600045398453,18.294080363653446
1.6680021026345786,2.2243345583405585,4.50510951497764,5.431733520738831,15.787719375654703,21.44745334258701,10.600901899654087,10.324861409655107,11.530238325889577,15.173909244398914,3.992042793721545,-24.395691655717563,-7.924253148125462,1.2829456741654721,1.109002117178112,-2.443523776586258,18.191815375189904
1.670002083485378,0.47755237943031137,1.8189944619200293,-0.10703969610385933,9.687577313964749,14.195870703760065,4.876809029593723,6.766457564664691,10.073305354840464,15.873436442934818,8.921136305380777,-18.245819557242267,-3.2790777636833894,3.5390673673384283,1.1660021051814686,-1.8977093848818651,18.080517297131156
1.633002003353502,-0.9376041103830968,-2.6644915528897974,-3.9497731431055954,3.565988332658108,8.06192944833792,0.8106920244860161,3.7973388264789527,8.034399875916776,14.57687900676516,11.23103153118748,-11.412607321125202,0.898918087684617,5.464966793941683,1.2150019907173173,-1.1847292478367668,17.980151913370463
1.5210019410279274,-3.877668847075216,-4.87374323215383,-7.326841410975355,-2.1230919016884435,2.943829814808377,-2.6020555617002294,1.2479634211270392,5.737112353977082,12.57105050905534,13.8395396796179,-5.324427514102284,4.953865556248218,7.019013562860684,1.2680019498494148,-0.4798527625203448,13.180785290815882
-0.451997795726597,-4.102734374751221,-6.785149600512276,-10.467339282816635,-7.38142170591299,-2.164119425233783,-7.6909893515270475,-4.538227466151628,0.9392628600768376,10.5360070684537,18.80922033987843,0.5154714818899446,9.826964729537288,8.358565150626747,1.3130021303636439,0.45098465360279594,-8.693786598516
-0.2759972599310555,-3.8011926129027263,-6.825628708734654,-14.387242726967859,-12.716201350397062,-9.551131291176658,-20.189781494528802,-22.160104232649537,-12.37558394993416,11.045087338532397,29.475105258469334,8.962931367205497,21.625046035097334,9.080216009408641,1.3420027705865232,0.5596293755796866,-16.68142773341402
-0.0249980587101822,-5.521266873756492,-2.7771345983040967,-18.381769317101934,-13.85394082295625,-17.698519734674985,-22.23141237768581,-23.47682136299969,-10.620388485797307,20.589174520411227,24.631927491311764,18.07880621268694,27.291555942719345,7.997948480870973,1.3390020233058095,0.6896225428609348,-17.981683571922993
-0.036997839249716016,-3.112817431971604,-4.419118813042385,-15.735960283881962,-20.185780861857904,-25.759945661259184,-18.2404689406363,-20.09392267128113,-11.103344272863591,1.017115394706435,28.744130632157464,32.56311324675873,20.204820875293876,6.935632047484187,1.2640021001919648,1.01246486221835,-17.968446805433498
-0.19599824504606592,-1.1630634134973574,-2.7895689138050948,-11.09205695013441,-21.43282351084965,-22.533219615642345,-16.18887930885858,-17.44426093837321,-14.649300389617373,-8.84067340232101,22.34313511876963,34.446370976206396,22.95449950523977,4.040972947134101,1.2010018293405307,1.3813085368969316,-17.976686980971685
-0.25999804776908425,0.39680274124127,-1.3301255823681544,-5.928227190856875,-18.664662513560202,-21.520376350717186,-12.834413561115259,-11.9799532174871,-11.380365743438055,-10.9650246932529,9.997631562139176,28.221174212199852,15.364646441839113,1.8905337033364464,1.2000019307732437,1.6988947293796084,-17.996392888506808
-0.25699813117248693,1.9507134830396602,0.34938105105001505,-2.0642708215919487,-13.584408759069678,-16.765294930319346,-6.83584310432845,-7.417176274373315,-8.807729606752048,-12.520421247077515,0.28421940841525384,22.78684777780889,7.958538416244139,-0.009788588021042877,1.2290018106533798,1.9552610648914053,-18.01994167676594
-0.20799805448714315,3.3850682069280555,2.743187206147674,1.7539104502386564,-7.845456212832268,-10.263201070547167,-1.7257918534343766,-4.058805335137237,-7.336149074577079,-13.013261247204824,-3.9623735127325013,17.209215065477697,3.962199972654396,-1.8884103392252718,1.3070018716030973,2.0941162366066433,-18.035307181001432
-0.13799805922598235,4.5659183094087314,4.951057585654731,5.4555274207135716,-1.9148923518569418,-4.622843266951374,2.180319859550739,-1.2755221505515593,-5.294413217762873,-11.676196502626773,-6.379901355101801,11.231188656147683,0.06647377592481618,-3.4674080450552003,1.4040019364824832,2.232833927898805,-18.065620811793373
-0.07399784091798242,5.534365204988052,7.080818966831404,8.755005317671325,3.5399870190665546,0.23719584137680116,5.465815960349957,1.0624561493837348,-3.2055185742388943,-9.931663980700996,-8.853249271069403,6.0542946662147585,-3.3165412053041265,-4.776172658005873,1.4840020680061203,2.3348062555368454,-18.09336213713193
-0.03199798980356992,6.327224475506174,9.132426624913778,11.649556339502741,8.097920083018758,4.363271205157303,7.927649691512169,3.015228389926623,-1.46659407553296,-8.398024866755705,-11.145987287074473,1.6375647830205038,-5.764897150987226,-5.906838104112716,1.549002070039493,2.3590912925235035,-18.115004529306006
-0.004997988045779614,6.955014859039731,10.905812101552982,14.31080838880877,11.795123326005925,7.601604498238172,9.724182006402987,4.672704678989264,0.09801486299306106,-6.9192249676827515,-12.825288135916818,-2.340796397218232,-7.887311950618114,-6.850780579886381,1.590002129971417,2.3546797121177354,-18.122445218896406
-0.00199791471512431,7.43489968515493,12.411499705151545,16.108176479798594,14.759213991267176,10.139644612244872,11.149268162182855,6.036707892699802,1.4587763699826723,-5.650335804449838,-13.900406540064335,-5.752299415546764,-9.84947941480889,-7.600477093484576,1.641002181367563,2.3400694983219372,-18.155025865626847
0.020002209667187253,7.83577094192154,13.697581183189683,17.831197620600687,17.224265780317744,12.199259871708986,12.236788512182999,7.020711364269194,2.47791031745313,-4.652579568679549,-14.619501617075738,-8.512953738931312,-11.333035457807187,-8.231547643088872,1.6640022332706266,2.2236336413756472,-18.15980608486349
0.020002242074282233,8.139127715631641,14.771942529919468,19.219691218354114,18.736236696698583,13.787548745813263,13.036780440289323,7.7710425983433895,3.244891981269806,-3.8196009723193853,-15.214704795744453,-10.84919279948604,-12.527405566599843,-8.753763992150578,1.686002250657351,1.9839436646243929,-18.190778040764606
0.006002337322949965,8.39848842954249,15.622003613483995,20.377834504894345,20.17020064025576,15.092093995644984,13.568310573921035,8.26183246951054,3.8008113264092085,-3.218017781345509,-15.701344152178983,-12.808144360700716,-13.5670787223155,-9.171810265582224,1.6880022889239783,1.6927348411402092,-18.189384066464214
-0.03599769045592552,8.587482147387604,16.31820704324553,21.288889165475474,21.29761128171813,15.709563973615973,14.100520347576149,8.79515565859935,4.161998956161877,-2.771199650597911,-16.104916379949977,-14.465134138331322,-14.451096887827791,-9.482541093515445,1.690002320511329,1.336680970335118,-18.19937996186046
-0.09199765795599171,8.759851035890897,16.859053384875626,21.98151727833196,22.16691183111468,16.48385437682012,14.097457629734603,8.812456170891142,4.27956644438915,-2.423005611321937,-16.364103358126922,-15.845224820287552,-15.235933569921297,-9.755215384216964,1.688002343236101,0.6340567673700486,-18.208486302571043
-0.18199755943834092,8.865926840887433,17.277263018654327,22.51304640919148,22.814150952964553,17.155101962485393,14.378570700327337,9.12018569205419,4.430496724534763,-2.4987095087473463,-16.684075845168067,-17.09366516472409,-15.85293062317163,-10.017733511138417,1.6880023559230635,0.1554139507761385,-18.18015852756968
-0.3069975374238236,8.953051680423636,17.583405555644365,22.877874286045795,23.304594651668488,17.68932289482937,14.710558624703493,9.424270117555245,4.670617934818546,-2.371897833722315,-16.995245191754353,-18.142579073933323,-16.56015592681156,-10.234975102041146,1.6420023741228835,0.07948704183383537,-18.15172822350983
-0.483997555451461,9.025200380723518,17.85480293477047,23.134782346123224,23.689780708933668,18.237579103160108,15.071420367051449,9.649062130488842,4.8055207688609185,-2.3144446682990427,-16.997974719454753,-18.98280917387941,-17.111152993288083,-10.421897544072541,1.5990024190377505,0.16626248511731845,-18.12030889163612
-0.7299975817754661,9.046021494036827,18.110496028866596,23.32013448163515,23.976410062483676,18.71540187312166,15.360912745360071,9.810723330416094,4.910792959925646,-2.231506675315435,-16.79166132899604,-19.71131879209471,-17.514873851916736,-10.621886653548714,1.543002449934205,0.41864870546145694,-18.09315443935965
-1.1699976117550832,8.997952370909326,18.268069550247954,23.476361867189375,24.18168542944121,19.049125307393876,15.573692273505465,9.918305164992953,5.0257750734821025,-2.1083068844756383,-16.485183735254253,-20.206525893621766,-17.920549804090115,-10.816361066795748,1.46000244308119,0.8800923613397851,-18.08891539150761
-1.9229976011978342,8.878347044527327,18.40335816007978,23.593203293953515,24.3252573276854,19.32420684962581,15.725903314267814,9.958607724364875,5.076052962872563,-2.0372784384833658,-16.089301566729937,-20.52519496457353,-18.143233370766797,-11.021439509729223,1.3380024956001084,1.513898586583751,-18.104774573719375
-2.465997551114276,8.985735899828516,18.47338047776781,23.640946168834557,24.397474051925144,19.507445860705015,15.805586359717399,9.935529549538447,5.07437124517714,-1.9990218293824782,-15.655192664569647,-20.704933263903744,-18.215199648030573,-11.11613979574562,1.2080025332859006,1.9916791336070139,-18.13004465183546
-2.4709976396966944,7.999626693168247,18.445712162644323,23.66495509429297,24.396119139620097,19.606055994308026,15.802493114772671,9.898509515270096,5.054583097291469,-1.9715658752499365,-15.298068619997117,-20.845634236632367,-18.183172864659124,-11.149300587576736,1.1510025777410497,2.457249570892553,-18.20429737248861
-2.470997609824148,7.303554920525777,18.596991035107695,23.61926434766069,24.307210691888113,19.61897233633645,15.742017225441856,9.810227732956232,4.983967514656876,-1.9956297441668305,-15.005930551593448,-20.958374417130987,-18.179430721930196,-11.13111048464306,1.1520025947389927,2.7069883716042087,-18.259961292124213
-2.4709975891044254,7.34797631109938,17.6660561287704,23.444071305222067,24.156673738491598,19.606822380799784,15.688036005128694,9.757948895941169,4.935412341004644,-2.020724143463415,-14.848232680487413,-21.098103257852472,-18.15182249581384,-11.0941992445137,1.1940026111671809,3.025404218296556,-18.363044157649604
-2.4709975595559275,7.509636110554146,16.841045683257377,23.126843465045987,23.918799379801477,19.508347359188267,15.637205356641694,9.664288878423873,4.834556423704259,-2.1551862306954455,-14.690358949499247,-21.18597306629852,-18.226662781469493,-11.045863473664266,1.270002615920147,3.2219283853155494,-18.463962520883307
-2.4709975392674868,7.596865622168792,16.90475741814372,23.142720169721727,23.618619425316528,19.434216524597066,15.559031480018806,9.522754267689896,4.682061964418126,-2.2383093610753058,-14.604784279935311,-21.323891418176544,-18.229541432502216,-11.026713439658714,1.3200026481295164,3.09076752895698,-18.490556273989338
1.3090026839127942,7.678536400585491,17.064979242786656,21.45005390093761,23.493719069839745,19.40274517327516,15.469521527909848,9.458115086551057,4.589614830431817,-2.3769825930342456,-14.655019087000296,-21.500926565111836,-18.34555345199153,-11.037952541765476,1.36900268629698,1.5825326381666325,-18.556648359405624
1.368002624339621,11.044641739199857,17.072085960644362,21.45209861032563,23.246703408938973,19.0146781228965,15.242099797903908,9.390108371346386,4.4084327841404445,-2.4861423534031566,-15.078515824311197,-21.95941905097293,-18.454105125080243,-11.117269887660726,1.3970026682086396,0.3290237928744224,-18.447080415797238
1.4220026442934328,11.248178399679729,17.00384689806551,21.460087416790046,20.953200664375807,18.537554930269433,15.154824238758838,9.406680659301156,4.431076122489118,-2.606273408676415,-15.665046718111931,-22.478345537490355,-19.04612988794835,-11.161695028799917,1.4010026762415224,-0.6893715751774643,-18.59706971057158
1.4580026775458284,11.45252522865607,16.931283604233947,21.34091033306739,20.799857620675876,18.675173539734775,15.332649717392226,9.395950618754428,3.9068314205575634,-3.0632822776880637,-15.794476210595406,-22.78905425240001,-19.397240636900012,-11.203302154775619,1.4040026575186677,-1.2629102928506146,-18.574114394895417
1.503002667400188,11.582136690706406,20.32280000999952,21.188975071865944,20.895326489271035,17.180494975996908,13.982853981348743,7.65428558453641,3.937549316787356,-3.3315422522942093,-15.989508980579018,-23.12211623730674,-19.583573465616972,-11.301956906358285,1.4000026523798175,-5.0356516415979,-15.378887286871583
1.5500024836452004,11.4698354029449,20.32747421419301,24.32430687836502,20.904064536524963,17.80415930467837,15.024352774271943,10.339819127707846,4.131780730233499,-2.938736817649282,-18.18571840203743,-24.48085464049344,-21.002670898913713,-11.509282207787637,1.3540024440677163,-7.190330048370873,-14.999030803471241
1.589002614769002,11.91015914258923,19.294993951099393,24.774057699830998,20.218068606716862,18.21288129031159,15.222845082524142,10.289831697252982,3.477021176927037,-6.928925030292028,-17.10528079378833,-25.535285230440344,-22.653484745624603,-11.364510222759478,1.3030026014175615,-8.581799995941633,-0.16245994690033103
1.6390019384448202,10.760036275428643,19.492347914013596,24.545387140665333,25.552488355658888,21.770119920851265,22.6251957916732,21.490982227862457,12.706218897602557,-2.662923992801586,-27.807161235298334,-30.14268678408986,-27.452597561288407,-11.457408008375339,1.215001913649288,-9.046925568965046,18.186309259233315
1.6850019896677246,11.466799574874948,14.795742673687009,26.324324577519704,24.91705319910085,28.559424118777603,30.52825309746798,31.900655691031957,19.08268732157027,-12.071489723051297,-27.995799347148342,-34.16625290487609,-37.89082046545752,-9.938680509578605,1.1610020006349793,-8.16428468675659,18.39513652839256
1.6920025467868987,11.244610797899144,11.932716599760392,24.77297665242701,25.104702469448256,35.71693848288431,25.17603048044621,24.38210084260976,12.248736349734585,-9.598872974759855,-21.59217348589148,-41.81526220901117,-30.908124715370942,-7.928823843264739,1.1730025231834593,-7.8454161046848565,18.378277924377517
1.6930023939767083,7.56626588225934,12.356617957583238,18.172791052471673,27.94124296427286,35.19847601904248,20.100612398918887,20.901494135336122,15.437936639589523,11.874348645010194,-22.34306479133177,-48.08861374568901,-24.918947396858062,-5.350156396038848,1.2290023775258263,-7.466772768575146,18.334367381463263
1.6890025795117942,5.797069355398753,8.632407717167247,11.88986265159453,23.73421432936199,28.779440561853026,17.817044149831883,16.533244752715767,15.425444791602729,13.03419516177388,-7.967927570956263,-39.57793478580505,-24.177013031011057,-1.778551571727494,1.2850025952474204,-6.35535253612356,18.23471443200113
1.640002482416288,3.8798283063109285,6.564551562638334,6.310061933350852,17.631070316210575,23.73344533688455,12.14736827796795,10.169399423474651,10.277883819665924,13.060848219474053,4.92802855731869,-30.123165013990906,-12.015618597552749,0.4777645770896042,1.3380024962445656,-6.518477849663922,18.052732190085443
1.5860025429667541,1.9275218309322097,3.817805004221178,1.988954685147295,10.856429854796765,16.102679566635935,5.459937039271228,6.337411514459365,8.370983174796564,15.394577043947798,11.531502870721177,-23.465576379326365,-5.702208455400921,2.773332634018023,1.3920025670470306,-4.955899302769003,17.975476111130348
1.5090024827757924,0.3968679851260255,0.6340125526763405,-2.6993874041976653,2.453336420910201,8.987108674766567,1.193892912681335,3.9282861522486128,6.64462913876769,14.623063436913952,14.314973193071772,-15.827313214111633,-2.0223152656254904,4.948622320471571,1.4510024546424,-4.030019808768159,17.800438233407256
1.4150024250631403,-0.8188725166818447,-2.230141547424756,-8.218809143129,-3.6228389304373785,3.7347823622767553,-2.2148370228270693,1.5557128067985175,5.615411323785288,12.529974646552944,17.0402920337282,-8.710404592266528,2.925260607539773,6.602155389506809,1.502002407658584,-1.530641311818674,-2.7370124972845358
1.2780032490469166,-0.77137096756495,-4.252345835329656,-12.056128785795565,-10.810533719418329,-4.2540335839107595,-14.844722880607339,-16.496396273525107,-8.790092193503952,9.40264597016835,30.63954297460573,0.49757649899879475,14.534627279937737,8.061029116000162,1.5570032631136128,-0.3429654776968125,-18.325113787465213
1.113002801364554,-3.3075013879228026,-1.9712116596735392,-17.709414262323392,-12.662643797879419,-13.169146500742874,-22.22322945258138,-25.270601745867282,-12.336398204284118,22.355136822472836,29.616022671193154,9.56766039479161,26.347375859203268,7.5660387075932505,1.6110028271137606,0.6265776499560776,-18.424755450979713
1.0550025118941158,-2.4495680347791775,-2.3319729865845202,-17.449625977943906,-18.216465810118134,-22.829311382134208,-17.608317695467218,-20.055486810123487,-8.810513673074858,9.94606238908167,30.423969551275057,25.588452918924332,19.5540036107667,6.84877517589024,1.6340025080794185,0.9238526485519807,-18.32950852254051
1.1350024373655834,0.5547936323022542,-2.90193815844031,-12.52657028543422,-23.129023576424395,-22.553068265036853,-15.16651907743903,-18.056951353116784,-14.515993613550656,-9.75435731073237,29.86972400729702,33.744134188340524,20.31488825785354,4.531618865030999,1.6350024373655834,0.5270845679907703,-18.310093743603
1.221002378631175,2.093239570267998,-0.81153262553471,-7.367028563307679,-21.135078476326555,-21.153001368815012,-14.632143385234897,-14.546296952711412,-13.395448087303897,-11.003189161103847,15.670051235509021,27.130244927170345,17.866731624236397,1.8719895642849669,1.6330023493056898,-1.0745772966583478,-18.386919290757028
1.2900023412547588,3.842175686019443,0.1801855252632052,-3.354433881003092,-16.80975391718054,-19.116999040756014,-9.314357152683368,-9.024414338871086,-10.123475895776672,-12.190441556657717,2.8271622710262463,20.507893540828004,7.271020021745635,0.0670102729428419,1.5960023057303905,-2.0750485226247384,-17.469492229639517
1.3540021976560939,5.5027415988460655,3.800171388174487,-0.06382465746905375,-11.228226844795962,-12.237965252095627,-2.869590439769695,-4.700003119697527,-8.356940866105745,-14.643211156915136,-3.900656770490567,15.219109901916827,2.095396040969483,-1.9526602390211467,1.5570022365183223,-3.552930776549225,-14.01141392016654
1.4110021943102073,6.726079025577312,5.946209433476255,3.7460113251751395,-5.288532329693709,-5.477802282353015,2.9969722283810043,0.7051381753988046,-4.883604942917984,-14.228230554604394,-8.199667466147499,8.280816426897815,-3.043612424312201,-3.737730987423184,1.4920021647463035,-3.765725754520833,-12.448121968571652
1.4620023718881996,7.935676888187683,7.42067263442908,8.879334961906476,0.159383580961606,0.4391761483295733,6.837158995516431,3.4203687253360138,-2.8565570045236592,-13.8548998764591,-9.992389610475843,1.431909699011758,-7.878943689159838,-4.938512616318515,1.4100023857164772,-4.008499579859294,1.7465368741581653
1.5120017971412347,7.588739177475047,9.379802607287758,11.80404297724602,7.051707103133877,7.957833073234266,16.0155748531253,15.621891480717373,7.421742199989266,-8.511361774681422,-20.028134363215084,-7.134802352811089,-15.040501145728417,-6.016742681634845,1.300001814545791,-3.941492228381229,18.144741521249998
1.556001878552549,8.565005159947596,6.7635982886173025,15.832846546350561,11.772609655974636,15.100542829200954,24.242386477401148,26.049958078378275,14.359844484502863,-14.72023430898517,-21.645284790748406,-14.69602219584405,-25.47874156676454,-5.397904807222506,1.2550018795062232,-3.547498510385479,18.249523002777373
1.5560024085583781,8.437720815870247,5.4539991559723395,16.159402950343292,13.418179645110573,23.591618961787276,20.239175406012496,20.446624832810798,9.756693919335888,-9.945349151281116,-17.294985080582375,-25.12171691264535,-20.63104390909087,-4.097266341446108,1.2830024066510295,-3.3259775967700413,18.153325902856288
1.5760023332149131,5.244455715001866,6.62516072555057,11.482570566333521,18.27217466062291,24.768854249065708,16.52792232368472,17.785986940522122,13.614416846143438,10.398347530647275,-18.032112121515425,-32.87628396889119,-16.49725830679553,-2.1103379430900913,1.3200023210555656,-2.887770597003993,17.700395939485762
1.5770024995330563,3.731213649116329,3.9481445011036946,5.268356295109732,16.20416299085008,20.36650836156576,14.465358604701883,13.901061666811461,13.79398419534472,12.053286894446572,-6.012692563868995,-26.644611906451573,-16.012417940289247,0.802209611676513,1.3660025040630093,-2.272592751592875,-2.371881155160915
1.5240032646735744,2.970823598330057,1.4855164770272342,0.5780067754090288,9.94152424033151,15.530000501324773,-0.6959771201144491,-7.012987960838103,-2.718813989471556,11.746266747379138,15.235033171364133,-16.14395465212241,2.5926016048192935,2.546767967463074,1.4080032680114345,-1.484375216614072,-15.698981227123417
1.3920029266378575,-1.9636751402756998,5.351336864915258,-5.238945727459335,6.960762380535641,4.350919879404284,-10.768514102266971,-15.503212662172686,-4.549285620726849,26.935430837947283,17.107833819041446,-7.169638633782531,15.167298213773686,2.8009888776205005,1.4110029204389745,-0.7837617668679642,-11.56598576193477
-0.576997435142789,-1.7327327886680393,3.686241300902167,-5.895311140720542,-0.5124383459798398,-8.173080583227685,-6.527285191281171,-8.571907043470874,0.7958609324763799,14.408091561578019,17.850438310326645,9.468308151377661,7.654994881306774,2.98848841461724,1.379002475688663,0.17908861841447488,-1.88865915985276
-0.5579979065393662,0.20636195563125703,1.2483651733313392,-2.04814932634375,-7.058540723644686,-7.575035314685071,-1.8451768555186714,-1.6036675946630794,-0.9913735556955565,-5.777825879974842,15.766163180308013,16.914748695801663,6.691329745370171,1.660690117792448,1.3170021530652785,0.49934382459660265,1.2851917307705774
-0.5029976525645447,1.2982853328013584,0.10153697214762936,1.6726753515106578,-7.979432296659764,-5.017088569398375,-2.3291438997847207,1.0650289287093873,-1.9374764035597458,-9.860329639140012,6.62752140198382,9.330786966172681,4.924229548946962,0.6712438968287642,1.244002386059265,0.8305554315736439,1.8790905482537998
-0.44599777648058686,1.1742086961740403,0.22578752237980826,1.7045876070684471,-4.336590464838201,-2.9251074592988484,-0.4028532197993415,3.2575521935220624,1.3593523965500216,-3.253748593364408,-4.065681323379721,0.9102186154085503,-0.5488567652458727,0.5989305239095738,1.1690023522654458,1.1355177621112045,-1.4226914379281967
-0.3919974665623992,1.6019635611952006,0.18893932590869522,0.5832674647909348,-2.070559292717886,-0.707448008329638,0.9840542167131465,1.0189734642339376,0.1861508876589295,-2.013328829724406,-2.2482406157963615,-0.08689016279206419,-1.8922518381360298,0.8563519419676976,1.129002501489511,1.4494724226286912,-18.063240054098014
-0.3419969550486505,2.137637655886106,1.8917116021554619,-0.8462368376614278,-1.599096205907255,-0.7201560960311626,-6.423698204826863,-12.195838463112924,-9.849500980342624,0.4032973921734406,9.330813709716269,2.827413327350296,7.436857208990948,0.6362127640752298,1.1290030606869756,1.6701532458104293,-18.06326113735061
-0.27799773951318674,0.47040511680414143,6.298449865255907,-2.1574395244952074,1.5773597518319429,-3.441646091920095,-4.299525799370899,-8.070816574300988,-3.463194938284353,11.152029189185244,4.2468307510086625,5.542064710020732,8.712096857889424,-0.5477045909354619,1.150002352993222,1.8499820563744613,-17.332677300047443
-0.19099728505471728,2.982602689007249,4.115950573567248,1.7378152842413033,-2.1582339546309175,-7.219466446979773,-0.6827259498763176,-5.309723454236451,-4.012521174279502,-6.568149111824663,9.539461296032414,14.110949134048264,1.1596165336277657,-0.9845527199750306,1.2290026720299385,1.985053631707193,-18.106985753388265
-0.11499753017796883,3.9122475506149783,6.405472448429785,4.971473906954122,-0.9641166064576723,-2.0983687817267445,-1.132954883355012,-4.958718031862027,-7.141050505096501,-7.8785018093430494,3.1043583555634946,11.121446523298141,6.67501477525879,-3.0941374573812173,1.3340024707757054,1.9970586862583195,-18.13459073531158
-0.06299736658042601,4.648615851861901,7.480530011753474,7.856359741580392,1.6748779951557466,-2.8377527590081892,0.7979701028399191,-0.8199052152291486,-2.735191182396406,-6.04989418155202,-5.352884118606088,5.278032785369458,-0.6660993957930437,-4.06238599927408,1.4130025847821839,1.965087240794018,-18.16156602295839
-0.029997444735692252,5.804716089230759,8.433859162650892,9.712312303132743,4.524217735223891,0.35519193414016303,4.757121422687945,1.4032012073912838,-1.678646184435081,-7.891093994489069,-9.030521404375195,2.955480633159741,-5.153297209661837,-5.034807754291829,1.475002550495936,1.8066830718074063,-18.180410764068842
-0.02699736321846436,6.65901404462751,10.177924846652434,11.903657141692907,7.470288624907857,4.450417652364919,7.0645586296050595,2.7589102723492367,-1.4847877835340526,-7.928937556592306,-10.030583023307786,-0.42596919518763343,-6.001610170902011,-6.225590329755869,1.5110025945814471,1.5337139759969771,-18.19796164246793
-0.02699732001475609,7.284174177086626,11.64595970261516,14.115225839005921,10.63601656797265,6.829920979373058,8.715408083808855,4.110830733377057,-0.16049786366323104,-6.789037907245753,-11.367096980434185,-4.203320608297236,-8.638603698628863,-7.055799022023875,1.5110026377851553,1.0616286228055194,-18.20621035179659
-0.04799742166491244,7.774810730502402,12.955753046743217,15.944834412498375,13.476100669228362,9.213471047094275,10.23638100644031,5.14926945667767,0.9739573087181306,-5.998393832720261,-13.153726709702402,-7.108108319300806,-10.640762481773928,-7.789512046895128,1.5430026882460526,0.5415402092804453,-18.205214876505437
-0.11899727288075825,8.170320804556106,14.08922201683588,17.59630868418219,15.794160935715382,11.376052090585487,11.360278906798063,6.161230318873555,1.4347838517925844,-5.520989995869861,-14.533606771195632,-9.67881800904241,-11.972009206121403,-8.454928598927728,1.5410026937406407,-0.10971633392586622,-9.70889929828544
-0.2289977363682054,8.001880389927965,14.873878789356604,19.282087343445568,18.648880018255213,14.35791965231492,16.627656503760292,13.765313517315498,7.510755758225901,-4.240272436907169,-19.96365445001961,-13.542740136787,-16.785009104653618,-9.02836075509894,1.509002358522389,-0.22382345942303616,-8.92755091814298
-0.37299710621508114,9.158270894843287,13.265649366326016,21.398213577821796,18.768514734066446,17.062552091251572,16.979546153050574,12.980541142315271,5.512639836566336,-10.058773996034276,-16.23444991252011,-16.323647525814117,-19.516558472183775,-8.798089785983802,1.471002816060462,-0.08819075763968165,-10.374264228666206
-0.591997284812928,8.141609997003687,15.035525460804832,20.51677837968171,21.941031971952142,20.65626356484947,15.044503485260183,10.963395766556909,5.163727291381708,-0.8160107157714016,-18.614726584920753,-22.14484077850002,-15.31738837695563,-8.998676365930235,1.4090027023124687,0.23545293152129787,-13.91230417874339
-0.8709970804885424,7.721293519501478,14.852854945217713,19.340013580095537,22.332970767634286,18.16577059596329,13.593841819751816,8.539259616700274,5.573967263852185,1.891882096668911,-14.986025244716982,-21.751161231296457,-17.033128976993407,-8.367744643770427,1.32100295098271,0.6715256737914612,-18.064269129486625
-1.4409970366409208,7.247075098568578,15.574086910257593,17.892447099183027,21.720815209473752,17.56753250972041,11.61797564929287,4.74516062150447,2.780739907365851,2.8375068358352533,-10.093252092667063,-18.107264019716997,-12.669079089490905,-8.437024587753744,1.1950029409477327,1.2794629745086072,-18.079538695229438
-2.2479972506323116,6.699277866201399,16.132670311175932,17.730921312940428,20.593792991399592,15.316218435930981,11.193582902509208,5.3377767445346995,3.5235978339091645,2.7184372572559026,-8.55611212451464,-15.219323859120923,-11.639491223097393,-8.655056803440349,1.0800028776368837,1.9524788598485214,-18.119178856590825
-2.361997041206336,6.6985041380996115,15.478087667685525,18.59406239303389,18.756447020201257,13.648455510018822,11.147535900077362,5.6205496730708795,2.8740596950509207,-1.802875195607216,-7.6468489977935885,-12.742936575067704,-12.57534968068043,-8.77727548135,1.0370029478264098,2.358648798332265,-18.175089018367153
-2.2789968949913586,5.972828667591084,15.595051307606823,19.20429782792251,18.373753257862234,13.96127078615314,10.991270750039337,6.045640107781876,2.4413881269630338,-2.411068788983968,-10.254636410332676,-13.28663434408016,-11.817903124126904,-9.192734279985643,1.059002925717871,2.7021890120832603,-18.258621953284184
-2.278996869509636,6.182285100838268,15.68704562997275,19.649403405950256,18.43538146399127,13.593027340373801,11.550496035283103,6.955696346610366,3.115041734044812,-2.9321627432143345,-12.305139299334261,-14.330590718733102,-13.730341164043672,-9.345349731880678,1.1390029345102928,2.7458436848926384,-18.295222640794332
-2.2789968704219548,6.591686153271523,14.372675530772216,19.685428782930643,18.845382497053613,14.434671891204243,12.492385696400607,7.460072040527223,3.1445729591007296,-3.473059688794798,-13.165551372602092,-15.066516694879738,-14.613430187015666,-9.575706299559755,1.2290029073719302,3.0584009094965703,-18.44178958847282
-2.278996821969082,6.904024857247812,14.719250150535828,20.16909501340621,19.324093403796503,15.260949012158086,13.102033304096764,7.655705046201989,3.099597528903745,-3.7175980636757124,-13.239104577557397,-15.944422965951961,-15.180625140431623,-9.808828219257776,1.305002990633916,2.8836853366447777,-16.98503697954705
1.3790029370274082,7.0428731201305546,15.238166030438123,19.06127018069323,19.82014531425028,16.136233176990356,14.319515382339057,9.072838723825688,4.17150437751774,-3.418736617919617,-14.518120495182533,-17.20172347047012,-16.351353508293172,-10.049864789252418,1.3490029060329929,1.2912342305481896,-7.270276377097572
1.4260025804457332,10.126670585747444,14.988706410825994,20.11272329263271,21.09024882593277,18.148852705309903,19.35140767812329,16.797261225806945,9.771681074791967,-3.7987686257348727,-19.71284434826073,-20.04616073459472,-21.10265827167956,-10.188787891210243,1.3820026104864742,0.20361588168080358,-5.664313984888485
1.4610030096916933,11.256803752745979,12.694857966173013,21.464040598114813,18.68421861790595,20.173753825134597,18.912683068005396,15.40381336837945,7.461834801380447,-9.438230151506028,-16.695975003701374,-22.89880731901693,-23.071898226685548,-9.546102441960134,1.3890029829888124,-0.6751544580128608,-6.085139310101844
1.4840029094050122,10.083125518741063,16.694153667224185,19.611461432701685,21.158793724205307,23.16547917272095,16.453407983845153,13.546874355505581,7.031726301178668,0.14316788374279543,-19.500358011488125,-28.70070859135491,-18.992294763048086,-9.221700592180543,1.3900028679201795,-2.023075044524205,-10.197026358931657
1.5120031498678843,9.652351794347869,15.901185676668572,17.383285294534506,20.588323450942934,18.7091945106624,14.044083918232865,9.787725481291305,5.890450252946853,2.3917749223301756,-14.673685709733553,-27.71976452603793,-19.68506457316159,-8.047462476956976,1.3910031281717936,-3.190750459187446,-12.312108459803676
1.5470029645521048,8.82958913132843,16.450356623469883,17.518249699176796,19.555099194282633,17.76078036564435,10.954490661749627,5.271029749679569,3.219409666883685,4.48729195727929,-10.845347950376466,-24.00123108073147,-14.991198057593486,-7.709134945420036,1.3850029640752677,-6.722060533392547,-12.448823970577957
1.5770029509451502,8.571360075623232,15.780363336139303,16.982638062259063,16.616819584115433,14.575729553052888,9.598606222153728,5.054857770759103,2.5871715106852826,1.3658285728929207,-8.053269950758864,-20.50130473052429,-14.011146116418015,-7.477414040029899,1.326002934017431,-7.992661617079615,-0.14495665116593326
1.6200024071973895,7.94028782197491,14.84763001490394,17.127818715919023,15.66739099202033,14.528443218962561,15.17361864544197,14.483353396335337,9.45977370880448,-0.3173081802808788,-14.256472188997176,-20.194218761762784,-18.665263951598078,-7.424730280752751,1.2770024124425983,-8.02019465817517,13.585203705030532
1.661002466700655,8.693465534184682,10.927724336652494,18.762394771246584,16.47532309460238,17.29119188083078,20.567568225737105,22.23721894405128,13.057178679711056,-9.594538195956634,-16.01163915617016,-22.67862059549152,-25.532323524667802,-6.4139696096399135,1.277002463362795,-7.66409286207625,18.115935432646534
1.6610026416289658,8.234648273546773,8.602485837174436,17.706291266899804,16.896985932426,22.760699725583038,18.805486946017872,20.712312901974567,11.093415127877659,-6.767572309837467,-16.564298410658964,-30.04344558141385,-22.67849994173158,-4.995348125247254,1.285002654503569,-7.453933288068384,18.107588702779537
1.6610027616927612,6.131430655529892,7.388972918420027,13.107140884142447,18.113590641017552,23.005251352883686,15.567321324845256,17.20146466080257,12.130611996482095,5.25311650866945,-14.739713925936446,-35.052264901742284,-20.036524179523884,-2.6899993776043725,1.3380027478644836,-6.893662361284884,18.054273986289168
1.5920027719072123,4.22188990067509,5.3296335787452485,7.5026752760457605,16.156867498985967,20.67147704010891,13.238297865745544,13.31686276338937,11.86437038300626,11.632383041492666,-5.984060683320173,-30.895570358221207,-16.856899729755664,-0.0392260074327635,1.3880027757219096,-5.461758897238791,17.99184160415984
1.5370028166464134,2.6275755045497355,3.2325535055119303,2.473727521476153,10.087169527555268,17.457014002883895,9.152686794834988,8.345436071093552,9.8763781982748,12.509995283021361,5.285906113192368,-23.303171575389275,-9.353211885894229,2.164130365538502,1.4370027928045555,-4.015525234346437,17.80797932095715
1.4540028274198744,0.9851306920462122,1.0497911654279033,-1.2537134261023546,5.00671314340611,12.25056740204201,4.012076090853718,5.436062625029226,7.9730464520123405,13.404937373933663,12.214337020697283,-16.788067014724433,-2.7954906269692223,4.119163343125677,1.4940028488775465,-2.2745758519706696,17.794413433829785
1.3430027982715014,-0.4810278439717841,-1.2380134428918055,-6.470223272710417,-0.2383301109595486,6.428011902409497,-0.251580262036704,3.047679933237834,6.748359362918038,13.171570997349988,15.302619487873859,-10.470107433753082,1.2947045500456191,5.953367997587643,1.5480028113845232,-1.1114986674999476,17.657092983734817
1.187002714565813,-1.692534654030844,-5.37419390348801,-9.452781001140364,-5.367535450578956,2.0500595583970167,-3.7235084630730526,0.8570109461357873,4.958670941782124,11.625124618778024,17.50778925453665,-4.488390132326536,5.175747429109663,7.467242127941556,1.6110027393613453,0.21386267109142132,3.138825403014654
0.965003344761871,-3.391102710575935,-7.038266307599937,-12.617383158785596,-11.135351559266969,-3.6777041029217408,-12.166133950899724,-12.258409853096817,-5.535524432111757,9.237289040544354,27.001015360481524,2.8207225341222157,14.137093743512501,8.723543095368848,1.6670033070917354,2.2284958496370892,-18.397288981442948
0.9650035140352372,-4.383747899544549,-4.3661002420672785,-17.401724808516597,-14.375997657824497,-12.017161935782468,-23.18166987340003,-26.980057977208407,-14.715764677064122,17.284683444578604,32.21473983252612,11.879730943038071,26.921646962421555,8.654460691542713,1.7250034746961718,2.6868362940642045,-18.36098383000932
-0.7039973151101071,-5.075105726569607,-1.9136627189468904,-18.77901836815746,-17.0073001035962,-21.42365797320926,-19.015386854393284,-20.735119400353742,-8.488378013511142,16.43909668016637,27.240105755749482,24.651802161698313,24.203622207193487,7.4521419974387015,1.7770026761876148,3.46089903669744,-18.357680047210255
-0.7259971438575813,-1.4137897432246391,-4.175377440860112,-13.475739389930224,-23.6353501595534,-24.814278316457113,-15.280045513420252,-18.14071826384366,-12.98327103130475,-9.379837686386594,31.410737420122192,36.53748242140611,19.15291449503617,5.80914292168451,1.7770029218267371,3.411567391410319,-18.35687224798433
-0.7259974193433276,-0.0844948947639077,-1.2008232584572682,-8.378476234536517,-21.426296064172654,-19.756580243468765,-14.31516758875479,-14.89358824193948,-14.45108921497743,-10.947339196796399,17.81706380630164,30.755380144661853,21.703925138891318,2.664016753117882,1.8000026482483396,3.1904783718989567,-18.33832783991408
0.9580027137689687,1.4960854634340794,-0.18097525353490562,-3.6982035892827163,-17.266929956714254,-19.24090367613543,-9.351216652037955,-8.660698749240677,-9.053601762286796,-11.795279040544543,4.498737565703507,23.26108658231531,9.602292336024718,0.9682139191137802,1.800002766101847,2.4233215032022093,-18.308919395667978
1.0660026080033558,3.0765659149267073,1.70264833411799,-0.3464068840026666,-11.685257729955016,-13.747173718852547,-4.141791191632791,-6.122966903939361,-7.8065602938732965,-13.544105210971523,-2.6054412635227706,18.33938266049301,4.3050012702513385,-1.056701580396794,1.7970026291034,0.6321246386275554,-18.428844041471574
1.148002707073843,6.002112729085162,4.059461643254113,3.4272166632942707,-5.958855827892911,-7.426187036393653,-0.23978410029067754,-3.2680104023131378,-7.6306104022395616,-13.870724128313924,-5.5355572963112785,11.898797103470105,1.0809565721383727,-2.991367373029533,1.7540026983715649,-1.7369178561246938,-18.317141196932244
1.2260027319094218,7.056763061350805,6.129876801432486,6.76231298807558,-0.26495466140661916,-2.4900370442551703,3.313594338423467,-0.3331009079551315,-5.10215805239384,-11.81155155798605,-8.688386501612827,5.483187109238424,-3.4578885549500846,-4.538048164669254,1.702002713074354,-1.9117884282335182,-18.28779559645035
1.2920028175277514,7.999913517879178,7.930546763064969,9.565717930654886,4.7299191236517615,2.059804609118661,6.704486139371337,1.9044108959666879,-3.074527917990295,-10.502781463053807,-12.042478726948389,1.0270662975924774,-7.104043789455067,-5.841156773552553,1.63200282110403,-2.104868399607184,-17.64249130025414
1.3560028099062473,8.662808449398828,11.70905473771535,12.138559436369212,8.942502638273513,6.239775687616042,9.260258138183683,4.045550187434584,-1.2793338445837001,-8.88877495087192,-14.12092033065728,-3.822489070645256,-9.35315163942491,-7.115300802560093,1.5180028103830845,-2.6411144521391137,-16.395217651887457
1.4190028636926606,9.178859067407384,13.196048477819403,14.432389961660222,12.260144920746296,9.30862389437862,11.31431074578403,6.3758092765334915,0.8226175439603587,-7.662170782660869,-15.43266388013214,-7.8156337024110325,-12.300117708829617,-8.207404660317437,1.3580028145784333,-2.546507433743182,-9.530301382749904
1.4850026594576011,9.29267353592726,14.21556403594591,16.52722205313922,15.617566892676138,12.895871298040854,15.890054439077542,12.491480709465844,5.9189398108607065,-6.210960248653194,-19.15681998879511,-12.160626652897449,-16.784385302283734,-9.101464668147417,1.1030026303705345,-2.4791362902707412,0.008786723602127275
1.5390026196564348,9.72277829347006,13.475071753982382,20.758556277519045,17.663136603872225,17.26308632175524,20.6248981697879,18.806198093463237,10.250115967859674,-8.43517053315333,-21.051262156425675,-16.96375752751785,-22.109309187599774,-9.080032916043002,0.827002637060991,-2.688589240074741,4.30850252818735
1.6020027830297998,9.73761845826689,12.56240694330543,21.664141908025876,19.463762553175293,22.06777103771999,20.698299290641337,19.2564727395822,10.38196009969663,-6.874579580619559,-20.564648085113635,-23.525666442592854,-22.34537197745033,-8.426779285142214,0.7500027849371483,-2.595476330250722,14.552265590962149
1.6540024998845118,8.021132638649878,12.26388418614681,20.142199449474205,22.703120552132493,25.46361511137431,23.485709278429262,24.867719547929113,17.157682617883538,2.248978083482471,-24.662371735864895,-30.50527241746218,-24.514596827473248,-7.158558783777668,0.7570024553002376,-2.3292669807049315,14.846168428509788
1.6850030264953135,7.831031215297237,8.751548643389054,18.10482901792545,20.962712445102817,25.758609155327036,20.77616502136376,20.2558726874575,14.244059020243597,0.15963867736394732,-14.496830229075439,-30.711114034256084,-24.181658917401496,-4.678289040731229,0.8150030813315866,-1.8464403771335067,14.994943192794208
1.6870028246458728,5.226002525171256,8.959808647030433,11.177092730786637,21.30824782397503,26.80441912651377,16.135302062001347,15.869747166055934,13.100369846686107,12.014898099589267,-10.949966562348568,-31.82684858054583,-14.6593422681801,-2.9556262421811628,0.8690027762469014,-1.1047779873069383,8.483789883617709
1.6640033094553597,3.9919185975408276,4.420256250072143,6.877464388049855,16.72017665341604,19.446795105160767,9.169752939591884,7.645030792670674,9.363251199845784,13.024208414197894,1.0210637463055505,-25.401174615558137,-10.99587449214182,-0.2704878086306073,0.9310032992033607,-0.22276182335846384,-2.20694822290877
1.5530033089900417,0.549259188061205,4.480060936484172,1.6925160516022784,12.00095251270298,13.630022016593763,0.3684167540418457,-3.3375698018745474,1.9072770604077007,17.036623847634722,10.065390061429227,-16.07519710410488,1.464772611674853,1.0817460545953448,0.9820032992148798,0.6596078624359083,-17.25322717451706
-0.12499639010461139,-0.15352435123254926,4.628908499246076,-1.9069777040558904,5.325282061635509,2.5993508716157936,-9.216195344785856,-14.457282807540025,-5.467516650123187,16.62999312120443,19.349428147069663,-3.8208844471801466,10.276030180087506,1.8840132824728535,1.064003620385806,1.5801289226764133,-18.137397829851118
-0.05999698787441232,-0.8733900008682075,5.9215258773518915,-3.760322661724765,0.7758557417736753,-5.522902041013616,-8.839738890750796,-11.993171667426914,-3.580424257315439,14.717093664749596,16.29411724550863,7.501920483384621,12.221315877492668,1.2508237254576793,1.1950029477525714,1.6267688981793729,-18.13558139901206
0.003003143273246824,1.4745774540850245,3.8061460896136774,-0.9060836373065626,-5.9398006877312195,-10.691036314231493,-7.2323315169055995,-9.78690362463027,-6.182575937728256,-3.300757631559275,17.34529699149121,16.595065422036487,8.332835715428939,0.4247048492044263,1.2930031051262743,1.5538049828981029,-18.157632376860047
0.04900290494189113,2.6536197591018134,5.113989576158966,1.9122140180765301,-6.447328415662476,-8.57698503132221,-6.3454499211133815,-7.580990456315295,-7.732841298934321,-6.652072613543034,7.7803508134637624,14.251940372269114,9.32373539908195,-1.5356253510267455,1.3700028849147308,1.3309966371559931,-18.173374468138427
0.07400296345738384,3.9450209790195103,5.744142239369438,4.719803297309314,-4.529740187178884,-8.345266455828025,-3.0098842898147105,-3.6333732143193274,-4.897823941789699,-8.117525721847116,-1.2738713900086935,9.665748336064462,1.7461874888452336,-2.7170344903178467,1.4180029453375718,0.9485648467402314,-18.179846507883106
0.07500291767375881,5.251871749852233,6.983206191315688,6.895222600828611,-1.0718854672807652,-4.222069723493984,1.3056458865440668,-1.314877308456122,-4.280470795556614,-9.798535260770961,-6.140037698415853,6.404656404993246,-2.2900841251746265,-4.058245690035721,1.4470028966929236,0.3571446850421611,-18.18008477086667
0.04900296272152688,6.28659149745058,8.706417113117503,9.41446453835466,2.873432276352826,0.21645150497644927,4.303937207318903,0.6324303757310261,-3.6254085899348105,-9.89400717155619,-8.18302343495704,2.2799748043033095,-4.652689557203303,-5.360640295038653,1.4460029178988343,-0.1626640673303632,-18.158193833303134
-0.012997039102003111,7.05385893702489,10.331519581876414,11.83659230813479,6.89973836075775,3.8376729809227466,6.895671609609758,2.4902786725119306,-2.1374605119917334,-8.865173547377005,-10.201959331055342,-1.8668160420061741,-7.617187438723967,-6.433073274688647,1.4430029909387379,-0.3105178316475612,-18.11916555107221
-0.1119969597533242,7.6659433306021585,11.863078341318321,14.010975603288044,10.470597458825267,7.175108816553027,9.172933845795896,4.118673632423842,-0.7786893489025282,-7.8217850676888645,-12.188209813051913,-5.27899546684144,-9.880744136850705,-7.36700408967851,1.4040030130669579,-0.20891600253131637,-18.07543014876247
-0.27499704091723387,8.092375173898168,13.215386958333907,15.990217080852712,13.459619202857967,9.983966279055675,10.8679968620398,5.466273465528962,0.4139803733234757,-6.804151260525611,-13.463356749559178,-8.2917418184891,-11.560394545530963,-8.209613507048005,1.350003078292056,0.12961247258513486,-18.0403341275535
-0.506996860863454,8.383947110599877,14.362498720026954,17.68623012650421,15.943961680825996,12.162150881869454,12.123731298936455,6.591430703003125,1.5379732312942307,-5.728921293214668,-14.0917548898705,-10.836872223154284,-13.091720633093441,-8.939989336928889,1.2640031071884565,0.6080189786634786,-18.02600938179711
-0.8859967611226921,8.5452508415477,15.297627495572595,19.04425663268306,17.979998368460326,13.913486090721737,13.110445600269184,7.4320874210640815,2.4492980014341246,-4.813512221073722,-14.325721521164136,-12.835150404709577,-14.246910513709828,-9.530173249863228,1.1370031811800119,1.1635436352050772,-18.037472037122136
-1.6569968626495541,8.551927263701756,16.06113400236012,20.148819796583336,19.583618630338183,15.30990436899698,13.828216371227533,8.035792121829164,3.127841720643179,-4.080491974762186,-14.413494039683101,-14.377248870902012,-14.991720300086513,-9.917679630051737,1.0410032107833682,1.8395197535424956,-18.074879278565316
-2.233996962692419,8.749247431273226,16.621468079631537,21.005041774380338,20.808541115857853,16.355983737787625,14.319269776875458,8.467800793092625,3.653430073122397,-3.4846471387521305,-14.456063555982766,-15.611728547028058,-15.527867893587604,-10.184720737409798,1.0400032647589055,2.31185847861153,-18.110801526778218
-2.2209969158960408,7.657190547607609,16.96962563271253,21.661026191792,21.71566321758873,17.129857155303288,14.637135251012044,8.804995370608722,4.044207447001034,-3.024954921169858,-14.500512593836973,-16.64502668584492,-15.918331516491754,-10.325195371787917,1.0730032924817974,2.7633468405246697,-18.198775510606986
-2.2209968784456673,7.215918283001681,16.999334696345706,22.089392129888083,22.32956011612372,17.659936053841506,14.834028260532733,9.005316605853967,4.310022045657091,-2.7276601596367094,-14.497608812514784,-17.483387447901233,-16.278548443064945,-10.40828994679828,1.1840033313626825,3.0347351175102624,-18.279358328009675
-2.2209968511839344,7.399745139101515,16.364488400289193,22.25792974440045,22.72699632808134,18.07412167682393,14.97752405459105,9.160389682614142,4.473512810364903,-2.506195320131983,-14.569749893898587,-18.20368471828139,-16.564754278869746,-10.492881271399634,1.2790033276300001,3.247991128913638,-18.37691781100112
1.0250033491779882,7.52086468693699,16.229116261425983,22.596410451811405,22.874616750831237,18.296092393437515,15.073987274897146,9.222873934431153,4.550017883592195,-2.4287215333638486,-14.624534343671465,-18.79815023221982,-16.880241220684066,-10.5668456187841,1.3460033887554723,1.9503446196222707,-18.378314338622364
1.1620033564751697,7.580625569411964,16.519232233485557,21.16724623849802,22.661025333126283,18.439982323672794,15.027807932477685,9.398567148199469,4.609348912771925,-2.2629909167074924,-15.1242859352147,-19.616797736739326,-17.07923515050743,-10.691379686461294,1.4100033822243763,1.811589122997781,-18.522548221728982
1.2650033878371307,7.703840377499908,16.588127020655563,21.12769377681058,22.77456606305794,18.290661684140417,15.072234761292078,9.513720221560037,4.612577151036413,-2.4558098885238167,-15.282895211975156,-20.155813233039694,-17.809673743607426,-10.750391555440745,1.4330034302756378,1.4977255366860116,-18.54586795722476
1.3440033882173097,10.926367618725092,19.165383886543676,21.241435444527312,21.128224292311867,18.235750452681824,15.319511152688026,9.136936410347074,4.4036407566286915,-2.497407285439598,-15.485829546222107,-20.592787298020134,-17.93299129657754,-10.859955920544087,1.437003382972101,-0.6418985693437567,-18.392103895359757
1.3950033544464149,11.1060218393508,19.212151967502077,21.39348095423299,21.028210322854996,18.404829997753765,14.68936248944867,9.515931782246891,4.171209534336916,-2.6541836532885092,-16.049683368565223,-21.38967275473214,-18.248253188619604,-11.008121898843156,1.4410033582611121,-1.6004890781364156,-18.394319899797146
1.4530034098302467,11.316348750812917,19.768737392807658,23.732765322028698,21.081875273534035,16.850069453850566,13.745479732557186,7.958410372858722,4.314542176355815,-3.2186407384263607,-16.428180462207422,-22.042630041075892,-19.103970785642876,-11.084228619565351,1.43700337740532,-4.797181748935101,-15.92842416088307
1.499003253330815,11.242065852124194,19.916931562783635,24.10960008338626,21.222147503997466,17.67271225531324,14.80268330663094,10.127533180224017,4.149500589244435,-2.6702067437661228,-18.40240869677008,-23.431054338264026,-20.191596468629815,-11.314111350682591,1.390003226151097,-6.3975218957747275,-8.43919842246896
1.5570030805715944,11.257063282890897,19.07848026625228,24.765045519680733,21.54220667556351,19.141061003485525,18.790564963208215,15.74150823673741,8.189548413835787,-5.534368100324542,-21.095117166614497,-25.6106245579113,-24.65170564627399,-11.23350550896878,1.3300030526766207,-7.677403267509416,17.86468060501123
1.603002251122109,10.460344236956875,17.110885122238795,26.021476810674585,26.400425597461304,25.250747486077127,31.316094581342973,34.1375002234964,21.721797069959166,-6.61118638666034,-33.40053817918849,-32.26810455998606,-35.210413389532526,-10.756146436781812,1.2610022434927144,-8.214402311632881,18.185641290310503
1.6480034783907498,12.348226365035135,10.696435037397237,27.22136190354461,23.44487078887706,32.72225868596725,27.021419029616155,26.67054254963162,12.800955996419965,-18.084232423462417,-20.83928826046305,-37.8630440695185,-35.62110862302269,-8.20525517001225,1.2540034845896328,-7.133633545731683,18.316332157226867
1.6480029767277633,7.922411370647561,13.452241492320923,20.029915903708428,29.32876891001713,37.96809375004483,21.133688823778847,22.089205163177844,14.712215204851297,11.298656919845662,-27.04964127130781,-49.29111415001862,-23.047270622599054,-6.497256044415348,1.2880029624226486,-6.875323014446628,18.28586349069768
1.6190033916724444,6.205577845401231,9.086211830154365,13.905659192657195,25.63847446664077,29.02312588983852,19.474159732784624,18.969364641071532,17.64855308420956,13.288525762371734,-12.679955780760594,-42.26215023528237,-27.8412974789749,-2.37313347863914,1.3400033776057483,-5.832607242924892,18.190543330061864
1.5780031783881365,4.298408663847617,7.180242312122829,7.714972239885615,20.02935750644143,26.207366493262178,14.503696411869974,11.73805436562765,11.224440499842864,13.006994168200947,1.687081196057413,-31.83120465882648,-14.07011246724965,-0.1553796486555008,1.389003167897719,-5.9627410519576385,18.028759181132788
1.535003329421184,2.247420568882154,4.647519144479173,3.46984063687174,11.44852683273136,18.626212643253552,7.153879868247479,7.553419639153393,9.743484778712308,15.69278184576627,9.866176312246708,-25.428611216971266,-6.68880882806549,2.1483655701963427,1.433003361130855,-4.349698839208148,17.84788574533609
1.4690032185615778,0.6278263384424188,1.400158144146987,-0.9969418936778691,5.020656117866736,10.947605268825514,2.4497966528841495,4.128232014544764,8.739783778910066,15.34824142053531,12.92867441639262,-17.786096726357517,-3.2705594926726036,4.4635943737725094,1.4830032171310663,-3.382101906684503,17.815507966085303
1.3880031822444447,-0.665357936811569,-1.4569076074823462,-6.819230089273237,-1.3216926591911076,5.45280140917665,-1.1504178904152629,1.1545033558154998,6.379837458750636,13.285769562551579,15.53143660158089,-10.304625005426104,1.9587099477717835,6.184323577617032,1.5240031598330983,-2.3838651743492334,17.66201300105316
1.285003122924772,-1.7316108619945059,-3.9750962602269073,-10.005985952030844,-6.8122101178102525,0.39844858445841336,-4.049259880468516,0.14946176630525443,4.393185032147969,11.361714391038795,18.413870854462576,-4.458505663449243,5.6243129101701435,7.668480964676562,1.573003110527006,-0.5886874431046247,-10.868570936256665
1.147004324670377,-1.1243340144809988,-7.23178733162971,-13.941553577253273,-14.163018163790069,-8.077431749134707,-20.93592900690176,-23.93515698760703,-14.716675453192309,7.926027223392417,35.44435454767725,5.351272075887114,19.74052197741521,8.948857190218014,1.6290043179946567,0.3198474590152425,-18.11993391736665
1.0030031205631,-6.189273637879905,-0.8400563127309493,-19.965609624829607,-13.036596528906855,-15.034693467882294,-22.2323646700427,-23.892110185671385,-9.984260848318003,27.52807718966253,25.092447075108105,13.173131565408859,28.912558861512288,7.619540711858649,1.6690030993438465,1.7150668828340292,-18.222607678881285
0.9760033749053888,-2.921404997464343,-4.496524851162685,-16.74191820801284,-21.666771918700174,-26.69306315183878,-16.53783555227261,-19.33166757607621,-9.743229970280758,0.020426003032158135,33.48869056003323,32.30701877831173,16.445821992972853,7.307041276889869,1.671003427357476,1.6667637756566749,-18.201700938296174
1.0590030174671876,-0.9399143075202305,-2.3677603827775133,-11.912356648567934,-23.41444399618749,-20.871771508226725,-15.657813149573492,-18.081965021698792,-16.433878586935062,-10.611113293231263,26.80230813073227,34.33237755262845,24.449030451267063,3.9425583804973705,1.6740029972016084,1.3780472360707048,-18.191614504360935
1.1340031901420655,0.5219296135212206,-1.0064462413276232,-6.395597211717597,-20.644899537752245,-22.41743080451458,-13.90117536505048,-12.868936132799305,-11.932865620085607,-11.096756854822075,11.93649094999563,26.09758830974462,15.062681056986726,1.879598256101267,1.6750031987251344,-0.3741986242168651,-18.25558590360269
1.2070029876984123,3.904881826932308,0.211943242058787,-2.899846984162102,-15.686895677368376,-17.986468870159598,-7.73418890364826,-8.200447623631483,-9.73055988471068,-12.99895907007592,0.5117404201384019,20.673463874250924,6.3377724373275015,-0.036632007775215136,1.6700029574192528,-1.5449854115642156,-17.29358519973241
1.2790029691911604,5.4957703444341846,2.361944821391324,0.7064641617709366,-9.98768193198735,-10.906205712253447,-1.9930166723124287,-4.069065990942164,-8.13856892108695,-14.581399791941365,-4.597370774926905,14.845530084259021,2.2614014568664764,-2.1099132894127823,1.6260029720521834,-2.488268321004245,-1.1885216126474716
1.3400023663636065,5.9885522729681835,4.184136234723246,4.9474085051462495,-2.42538921837534,-2.69488606060184,10.16602917787094,11.178217369201437,3.55076672353497,-12.83532873775858,-14.779061087088959,5.7341360735886155,-8.67872006287045,-3.7408149841255023,1.5740023935433245,-2.5508667462524603,-0.26173476108233246
1.3880032730676444,8.693712055681214,3.8118449589489067,9.84117126645133,0.5132175121484188,4.916069222679321,12.179221592909627,10.039415123196388,0.2694853493409983,-22.169457450266194,-10.011718943593987,-1.377529398323924,-14.30676517089249,-3.8230225493387913,1.5290032756902487,-3.066201321107438,-0.09354001147899296
1.4200029292184186,6.965873542060162,8.002106069487379,9.442943446395178,9.06023433879189,13.64520926567119,11.174949163403975,9.58369636383263,2.559134916661672,-3.26772254155372,-18.21381640496592,-14.32814419079822,-8.422305660989899,-4.612688850063822,1.4800029316026044,-2.9517703367875967,-0.34992269428907175
1.461003285572835,6.6464841196542315,7.349451939676808,9.055611874252865,11.653804846270452,11.584166066622124,12.30419322815632,10.127904829087067,6.887992255306303,0.1277144301140969,-14.146690154234093,-15.977122515329686,-15.523342953761151,-3.4257621033369663,1.427003246472188,-2.767831275668389,-0.00330480773126709
1.488003082160722,6.099482968121156,7.972823641669564,7.8344766799727275,12.527157285038758,14.64863184432723,11.95211424056781,7.9925310816672726,4.962435860654227,1.4892659720656578,-7.915717411289446,-13.851337645881145,-10.41563989218331,-3.2454534309552923,1.3560031126783,-2.5452609653181346,0.021116002751906105
1.5260032896422084,5.499510259292716,7.913955407046863,7.62183787661981,11.664485466692028,13.161613038633456,9.300343779695263,6.700564838819635,4.839429108925734,3.025160148891196,-3.300856409433594,-13.276436644056082,-8.04313969329053,-2.823111981659627,1.2740032855890926,-2.2999144319818097,-1.168334064590942
1.5600032884092387,4.9334567850116215,7.453595396699169,6.6817538677961394,10.367721996826468,10.910991730458662,6.891189185071642,4.828974376715565,4.297244051948797,4.267866068972451,-1.8611955268472435,-11.81569159466663,-6.683683088602981,-2.3483302222840137,1.1590032655210551,-2.061282537682931,3.778591076144568
1.5950030280755234,4.094009037294542,7.055332663546958,5.686095932141978,9.376558928689022,9.717830583418166,8.240421536361676,8.222835182699727,7.3597892277595625,5.2774950632562625,-4.374051318737701,-10.564406646175375,-7.140059292749061,-1.9932565373946352,1.0440030588315201,-1.8143090792162073,18.04370876517282
1.6170026814538847,3.734148029448875,4.596120741585508,6.075797667857522,8.015134374164886,10.596551713761897,13.975779454029809,17.567471687960825,13.664909878668063,0.7586168545702101,-7.490068201839154,-10.99254430506428,-12.843753458376039,-1.1378895150472608,0.9960027193624389,-1.5333027705656819,18.034975371962297
1.6140032650956766,4.3819841823108865,-1.0017157326458879,6.205242628255794,5.359276036724163,12.972029008209518,10.397394896088784,12.663806750603158,7.80382588320678,-4.996278949974409,-1.0782259831623229,-13.434799741658459,-10.715336683011921,0.4350779423462875,1.033003264857258,-0.7654736958620545,15.695812297692575
1.5300031165904033,-0.07747788202395034,0.09929754926176404,1.9726479471872058,7.482365405379468,13.872152725274127,5.606138165273347,8.317408997438768,7.673290597754292,10.566389618368436,-3.7066038183392784,-18.65965376268457,-3.569750941230126,1.722253499888109,1.0860031406706798,0.036178447959252846,-12.025527550956093
-0.37499563012380965,0.23016926150517136,-1.2750197317189216,-2.9154575607014745,2.382811457963303,4.203475069904854,-9.32605850154201,-14.822769708753814,-7.519055127474292,10.608219401538904,16.654686438346083,-8.978925685862134,5.70592149556985,3.9706141183067456,1.126004357001587,1.021286207858807,-17.501296887968568
-0.37599681140119234,-3.3341606564759405,5.135727066769762,-9.398634244260283,3.012153309476041,-1.7458021176334686,-11.372401776564827,-15.841120084673648,-4.451716957935849,28.254203881832556,13.298465253864984,1.4896385734122486,18.292117342103317,2.9738122780361267,1.121003108013328,1.2342008507547515,-17.461448823587173
-0.3289964249303211,-0.6494102784141083,1.2797581603387094,-6.310046660974372,-6.850198208501438,-14.0328985357283,-8.719240949851518,-12.774417873296283,-5.046525371725663,2.2276626394115553,25.08587868821133,19.923340083482714,8.879063917086668,3.0980505371037967,1.0870035836527476,1.4462782302908335,-17.608240748620705
-0.24699683295472583,0.6566017813974767,2.723879612693116,-2.792974869390078,-9.548560640912516,-10.45602454167151,-9.538249257633176,-12.371845500579717,-10.914907260006963,-5.895775815027925,18.30137169308847,22.107479790677587,16.945940284628094,0.5068824476555007,1.1130031217457441,1.6005676642654874,-17.63428890274253
-0.16399672028051812,1.7509769966528443,3.1902276104999086,1.1515714550368106,-8.58939474469689,-12.790247563317807,-7.92948420456003,-7.153853760178485,-6.701025652391355,-6.572749065119574,4.963411322642585,16.131561830698026,8.790707574782406,-0.8354983420477811,1.1790033340789179,1.6839559899093697,-17.66653814313518
-0.08899686663653059,3.2919961429834075,3.814179514379971,3.3362053751686833,-5.525170250391966,-9.645028537423826,-2.6216644092329098,-3.539965522122589,-4.995400495317455,-9.286582696676014,-3.520407903404063,12.901638771760854,1.8937919565244954,-2.137010724484849,1.2770031300256097,1.6851398934939565,-17.69100340154025
-0.047996893600145335,4.657944116601913,5.590398306139253,5.732684468053003,-1.643770191154747,-4.2116038632206365,1.4194742379182053,-1.2055216104311768,-4.671796747427603,-10.428121056865415,-5.908718333628322,8.892766572418672,-0.3473500891071488,-3.659289478958687,1.3460032194102611,1.6409832845561287,-17.71405144030054
-0.017996642509673557,5.687290768446346,7.489128279106644,8.380348597917225,2.6902359793375084,-0.0836796759514371,4.433414509943475,0.8169132870975169,-3.149905892501888,-9.41779126352263,-7.407184578193213,4.118924473599308,-3.6758237510297516,-4.873466862234162,1.4110032583081975,1.5295069763598237,-17.582178198460557
-0.013996621115689365,6.488821759939128,9.36403907947303,10.844297940950181,6.6954477696894035,3.678386031613416,7.17222323691146,2.646190140836744,-1.5607138117136152,-8.1643784157379,-9.756363764281582,0.15900371368774202,-6.493775060116027,-5.907267011169459,1.4470033445520356,1.3008660834587071,-17.746382639656197
-0.006996633611869594,7.169303995721826,11.02063733289891,13.253846174008112,10.048779314727923,6.947885182765823,8.94846260181314,3.917274190637592,-0.5343284678583409,-7.291882928614903,-11.70581848741423,-3.2535862970902523,-8.29211195859856,-6.836987260222546,1.4870033244264604,1.0384964645611117,-17.595351019260633
-0.007996533777880748,7.599634473973386,12.480151166060374,15.365765308808774,13.010976821462599,9.164390700381176,10.419937971712258,5.238554129643241,0.7443762890490895,-5.958660437160184,-13.380421211919641,-6.580007310971113,-10.037790085505351,-7.616739200591709,1.491003359887433,0.6130765924652448,-17.60161686792642
-0.037996691001837495,7.999711790362163,13.54534007284585,17.129524081307977,15.354810897724786,11.042672497655097,11.270049155936318,6.183260914447628,1.592767090496558,-5.377215437793229,-14.105678417213564,-9.28562426739305,-11.846658597731498,-8.21239991144433,1.4920033995972226,-0.005261063198036542,-17.59778641549836
-0.08599652733553964,8.25398992052493,14.545573383655539,18.45649805490515,17.369866060379135,12.863031686178395,12.115400113744718,6.983531625738243,2.2583208721543127,-4.579133535084143,-14.88591351074681,-11.666236961157118,-12.93713323765118,-8.747350820761174,1.4930034092451183,-0.33063950742443726,-17.721010135192355
-0.16599641175240015,8.480288122340648,15.299334132706262,19.52706740009783,18.92098007097236,14.16695096962452,12.811091445632417,7.582775168530083,2.89718580776076,-3.999979341293077,-15.386452769927601,-13.575684335647017,-14.067351900747438,-9.17084000533196,1.4700035062316095,-0.43383737604930794,-17.541874348186244
-0.27799662333079245,8.605873765443858,15.983680835208911,20.347327908589993,20.205559767034856,15.386973774881758,13.570486614505382,8.29512393224836,3.529666868158216,-3.3832856615584177,-15.876715130727188,-15.145354491482525,-14.955968563610586,-9.549047799658254,1.4420034648840818,-0.35694087634038385,-17.655704219843216
-0.4339964710348062,8.755049769959953,16.450083276544873,21.050659703624632,21.076833674916287,16.2832944057744,14.024832950957812,8.609189855920423,3.818053848456204,-3.249367914353762,-15.698027200509728,-16.374937969908196,-15.70538598564551,-9.853290485195142,1.4000035203821248,-0.13429835532378043,-17.47778825074365
-0.6259963736306529,8.771754331223104,16.956024702961162,21.54399168924391,21.906892491251682,17.11259415988879,14.48105435964731,9.062591482825468,4.307615384281375,-2.5892996188389716,-15.851679558420837,-17.490239562635438,-16.243679689584337,-10.170106834268127,1.341003574394097,0.20274694046515096,-17.60867938881403
-0.9589965032459565,8.800009654549386,17.20135719548282,21.984833441995338,22.370688016420225,17.572051188269167,14.723602672763452,9.182177813103685,4.469381557940922,-2.56565582109474,-15.417949860077023,-18.149694147503048,-16.833412041232123,-10.422123818526106,1.2430035782931974,0.6676013381931711,-17.46412113867902
-1.522996386014707,8.687170128392317,17.535294628169094,22.260676566563774,22.841081822373674,18.124743841983282,15.001212497953407,9.435888414348113,4.73736624927183,-2.0885970096891295,-15.3686944575879,-18.767559557840592,-16.96762189068859,-10.646872862173757,1.1260036030180383,1.2212659960213417,-17.63523786929368
-2.2429963583026717,8.555771760632274,17.631632861460584,22.50779350875476,23.034379047907905,18.330203598559883,15.061908450094442,9.385870123738455,4.7407834060439695,-2.2217632756293497,-14.829779429130088,-19.067350122348742,-17.274775527983863,-10.733771191707518,1.0340036517109088,1.8170867028058613,-17.524931812388033
-2.328996316845928,8.109367564321088,17.79456782833804,22.604385498391732,23.290210810956644,18.63833428947924,15.197004636891334,9.516329847565087,4.884378122151338,-1.8627394519563047,-14.770262544294921,-19.418243246555335,-17.216073688768347,-10.790603977192626,1.009003682677235,2.1605176553593353,-17.724557882557573
-2.250996199967542,7.362977193353775,17.63080189391015,22.70894950628406,23.25028569528223,18.65827461602037,15.115623426397136,9.381790483201117,4.782936197938167,-2.086769347898638,-14.342600134504607,-19.597700914268508,-17.33577301836411,-10.76755410530955,1.013003738997302,2.486233472118487,-17.801439315035985
-2.2509961911419203,7.223285158956626,17.471849250150928,22.622169706600992,23.26586697318633,18.78604224329418,15.093327834425693,9.354375421184153,4.761507797517145,-1.852777323071729,-14.370495541392392,-19.896541977396243,-17.232768518767354,-10.742707406955809,1.0910037568828292,2.6274546865289654,-17.861631582346035
-2.2509961606160607,7.411203462971434,16.556010007195194,22.459704400607034,23.088855164847487,18.68022433488593,15.106376082123095,9.37678898796058,4.760877798889526,-2.0267625436682994,-14.254114922366,-20.056135288816073,-17.46777646533823,-10.711747944139816,1.1780037402018104,2.8259405681624434,-17.960747936587506
-2.2509961410344466,7.509509247719539,16.408438037948173,22.11497038011873,22.889652816753514,18.709971289693993,15.06521277538321,9.272355963896672,4.624076117591438,-2.1671936936483966,-14.19882381752215,-20.22777723877694,-17.496756338566428,-10.698323269656424,1.2550037817179336,2.8189828957813026,-18.028273799781317
1.3750038060038419,7.593035485604036,16.595952261715173,21.170436072577218,22.573981289629096,18.6426685822251,15.018181487678275,9.209745228427378,4.523254225599886,-2.2443043716551454,-14.263319659273344,-20.494674651955428,-17.605022926964246,-10.709754602158842,1.3050038131563992,1.280098417685461,-18.06648300184941
1.4320037654334454,10.805059083616626,16.68821694651458,20.867954560811828,21.929311142957687,18.475913006504854,14.845798294197898,9.243291744105683,4.4326392189381,-2.2671069324784696,-14.719341852046854,-21.005582603537288,-17.74752897558689,-10.804218588015901,1.3420037916594891,0.26632098978407415,-17.853380384442406
1.4610038139022503,11.02479690549698,16.622374603545573,20.90886668228505,20.85146435261486,18.18062074504014,14.954274197935788,9.455566808531417,4.564838129821517,-2.4147770926207706,-15.274610984236375,-21.490357334526863,-18.44345414984029,-10.82605663785193,1.3470037914909039,-0.30062543989776147,-17.92274394383161
1.5030038084036104,11.253777394564787,19.40311097079212,20.88288526149215,20.361830010405686,17.95794394238976,14.892054582250145,9.085144465556402,4.1936719301733305,-2.871158483056277,-15.263612537107804,-21.76949615080086,-18.757404568705667,-10.860295746562475,1.3690038348680726,-1.7841486800506858,-16.595254463355296
1.5330037302965691,11.273370293613365,19.711098627516435,20.839721646723696,20.54078047652932,17.324003278116802,15.636525685949412,10.233497187888755,4.605535846475819,-2.6761498523103775,-16.326010431526342,-22.573334576833254,-19.26836604886724,-10.965281689949215,1.3670037217135003,-2.7850162026967684,-3.3828152102097047
1.5710032693656373,10.837616872227553,19.236810536150177,21.38293603422998,21.73997058277503,19.200318627054884,20.853633258747927,18.821285468146996,12.433606395059119,-3.226728147426611,-22.658277989248496,-25.210134603507147,-25.419723133802233,-10.909704710414584,1.3480032495768952,-5.210929560541151,0.4678703113481627
1.6070036936070233,12.050898081224735,15.807763770290792,25.67058672903769,19.856927303748183,22.262035986373032,20.91746975006973,18.41932333824062,8.466038878136729,-11.418843647667426,-18.493335877893983,-28.02836173799151,-27.95442312780917,-9.937454430844006,1.3380036998059064,-6.77200199735638,3.0803239554505333
1.6120034762957076,10.25654243645296,16.403873695481018,23.243412976827642,22.581245974158822,26.483331766094263,19.173545206881826,17.83228272416687,9.51139245824227,0.6362714697139733,-22.948090599566623,-35.89752727192756,-23.41698007978603,-9.262981248299019,1.3210034677126388,-6.78673249686303,3.1128654960071818
1.6150037909221395,9.39257268909787,14.182833201218507,20.14284602983158,21.867859109429794,23.720480718613487,18.159194153415747,15.940633229910532,10.895430178391056,2.4835823026349644,-17.82611366683127,-35.5750400547736,-26.140241480399204,-7.15709988560463,1.3190037871074423,-7.574056657790336,3.911505315591219
1.6360036028305258,8.058839186650648,13.380422425253961,16.30995514014348,22.863936116017292,24.056583835530393,16.326802486006596,12.933930466636706,8.953863418232622,5.282011480614894,-11.690066838914909,-32.07136235901957,-19.88766307427642,-5.882365261760317,1.3110035849491324,-7.236899000591211,2.0268548360703678
1.6390038446344217,7.171716877354143,11.680933526817718,13.594932202555228,19.23281046539766,20.066429769456633,11.853031520234637,8.605472328600534,6.498965975246385,5.458841804574472,-3.8318349641916107,-27.834417539352668,-15.582979540395652,-4.352101330639691,1.288003833667167,-7.0975984059935655,4.5843446930292275
1.6420035499190795,5.69197813949534,10.756294616039636,10.581692512522643,16.46929660684816,16.70816539892825,10.238963240939285,8.60743175045697,7.557871693710972,8.14538467884212,-3.2219381065170225,-24.1149823499085,-12.521716221579112,-3.2259964076259173,1.285003586397122,-6.9560796172000865,7.589726768988239
1.6500036227384693,5.3173904249150805,8.018253759082166,8.888651777130926,12.001458796375001,12.964248282340886,9.27274562613894,8.782148736621176,7.318647709686211,3.734848914186902,-0.39186440762732033,-19.504907344037697,-12.36943337325122,-1.865241707990731,1.2540036248842366,-6.727551165715037,15.043474609036553
1.6770032718738346,4.270220695400762,6.158578763757195,6.9853151159681275,9.51187726546354,12.57053267327596,10.029677002007402,11.946674854350984,9.236400978708755,3.783993617908898,-2.0958629700171585,-18.547579187872408,-11.012548799504055,-0.8176545745193149,1.2760033085902958,-6.323980012781302,18.147660088631028
1.6670035265076186,3.9522229721949214,2.7640613188716063,5.241636402938694,6.094303954383818,11.491734128160019,8.582386098401358,11.088601612356282,8.340495718585633,1.134767433628241,1.3370583549355326,-17.829242094694965,-11.241552744918254,1.0028945467234136,1.3170035026657607,-5.507754865406835,18.11753307009376
1.6210034812599288,2.5144082368828746,1.2843555657234678,1.3898495054133724,4.344927839017441,11.289890747006677,5.435172416661803,7.650175687355993,6.708766507849251,6.564130497700724,3.2448120558096605,-17.737720584143048,-6.178933924746346,2.6188105142891165,1.3750034893661605,-4.494642824644545,3.922366516786493
1.5520041202283557,1.8305690851308052,-0.40182762151697915,-3.2763882239808115,-1.0493972329916232,5.755148878853086,-4.256611686664538,-5.793752100970131,-1.6979582786313294,9.204088508178884,14.916775348562746,-12.057952390417807,2.0346374596690335,4.520756034286384,1.4270041202283557,-3.227433331497848,-8.305738948842912
1.4700039265308156,-0.31911209382951533,1.6033292161626385,-10.441995766291578,-3.1613469376394394,-1.059782657595576,-11.332407664628775,-14.425493668988452,-5.512174912708911,18.902945237532933,19.5993132182883,-3.1395568163643564,12.980986559555431,4.9970796555238675,1.4820038912448659,-1.990637938238301,-9.18102846102407
1.392003694806853,-0.5736343080773942,1.2648849391118127,-11.601081317936558,-8.253431407679258,-10.173946823640406,-10.273233710402128,-12.746831635550018,-3.9679970800230926,12.059811352031623,23.235289100061998,10.289670887025181,11.815500921167478,5.056939686832261,1.5070036745412738,-1.966222295674114,-4.997091001418474
1.3890034321748959,0.7675295854282416,0.04433736989710502,-8.918373821609135,-13.194790506489495,-12.09060660388081,-7.93850780086812,-8.823116416448945,-5.5573018175485736,-1.818214947053642,22.320641683929985,17.95583630166885,11.546155442253955,4.0173544941060815,1.5110034409963833,-2.1388850172142537,-3.4915791260284474
1.3890034948284162,1.9211580567351447,-1.9807929667172925,-5.537555345801368,-14.37626122030317,-11.36693457017338,-7.71588310142929,-6.2659859171904415,-6.387913942216299,-7.327792399301622,14.555719651788717,15.112828162185856,10.058886047090123,2.8907920153860727,1.5140034948284162,-2.101812299413589,-0.737910377995922
1.4130033104601274,2.256061276699626,-1.6461126648713105,-3.9795882490823997,-11.678945987661814,-9.49544272442817,-4.353720172001601,-1.6196186100036607,-2.6460996471624334,-5.395606121821544,3.5524465352769212,9.286352898013021,4.484107871603844,2.1909145038453763,1.5160033254804979,-2.244222270410714,-0.2374451096764864
1.4160034395421064,3.1411556359723973,-1.9419977254667473,-2.925734715706579,-9.349421218550708,-6.390737002142089,-1.1401745638289127,-0.17156627090557386,-2.0737862087548606,-7.137708530847135,1.5746502112618685,6.533137150998388,0.4870702447490185,1.899429847853097,1.5150034166539228,-2.133900933100578,-0.20331391842781465
1.4220033981160414,3.256307553759668,-0.7915733866855188,-2.4509181417906962,-6.10521271431217,-2.2608574314241516,0.34613131539122133,0.019098845182721202,-2.0226948315309308,-4.386240425618482,1.6390259216236678,3.4249988186669773,1.2411083666139726,1.3876118831636906,1.5110034145669233,-1.9506580299499965,-0.17261187500220362
1.4530035163866406,3.3162440657757,-0.1501777607405016,-1.8015752802814997,-3.757389176647009,-0.8566836872513837,1.3347634543841398,0.4742803780132956,-0.7899388970840651,-2.480571688082345,2.3182837778395005,1.6867183856967896,-0.1173814422557955,1.2822658096521344,1.4870034958826428,-1.8537484098965613,-0.1300442030042093
1.4560034644412485,3.281363800428398,0.4454030098248368,-1.24618127403082,-2.2032642247035117,0.5715685556729015,1.8929635955673323,0.5547418661265882,-0.4239804995971461,-1.4716043635884248,2.5412243262619323,1.151738622046025,0.09745218317480209,1.131102877052613,1.4600034725474802,-1.5360521827248927,-0.09930401986449534
1.4570035335926892,3.206286402934226,0.8620364286735862,-0.6037359389337822,-1.3077458977923182,1.1753267870832316,1.8386533241199507,0.7475279104912578,-0.004111815653911055,-0.6642040665638991,2.4769753665461,0.5665371114829939,0.3806404795320377,1.005643116159197,1.4330035445599438,-1.2901367236971204,-0.06585598512114872
1.4360035078001194,1.288157760338346,1.076648284259054,-0.13173863329882718,-0.7200680424284367,1.3156474703694399,1.7423018216359925,0.984154014281176,0.4948740251144439,-0.0024757671841104667,2.3741031545278517,0.1393385733686553,0.21512571790792667,0.9406771673367297,1.4040035025549107,-0.5614775379149193,-0.11175241289731222
1.3840035534109538,1.2610965182562526,1.2098601503284558,0.1384817634620243,-0.30952556740469594,1.4189787268569236,1.744751306480275,1.049184409309405,0.7494946005272176,0.2989179015972596,2.605394397908086,0.11881581044409428,0.10318939620366308,0.9069689943702378,1.3580035305227702,-0.23261769187804893,-0.08555309430624274
1.3840035444675942,1.2324687861502697,1.3768590444466333,0.33502792425599653,-0.028521940586819783,1.557399810714966,1.6914810864310668,1.1060576885909534,0.9026044589891165,0.6289403938390066,2.7344772436898754,0.18809178076045452,0.35857884309692234,0.8346567741610642,1.3080035692631264,0.12229166970491856,-0.06632798229791427
-0.5019965414645838,1.2296372036386736,1.438923340916428,0.5365640370841542,0.14260525638426658,1.5135757253778201,1.627464700042489,1.188258043434443,1.0792645760063408,0.7868305299637577,2.8182513173707746,0.2765132956023568,0.3992989026066368,0.8088583666476432,1.2450035567638709,1.2159287009397994,-7.526802216881715
-0.443996113983733,1.655310430055648,1.6426884815539173,0.38699816526229003,-0.4786464067313081,0.4307479544205391,-2.157010659591109,-4.673795403655563,-3.4491912182104434,0.3433202152570043,6.879274572670307,1.7807441421500787,3.526654177474511,0.8610405444947774,1.184003906997102,1.5482604451938913,-16.432093617162145
-0.3819960845047414,1.2394908013487766,3.940636275010622,-0.6756187324518064,0.05441051790618445,-1.8344839855472896,-5.940548295713335,-9.753865526299188,-6.122055997036866,5.567152565449973,7.540099945676921,4.005875602487423,8.481594614042203,0.2884586787944826,1.151003907865864,1.8545847680198049,-15.53321365435456
-0.29899644082872284,1.232161073491949,5.1334295735392725,-0.11071005122378685,-0.053487363676043564,-5.138010907330641,-2.901834930396621,-5.658871534711366,-2.3830955274051107,4.235128820312205,5.245511630814191,8.582202175192942,5.326809746621912,-0.4523639440201841,1.1910035687080198,2.0606656545618294,-17.93078065343274
-0.2029962489018444,3.1803459946085897,4.404020005486401,2.918476330460721,-2.1547775612287285,-5.342058032313203,-2.1689722545851993,-6.20942354945414,-5.918654690852481,-6.912424269162447,8.000520737200262,12.565454007339056,4.178773854240491,-1.3860543820058195,1.2960038235774036,2.2028268881964337,-16.92489452598715
-0.12399651201400438,3.535685646155976,6.776965610998184,5.172139272168764,0.31378997844721845,-2.616749811766967,-0.6289741866092271,-2.9218919423303475,-4.256009373003554,-4.277833611532792,-0.4681420257652107,8.423127218959497,4.531855660277426,-3.063565317011329,1.399003549497989,2.222266509957513,-14.87470698241089
-0.07499639629427281,4.823952209119312,6.848935533661173,7.917408215285836,2.1369708486908046,-2.140262399963606,3.428266660300176,1.6787765434782536,-0.7909162291793095,-7.658532038442694,-5.645949646438108,5.412989649594854,-3.6663367277588748,-3.78457294928495,1.475003675231301,2.156324289312548,-14.905250924509126
-0.05899637089066867,5.885258863633457,8.046256376188051,10.02759278228965,4.787856788542227,2.7374435679515536,5.84333516457821,2.582418311666121,-1.5345085426689486,-8.836550026711585,-8.355112258370191,1.7749465564808347,-4.677067648341707,-4.86415459075416,1.5250036503285849,1.9249771487310974,-15.076174981221245
-0.05799637843922272,6.286955568604513,9.709285796397651,11.840016312452688,8.163919764058821,5.579428004827572,7.244932082188237,3.8365463945404255,-0.13185328237966232,-5.972773941039154,-10.753069616397553,-3.097640519751833,-6.50509263947685,-5.711071148668984,1.5550037164513717,1.4594635438895938,-15.089831318187578
-0.0849962976834162,6.747371391855602,10.73837523131195,13.304762882617297,10.979866327735254,7.380850586489126,9.190661060400483,4.761714103814199,1.3161451399367579,-5.087001790051055,-11.592266440731187,-5.788808494017331,-9.349876958504845,-6.210629366266208,1.5590037259200231,0.9853896809292988,-15.089199324483276
-0.17599634776831577,7.093887944207415,11.840987371447023,14.633512069504562,13.20687698313898,9.79632521991871,9.96594559347173,5.3348156576361525,1.2402438458054288,-4.816771907918035,-11.944380693508116,-7.775440038748471,-9.947307629899463,-6.804343961925049,1.5580037688183694,0.03779900111596679,-15.07041900162873
-0.2969961486639639,7.253665856873524,12.692726805492207,15.914977642663205,14.922828803000538,11.289984429490934,10.523113560895,6.118227614868291,1.9605279228864312,-3.9550011446613134,-12.803852978876618,-10.087555539327933,-10.846176438081287,-7.324106472698457,1.5260037757573466,-0.07258744690525565,-14.877194508870808
-0.5309960787449499,7.348578129568917,13.262593418148386,16.83006297451963,16.337197438605493,12.392172487549724,11.365229777496047,6.978928412988351,2.875082191018933,-3.2767778211969976,-13.543964327433047,-11.954759550659542,-12.321654190180366,-7.71142863162747,1.4650037939395288,0.13697350856783252,-14.68419315827495
-0.8569962636812013,7.38191828455435,13.735349315026362,17.507616665109943,17.403262402835548,13.579885216173729,12.10637134701928,7.5275875737731655,3.35722143271372,-2.9717226495425173,-13.593502457036713,-13.190126873073352,-13.176663739293073,-8.102154058786113,1.3720038278715332,0.6224182569773458,-10.351250896517692
-1.4999962958270563,7.0569555382755915,14.049158226098394,18.210049707277918,18.722898880168998,15.116857844607019,14.672415521994584,11.150087892099194,6.312485932796014,-2.2098201610656147,-15.50516998423954,-14.911744695301048,-15.33469954365388,-8.474400319831393,1.2250037280148016,1.326956351293684,-9.175035611052465
-2.3579958917715493,7.173634367998858,13.09789794542598,19.115113338753687,18.70479289770201,16.439671206770964,15.020433096315104,11.12882918239993,5.721910025581016,-4.884513644663782,-13.457195051354875,-16.115581165094216,-16.65996001719461,-8.306299372310232,1.0670038817308003,2.1193334579101455,-10.714882885403316
-2.3479960863751557,5.9725110331652775,13.504130368897197,18.538482576491575,19.837071057537607,17.977209325391332,13.305345111004051,9.054445560966721,4.6520011599430955,-0.876050338707195,-13.36812823734159,-18.577205845585645,-13.961591912853685,-8.177162716276126,1.0240039522486541,2.5578411372616356,-15.84038041340298
-2.3479958756933454,5.12668361485707,13.307090782336175,17.294976015133436,19.660645044676436,16.067202972548593,10.487574906581317,5.107613576755885,2.958928040239364,1.660428961987182,-10.291331394975707,-17.922476229647952,-12.515833026733834,-7.698481563223961,1.0730041877259968,2.8694634428642756,-14.594441096409826
-2.3479961589558083,4.5489416852391,13.124045570836493,15.890627589510533,19.660373148437284,14.964585266175344,11.490509473518927,6.618131189807105,4.864084144777308,3.9520645761379405,-10.7527657561074,-15.707398633265687,-11.792332487080927,-7.703231127061887,1.1670038863437218,3.0829447077778713,-13.967634819345008
1.3930040755970765,5.285541469606292,11.811896631948592,16.802880772118865,17.154177516795148,13.434977710854879,11.67206243945027,6.7126319417941644,3.751382009244532,-2.5255048967621043,-7.164475608378874,-12.677555194514076,-13.034166580602223,-7.516131838246743,1.2560040512783814,1.482724287404761,-10.981352954240121
1.4350038280433255,5.034322397603924,12.314088411691237,15.571202358359642,16.698852535871723,14.692145978383554,11.981591590522697,8.725438050614393,4.510584270380992,-1.5062653795064824,-11.094571142933816,-14.723631853186752,-11.903855933334984,-7.910773456422966,1.3190038313811856,1.2868461869025705,-3.5556298589918973
1.467003750123489,5.028303481429512,11.097550740161036,16.262904416549752,15.964443054649742,14.603792678713166,15.718740501110892,14.442064450503324,9.175323615587416,-2.86763637534313,-15.685416886485903,-17.412562768387886,-18.015547038442328,-7.540527445609509,1.3460037582297206,0.7250530789963525,2.2002597584715335
1.4960037393558916,8.803925121912933,12.259666338044008,16.539958495217522,15.337053433622735,18.020453180539008,17.449016326142054,16.546619494906583,9.613436143766844,-5.581287392637306,-16.236953977493044,-20.35035941242049,-19.972574565402596,-6.937759761196805,1.3720037264812883,-1.2235347088267425,4.8540079210336975
1.4810038018393796,8.097328044438514,11.437527577043149,15.340853150231052,16.200024812023972,20.750104834897837,16.266865040178583,16.078932764002875,9.667705549413856,-1.3568764500231603,-16.25437561742578,-25.305823728129287,-18.500907347512996,-6.080828116438262,1.411003808991937,-1.341100238544345,4.104202687215177
1.4340039714909325,7.099749549514979,10.237974263690473,12.572528576311687,16.398156318423183,20.19355818003159,14.180076416865173,13.206159957138121,9.43784185804402,3.47631179754236,-12.839927842232095,-26.702597484938487,-17.672309004702953,-4.560142409981991,1.439003966722561,-1.1849475992045746,-0.37952934579697883
1.3930041108086657,6.0565819528450975,9.594252371981966,8.988779579651391,14.974074115089167,18.41419703281354,10.173352968860145,7.193710209786081,6.1088712601344,6.91058804549953,-5.911550956806526,-23.453276926929217,-12.293917501174855,-3.228418798053479,1.4790040764763903,-1.0332567277113625,0.6705854585110912
1.3530038606422063,4.611178932231457,9.370120281550705,6.020061972194516,13.006761267581197,13.82475214923237,8.689831615791286,6.631434544644854,7.00268237078847,10.000880931657424,-2.7660575812702426,-18.939819944461163,-8.83721631576654,-2.2864662348273033,1.5050038706557867,-1.3430439869647928,-0.4641402269438423
1.3150040488202994,4.596658131624657,7.17156694668875,5.2877549391428005,8.403828643396162,9.61734150061199,6.01775732203231,3.95161308954854,4.297660184815548,4.350367567300253,3.39981580868017,-12.956776991388926,-7.212746149357892,-1.2598817938952447,1.540004042859835,-1.2567473944961134,5.820070082704928
1.2850036432291874,3.4196518054732974,6.764804733626871,3.9957085987976324,6.809336666666935,8.801445265020932,6.900749766658904,7.732997244938551,7.034334944752558,6.154593448084359,-0.9008323209316416,-11.882634010412199,-5.52276299709305,-0.9225426356376483,1.574003617956818,-1.155572039315694,-0.4373313832941972
1.250004261048353,4.301901469578492,3.6417107056919242,3.6143558697057117,2.3244773114308543,5.170473120203431,2.011670435702573,1.0566459030200137,0.9449608435096675,-1.0390744620084522,5.867634661686815,-8.790287819301637,-4.87136409262216,0.273925512698306,1.6070042543726328,-1.0046632200419428,-3.4231141333953
1.2140038060026905,2.5329115633624264,5.567700417171302,0.386049572742285,3.1325064357557455,4.907313339891116,-0.6775956411048905,-1.3119305328567628,0.5361840915176295,9.252767249292667,1.6510740400485209,-8.979385967277244,2.077826622060435,0.1839438137979319,1.6380038307982228,-0.8701907571162362,-12.630052089668817
1.1960043388866997,3.229513341724858,4.003662118780131,-0.6932047984859924,-0.6123926614203583,-1.8895635840111642,-4.313175859282856,-7.460138672127262,-3.5653593210587964,3.6374660005858104,9.97868502026779,-1.7884808677809794,1.1484680126258588,0.951738644177335,1.6420043486618614,-0.8484192270870428,-13.506364577408469
1.1890037899421022,2.550334117317133,6.341553208939569,-1.9485935643324115,-0.7990130531387809,-2.2965841680983266,-3.8480287568397955,-7.783216603234919,-3.722592891603858,5.983478665410446,7.2963406001164355,2.692778106630037,6.411575011644206,-0.1406554084202225,1.6470037942336366,-1.7189731920768765,-13.189786752264304
1.270003982220431,3.9774368621030427,5.381565196931538,0.42283327821594163,-3.633464904107293,-5.998799470410464,-3.0613927324394066,-5.471439873901616,-4.6892379200714345,-3.414849575680236,7.970569890477327,6.691095570705205,1.5507707303717169,-0.6464490484789494,1.6470040160758692,-3.3828518291350544,-10.339331061706114
1.3330036561510903,4.615868253085214,6.262073406858328,4.160894593386785,-2.931453002045641,-3.1920909457789564,-0.5837092906695247,-1.8513075347438654,-4.02576370935202,-6.558470208340804,0.9048891077631254,4.650878551275314,0.9951915306534165,-2.018352682160966,1.5740036528132302,-4.602090737132098,0.4522291927887369
1.394003411096033,5.088360940312899,5.943859332415646,6.9661810983310515,-0.6813029437236184,-0.5175976035683296,6.580926339315032,8.559347262020212,3.6050953541841366,-8.046650180606438,-9.901719160741287,-0.6965570461896453,-7.965040212409765,-2.7033422023548903,1.511003424685892,-4.973345757008526,8.2800169354376
1.4340035214204319,6.267515955920307,4.03173844024754,9.356980079141781,2.8977215930972218,5.4691294615954265,11.597850041973935,13.286809312905884,5.466872787907532,-13.078006251546343,-12.025571103151645,-6.386287744714319,-14.060139230899637,-2.6066785821112766,1.465003479935599,-4.557959694343346,5.589826777136808
1.4620038868186165,6.142403733734849,4.221821310695552,8.964514759539899,6.288057088783143,11.229491026174568,9.063353077331456,8.719098069005373,2.387223312146329,-6.885244594980104,-10.281172649316273,-13.85541771669779,-10.380736388189987,-2.16732309664329,1.4650038481948067,-4.228505582475884,6.202231493671694
1.4660037184034194,4.368835973017413,5.455854954986533,6.213074806355287,10.063718305949442,11.9342804156537,9.015940018159068,8.769679117866286,6.39724721423636,5.350263657637747,-10.839097400665457,-17.932269546418784,-9.959704264609535,-1.3051182750634336,1.4280036711965407,-3.9594997045841227,2.981898683523881
1.498004038152729,4.339039479224027,4.009803389147211,4.462429997000841,7.0452801424923575,9.944769486605573,7.15054921416915,4.333739844005834,3.773224782346432,2.83348589773216,-0.5110548410525517,-12.762966623258844,-8.633688261702604,-0.018047199636486155,1.4230039904690133,-3.7456170777660436,1.2746593545478049
1.5010038293233787,3.165374466620299,4.966067270553667,2.567002589604338,6.115143635898594,9.438233819526866,3.782537498058933,1.279620324081249,1.7399180778762524,6.841794844455816,3.235020868901289,-9.816773905896778,-0.9114177177412817,0.2116846408228623,1.3980038441053306,-3.3424017690528767,1.5913844012604006
1.5260038979734212,2.7064571815016087,3.9508893043503788,1.9386732672325766,3.604752646232379,4.691514733144878,2.3066546134313137,1.5376326441396648,2.9703921168273677,5.707414531672313,5.107353770740501,-6.2481704325928185,-1.752306849675044,0.9369617355800907,1.394003898688677,-2.9554132393206816,1.6078078718523863
1.5330038222164852,2.5990899756431056,3.0230342397220813,-0.1429682261599754,1.2169950846240436,3.141189782500048,1.3220804810793183,0.7951934791525508,1.5842819659854186,2.955373396726424,5.6202561564236015,-2.9795379973128053,-0.04887022249833084,1.2176944084128658,1.3680038007588131,-2.3730212977464813,1.5198094191523834
1.5370038294070452,2.3589350639387203,2.5457459768116735,-0.44635601379103096,-0.23193403841467042,1.8009811479594129,0.220733903528874,0.5499595312461689,1.1227518608142315,2.5985822391364968,4.951133084371311,-1.9392849230335805,1.221481106461975,1.375099915516151,1.3650038384669512,-1.9778512105611645,1.5423941086246826
1.5410038106599213,2.1794736800512364,0.2865242705316864,-0.8714115916514071,-1.1157638695988656,0.5348428950058859,0.04566395929479583,0.630830597087765,1.2690235816390105,2.1671035402500047,4.582141483735197,-0.9868459305523913,0.7492281932725993,1.6188373820621154,1.3480037920632721,-1.1973785841751114,-0.05379851243091326
1.491003878557006,0.3095568031526271,0.13251377705559686,-1.2959154670697748,-1.791181326938378,0.03168976211957364,-0.6267347319293279,-0.8205901238136633,-0.0944242833323452,1.3363232328636854,5.768779895523219,0.4515344563146142,1.7331600701533365,1.7575955746683412,1.3390038685434256,-0.3940300554690015,-6.806340658829981
1.4910040779971139,0.6027079649036692,0.6741555472175256,-1.8572600673977033,-2.4564613172531553,-1.290238366932684,-3.944913567944673,-5.882369936421682,-3.9307128300876233,1.8432446780573482,8.746564179350328,2.419519714283335,5.234699711468707,1.6869304530641693,1.306004075612928,-0.05942814454079404,-5.729589462983857
-0.492996302210563,0.07425292774997616,2.2763718168790708,-2.305804416616258,-1.5976457361670429,-2.6913474006974654,-2.342538647868955,-3.090827509299694,-0.7726585199956135,5.316650019181237,5.114264183866181,4.027267918205318,5.021138904275988,1.1298102675249768,1.2580037445194785,1.0874544440214489,-5.43312341709377
-0.4259961881667029,1.4061217312535226,1.1888785936053075,-0.5086504131767204,-3.330822074703116,-3.976717341291466,-0.7045042952999203,-2.128127761961429,-1.5172874214068255,-3.1951692193848507,7.78782014906459,7.7681734907959825,1.7755584120393921,0.9796511052059143,1.20100390529338,1.423795695298465,-7.0514849537121025
-0.3739962027240936,1.8110521245655282,2.4813236436241146,0.7621897676080178,-2.4943925942401606,-1.547341575993502,-1.5557174623877508,-3.0209847142742223,-3.5368550255848312,-2.6627150024299695,5.37664621473578,6.25985680289206,5.176437279037524,0.061103392710476934,1.1780038430522735,1.7531082348291414,-7.037271362125899
-0.30999606945518754,2.026123746076717,3.2570054411447216,1.9208828345229745,-0.9199555844297063,-2.190693450316215,-0.36701778756266545,-0.8346029395509174,-0.8828587242392061,-0.8174192888283365,1.3282845422304135,4.181912067963404,1.8534345339726732,-0.27349874472600444,1.2000038614034245,2.0652376032885362,-18.022040803944083
-0.24799557589220894,3.2827947267800797,3.6742074244402425,2.625581121721867,-1.080456224407925,-2.545232295331723,-3.972500747570219,-8.42871752918194,-7.444803107426154,-3.764696335236575,6.262435849397363,6.09567655293959,4.309082302492551,-0.6034209509444282,1.2560043130047331,2.3132624723784687,-18.016597787637902
-0.20099619140126973,2.2003950443542317,7.541267490694693,2.467610823210445,2.460451006784643,-1.8668553623720334,-1.8106809292749961,-4.969883713731964,-3.3550787368349972,4.7073841933406655,-0.43643347322580084,5.4709263276657705,6.104047142363928,-1.9992895656178233,1.3560037900020816,2.5385431283713356,-18.03131455924304
-0.11499591249883394,4.136539743494623,6.240459237174005,5.800007545599059,1.1563803729503253,-4.063006728535776,1.455809004796535,-2.487693868727103,-2.8114479801550196,-6.865374048470887,2.9289700190218824,9.463330539805245,-1.4067615724562685,-2.4711860725442993,1.4770040951305605,2.70370961562596,-18.06061463411795
-0.04899612060370037,4.892077686345177,8.215730802738083,8.446133582771536,3.439045632884506,1.0542976544179279,2.620138383221555,-1.4511189392958919,-4.354308001951765,-7.182315432040113,-1.7858569768307397,6.597450655564296,1.6540013314429984,-4.204195775113881,1.573003918020109,2.8302609162997587,-18.08657069373423
-0.003995896131463569,5.726060068804764,9.232295347728504,11.337128019039682,6.014637281008772,1.562338005102979,4.4598217720277376,1.540369185711544,-1.4026367368567705,-6.50169964871958,-7.077374573296364,1.9496845096656479,-3.736353154278449,-5.070987240418361,1.6500040583305877,2.8407223175434497,-18.099583480503302
0.020003964956489383,6.562625541865396,10.409885468599649,12.588835233250602,8.895918998097152,4.664301686224423,7.353290480367901,3.3456700678624998,-0.3658296550196418,-6.770096306217631,-10.441633144215327,-0.8762105988121212,-6.825425749358882,-5.972651212210098,1.6960039938051374,2.8347240291088562,-17.85618931975685
0.020004032368689785,7.244758884607913,11.855897034097381,14.520515113674186,11.7174332380758,7.741379559965359,9.37127597087455,4.8265041631768995,0.430673730608774,-6.485032443497641,-11.651171601907627,-3.9917696568231946,-8.369411260096433,-6.889821710982384,1.7290040535879434,2.645543888815298,-17.114702415593335
-0.0009958687376832927,7.74333462017767,13.04115859113654,16.366489800293042,13.908310446700915,10.21948313807786,11.065997459704004,6.332039940379238,1.7519209774135938,-5.756449302125667,-12.847691433220092,-7.20403718673127,-10.650930447148117,-7.583082183691197,1.7300040480542327,2.240268527635706,-17.143770209273356
-0.060995968216960975,8.187864092437763,13.989882039446252,17.942266275902604,16.07620086817692,11.883380168587376,12.2061268706384,6.745427923242778,2.0846967474795797,-5.36982725095757,-13.76498070100914,-9.930891711958656,-12.152951782826255,-8.11605045193117,1.7310041467007942,1.431116634545533,-17.156266187953847
-0.17799584472445595,8.340473198444457,14.976705157849183,19.069714416251244,18.067020268547516,13.644309879846535,12.44276617498668,7.423057565342307,2.6529486492828536,-4.1541785361455155,-15.177702188868725,-12.564439429708996,-13.01946029821148,-8.615736666538087,1.726004139539918,0.6272465861708352,-17.143780425008174
-0.3639959140974239,8.45749979916976,15.537711862329477,19.965748171095896,19.44314864133243,14.716663671551283,13.141921374913043,8.125386431650687,3.399328102468303,-3.599831900409633,-15.813600890233737,-14.477760560844363,-14.434757087353958,-8.979558694480913,1.6620041683954045,0.5194092943258364,-16.95373513094646
-0.6469958825173773,8.500922564966169,16.058674683884256,20.58269820868151,20.547268761667016,15.902645524315702,13.864409837459458,8.685032584995927,3.888581924135229,-3.1832304260447835,-15.834303720995777,-15.950733378146396,-15.307829226538288,-9.34122414010389,1.5850042002138696,0.7286964807554137,-16.912754652980706
-1.2169957667496092,8.444097406831743,16.417755441901413,21.091976076829,21.327910317408715,16.789479873440165,14.29937038571303,8.95795739867718,4.175616167924874,-2.8615713206406266,-15.465342793279184,-16.992724360169543,-15.925699057558063,-9.68357835888107,1.4700042694900148,1.317172706174625,-14.824449555625668
-2.3779956004616394,8.09764314152661,16.677893676997066,21.50754479117846,22.194285765596334,17.744259754538245,15.635032729398002,10.731875860415306,5.726402406209124,-2.211468573934031,-16.263279546111423,-18.10765373450326,-17.090561672457373,-9.97114592672831,1.3090041973594055,2.1965222016625034,-12.777428783446487
-2.509995984365769,7.610561863069021,16.183384516143253,22.03843861134192,22.44414372449256,18.71491759331371,16.63256863779509,11.870478579968287,6.38437078359156,-3.430632502004414,-15.765514160170738,-18.967586905458123,-18.388086724379548,-9.91014594856087,1.2060042149521633,2.7088946508585066,-0.19048748436425655
-2.5099964433772963,5.876014173323853,15.651817437218885,22.424853765504178,24.168144579663405,21.75062346735222,22.391105423236002,20.928793687735386,13.530527120774714,-1.6481800252595207,-21.71480554140797,-22.599636705019947,-22.533537304716845,-9.743322504359803,1.205003768815239,3.2068037129664955,0.6243566995252318
-2.5099958150663637,6.971124016369432,11.783738817892722,23.24267120037959,22.326295985796676,23.50400390543239,20.845164953353603,18.022531593531482,9.828002959430089,-8.69098965426734,-15.207884973432286,-24.755741407217982,-24.191868535228075,-8.356586854028212,1.2560043961724976,3.506747577173221,0.5569615575659748
-2.5099960543377624,5.035189749978166,12.484904092972917,20.036119734841844,24.94854375587259,26.656602056192213,17.677547172518818,15.445228111946793,9.899512883916028,4.7657488567640485,-18.178305005284837,-30.70715514511,-17.308758302989258,-7.63099331567313,1.3350041530864014,3.8224111239761864,0.49508059098674934
-2.5099958224217653,4.253943888679737,10.283781511720946,17.123028873414373,23.420120771278313,22.19742272028401,16.57572733305356,14.129479412683994,11.686941705624363,6.495263347673909,-12.782283762316972,-28.40569485606862,-20.068558173944457,-5.6382944787999385,1.420004423149371,4.035007481033355,-9.829381732957653
-2.509995499974942,3.9857879041229918,9.449499871231398,13.777773767970023,19.663659322503058,20.15707293149252,9.13601597471997,2.7191530079394575,2.2825285699872744,5.468743833169906,-0.9583744771065135,-21.959926410626682,-9.973743559630567,-4.536600281794978,1.488004704588199,4.183139401901097,-18.460718691295742
0.7500046654003333,2.3450045467574485,11.388264141798887,10.238707498451925,17.334372906618448,14.082260092515206,2.5163204107466726,-3.533445591187032,-0.3470986882263256,13.23099124308413,1.9898916500016348,-16.83967551518099,-1.582337705615208,-4.2648339237964565,1.4880046410816383,2.9764724600604167,-18.415561555206818
0.8710044482254845,4.592045753129126,10.771699788213782,7.459263337556607,12.659321891284318,6.335250272999319,3.329778747775525,-1.379936937295426,1.737474681309303,8.210845020759184,2.4517735002319405,-7.854674505288884,-4.403372290265752,-4.123481406060433,1.59000440030335,2.3711987791068685,-16.825028529964147
1.0170043624498906,6.227665272660307,9.553685169330816,8.917202070177698,8.260320767789475,4.8773333535615375,4.383409814767481,0.058011161370787434,-0.8001063774373556,-3.045831362016834,2.435624992331853,-2.1125401457349655,-4.3027436638581085,-4.8228900476208905,1.6180043436148228,1.8545768318975775,-15.623971584845645
1.1330043065163473,7.082547105368426,11.983965242745192,10.757780998554004,5.367067626302967,5.477977753947677,4.432104857817119,2.1505295630741177,-1.2091117779256384,-5.460977954498787,-3.582566831169185,-4.574619183501891,-4.920960609215693,-5.753695131374571,1.6190042781445364,0.5213420795317647,-0.4114389278407904
1.2240036401449035,7.0080268483999975,12.016593420464897,14.106393786499234,8.072218711172082,5.687264019678089,13.90556547917085,15.949619208717662,9.58222429711598,-4.874009232816288,-17.252522896647818,-10.459049285321413,-15.464561998834085,-6.218189392850121,1.617003676622946,-0.9699656732451056,-0.18729843763911097
1.308004399514443,9.381112598649548,8.46527129624599,16.296973449573198,7.0460308391056685,10.114097041712572,12.397208066411663,11.051847977817168,4.4281321665069715,-16.631919642963247,-11.817078013308542,-13.764001174352778,-19.415160434807824,-5.559933861660075,1.594004383063561,-4.134205979980849,-0.4094564193452709
1.337004005629494,7.444395038327149,11.278908654146981,14.620776864032651,14.062581437108111,16.5652134300743,10.376954164762006,9.577733076600957,3.0230187739204,0.35145661734540745,-18.225755492552437,-23.826340770535424,-12.208663334621109,-5.841725083865526,1.5720039901322864,-5.737542957691116,-0.22684974393084387
1.3710042812499232,6.99923517384066,9.590306780241418,12.777193141593875,14.849441301107213,12.943188020749593,11.5187609319655,9.990019467156257,6.750029670839367,0.9333383267272857,-13.689064685400181,-23.42291692334108,-19.10012318870411,-4.248963998122694,1.5420042850646205,-6.849409500802711,-0.12505916810559828
1.4120041310428775,6.525908851295857,9.366325948713754,10.591889999689826,14.025181657612535,15.185388083119761,11.021405658224054,7.206584187876514,3.7657778767702013,0.5909853872136939,-8.065457471534106,-19.670948437219536,-13.307397780344653,-3.7593555390857887,1.5020041346191562,-6.74995441661032,-0.04720002185800276
1.446004245321687,5.83895989186118,8.980559051789971,9.618994220123664,12.359655676332997,13.22699345935424,8.385785314558735,5.755397852254495,3.341556165352616,2.095867199033212,-3.996741221534423,-18.360704178054448,-10.279390832231293,-3.151297131018536,1.4470042920517285,-6.417881192051541,-0.0017055466982267003
1.4900042263302107,5.281997744612145,8.107623658219271,8.34659300825404,11.148596847163688,10.60744642600992,6.75229314597393,4.736297519024731,3.396113314260031,2.7506465101412427,-3.65979106608302,-16.44612601464273,-9.561820404032717,-2.4543722834123827,1.383004233005931,-6.779945014747529,-8.192850101995289
1.5260045415034809,5.300578881913606,7.422027247798642,6.827351786039687,8.239426287002578,9.71313182733158,1.1231143821786018,-1.027401544011636,-2.3942627766559985,1.814608561123101,1.7800410885477724,-12.520632088857997,-4.459646171427894,-2.0376910576939666,1.2840045279136219,-4.826697039390983,-17.672297043430106
1.5850045550402834,4.57149425261224,9.069347361519846,4.423814168933079,7.099721066612591,5.5253677751206425,-1.8991844831621236,-6.853771438276315,-5.773922764764963,6.827247524549845,4.2503759796389655,-8.882627151307666,0.9947330404818973,-2.4186775758241073,1.0950045753058626,-3.5582639311684208,-15.795292658161271
1.669004201779248,4.438817473970002,9.945586768159025,4.13784017520592,5.652775238190756,1.108529434904424,1.3116613551976162,-2.3273741359345976,0.24312384605565107,6.709664671031947,3.0681609726563552,-1.9374327165141052,-2.001462679556621,-2.8903832161531278,1.095004230627896,0.26859286465982013,18.599082619477414
1.7680029970017308,4.653093599000265,8.43183376500967,8.2395428255774,6.505929602607609,5.625148035731816,20.307353279160616,25.126669615442555,18.630393370755826,-3.763909198785809,-8.907333681242626,-1.7049936292137278,-17.306017314295392,-4.71922803083259,-0.14799701158133802,2.542095179558392,18.552999881991006
1.8500046138215382,9.263979531456272,0.9549292306620005,14.734182437141342,1.6215938498844436,13.018862020929095,16.632876865844736,17.428596873634845,5.110952135033138,-28.572428075620408,3.3127459561445516,-5.471231785228365,-19.19833979831775,-3.2598551444930037,-0.47899547177073154,2.553760530836648,0.41957974025335953
1.8620045780369607,5.514610985465002,6.786163098991674,9.133760963159894,10.10743879961853,19.380496068420022,1.6064958595897885,1.0911167167432332,-1.9577172329164156,8.198291127745803,-7.074015398951852,-23.827859733750824,0.8473647200479881,-2.387352692931232,0.7020045965144006,1.9616151592986144,0.412056137489264
1.8540042219590886,2.51467351215418,7.277363316769552,2.620796726702493,12.762546821862065,7.754723903679508,5.54206368635771,5.878901802752242,11.63701998670932,23.1399127950062,-8.348020554594257,-19.111327741467637,-9.23768275012161,-0.8849012454721144,-0.3929956676531092,2.5276114548635276,0.301567762618283
1.8550043594282022,4.1901832165231045,3.928676711090608,1.3266741249628717,5.73792767170934,6.901127651375383,7.257667402510275,1.6441550240478602,3.2762300671264963,1.9388855623510963,12.97482316579624,-1.0260504773654606,-4.964486776810906,0.008157098680020902,-0.32999556845017763,2.5117671606086116,0.3042348063197634
1.8540043050426764,3.37319053496741,5.511947826879146,1.9597650947739123,3.1499782404382133,7.939295567527051,1.2310057135600143,-1.0180645733189024,-1.221165089257302,3.7864475455775537,14.88523742177157,-0.8170184061904155,7.725175412596612,-0.8172801185358127,-0.32899569328839356,2.5027933679051975,0.30301681774398
1.8530043826837974,2.983725499049277,4.07484143860931,2.2754462887958056,1.2878306249122575,0.9441696947041454,-0.39392620701019876,0.7826358701852134,2.723088485096141,4.96330558485311,8.101116781477515,-1.76154913951989,1.0197268177348988,-0.05677910075556625,-0.3299955411414666,2.5038495060609574,0.3034183707806112
1.8530041949550378,3.0767342475543984,3.198139224029419,1.2673253841594283,-0.13672912667264203,0.7607865842059551,0.7722634906884067,0.8977983106767833,1.7321327935455932,2.211821811881854,4.056512292102367,0.8304704273500811,1.002355396839107,0.060140178934029564,-0.3299957288702261,2.505169097069107,0.3028165146812682
1.8530041944667701,3.136372184628279,2.8557740631935955,1.073934622580191,-1.110050383050143,0.855186393159491,0.5038866473346992,0.8201029229008099,0.6930582594844581,0.8107728858398604,4.720744015891577,1.2392605560370686,2.3400116476784745,-0.043069176631228,-0.32999572935849386,2.5042793672788735,0.302622739691516
1.8530042330289067,3.124550187020601,2.545467587622536,0.8094744481069698,-1.1431903507900292,0.4338193315792549,0.5965775526919261,0.8672251540086112,0.8808875984302296,0.9308493076415935,5.415849035657344,0.9423472402289144,1.391626852850401,0.042714250710205015,-0.32999569079635716,2.5049052263195977,0.3035186179976672
1.852004244616275,3.1607177403804627,2.4680362885384817,0.5101315058418794,-0.9789206850679593,0.6776911132449097,1.1121741436145403,0.7957806243013328,0.7725865373706753,0.7498413716129053,5.083107219953897,1.373680425794996,1.2684228353740636,0.08441516919262815,-0.32999567718243106,2.505491696419165,0.3030082023885759
1.8530042090812042,3.179265459789432,2.4834346724497403,0.5176225870845799,-0.8857192617625462,0.9547049064318786,1.2144465511328055,0.7405009770166666,0.5504314309768816,0.5649060373661561,4.406730679712204,1.6265167081086047,1.703690478831968,0.042735578355684756,-0.32999571474405964,2.5035146139543114,0.30349580165908596
1.8530042115025012,3.1563067792129127,2.4395878159235536,0.6423941300443468,-0.7716835418439882,0.9425036184171464,1.1817900030515764,0.854577015807333,0.6463501024535327,0.6526309156898136,3.9210621810698036,1.5091933265726487,1.641480420461312,0.018089894984949506,-0.3299957123227628,2.505144855661956,0.30379040510011235
1.852004220140314,3.1380794057631785,2.383213366966269,0.7014456501119608,-0.616714184343619,0.9575384911068091,1.2845297780192162,0.964904370326085,0.7683127044329359,0.6888352896754764,3.7410490229347175,1.4673792497098708,1.4456223687137126,0.017577900810581415,-0.3299957016583922,2.5038414387770214,0.303527783438148
1.8520042210615588,3.1214159833659374,2.373874172599,0.7398856280527466,-0.4486841356525568,1.0837307966328238,1.3771848619866969,0.9966152172210773,0.7845247398880673,0.6957558513569364,3.6566148506433342,1.504119106330287,1.4721118656349204,0.006483608710743327,-0.32999570073714735,2.503760935764719,0.3036393368360012
1.8520042168216795,3.0951869612590395,2.37370939924614,0.8014126759897287,-0.29169947839469845,1.1661299491042012,1.4022994848006445,1.0239429989664366,0.8207674401557443,0.7648388057480324,3.5042380324808384,1.4999827021442198,1.5161759840452143,-0.0061915833495843065,-0.3299957049770265,2.503679048137876,0.3036322400942827
1.852004219552868,3.0596166217220384,2.361326217968604,0.8645362555674597,-0.15099630994995072,1.2023877794624258,1.417813582725153,1.066164678660534,0.883053782176366,0.8416565892139571,3.31722617148979,1.4899286862836278,1.5069579265372128,-0.013130335221890832,-0.32999570224583796,2.503473669280007,0.3034918687885666
1.8520042216883532,3.0238408815094475,2.34307765766052,0.9181035290608712,-0.030167943075860126,1.235993802258327,1.4341210367363288,1.1035520125302045,0.9348491691454924,0.892866847192056,3.1703899026419373,1.4953600104381721,1.508189194773857,-0.018278710872461912,-0.32999570011035295,2.504694690082789,0.303382730109108
1.8520042220862611,2.988347773227914,2.3262480391704727,0.9639691569742553,0.07867695387740037,1.2653822671760437,1.441989176343268,1.1314584139155335,0.9749130030305289,0.9391562041771819,3.0650824304862576,1.5042541215321867,1.531413172423611,-0.02215298817704403,-0.32999569971244497,2.5044497174294547,0.30287252236655204
1.8520042225753708,2.9512299099427564,2.3073834075672,1.0027998850518691,0.17654164449885545,1.2860954556119215,1.444964241022883,1.1533178801555484,1.0118886496181343,0.9860471030341222,2.971734779450312,1.5161853446641922,1.5442823291264565,-0.0230790689786442,-0.3299956992233352,2.5044923417783735,0.3027967889021443
1.8520042240221024,2.9183224978301876,2.2874437831010375,1.0361418569366638,0.26379236760322655,1.3011667483410885,1.4457755078957668,1.1716303991494201,1.0444820397241334,1.0266013892709578,2.8796785980960333,1.534231943179377,1.549873035478131,-0.02480757525552002,-0.3299956977766036,2.503301998373564,0.3036181603133029
1.8520042249249702,2.881946433330626,2.266132747732616,1.0660103115618194,0.3405242553363039,1.3115611103453026,1.4435078271164055,1.187928480857149,1.0708109217099633,1.0620762824676198,2.79335165840713,1.5546508358970015,1.574788833067746,-0.023909907294733024,-0.32999569687373587,2.5016935774903546,0.303102272051207
1.8520042256751028,2.8463679372913164,2.243481872699544,1.0923322407645804,0.40980614192326237,1.3174368465020074,1.4384532687262874,1.2010396837449107,1.0952927254971492,1.093422687229159,2.7173234823138768,1.5754716700877707,1.580971584968975,-0.023192872282583377,-0.3299956961236032,2.5021519302160558,0.30382646493112686
1.8520042265058514,2.811417003665255,2.220912846449738,1.1146580500205134,0.47138129842296594,1.321108191528823,1.4338897844768281,1.212987849628961,1.1201344538351177,1.1229425940608357,2.6486998851126966,1.5975107815361351,1.6014805094911162,-0.022831563796665955,-0.32999569529285466,2.503971434738813,0.30349659641917515
1.8520042276104391,2.78085684621381,2.1980476885786926,1.1345220670269516,0.5287192668458545,1.3230301546319878,1.4282823711581945,1.22155686353248,1.1375695575592506,1.1467426378517094,2.5889272742730434,1.621832851034264,1.6187849638433833,-0.020951783846850702,-0.3299956941882669,2.5028405951350523,0.3036436168689378
1.8520042283648437,2.7477914660101512,2.176038797465244,1.1523779116012889,0.5803980094862988,1.3239927679733698,1.421336876536607,1.2292222967835735,1.1541548441885248,1.170711613711672,2.531705024913459,1.6448217504129135,1.6379424065474422,-0.018167364470965397,4.230272192259009e-06,2.3727415220751507,0.3085398941192562
1.8520042256487321,2.714348527525798,2.1493929863549575,1.1713028396682619,0.6161930649041878,1.3216122207727339,1.405064309262861,1.2498300658454056,1.1757769488953693,1.2046880635453534,2.4439093272266468,1.6427034999685821,1.6599244583107806,-0.020673676625958204,0.012004192270130994,2.3691259130329865,0.30879514460401875
1.8520042284592764,2.6852855587976294,2.1156453317702795,1.1796598491241457,0.6581879408647435,1.3079457289822014,1.4104840147422886,1.2635598445943814,1.2004196407732137,1.2159926820510651,2.390198729404085,1.6615779929804821,1.6332344090976882,-0.014813023587639251,0.012004195080675361,2.369074439929756,0.3087093753113694
1.8520042289270036,2.654221671156413,2.0960437149834017,1.1832477362156524,0.7034243689716004,1.3258637724284768,1.4154468064976178,1.2628526504115702,1.2040424008090955,1.2325820095261966,2.3563745699883984,1.6903627428293373,1.6644399677914667,-0.013552579554369837,0.015004216529237455,2.368817494841857,0.3088277147433645
1.8520042299042256,2.6250928130672513,2.0760867632797124,1.1949775944937873,0.7425423485862865,1.3279225713877327,1.4086140742132849,1.2652020585445278,1.21316337365474,1.2500469906615448,2.3347143732622095,1.716665871389448,1.693179960433707,-0.011477680992717176,0.01500421750645954,2.369424266489558,0.3082254623784177
1.8520042304943192,2.5995026156181975,2.0566349842780354,1.2063973128364165,0.7784062812496773,1.3253401047945632,1.401386229155666,1.2673381065058846,1.2253111488369095,1.2673735711427456,2.3068660552635727,1.7393099392732403,1.7090977432316257,-0.00905207199512753,0.02600425528985136,2.364189881928084,0.30851270342879267
1.8520042314758407,2.5706301548998605,2.039067643270468,1.2178827246359625,0.8111454616359857,1.3220871921080901,1.3940861484834017,1.2712611729720207,1.2357584273069953,1.2828460629718121,2.274800440058251,1.7609221948331786,1.7245574983997343,-0.008125363851951617,0.02600425627137284,2.364317997658395,0.30873989760618065
1.852004232299091,2.5480390855475332,2.0201396051650167,1.2290606982932502,0.8423714640665971,1.316386700573127,1.3870269282831862,1.2748800145224335,1.2444008155083643,1.2943825781917866,2.2463819789042256,1.7833287149493529,1.7329070303071918,-0.005956807285705301,0.8700042389748113,2.030161665017043,0.32182995291937494
1.8520042237759713,2.511414755644763,1.991697097674206,1.2459348227094276,0.8424239281749597,1.3118790767917494,1.3566239758772074,1.3132379753572196,1.262346286944526,1.341579683601875,2.128945586450384,1.7390028089883447,1.7720278346411344,-0.016329400054942822,0.8700042304516916,2.029574535129983,0.32117879888488876
1.8520042299408344,2.488130791350102,1.9437951126012878,1.239456282922902,0.8690410383243174,1.2768026026520072,1.3820032426767017,1.3348859358632932,1.3031889804257233,1.3302337506720636,2.0938150408794445,1.7469072709644191,1.6727950522172645,-0.004685205750698196,-0.32999569185787175,2.5042115427145193,0.30317123935012136
1.8520042427056846,2.481144352622181,1.9506256192102844,1.2138406333005003,0.946630159185447,1.3278122071711576,1.4402327049756263,1.2723130184559468,1.2687371891978392,1.2915886700324246,2.2260466953399014,1.880780008498814,1.7047150002724731,0.011582077422936488,-0.3309958450323526,2.5033325304384455,0.30294981446753005
1.8520042364317721,2.454952936895814,1.9798397154451473,1.2446778980677606,0.9744688313809371,1.3767157259292455,1.3882454132474806,1.2417685727445025,1.2309412535395987,1.3364845164571142,2.269240017349124,1.9144572912252533,1.881972236698622,-0.0009705964433711634,-0.32999568536693397,2.504515277883061,0.3035443144350576
1.8520042382280613,2.4323922263839606,1.9564222895769205,1.2885740372943513,0.9889657321902723,1.2988205713220138,1.3398812946109309,1.262711219114661,1.2749932242518645,1.3569860258247262,2.2335285519062706,1.905287211175343,1.8287035065955999,0.006061848131819425,-0.3299956835706449,2.5035369422085587,0.3038673513110339
1.8520042393338465,2.4107770018609624,1.9405564904668624,1.3001626975383977,1.006030314194035,1.287886543273574,1.3348536889591176,1.2716170408324794,1.285563091543401,1.3609047183546852,2.1560352333892268,1.919044304988156,1.829747947297852,0.0070846908604271785,-0.32999568246485944,2.5042035960530002,0.3035657222450839
1.8520042411208206,2.391648630771936,1.9255646116866147,1.3112130753275029,1.01830551087206,1.2820801173477219,1.3273105920082353,1.2772129072601834,1.2883168082838554,1.353584793291829,2.1155779430541104,1.9261347934812043,1.8399055550812933,0.008704999805095925,-0.32999568067788543,2.5051816733599326,0.3035412947881897
1.8520042408378525,2.3723587141661824,1.9106019601298492,1.3187553315066114,1.0370259469968925,1.2785194996490126,1.3216377294620045,1.2791062562134945,1.2901651726376786,1.3584374794219711,2.092504276640965,1.9272654682061146,1.8397945938360976,0.00892084885177069,-0.3299956809608534,2.5034507927133056,0.3034232542655516
1.85200424225298,2.353960609842342,1.8963657036931425,1.3250545137630991,1.0579605600189574,1.2773118177348701,1.3209282583586717,1.2809460965144908,1.295758153376327,1.3633634270523154,2.071419347013201,1.9311969693310744,1.8371700933688615,0.010469321139905508,-0.329995679545726,2.5049139249636045,0.30355896898843004
1.8520042434122512,2.3363347127919805,1.884731630897966,1.329688075675577,1.0771346474830523,1.2794191615329256,1.319765027642737,1.2813331105926418,1.295855399922709,1.365505681206603,2.0482593597894856,1.9367718963255725,1.8423008237621805,0.012591555920347497,-0.3299956783864549,2.5029303568145203,0.3035633588896581
1.8520042443406783,2.3198760230063904,1.8735081568156329,1.336549110374112,1.094379345181844,1.2802009765676423,1.3159995654165746,1.2833704808766426,1.299491864664895,1.3701600429140224,2.025305523535332,1.9395955611891194,1.8479517211978818,0.012321350253990893,-0.32999567745802766,2.5047865699217526,0.30372852461381916
1.8520042452566599,2.302963645226186,1.8631297962093956,1.3429618708141664,1.1109920984142645,1.2791566179883054,1.313075847394701,1.2850251436401061,1.3007357731046274,1.3745697189355428,2.006293520944716,1.944211941501999,1.8495091532393548,0.014465928460305144,-0.32999567654204615,2.5031341237483886,0.3036851672657212
1.8520042463246462,2.2865341748869064,1.851448097546118,1.3487495429423328,1.1263091597435215,1.2793611659814204,1.310131787482909,1.2848334595146491,1.3004161732017558,1.3792732886179642,1.9902660456568755,1.9483045311016345,1.8604461815622,0.015368716293394258,-0.32999567547405995,2.501883238737233,0.3031373419399347
1.8520042473921994,2.270557735430148,1.8411247558276544,1.3552555392611831,1.1417197535569144,1.2787704788969865,1.3066265012071736,1.2851600768507891,1.3039526914286341,1.3821009308601737,1.9758566694677688,1.9531258810972454,1.8570684248998017,0.015293349826735803,-0.3299956744065066,2.5031791596504105,0.30369185252427244
1.852004248406612,2.2550067982364825,1.8313806206971397,1.3593081212615266,1.1546645195527123,1.2781971807665122,1.3041604364620514,1.286146131791386,1.3061977921325747,1.3858032248136056,1.962149811897448,1.9564044586059182,1.8588927405672515,0.016247672450157458,-0.3299956733920941,2.502900296762241,0.3037029127833161
1.8520042494471958,2.240109447491825,1.821789365750749,1.364515739211925,1.1661544573759455,1.2777439208675192,1.301042429674569,1.286348733832296,1.3071378859129255,1.38787500206322,1.9505838691440405,1.961709900580681,1.8665463273566254,0.017095754914979944,-0.3299956723515103,2.5030605378008755,0.30330488684544626
1.8520042505081171,2.2254785556915264,1.8127989812878837,1.3693668707756255,1.1782556811443756,1.2760259695011709,1.2975240548383924,1.2913305507442376,1.3362103782461767,1.4302960004194805,2.022384245137489,1.9650926603959942,2.211210688304684,0.017886610446733953,-0.329995671290589,2.591161779859555,0.27640217697287095
1.852004255011206,2.2156467340951917,1.8072650640453698,1.3713108692876639,1.1716400533830058,1.273780478041262,1.2918633556966659,1.290018445456822,1.3323893734411731,1.4253189982969228,2.0514128347688527,2.165563424685596,2.2191078155933024,0.02192054403223792,-0.32999566678750014,2.6751077502123657,0.26124114454696995
1.8520042563205654,2.2000942205103957,1.816293165417413,1.3800964768575714,1.2256608648833323,1.2896610248517815,1.2882101232820269,1.2728503522127077,1.3238539668988463,1.4462279681200243,2.0650206081517095,2.1914258538234894,2.2801645468725145,0.02126051722525224,-0.32999566547814074,2.6900918875298485,0.2625846234264159
1.8520042567206936,2.1909530121162937,1.8152218876031039,1.3993386258993126,1.2338499687560953,1.295014549877431,1.277963868905203,1.2783733684734082,1.3406178177632506,1.4392666735418553,2.0608658373104944,2.207344644781294,2.2891061601036977,0.019391229754931683,-0.32999566507801237,2.7107168163546307,0.26359221871262556
1.852004258257224,2.1818800802609153,1.8085448562539512,1.4171708581978613,1.2153370233297365,1.2973439175712838,1.2716747197601999,1.3070772082846613,1.3435879451273929,1.4265683655927177,2.038911371092528,2.2097346194072456,2.2859854556009984,0.01798634669578414,-0.32999566354148197,2.732645711784315,0.2624285457012121
1.852004259961764,2.1720965398341248,1.8065334051128419,1.427614132972777,1.227977473428001,1.2994951363689389,1.2697831906007107,1.3111693258062092,1.3455047356594432,1.4267777609323193,2.009445336429042,2.2022906511076656,2.2862534398379495,0.01618563589829658,-0.3309958277762731,2.7385991971891253,0.261778606895342
1.8510042589022542,2.1582663447345394,1.8006415931513668,1.4359652020718103,1.2413049670158574,1.3017069147145282,1.312214321581318,1.3183659135776478,1.3510242879899832,1.4293127129519514,1.9825369726620483,2.1922709928246853,2.27669310281547,0.02551411330689124,-0.24899580964308737,2.7347093912992673,0.26373477989639194
1.8380042632559639,2.148469923996683,1.760798296987328,1.4076745902390453,1.2544520261940868,1.3062800816253415,1.3159769436963713,1.324673971312144,1.352904782811751,1.4296452452142612,1.960303251064406,2.1795408959953533,2.2675983799140256,0.15198061057071433,0.36800429425037895,2.4854099546026847,0.2635417271688119
1.800004255751326,2.0780017418596612,1.7078949180809737,1.378359516715902,1.247833080489507,1.3125302416965248,1.2958838229628096,1.3461856212428391,1.353224483780096,1.4526530499725259,1.881056683910041,2.1228313708046667,-1.387394330370893,0.9419263965198348,0.9200042158162142,2.2082931808771775,0.46963494424563923
1.7470042562255872,1.979783621007774,1.5924266261636215,1.2750548693450598,1.2620783801103932,1.322688296569912,1.404215110344282,1.5464781351275585,1.5094404185738053,1.4874832463059637,1.6709726829551752,2.022384344187908,1.0593668394565667,1.358346320554665,1.1760042464504255,2.061281533514875,0.27676553362124906
1.6830042649356167,1.9225642120220052,1.3939060741258795,1.1353972154380885,1.210025040309588,1.334527159265172,1.321936416215226,1.3623829957155777,1.320176385435675,1.3109574817935015,1.81559084213579,2.0203115694458638,1.3246098501572767,1.542004576395724,1.2980042446700375,2.0456543065485056,0.2355630805430625
1.6330042417702308,1.7826123992050327,1.3624709301795286,1.0469808447605562,1.3181039144201385,1.3969478329542202,1.3182606971534478,1.3459238469012647,1.3681262468822888,1.671760869745545,1.685784516168047,1.9510418317545646,1.5413757745889187,1.5796692068838896,1.3380042548832527,2.0775058037060496,0.21923984178351402
1.622004272927786,1.7831502510673642,1.2833562967142789,1.0507964937195564,1.280346123648855,1.2927143217347628,1.3725759528985924,1.3545408634048022,1.3965233313359962,1.5043150921356832,1.89362818247643,2.1129868395435394,1.398626078356685,1.5994277936954067,1.3360042893786679,2.0948785494994473,0.21631241705791426
1.6260042464470568,1.7739829690966378,1.3021544586677107,1.0575609584068366,1.2804861832739889,1.3696722991197385,1.3626011133312654,1.31578611162386,1.3167509295447193,1.467354760693756,1.9646274509991533,2.1886159082683627,1.5614852598821827,1.5818626289332602,1.3360042845940294,2.0927224573202805,0.21614717130467365
1.6260042508149275,1.7650300867368722,1.3072111861610536,1.0938165470048307,1.2794260553689105,1.3263365509436311,1.3386441868391865,1.337954072561359,1.348771080513167,1.4805507374750038,1.9418936499225092,2.1706489483789624,1.5358422600822224,1.5761934670240563,1.3360042889619002,2.0885866842386633,0.2165499787399951
1.6240042751252306,1.7552289445629627,1.3047407721753577,1.1099771392495317,1.288843182871723,1.3205758552048117,1.3308642597779006,-0.7253726313566526,-0.7007174874387359,-0.5068901884445347,0.5378139524610317,1.23041462504739,1.496584151000347,1.570536246221575,1.3340042536675585,-3.3834640760795534,0.38251837617751216
1.6230041086931988,1.5607870933923342,1.130836621345244,0.9751524787959457,-1.3474087169371267,-0.7962938900789311,-1.1336897207822125,-0.16695042887101624,-0.5508801569722487,0.058558023974865786,-0.959135584277589,0.17040421575890718,1.7774602203807723,1.360182172035393,1.3320041299124523,-5.317594593387279,0.038657142547684965
1.6230041571415188,1.5511677059476643,0.5872238657416591,0.7421961669645829,-1.5397835866349792,-1.3744173346390913,-0.9453734174419265,0.051853935931503004,-0.20742248696930318,-0.09570567480451841,-1.4827290636922008,-0.27656472087856954,0.20230273797939102,1.4378627364731622,1.3310041316307308,-5.324730614133875,0.03953881797037419
1.622004159740308,1.5124154362381663,0.6460443559644763,0.20667957810635285,-1.2823056883868311,-0.7428142379942047,-0.19601605869529015,0.04316885579564944,-0.2627950757969377,0.07640793371119381,-1.321273111353473,0.10599023643285,0.28159793389991816,1.4090184489831943,1.7810041541374715,-5.490042575751114,0.04493399070885981
1.6220041635505846,1.565904983771703,0.6521334977829496,0.14922668165282404,-1.2571347552200947,-0.4393358651265675,0.05938386268994578,-0.036072924492518366,-0.4408587870353011,-0.2843541592606339,-0.279149249503849,0.5489968707502664,0.5505606554870437,1.3614152067600866,1.3290041509144,-5.319627816585255,0.039253392786059965
1.6220041504265663,1.5641812464544584,0.7394344878512467,0.2059344362641944,-1.0831584117857567,-0.2546943478202217,0.09387930425657592,-0.08660253045681304,-0.42514007093606554,-0.10588630678307964,0.24012939698417268,0.6821547119912081,0.7631200053115026,1.3140288893605732,1.3270041635395882,-5.322742057183268,0.03930841812692848
1.6210041418422967,1.559824717421316,0.8115889244458799,0.30981840965954044,-0.9614309209746779,-0.2324780079803217,0.13710110812692472,-0.016060817278023942,-0.2664733126486025,0.06570201814881438,0.37667948257648654,0.7936502948314992,0.8097165834233562,1.282442312472042,1.3280041590084344,-5.312147996990104,0.03846816918385271
1.6200041489570307,1.5637312359683322,0.8563608745798412,0.421190566678762,-0.8786238667236073,-0.200782340430957,0.1674713665463522,0.05052379005039681,-0.1694311902526453,0.10450934823363578,0.49362317992705895,0.9224718928824276,0.8689073231358773,1.248338454442465,1.326004119393127,-5.309532091250791,0.03809451868131832
1.6200041451163867,1.5586544555815636,0.9008409674421475,0.5238860732581992,-0.8002950770194861,-0.1658644708133905,0.17539117983886282,0.11451508222125073,-0.07874483730707182,0.1761473774515479,0.6738282313089858,0.9781681837973324,0.925762963156926,1.2156686340373881,1.3300041236587146,-5.305856002587486,0.03704216893448732
1.6200041429152359,1.5548580382529424,0.9399071594956996,0.6069733409141314,-0.7141840674837646,-0.1443575691925334,0.2004130043806971,0.17200260043755528,0.02217939535766844,0.2493185568554685,0.8372425839959026,1.0113996753262342,0.924597041913068,1.190735128492146,1.3270041600813736,-5.305583086868333,0.037501578210670794
1.6200041420675961,1.551215792739598,0.9805979537236303,0.6760184032955784,-0.6337765228869559,-0.10110571368161847,0.2324054132155251,0.21595972312602935,0.09723086967721395,0.3085718271744267,0.939931539055925,1.0543848695466096,0.9450924378747008,1.1677923938340296,1.3290041334845273,-4.913365368095525,0.038317932217106825
1.6200041488531105,1.5607117988327017,1.0309420294263458,0.736728116784408,-0.5276428272942497,-0.05988731091339383,0.2889603193553031,0.22790952418297172,0.161472849025739,0.3261655987111903,1.1158559540396726,1.1661008015431134,0.9488138117711888,1.1607227950795695,1.33400413550167,-4.1657573368736465,0.03731275631342076
1.6200041602129085,1.5796926455900755,1.1174631683878942,0.8055694741575123,-0.3961865323612079,0.016702528208662137,0.3350754581978306,0.21056419294044604,0.20408669652022743,0.32715325842137555,1.370664519469169,1.3274241785571994,1.0388190431718753,1.159568220317769,1.3300041387552364,-4.223068297397189,0.03850317315120148
1.6200041469556263,1.5696015424919711,1.1991534946962081,0.926911888483392,-0.3468729721629117,0.08296677460359658,0.26397019896562596,0.2803622328826318,0.27410000801666023,0.46811008072633853,1.3891457051706035,1.3093050055921405,1.2464548462084988,1.1248412422730818,1.331004112623351,-4.267146460074106,0.04258235626272217
1.6200041461666133,1.5586428967181924,1.1985163873930997,1.0220489067770018,-0.24395461341346247,0.045919335692555685,0.276367410062871,0.44544881907030076,0.46892941856050196,0.5965356293058643,1.2249920024445202,1.2143564572507652,1.1240584369943807,1.1203060338221498,1.3320041585643794,-4.075048200480693,0.058262263775376875
1.6200041489385741,1.5628405692295917,1.2155157123135343,1.0773285209211623,-0.11277392771972075,0.15027652073529818,0.4150605519230442,0.5700800818907708,0.6163441591151346,0.6629048661097797,1.123407450836682,1.2131379605746693,1.0482979265703865,1.1179885851762899,1.3310041146062987,-4.011950578576272,0.07904204475816219
1.6200041459814933,1.5643612011686887,1.247656359384776,1.115532445043126,0.004706789522967991,0.2942868206328101,0.518682556934313,0.6825307169171423,0.7168079140316207,0.7476162182007127,1.1248413378602578,1.1753812790128404,1.0960413793930537,1.0899927852647482,1.331004111649218,-4.103636911600938,0.09705535540975462
1.6200041395082045,1.5562886130900626,1.2747169683354125,1.1546935497052466,0.11082100542335852,0.38852197025332813,0.5856247958462228,0.8188424855505428,0.8468041593042354,0.8788199226642239,1.0964197813249896,1.0803607716803163,1.0608196097139355,1.0746845222572576,1.325004122818904,-3.830468873565792,0.1145128256107891
1.6230041375922,1.5616421234868185,1.2803990346126308,-0.18516153166493537,0.2471031775773122,0.47787399364793004,0.7314836580422631,0.9062056457904759,0.9757344094615872,0.9537397136211829,1.149025178987001,1.046020879925515,0.9559645299811514,1.0630579553329034,1.3130041650103366,-3.4043646009602826,0.038037891975027785
1.6260041379420935,1.5977112313128872,1.3193934746638882,-0.1056914589008178,0.36705319523677166,0.6106170111991661,0.7948043784071102,0.8556882651343387,0.9552907837254311,0.9903871448142686,1.3300146762909204,1.1157845933324244,1.058480055151176,1.0607838053156957,1.3000041627376258,-2.642466666058547,-0.8531787176399623
1.6500042027730815,1.6477756005977136,1.411554045624176,-0.06518784830376106,0.4167912129259632,0.5566758164757949,0.4054395981513176,0.14964159704760793,0.45762445774475036,1.0189143588680047,1.9773149544597315,1.3732629075825407,1.4855769551968225,1.0722573015513042,1.2960042006273143,-2.373540217768073,0.07106609210512774
1.6500041151960905,1.495948288866306,0.0869851081046481,-0.00931460743121909,0.723627047672653,0.6035337340808491,0.952741317563149,1.097194157530467,1.377148380764299,1.754108031202354,1.1120121737657847,1.356030119104613,1.3365684763380912,0.9847697633395673,1.2930040920694883,-1.8369422662980344,-0.023339370939092413
1.647004207561556,1.7339702676361903,-0.2226359552445659,0.397598864512798,0.3848114780889455,0.44033790640004256,0.9803221968853539,0.949830601264367,0.9985148794958436,0.07925996209379427,2.050079392454907,1.7982404277082185,0.7595092344433022,1.0453266117882352,1.2890041675072348,-1.5098425893074165,-1.3683930147443581
1.6450042165093146,1.654023152728241,0.2066057287160561,0.4033451638427566,0.6192114470506711,0.8339536874389014,0.11543617605298229,-0.13468523564213597,0.12452427127624233,1.0848571571187096,2.000507765397648,1.4243773650738394,2.16220498853125,0.9232587632592483,1.2660041786007605,-1.23565268065938,-9.67821731703155
1.6000045172957775,1.9641260579815143,0.6721669835506132,0.10212878451427676,0.03687382950152729,-0.9626800999465035,-3.859045114325985,-6.048859885426847,-4.049909160952288,1.5739230046067822,5.5674979546783145,2.7908278336590726,4.855342809144758,0.8466530409350586,1.2360045246867535,-0.9706314640587624,-12.036822249454588
1.5610042037362333,-0.5223851927880818,2.895669530710169,-0.683319197910004,1.1113106267092654,-2.495115174961181,-3.666488575335009,-5.608095148885507,-2.520283228606253,6.237780711861588,3.0058462100620797,4.667949169208974,6.32850116178498,0.026023072658137636,1.1640041889542814,-0.21297971669144933,-12.243391935038881
1.5170043074317574,0.5905274223679218,2.548938535839755,1.0362585157158124,-0.37425463281955373,-4.663510764540776,-1.6110126589085478,-3.920652528658646,-2.2783840203464774,-1.2101076237535757,5.121321133791136,9.15450968612635,2.7707507499915778,-0.5442162222724907,1.0400043391414284,-0.02945874689974337,-7.490390775170695
1.5170040051361848,1.1241635789271438,3.5069196727256062,3.344854781599787,0.5029186987289815,-1.757577763774408,1.6413735147497004,0.8368828554899981,-0.5441340631160827,-3.653752102158755,0.18651995314339032,8.003644223953735,2.162083660968782,-1.7805288778259731,0.9660039762875366,0.07975171464338837,-0.3744273919200302
-0.19999603383210368,2.008349922811977,2.8015697408030418,6.372327911139961,1.9248831396298858,0.5341125021017876,6.0542037254898435,7.448254345251472,3.7368708007699762,-6.879654259363942,-5.647079601874266,3.381954632746207,-4.545827738416457,-2.176885241504658,0.9700040424618417,1.5682879962939555,-13.646656839432113
-0.12399525017797011,3.621262407489895,2.5744972677236233,7.296722446243594,2.600272437472931,2.8929037785216773,-0.14232538526858685,-3.7912085784989653,-5.911726407165097,-8.481972635153133,0.11692704399412612,0.46178944606543215,-0.4923942120422997,-2.119176752811513,1.0390047970289085,1.8335033044997129,-14.845357900303863
-0.052995849637384074,1.4607114361570517,7.779919345049237,4.970111117423183,8.617128184741475,4.021827887662601,0.8944129071207687,-1.3784650530743061,-0.039407793662489254,9.734211300104429,-8.946607847694132,-3.597161347830891,2.8774320860366274,-3.11462212446862,1.1570041289049438,1.9496396128017142,-13.809160714957413
0.013004472433746297,3.332522931770149,5.76795266842716,6.952579822746571,6.497852964930016,-0.03897695091929165,5.108173625712029,1.3524626739252632,1.630730307659439,-3.1003429160630676,-1.1464315366153262,3.40529759639394,-6.584322267215777,-2.738052394585182,1.2770044710032347,2.0090400134817488,-12.634268267818024
0.07100421486709947,3.999766952987672,7.656713213915955,8.8321764839035,7.244809439353012,5.684281093619633,5.397487988044971,1.3119377372491794,-1.7601140046282957,-5.2252952860997866,-1.8633757575961543,2.68055627709641,-0.1565061101355152,-4.169886614426132,1.3710042267880287,1.7062350700717048,-10.420162907996621
0.11300439492973179,4.3238450906862695,8.274631073714934,11.287729323609826,8.80500290474868,5.061895663513832,6.264697252891777,5.040103963313816,2.1391109277131655,-3.478594681659775,-7.645510163132752,-2.536244822104535,-5.1076612998904185,-4.586442701786734,1.4470043863466628,1.5498368128694264,-8.042886386915626
0.14900429815922445,4.858472516880442,8.267217797216837,12.393731255308387,10.302421811700537,7.122946565329672,9.143675918115829,7.550085913488283,3.989241774832955,-4.201194000748231,-11.79909484372898,-5.296338772621096,-9.313292914243288,-4.76760482191541,1.5060042616811817,1.3012039713865335,-18.163180205456957
0.17500475841080956,5.796869981980677,8.824858114631647,12.780390618645479,10.625775253057725,8.379844912710338,4.381106960767837,-0.7952553729682339,-3.1332794309348113,-4.692389444188342,-6.137659171016442,-6.40911668626948,-4.869987190606445,-5.006980459634605,1.527004816108106,0.9354827909491417,-18.16258923797962
0.17400430397653832,4.403664080951486,12.368592219917712,11.605786730897696,14.354609264411188,8.2418693180008,5.421142083312695,1.671614525301214,1.3609057105973985,6.2669340707689365,-11.379128272336278,-8.37932412071945,-3.8672870118851757,-5.856961191442011,1.5300042803730993,0.4754061907146123,-18.147071927010455
0.13800461803177466,5.9768219876416735,10.968060236956449,13.585214165536648,12.492727233447638,5.641721338478176,7.980809149017359,2.983624198843053,1.3633808072811302,-4.419392143685094,-5.929155899461776,-3.4547078354333927,-10.20833081684508,-5.860456299988192,1.5320046118328914,0.26538741589034753,-18.111595729377214
0.049004424887983275,6.347837894008443,12.766243139487248,15.168113550910048,13.50876184926598,9.772456798216108,7.95730399439193,2.9546002932438924,-0.8906082940288655,-4.7254176053276,-8.37224951532448,-4.987988597661749,-5.6088862634005965,-7.231933621322387,1.4990044129670546,0.2903517342604651,-18.06651064122269
-0.08899543020088346,6.707641946659615,13.270622879739165,17.07573116242058,14.714514822536009,8.986818168305517,8.644834587827596,5.164101422205995,1.6280032444731134,-3.936725715697488,-12.12816692016359,-8.459183387957946,-9.980848907039297,-7.76800297259128,1.4450045492951191,0.7843180702432075,-18.032808790686914
-0.3409955867907748,7.1632688251062575,13.838131211205791,17.987885846331604,16.3233912620988,10.815612581880718,10.73244989020613,6.302855990606361,2.2825682968626726,-4.40771415778881,-14.278455181532536,-9.83831244808806,-12.350702347180542,-8.39783199591141,1.3570044866421476,1.1530279516820525,-18.01382784193945
-0.34099551922968246,7.465592025319972,14.679675994067019,19.046322628731012,17.79184471560935,12.897984799229423,11.938969765598161,7.042983391479431,2.4549322544584378,-4.447519965675916,-14.261376958080547,-11.429553287931295,-12.758486082055708,-9.050018663585593,1.225004584720818,1.6202908415069355,-18.021639305880193
-1.7489954826570595,7.539505851610393,15.35315718933435,20.037889432439233,19.30173652748514,14.226382358823,12.782197369541972,7.689690631911391,3.096100130184805,-3.8312905274876172,-14.170446748886512,-13.159550224395389,-13.893515458686158,-9.426958580602015,1.1670045855306541,2.554006112732165,-18.069578486432434
-2.3109952092018577,7.845666919961534,15.889391239226008,20.78721774712407,20.60664653903745,15.444863455544708,13.63247874748553,8.14374866810154,3.5945346490614014,-3.3778080377287303,-14.319222277565483,-14.313040341242154,-14.674387411756182,-9.645337344999497,1.1990046620521093,3.0207785409494257,-18.110908089733208
-2.2539955138653025,6.2071888355691165,16.561536018365153,21.452512130186097,21.568377659697887,16.478038968356316,14.113869668255877,8.481396509685073,3.8776999853244263,-3.035423315201431,-14.552448872568185,-15.33480722502825,-14.92463851323038,-9.829452123104904,1.3090046883136526,3.4140497337206437,-16.425447168537364
-2.25399554869345,6.227819297059277,15.697285399858018,21.94914475416117,22.41550203069356,17.348643391628883,15.269641294080722,10.156504748398259,5.279859007651581,-2.6084454684432075,-15.618809685599018,-16.661451414071934,-16.122677918114974,-9.968734027667464,1.4180046210605786,3.560289503450109,-11.201362202158188
-2.2539956569370547,6.37849958427679,14.624670387512687,22.84932189479104,23.073919585077846,18.851845217401774,18.01658446960124,14.084828576825627,8.102974320974461,-3.3569000435389444,-17.584634121793936,-18.55496970350911,-18.969111439922926,-9.959558288759576,1.4890045523944577,3.748076300571035,-14.698361229915875
0.92600493511068,9.3819995335183,13.891712784399319,21.274335511674497,22.195902405390843,19.851929454214485,15.428435961766027,9.874907119006451,4.128540056274446,-5.629714381033985,-13.744364619653068,-20.06059466386121,-17.732062219389373,-9.61353219908543,1.540004927719704,1.9627064842721227,-15.329930797620337
1.0700046484505668,8.640893356252645,15.630875037969052,19.68764901282693,24.109968652469064,20.314465914987817,14.212147517343313,9.587097352261342,5.582803320047943,3.11536618017238,-17.472702694241104,-23.232909181546674,-15.049591637386992,-9.751857513891332,1.5700046484505668,1.57999420475581,-18.45287459968141
1.1710049658311183,9.322645220726496,16.778913415835927,19.207484454000877,20.47029680380011,16.661285623808602,13.46913393536624,7.495012199124383,4.433040510194539,-0.34245944854201316,-12.620167225866295,-20.23289350157079,-17.646746773237485,-9.13007646503821,1.5720049589169796,0.40134947928574904,-18.43385920136016
1.2520046671736011,9.085740368159506,18.275660369766527,18.384871119584847,20.260427490495907,16.33247245824234,13.317113118896309,7.252231256356691,3.560148220934538,0.882144725094953,-12.821116671389525,-18.881249697530805,-13.790032519752506,-9.609022889390516,1.5710047026979694,-0.4569970745338279,-15.181531023858481
1.3250047033631471,9.433437398676173,17.839958149497946,21.397418404563304,19.148228946860087,14.192163394939511,12.602522491712268,8.098530107712156,5.889080431707493,-2.420790062652534,-13.619751152151176,-18.481890689625708,-17.318594014589376,-9.609163345024946,1.5670047169530061,-4.231445628987993,-3.6712196318856383
1.3850041999116092,9.35348017966433,17.054796584231234,22.739401813208904,21.007513860575514,17.006751459189445,17.878531549113347,16.6821521973179,9.043868408446604,-4.192337479004205,-20.41473984265164,-21.594271643205975,-21.87388429659956,-9.833714166575572,1.5100041999116092,-6.1006574169484304,6.496567929255954
1.4350043488310917,9.920300666733713,14.104717892863464,24.210289450455665,21.23961041767679,20.610186601768106,21.740956943387907,22.255854601944655,11.886584706643733,-10.580644526491007,-23.218472075459214,-27.008491675838265,-27.80048852826727,-9.028488493825893,1.4670043540763005,-7.655696615403615,15.73034201188088
1.4620042091410106,8.920039021365586,12.48994575815684,22.80676302290131,23.451859193798615,26.34702584459887,23.756315160322693,25.6013214895762,14.875883624366146,-4.947732335836195,-26.489658190951094,-35.27520984307446,-28.521132807398637,-7.780820135466179,1.467004204372639,-7.328844035939564,17.973717181938976
1.4550045455388407,7.843552302462625,9.723517895593796,19.37571272875615,23.68531433306354,27.95059556131389,21.951163748571375,22.64661160369898,14.773145690529471,-0.16300020272188576,-20.482563948225444,-39.00744888320883,-28.154141517853894,-5.235335192652249,1.501004549353538,-6.805379804784068,9.18076351197073
1.412004899360825,6.011334355298545,8.590020010293104,13.225758048750968,21.839101857073885,26.84680321887631,13.598175783168216,10.667225919751576,7.854404998793726,9.789939432416944,-8.3178596026995,-36.87600957237776,-17.59764068159891,-2.787978110704385,1.5400048905393375,-5.153460441309292,-0.6135646271008448
1.3570049887402038,3.487211656924388,8.832054942817996,6.323106574762573,17.13273865145645,19.584984265259834,5.233434042551671,0.5269018219727646,5.206142682585231,19.59566622919349,2.647592240060746,-28.55992074516087,-7.251664167906586,-0.7740725581005461,1.5800050085289459,-3.8121044196739904,-11.753417574693657
1.3100051578128882,2.5429900538989614,7.933481128525454,1.877482667471071,10.02449250262648,9.06344517389142,-2.460484750540532,-9.034793312778822,-1.2144738686864045,16.881571478762062,15.522314594639717,-13.546847051329655,0.9980216424633657,0.5373369687623815,1.581005155667121,-3.431006530072847,-7.131143522940046
1.3320044682736756,1.379949776422777,8.365883147658419,0.21032988319009416,4.612200540634941,2.3136996567766643,-1.861421903100971,-4.50177469567907,0.7205095037053422,14.088652193867738,13.08330194041778,-2.9368132988984392,4.3264380795843564,0.22540259629976234,1.5800044642205597,-4.123569582022829,-6.801981287547914
1.3570047729899375,3.3040371757264184,4.643050199175372,2.7238432406104267,-3.1900243685314402,-3.4388901892717016,-2.9091191670935426,-4.122579238845875,-2.909419139959356,-4.178298594878291,15.388056024252556,4.195341975685784,1.0572846326922045,0.31543645682349486,1.5560047739436118,-5.0392699123981775,-6.4458132762028475
1.3900044188369385,3.1340286087974776,5.434271919473279,3.0798730559489904,-3.6597068618332376,-1.9300913564361575,-3.655618084085127,-2.9711542266485305,-3.7538560765699676,-1.9350876599421056,5.059837361557392,0.8424589262246069,4.14219136085264,-0.7487370791358865,1.5270044431556336,-5.116081152087062,-0.140945132460694
1.4200043293935554,3.41095332706315,4.341962704694769,3.7337656781531354,-2.9965934131039624,-3.0919020334573073,1.7936386209902393,4.377241953577158,2.66187551662229,-3.084897260813692,-2.684505872045958,-1.7146165319431517,-5.287998805274628,-0.7182458398168046,1.4930042836171882,-5.038757293192195,-1.6098490399058183
1.4480045793872829,4.81875862034358,2.923864882617983,4.315445149826028,-1.4527895334836722,0.5973120201945468,2.818271271243753,1.907590156390993,-1.5757598025647161,-9.264729491517167,-0.21118042688242422,-2.002303730290748,-5.569095712985642,-0.7405081433594445,1.451004540763473,-5.288847189317828,-0.6653451637005836
1.489004399667261,3.9676054228065842,4.895394187353377,3.6394916324925313,2.0214565813757,4.043122662745384,3.089416380579861,2.6548378967421837,-0.0321835273488178,-0.7850965944801649,-3.567763876044317,-6.578944494433774,-2.5990341451430794,-1.2389234676328953,1.4040043615202884,-5.40434804832282,3.570120464943502
1.5120043836512367,4.073248941074393,3.9042510637063175,3.9214529752854066,3.0242213255931807,3.3051468538117175,6.335734104197179,6.3145348625439635,4.0940232278067175,-1.7114962520687689,-3.3270288682305615,-7.212083273108265,-8.723356774775494,-0.6996308295333047,1.3480043791212837,-5.319239604169096,6.764702995263512
1.5420043612148315,4.226677033400415,3.2876984842646944,4.138877073869087,3.3810208231603314,6.627265060357722,7.418652223573088,6.7522489661876985,3.2232679839144325,-3.564058665744419,-1.8096211489767562,-7.572720067299491,-7.186047350404319,-0.5235721055014106,1.3050043726589233,-5.155493177163002,13.040617236989844
1.5690042373072348,3.4271266325919383,2.912147251449899,4.068792885862893,4.557982333371022,8.32264419585649,8.543508441833948,10.26545572001709,6.697560846195291,0.015923294268218147,-4.19844315446943,-11.108178133144909,-7.731963243358701,0.011060968543942229,1.3020042177569113,-4.928813021328337,14.83236290954106
1.5720044423332815,3.209039470495298,0.7993530530030739,3.2962739797360103,3.9184930871974277,8.493877966933503,7.711330593437664,9.276705699699393,6.507946199835143,-0.5000339199094554,-1.3693529246236373,-12.205927827217813,-8.853230048843763,1.3383410021804487,1.300004457353652,-4.665828860730436,13.787633899438026
1.5750044351094843,1.993875653935007,0.43946451138535725,0.6462360236105189,3.892243635668983,9.177767678685449,4.750215217336201,5.820077802608843,4.912432597749138,5.062940949441579,0.8627195672571268,-12.84903498887359,-3.7651729549502395,2.40711845060022,1.3030044203275324,-4.23199367399222,5.0134736954868835
1.5770048137778694,1.2416896310251833,-0.4361431623774603,-2.44891761462922,1.4708035173669636,4.908618632617284,-1.7698473892705415,-2.712526595237918,0.08475861288308573,7.798371646591168,9.085338847856558,-8.98735709534578,1.4463307515402573,3.7939615087818304,1.3080048497790748,-3.6544099953870792,0.2473310697848012
1.5790045718259043,-0.2743051634012321,0.5810644487501975,-6.04131838803702,-0.30021417803868466,0.4518120357660491,-5.225486345865114,-6.485382592506413,-1.0715857228630294,13.101212860854424,11.937653902230588,-2.730468346989638,7.498006143478866,4.27498479689384,1.3210045556134409,-3.42262304152196,0.20204198152023115
1.5810045294280508,-0.2656146254893248,-0.5268708606409884,-6.699930769046473,-6.009850808026996,-5.184282050887087,-5.447268713610397,-5.91710442851352,-1.0470859409081563,6.989651934358147,15.605450275140864,5.691954655825373,7.221368891597006,4.596730106155338,1.3210045091624716,-3.2554865113916227,0.12934090829629846
1.5840044479963118,0.20702746515835702,-1.255451545571482,-6.00447792955019,-9.195695745409134,-6.688206753740421,-6.328527858299982,-6.0474341426582585,-3.4062103359943636,0.9960625556312221,15.5915607329785,9.75653233190953,9.400553994048114,4.215353706295225,1.3200044494268233,-2.863600896260698,0.30349183764351184
1.5890044123189844,0.35505493553436684,-1.3542947805246968,-6.744029926332828,-9.942836123514356,-7.78783868058593,-6.444074679184644,-4.663196592311425,-2.87800439283997,0.27263605682403336,10.869404835111682,9.213737536666752,8.65341800855444,3.8020263703828627,1.315004423286239,-2.230469459298572,0.037142163930403475
1.620004416168313,0.7697505515502479,-1.6618524916867332,-6.075367190417427,-9.663091093477831,-7.96545611676145,-5.120738275212073,-3.5616351577271566,-2.2620296486679594,-1.071485502798871,7.767138921140641,8.973625236181052,6.155211187232335,3.5717961841195374,1.3060044056778954,-1.7326346277850644,-10.21210424031693
1.5810048127873588,1.6425724485874909,-2.739542983144256,-5.849051913095985,-9.6997818972945,-7.919147555504454,-8.881691754173465,-10.790084984715051,-8.528055648356975,-2.173493993974702,11.840864843428957,10.221369781786779,9.869325455730586,3.1170600805709716,1.2900048340066124,-0.9103193896138524,-18.017259192507783
1.463004657002621,-0.7524696430393893,0.7306809825896483,-6.468005447508837,-7.33468715163491,-9.28003638362015,-10.567375755219581,-13.612526630720673,-9.062354047917157,4.926883964606841,10.291106292588285,11.549291541123786,13.320783855213845,1.8183007413852816,1.1680046403133204,-0.015329894133680133,-18.055708910451994
1.4630045372268028,0.15763103385230837,1.8134245401292446,-4.547677204948156,-7.096635307637268,-11.939825637436167,-6.503996452689666,-9.68186143557946,-6.1248838710371345,-0.13106837578223818,9.727558646180228,16.856029621038843,8.326014577681125,0.6296991883459553,0.9920045214911765,0.47297101018856,-16.13468068531023
1.4630044645929428,1.975020231028453,2.4353333092614458,-0.47760278025946334,-6.889200576637819,-9.32913678738519,-3.009600565222499,-6.179373969638185,-6.700435970684445,-8.862545974329816,7.645107354597659,18.350360568021088,6.739755999178509,-1.059428821309623,0.9920044488573165,0.5649501473579597,-10.084418099769813
1.4630042839270143,3.01710227530493,3.8609651247834034,3.7186463696234817,-3.6870823318317036,-5.2937397157848896,1.5343327296826745,1.162225527240576,-2.2960929760526803,-9.673125246200591,-2.2626396535747517,11.89121356666149,1.86582716901286,-2.6183076109505286,1.1040042567472963,0.4433168076244596,-8.187600702929148
1.4630044860964708,4.529765884589644,3.8884253545353444,7.197665291024646,-0.5128959375997972,-1.365698773102017,4.866187740962884,4.255336224403699,-0.5239103436789954,-12.047498208956707,-7.481736799818044,5.186327353805726,-4.889665148297988,-3.2752835944670657,1.203004495633214,0.2617460297210088,-11.476593078359464
1.463004602649423,4.985262310513389,5.817159162868829,8.385841694272607,3.9592497429462234,3.7918242572283867,5.010112441886571,2.423490125390799,-1.6575125537387692,-7.137111289852598,-9.809708053481033,-1.2469038240071608,-4.196698443492715,-4.019183448569867,1.2770046131398405,0.019322049093135618,-16.39076014851768
1.4630047426876573,5.013426044530097,7.883479339783607,8.707289414573674,7.627122645504057,4.803753023391772,4.455197845043749,0.1663749703041726,-1.5515417331045374,-1.7493709405905413,-8.426900589699375,-3.904858982278239,-4.474007416208619,-4.449487449678715,1.3320047603306322,-0.2621918213673802,-14.904139284800578
1.4630045400143956,4.985046087797905,9.641200175476378,9.493655529300504,10.118673826238002,5.694232593752563,7.232191818489774,2.769072372244585,1.2233933886102193,-0.33784865798418906,-8.364109270869031,-3.2865631566891675,-6.238897368077237,-5.10179020441588,1.3350045190335607,-0.7072102934537898,-14.74964931553256
1.463004718259564,6.027667320888129,9.76410657893214,11.977919433937988,10.159788708393677,6.7588864713822225,7.988038384725134,3.188028971866105,0.09903401837179615,-5.869659528366512,-5.754004638109874,-2.552797869449239,-7.368663206297601,-5.673560060851337,1.338004718259564,-0.9772509727375898,-13.986313389163472
1.4630046146977174,6.058882443446311,11.18100228132265,13.66239742408811,12.09694628895018,8.944832587436665,8.200910174387626,4.580402113004567,0.9090654682839272,-3.6616993838489336,-9.878902342555765,-6.145697273574621,-6.932257192166007,-6.5097892865021505,1.3400045889485108,-1.103169266620886,-13.21861576567891
1.463004692885567,6.390142366870529,11.364770885024377,15.026724285707958,13.447502725025771,9.209480294011396,9.592431774473816,6.522322340852186,2.9328752385135815,-3.706790531267096,-12.538073023428955,-8.6832648297809,-10.868324389241382,-6.775612842426586,1.3390046800109636,-1.1826229275582265,-12.89102506250494
1.463004669708417,6.647712524430578,11.872195593152524,15.708678092812168,14.847122194813185,11.426122438556437,10.779465793500085,7.097053968172003,2.998595558789045,-3.6552147781972693,-13.188808274111803,-10.429888420828377,-11.46897031855298,-7.157591787230796,1.3080046983186464,-1.030326292326953,-12.70688818892051
1.4630047344252874,6.721601575890476,12.414691609974746,16.29035960505638,16.118822957358063,12.751229708062588,11.312890069570196,7.534236708000183,3.530051872472921,-2.596054868527382,-12.781114305463026,-12.372711101375021,-12.05203390937123,-7.43734280092557,1.27400472393487,-0.8978962406652593,-13.267138894602272
-0.4709951673585155,6.76205188475606,12.794609528170593,16.60550418416189,17.01545899701624,13.471517755254924,11.43389642646265,7.246806938467445,3.627374807773542,-1.7945839679520275,-11.976171950349778,-13.377139827594824,-12.57363384877899,-7.622199403158232,1.1910047735136764,0.325703144382016,-13.273242723467085
-0.7539951344685063,6.646377541293609,13.308568467762841,16.73445027470778,17.786230000940108,14.06048969824429,11.795338249733755,7.360087888128579,4.015193561865172,-0.8685146996564548,-11.598341154954174,-13.655413740558568,-12.590408922143496,-7.847928651573426,1.0750048021121517,0.8039352636093975,-11.939546508400428
-1.4049951917160024,6.47253029013349,13.438084586422786,17.148619270826938,18.04975089541724,14.439741882313568,12.53177917378029,8.445665251009462,4.871878428913002,-1.0600849450509706,-11.51611150727717,-13.774528528494933,-13.09735343486756,-7.961408488678934,0.9410047644149789,1.5107184532627502,-11.827336131848995
-2.137995142140097,6.307340544957378,13.177131161034389,17.56320184049321,17.945693325387573,14.806728692221828,12.321287348532131,8.219399051785492,4.482613305702474,-1.9062029410094556,-10.623214959068765,-14.139688061372656,-13.10987436672664,-7.870173399027211,0.9170049246171051,2.180915088696719,-11.44013611496682
-2.145995052836739,5.2153409936917345,13.217355791562024,17.394877621860452,18.3596144268124,15.217910189282879,12.207781358317504,8.37456293950521,4.8679149839599045,-0.42312292557643794,-11.25780998858974,-15.130959474591524,-12.705631777211243,-7.720732681108339,0.9980048813597326,2.5765752654408605,-10.188206072781284
-2.1459950494847146,4.750313980373124,13.042267963092119,17.17332816917963,18.278303432167498,15.092091124879678,12.75518976070819,9.175694681858902,5.715430853277329,-0.4818316363493089,-11.270622607713793,-15.383908168994058,-13.658827733916898,-7.423366675585498,1.1330048751750146,2.762727311801397,-11.278903536717202
-2.1459949478645663,4.986867213367331,11.196078890253979,16.667046535404246,17.649257175940512,15.221097702474133,11.749650803177305,7.608958084008102,4.229266805741896,-1.1814658964919005,-9.562517090953232,-15.30465512822683,-12.649320783845791,-7.159166162065933,1.2420049443702361,3.2643662055564917,-11.277628044415637
1.2460049100295028,4.631695039883317,11.548277487954511,16.072290338631436,17.623385658565507,14.937673740345293,11.259089530639441,7.406775739171529,4.582951195317516,1.0326767064074351,-10.085890332370596,-15.760391745284227,-11.79298962085934,-7.019313334661831,1.3190049238577803,1.6887838036759337,-10.51516762812098
1.3410049146275587,4.620993014346038,11.150027475376564,14.312279632463998,16.79054892010276,13.88015899350486,11.332492484473422,7.815333721594959,4.91140003889082,-0.024068878064262833,-9.792273597060706,-15.240550551432953,-12.738151494976094,-6.807406291930583,1.3820049232106275,1.4408137942843338,-10.63462324029967
1.4010049561814408,7.772371823193574,10.80531158246076,14.133290411533292,14.411337861992877,13.539811687951595,10.716180285877684,6.93712794402013,3.863279726657881,-1.0122588301314206,-9.257039413850968,-15.020468707038031,-12.220022701417312,-6.693936041693632,1.410004959519301,-0.16473272790413462,-6.770230107785575
1.457004748177002,7.5161587081772145,13.412519822532246,13.853182586156404,14.347098358039307,13.902955090557727,11.758628047991982,9.903255874093421,5.869855907810696,0.0004313021508473014,-12.106996989067703,-16.326441409644428,-13.334504321734304,-6.65537411696986,1.410004757236908,-1.7748143503068765,1.3201069336378093
1.5010045685202864,7.587593900209069,12.049168961050974,14.177656817422948,14.037963240587654,13.361044609406328,14.281606244324985,13.848894285909115,9.158004635558013,-2.835751482946938,-14.419695291945034,-17.910091559563185,-17.871549654173677,-6.194122764850256,1.4090045608908919,-4.613503681810537,10.27750592368405
1.5060044692329384,7.39394215955336,10.064428297338317,16.74476445891861,13.967840455879276,16.983865262961018,16.79361749505439,18.174372395496903,11.45628434116022,-4.217009376004465,-16.486638875767767,-22.05996315845902,-20.082062145918105,-5.46911471958728,1.4100044832996346,-4.861488811680601,6.898098655110187
1.5040049816625294,7.1817596021864905,7.975141731885817,14.927639378752078,13.455931227278764,18.424175448931013,12.450475888532758,12.125457846723823,7.040232739835947,-2.266602465530829,-11.378559799311585,-25.551919914673256,-17.332672868734146,-3.926275334100662,1.440004971172112,-4.578828787232286,0.6644637541583286
1.4530049587182052,5.086411747401506,8.777526050053217,9.820013916713624,14.451102916688642,17.232557748356264,7.456659855988706,5.365604108343954,5.503168139663305,10.326230647307757,-8.447672565043312,-25.85760413862165,-10.311949072467112,-2.6552930220459103,1.4750049735001571,-3.774108570099841,-0.27059115865054956
1.4050048500453567,3.850728113408104,7.924147453316099,6.122085378731697,12.07500612984732,11.874139590859851,6.641628006710825,3.8067303261272034,6.698406035517015,11.618756881876962,-1.556202368600058,-18.29814636998766,-9.255567256388357,-1.2353339124660199,1.5070048779403304,-3.412841095850009,-14.260377736126854
1.3530054382898598,4.4445063873736785,6.6061875166444555,4.245462482863296,5.947427314911977,6.968165346408725,-2.334216465757799,-9.468380977324014,-5.3379956419654,4.567695854539263,13.391715114169914,-7.913216570427339,0.9037904412814797,-0.5684106739727794,1.5370054535486488,-3.1571135758387627,-16.484446517560347
1.3500048433062923,2.4417985284894126,9.86879463042461,1.8951723066453439,5.1454755198304625,2.0158132052322766,-4.819417986450997,-8.53625561638506,-3.7369261238780815,14.099557225349034,7.03447443055615,-4.09368749818941,7.101473463786333,-1.455488162908054,1.53300481183504,-3.6111644710591264,-13.02764898822635
1.412004860118864,4.013834554184393,7.346288206457866,3.992031098096967,0.02751210699561968,-4.953623658652104,-0.892754923735271,-3.063359117315498,-1.0615975372169437,-1.5086193734129756,7.144694881513848,4.159947093933459,-2.476442897068446,-1.4907116247082577,1.4720048625030497,-4.860478595798396,-9.221402083981568
1.4750046057233255,5.1845434282006355,7.348268574610286,6.62540538042356,0.13008654041906276,-0.8651277378093791,1.2849386246755383,-0.13446768343965765,-3.255245952523879,-8.627619952704041,0.7903568902669349,3.913640513486798,-0.5334309140896556,-3.010864602186831,1.3950045628079812,-5.2792641416252755,2.0263045597988305
1.5430043490572294,5.337893051077833,7.134980446514912,9.242768161027115,2.891514709337155,1.7082698040805089,7.4216323932141055,10.370958040760568,4.851905425708887,-7.3773598662473745,-10.813582145309308,-4.8498912921272375,-9.161742401180117,-3.699180864516097,1.2920043321295103,-5.2669556500144905,11.834887255210862
1.5880043880015275,6.365455152492007,4.644033073777557,11.008807208591087,5.167817479445057,8.734706446265442,13.790756369540292,16.61515839547495,8.585291747101335,-11.891326785164988,-14.318245622601335,-10.983260586971095,-17.862960312908218,-3.181347580082935,1.2400043980151079,-4.488491028603522,11.962866616027693
1.616004689758602,6.245503598429234,4.161675723931049,10.24256514333439,8.240537488913297,15.700030436910378,12.502147782269336,13.10691457775146,5.707622812097933,-7.133373980902812,-11.987047636654413,-18.06512429768737,-14.133417035517095,-2.426776545631051,1.232004686420742,-4.231684148052631,9.138979826734609
1.6200047807799491,4.554570018643019,4.790632709775711,6.980744478229538,11.15973184808341,14.8629605747909,9.320129056956045,9.067955703301674,6.346765602969153,5.102619903477141,-8.929310000117983,-21.92238270171499,-10.82542833427376,-1.1011806765656345,1.2310047822104606,-4.327150295546045,8.307596456140725
1.6470047875046248,3.314899904882977,4.127275273490508,3.6165213787039123,10.494479979074729,12.296681061694365,8.033940441812137,6.66697245092554,6.946866035362581,8.787754904962846,-1.9512519531754364,-17.55309704797157,-8.998849143791968,0.4667399196359283,1.2340047999023909,-3.5235194569011457,0.2579905920370349
1.6480051262193565,3.0094775862445213,3.2190333203709924,1.2569675548796182,6.464131178918418,8.891939550315582,1.4610468715157519,-2.305018432907936,-0.17786523467773563,6.573597612383935,9.782135308707884,-10.035394317400861,-0.6656205582602759,1.5367229467220862,1.2430050952249412,-3.0730368574876916,1.012986488603898
1.6480046790037888,1.1882244969206561,4.426127806713083,-1.0649960392568607,3.3726723622058206,4.680312250341487,-0.6113419777217182,-1.4438809049912351,2.118371585802196,12.62991562284597,7.813293781139118,-6.054955675273105,3.9804872722410574,1.7165132213114227,1.2620047014151352,-2.8543957334789343,0.1627564563958465
1.6490049067480803,1.9054134048538867,1.6548981311168882,-2.386569881333588,-1.8281372807920635,-1.2369209907198186,-1.5410887332199392,-2.0220770204079557,0.7300984990800394,2.81957004778665,11.906229295410856,1.110291167586456,1.1324179134667878,2.491001155193694,1.2670049372656584,-2.2195942213322346,0.06011678392760714
1.6500046737698337,1.6053748085450361,1.9645699345089858,-2.7440461263378353,-3.3377426311009453,-0.7707086931359279,-2.747529482400532,-2.5410775272798864,-1.2796170245236302,2.6943362530447845,8.942505245647654,2.5807337721035446,5.960290572337686,2.091519632435695,1.2710046954659244,-1.8008408765208679,0.07727205307158395
1.6090047672482286,1.7523575506172961,-0.38840217204927757,-2.376056072203469,-4.51149502711125,-3.4021388878622028,-2.686097777710799,-1.3810695665225632,-0.09300046580797472,1.2697923493342365,7.1317249990827785,2.96378051062686,3.160143234283902,2.261641926206202,1.2770047798844133,-1.130691730451077,-4.628455141780394
1.6090048784874353,0.494411224481781,-0.38559548476273975,-2.6549117557525115,-5.0616096094152425,-3.5343177598017785,-4.053872975803021,-4.847532195656799,-3.4551088585570806,-0.3135201432065702,8.464424207077965,4.626855226498689,4.792920193275397,2.165647962025947,1.2980048591755304,-0.1991517978504458,-14.178606239842773
-0.3899950106484273,0.8259409016922183,1.3206613660346551,-3.2566436862667123,-4.875313212337511,-4.975925288637831,-7.817887920925617,-10.83829340132717,-7.685900206176644,2.1990916698736442,10.728941639961906,6.623104712376313,9.356660088613724,1.59138783493187,1.2810051123755595,0.9443567752332216,-18.034538864514687
-0.34699499796486005,0.8361158204088839,3.5346891114285066,-3.195755322897157,-4.032867537192606,-7.684831408021665,-7.105458564335983,-10.487390214630679,-6.4115219393139995,4.041402301127206,9.241151978750898,10.331183442236146,9.158211356590616,0.5275947651854094,1.1610048990383137,1.331123280285878,-18.013741244698895
-0.33799520652671683,1.9940661397507289,4.045160610169581,-0.53681460930374,-4.7586760335583005,-8.68301462991067,-4.0614082604171,-7.663583459443075,-6.007686806712723,-3.730098647164553,8.973389709714489,14.7715621914255,6.172832972287667,-0.7158279396235692,1.0730048664293688,1.766659963481013,-17.144665256416467
-0.24899528094902998,3.1705546139457645,5.1483853826927195,3.1459806809898776,-3.6926946846131017,-6.189421765308819,-1.8093093408110406,-4.711995021557197,-6.030145267270129,-8.208204284273656,4.420000246893341,13.445560643828541,4.939070694827295,-2.3242680798329043,1.100004815372076,1.9166979706680778,-16.140610579697476
-0.13499518193092408,4.19771199125883,6.142199319343279,6.4994255008429445,-0.7840496986778331,-3.7186946248278963,1.0082737464723088,-0.9946803302651013,-3.7026292933055984,-8.752572956561082,-2.716487377374026,8.498539071469825,0.39469468187605194,-3.563013689771675,1.2330047889820093,1.9157089850868987,-11.570864248655768
-0.04899538254948531,5.066984102401835,7.19860482390803,9.04058916953031,3.2507389903504524,0.46904379906946225,6.440531853948054,4.907461332090236,0.5957068853130103,-8.505177372024164,-9.777257469179625,3.228521198116036,-5.5262290757301376,-4.556134713796626,1.3500046660879044,1.795160715970308,-6.545171000874966
0.0070046510914373306,6.10419466611285,7.505230552487406,11.576984009466445,6.659871778952571,5.7366142705375,11.059812332042618,9.392304162804402,3.172568609654654,-10.293473374640438,-12.294970063400877,-2.0874541840747334,-10.33793489967227,-5.134645850484891,1.4340046968678044,2.045639901742471,-2.8579209107744896
0.033004732191807204,6.435871083714876,8.210402034722897,13.269112446500106,10.396271438882511,11.165653606583671,13.374799871568744,11.606465037623071,4.925798719451759,-7.836328347133193,-14.00103239143374,-8.739439681448166,-12.290758911288483,-5.368083225198192,1.4880047155025065,1.8626879156937828,-13.128007766362268
0.058005327357817785,6.899832874615772,8.80073276039557,13.288040291249654,12.161203865649828,12.493884368077715,7.843734419188415,2.6278988453854666,-0.9391051345734294,-4.409658597070148,-7.952010354369175,-12.030088009626304,-8.768796706987642,-5.057488696978967,1.5240053478618156,1.6459124076702127,-18.186476895193078
0.06200506376366799,5.2578903106179435,12.399166350238065,11.012115670033776,15.600799478994576,11.718798740527113,5.872000371638717,0.2478957048698156,0.6313224080660422,8.20242720473039,-9.727390434615495,-12.55288380388802,-4.423653600024771,-5.417157157752122,1.5290050415907401,1.2409649667819687,-13.422241735143732
0.03600490445710525,5.574289016911557,11.956520937424933,11.924713046124541,14.329552853438077,8.006975086391162,10.010878160980411,5.481089095709645,4.853470046634868,1.9237037268806576,-7.094136262812253,-6.722842087114795,-10.404817572015766,-5.393813962084957,1.5510048901519908,0.3941822672390183,-15.802247712265
-0.03599485424589599,6.9961932368893045,11.235072204783663,14.344190605156024,11.801454353726664,9.680143287466976,7.85736597650769,2.251974172756908,-1.3382075773938542,-7.515182620779244,-2.1934526426035807,-4.591298206267191,-6.9119651371244615,-6.054392556185967,1.5480051669733577,0.15109361499981055,-18.145412544735613
-0.15399496718623412,6.347190945154004,13.3610177923414,14.942723902465696,13.679805510597792,9.888267272366466,5.678260305225027,2.1108486145910703,-0.42369975560728435,-0.1729940280482012,-9.186582392300021,-9.617964189585043,-5.0018641261087335,-6.944499098247537,1.5020050807359002,0.16449574779517429,-17.506051138679776
-0.3699948430471108,6.6347642687208035,13.17571153320086,15.473034855794172,14.325611058744222,7.858181666757955,8.6256283238099,5.1440807594310805,3.042001967457102,-1.3430955487326806,-12.325715826894616,-9.471810520889289,-11.744776938266163,-7.108831223664058,1.4320050239153221,0.4993757395038201,-17.169304608743456
-0.7479948722210532,7.317800366020462,13.41066011997792,16.467760612502385,14.587734082690732,10.610343811771605,10.5195836967871,5.5474435627489935,1.4465907707889922,-5.392610246963866,-10.910088685446965,-8.587924458658025,-11.356886670603776,-7.94822707209511,1.3190050400409097,1.1017606337674604,-16.414675702162572
-1.5819949418517905,7.308492627175053,14.268298134465052,17.758671483953876,16.015571676710174,12.363761318935458,11.143417530531021,6.737449987185495,2.139568100358357,-4.364336689356012,-11.719899948073888,-11.228700731957105,-11.617020437776326,-8.654504619987062,1.145005056240861,1.9127825546181363,-15.258312371126719
-2.342994819733682,7.11316823417712,14.42362486261078,18.677278584133163,17.51195298169351,13.290387050387675,12.772016551236057,8.370179908641086,3.845654162442518,-3.9974614103917148,-13.323095645207587,-13.141047092947922,-14.490858083207382,-8.826078120460853,1.086005140688834,2.6422657730988517,-9.229079998821607
-2.289995050947373,5.86231632361249,14.387333325489497,19.449124032171866,19.284815321631605,16.032222476611505,16.578726785514966,13.089993766502282,7.309912178492954,-3.7226039574853793,-16.710170975876903,-15.328779646343971,-17.004692518193924,-8.945180477220097,1.1370049352243494,2.9173537768152906,-4.7294972838801215
-2.289994926750191,6.2334566646613325,12.326954572145574,20.498849544225166,19.701934741169964,18.56577482754488,18.235976789466886,15.252953926618645,8.214202459762571,-6.383454265478843,-16.06085330131436,-18.220412921868746,-19.41827610604069,-8.537596666683186,1.2700050160293501,3.579578349972821,-13.460459790923252
-2.289994408579187,6.466066456077744,11.579953132563976,19.33388569552449,19.938732961654953,19.728971154588038,12.182024419867929,6.513194320687528,1.8242307014042751,-3.323439902156224,-10.879974349325403,-20.963003635825924,-14.095589382664928,-7.977203628394996,1.3570055465981203,3.7181936134920868,-13.55947790330017
1.1520051331199306,7.047800970829465,14.13317968963107,15.15129593910499,22.527511454567005,18.162260485987694,12.015210565929666,7.575712041693853,6.181122445203177,8.85647102523689,-14.910639455402865,-22.036210204924657,-12.324423047984727,-7.833622911287442,1.4200051397956508,1.6005458021666494,-10.23906119721661
1.2540051833283936,8.136815320155812,11.928675397969736,15.18865950899239,19.36967509598285,14.687293800778024,14.359237620074778,9.848059517641026,7.292401481193097,-0.12357356934573271,-9.515829718688547,-16.220232324413587,-17.182462083836597,-7.136641176631098,1.4610052004945313,0.9754528972893097,-5.198964035446601
1.3320050083870558,8.31698645760308,11.547611098850952,15.777246896561131,15.946672992270507,17.035349636870848,14.950968303408452,11.703925675857894,6.392289563059784,-2.8187827376442716,-10.16099296835337,-16.707488703888092,-14.063150648102093,-7.368828229101954,1.466005011724916,0.21042676038581165,-2.3707950315859323
1.3920051785484773,8.296855847358453,13.149048680419954,17.978397926435854,15.37998487206033,15.174679322214352,14.388755305962254,13.022417845613331,7.169040482419639,-2.5073898813354765,-12.57099098619809,-20.45034039055868,-16.49550072114043,-6.749646548930755,1.4700051876083833,-1.9410868377319475,0.6225949992673074
1.424005002433875,7.668791937134558,12.334474031308346,16.425982616719278,15.711587271324888,16.077374602546485,12.881939941111526,12.134648758976097,8.639078958207856,0.27687599153840337,-15.550848881440725,-23.108820813500287,-17.33220283779773,-6.029534795052372,1.4720049804993658,-4.670919300753579,9.009164535082279
1.4250047513044022,6.818958145698085,10.740643364411984,15.552147373711962,15.430282204185605,17.307199602261644,15.880200434124895,16.935261729339857,12.668470995495461,1.38080137719707,-16.764636966409476,-24.78016232571928,-19.866298601768563,-5.033673175383376,1.4760047503507279,-4.789722531361958,12.937436602052403
1.4280049577181517,6.654868142979424,7.772487645128295,14.009468780384422,13.61240583693764,18.619809998797898,15.567135171505676,16.09469160795346,11.341117626794674,-1.2004065439961522,-10.990058824159934,-25.208216571508338,-19.881361948409065,-3.3936198742334502,1.5090049877588927,-4.393065199864792,3.4245193508764964
1.385005446787704,5.630738186950156,6.939394805184852,10.089073061497288,12.33660204316622,18.12217427623043,7.117722062955828,4.604870201797279,3.641952271059253,4.707076679088612,-2.8264548402556393,-25.195647941033183,-10.237756301897427,-1.8461211196591698,1.538005443926681,-4.135483144520496,-0.32738639607396747
1.3450051625766288,3.043844028617136,7.964883302629543,4.583153224244738,11.845076864981607,12.78864763128874,3.5348367293088856,1.379639306093095,5.2769716434373315,16.805708807039967,-1.722700139967337,-21.39220407778058,-5.191020127631127,-0.6318486891109054,1.5740051349200737,-3.5855995666788294,-16.84780748511948
1.2980058442308053,3.794104976359709,5.735562389640032,1.6488396506779832,4.5623754900114655,3.810899003117969,-5.107804053638694,-12.56157971610011,-5.806213781806472,7.619615485646289,15.419677809566704,-7.4630161224066125,1.1264798458653962,0.6055789015322274,1.5840058575822458,-3.4946582273348272,-18.181428962335453
1.2990050081495264,1.822981252598681,9.569603524893878,-0.9137250009164573,3.089693181090726,-0.0395842787736973,-6.657082400280659,-11.171401792202587,-5.405893569816803,15.264178684624486,10.337214629824823,-0.5609989746768065,10.257070030297363,-0.7281682916948382,1.5780049924139001,-4.011437717235549,-13.968961640836296
1.3700051650935816,3.805121733141372,6.629282600245631,2.543853452234072,-3.0602392612501594,-7.926568662980964,-2.7747815970994143,-4.83413474255201,-2.674941370660207,-3.434065151453401,11.208074638672645,8.030638216334118,-0.3881293566481867,-0.9457011653497314,1.5270051703387904,-5.314857793357083,-9.408449087686433
1.4330048194100895,5.0588382702376125,6.763374883298947,5.636772647918367,-2.3501992067063995,-3.19176488707566,-0.09030840637159043,-1.0289060589900405,-4.390947446865759,-10.263680687485849,1.7688928695669044,6.154757233181395,0.8829011232778745,-2.694355026805508,1.4520048132112064,-5.802458352783553,0.680082404205027
1.4880046179190545,5.449705968581391,6.484058946289545,8.551749607923206,0.6920527681966302,-0.4243384464733406,5.965298600452384,8.978279635842407,3.2967825708994596,-9.25682788090543,-10.915726141087017,-2.9895182661519444,-8.356898656825773,-3.4588972278296577,1.3570046355620293,-5.964409924687854,10.159858809129174
1.5410046121483396,6.382822686932283,4.532284178649785,10.231725032775076,3.8566526548816,7.356955614964827,12.69132424735878,15.418219836786403,7.3783285509039835,-12.274842715619736,-15.268658541209586,-9.652397612856703,-16.783152188656704,-3.186151084231362,1.2920045992737363,-5.375852886932048,15.777950751661985
1.5680047186259605,6.165822517598219,3.9899377849682347,9.99363267431455,7.791760966153455,15.178319259504049,14.712596128209803,16.577586771201094,8.182922120171165,-7.945781194822592,-14.92712043747952,-17.63094248836931,-16.390545579737214,-2.5121208705620957,1.2880047174338676,-5.038406345585576,15.063266650988341
1.5720049851756697,5.14308626290308,3.361547393178917,7.814363826261362,10.333917608997348,17.52212585202137,12.35156394802851,12.85166546898153,7.841094647918393,0.015564396968365202,-9.911578054095784,-22.206981794407245,-14.273087534585512,-0.8922236339815184,1.3160049730163221,-4.518855952445421,14.287142459650356
1.578004990521849,3.3500138630075247,3.1994889723518334,3.94843459569635,11.094831295398095,15.48913906979508,9.851604171468221,9.427206975851423,8.200206445814462,8.366281492073739,-4.480352557231583,-21.211943872773794,-10.057370077259481,0.8413306227956385,1.3450050100721724,-4.483082257207725,11.6462234073115
1.576005121085114,2.226812928969764,1.8059713049943866,0.7620259967200411,8.059533687546448,11.909455958581756,5.634961726870873,4.479534137081924,5.6934429919879115,9.341627765342515,4.837347656126347,-15.297547119772851,-4.916977694776042,2.5667471078184194,1.3790051241845556,-3.894421749564115,9.385918495620167
1.5470050599918659,0.8478558098878208,1.034446047713022,-2.2601489836680404,3.0059825242698395,7.773562941415831,1.002240055053825,0.48123755194941586,3.4010510694589513,11.12377737208024,10.371801423765648,-9.504629930142041,1.527069633601677,3.7491646079817027,1.4200050857410724,-3.3295807493729845,4.80141596757785
1.5030051948398513,0.14506009166816813,-0.38911910140094186,-5.927342838954805,-1.5725471255128198,1.7340882204227914,-3.906643466560709,-4.109957000482171,0.3742247565157977,9.758706232539183,15.154529039054852,-2.979160638276203,5.573407499259144,4.822806373214342,1.4600051822036666,-2.5664269018623322,4.977563187966232
1.463004921616327,-0.8114985014500906,-2.3391283290702334,-7.707316235372256,-4.6742691140984665,-2.4034941009831607,-5.124391887316576,-3.8990930104196755,0.6812215736977849,9.842477901718965,14.095202038292808,2.3536917616099418,8.126636031268854,5.222698143674777,1.4990049349677674,-1.6138202793901266,4.135805376201728
1.3700050421126546,-2.0045269351397677,-3.8976363863253205,-7.859369627273505,-8.578031617874753,-6.071733406877302,-6.042824008436737,-4.606794613358972,-1.0371547442541527,3.547370075394875,16.22042918637451,7.521988644218547,7.976015345576648,5.659361453599841,1.5520050235160054,-0.3576192420988751,-0.24194627574333535
-0.3589948850704431,-1.648934973660673,-3.705437823519292,-8.328805094747715,-10.2261692852408,-7.170112377241511,-8.691838551680494,-7.952491360966855,-4.740058611659177,2.8677764242115256,16.293373794233926,9.61105584847338,11.881886546522932,5.503867739499184,1.5940050941871402,0.6501557128664688,-17.939731296188025
-0.10599428071650827,-0.801906537026283,-2.701869304341773,-9.261427658190648,-12.107323148124152,-11.783131944287613,-16.719458285265222,-20.02588950699802,-13.419237783213683,3.2224108856377636,21.730494169713925,13.694785018969343,17.92525547696024,5.244538618692296,1.6230056618246143,0.8890576415656901,-18.19494585032358
-0.024995293567888672,-1.933689025381598,1.549602240649814,-10.356279146552962,-9.832429418153593,-14.824648881231864,-13.176542322283368,-14.8714087787824,-7.574853610243203,10.784383502136517,12.498243476559566,17.667644061124918,18.02762974534287,3.5233158735119714,1.6240048146741466,0.6029287997848227,-18.142943112425847
-0.1499949335642241,1.1106978281024338,-0.3626763178696244,-5.617291819900916,-13.553989593506106,-17.989986451961617,-8.73160845300545,-11.58972492671041,-8.835920052059524,-9.205795163770748,16.793916135790067,25.756511101761028,9.556656905466912,2.3868661810618477,1.5820051491670233,0.49925538240583944,-17.50472868097597
-0.41399518226573745,2.146904884861204,2.523458253885842,-1.4690687397767315,-10.849896966620562,-11.50159581059112,-6.9273377746484535,-8.946676003368161,-10.421564736664912,-10.354759139069472,7.835144557445645,21.045249223435697,12.739347443091942,-0.44597263795365505,1.5150048377614231,0.9460028512362042,-17.469077576257103
-0.5629948844210249,3.3031018814140007,3.6004852887699936,2.755017311246564,-6.988469830755754,-10.623856627318016,-3.396553350103236,-4.162949026897774,-6.001338502510478,-10.356674839693326,-1.180345045160017,14.260549882650874,3.3724854387891128,-1.963014189178804,1.397005094121303,1.3128948138958512,-16.418278106922035
-0.5339950195739266,4.150612005520227,5.284638957515351,5.507366212829536,-1.9350664597163068,-4.97016634322045,1.980636027894004,-0.5208884649611889,-3.9193491836453056,-10.443615381162004,-7.324517910237162,9.799890070751538,-1.25225487368688,-3.5638808288945985,1.2600048907806876,1.7055084974705494,-14.21107255821303
-0.42699506640248197,5.082418553618419,6.797683049011461,8.655157106423637,2.7078032877841594,0.43357570020958636,6.214930704386909,3.145066190349908,-1.6880839586846648,-10.51843744264032,-9.374961950053406,4.804114190334891,-4.667061023075458,-4.845586376250511,1.2140049660224448,1.9655466313772945,-14.247064410660077
-0.3319949080046093,5.9818827252927775,7.945634871210842,11.287652129911333,6.935874458092478,4.8678861701833664,8.166086136396107,4.20876993884268,-0.8187707298917992,-9.45669142292185,-9.846803234120502,-0.3396763568972787,-7.111254593579027,-5.663855526968993,1.2690051029626455,2.077837256879529,-12.508827051266005
-0.271994998665317,6.187900177570516,9.76813256655736,12.781026508839897,11.257734805154328,8.649755011672724,10.567866757656809,6.739935019441335,2.005350445829091,-5.40598581100971,-13.015095232024123,-5.219825766423597,-9.095577771680615,-6.309830037721939,1.343005070476071,2.053796773580086,-5.2625588481417696
-0.23499499602322002,6.398572063117393,10.31012475892112,14.594177302821858,14.154688634241035,11.795281020917065,15.307532411157016,12.850313706923835,7.122900863546848,-5.075544290225221,-16.193926850877478,-8.956592991241537,-14.156354697173215,-6.541317836695503,1.4200049157619057,1.7687022422276493,-10.047311042652076
-0.23099449338101488,7.475408324477447,9.741771284657418,16.155592358300197,14.245378950281687,14.320565238549621,12.089913695044629,7.3766624823465285,1.9032977022760602,-8.016886105140989,-10.346059324858956,-11.607927858333777,-12.431086420879863,-6.343527409678539,1.4740054303250398,1.42901898936947,-12.745740929117447
-0.2239947572945771,5.959621080261066,12.694542594153187,14.777622562952638,17.79030772106279,15.392111813554514,9.745367251856413,5.724496151932209,3.275805222721771,4.4977928469748125,-13.956478351225224,-16.161104500395613,-8.253529021094586,-6.630962050183317,1.4980052455664459,1.2529933118679568,-9.33184804425618
-0.23499469894495603,5.905873855069185,12.007663992119932,14.747025439634186,17.54213077003757,12.198985314939701,12.617601055964151,9.176882352064716,7.639826461747404,2.259732120892814,-12.381282193164775,-13.553220164824433,-14.429334813545495,-6.068250126376358,1.519005189951986,0.5972091004355102,-11.416030744150884
-0.3109947427659298,6.653696391607747,11.382170123430651,15.402641382115648,15.701798554851244,13.815186399242519,10.592259582185466,5.527516780131814,2.0088780849938566,-3.8316184604485235,-6.724519190339416,-11.234384651104177,-10.44879742668559,-6.181757246915042,1.5160053685755466,-0.23539519944676468,-13.619649158393164
-0.3109947770986967,5.855438437945882,12.753679307152535,15.09775715844535,16.339277965157752,13.305368869143964,7.775000940173303,4.260958613844814,1.9320771131462515,1.9781522054216936,-9.391054231367157,-14.01396946874231,-7.414332856033816,-6.524776935722864,1.4840053587998934,-0.44668085709361693,-15.062800923595677
-0.3109947299512475,5.856864387605729,12.343279603803389,14.722294845322443,15.72953149971491,10.357147777948605,8.174764108247638,4.507531374762742,3.194744664111443,1.266972011918062,-9.83870002950585,-12.579992241883415,-10.986480167454545,-6.326040740914133,1.4390053892580421,-0.37554357188574183,-15.01431707876812
-0.3109948258899972,5.983330308475573,12.617162281504406,14.671395141064096,15.126728759191412,11.108585743072245,9.126766032782307,4.708740412562652,2.225416796906295,-0.954974995927099,-9.23823224577625,-10.663768362648817,-9.844614533543295,-6.811574987584843,1.365005292365618,0.19331606636346788,-15.273905659785095
1.3770053401032671,6.167958717014362,12.682727025468667,15.473071853273485,14.721047440067515,10.987465294551097,9.067671150092814,4.916699917828106,1.8510915058215751,-2.537910308889261,-8.552337699485557,-10.717249843201106,-10.215092708000629,-7.303266467149305,1.243005336765407,-0.21181008647404087,-13.750649724413417
1.4280052393958471,5.94568424931912,12.929915537783739,16.02168438686445,15.300097077345267,11.549826828320619,10.319410313504925,6.811427809524961,3.2801190455104123,-2.0653689465861333,-11.038291145788772,-11.954457659373233,-11.694653011786006,-7.800558293480279,1.0620052427337072,0.17411672846396797,-13.625408699730546
1.4760053893177725,5.804077628585526,12.463547106025775,16.630659227957008,15.484099494869861,12.184183897164196,11.122314018607309,7.180865928142593,3.1835798327422706,-3.819529610188404,-11.230268395101408,-12.54837729579425,-13.208630953973806,-7.9245928432314425,0.9400054355709768,0.6056834721215478,-13.391278126272342
1.5080053221651144,4.997949301508704,12.69640280543164,16.674778485810414,16.476359169091854,13.678143006464605,11.56277833176351,7.426814425411278,3.3173554183047775,-2.387849233551016,-12.228551412280565,-14.024939261887047,-12.669729347810165,-8.102129691782801,0.9410053204961843,0.9900680037652818,-13.483110299516698
1.546005423712395,5.1856028328617105,11.816007390678154,16.633868381470123,16.893560513320583,13.833378748227393,11.882429389334096,7.565167685791844,3.728552759993427,-2.2120221656709678,-11.626909938206007,-14.725518573908827,-13.667731898258047,-7.991030470061531,1.0360054332491382,1.112156924218338,-12.849397453058153
1.5740053825545082,5.2013551442298835,11.712447408520301,16.73330707735002,17.246949320259304,14.568336234889351,12.375776501691373,7.89997589665233,4.012881963649589,-1.7300180969937615,-11.624340764436123,-15.175177683787442,-13.617778263202144,-8.000677595043712,1.137005405919529,0.7932746932935495,-12.012575141958001
1.605005397447597,5.279127758826842,11.798581048652537,15.408593731797609,16.934388940266636,14.726504673422143,12.570475386659549,8.335768381280687,4.314206570204858,-2.0444609549005417,-11.497850130470631,-15.758698371134393,-14.087546761757498,-7.945531400470021,1.2070054253425708,0.8222222949274658,-12.309464944383047
1.6290054664646973,8.973160937615262,11.764989132596241,15.410845477450476,16.226318466857762,14.757700163766813,12.008706844782584,7.6133245013639055,3.78106527279484,-1.9828231595108345,-11.196873586880242,-16.383846505774308,-13.928001734409818,-7.855556415242702,1.2540054664646973,-0.5893053068957577,-6.882688002624649
1.62900519564171,8.542138977339109,11.841638583552102,15.444927780938816,16.15673137291909,15.113205486276023,14.197248852571189,11.517556328988093,7.161725519915293,-0.41015983924056343,-14.709123615470457,-18.075589979219927,-15.830244661826118,-7.849428672916476,1.2720052023174302,-1.6488824216699258,-0.5446190591790133
1.6610052265363418,8.879746571252545,9.956874269669077,16.086263751595308,15.55874269956912,15.257328688272217,16.8309867510001,15.123921146790648,8.882744711078944,-4.553929476377569,-14.72876473188107,-19.463695211131817,-19.751643818176134,-7.27707103944172,1.2780052103238784,-2.4358897204565517,1.9651924370616154
1.6610053022283622,8.605178957787192,8.916095695507837,15.4917808222195,15.823036597384732,17.94463547533422,14.769176791464373,14.484814909470304,7.69722592330602,-3.3851282279368675,-14.487421654270587,-23.095725720791357,-18.24315517509328,-6.637979918772064,1.2760053117651053,-3.5728668023249712,8.011059056257581
1.6600050972915317,7.288265569047629,11.573897688206891,13.573701932548744,16.841328660538988,18.951119866634524,15.70707159043712,16.368007641034364,11.707539998373989,2.5468976251900433,-16.908002952783836,-26.82657069523487,-19.481303381597677,-5.557212949524607,1.3060050951457645,-5.0982599071402355,6.283518318041655
1.626005435283006,7.089378921399629,8.869192839191868,14.277457081699453,14.537107335807985,18.179633273233968,12.845383855230628,11.654137903896835,8.378213459796367,0.8939567168304092,-9.381905951605987,-25.592890070167872,-18.091523762890922,-3.8148545052136704,1.3340054395745404,-5.232250693423512,6.628502828837342
1.5950052276181346,5.104215372006246,9.016387979063754,10.333823008616273,14.41869329982784,17.980114578303606,10.170182891626371,9.234698253179692,8.21366101037599,9.126489761361743,-7.623733011279498,-25.13808009408206,-11.731086223491396,-2.722272133522666,1.3570052221345072,-4.955967860022682,6.636298247210228
1.5550054143800234,4.36437690834288,6.647070974055193,7.461024483718334,10.863457207587114,13.185571646376388,8.152671182730892,7.135670878008424,7.952144930921936,7.548110016441516,-0.9752409923465244,-20.044049217873994,-11.61265490220737,-0.9613778119964489,1.384005410565326,-4.639989760102577,6.470777116527971
1.5210052874328248,3.4175620473561796,5.4450937283350616,4.714273671769968,7.625818288057982,11.420894159266982,5.383979211012946,4.837684960302273,5.368559987783335,7.473247241330437,2.944651275085935,-15.434264365104276,-5.904718164436236,0.038280975824446006,1.413005277180826,-3.8585647050506267,6.181479518132443
1.4810053528947282,2.5982464981711746,3.954417767091644,2.6508507571057356,4.25828093018978,7.487295618231894,2.607777997732077,3.030673073845829,4.5589188448594555,7.356079824722801,5.382539419378167,-11.892581163535917,-3.4797347127472555,1.1290537366237756,1.4370053233308244,-3.4951629323883706,6.030320556701979
1.443005289316524,1.9521252860652407,2.5051141141068882,0.5903491158942706,1.2510200764693646,4.452186861114079,0.8356275336552219,1.8662690822915446,3.5836581381617556,6.589908419219114,6.680030197925562,-8.181658389270181,-1.5004839495238969,2.025743472169831,1.4670052783492693,-2.9215490308855467,5.884640409745637
1.403005266134995,1.5008091469347233,1.2296166049794088,-1.0914452380666366,-1.4295437446565895,2.0314415115388407,-0.5699363474424075,0.6214069454874465,2.496497951295245,5.380300262001498,8.065862587426935,-4.887696818124292,0.45545549824522347,2.738709030385073,1.4940052866389928,-2.614141592295849,5.734706235194871
1.3630052029872708,1.105706107859823,0.17077277902277954,-4.2162546388367215,-3.556542377854365,0.08087965774370864,-1.712847140750025,-0.14570609877086493,1.5260789864970725,4.553315283041078,8.986196850437494,-2.321991406189791,2.0165990690833526,3.3060645138011635,1.5220052420879178,-2.0547177303628548,5.464466174778836
1.3230052442757705,0.8117750290845458,-0.7429096247499041,-5.256374903272932,-5.184989230067707,-1.5197596900795367,-2.4769902030592794,-0.8576702432373216,0.7437609668370637,3.8308657365001846,9.617244474912091,-0.10884015112016998,3.091466023408726,3.7878771511967444,1.5580052287785628,-1.7215784914618073,5.4702906308347465
1.2770051983784778,0.547556523900659,-1.424910757905705,-6.037246799820867,-6.3645275959245495,-2.607275826719535,-3.0216762042218805,-1.330246313363137,0.2263664156387568,3.3103779441602885,9.755171302255992,1.712362515262659,4.062938368428411,4.1325338633099316,1.591005179066573,-1.541803790706306,-6.752456937650727
1.219005678290489,1.033178691159938,-3.3303945943400066,-6.941798095870842,-8.655319904009405,-5.288279139783724,-9.71366946458604,-11.251941470322663,-7.345624375679208,1.7638610926626885,16.29193761992338,5.154006344884224,9.63167988705993,4.413146444062974,1.6220057052317884,-0.45961654594633417,-4.616762776121087
1.1850049864049519,-0.6754573277679392,-0.2748374209088218,-8.710982956096796,-6.612648100391176,-7.120368003044099,-7.442788311082114,-6.758429690686786,-1.7137164663939553,10.790374513692797,8.628746243577549,6.851175980909826,10.79651695738983,3.633407850703711,1.6530049811597431,-0.43582535098785913,-16.334061557928027
1.185005878765761,2.040014603555648,-2.745859318236962,-6.5451519704481775,-11.79490457518405,-12.396960884109866,-10.852469654792031,-15.143214404206553,-10.504792881135847,-5.548414951446551,20.714672120777784,15.80288082603608,9.261989444643897,3.7314810212469185,1.6560058646990647,-0.5544971103287095,-15.70433929727678
1.2190049322986323,0.7960811121626765,2.410596445078202,-6.47207180232337,-8.18698290678627,-9.41533519450521,-9.700391840047445,-11.678144061983058,-8.776840155187909,4.963831151930986,8.604752728760463,13.992685495776126,16.19670449066229,1.2528403455133375,1.6530049475574213,-1.4560138277622485,-12.545513935018006
1.3030052775878997,3.084684523699617,0.40954195143376637,-2.055087350062064,-9.656936068221004,-13.752067119939774,-4.380884953286998,-4.884294161141849,-4.286464344763222,-8.670455288105387,6.587916706386753,16.077027233236425,2.3428502802273847,0.6901592126722023,1.5870053166885467,-2.426670631293086,-11.27107322219008
1.3700050364293146,4.4285183893248945,3.503616361237551,0.8998803131067064,-7.13452417021119,-6.324226542486802,-1.484304639028547,-3.1382644778361843,-6.531818799971653,-11.768272821590894,0.24781338176377332,12.017077667128023,3.961865943787796,-1.3291524030783428,1.5070050309456873,-2.962634826571891,1.4421829934868813
1.4470047286062466,4.448411417719282,4.818014050977323,4.0351249979109385,-1.8597047105419984,-1.9442861347872666,6.862795153457476,9.669582396949782,4.229709053728364,-7.72909622832643,-12.281364391797965,2.320522995531392,-6.015670477576297,-2.5502489918728597,1.3780047228842007,-2.93280853035798,16.51913177176713
1.5120046389087662,5.814472996381391,2.2881005618386805,9.188262265290433,1.4886279226093073,5.320172561912392,16.511221129823255,20.1370972018459,10.83818454819102,-14.658954155778215,-16.00292368538973,-4.682951607173073,-18.16282695368522,-2.3186898132692884,1.2930046272262559,-2.8480317955110674,18.13819797192076
1.5530051166119816,6.07991995629378,1.3869697012582316,8.29685762716242,5.376628110053005,15.053132355783761,15.031881575292552,16.70557974254689,7.156661254530299,-11.264756712332487,-13.311848324456342,-14.876436070089035,-14.34311115880424,-1.567657986809039,1.3090051287713291,-2.128550385196237,11.182135360700014
1.5510053804946609,3.9719201863434654,0.692310502666333,4.978526916915917,10.030381669452185,16.53025598541033,8.865974404792205,9.01561814239107,6.173969897544538,5.913961365573805,-10.241773822219955,-22.106854084959394,-8.833163082444106,0.0537363846112473,1.3550054005218215,-1.1898357102213013,-12.586538216058097
1.459006186300603,1.0384526737422846,1.6941915760802426,-0.3590150115003006,8.467118379955412,9.587513871846955,-3.633643282753491,-10.770549554411247,-4.974761132902209,13.043003869005464,7.893459554815717,-13.825281725425853,1.9046896488623624,1.8770170868828508,1.3820062239707385,-0.41518859738210545,-17.22830992635519
1.4590053008280575,-1.6249515675695037,6.544646329189643,-5.123801794620711,7.736598396139046,2.5814057997013284,-5.694587559304418,-11.82457600497651,-2.423192676579827,24.196874687837013,10.249296798993221,-1.8203378644437915,11.527811108271951,1.2754148990323242,1.3560053156100094,-0.24064865683541736,-17.171155951194844
-0.541994461090041,0.3853620352197038,3.7194300351042093,-2.163123585763195,-1.0765817575718826,-7.410866214739151,-4.817868476094942,-9.83968108821017,-3.9237785483279364,2.4561849861839775,20.291695868403046,14.0476420891953,6.3621847365600575,0.9808266429090444,1.2580056104355328,1.039538610603858,-17.33483817417712
-0.46399465782374544,1.3375837421438943,4.824436632397077,1.1188579916558519,-3.8269774546115904,-5.999608341466519,-6.132130355000362,-9.127029988200444,-8.017807310866953,-4.207086242869895,13.58601343259939,15.649557576043959,11.96305575932521,-1.185983370026289,1.114005351236161,1.241335397269196,-17.351657029456508
-0.46399458799728577,2.2392333179650823,5.091395544931774,4.343434832080016,-3.365967605962876,-8.149375434527597,-4.739665752397478,-4.681132807144415,-4.583602226942563,-5.181781575842855,1.7182063139275137,11.000122106844,5.053617012508466,-2.4026215070634023,1.0380053862535081,1.4755820875654266,-17.3821537714844
-0.46399472521817103,3.597846623549568,5.474809116901122,6.148196989410476,-1.0725214426044545,-5.6311258799360155,-0.3535440383753361,-1.6580304792883425,-3.3146028417458737,-7.820865953159728,-5.122725044097354,8.344250520955432,-0.606625616928163,-3.5035317754966204,1.040005282888061,1.527537133934978,-17.269108759345148
-0.4639946650570549,4.806543902681527,6.971437806445991,8.0274631337502,2.077222943403715,-1.1331120111966921,3.103946175128545,0.37607778045001794,-3.003077183470648,-8.81370993142167,-7.051546636498513,4.879830855767889,-2.6508696402525693,-4.7276254569479335,1.1490053106242504,1.4671396974747255,-16.559812138706416
1.4450053384003383,5.734945718723285,8.608280489774733,10.256671342267815,5.645590714594048,2.4483769242292492,6.017979242154258,2.544750673018175,-1.406978437706563,-8.092594715788174,-8.72810327142098,0.7154710905227759,-5.808854860387495,-5.700563013940407,1.2450053503212672,0.4198174291415415,-15.805654063968596
1.4880053539199978,6.473109953043039,10.03086167327638,12.493801678416483,8.828188151407552,5.944693181469187,8.423033127282789,4.355986008275401,-0.056977397040334665,-7.440645988210992,-11.097110224985457,-3.066555314485016,-8.40972097252719,-6.5376591601424945,1.306005372516647,-0.0026239412226438663,-15.9552466591383
1.5290054379647768,7.031295377955018,11.294386725155743,14.467127229348613,11.743770842225945,8.415015485494823,9.621904932943771,5.041519473477413,0.5345835980433691,-6.532900510131707,-12.885069017428211,-6.520090165131616,-10.014760993804135,-7.225186548816355,1.343005418652872,-1.0624239754622051,-14.475452642716741
1.5460053694613964,7.159284233094699,12.48341392150702,15.98149007555329,14.525465511236826,10.806541217060044,11.270840809565165,7.220962311480312,2.4265279875746355,-4.742219993375194,-15.202938214415553,-9.947673666742254,-11.920049965407799,-7.816659599661927,1.3440053475268872,-1.6385331630877533,-14.293307059695792
1.5760054899003537,7.588880042358483,12.812179948602921,17.324542010745333,16.152158447749397,12.551617552686052,12.225877499049245,7.842709319019721,2.8919828102525234,-5.265319541971568,-14.693354821557937,-12.14328520985401,-13.85716654414663,-8.11411720251888,1.3220055115964444,-1.737974744763189,-12.758449577224328
1.5790054173901529,7.453254112317856,13.721317415055825,17.951517515613084,18.157012261499958,14.82202160279242,13.457206351193232,9.2949492638146,4.29554330513079,-2.9936795718381646,-15.924439934917707,-14.770734817110174,-14.295424748328124,-8.485085390335108,1.2840054007008523,-1.5350211822267341,-15.240493744496291
1.6050056555094325,7.773248294313913,13.739105676237306,18.515618315154676,18.643133832299075,15.199759056186908,12.457492719770752,7.295427868503666,2.999292977528718,-3.4041059451431703,-13.255210965880003,-15.686679197354916,-14.56859363700781,-8.4980333362044,1.2350056805433833,-1.1513341728866453,-15.205604680970172
1.6100055263426643,7.193623996284499,15.032631630199432,18.15519736248768,20.112651765456157,16.040913456497513,12.635039384365786,7.711995003719536,4.108131890832394,0.624201543092493,-14.43428641369415,-16.721191284843005,-13.4293080207493,-8.84968571618088,1.1630054996397834,-0.9320014761148625,-14.595059476678864
1.6310056264416979,7.3814749118350065,14.642369874373399,18.70799600286294,19.6533403718841,15.145705373981512,13.335187069428503,8.493505288206055,4.816042259793066,-1.6127090849044414,-12.543912230709054,-15.715262276427591,-15.503622346385885,-8.872662975947954,1.0800055975930498,-0.5897349165188697,-15.783717903880877
1.6310056632030792,7.389245602517017,14.901577831760445,18.99224465446887,19.50090993210837,16.00574078586783,12.448921536225896,7.166828714578321,3.1967173329582685,-2.0710185811673423,-11.387490313278533,-15.680503341390857,-13.657558246913664,-9.170937563716445,0.9630057101715392,-0.21116818062617204,-15.798933340090178
1.6410056449304318,6.953948399869543,15.362736030170991,19.045756838727492,19.886459002940363,15.574767295273261,12.340448007731183,7.728345478506621,4.198087982634714,-0.2393884540898359,-12.577343841782843,-16.48023210612437,-13.902503754220476,-9.314448265559301,0.8560055889020659,0.09962970079470646,-15.683163884234187
1.6620056667337004,6.743235925220633,15.010814282892646,19.21993544811214,19.62058777535771,15.189407121777624,12.904429609349894,8.088574915160429,4.4047197016586335,-1.6519425958004845,-12.179011304914402,-15.884544496594785,-15.101515542597422,-9.263399050722274,0.8300057091722076,0.4159229008018088,-15.58855817215114
1.6630056589030586,6.110078018684099,15.016433292953515,19.34571741608336,19.616498550645176,15.912788636641233,13.009073214074252,8.075682098817623,3.9821766326972323,-1.9639735704234855,-12.092655011061032,-16.07804545349105,-14.388607438103023,-9.352299210513937,0.8740056245707832,0.7358677968389609,-8.82796216394747
1.66100543580545,5.707044698187279,15.074197692740999,19.673801958583613,20.43747200521696,16.886313299640406,16.49647648169881,13.55346886198075,8.386971175924527,-1.3534582808307147,-15.778358082004146,-17.824319075736557,-17.605732310478945,-9.325837534016678,0.9810053690482481,0.6891881961533999,0.0903402701491881
1.6620053957666472,6.214397894033038,11.944569456402329,20.620045491684692,20.20958765026272,19.333460029829983,20.48764555034422,18.94104743559573,11.435986772672518,-5.828595275462529,-17.06841601059472,-20.162666918449855,-22.37253369770059,-8.75898223791822,1.069005401011856,1.0043397974341226,4.130555726628097
1.6620055357126358,6.1716366662801825,10.444093380397717,20.539351590578534,20.759955952595757,23.271737411667026,20.206045340435292,18.931506205444308,10.828719888914108,-4.932655580643555,-17.041772415411337,-25.29094649156462,-21.628289398789928,-7.889583714745136,1.1560055533556106,1.093780400818678,2.1752084519185493
1.6620057415895666,5.135034485144853,9.826988848636011,18.08752245322873,21.574487945716225,23.891443386884806,16.74190660872195,14.901450214279272,9.708509411066139,2.2093630645996285,-15.1069086962281,-29.204294298109893,-18.982674492628114,-6.492074735258046,1.2180057358675207,1.232172872956819,-0.21619485369596797
1.1970057751550973,3.728658346845213,9.509191545677732,14.240793498971122,21.15387841801611,21.808974959945942,14.050395582723532,11.156748071444609,9.271449908022134,8.370916379113911,-10.615633982257755,-27.48992124590667,-15.909920238930557,-4.977546505063874,1.2940057780161203,1.595812732277062,-14.079821728860635
1.1970063328713934,3.546559624486411,8.776311496116449,10.492791272224279,16.87821663670985,16.6611056310303,5.21626559091805,-1.8217162876503936,-0.20618969248395658,7.378151817756088,3.1970622455901996,-19.57476686525283,-7.060817168789612,-3.704486803169563,1.3570062994927923,1.7962617018176266,-13.05739237018556
1.0020055546646498,1.3153280106115437,11.330001645788709,7.136379198739853,15.69026915770723,11.877157313037758,4.548553856161249,0.2522872851600697,3.4875161029047748,15.648579648967438,0.08786063052856896,-13.853337649532424,-1.917791483403322,-3.89373379705472,1.4110055937652968,1.9651943380716048,-12.614346894428921
1.071005916737915,5.220242041054586,7.921762570499002,7.724935749511214,8.613004134118057,4.923773480454889,5.073249283840555,0.9352451091612464,1.8087321566728014,-0.7797342084005336,6.497836404947659,-4.055409074140124,-7.2452564202069425,-3.288787642181453,1.4560059072011717,1.4302070632995791,-13.046673503594647
1.1320056735115078,5.6392446424496985,8.815796366249016,8.227122032686312,7.011726240367627,6.908919528626523,3.22273332913427,0.047695731267321406,-1.8032745341995078,-1.785291278193629,1.4537476907940388,-4.301574834790845,-0.824908038717993,-4.375420500004682,1.488005620105746,1.1464804465431269,-13.193479612126822
1.1910057559723652,5.89514684437556,8.373522627230315,9.127459903106452,5.408613446489643,3.7891537153003747,3.6100397130019584,2.227436362905145,0.7498906885990273,-1.6841942205141933,-4.069419494869738,-6.550081247965044,-6.006821888862648,-4.50979229609123,1.5110057786221303,0.7189927992683041,-14.618932540615702
1.2390057296099104,6.8469448829309645,10.185518607523699,9.17475441577606,5.520458189200572,4.524109068945888,5.237639457409497,2.008148792020153,-0.39276012304657293,-3.882595227927972,-5.588772410624254,-6.165861751246453,-7.50941987124993,-4.875178510817381,1.5320057124437727,-0.1140734773688985,-14.654264837628105
1.2890056568848505,7.217021552211097,11.376376569448869,9.67286982256573,6.702042182315079,6.242036686568966,6.010601377500504,2.2871232416935428,-0.26248119087271427,-3.6115240551275676,-6.565021004755357,-7.156822669985033,-7.247735021612332,-5.537591475836791,1.5330056745278253,-1.0716054838484257,-14.051944072342486
1.3390056710501888,7.795380321532873,11.807988822616831,10.71555864767612,7.755639279656354,5.7372795148104,7.57010645728969,3.7168991536045413,0.0490172022333617,-4.631803513215704,-7.2375950214666585,-8.219930552917287,-9.704015921837563,-5.941322653994563,1.5310056727191188,-2.115352963843025,-13.337823808011006
1.385005671002028,8.230538768859729,12.439570835025895,13.616825647186651,9.088624708871755,7.623825603349214,7.6846215402428335,3.7065607139403607,0.5233790750644705,-5.475368243339933,-9.097979851439433,-9.83564966891494,-10.670816975595137,-6.457428253342885,1.5090056838766313,-4.51082837906496,-12.769111498397042
1.4220056317063619,8.481542523457284,12.885078286606817,14.814420363660133,10.2731988143467,9.089684866775354,8.543443432713984,4.9342287460688485,0.2289228531773837,-4.852556682364256,-11.027701122161364,-12.230156793234084,-11.866040848608082,-6.89561695678449,1.4730056307526875,-5.42303423900645,-0.209423965730502
1.4670051598923157,8.027767568858804,12.997594928406684,15.913794641366895,12.851430814972883,12.102547396089069,15.837573481680277,15.377675592103202,8.66845821835648,-4.372840561096718,-18.989704124883744,-16.13299094162191,-18.426546414566374,-7.146635960430055,1.4310051465408753,-6.6144865889572015,4.0890469528423425
1.5140056043945473,9.372442398050238,9.933057648959634,17.904431346287137,12.018837426902458,15.67532271888533,17.281772490127803,15.892665612019421,7.00855840927618,-12.599026830004412,-14.416502920008604,-18.973863144497784,-22.069178381412982,-6.367317933187176,1.3970056206070107,-6.514497260142518,4.1264472181544125
1.5200055621320672,8.004672888738101,10.917543437803328,16.08780182950448,17.328857064146852,20.481119822104432,14.570728463427288,13.213207886950416,6.305538439374622,-1.481382154482513,-16.94344806772692,-26.364870145056962,-16.32196704700167,-5.895395884615719,1.3820055804902978,-6.37350575186945,14.565994154936961
1.5460052494826129,6.247830934746063,9.825318601125991,13.734363190662751,19.12474746939955,19.48825656009873,18.985909220152067,20.339790787963913,15.41969342317182,5.1872527149168555,-19.283760376882448,-28.55342984200729,-22.513367863016867,-4.261507343396977,1.3590052728476336,-5.91773896270837,14.281463155971988
1.5500057576164843,6.707392767516958,5.925103249530411,12.124333995388852,15.44969434556494,20.201197916327793,16.218502179539563,14.528390383703279,9.386315354460958,-2.567820716871097,-6.264823671455396,-24.63402167319385,-19.49903568198306,-2.151067808626167,1.3680057166084887,-5.811498129304103,14.27539525236052
1.5490055137568588,4.066917937040522,6.730581210262372,7.918867238661208,15.327330805774693,21.01550747972488,10.681384196911711,10.677395716580875,8.378624571910454,10.195141841411797,-4.579767211826759,-26.68197492423698,-8.898172312228645,-0.9501572802894049,1.406005536883461,-5.136660604599328,18.091878202539327
1.518005563620592,2.5646361139672895,3.662220570946193,4.37537842603134,11.865881258961998,14.226326122727023,9.884721047307817,11.713857359594996,12.282393108420685,11.281812362999545,-0.39909825360067686,-22.23060118849535,-12.350112092616186,1.5810995186944652,1.4440055626669177,-4.536170472366415,18.05337385832213
1.4920055751785684,1.8219794108013385,0.8041830269550161,0.8477382435758667,5.24082220483276,12.576907131422264,6.359127161671413,6.947591546420519,7.403050532827663,7.5991587604400905,7.289840275251379,-15.520161342365842,-5.659278029305948,3.3681540776776338,1.4760056023582864,-3.9710687987818774,17.48308854169014
1.4340055809529288,0.07536767780524034,-0.5702656677099345,-4.222899746951439,1.613353044741011,8.86766329356606,1.2194640404649206,3.6677710155165535,5.94643411458329,11.997199433213247,10.423487347528994,-12.814927749788325,0.9720575787147041,4.856087036315806,1.5240055547268851,-2.6412181184151615,14.213368313674758
1.3590057310357466,-0.9462510564447628,-2.9453584150730734,-7.670826406740301,-2.9058407689990275,2.538564318339016,-2.9931043972168077,-0.9004260032259097,4.185477392458839,11.840984289959998,15.22315810472287,-6.913551554964986,3.133215418626232,6.698987343882514,1.5680056926503554,-1.783142219415951,-0.22860821204042114
1.2770060943402834,-1.4823891685028947,-5.231007639040731,-11.503204911534805,-8.160105478475247,-3.1418138206563837,-12.219224852244963,-13.144881628068905,-5.7997116170514715,11.345693739590459,24.41521972765643,1.72386672959537,13.78389420515781,7.691696904129204,1.616006080988843,-0.30484888225177054,-6.870040087548426
1.1630056813452523,-4.48832992398866,-3.1163357137811887,-14.980083508886729,-10.666158424626316,-10.380296595206993,-15.519439759949483,-16.102591197329588,-6.156180332175813,17.234257697483827,23.642709121595225,9.778366649011355,19.740296837444006,7.519306921721932,1.6520057037565987,0.32372853590954564,-12.684361569864972
1.1030058485887393,-3.0707121890415108,-4.343013485185313,-14.415871807056789,-16.524734047801388,-18.241628988583006,-16.39803286048832,-18.14246260224302,-9.55825800868612,4.717343672613191,28.704995313741467,21.81920344230102,18.167985450787242,7.195412742178175,1.6530058605096682,0.21070088726823988,-12.960451653958517
1.1030054437520422,-2.362500229762902,-2.693415309939181,-12.418312865039654,-18.110516428691284,-18.531090533273144,-15.288577012401298,-16.03057786791927,-10.7756240496754,-0.1874236371700615,22.421315743859424,25.54182475169878,20.895101645504344,5.20192835605846,1.6540054726006903,-0.19806130892092688,-11.909304626583602
1.103005504722457,-0.7088483564725157,-2.7816544457752848,-8.386196644903412,-18.374150113112727,-19.750219893532083,-12.099410498521088,-11.159794627995051,-9.14552880599879,-7.527643634714973,14.868722262035412,24.600469039342187,13.835861259238278,3.7394200270419162,1.654005533571105,-0.741070788093271,-11.43604700735642
1.1610054090723423,0.6640831117890311,-1.695267484112774,-5.153597224869593,-15.508260571633752,-15.641537459814867,-8.13534441333449,-7.7659298948993225,-8.508276176083172,-10.417625644200996,6.334826547213197,20.49951221985274,9.8613604440935,1.979492655832042,1.654005409787598,-0.9179637354123447,-10.66014068193739
1.1730054035961424,1.7111450027376849,-0.1844079351274246,-2.1773387504135506,-11.125331890989617,-11.278501155155759,-3.9439455176787384,-4.107834526917127,-6.262115895836963,-10.191096413602303,0.17200431899276225,14.926830664557093,5.15104213884041,0.49651501366660256,1.613005431014279,-0.7349418375765393,-10.62791574167383
1.1970055008372007,2.680809209711227,1.2725655386114494,0.43716668500796807,-6.514022781537317,-6.644638893982176,-0.3117026624268282,-1.9434344203368534,-4.815431520327934,-9.885484096042124,-2.416524481834342,10.287796647359947,1.2590663898907408,-0.6925231363764195,1.5750054622133909,-0.4303031305162386,-11.0383897098592
1.2200055731125288,3.253604362122206,3.1440162996347834,2.723329502392734,-2.026483941413261,-2.227264322903389,2.166405444567303,-0.6295830101275577,-3.6997320027861313,-7.985912852164432,-3.889086229837538,6.063005371577799,-0.4994351322161368,-1.8280225080986208,1.5200055552311353,-0.28510071767448464,-11.452997893865403
1.230005603797379,3.6640037467103395,4.747205696264601,4.882412624259057,1.7132731487100674,0.7622415338979451,3.922205247385513,0.6162054768366172,-2.2504027544957026,-6.17504169506045,-4.992353633193022,2.7832773658965664,-2.4847214274275,-2.7807995605454154,1.4410055694651036,-0.030799828394793227,-11.281278138388862
1.2300056252299985,4.031751112583492,6.049317202060334,6.836676497685295,4.699670815946579,3.200364254957158,5.5435577835541565,2.0779094899989268,-0.7834115737434713,-4.961884093382064,-6.087584556227258,0.3018918558157413,-4.147442469536666,-3.6869091236410334,1.3230056199847897,0.36173296383938114,-10.975150537448505
1.2300056647874205,4.429126448652146,6.952006293226589,8.643787584947216,6.996700755844234,5.205642646691701,6.7587343684784695,3.327275380125432,0.3186704717387805,-4.439616018616839,-6.757392564454663,-1.810569230084301,-5.509680623182668,-4.360498927516649,1.1500056218720762,0.7462648206593094,-7.569205197753753
1.2300055637100025,4.585724421067349,7.70289724172013,10.146838882194217,9.281784993901006,7.409150756823674,9.235738409162586,6.771897454299797,3.2045591930693664,-3.3522953003599696,-9.175977408474946,-4.433331692457094,-7.738902881631212,-4.829073110354145,1.0940055265167041,0.9711807630461871,-12.349465844482062
1.2300059651876334,5.520144376954046,7.6058565400857026,11.338080713796284,9.726132116975254,8.400102181101516,7.002572752368108,2.8395618025561573,-0.2148508754463485,-5.234127103310632,-5.5035992823171584,-5.701596554227432,-7.050535016482069,-4.8099215554149986,1.1360059237028006,1.0058496097582574,-12.815103168381857
-0.23699432909247217,4.6941571024223965,10.09130621194612,10.6969424644869,12.550881388528875,9.577129126463365,7.085824561238206,3.691725589261769,2.0064355530730573,2.7081917383090826,-9.505095470762946,-8.316650422693158,-5.110999355004488,-5.297454284899315,1.2420056432509727,1.7182518787436536,-11.967382554725399
-0.1849941181033538,5.431915657944112,9.588779804695738,11.697075522885363,12.030978903747254,7.8962358250207325,8.956976151581527,5.301491052966957,3.477342934133029,-1.63266111735817,-7.056314997883289,-6.296102932223047,-9.658865043820898,-5.092993328220279,1.3370058370739533,1.4231953158610615,-7.220891818644596
-0.1339945116525344,5.5427241499797875,10.32278778773246,12.79526532945842,12.632215474468541,10.968787995145119,11.191663045764592,8.45161971283154,4.574670715695804,-2.481580125158974,-9.231836149586172,-7.460913980404277,-8.86328790019293,-5.623221108350453,1.4090055307859726,1.2030086524656523,-12.581463105962882
-0.1059938515329193,6.4554703117924355,9.63834730357795,14.120583799551582,11.856247544533304,10.52689524826856,7.549800127952832,3.7182502661874692,0.5405742076640143,-4.981213194152874,-5.797254890405203,-9.297878700020947,-8.576647149106341,-5.4384379002688386,1.4560060654974152,0.9134891270853891,-16.434730153806324
-0.10799419969149517,5.474880631743188,12.058439882916696,12.739746184291063,14.258661719927872,10.488302088075137,5.951766327318936,1.704750875923347,0.7929232772601029,3.9416804096091305,-9.869705694571742,-11.493577026012302,-5.443170451661727,-5.888705963007508,1.4620058527605921,0.5925520342816697,-16.432907918305634
-0.14999420958103668,5.810920197228489,11.93324427125457,12.946102226657025,13.714774154832595,7.715534133096305,7.584891612247175,3.33929316851353,2.5132403681842437,0.8044309558795162,-8.261781792731398,-8.270950784843324,-9.492567539698516,-5.88018472776217,1.4650058595603517,0.113260940152909,-17.307565211466173
-0.23299417118237364,6.539591579600658,12.220436483998427,14.061653874844822,12.907178041875348,9.048201374947414,7.699922739535511,2.532208809585038,-0.19165187574191656,-3.9211802205909017,-6.04410161839939,-6.372658202733948,-7.624750523243703,-6.574829285145288,1.4630058683951104,-0.12040360854778331,-17.418995562865693
-0.3719940904018405,6.637888047679945,13.173398805751859,15.309827222500337,13.66650929305233,9.390901727183266,7.695869598478886,3.7147757278030706,0.5873537686781738,-2.843476043118244,-9.079224772006402,-8.595043194532224,-8.060109181750363,-7.3143220871803525,1.418005871451187,-0.09403484850670418,-17.228571500582596
-0.598994090212865,7.033720757119836,13.34990027283678,16.356650678991777,14.464354352177214,9.50451465499773,9.316619528004836,5.312266070191045,1.910090276818087,-3.816939351811584,-11.708058403533967,-9.847258763221484,-11.51491079610096,-7.7759282251960045,1.3440058687791394,0.2581969516347329,-17.039989394432183
-0.5989940890806451,7.31578044489865,13.875785671081315,17.244627375659924,15.559937580226876,11.446647392048295,10.76308125744581,6.171175014749201,1.9414577492851863,-4.536267610323726,-12.825206977088639,-10.968024086970887,-12.285238944899021,-8.497376215102214,1.2170058956605658,0.6918078268418526,-17.02636792274143
-0.5989940436320821,7.358201515987934,14.397304453902636,18.18200272375753,16.82407943893028,12.795457400784036,11.61711842553879,6.866901942927841,2.4136412535226093,-4.2271715326515675,-13.031583723832757,-12.651112327921092,-13.271063011141543,-9.04995644187554,1.0320059387249432,1.0219878645559388,-16.15840476279075
-0.5989940413558297,6.985890123391217,14.761065565396642,18.862301340377513,18.19874057958785,14.092494762803536,12.927113507213704,8.115775867971951,3.5337948969253237,-3.5673996983462537,-13.80390618669421,-14.12849199448208,-14.582991713747287,-9.357522721702395,0.9370059719956108,1.4690120497298431,-15.9258388042958
1.4590059931446955,6.32676399447104,14.665702146750043,19.469364052331073,19.050192772771325,15.282929668011512,13.631886279811589,8.444683650162617,3.6813056175289347,-3.9456842620284505,-13.617936718641673,-15.167410945740862,-15.283839550075587,-9.436307577615004,0.9770059998204156,1.1071669643805817,-11.539460820958988
1.4970057906267022,6.14323930881741,14.077392642944117,19.777182074649776,20.322853055052576,17.005961841399433,15.958023862712842,12.012193322821238,6.579843998281998,-2.510718442029365,-16.44585562814018,-17.41142707263295,-16.863313485078987,-9.549584626999502,1.1030057968255853,1.309843062363448,1.0110177525576558
1.5210055514123588,6.066296570959496,12.550114128107106,20.378785186463386,21.256691622007835,19.618319185535054,22.086659776647988,20.97749616142525,13.207687491531885,-4.409599681026922,-20.603052721672306,-20.681779393501728,-23.354692531842375,-9.149904402493455,1.2040055497434288,1.37624687500081,0.013938654204760481
1.4630061423571847,7.001155024506335,10.12907889790246,20.271989783664143,20.066899559713665,22.862209114287722,19.32680799880322,16.332928168860843,8.014463490057453,-9.025548496883426,-14.685611251013801,-24.104710333957502,-22.16494038760399,-8.049405288258386,1.278006139972999,1.4507292687277402,-0.5305813315093483
1.3920059268476226,4.788387116634991,11.924499685809423,16.84472744157754,23.013566466838885,24.836349900391323,16.268392002838674,14.184789304042186,9.390753137850057,6.06881825206867,-18.239334439570083,-30.252266443689024,-16.56055427036405,-7.31858141947685,1.344005889177487,1.4633704197535187,-1.6166049776801978
1.3370061607518493,7.263942311375024,10.007904027706527,14.14034077034647,21.155352914888347,20.177324873807557,15.23207123109417,12.144732593296832,10.251278560726863,6.038408565640513,-11.382718728837329,-26.457931562429017,-19.267111345748436,-5.438360292252624,1.4020061583676635,0.8689299527745367,-13.980367375483745
1.3080065256139932,7.1000571515771345,9.745446771882536,11.123254996363226,17.320679384362034,18.032468350431163,6.699776808494585,-0.5877350893522149,-0.449747107176405,5.235928564444649,0.8127509789552008,-19.7906621050534,-7.469347855155215,-4.710851540140057,1.4390065079710184,0.7641142971713699,-11.60455729054239
1.3050058982992359,4.905028979890396,11.900028443733579,8.371391175436617,15.34957953310554,12.659618705463243,6.186050671101795,2.9029014263548194,4.849107368202839,14.268418364580988,-3.654571031909006,-16.449305141083904,-4.787125727191656,-4.78226086640948,1.4610059164190479,0.2552547668893195,-13.170583016361332
1.353006286292374,6.7437418744280935,8.181448792186355,9.428434868942972,8.692629489996698,6.360799099824419,5.589373052174529,0.9542429330365412,1.4454478003387738,-1.7624655350467755,3.640677037453402,-7.207440919645419,-9.625696224822635,-4.019560983082132,1.4630063005974887,-0.6266933955095304,-13.327684012454139
1.4030059095377225,6.4247971104597195,12.424284862772108,10.984326007606228,7.91635088762578,7.222901882509245,3.96889163517256,0.4894070787926008,-1.6582543554473048,-0.09640858189981905,-2.0736376018549514,-7.857827925755531,-2.2287146483054396,-5.167770132998777,1.464005899047305,-2.7199767917595508,-8.460200399855294
1.442005821526196,6.631620299830616,11.427936190408172,12.002630453942935,7.268063138556446,4.116039541410453,5.544005052567299,5.358130329981333,2.8876503836527805,-2.082278523564792,-8.353685938900874,-9.846757751227154,-10.434356627422492,-5.153052792488668,1.4600058282019162,-5.711885818255794,12.514616393669892
1.4910050099461687,6.535384499044273,9.754071716574321,13.937973343339278,10.474634486404266,9.686212655966667,17.58746941019857,21.324109728488953,13.238279935992878,-5.920185389798057,-19.479981054638458,-13.867794823679528,-20.352992802101422,-5.2677976569070175,1.4270049994557512,-5.687665789539132,16.279880385560617
1.495005923887981,8.47910974807986,4.915279360405947,16.050835558091116,9.286752853475306,15.714893211838799,17.44055951065608,19.010650283728282,8.081885788039171,-16.885992635841923,-12.234377073928417,-19.50959435845039,-22.885843359267447,-3.8359030051583094,1.4270059052913318,-5.574879012865353,16.013674241376755
1.4940056808343374,5.701461111111371,6.709746586876698,11.678139410754625,14.536704564932379,21.918317934618344,13.458389658415115,15.23105986848832,8.468915056494776,3.9485761984348358,-16.902212167110452,-30.74320844075058,-14.445453209533955,-2.7675976184071907,1.470005691801592,-5.167640831268697,11.6691763682859
1.4260061188568263,4.302007440796728,4.373013800988158,6.692504951284024,12.406643330605661,16.542230640148087,10.508748954387773,10.140080069794433,10.237769469219856,9.972805773104739,-7.195728366610503,-27.742431507687293,-16.35823826450472,0.11380615445899789,1.5230061217178492,-3.4471611553685855,-4.115740936527818
1.3530064420370198,3.2985390966133297,4.261810833493119,1.174494241850697,8.595454013984249,13.309749391856393,0.28391355637186777,-6.3622435584376795,-2.1116138036095293,12.095446911618922,10.619331308982947,-16.925699807112068,-0.7040694284983786,1.5665424137427824,1.5670064584879018,-2.948687638846418,-9.485539837595432
1.2850061248639737,0.7967224046287891,6.507383551617375,-4.4692340221595686,5.537346429868162,4.816601856570521,-5.010375564249099,-9.56155575365332,-1.6596328225871062,20.456083077820033,14.066367830246506,-7.752177827828811,8.116316213386362,1.7772664328553147,1.56700610030686,-2.5140121996253857,-8.105759402313435
1.284005997268069,1.4779684333847678,4.078002045837688,-3.958922275677341,-1.5765239098889854,-4.528651682237353,-4.1956291549907485,-6.8755093832900736,-0.9358959289071533,6.987398790254344,17.734529699714756,5.060323810406473,3.9108542815771443,2.1808383076527287,1.5920060254014614,-2.4928802419916867,-6.144651014186649
1.3060058304081643,2.3871468556313045,3.4796439060388713,-2.0657698591900195,-5.789555263800592,-4.668333489217555,-4.41415948387437,-5.455427369583278,-4.466699632524675,-2.0259491957511733,13.786864676257112,8.881966785281627,7.229293452432909,1.1541693145623275,1.5890058227787698,-2.8584935969389638,-6.259851743212627
1.3340058736102727,2.9577804387180358,3.093792340328842,-0.2823138126017224,-6.6224733823979545,-5.919686916545203,-4.767748018325477,-3.5703181904231727,-3.8718100921866494,-4.131220320374332,6.204498659467392,5.587497785793342,4.428262994393701,0.5096513957792423,1.5850058905379918,-3.52780614985865,-4.419074965437005
1.3650057133770748,3.2783888824127336,3.1357112729000765,0.08455363656893322,-4.992103773292246,-4.764639663125706,-1.3248463650813846,-0.1150473663995415,-1.2059201674164264,-3.5724893088911305,-0.5495707063842765,2.8261703065186055,-0.265643948997897,0.04052826509026186,1.555005710992889,-3.4701675199634936,-4.084159382763998
1.397005831701185,4.1407668037654055,2.9627138915551616,0.7539085203695528,-3.7094557065794724,-2.1449660954889973,1.2173045231132926,0.6519269946091484,-1.5829881904565064,-6.24733222048568,-0.08364156553915425,1.7852416181459974,-2.346854595721682,-0.3176626055858458,1.5140058154887217,-3.233252571570574,-7.911086113693094
1.433005991199686,4.5271637691266235,4.051180959024286,1.090106800354954,-1.7778686122950358,0.29622402679145177,0.23418901582382512,-2.1864408819035184,-3.9209705593762756,-4.384007999567537,0.9588801129287854,-0.12163573844742559,-0.15685030886206341,-0.8371306848445794,1.47400594017811,-3.3768848649843934,-5.453652384602314
1.462005736878139,4.097718394367765,5.601492068108236,3.0548893178196925,0.9358009209688092,1.0472500120506587,2.7986144028546684,1.3447280388026226,0.22729819162394804,0.14219396421231933,-2.669330113630047,-1.615009252100992,-2.217353883612107,-1.3690614537740915,1.4140056992080035,-3.2928397373062195,-1.5927240376777398
1.5120057610909203,4.927343626326688,4.7858891131404295,4.882449907626701,1.1364126232569376,2.082577146312249,5.999571629885941,4.5380066136372115,1.8771487271139318,-5.16169120781461,-1.9459289317656787,-1.2689701664918513,-6.411700295394621,-1.531402216649567,1.3370057789723138,-3.1004853313669694,0.4465744703069212
1.556005762317965,5.130406019700566,5.081580397389196,6.190891656972954,2.40405585731317,5.622048174348283,6.2630967618326085,5.219790063054153,1.4151526256663947,-4.866604563100612,-3.1015571044487587,-4.34906393198455,-5.110880365163309,-1.9807006035544177,1.2330057484896875,-2.728239454503682,1.9656540145632464
1.5980058087795372,4.815318715900688,5.166577552338072,6.502073713817873,4.146810302199071,6.455373587589834,6.48053460224362,6.388151537835771,3.5748182805148585,-1.2280408315691789,-5.078869516284768,-8.017068636097935,-6.8541701687943375,-1.8678267925625063,1.1200058235614891,-2.4223047914759936,4.954634944573493
1.6500057498044238,4.501102744208195,4.7786517237163455,5.999724878232941,5.266336931821769,7.608373217798242,8.052180404024847,8.028681919395103,5.580755161203998,0.34116528785204414,-5.243915738805866,-9.038239305952207,-8.331752898589041,-1.4682322329275257,1.0160057166642413,-2.1254323061633458,7.04237027863981
1.689005814446908,4.278406856151111,4.024008742223259,5.5077817978881,5.2637123530364,8.846060413322649,8.04952609029227,7.9363421239460585,5.480629441652233,0.27778608935180227,-2.540834030452599,-9.279226415915154,-7.399206647224386,-0.8527410474867714,0.9190058335203943,-1.7037062357575143,6.148515686930405
1.69400591999021,3.714187548514363,3.4897373160219356,2.7278002076658314,5.054625698729753,8.84849130623875,5.741127210442944,5.520776353388772,4.268806848009305,2.6801439740780424,0.23484499432431627,-9.707055392740173,-4.765210347579506,-0.0809569175433591,0.8860059514614624,-0.9771772760641526,-8.423476977889546
1.6950064902016164,3.523085269607973,1.498772670076768,0.597873423330441,3.1440709175295254,5.245760467972136,-3.0433384461394315,-6.876299065918527,-4.137326788010915,5.1300845269755,8.963652231647957,-6.314185641773047,2.770485053808101,0.7633158851541684,0.8890065555283071,-0.12615290738583962,-13.889818028508943
1.6950060058213128,-0.2187266386258353,4.694347391157386,-2.581103386944217,3.496169911855224,0.5468221031736094,-5.2618256715599685,-8.700306215086316,-2.685722605835577,14.860296191040227,7.156353144836918,-1.0836009384945422,8.2236942361946,0.47166647668387773,0.8960060406304253,0.46827519654674865,-13.06195837229911
1.5960060240242688,1.01833211483405,3.420951386028432,-1.4517223594808206,-0.9612466696856274,-5.526963681116021,-2.7125212319214516,-5.916161237369344,-1.8454413210497744,2.7764300643862256,11.66296954050575,9.144358126715803,3.593604558177267,0.4132029291058633,0.9920060218785016,0.6057043129255286,-13.075775435652766
1.5450059356820542,2.32083406324616,3.876228837604794,1.1002713599536063,-3.1791696489675214,-4.0534692903454586,-2.828534669065254,-5.569924717520271,-5.44461347775912,-4.867070397407664,10.196748449653601,11.405162263800666,6.8576703147369225,-0.9054763331220075,1.1220059278142411,0.6577938319823775,-12.646394757542607
1.5450059418098372,2.9219534547000094,4.839444589659145,3.5964281941299783,-2.211129874664163,-4.241228281131896,-1.978761666838853,-2.4901829126358646,-3.259381498731301,-4.26586677657971,1.7990729486586297,7.154984102272985,3.4612436863084586,-1.868252156951935,1.2280059401409071,0.5805538098757161,-11.760842537886774
0.0950059138878294,3.849006702846756,5.2076062430074,5.314297525807712,-0.31737895649714076,-2.8290160939695843,1.4850807709672011,0.5010355492079643,-1.2213100215220045,-5.756724822596166,-4.0478641873771295,4.560895890270668,-1.9947692415984983,-2.5392480266679494,1.3040059053047606,1.031774601684063,-12.08368663311155
0.12400590641841709,4.770627182676766,6.1812272423513726,6.946253703210669,2.101236688619162,0.6722257091214936,3.6755330130171338,1.1832874709966372,-1.698555020127781,-6.879434199966802,-5.200689909943572,2.116774342408287,-3.159521442031215,-3.3499397333680596,1.367005936935995,0.6975336203850655,-11.629348350710424
0.1500059122372264,5.169827583298767,7.58319869611451,8.481885550122893,5.105769972080349,3.3684146824943655,5.261959706339559,2.582901011650689,-0.5082198639852749,-5.0148863458421005,-6.64679391058206,-1.3378592980227668,-4.595347835581563,-4.09033061117263,1.3990059251118296,0.4211806271223226,-12.062044029185229
0.15500601368374978,5.725937629442303,8.355075907419419,9.94602167748395,7.386566430179617,5.1603028153966,6.526414316312948,3.161491448076358,0.07672729556865399,-4.972892903050784,-6.984889545223375,-3.428808164397366,-6.702146366880925,-4.505204015277338,1.404006026558353,0.18860992827286127,-11.881599229633663
0.15700594408931343,5.929280152973641,9.54711370450333,11.07320192018155,9.618031471024047,7.3966836303903785,7.662491894200864,4.077649025963677,0.8330716119560098,-3.5636002370587363,-8.561361938575448,-5.465109582953956,-7.047364233687382,-5.0539069343818355,1.4090059779447517,0.18032174609181784,-11.68986855712042
0.13400599953902026,6.231499944418165,10.144128231371717,12.306419124270521,11.071458955963404,8.519929526079075,8.55239098573695,5.030035010171555,1.7252098472263366,-3.4060224083475106,-8.967941399814507,-7.091214767163072,-8.528211300255851,-5.424033998539793,1.3990060448385504,0.506044057969429,-9.711360742414703
0.07000604665617001,6.300868840300273,10.772095132959507,13.261552867923609,12.642578630869641,10.210237450726746,10.207542575951518,7.0713397936401785,3.395374527384144,-2.641999516186324,-10.206181900805472,-8.816875395122516,-9.906414608062004,-5.798024055600988,1.3500060180459408,0.9604363085897991,-8.338243600293186
-0.02399385087515567,6.584929323508661,10.784360314880033,14.271309690417796,13.53948860509617,11.57655314494091,11.177946071152903,8.110988459762346,4.096118377846914,-3.3004971353685413,-9.884632584201864,-10.28375116963677,-11.290517585693513,-5.9558274856578794,1.266006051373227,1.6124827838840736,-9.210538853728687
-0.23299388025094528,6.582693546619266,11.164210296903386,14.56017340537682,14.534508312464734,12.908841065913997,10.556144697332797,7.098710204823114,3.5178971856527705,-1.794303128625792,-9.268149548521755,-11.882746780618286,-10.393854854292615,-5.954738639870256,1.1830061879367684,2.1987551939051624,-11.445617573787416
-0.23299379821826383,6.291573719305788,11.73947648477875,14.250997702880897,15.265213694085405,12.749644757252566,9.426996439379083,5.5242331834189295,3.1446512692457507,0.6979984584008392,-8.23496895172427,-12.289001238531515,-9.340119012388701,-5.7546443251819355,1.2260062528033122,2.633726923896112,-18.000549580161277
-1.9509935231783229,6.214769164500415,12.275487309231648,13.743937380044974,14.811276275302781,11.21991148274981,6.428235014445686,0.7845534156119074,-0.054729368647423726,1.2881624711753563,-4.228853490798837,-10.151743217665238,-6.533633953215501,-5.6009504645047965,1.376006439151542,3.7130502970765926,-18.046298447026516
-2.1359939573748945,5.727805880993749,13.824277517903559,13.33034298079294,15.362873838911412,9.935199632721467,7.258721476846062,2.3168403627283833,1.8916702925340605,3.938175590628452,-5.78658155057516,-8.044225559654635,-5.657874013464284,-5.976172692306058,1.5410062076107625,4.032266394692543,-18.06821398823651
-2.077993726722163,4.653809556850575,13.18440901875282,14.941249136505942,13.557663529594455,8.354828185260953,8.286949727852514,3.2311949708079872,1.3014803154420047,-3.1927792603514256,-3.6715963304731662,-4.868658148578019,-8.138386794995462,-6.187068029101679,1.6660063505254563,3.156595851461633,-0.1720972232193683
0.16200540137556588,4.083648601122171,11.399526738992645,16.982636443160242,15.824720934916842,12.750630970855735,17.511449180277282,17.980759626601216,11.637345576097488,-2.2893241711762577,-16.54083896401419,-9.497852785716804,-13.942916629745609,-7.060959696335626,1.7540054537084444,3.0141227135622017,-0.3142995438738737
0.5720064901400654,8.501234367851048,6.76455220704956,17.854112748958624,13.36821862275274,14.911973405946274,16.493912622584112,15.05167273443399,6.384094855037708,-16.092339881975928,-10.318650444321754,-13.197711315555884,-19.76269285201921,-5.988459493518883,1.803006466536626,2.7349299301421155,-0.41813015059036157
0.5720059979848324,6.491088251995901,10.074345802689457,14.847853908693864,19.259597617007007,21.6850232343801,14.228567937294532,13.380739664886992,7.349583682076236,3.338399894197803,-19.411320749608837,-23.98675756216163,-11.583590599055551,-6.168047127369254,1.8310059715203701,2.837863874254822,-0.41520421480910724
0.7440063189152681,6.261505103107097,8.067687755332198,12.87843824462706,16.801886047850466,17.082592477412916,15.124557790011604,13.437245234475844,10.966310036901378,4.305001235510941,-13.78493129938356,-22.81166492071968,-18.977573163292305,-4.237391642885247,1.836006356346985,2.962853213150761,-18.54620949944878
0.7890069706045056,6.785115987759145,8.1477995893411,9.754759360173118,13.521260916600067,16.661079320855237,4.747770347266268,-4.326306444663887,-4.055666918682059,2.691528720255034,2.9692102847202353,-15.654112799611248,-4.645653112007121,-3.6418858641951246,1.867006934960928,3.1571286272990626,-18.552943771832105
0.8650062031772429,3.971201659145012,14.50686576692504,6.453888598855806,14.786984080839915,11.60274876782472,3.5945122559745717,-1.4076434239131501,2.2113901802802136,17.95265295063291,-2.665203257833668,-12.80650599809449,0.8701960614357116,-4.322624050760527,1.8700061984088712,2.692380598288713,-18.42510577811944
0.9070065007602194,6.252470681814479,10.835141323043345,8.665063149654086,7.8703346334014235,3.425263591206532,5.658195820085011,0.11796667001905625,1.3873964242628283,-1.7888569935101248,5.183935960245184,-1.0460770488794378,-8.165809528032536,-3.788602341412659,1.868006555834911,2.7704931696412363,-18.408610592976963
0.9470062585355999,6.683438436107179,12.657873722971168,10.152251112546764,6.831674857713722,5.087393816921793,4.519743318405595,-0.28425827812012905,-3.002767838265811,-3.834925252740053,-0.1475494239289148,-1.2106505800359049,0.09591630340051482,-5.546757027656888,1.868006232547975,2.0285098206338104,-18.530380280235807
0.9800064124779272,7.235242217517303,12.621443699477481,12.23606221160587,7.012978586916219,2.1341090094190727,5.021153445272148,2.8516845174787093,0.11157240099641896,-3.878802783814784,-6.8476254354101815,-5.2192148905248175,-6.445000227310739,-6.0402238430832815,1.8670063920931388,1.9287949939615197,-18.52403963658079
0.9840062396797892,8.020566859226971,12.938500026102496,12.868434410282664,8.586628978118686,4.160210043841402,5.718721099039223,4.43312619848064,0.654103733941394,-5.488245472393938,-10.677209404721497,-6.383953998650988,-9.971263302483976,-6.678102352882831,1.8650062667402978,0.7648765223469378,-18.60758555464516
1.0300062916986312,8.725165378954834,13.930521942338704,15.738677884121502,10.241147768952759,7.035135533814785,7.4170333683730245,2.8194334060871107,0.4320771478014045,-6.199787678426919,-11.430867908047492,-8.382297625308984,-10.387216594061886,-7.547452889977574,1.824006321262535,-1.2706359504468032,-18.51182183995516
1.094006274934967,9.218392389049882,14.870550750403158,17.29330495207392,12.216007561622664,8.855344166093778,8.693482562290592,4.061878084058906,-1.032920273509486,-7.63576055337786,-12.604216855597048,-11.31965762496972,-12.385618225468793,-8.19511395709772,1.798006286021431,-5.398976132007691,-17.352051775180175
1.191006211226782,9.577964773214749,15.593968522358386,18.699802160545445,15.641764719481781,10.745579416214332,10.606458805711577,6.2262826741351365,0.6293229542161392,-6.901119952625216,-17.482117700990315,-14.03168256912948,-14.790329248579113,-8.966321001873428,1.7040062226708739,-7.309536309532915,9.12103969236603
1.2910051737472015,8.708847694310752,15.551015711907354,20.809170718029936,20.30014830147087,18.00091157608338,25.371321855723323,27.684761467070157,17.383447917244595,-5.43898397598338,-32.12817578990445,-20.33326357970444,-27.81500145151396,-9.55118810871005,1.552005151335855,-6.838348518567883,17.78131823020044
1.381006168071155,11.608092252825045,9.044084701173894,24.850768018304997,18.36852640543104,25.263926552562477,29.599466923914314,29.778030885941632,13.314737091822028,-23.371010704344357,-22.51312170378613,-27.610707783628055,-35.05823091794446,-7.9150814782161465,1.4230061637796205,-4.902484386132122,18.412918829396826
1.4320060022537475,8.710683272461889,11.277679909100879,20.979229164228382,24.993596931269295,35.14706405482714,24.085552516774555,22.908137222421793,12.117406498070991,-0.01469769232983964,-27.344305175938388,-42.56038516969649,-22.832359760487673,-6.861072226476402,1.4070060260956054,-5.411519345847948,18.394880447927516
1.4360062931905546,6.314528148089893,8.980903432378943,15.45346385466058,25.658098649286476,29.443593441517308,21.576541852231884,20.680608659773085,17.309621665087363,11.451129440750009,-20.790680991033014,-43.67693436393824,-27.099741540856243,-3.2995820567885747,1.4210063074956694,-4.967940312805837,18.38620505127819
1.4600061555741275,4.546301225475084,6.812304342752906,9.377329952633422,21.967920493217704,27.939953594666992,16.811466014383164,14.584794472629572,13.314048242118744,12.337889606093896,-6.45840124860009,-33.92010274664118,-18.352793430987912,-0.696009711794213,1.4310061713097537,-4.82651622407324,18.23860319177186
1.4580063151216793,2.5851529437238234,4.889868285980011,5.017493201151735,16.04755532096371,21.319767574069715,10.045490128200534,9.384814618056748,10.063707850482146,13.953498996858059,4.7211056954459565,-26.867629529210326,-8.668611704859181,1.4907427079523927,1.4540063070154476,-4.8112358411430325,18.118344220437862
1.4560062187432785,0.8080158146724123,2.0900695043440614,0.7876056832047915,9.640589849916005,13.791517567266512,4.3896568855694795,5.86581855387994,8.782711617403876,14.79535893637695,9.363560963123394,-20.172967113964948,-4.240808559923796,3.763951758484584,1.504006256413414,-4.317535779887002,17.637104371918383
1.4260062037194532,-0.544775830405448,-0.7754574972533739,-3.430341745327695,1.6530851803881461,7.5703716256125055,0.1831257764452654,2.6421206754454367,6.461138414692819,13.262310477514433,11.99095572349483,-12.715375444124394,0.3644184077587127,5.66662903873889,1.5310061929906171,-3.987971268186171,8.903751370877062
1.4090064310970651,-1.2054629093446838,-3.176513931612849,-7.376434634954158,-4.955756289918114,1.048518060028179,-7.6870134439782625,-6.538401442398774,-0.9665828468875048,11.15513172685921,18.93419658263996,-4.984670739889609,8.15094774540064,7.172100658208685,1.5710064613762247,-3.354920131558985,-6.001541534202057
1.3560066349459128,-2.2657862142002583,-3.065338172827693,-13.48997551974938,-9.742355692340528,-6.9043975303546885,-16.80203816276643,-17.856513288780995,-8.503839332681085,14.612504021309839,25.595402761615382,3.500744291980241,17.873346564628953,7.7899883513591135,1.6090066261244254,-2.3241284809236578,-12.540850673953855
1.3230063321632806,-2.980780102471228,-3.4649372884522807,-16.235934914476697,-13.577587274729146,-15.604853809098417,-18.26646380422548,-19.609993406345676,-8.913331935358883,14.417738698404706,26.04897591300045,14.840133218587843,20.25857907940116,7.444808930225337,1.6070063116592828,-1.5104719909540547,-14.092758139442932
1.3470062217260519,-1.4064394808696936,-3.9922891170960715,-14.564264545909644,-18.574548569808435,-20.516904033562145,-16.267222572309265,-17.979981738389014,-10.932207657884415,0.8190991833537584,26.93874448244349,25.663301755192116,18.848638147732547,6.227849485870562,1.5580062171960989,-1.8532736780969445,-7.6269154761252125
1.4110057972746142,-0.1076754303303793,-3.3147047235674076,-10.647999435602184,-19.252408914721112,-19.01085200165661,-11.294008817826349,-9.902490667329495,-8.241340282423085,-6.276786038275958,16.781164668895467,25.488073285560688,15.839672001004297,4.0047098934947485,1.4760057948904284,-1.7041587649978984,0.5005099250577757
1.4720057802128361,1.7864250308029046,-4.450706317901869,-5.752765039373121,-17.598826969519404,-15.796532214633618,-4.543635584932595,-0.818750643687661,-3.484243322790409,-13.500262820144123,5.99175277425546,19.5723674831817,5.276853267750276,2.616964468775931,1.360005791656928,-1.4498707325670082,5.13457927076306
1.5170057684070373,2.9543400873557966,-4.382109227016777,-2.809558013057483,-12.897030354569543,-8.026783907435393,0.2998804376082038,3.523419773482972,-1.5855509437314836,-13.558475961993679,-2.216071149681296,10.492130773972185,0.4389375053925022,1.5836762753597302,1.2530057996398711,-1.150754309588111,9.152132439743127
1.514005791164616,2.9247077904961145,-3.495228692727507,-1.6287803949934339,-6.9051340076041505,-1.5729161073392022,4.189895525141194,6.976122663407983,2.1580012470822476,-7.600543891582619,-6.54556985943927,1.6579241667459916,-3.343217624783418,1.3403098363012418,1.1710057964098248,-0.6866590714666005,3.964538447631387
1.4370062076163912,1.3705024989693477,-3.175659316899848,-1.6544990513293703,-3.4926064491582194,1.809944646176816,2.631896513158091,1.8060585376947893,-0.6382702489548049,-4.526123650489474,-0.20785684812685457,-1.475291050610588,-2.4081491999796945,1.8781570871540043,1.1390062295509005,0.21684369473902043,-16.782173511446427
-0.3929930289293514,1.1135182840077091,-0.14261160454287403,-3.857734645809469,-1.7257309677143675,0.7662334502777775,-7.8932895599559245,-14.577294120235265,-11.044273833742889,4.253056048175439,11.01037605254513,0.6033347286632164,9.704316111717112,1.9199305254271137,1.1280068795179141,1.2595112288734285,-17.665055036541567
-0.3499938431242773,-1.010565104270566,4.794466463070748,-5.853870514820043,1.1046149551078694,-4.461248478018603,-6.034027372088655,-10.451466169483844,-3.4587426597117634,16.157202420607838,6.616287782207402,6.328794487222024,11.046451898350409,0.9271855199421896,1.0900060352822474,1.4220263061457032,-17.049462846826618
-0.2779937336587025,1.71089170497511,2.284986595827916,-1.5997588341561424,-4.45458389244866,-9.493505772328996,-2.8928144462007026,-7.9907905207376615,-5.145902000537085,-5.391327189932967,14.936642450508515,18.201175833430142,4.489364248058179,0.4141032386474174,1.0970063855505872,1.6389940316367917,-16.92340134054041
-0.20299394686839656,2.5625809104579726,4.640710682674354,2.2267103177088208,-3.940508804562125,-4.831148061593707,-3.7206724607304835,-6.837461630976932,-8.15628974106593,-7.369384895991175,7.618517731541743,15.269472242300676,10.550331434827875,-1.9501023537723117,1.1400061074910395,1.8145858749802413,-16.056799610123882
-0.15099377293008184,3.431499334173088,5.336748242182951,5.629892899247364,-1.5494003417982185,-6.118502767257342,-1.30868033677012,-1.6497066424809539,-2.98516563786054,-6.514351201047255,-2.8334202048435735,8.927913401536365,1.469762757125281,-2.9023652944324825,1.2180062447128934,1.8570625183109681,-15.930382547789591
-0.10999373945007729,4.689416276658036,6.140836403198766,7.514325689951166,1.5255037705741257,-2.207300079302967,2.9910079522384976,0.72288382477997,-2.151567660098202,-8.61924595606601,-7.775162593631062,5.9749801396579905,-3.144921434287431,-3.9286195253322873,1.2940061852096518,1.9035808982808606,-15.355431590373028
-0.08099389008731221,5.492336630626902,7.928716294084149,9.595187193650808,5.033593098672046,2.4175865704205397,5.771785288174765,2.6360170010403685,-1.4092140392076615,-7.927285399441665,-9.350795189037889,1.7764996584959265,-4.369439317123714,-5.078489670049696,1.3670061833456102,1.4518446191457137,-14.480665374224152
-0.05799384674395095,6.1509621844300515,9.233136904910339,11.736589711167635,8.295087249484961,5.319856080848732,8.06272152085364,4.584632140914749,0.40115088936050824,-6.862427000944329,-10.393051287431142,-2.3674146567596246,-7.67864908338526,-5.805889041478517,1.4180062238279485,1.3078745681717472,-14.491812347399586
-0.06199370531415721,6.681414843151172,10.453939591798141,13.466940275343202,11.197744139594857,8.136676282502265,9.528967266298295,5.184090013381612,1.0047634884040875,-5.966872863079367,-11.47138593610081,-5.4833200720399295,-9.260735795178604,-6.416771805904538,1.4460063108983061,0.7902585071133101,-14.498349720566257
-0.08799373934360782,6.881737199306405,11.711277967637635,14.87006909185887,13.685095715185772,10.230157045697663,10.174596518608057,5.770099991968479,1.6779854469168747,-4.263658735406274,-12.918402339039947,-8.373310109820366,-9.989589322854767,-6.960772027444648,1.451006294988668,-0.008565361619081502,-14.19513779911986
-0.163993691726421,7.049568036759537,12.442720480682198,16.05432701666006,15.45177566424618,11.515394588595633,10.922947259285946,6.752328391915059,2.6613930131970225,-3.54610731062834,-13.595388386206295,-10.557447579405345,-11.524995528192886,-7.31726751861491,1.4520063645403636,-0.4157701028510934,-14.155540712364488
-0.2819936792791196,7.218018386346494,12.982628025029292,16.893976398852345,16.69979979690126,12.817220980962215,11.506789234835333,7.2182451681575115,3.0770325021134877,-3.179207757162846,-13.587313454405265,-12.187398750053715,-12.379361687856854,-7.650704077086514,1.4180063684045958,-0.5820222286543246,-13.213536120249849
-0.4809935724827822,7.15745180507351,13.503358311443321,17.484894773272163,17.838429481931826,13.981019249163928,12.392543321913294,8.314094172532023,4.121151315963932,-2.2575274008051416,-14.074433082858313,-13.822495311870108,-13.255538421827342,-7.961539526649041,1.3520063722041074,-0.21311564137533034,-13.317791088097387
-0.7909934302991638,7.233676615316273,13.574957945625425,17.98909198080337,18.351211857287584,14.675384900065847,12.594884466575863,8.230706192197925,4.106391328824977,-2.5057394364766346,-13.215339803644303,-14.66217454487738,-14.013015713359062,-8.14800573565994,1.2560064414316414,0.3991248570117092,-13.895566657800304
-1.33799357525962,6.977381489713814,14.021941915012757,18.037262866397963,19.000268816827816,15.363992959737606,12.329351720096774,7.743487020403916,3.965788569906217,-1.1576251834858233,-12.853139996928347,-15.452511670466706,-13.381958469285454,-8.36588470054311,1.1240064967427914,1.051703207488809,-13.763955294387358
-2.1449934801638504,6.687931676898369,14.198905568307428,18.058183803859848,19.272831982379266,15.223495785390503,12.520410994337155,8.012450153029244,4.547353053423669,-0.576537790605018,-12.391740027271853,-15.530438128718313,-13.808874228867866,-8.398329595542862,1.0150064864575483,1.7724187457521583,-10.83090579748371
-2.2939937353599533,6.272017959203875,14.08936631948642,18.291538630724467,19.45308288951832,15.74014568335795,14.038200971775375,10.15366357861529,6.1198706450612885,-1.052403214164105,-12.904087231447924,-15.643298063511356,-14.905517344753175,-8.384581975135626,0.9760063647758501,2.13324587937067,-9.237246874532117
-2.2609936481855617,5.903043384458381,13.291982596405425,18.771785641857775,19.026998711131338,16.49062566863358,14.25108242803095,10.540748299180272,5.869978345882571,-2.954463278754732,-12.018895100328994,-16.37659128024158,-15.426112579641078,-8.159872122152901,0.9730065578080906,2.4064891893846054,-14.049727248576573
-2.2609934123066093,5.437699159366289,13.125237197634553,18.154027962091753,18.796898586768062,16.533940156832063,10.846897651130499,6.013517120157964,2.540378465291544,-1.2216794750703928,-9.91145218910163,-17.45860445879591,-12.406120015097072,-7.881664087879695,1.0220067588779302,2.9023874724678675,-12.923910936010069
-2.2609936718475288,4.451827742414203,13.739323947304598,16.597307787851577,19.824867923536637,15.48500574980437,11.604374326651817,7.7284046511661995,5.591035586101224,4.305528118256232,-12.684329546411472,-17.675415833866822,-12.457126159637827,-7.755961185580965,1.1150064940918023,2.911907276166364,-13.435993871961355
-2.2609934660303703,5.289463524849343,11.538192625106763,16.564261562726337,17.527648358521258,13.775570348481175,11.829055451066562,6.921682300396194,4.121415997266161,-2.0351270266925043,-7.945917296825037,-14.096689749154189,-14.13070179253962,-7.314569482932475,1.2030066994321233,3.164716094202082,-13.679890313870969
1.3660065796114618,5.082356296410125,12.300201107273198,15.67066967734879,17.179680027334072,14.96119381732706,10.69300017664529,6.047578215288196,2.690515683791558,-0.6597454327319063,-8.627282333407436,-14.524696679419685,-10.417870057265146,-7.629406335492883,1.278006580088299,1.6286257580867582,-13.709377332690913
1.4070066397028023,5.094705462568307,12.06436805802997,15.096270607810972,16.115953069186475,12.976103375816063,10.332279410159442,6.66844370784537,3.723512191653673,-0.7084263368424326,-10.00693943052994,-15.200336200764028,-12.538843045810568,-7.513951189614563,1.342006642086988,1.1578372951261986,-12.31732349723247
1.4520065514183338,8.424824594838647,11.849878163374527,14.99025794156709,14.751972906079367,13.010896692065202,11.399291741741582,7.591548017177297,4.143029776458722,-1.626171165269401,-11.625070250480945,-15.12469906082076,-13.643406131772554,-7.535943996493627,1.3690065471267994,-0.4420840729934712,-3.5157415342810667
1.4900062333797628,8.319519035378125,14.239701367516396,15.479279196778247,15.05994227968985,14.883870584274893,15.375695069098024,13.778417578802376,8.454972857459573,-2.509638894791685,-15.84731844016249,-17.195735702897956,-17.13661417856737,-7.588314302861743,1.3720062028621847,-2.2445577081786707,-2.3008340389544686
1.526006563166791,9.213044785837443,12.113525178400824,16.27280893736797,13.964741812646475,14.947586267254202,14.869079006840032,11.545397614589564,6.1533286386866255,-7.791434133199953,-12.833212475413209,-19.571281133341756,-18.818327423743842,-6.929985032805858,1.371006561974698,-3.884632096002306,-1.1683913965709267
1.55300638923538,7.949198897690835,12.930946124411467,17.024040980773144,16.032159477438913,17.6397371009327,12.322608266123465,10.903384355528555,5.644413367645733,1.2243944882911806,-16.471157749154422,-24.736928831538094,-15.75063308722881,-6.621102392115391,1.37000639090431,-6.184692075785739,-0.2311709821252795
1.5770064776328532,7.442217768068373,11.414800627281402,15.33450054097099,15.281852237675498,15.710926314504633,12.43441051219311,10.863378480519295,7.0798273859654195,1.0193801134630842,-13.955769692101955,-24.39952518140272,-18.401508316276036,-5.424378878592284,1.3380064850238291,-7.415177540007614,7.463696317365247
1.6060061189376442,6.460161772875322,10.524005578314235,13.494766859809918,17.274499107029683,17.319731799093116,15.146894338077423,14.588841158543497,9.868849544203034,1.959486665153857,-13.616682561760468,-23.490226782630575,-17.77849792595746,-4.685474979371897,1.3110061022483437,-7.158057273002337,8.117657299213318
1.6100065682593812,6.600779280406403,7.702244775321975,12.632408910601752,14.354695890080082,16.58606436383684,12.622193355552877,11.559543179246203,6.9017320683145265,-2.2491610150067025,-6.351739873290129,-22.329684424157964,-16.50867690395343,-3.2121306709676887,1.3020065401259888,-7.047775741165342,11.707436399232341
1.6130062187084881,4.688751850818434,7.6173674400821,9.486545129780675,14.453536333252679,17.043840068412155,11.180259252221273,11.767368118550092,8.667810769247627,6.24321946762376,-8.50116762003108,-24.145994372597194,-12.237705128354124,-2.176969828544845,1.3080062413582532,-6.6918283625640065,5.31204400317375
1.6140067762980645,4.530996114000729,4.717792785293579,6.7418093748395895,10.321304678274018,12.396174215594854,5.7521242801057575,4.27751188121378,3.939126031048236,3.885060863582993,1.0276623145314225,-19.653195407901595,-10.272358978566576,-0.16569996501222573,1.3210067636618799,-6.134553688876266,5.6137550788613355
1.6120062443372924,2.348791748261158,5.643168488393575,2.3621389555266097,9.227285873412406,10.837358083542302,3.6543458771814947,2.936706391900824,4.3709036028964725,12.171557620239739,1.05796624292077,-16.117240623457356,-2.8009182660987513,0.5016778719451811,1.3330062600729187,-5.633080400863943,7.23346798968367
1.5900064867965198,2.342662365960898,2.678922685313643,1.0455652276112017,4.030443951077167,4.839145252092194,3.030661750382192,3.048789566420348,4.545882221565602,5.174763373222458,7.707128822841195,-8.91115566166051,-4.990552504742006,1.9215696399591604,1.3510064941874957,-5.172230178218097,7.667144879167934
1.5860063196230305,1.8800961763742157,1.6390523836147475,-0.5020789629254829,0.8831089234904894,4.45702035218771,0.7395190482368488,0.9464513706072282,1.4134243979089725,3.438734919204599,9.230311908553983,-5.5650139197574635,0.6007272268559518,2.390491736317381,1.370006328921355,-4.814147032583694,8.690097927386756
1.5490063414159303,1.1965552600930716,0.48213816845927404,-1.8212698864003753,-2.774603169923501,1.4934026968533374,-0.7390853407896536,1.262761675144212,2.3573259947688214,4.465273302646864,7.677400981453985,-4.7502200553011065,0.9344317146312129,3.152770453522851,1.4030063435616975,-4.659348420174907,9.470343274505549
1.5210062642031827,0.8703091760840724,-1.1099417904905886,-3.417566436672466,-4.625225631693142,-0.20012154055764664,-0.9663735274973573,1.026822093396944,2.2235000364891704,3.636134351000795,7.84908263281397,-2.4738998060455764,0.7789428541065107,3.957855293641913,1.431006260626904,-3.9742050739260586,10.485180030308321
1.479006227676122,0.43987967053800414,-2.1052172545423296,-4.812083303395161,-5.899379631143024,-0.5958484475493167,-1.3384505343179232,0.7042435721474676,1.7335333092773766,3.2500126415849238,8.946324096571404,-0.7589443963934452,2.606827763023375,4.544242154965129,1.4700062839429067,-3.0062486067219476,-0.09073374942657805
1.427006729888906,0.6485737700118488,-3.006413540598013,-7.753868624078218,-8.2110459257731,-3.2621355191320474,-7.742673580029869,-8.612431035383132,-5.266262419314761,2.7975890799724255,16.389558895553073,2.4897038333298647,8.061052803779578,5.233234604277075,1.5070067430019278,-1.9188990594092528,-5.576931913678105
1.3660064183349228,-0.8589674476131632,-2.026450607951235,-10.359598489252965,-7.5850739594608365,-6.3805917719410115,-10.113617561258245,-11.082665005907796,-5.126139624358132,11.298664248506036,14.338755286571395,5.793515719785047,13.274052250394409,4.953082611369506,1.5380064092750168,-1.3192085764881347,-6.398105527109461
1.334006420083761,-0.20270413799578058,-2.649710910423083,-9.690112127853919,-10.453311148860141,-11.486209940335506,-8.358181909511686,-9.524342850833772,-4.366745102296902,3.4803821686980045,17.08188043337789,13.839851959360168,9.771389126915237,4.856012710857506,1.5670064303357598,-1.0800963056734396,-8.298975434812961
1.3320063987572612,-0.7235799566803605,-2.1074973186113364,-7.641591770995721,-12.0846873434944,-10.780537112929691,-8.710046666677261,-10.25206848227471,-7.988965906833755,-3.0926075045094503,16.878730769740855,17.07247742921728,12.804521354255892,3.6651909951159705,1.5700063744385662,-0.7572249308140484,-8.025437386299139
1.3070062964323381,-0.2620919861144966,-0.8748934950682439,-5.351083221311207,-10.918303784424197,-10.945600133542685,-7.54479125458648,-7.20207618982324,-5.908875028095768,-2.7853386338733728,9.876039812494078,14.64604593558383,10.483216253651563,2.5329628491042544,1.5730063288572649,-0.7091649135435194,-8.575459959793339
1.2260063541561612,0.8708216303161795,-0.6155972472733238,-3.137164263054014,-9.489182398945843,-10.09254018158489,-4.899709651772019,-5.119242279159245,-4.926094033384018,-5.877978675782892,5.549335735081954,13.305186136196768,5.77001095061987,1.6989935409614303,1.572006340089465,-0.5110586948894753,-12.985537049492883
-0.6939935393936405,1.8140511424756784,0.8930609534973604,-1.4220245288383913,-7.174902439957613,-7.223928282277168,-4.640175733249931,-6.7616689046358385,-7.150521710882526,-6.118040889560948,4.231101715117928,11.312458393404789,6.507609287367114,0.5148899772042542,1.5280064634673824,0.43527872886488117,-14.294691480265858
-0.6719935488566742,2.0423879979066806,3.177965258319155,0.08845172236315157,-3.652923891812552,-5.747399979639204,-2.542764044007411,-4.894552719024093,-4.9161766253468,-2.9549079606159587,1.0826494842580132,9.027229888355203,4.4992733836709835,-0.7329140113934258,1.4570063996449127,0.8552744193962023,-18.11018602109128
-0.6119933891925433,3.1474149814840144,4.142162526006747,2.4836449677565917,-2.034628792576628,-4.8210153842802,-1.4457118857361841,-5.6589281334009165,-6.071646842561165,-6.394955433500883,2.623215186949988,9.57889770036525,2.250508268748934,-1.9018834652509695,1.3230066131916425,1.3068566443838239,-18.095401478155612
-0.4919937098619042,3.427949023125297,6.642430969698173,4.717285490902366,1.2364785288415234,-1.9836607504761856,0.7832820617764575,-3.1448432644194604,-4.449235718777857,-4.394450950638543,-1.733987316619114,7.5521377964879575,2.1764215433902834,-3.567878722671967,1.1390063917044104,1.6821975520370023,-14.842359103401792
-0.3499935032123867,4.514337880627378,7.093794659367961,8.041793139204156,3.455554977978533,-0.5209726123659122,4.9162393846512344,1.9576448318896027,-0.8889456271285425,-7.547819665371804,-5.3119186860035,5.375191271929683,-3.8599831381243295,-4.537578451961972,1.0990063785319981,1.875093871883983,-12.21026234223768
-0.3499935052552617,5.646138073011523,7.870807954292474,10.8888881809145,6.153571134338556,3.9937705686896523,7.9025283581751395,4.947488553630855,0.09290518061604658,-9.582033300962056,-8.727305938727621,1.1911919807266198,-6.458817860828857,-5.475176818365036,1.1780063726744259,1.8260594184725654,-11.948210522850978
1.302006504773867,6.211629143845194,9.070347002378245,12.79889321608929,9.326235843826955,7.492588957332222,8.960096415238848,6.017364798973439,1.096886194937877,-7.332595209128527,-11.66910464052345,-4.633017345664831,-8.311828321873186,-6.056482991802346,1.2780065157411216,1.0469474633936464,-11.952074712261474
1.302006499200598,6.336765789600719,10.267265616403487,13.713090262632086,12.229234991222452,9.887154253598961,10.131364224278624,6.81440695135771,2.697990389166579,-3.861271153903374,-13.57474718662155,-8.788699671604867,-10.350766375606977,-6.3635083693663805,1.3540064853723204,0.6284749093291842,-12.110113221516757
1.4240066045549897,6.534623592291875,11.015423236358568,14.400955212800266,14.130261893210715,11.134322432105137,10.923459815053175,6.713240874720238,3.077037804629681,-2.962452771695208,-12.58394554024255,-10.38209513429116,-11.394806188576004,-6.520503664433059,1.3840065830973176,-0.24820040424541223,-11.673725754425107
1.4710065794683722,6.507348095343305,11.75412793905488,15.035085396469341,15.443369477766527,12.464168250635211,11.026161122618348,6.971928315393174,3.2137554878220946,-2.138086289577405,-11.974121073572793,-11.740482245737217,-11.22745633355396,-6.761677403291813,1.384006567070606,-1.1254379583125047,-5.257967805944389
1.5120063423186691,6.189350722029049,11.905867366450728,15.857722291517838,16.775939034737632,13.857022961940567,14.186395804127972,12.143704639045088,7.473248029022042,-1.4420311242174755,-15.120807401700525,-13.972937786287089,-14.409473878365619,-6.883111503409113,1.361006349232808,-1.406385210599787,3.6059487682602116
1.532006302594421,6.357647221925272,10.277767251593641,17.10890717622718,17.077405272573905,16.533000413346286,18.080032877314693,17.61914478620526,10.863252764116858,-4.837416988660809,-16.621749707763986,-16.76568583702034,-18.958760937436118,-6.441849210160123,1.3400062711231686,-1.129065202846916,3.9408822536329895
1.4500065967398876,6.427157689601689,8.974029401311343,16.977524157198154,17.284199562860383,19.739327138207575,15.965562059330805,14.786044587593867,8.195343745581091,-4.272932756534313,-14.139413810170236,-21.115045481630368,-17.03341500607649,-5.585738685692574,1.3310065790969128,-0.8476567901488192,8.28409446692072
-0.41099366575153423,4.649679448206349,9.390685704359345,14.366435915951927,19.517181789991866,20.936524179301692,16.101240967773943,16.52783942320342,12.274219884174288,6.136760860058358,-16.982678884971207,-25.565825560887426,-16.154845177140132,-4.582003464560274,1.3300063309106056,0.5524089643501195,-11.664801383275538
-0.26899250356633814,5.632507976994537,7.097995726077368,11.489979070369271,15.088028793327373,15.893814796069787,4.475837574854349,-2.1648305933252647,-1.510203513806676,2.1503979613319615,2.1999180513932473,-19.176173146256268,-8.784216777603914,-2.633888328903482,1.3180075684360728,0.6791371223782674,-14.308082506204931
-0.13199349646822206,1.998855639438064,12.666235115714555,5.781838890998351,17.142375797811702,13.110019258548219,1.8815319768351704,-2.651272892329665,2.1054306755657666,22.252696253996035,-2.991843480244654,-15.565758307391093,2.862197681211221,-3.312230866172282,1.2760064959023834,0.9305323443674782,-15.464341601257457
-0.22399295126303562,3.8737635883026744,8.604314448118743,7.078348928934971,9.068138523500593,1.9367391083543266,2.8998132177734774,-1.908045800707887,1.7479765662472984,2.8923292401761103,8.85949219302914,-1.2365768056562771,-6.128100686744867,-2.333805502349744,1.174007050644313,1.37806255023701,-17.238573930773278
-0.5109932739744966,4.194762897987692,10.063372731348686,7.965097113507374,6.5034224621080075,4.826357950103274,0.5914034626599181,-4.261295954399431,-4.545294510415319,-1.016462691629016,6.668354379786468,2.1392942779440993,4.179307716818325,-3.9233909637068543,1.1270066182603058,2.032152710457477,-17.25476333550589
-1.2349930951246315,4.383320093539444,10.23623349376502,9.997841658758182,5.843831833783737,0.7676697155519427,0.7629908608383111,-0.7778413063335243,-1.0616261160934712,-1.1440374711186152,-0.7429537959277823,-0.11456899885661365,-1.0976864220237936,-4.4544902385388685,1.1630067875734276,2.693495413913931,-17.289028833759335
-2.120993158738392,5.012000893344235,9.97387915143899,11.119700633691235,6.36514706250308,1.6344300065516677,3.9495995349005177,1.1381298855195858,-0.6756569628210514,-5.09829743693615,-5.152481244834032,0.055511157920128396,-5.320403693272983,-4.990261899832882,1.2700066352679553,3.414286187098588,-18.086554629855602
-2.1199931364763374,4.715257391659514,10.820014299821615,12.5151847203074,7.938255499848594,4.65820356597608,5.650316842956553,1.785842381493083,-1.5525149998353776,-6.395620306470693,-6.525504820555165,-1.6742659813090603,-5.215416017717608,-5.889183447790392,1.4180067319166068,3.910247767619526,-18.164525101428513
-2.1199931485664685,4.737038756937519,11.99415827293593,13.923751242299469,10.377114887815267,6.458476459952423,7.461555960854982,3.3271074835241308,-0.24323992091987634,-5.494691647521659,-8.27390453775518,-4.410679097066865,-7.5682740155813075,-6.575460904967711,1.5220067517745655,4.227102480064615,-18.20814890509893
0.24200679802781774,5.467074190910203,10.837663840799012,15.078273602593832,12.458467069977077,8.515541675507802,9.458241142564663,4.518423378647189,0.5104335272312035,-5.90858761260769,-9.565274268826304,-6.175753924362253,-9.743828328919417,-7.1637017951500805,1.6060068204391642,3.790504775526232,-18.351163682868513
0.641006830187848,7.672536952758016,11.92858585137226,15.107250992796331,14.479111413567638,10.756270481463055,10.640696082172616,5.376554444724295,0.910572135259244,-5.565832151361416,-11.222957012830872,-8.393108278705292,-10.441787186776326,-7.8385441389554575,1.668006810399106,3.5137585332453094,-18.39439006605728
0.8740067950083309,8.704476794672013,12.845064947019305,16.027126952056523,16.33554324959945,12.056771408092324,11.585449538972226,6.293683481718938,1.7884875454175955,-4.913519329181138,-12.713105279619299,-10.781073407387394,-12.114133781624975,-8.363759733560006,1.7070068291021876,2.9164349538012724,-18.408793244152623
1.0300068313325257,9.388128154183581,15.594970833287524,17.209790099103554,15.399459404053118,13.530370236074376,12.630661839209356,7.170153811595483,2.483352188472276,-4.705871022708443,-13.768014400683406,-12.728997395745584,-13.497237941509999,-8.83619218753482,1.7080068642342896,2.0068996785011817,-17.80690882454426
1.157006859313457,9.838048470376865,16.72523083297184,19.90252548709217,16.854973329875943,12.576256394337715,13.729777050058997,5.984158112501628,3.372853346001465,-4.225150111363117,-15.031073573553499,-14.710880999891025,-14.761231461007831,-9.302473283946926,1.6830068523993182,-0.9026787575238719,-1.1313628192134102
1.273006139807738,9.316485997032117,17.065096490174078,21.972340138849795,21.033739774611604,16.240276197167148,20.19935234480883,19.729583611545557,11.571485723267322,-5.155376211998416,-24.549431386358997,-19.762195263566607,-22.60612385294505,-9.760474465948047,1.6020061359930406,-6.104442789172461,8.745526987337369
1.3690065072483775,10.852141130773395,12.747954807596466,25.090677502027702,20.341444068124602,20.816571265233662,23.658344529240715,24.17146101367732,12.164493211411095,-15.65986390086481,-24.586265651741186,-25.51692323245599,-29.81019928109078,-8.905180737407994,1.5150064753002879,-6.8172136812576,6.4496608722538635
1.4190067823886823,9.740951104922438,12.631365335360005,22.867511210496605,23.449029513333564,28.828988829963613,18.872257052435412,18.215873021713065,8.5679354331843,-4.5665301506645655,-24.789292141734272,-35.58072128003902,-23.23470981863797,-7.90638398128257,1.4780067380428266,-5.601780835336411,6.434777595142545
1.4450067369712778,7.367721959975129,12.66400665890386,17.703733396084022,25.78178435629038,26.86512843713281,17.754225623084373,16.756228521516576,12.85005725657085,9.19550332286789,-22.955226419066264,-37.879546338761436,-23.370885877561335,-5.831058177592176,1.4740067212356516,-5.175160610647059,8.211980706528067
1.4540067187673165,6.439958263180015,10.450530069995965,13.730600354446587,22.787315681300733,23.238445401231857,17.391386115776765,14.369678220661708,11.872261918603886,7.298262023851677,-11.334492802099263,-30.275439232512085,-20.859475276169427,-3.7806066246289323,1.47100673831764,-5.152841486667018,0.7072165526594916
1.4560070814326442,5.735261455763505,9.143096851117235,10.715984822249322,17.624781630734436,20.431107966720994,8.6765508548744,4.0415880343665265,3.2721040018350216,6.503921706070649,2.3596273053487202,-24.02549360747158,-9.184837133263535,-2.4243200767868065,1.4700071396067775,-4.400253643947389,-1.1352603991225714
1.4590068154187141,3.4756847959071786,9.676451681033711,6.8081575062862365,13.461454359215235,13.965177294123276,4.203277020043224,2.2367850645846037,4.837175020832955,15.003420367384635,1.6334636656402264,-20.026895486774542,-4.179953057737045,-1.4546762224099639,1.469006805881971,-3.889554013297158,-1.8186499802931526
1.4610069272943373,3.533936073861473,6.903270699997486,5.031837046449901,7.494275281535728,6.811606942683775,3.189777606415344,1.3232362271779639,3.85597544373641,7.107989029281384,5.972550286922102,-10.529415735286523,-5.545197719666762,-0.24407138917944016,1.4700069306321975,-3.4097036359905397,-5.216627298033046
1.4660068676493885,3.5073482012258745,6.2316269891532,3.760761517984233,3.286675403111845,5.043483342723067,-0.4331025891015594,-2.6220939521039357,-1.3945600596068006,3.4634341666212376,8.36926231592189,-5.394548767014632,1.3743897597328498,-0.26124167072456084,1.4660068676493885,-2.9772182169846095,-6.6799103601943335
1.4890068265672523,3.1090356394588703,6.081028996816046,1.4617414787362855,1.3019287495683143,1.0595102541954877,-1.9142310893018593,-2.5142044240806842,-0.7708529316410917,4.485370542101835,6.062748254090341,-3.6434009167987718,1.4690388241880097,-0.2686931440374358,1.4320067855592566,-2.30604608916465,-7.792596712344655
1.5120067930048882,3.6619634444777396,5.239630072798583,1.2148167833458414,-0.5519044770403281,-1.2063692832625175,-1.051397684439171,-2.4173026468275873,-1.3178099439053823,0.3674926437544561,5.6370460864621865,-0.31821389586835425,-0.4220991424901186,-0.33617391587167433,1.3810067808455406,-2.041772732106456,-6.24855452688881
1.5590066221944348,3.9868610613246487,5.509132118357108,1.6605702225125691,-0.8815245294569791,-0.3260823024937096,0.6242603373433937,-0.55053607518989,-1.1783915495918462,-1.5421494762965455,3.2829461057716323,0.6727458108794651,-0.07548857831610145,-1.0182316837809902,1.3140066472283856,-1.7752403680240556,-3.3934967442913924
1.587006634407158,4.533380655745148,5.069474431714182,2.993678433880813,-0.6377108334115515,0.31696318569895165,2.8004788869953625,2.416896055141267,0.44132766329589757,-3.981634232712448,1.0179254188378006,-0.3502641383620556,-3.240547705956038,-1.43893586572191,1.2150065957833482,-1.4155072907860893,2.4593267380836186
1.59200647982263,4.7167743501580155,3.0519432349759557,4.060110201923661,0.998120090115477,3.231133451065658,6.474577924436855,7.023647961565258,3.4924761549233847,-4.299732106237601,-3.216626164618756,-3.218683440937488,-6.329501870614628,-1.757435891135524,1.0810064426293318,-0.6420262675660646,2.6463402725150753
1.5920067537794738,5.22740303303388,2.1851302993664303,4.852863756667737,1.8997435098936015,5.651756501346683,6.520073154516521,6.0761970175353905,2.3173918181980246,-5.59777529909787,-1.9954995811044314,-5.849489916566416,-7.134471590720679,-1.420701844887595,0.9830067862044005,-0.12508276990603462,-6.308227689044421
1.5540070189667183,3.014739691044855,3.310609376683319,3.5663870484911424,3.4016680330835696,6.4919494052786275,1.3883135751939344,-1.587469338720078,-2.413080859083028,0.531825300547816,1.332167454150158,-7.528712714664623,-1.2857488682805815,-1.154771777688329,0.9790070010853249,0.6925083567170023,-14.552136388283756
1.5540070326850421,2.1998898575644494,5.42381035678642,1.404907214519902,4.460719675078822,3.032164417651183,-1.799361239317142,-6.258808907745251,-3.2253487298559005,7.750210981304541,3.8740878267609986,-4.448652812436322,2.22842066237415,-1.0249234867191275,0.9860069842860705,0.9362923812656305,-15.887027125075319
-0.10499315943301693,2.4414008904798035,6.279629887820196,1.2405268414520485,3.047664182203713,-0.541488090147511,-0.5118999270282014,-5.311727507039585,-2.406467252166058,4.420629578131029,6.64113454473719,2.8864074843106553,1.987824226086782,-1.349207415816419,1.1240068725150727,1.668389582235394,-15.629679228141992
-0.033993039814597455,3.691690073796101,6.499448751240872,3.5960841295593133,0.9129485921802374,-1.3346273000471465,0.26387024299092765,-4.0537805768016995,-3.9183593712606033,-3.647327383895144,7.6569134254979865,7.03836164252674,2.210111662386124,-2.240783442549327,1.256006862433785,1.461439119892033,-14.905303139657313
0.019006862754585803,4.446079234080998,7.50395946920646,6.3161218328419775,1.1591864410915171,-0.6483610398119737,0.9437475304238367,-1.6553908413429712,-3.2862307704307128,-5.3421933201096685,1.5524117664701471,4.694060829025618,0.9945350324573994,-3.375801449837752,1.3440067912290123,1.2267749940024792,-13.727220549678647
0.06000673074558414,5.226606994022738,8.019561365486767,8.564534504169487,2.8275175425081187,0.23872598462125394,3.409576044286844,1.513026228656127,-1.0576392484819088,-6.219112476051784,-4.99815886705116,1.2243396934113244,-3.8817289549982474,-4.13494927129417,1.4090067674620452,0.6755925078678637,-12.837144738958925
0.06100675563190864,5.989985095303813,8.69526473240201,10.285817387851784,5.188721847839668,3.167395415150952,5.953501802255081,3.3904121293171308,-0.34248547858890177,-7.096569597888877,-8.235828739423955,-1.9080764877543368,-6.640865452541716,-4.89380111109238,1.4120067665991631,0.28562731868266256,-13.719565392821892
0.05800684296505809,6.553862236419873,9.636950861043724,11.650756863333015,7.778323592475637,5.989083214983879,6.983054688627189,3.520400041921203,-0.527062053043567,-6.483717412484648,-8.687421220542868,-5.158975983761314,-7.788988948868965,-5.5063066942934835,1.4140068491639413,-0.06938490449053214,-13.83624066907912
-0.001993229440569503,6.680857093522764,10.885267275065077,12.523957969747022,10.531139754112914,8.108638301167032,8.3554148341669,4.443394706141717,0.7237890162070393,-4.093762861950829,-9.914137211231886,-7.78719572324928,-9.047108526469605,-6.044485800003142,1.414006838747144,-0.13740233285263548,-14.39206915468671
-0.08499309418050385,7.06407447512765,11.540331014655717,13.585582265795425,12.136476587582173,9.458968480224911,9.35308852455217,4.746392025361818,1.0572758352559717,-4.282137390100264,-9.515158914780494,-8.779707418212533,-10.294054617246893,-6.433355684222736,1.3890069425359572,0.04276561139979518,-14.352712917495424
-0.2239930556337148,7.16082620628888,12.4830859614551,14.52808002984237,13.664709111559898,11.018253192993845,10.045812708760579,5.371136071255325,1.5658778204106412,-3.322882643474834,-10.110366979385866,-10.09746173083374,-10.319388001152138,-6.955358607228618,1.3470069243391245,0.28128048182037313,-14.175602736617643
-0.3939930787067372,7.326770848960429,12.940993910737827,15.570168555178865,14.668119650194686,11.657670880641,10.683225114935603,6.20499276058519,2.3872598537535037,-3.245245685770678,-10.367116081539614,-11.209948309745247,-11.624549723152747,-7.353598609292964,1.2680069813747448,0.8648369025960339,-14.900257969567306
-0.7099930077391471,7.434031819175089,13.427092168408155,16.277553811735576,15.546807164943687,12.538858329184041,10.82399316630063,6.03895673465847,2.2698260440278837,-3.0304887795081648,-10.21219176595088,-12.031294214320353,-11.828845035532195,-7.729354627944293,1.1460070580643806,1.2407242546411088,-15.055008168745667
-1.4019929225232666,7.259977596564276,14.025358194396508,16.774530759607366,16.48546729651379,13.14528968342522,11.188043223408759,6.489288715594989,2.8660758021569315,-1.9704907367046811,-10.71736711788244,-12.831670062180567,-12.005959387934894,-8.00549404667092,1.0460070317003662,1.9516877250492028,-15.091517184296112
-2.20799311063939,7.059464372188288,14.152766524797375,17.320761419194902,16.974061636039682,13.429825430940944,11.710660779290382,6.875094154080735,3.2164976949443513,-2.4103971877318244,-10.393488620898381,-12.987549831109742,-12.77199535726793,-8.100488581660148,1.0480070505315695,2.778120023464803,-15.450840604120316
-2.1749930786489546,6.101540423230637,14.329309257383612,17.741788181548078,17.467184976420597,14.106061160504668,11.820904469282748,6.779716347707334,3.010248347771128,-2.449889633451363,-10.199199289935109,-13.341098547767167,-12.491209332826212,-8.18468356314673,1.1550070834756794,3.2312150129348147,-15.542387446986144
-2.1749930642223716,5.877703259015837,14.776020187359563,18.00594289696859,17.923008973886922,14.358752954541771,11.98405101712553,7.06173466822932,3.342494791343876,-2.0140047907742584,-10.64060388523646,-13.98744128387449,-12.73432599984021,-8.2685099509709,1.3010071255588176,3.338917603501855,-15.58851945341048
-2.174993045153511,6.137776683021686,13.181814620717638,18.000666780894242,18.095074974996116,14.529800232072283,12.240859071508712,7.318405390294519,3.508043256571171,-2.260927829571985,-10.939525424906094,-14.432446262647805,-13.287144333458514,-8.335341250255688,1.3970071603633043,3.741865873661885,-15.31005332192631
1.0460071624576677,6.2691758463267675,13.476122631446913,16.929190888787563,18.12138378068444,14.885031006569578,12.575339780894888,7.630875607775298,3.682395928110715,-2.3664228087651864,-11.394509894021393,-14.996647339110226,-13.685382828800876,-8.446828626978364,1.4590071500599016,2.2863000019849435,-14.65372100559247
1.183007153689994,9.156632981773514,13.582448550529158,17.166735720049527,18.303850010633035,15.335708497260244,12.772369319719393,8.154994087296245,3.9523563980866125,-2.46476899787171,-12.31161774618452,-16.04956105022654,-14.249917720214544,-8.585036608511091,1.4980071513058082,1.1482223334353017,-14.852609006938186
1.2890071447000992,9.534805982099813,13.478455578162635,17.438873619065188,16.51727133237721,15.605406161724687,12.417077996197541,8.157324031007146,3.872333967205183,-2.8023832449872916,-12.739581745726571,-17.105444428166454,-14.94108937691081,-8.638927346958603,1.5000071699724686,0.40301185158476605,-15.10120086924127
1.3740071833780032,9.654744080327273,16.53667697628096,19.284259467273195,16.975589371813264,13.747764623706264,12.551259985832472,6.085201698115019,3.9481001746144297,-2.485393210759792,-13.431390508872083,-18.003557586682145,-15.11023103561017,-8.753984074503736,1.4980071962526065,-3.1815105717467533,-13.383693744484281
1.4400070301394159,9.635094669144355,16.68183018049295,19.2941106278324,18.62334191717526,14.115930712635961,11.637397641081964,7.8178284376299665,3.0010169718657513,-3.440598260733422,-15.304672691640024,-19.197123472984238,-16.188543030513312,-8.959077455628874,1.4310070268015558,-7.238393200460002,0.926379524271227
1.5140064647849845,9.12186493243783,15.855446953839206,20.744252307080938,19.549818541512956,16.476691274815764,18.967414807519145,19.09002122322806,11.492114497282948,-3.7568391049108367,-22.47054488472199,-22.429189307900394,-23.10875245251819,-9.043863595300126,1.3540064385589408,-7.0046034195238915,2.957106956718657
1.5710071503909342,10.603969205416284,12.093179965585925,21.964603149155366,18.70421032165715,19.398770528103626,18.708354065127956,16.870981640224443,7.640245772997687,-12.743271683856499,-17.537635319713218,-25.375965235827632,-25.89563666406879,-7.918376889805867,1.283007132986378,-7.862654789530275,14.322614295998306
1.6030063945504698,7.982175925651428,13.482078582036639,19.254967525442293,23.280200227488493,27.80601810491868,21.42169882976588,23.019733478718607,14.582369852118521,2.5915968401600784,-26.977810313627273,-34.684579892661844,-23.126369326111135,-7.426826292627883,1.2410064059945616,-6.919540965168687,18.339583285719307
1.6320070593438862,8.154485799360398,8.415205702076554,17.68404880477459,20.921880007835625,25.742648626446787,21.45951439058155,22.319238260671103,15.335804941045023,-2.660499973724992,-17.122767864850204,-34.033374242786834,-29.57399782551101,-4.401148617963227,1.2700070409856556,-6.349023676039789,18.310785925143026
1.6290068722342728,5.975379452645519,8.102369085040827,12.567830438999914,20.685500011224804,29.433720298877418,16.902749963857374,16.071468950125272,11.169962350535727,6.808217117639167,-11.68941383715282,-34.603411532575315,-17.371007853914733,-2.6597640916855028,1.3140068746184586,-5.818127478525672,18.281711670242913
1.5890070700412875,3.8215555528104286,5.893915991209575,7.7756253935576805,17.42293584346641,21.41331223642593,12.186418641093713,12.705576329661806,12.223053647906553,12.96736297446418,-3.2658313297391857,-31.393508143125388,-14.718546364710502,0.11643861049544046,1.3630070590740329,-5.809958051249886,11.698855639889006
1.5480072409891463,2.519699585877987,3.280915772175236,2.472011670222871,11.503378370021686,15.7711856830438,4.8253838229664865,3.2073166045317554,5.770006451294279,12.910723960414387,8.057238986354513,-22.377451669290295,-6.3599960300905884,2.46236704773796,1.4170072288297988,-4.991050529039081,8.837680382764907
1.5030070459061786,0.3467400132647578,2.71138430533909,-2.6276957447799028,4.763270376572219,9.263388962300727,-0.7394465820201335,-1.0253182590946146,3.721485591462905,17.68760465487525,12.58216191924672,-14.418997045569075,2.33730491406952,3.8488006197381726,1.4550070380383655,-3.7752311315280567,8.065810655225707
1.4400070460659382,-0.2502347423035838,-0.1195588307725588,-5.273640459555866,-1.9792602424357177,1.0164310052051424,-3.472438435172222,-2.5952254077674404,3.159273107150071,12.009413427897186,17.747607273302272,-4.447226101870028,3.428005440755891,5.302605569237519,1.4960070403438923,-2.36173749938601,-1.3607040672287183
1.3710073265407972,-0.16258037338113773,-1.696274363789621,-8.93894616592819,-8.060173814450604,-3.8401025298753675,-10.411819731798682,-11.149766583016158,-5.325665019674526,7.009832355805926,23.722783218682295,3.602192496374495,11.688373262267703,5.836907456463317,1.5360073479984693,-1.2647893416893747,-9.958860128433336
1.3000072076931168,-1.0998613671052948,-1.8741736590380582,-11.212933901853027,-10.62149440183951,-9.88052522317101,-15.155398705871342,-15.953106129147113,-7.938130900904548,11.149176637973433,21.640575187760053,8.638823672330483,17.24936661048524,5.502625714798935,1.5680071845665147,-0.8184786730509563,-13.902685812601284
1.2980070652887024,-0.49478963223841,-1.8893279246831916,-11.332704918981259,-13.744934317173719,-16.121248756033125,-14.347660177474781,-15.71429824891149,-8.564508650362466,5.308768469434678,20.838810799782383,16.83141698241695,14.753069615500324,4.957878434372146,1.5710070969983734,-1.4749422339514722,-10.299401023810896
1.3440067050486098,0.7039540160233466,-1.4501194527481562,-8.983460862658525,-15.128150661024911,-15.91195160847564,-9.953089382275891,-10.287660361172158,-7.630326448101613,-3.5033039935596193,16.127707530277576,20.742124203218673,12.825955342313357,3.3181240573343267,1.5450067100554,-1.6938190951770054,-8.905524090462276
1.4100069093345646,2.6409125390381005,-1.820256684067104,-4.912319146172565,-15.067131104938989,-14.098351592165223,-7.271398459833211,-6.948746480794153,-7.851177681989007,-11.372588541198972,10.793937453164627,18.4419633560466,8.334925740499873,1.8924726753606222,1.4920068668960575,-2.1419526543577385,-0.17844190440079713
1.4610064552821456,3.0023074528417006,1.2837386373380628,-2.170794272180874,-10.23746957785401,-8.571059320363936,-0.23175983663754707,2.453354103160473,-1.0199933700863895,-8.467539289902437,-2.57994431018707,10.282734282981973,1.8909521727178795,0.38411185851294216,1.4010064528979598,-2.3199348619713893,17.8511748970735
1.524006144314196,3.8862092686505556,-0.25573550209552476,1.4328111948138433,-5.8188618657238695,-1.6557315058070832,11.635972348720223,17.061001476903137,9.400887773348675,-12.496683275090092,-11.644734590472565,2.4252237308543263,-11.53006667268788,0.18909424388494278,1.3570061486057303,-1.8520409173733894,15.19539175406918
1.5240069686714013,5.467898723417752,-4.232404552170156,3.628303068717389,-3.383022769015752,7.116896837873481,9.299504748754835,10.48963014994673,2.0503432033374516,-16.346845850625115,-4.288214583485491,-5.453192393506711,-9.628192823805716,1.0119709521299312,1.3920069991889794,-0.9047474605561803,-17.63865263495517
1.524008028023743,2.437923706183871,0.27112547347765537,-0.8460246531825228,0.9267057979283644,7.195397521499926,-9.588934804765223,-16.39246014454226,-13.912038723288287,5.346203012036673,7.321250911146096,-10.511334483991494,9.82857987393455,1.6176374567036576,1.4430080575876467,-0.018851756152285626,-18.106941308372193
-0.3279933527134253,-1.486097688860076,7.339734513926997,-6.941218322808989,6.608413846663734,-1.6689160242813794,-5.489317350685713,-9.577736628257803,0.745839813377092,29.608846987880234,-0.047318085462988435,-3.176596380096081,8.944725686092477,1.25092582722897,1.4460066959239648,1.045558699707735,-18.057052239040836
-0.15799263760948298,2.7457446298786508,2.658861269052814,-2.5154567518155506,-3.28220809389833,-9.197443625056705,-1.135860393155756,-8.970150479409611,-4.616919740397119,-5.770297769157175,21.34870052795018,19.20961648415573,1.3335945924478079,1.2627204768042153,1.3790073628673538,1.4383421471368463,-18.003449749182188
-0.3569932173073512,2.9863935376080653,6.564279239896422,1.8239700020090335,-3.596462249367022,-2.4567375147407233,-4.840492604299657,-9.35929538818959,-10.653009650334653,-6.227053160865793,14.214496198128451,16.53384496865323,15.856093363532587,-2.009557783193385,1.2690068890273352,2.1521435447923976,-18.009881688514305
-0.35799283021569167,3.4792197741567072,6.510891344744309,6.086738267338552,-2.1232027421520883,-7.985903829239337,-3.517378971359424,-3.301759178716207,-3.3067692654048244,-5.121832094135144,0.6713294703717665,9.591491870899564,2.613280032867385,-2.6736971418782,1.2710072374951848,2.643869011370013,-18.040875721018537
-0.2739930006866674,4.599166459449348,7.076131475381513,7.721434319149663,0.8254151155325502,-3.7720158653354323,1.8460997811634918,-0.564841805104983,-2.693748536803536,-8.159063338783199,-7.028643312045563,7.9795506851990075,-2.0132132347739873,-3.7919960991439945,1.3560069349403163,2.8080736885116027,-18.078624679516498
-0.18899284666640367,5.663204646792353,8.41169404765789,10.130168156162746,4.037476543222578,0.9919661071530017,4.653970645204907,1.3148001706797707,-2.672510239304941,-9.014281274901634,-7.811605192904302,4.169587362390778,-2.8272878050435413,-5.130600424423031,1.482007037939004,2.9902389935737714,-17.823847139221066
-0.13499290282302814,6.501693633081947,9.888488286500085,12.13464166844191,7.885600705930722,4.13114897908612,7.1356708485224765,3.2657872557983936,-0.8392233891936804,-7.642307825369706,-8.77366126352787,-0.3287637730387658,-6.436643472809703,-6.03226558188865,1.5720070845407872,2.8505865001946065,-17.26669903151236
-0.10299276475545394,7.218354764020127,11.416170629729685,13.917079136483519,11.183390258657207,7.455490430663465,9.752461917686093,5.009787303512557,0.6235931860573984,-6.805787180024055,-10.961321456999862,-3.5950488596786006,-8.951343316992148,-6.813478396932455,1.637007155374323,2.6929661834696876,-17.44454272768394
-0.10299275243304287,7.807823793332131,12.771259178893033,15.877124492202897,13.49963766097262,10.159676003539891,10.965186764309173,5.732147737793047,1.1122729816119374,-6.216414386801201,-12.602816383939622,-6.620712721724594,-10.128151284909263,-7.535183171747782,1.6690071729419427,2.278476789717436,-17.474318433202402
-0.156992865015968,8.047515579697105,14.015846828564637,17.52337575446937,15.875139371839998,11.745953084498883,11.64919700977327,6.381467403270646,1.997323041473983,-4.468912129939461,-14.187463326375202,-9.769175876652106,-11.445832038221544,-8.150101006367287,1.6730072077016982,1.51480154322683,-17.496924630849502
-0.28299274946143704,8.313249253947946,14.79221359531313,18.80308651505835,17.67748801589527,12.986107072055518,12.216136217513123,7.1635073197014805,2.595867142947732,-4.3676496497935275,-14.769928515360569,-12.01254956812123,-13.189030518069615,-8.571213019410397,1.6650072345645177,0.4592918592967452,-17.47335090811228
-0.49899281813701374,8.428845985754112,15.49109517139766,19.75298821549344,19.108860745648805,14.466081677524798,12.89130033423618,7.802002884632232,3.0550266586014807,-3.8688606796380896,-15.48894843002546,-13.961349960761085,-14.03268195921758,-9.073591295633351,1.6000072483817698,0.39948477397082494,-3.7514876073679586
-0.8659932237967295,7.707106904272961,15.80847734389966,20.970047465870636,21.77041137314314,17.570115905467055,20.572591199228803,19.116169911302826,12.118964097025508,-2.4453731641286645,-22.9369698371623,-17.927409877253602,-20.72825331283245,-9.471178412986893,1.515006698955651,0.6971293499957993,4.952344545865041
-1.4879928376852154,8.811552544763929,12.335956790329979,23.454746029242553,21.083323378630507,21.68821711933473,24.017149852525407,22.780876901659433,12.68093011352169,-11.858494195226088,-20.037597662009276,-21.423325001332408,-26.695017391468724,-8.71929672385912,1.424007103186977,1.2075414050015636,13.422301790763324
-1.8319931636578068,7.342595101935597,12.352314750230754,22.505539825446622,24.613813851625885,28.734848542549233,24.71868836722658,25.518725639426798,15.469834703612026,-2.336062879156099,-25.048790548695724,-31.413291065905327,-24.139359626731142,-7.938348697765225,1.381006835865356,1.8458493756114833,5.988245237857517
-1.075992302695832,7.27457475553021,9.984302252005428,19.7680470337979,23.93670997282523,27.031768288268317,18.086996059973856,15.986122158998437,10.831618535891153,1.4474999258978798,-15.204239410185071,-33.84725079536048,-22.65496416241332,-5.397308836177199,1.3770076467594297,1.9169678951742344,-16.874222353586042
-0.3619919265477137,5.693502022421949,12.236149219761625,12.7749504678094,22.818599277526825,23.133886769996764,3.835345929202113,-4.464215430715711,-1.569528435657631,15.266837288968883,-1.7897488727960393,-28.743662457653077,-4.930570027995426,-4.000608223994329,1.380008057239823,1.9502748678931976,-18.006148057147044
0.019007365646436382,2.9275150801986474,15.25658938609506,7.370444252964763,20.937328873103283,12.660185838135268,3.512630849953954,-2.2262883753412357,5.05832330291321,25.598458702634957,-0.2484235862337396,-17.113935761830746,-1.8916694972038002,-3.553667416966313,1.3810072945977,2.314367019513818,-17.96279775331957
0.019007666814640094,5.243151012939765,11.286462884388904,9.120336710687091,10.891301827141564,4.438231706311315,4.24120333237239,-2.513760036382955,0.42207398574212096,0.9602261198213409,12.968047107523262,0.3843955126254368,-4.789627267689242,-3.132898700105044,1.4090075929048809,3.115221777873026,-17.95455339760615
-1.1799927242368977,5.346021094722745,12.681839177659107,11.056889419419523,7.980157464145712,6.0291082940334615,1.3337173401971922,-2.760400199226426,-3.8945925191438207,-1.7609268461464573,6.558281801054587,0.8675692056306357,4.006627029400925,-4.779332235672086,1.4800073615937908,3.901630554491536,-17.991483403479442
-2.2569925068503114,5.96464322233956,12.097511973355573,13.060476118660429,7.347363718973093,1.7067030294391627,2.1830085930270453,0.9723429074567864,-0.0621262949386967,-2.694612656309477,-3.1636214180358877,-2.231844312331941,-4.0218658415820006,-5.019360856600449,1.6250074626321107,4.56888507209946,-18.018529719621206
-2.237992607457014,4.3991662807072265,12.207426201965813,13.6745499958508,8.437311907426194,3.954967794813294,5.784209368200225,2.730417192960264,-0.05622443581921743,-5.560823515837161,-7.993639061996987,-2.6825198413502234,-7.097646547914621,-5.653404108367408,1.7440072964602988,5.179914873464248,-18.130903736883777
-0.33199262232216653,5.142246991752676,10.475916964782417,14.968190473916115,10.24262546093385,6.983546872683771,7.8964077364770775,3.8097486153381173,-0.3443493817988994,-6.720030154392454,-8.247223416753792,-4.669530082732573,-7.745721251472455,-6.471539021744402,1.8220073917445296,3.506790600935388,-0.2824090626448564
0.35100657304285265,4.699920216935943,10.874913352716085,17.01049075087947,14.43042359204436,11.815723610625247,18.615878768761007,18.956793670612893,11.532371166886763,-4.654930218353442,-18.84287799132182,-10.636663163577104,-16.94221401222709,-7.148017088799659,1.8660066183423825,3.2340287434301045,-0.29284995619338094
0.6940076129395455,9.752152045538498,6.761101142588846,17.28499353522995,13.281573565973531,15.942138644121012,18.35519056873633,15.569262873419,5.750126401257832,-17.916655025118843,-10.963738473726885,-14.100503396471037,-21.41607518134248,-6.2372395932143565,1.8660076038796396,2.931611429076291,-0.41592484009796055
0.44900715176337924,6.823438275089096,10.504519850421008,14.946604996481494,19.693485467608998,23.25143459945518,15.625524476261397,13.728633608980546,6.833594476273593,2.2618779114829195,-19.612326949882693,-25.320743842680123,-12.531981079147418,-6.486183708996235,1.8490071577238438,3.165596452661095,-0.41147938981171994
0.4400075903630125,6.282441402414852,8.565058617060188,13.120256026920554,19.86114684250891,18.441070448230164,16.203787619584553,13.853046245845668,10.896139995893188,3.9331245974680886,-14.319256940818747,-24.397734068089303,-20.075904936520267,-4.54412096163855,1.8590075305199492,3.1729613644813304,-0.41131806890296124
0.43900735462296847,5.6285781916948165,8.37038322906999,10.66038711226084,18.776493759452443,20.597260043600237,14.959733286071893,10.370018731083977,7.2154684077347575,3.7832987521674024,-6.937078045102275,-20.11718951010396,-13.022660403812196,-3.9077684016747583,1.8590073415099464,3.37043746909794,-0.41375101725852964
0.43600751523400927,4.788609860332515,7.82883875724796,9.515675597722836,16.596504841059428,17.859236999672202,11.536417812510404,8.57474696925358,6.60267039639969,5.254661072108611,-2.444760368884438,-18.53841014654992,-9.640491075841105,-3.077223841783436,1.8510075217905204,3.2644240525701527,-0.41402466186789355
0.43300741770312795,4.0619193092536765,6.703818961009869,7.912397084218378,14.235978687666798,14.642566126578089,9.421271386356025,7.302234544278678,6.411288219808895,5.678921626305836,-1.6435420240684522,-16.13463728399091,-8.742180707318315,-2.164887352872066,1.8520074472670318,3.254336519099576,-0.4145299303432799
0.4310074450098467,3.5580671242009783,5.63649778856108,6.328254117045837,11.611476546759054,12.37397932397405,7.827966911164271,6.154370081224946,5.393128582628101,4.830562676770695,-0.9483609534839541,-13.342544840592756,-6.758050016769317,-1.4798880958938252,1.852007448824544,3.109440337353848,-0.4145627505828513
0.4320074423489298,3.1579484739617967,4.606043530716073,4.951421930152044,9.2432437411324,10.250144296287603,6.314920559034954,5.177485521816655,4.485065251429784,4.068893018871101,0.1969484535569208,-11.242464120664003,-5.251052822019345,-0.9079424568974375,1.8510073974070276,3.2914660262729463,-0.41384610017654555
0.4290074454966981,2.8387573037356053,3.6817071751607537,3.62811156016314,7.351263389768211,8.441963646583755,5.318413115799766,4.360007080940839,3.8155104431194147,3.4511429005506997,1.2831412294407771,-9.37507912804853,-4.398878097198569,-0.38001118004434753,1.851007421535631,3.672476947708252,-0.4139279198306446
0.42900743127658936,2.60399306870854,2.958656194302854,2.47038230501703,5.8196966974911,7.142708248014488,4.635045145114512,3.589369814941816,3.0882065031722723,2.756162458640996,2.0605959453868645,-7.534038335574831,-3.4116163033696525,0.049240818134854925,1.851007407315522,4.257591491742916,-0.41432816773169723
0.4330073785869869,2.4398003226905383,2.3875095894902074,1.5799449014985711,4.578433615004529,6.092675238688663,4.0106184226972275,2.9362637884091214,2.4449565136463,2.1663248438924514,2.5820140358542045,-5.981873416062984,-2.452667355335282,0.3887026796094566,1.8510074061243327,4.35033073139312,-0.41418396430043
0.44500744516945123,2.3208804849861244,1.9027825962677896,0.8895510217846336,3.5432520898103377,5.169325453655777,3.4289074224423883,2.480693751845344,1.9842751586007221,1.774704127267002,2.8103541081719206,-4.837490888554358,-1.7022039124887094,0.6502656528639676,1.8510073887834573,4.177013397361167,-0.41445512788563527
0.452007408824087,2.1945610310771566,1.4468109985407338,0.360525601878825,2.702632684962957,4.356154517646691,2.992210688251562,2.1848312369264393,1.6829486781873033,1.4443410741926161,2.8554320009015086,-3.957660555396507,-1.2601209573402095,0.8682816603007171,1.8510073829556712,3.310773279622575,-0.41374101885250125
0.44600733970632245,2.056120862980036,1.0407996009922105,-0.084624215040084,1.9922816748345284,3.750620355065643,2.6483128284534283,2.0053657466181427,1.4330564715151528,1.2231322911621634,2.6703604833166237,-3.342322705506838,-0.8740927489876031,1.0199579927215745,1.8510073557995765,3.2469657404738195,-0.4136664904948622
0.4530073157322828,1.977335744327683,0.6759360761588438,-0.5147998463764774,1.5179534231335035,3.2496063551328263,2.5265093056993906,1.8554363548340214,1.2891391831189731,0.9538576489536505,2.6510001998651727,-2.721600016695926,-0.7968411038285699,1.178507191105439,1.8510073623431151,2.826259698819549,-0.41388389834433675
0.4490073510816738,1.9128854559310824,0.428671929401494,-0.8532717684985406,1.152542740598422,3.0264851564515522,2.409212045858643,1.6954096885674488,1.071076464517755,0.7967333099420841,2.6379729119695625,-2.2062768431169033,-0.4216429243026534,1.2681696974493684,1.851007346194093,3.234753263680102,-0.4132995291892406
0.4620073782010758,1.8804706368195103,0.21777100012340878,-1.1319762293498903,0.9572746571331939,2.7514126562416643,2.3650810291720448,1.5605728701538415,0.9836386951368896,0.6317487616938819,2.8142742946191897,-1.6857163249208398,-0.31223547695147413,1.377978076529577,1.8500073598428455,3.2230783824189064,-0.4147176978210995
0.4600073939717229,1.8150087260493672,0.10098769919000739,-1.2966275699503695,0.8043141964155699,2.64794581345389,2.2644564125588253,1.4283892887003216,0.8419203101992176,0.5792951059411,2.8816772219459628,-1.2684758612831653,0.05987567898677604,1.4326656725137856,1.8500073498642855,1.5876121876445497,-0.4149056761274332
0.46200732781599435,1.7052488592064643,-0.08274917926138681,-1.3404925160141734,0.5434064462010634,2.418836828004093,1.9958790583546342,1.502703283747536,0.8373235029648094,0.7263653029272217,2.4519719290201105,-1.2819921306286073,0.3148557616584715,1.4283242952849322,1.850007309457764,1.3646923830285207,-0.41426409889063565
0.4630073893458839,1.6477310467742423,-0.33409644366558555,-1.5126141150243066,0.4635584423591971,2.11318440158831,2.0765448999344858,1.5949183758877725,1.0053227923260664,0.6724358427058186,2.2372188348231137,-1.0956709279304073,-0.08463129802108527,1.5071708967986908,1.8510073262841698,1.2501690626850062,-0.41519813600335914
0.46400731416042396,1.599196240999404,-0.41952983461908966,-1.678855092254801,0.4487854164692142,2.2280903755033368,2.196164907871482,1.5289692763150062,0.8956938741693024,0.5928450697656968,2.2994251547677806,-0.7508969388972946,0.1561859013480329,1.5271927553372742,1.8500073215514,2.2248089566218257,-0.4149438875664004
0.4700073823245831,1.5864904857678708,-0.45542877875360777,-1.7578130103007403,0.5544084107776737,2.22482653634085,2.269674875132725,1.4147919601440542,0.866147232337736,0.5039924928261916,2.730776308859469,-0.337960412718179,0.2723295094568101,1.5808426982674348,1.8500073477538892,3.2132408520670053,-0.4153053389251054
0.4650073968723311,1.5661564861036648,-0.3987313638879071,-1.7409445338937166,0.684865447183511,2.2952020852471993,2.2395146409260116,1.2590729993086196,0.788874915205365,0.5097412163543802,3.1031345094656215,0.060607858881266186,0.6322719041771683,1.610159514716456,1.8500073575332656,3.215490255995946,-0.4150400233852409
0.46300741529804323,1.5063417395606853,-0.37575167902516426,-1.6179595344582598,0.7011251869262501,2.210465465836661,2.029770728466539,1.2296558471324972,0.7907271917999776,0.6258653673880115,3.068008131980312,0.1837019479646369,0.9629094043599584,1.6066479947831367,1.8500073502097711,3.215095471596767,-0.4148938667773366
0.4650073914461629,1.4666926583009745,-0.44337920178176127,-1.544600152914434,0.7071863992512185,1.9989032863664782,1.9027115216935269,1.2881781030826698,0.9133340402980015,0.6906827322830578,2.834919011068861,0.2294910877057792,0.9058439285992013,1.6301490778065708,1.8500073521070974,3.2127107760954887,-0.4152607789791993
0.4690073422449473,1.422912706601433,-0.49493810358731327,-1.5276311614146905,0.721290509103355,1.929536526879232,1.8747823255779956,1.31603561480432,0.9472621464312827,0.6873157654868467,2.6433444638018058,0.31877656153791367,0.925673932487723,1.6436532792991287,1.8500073544042948,3.2088317977693714,-0.4150302856259304
0.47000738998727964,1.3882304586410235,-0.5414868811860307,-1.5251305391462364,0.7463906684579896,1.8975668456594201,1.850715944723415,1.3259640689285113,0.9561612794721426,0.6832028854574503,2.5534007493055713,0.38677658535655346,0.9730040508824414,1.6531581045834811,1.8500073554165857,3.2061717738856412,-0.41534346321627796
0.4710073181500309,1.3429875445360058,-0.5820122682541826,-1.5247382492609016,0.7890543898572789,1.8751243924068455,1.8359421573565697,1.3323115925493205,0.9745688677789786,0.7064839356443373,2.477741503830053,0.4379431981413249,0.9971853651895062,1.6629894595281483,1.8490073689331883,3.2079737005347004,-0.41594703250410164
0.47000739298544925,1.3077928946516078,-0.6160240203004106,-1.521120466900129,0.8366933632594711,1.8661929635977603,1.831953036272203,1.3373856287490504,0.9922591119804837,0.7281084591982758,2.3890303302205567,0.49459512681333884,1.0242019564873015,1.6715343766156074,1.8490073712893584,3.209190620185689,-0.4157362612778813
0.47100732216941754,1.2808617703704475,-0.6463722739837396,-1.50785934412519,0.8821424625377127,1.8594706760140096,1.8245033507552768,1.339405967805998,1.0051196641698794,0.7490781012117922,2.299203982529154,0.5469209202980725,1.0612121876511709,1.6776325396255958,1.8500073600779716,3.2040524225688003,-0.41525943229427137
0.4750073912364187,1.2495137696655576,-0.6761754070490427,-1.5090961980639794,0.9254569158772469,1.8528445392515118,1.8141857311433747,1.3485365564920955,1.0224992690577674,0.7715705604243936,2.218488162416682,0.5882601641475829,1.089106114201567,1.6838037408092683,1.8490073743086997,3.205006350686846,-0.4159585480250369
0.4710073254224164,1.2085452904784286,-0.6937862996459616,-1.4893767432018072,0.9688100506957014,1.8415829703430004,1.806639722694236,1.3545974489107049,1.0401543800977189,0.7938642745440809,2.1500853788422107,0.6272301301100129,1.1091954974370926,1.6891290949650615,1.8500073633309704,3.2040208170582574,-0.4151556810291942
0.4710073272851636,1.1783963711052603,-0.7314065939026915,-1.4802418834924882,1.0112751993969429,1.8363188767057481,1.8004842968795711,1.362152174835236,1.0568565802528274,0.8160361665374658,2.0870918738238644,0.6647526004802897,1.1338440625176243,1.692486639602965,1.849007378068321,3.209008150933413,-0.4160155661320808
0.47100732937527856,1.147744833873995,-0.7550629274364966,-1.4712463803264144,1.0516614913851106,1.8310703958187,1.7929521393286139,1.365415198115846,1.069569560851757,0.8319729331616704,2.031499846268508,0.7006999678125407,1.1564059417097239,1.6967417989694709,1.849007380158436,3.2061621611788116,-0.41609093279193304
0.4720073777156216,1.1292412349970737,-0.7726083315859025,-1.4582140611935357,1.090214925092142,1.827797806632355,1.7845315341743104,1.3716407552938004,1.0833687278098805,0.8531477986152927,1.9753299814884588,0.7317530104544121,1.1801924819553986,1.7000237271853318,1.8480073797421797,3.2033683722927853,-0.41510953120499705
0.47100733290029567,1.0999711108300119,-0.8015500942886002,-1.4470905958305895,1.1261780204281768,1.821373293346225,1.7765587302688823,1.3783273120500825,1.098280273144714,0.8704627518715469,1.923335161612962,0.7607601371791501,1.1970877217565306,1.703464361527456,1.8500073708088498,3.2039804159502667,-0.41556535239137954
0.4710073349272741,1.0638856670643326,-0.8231948880386135,-1.4319071168182442,1.1606073441668832,1.8203234217150817,1.770868731828688,1.3833704886856637,1.1097402098911977,0.8866430427815059,1.8772497424617218,0.7888264213593157,1.2162035513523288,1.7066261551494184,1.8490073857104314,3.208766213421373,-0.41547173485343175
0.47000740944032404,1.0374647907414232,-0.841935482526611,-1.4292084428278238,1.1942853509031446,1.8147881756041424,1.7645841922063212,1.3862768238677212,1.121184984295585,0.9029361929380635,1.835004870672578,0.8150247821008774,1.2331770132545867,1.709541909066907,1.8490073877442335,3.208454367643946,-0.4159702377078586
0.47100733887897855,1.0129865215854854,-0.861172667955691,-1.4201955861977447,1.2252767504757867,1.8127328476791575,1.7574329277804133,1.3885828898200687,1.1312762602389412,0.9161788204908619,1.7961022226699255,0.8393726113931473,1.2502289185086388,1.7121504189749348,1.849007389662136,3.2071303712099635,-0.4158687230472779
0.47000741328467255,0.998132605834529,-0.880634767952185,-1.4105725445625852,1.2547830489464955,1.8055332071859054,1.7507424198631425,1.3955764281235725,1.1415996902327217,0.9304773672393346,1.7578904676011353,0.861218015815793,1.2663303761753415,1.7145310681420405,1.8490073915885819,3.2064507057239373,-0.4157183083033211
0.471007342828615,0.9732888824985153,-0.8986414758219278,-1.4023816836787466,1.2825293857666558,1.8025130167040169,1.7449170904859634,1.3973242508555548,1.1521122427772545,0.942456419097309,1.722648015369524,0.8819938299436143,1.279408179675182,1.7168590014964988,1.8490073936117724,3.206212964534024,-0.4157962893465026
0.47100734483565393,0.9502163245725794,-0.9156343296713518,-1.393664747554645,1.3090431171481085,1.7975016646068909,1.7392437504988045,1.3993413006493145,1.1593514493823354,0.9539299377143428,1.6901800830435154,0.9012371119433318,1.292698283390436,1.7189392014471905,1.8490073956188113,3.20413748260928,-0.4159146188135775
0.47200739352828,0.9278011151380021,-0.9318988156815927,-1.3782033853442086,1.3341330237623572,1.7944286061715724,1.7335679362363379,1.4023300150584035,1.1672906766648676,0.9652342416424995,1.659675996660807,0.9185918624460288,1.3039603785890141,1.7208292274903099,1.8500073847067926,3.2025698092740615,-0.41532971495612964
0.47100734878980943,0.9051290497941551,-0.9476261544269846,-1.379131792927531,1.358055642374254,1.7924745598784009,1.7288273628001445,1.405721829350654,1.1752732770124776,0.9765270677319013,1.6310179806125464,0.9348481004665236,1.3153658321186819,1.7226660555956896,1.8490073995729668,3.205739164643667,-0.4160689685673162
0.4710073509998665,0.8734892491381765,-0.9615864126920254,-1.3584497619293627,1.3809100350677124,1.7890667476073059,1.7240686194664192,1.4072027968038874,1.1813043539463566,0.9848884953123906,1.6067245985250178,0.9511806082315326,1.3257498070975808,1.7245498422198748,1.8490074017830238,3.2061822286270463,-0.415590455144829
0.4700074254210106,0.8530901219533864,-0.9761403795266503,-1.365918487203094,1.402901283550105,1.7883935976714185,1.7193312023278187,1.4096117710626765,1.1877082526766423,0.995010770166525,1.5822406656217387,0.9654219905552972,1.3371560329640755,1.7259888158396144,1.8510073928768747,3.208025525058786,-0.4166399021113332
0.47000742762981584,0.8347864740658222,-0.9899601742534283,-1.3582462200176066,1.4230757340182647,1.785241307396075,1.7131375088618699,1.4108004804527146,1.1930347281571774,1.00205532585354,1.5613789871941721,0.979359593509427,1.3457632860064905,1.727655142333616,1.8510073950856798,3.2072876287065695,-0.4166378127119559
0.4700074295695084,0.8176344077612812,-1.0013803488245145,-1.3472072734608944,1.4426988062500006,1.7834730985726917,1.709470333517931,1.4128255664410765,1.1995040173419023,1.0101439762294109,1.5391064092296003,0.9913851509484009,1.3556560452989252,1.7288438320111181,1.8490074078734178,3.2074307194462905,-0.4161795276482163
0.47000743170781295,0.8084557639869396,-1.0151272573907042,-1.3420420402594955,1.4607729893395867,1.7796388699274814,1.7056000877657946,1.4153129060855418,1.2051471517117187,1.0161390356360065,1.5193449578035467,1.0029865671008507,1.3620661009183905,1.7302211723895056,1.8490074100117222,3.2055395207180517,-0.41607325861383504
0.4650074384857171,0.7817628871373032,-1.0260720595904487,-1.33431995724775,1.4780134350203167,1.7823707870955836,1.701510361990458,1.4170070550639622,1.209322289609885,1.022430526154251,1.500245361863843,1.0130208279104151,1.3699328751586637,1.7302829273818525,1.8500073991466515,3.2102778311155387,-0.4161162196486586
0.4700074359856135,0.7637652045588684,-1.0383874395389103,-1.3291023848102248,1.4951599863526688,1.7766134093060402,1.6982188217815024,1.4193409262340453,1.2138660697804622,1.029428096980547,1.4837637580820655,1.0229675029097418,1.3747455656164869,1.7326176332966867,1.8500074014149195,3.2088594797125403,-0.41640999961460295
0.4660073702676994,0.7571351146470058,-1.0479149315526175,-1.317920379624573,1.5108643871763565,1.7777847264080786,1.694165565200784,1.4202604144452842,1.217111596116554,1.034493287935467,1.4677957044533843,1.0318100676734603,1.3827024391871072,1.7335083685853314,1.8490074162824852,3.207641847019115,-0.4155320759831185
0.4700074400465501,0.7409493738701036,-1.0594675932324158,-1.3138151219360974,1.5257873186240378,1.774838929736572,1.6898111535415334,1.421589809950602,1.2207847115375596,1.0402863954493713,1.4517880552701832,1.039318508912722,1.3875752179817373,1.7344951125844466,1.8500074054758562,3.203847589737772,-0.4157662745783858
0.4710073696488198,0.7244319706972925,-1.0699375807077105,-1.3090972908381757,1.5393514679152736,1.7735001112307522,1.6872171348563656,1.422726593006596,1.2247526237562398,1.0445540635719013,1.4371808233295311,1.0462996653394536,1.3926585040143762,1.7353916882129419,1.8500074075573738,3.205085701633686,-0.41582671544292366
0.471007371833082,0.7082891663140614,-1.0684995220936668,-1.3041560011040818,1.5531602125432076,1.7734544254390983,1.6844417588673635,1.4237829259199049,1.2280836277030454,1.0498531523840637,1.4237558361248646,1.053061949468645,1.397257406824592,1.7363497024684507,1.8500074097416361,3.2032546389438012,-0.4150958852956735
0.4760073690883295,0.6946243301471944,-1.0887003823046726,-1.2991417126887552,1.565784572909461,1.771745082694903,1.6818971907543638,1.4252705304097386,1.2301605631592163,1.0541108217019122,1.411504594069089,1.0595308836775055,1.4020637901057316,1.7381196617972854,1.8510074137918129,3.2017574104175432,-0.4157682335282937
0.47200742276439783,0.6795698053153993,-1.097843330720643,-1.2941610049391847,1.577479692794679,1.7706180444052708,1.678475971700941,1.4265118422504697,1.233093117600879,1.0585456327719163,1.4010316339962088,1.065387824762604,1.4065088729295439,1.7379277422247135,1.8500074139429104,3.2063848067689023,-0.4158625930930948
0.4770074202213408,0.6558378058772834,-1.105889186946504,-1.290884753391533,1.589650629081464,1.7688129885639274,1.6762047785772973,1.42695596577309,1.2347558263905007,1.0620740673579627,1.3911427093976116,1.0715915427806761,1.4095218307196995,1.7388126322396373,1.8490074290428282,3.20523045251106,-0.4162369979880317
0.4720074270776478,0.6526141059115016,-1.113756196551128,-1.2861300278412555,1.6000983681561343,1.7690644657315604,1.674043916818046,1.4271583720191698,1.236236792091589,1.0650459690133165,1.3821732672538365,1.0773626502784586,1.4147222195540432,1.739386354623871,1.8500074182561603,3.2054165245750603,-0.41580078598648823
0.471007382455846,0.6386962726033575,-1.1214761680722196,-1.2844868017889408,1.6103326866515286,1.766725255504108,1.6713428836262247,1.4273350264857267,1.238810282068578,1.068508054563902,1.372483430475155,1.0818789660964114,1.417876267152416,1.7400025808476651,1.8490074332390034,3.2057990245262866,-0.4161506428024615
0.4700074571425386,0.626388223538638,-1.129033560167275,-1.2771295086147296,1.6198136257240727,1.767739218512556,1.6687894550921671,1.4296380403907423,1.240337975040907,1.0716383829204963,1.364065471505413,1.0864513724431815,1.4218319913664361,1.740640491055868,1.8490074354464479,3.2086058138376714,-0.4159079129980515
0.4700074593203619,0.6053432443089156,-1.135804014916883,-1.2721400276160608,1.6294582211634907,1.7653284460831489,1.6667750041827563,1.4301974023646442,1.2421323981140036,1.073633619100666,1.3559412308145824,1.0906756120902328,1.4240915843060535,1.742205133241098,1.8490074376242713,3.2088553588072326,-0.4162531451213544
0.4700074614783063,0.5937792377184202,-1.142529228119498,-1.2679581735606797,1.638037138030253,1.7666539181666008,1.6651524848776713,1.4302758152975024,1.2431943980634017,1.0766222892553436,1.3489836039902956,1.0944713118884017,1.4283251200157903,1.741695141957615,1.8490074397822156,3.211015785399714,-0.4161640372200505
0.47000746365829954,0.5924671410362301,-1.1488033768625918,-1.2601066967083692,1.6466625240924815,1.7649692783664743,1.6620222659107329,1.429744141420454,1.2458138646505394,1.0783027196170565,1.3417686722974953,1.0977784068224046,1.4308130568652473,1.7422005185913485,1.849007441962209,3.206803262568756,-0.4155624325204748
0.4750074609131362,0.5814019492970186,-1.155111561848004,-1.262160469064363,1.6540905601932208,1.7664346050810125,1.659767667695071,1.4309061696867085,1.247345392399315,1.0805308441780714,1.3336122588288357,1.099943312142965,1.432344561156545,1.7424650842894334,1.8490074439854172,3.2061731037715377,-0.4157384344225754
0.47100739544051434,0.5708652756457107,-1.1615824506939338,-1.2576744422342616,1.6613780466510648,1.7634895562591066,1.6568398395956765,1.4323715867285645,1.2476226351557722,1.0819786534348352,1.3268497756420143,1.1021144933847697,1.4341147131322969,1.7429874764181517,1.8490074462236716,3.206321243152,-0.41591721321289793
0.4710073975928361,0.5615158414717942,-1.1671554527683323,-1.255777076789878,1.6687327634450937,1.7626462617382228,1.6552934704612972,1.4314671693994314,1.249465908340727,1.084338647702836,1.3206828975466252,1.1044576765892804,1.4364449834115884,1.7433573596966323,1.8490074483759935,3.2060241238620444,-0.4160189239618907
0.4660074045333282,0.5405558463672009,-1.1666520086538723,-1.2527016822999462,1.675440585683024,1.7622666836995964,1.6536094844880904,1.4316622817423712,1.2493389022084536,1.0859323701723174,1.315740046075901,1.106874833192657,1.4372957647182405,1.7437246967208375,1.849007450548114,3.208383638237027,-0.41608094952821206
0.47000747446438934,0.5319802029903314,-1.1768159825254567,-1.237726234588939,1.6820410507192063,1.762005381813394,1.6521450460967355,1.4326193858892395,1.2510537630519343,1.087185066642675,1.3115843394240168,1.1095307036711992,1.439952387642741,1.744135429747392,1.8490074527682987,3.207719981181353,-0.41551628371069327
0.47000747657436426,0.5225596397988056,-1.181644285709761,-1.2476035625423227,1.6880721612427234,1.7619983746232024,1.65052771728855,1.431179650732705,1.2509184334754875,1.0887935955063757,1.3064722865506355,1.1113006277241884,1.441173129370228,1.743342389737619,1.8490074548782736,3.207314963572716,-0.41635764933163316
0.4700074788157819,0.5245901990881449,-1.187713018979677,-1.244556653753395,1.6935081150374023,1.764221629729143,1.6482900013843824,1.4327681782407784,1.2521292618951605,1.0896432741215676,1.3022868343663125,1.112814418606693,1.4444048937379073,1.7446837450322201,1.8490074571196913,3.207915100215187,-0.41595296706741874
0.47000748093421946,0.515614965978684,-1.1920336562052247,-1.2410879997410234,1.6993415206283116,1.76108887058767,1.6471701320993382,1.432413542938567,1.2523588422196197,1.0919873254423997,1.2970057914174533,1.1141208156768843,1.4437270355907161,1.7449127486004137,1.8500074463635254,3.2050319888068337,-0.4159112873990546
0.4700074830842923,0.49716542276609466,-1.196818623773504,-1.2382737160072592,1.7039071028987107,1.7626182049540686,1.6456539813026718,1.4327751786484308,1.253740826796542,1.091094793764009,1.2931071033714798,1.1154303689110483,1.4456252681168387,1.7451116431531815,1.8490074613882017,3.2082503952139527,-0.416266640083668
0.4700074853719896,0.4989952364830239,-1.2010368867095864,-1.2359935737860615,1.7091865176840384,1.761514706955748,1.6455297622776839,1.4314376396402513,1.2530384612202115,1.0920191469755975,1.29006708018358,1.1169538661959204,1.445377371390369,1.7454560437088062,1.8500074508012956,3.2044017073615594,-0.41580960272768774
0.4710074149073316,0.48078703432516234,-1.2048632965918,-1.2335419762326199,1.713669830906488,1.7618008103727525,1.6431252832230976,1.4330732595503757,1.2536079801486162,1.0937853067516845,1.2854431846422223,1.1174012196889338,1.4484057326864719,1.7454258716484015,1.8500074528158856,3.2063548016275334,-0.41628604172516004
0.47100741724771883,0.48323382223519185,-1.209220524713823,-1.2311940100335108,1.7180348040965305,1.7588889003422732,1.642011147704384,1.432894314247201,1.2540375483142205,1.0935852622801665,1.2831228970666548,1.118729276269061,1.447702805675548,1.7458371656162581,1.8500074551562729,3.2034726594277796,-0.41598649105939367
0.47100741926112744,0.47448352535567184,-1.2125737179504168,-1.229154673470398,1.722293959426244,1.7596745845760142,1.6408545224086535,1.4342349165816193,1.2542509870696767,1.0974908299727268,1.2788640669819125,1.1190692157705882,1.450004229180716,1.7457555434032228,1.8500074571696814,3.2059931521010583,-0.41606381038113255
0.4710074216168861,0.46738986548348405,-1.2165166743291644,-1.2149658465220896,1.726310616983609,1.7588252797726274,1.641113098448377,1.4323327753217185,1.254898249862987,1.096163276435223,1.2771221291163495,1.1203225918019755,1.448071701979727,1.7461424560277117,1.85000745952544,3.203050024423626,-0.41512546429188907
0.47000749607847725,0.4591223213418646,-1.218665719948195,-1.2129339842114462,2.0861254861590184,1.7607979205214428,1.6392601198718473,1.433009654515127,1.3002021285602283,1.1015719554723529,1.2732952447355177,1.1204271937298642,1.4510455729205618,1.7460421088399245,1.8500074615077833,3.2762590688621476,-0.3931039974464346
0.4700074993878817,0.45362688531990103,-1.2204813184297698,2.321642078211998,2.1315724683277613,1.9711447097640697,1.8061348766070624,1.5788653264674226,1.3736949580403754,1.1603584309131267,1.2773377669178685,1.1307652512058897,1.4366357950640531,1.7490529959409926,1.8500074648171878,3.2109566484987324,-0.12626859262053355
0.47000748858040237,0.4336839088042427,2.4976063270297195,2.374412192442031,2.1853369883749223,2.068397759375863,1.9551201934164573,1.785998876814237,1.5249523966643548,1.169840102980105,1.1343847054549698,1.0748528404067956,1.3553965361335467,1.745763680068832,1.8510074560362664,2.435301469261015,0.12533642532652997
0.4770074434207462,0.4161800706152827,2.3913525199181254,2.42849676327121,2.1005524316349087,2.123983148859456,1.980278654808029,1.981544622341573,1.5972979720045015,1.0889014844393743,0.928585165416096,0.8480850123384314,1.218784904860458,1.7420595285508262,1.8510074413941882,2.435609392100181,0.12803573152596875
0.5580074329438223,0.39953866614129563,2.2910188143720642,2.355733344094176,2.127654907701571,2.157492065336929,1.980790722620523,1.9350682202897467,1.6019565604562909,1.1687261666760933,0.8718629113666054,0.676857602427779,1.0681365109012806,1.7534205768965079,1.8320074666800512,2.4129543955135944,0.13260729249073308
0.7440074201956458,0.8790991912299964,2.296189470853686,2.2048195432584943,2.184669884083806,2.252587379466563,1.9931679414564276,1.8590309747811569,1.5992894337013057,1.452015907823733,1.0334565009893613,0.592425898081911,1.1658048113239108,1.7827942970171435,1.8210074570313162,2.2675295442106265,0.159525015500813
0.9450075138281865,1.1889429999957475,0.6034261487270941,2.098241622848062,2.1274003527683516,2.195735843171114,1.9552464780721475,1.8080701422443568,1.5950720239260363,1.4802387700249342,1.2880020162912418,0.620598467883402,1.1816061834487857,1.76979562983707,1.7810074645947498,2.4668616926768836,0.0796490942270052
1.0910074931495597,1.3817986633028203,0.970782144196841,2.009722313779046,2.062647212231118,2.1304470401284994,1.8567448053004796,1.6397674098394965,1.4902511192521881,1.4687836908249619,1.604521947629959,0.7484131953088016,1.2671887029920126,1.7640768504293984,1.7490074855201652,2.2796454636971903,0.12669424734945578
1.1630074494829412,1.443749210638539,1.1767090288345772,0.552452030540781,1.9838442845180364,2.0593678348907196,1.768682270117806,1.6298382211635345,1.505344224003344,1.6078648683806749,1.6121507150263295,0.83703867711999,1.4586303538835157,1.7750528253019062,1.7490074747553106,2.3419214022621055,0.04874740766390286
1.1670074698274386,1.4430760037586334,1.1039111373327888,0.513124762789003,1.8519020600024751,1.8759983596594352,1.6724790789986321,1.5348690048384097,1.4482722952637708,1.4639736616990948,1.7773375599093262,1.2482435764519326,1.4286392935934833,1.8145807605548803,1.7440074619596255,2.4077239233660643,0.031083484000354173
1.1690074976348153,1.4128208036143661,1.1102207276566303,0.44036866565082466,1.8002402091310117,1.845729418749583,1.6189599118953675,1.4449218078564248,1.3656109985673834,1.4731300973143542,1.3238086495033956,1.080243105482464,1.6057777198193341,1.8201924756760555,1.7430074687861672,2.015688154019471,0.07786021082732952
1.1700074762431798,1.387916506750701,1.0514371084867962,0.4749872746310966,1.6523460987351075,1.6932530927541118,1.536274672614451,-1.9532376619991003,1.3981920341528038,1.4315498834438536,1.2726901587498827,1.1201505922564206,1.6042865499719694,1.8210352057599717,1.7410074562160192,-0.2476449822188891,0.021213238532591567
1.1710074119743474,1.3126140884917976,0.9126445523728506,0.4788560713200543,-0.7552449310186593,-2.046512874829746,-2.2960052851309816,-1.833512697796221,1.372510188742289,1.5696174122545876,0.7438202461443022,0.7717578198237791,1.6928305058547635,1.7575909995669847,1.7420074217495092,-3.498682742900717,-0.44360407554244913
1.1710073746943557,1.2160844222302136,0.6382557430256499,0.34175875354056306,-1.0691029667964296,-2.351298802965654,-2.5837437941089236,-1.7961034256251187,1.3489488596061225,1.8543718017142412,0.012370509964805043,0.24857978403517755,1.4331154697942874,1.6960512842563567,1.7410073675417983,-3.485518436948774,-0.44324491767017377
1.1710073915968406,1.184628781979868,0.5117133562283422,-0.04783249008289059,-0.9583473784161625,-2.445371297299127,-1.9678198608592319,-1.5488987851140044,1.707262610965214,1.926819195779107,-0.13069552737987356,0.5017452986017479,0.6436816789606044,1.7281866947534057,1.7410073844442833,-3.489523487902327,-0.4440254481609181
1.1680073715741233,1.2689708672270286,0.5170741166950674,-0.16976445374744886,-0.9776421766607636,-2.014138799520597,-1.5515732340563033,-1.6513995309157121,1.3985974044698435,1.31066726756936,0.67656661858243,1.1213101815886497,0.9278279284793831,1.6713127948871624,1.7400073982770041,-3.489757219066044,-0.44392584390034273
1.1680073610032824,1.2830149967890434,0.6241405591772389,-0.0673160730433201,-0.8715151198085241,-1.7743264099792166,-1.543192365139725,-1.6662448987687237,1.3435437847575935,1.417503041012694,1.062735079262756,1.16174363203511,1.2617043550153482,1.5869954238959691,1.74100737483156,-3.4905406595002884,-0.44570187010550055
1.171007384076115,1.294681337247012,0.6741825867732736,0.05714050552432437,-0.7187792061763969,-1.7885417566863415,-1.4617175096324455,-1.5450396357677803,1.5592899649978818,1.574422308618618,1.0671427151314454,1.1471451620879722,1.0810291012104591,1.5508135857894723,1.7410073769235577,-3.492829975877208,-0.44535385776317027
1.1670073758086386,1.313894072811581,0.7370925999219977,0.15755735805810617,-0.5623867287078395,-1.67056968676718,-1.3449226650641055,-1.4578913082027207,1.6477922073153664,1.5947981607837909,1.080848268663198,1.2266705494976593,1.0894871130347699,1.5044333096722688,1.7410073767623129,-3.486990918227274,-0.4442620657353407
1.170007394519608,1.326654568865624,0.7981251441801099,0.28232186578880747,-0.460641874178897,-1.5721214820889886,-1.297004699787528,-1.3823363465079572,1.7273021707008045,1.6440936392992236,1.196981361881711,1.228194195801861,1.1277168469380416,1.4577478207516301,1.7400073873670505,-3.491569240371836,-0.4451089094234016
1.171007380689993,1.3340582416053797,0.8529877102051887,0.39050950092418657,-0.31774736981024543,-1.5087075799262668,-1.251720468118461,-1.3027006931904466,1.8344509595365444,1.7334042414864232,1.310356823020666,1.1985419499772598,1.0914514716686352,1.4232107649979686,1.7410073735374356,-3.4882509605231684,-0.4436276883624489
1.1730073554371836,1.3405883483305736,0.9088805993759485,0.47622844353959776,-0.18954253825375478,-1.4351676907262958,-1.1932582437500945,-1.2466645616332963,1.9227856171250866,1.8041648607451939,1.384595954283817,1.1956053803434137,1.074259989923612,1.3938291575414685,1.740007386908436,-3.4884972912960466,-0.44298706527365705
1.174007401042716,1.3442245971164637,0.9549380377144246,0.5497638648573092,-0.09152747469527012,-1.3659957331198103,-1.1549587023336305,-1.2005452278212196,1.9912815284086196,1.862617584878903,1.4226429564048544,1.1885583488315372,1.0830660562612362,1.36602416898341,1.7410073729093236,-3.492407095586373,-0.4433580620134726
1.1730073528683136,1.3446620678492363,0.9957769632614439,0.6319331260288071,-0.007383844190556543,-1.3145625979655176,-1.1286160919305797,-1.1520573509328733,2.0603416811041395,1.925320924524503,1.4572839115478875,1.1714994791751305,1.0783945493681297,1.3424340444546523,1.7410073714649628,-3.4895113897487713,-0.4430670091257191
1.1730073521004662,1.3434029190528878,1.0327372439544424,0.6953902718725186,0.06195010638120113,-1.2724403948208314,-1.100044046736917,-1.11433535446363,2.1240406920287107,1.978330217788495,1.485974112146782,1.158708661609385,1.0639088195227986,1.3235467039324926,1.7410073706971154,-3.493754918183373,-0.44303802632657985
1.172007363946035,1.3425604162800773,1.060072180664694,0.7464273573999575,0.11763543892675438,-1.2310917112669364,-1.075624128611731,-1.074025930799706,2.17432815371058,2.0221795053218394,1.5108277227202545,1.1505054501200234,1.0618504092207792,1.306741656578063,1.741007369668081,-3.4893210451554033,-0.4435994925397285
1.1730073500249187,1.3410514347743117,1.0893805964006202,0.7913601527486739,0.16873423605640658,-1.1973949837633528,-1.0570304870510467,-1.04613417588791,2.219092271712824,2.062434779064553,1.5237929358126074,1.142122287291483,1.0591501973999597,1.2917341952044363,1.741007368621568,-3.4939732472663265,-0.4432092617176252
1.17100737426021,1.338582900881441,1.11107418353995,0.8309482813775655,0.19283337426154767,-1.1685380981571698,-1.0405353274752813,-1.0107512773818002,2.2590423061617257,2.09953486991909,1.5367650973050688,1.1368476952015547,1.0589452282957639,1.2804208625462747,1.7410073671076527,-3.486680299465644,-0.444847397476985
1.1720073605135801,1.3375702087475279,1.1296360005428165,0.8636729482380519,0.2659249110067996,-1.1455741622608517,-1.02589927445986,-0.9977397235787513,2.2931013835705,2.1284787286642706,1.5422167177200339,1.1315578694218087,1.054112497476116,1.2706498689737216,1.741007366235626,-3.490832030529391,-0.44229279459708587
1.1740073925948697,1.3333332842528514,1.1448450306500297,0.8915107267211446,0.29702095737601797,-1.123149345004217,-1.0126436099715694,-0.9774114398690055,2.324143141655945,2.1577593200359324,1.545235557682345,1.1259241267992641,1.05657555950964,1.2613876881290613,1.7400073773360807,-3.4902560774949603,-0.44259484967272855
1.1740073915222051,1.3320484959944139,1.1581759589047587,0.915932091282358,0.32161432443739635,-1.1072802518141636,-1.0020958956441066,-0.9608868043031236,2.3502373459312587,2.177736262335557,1.5437914981480723,1.1221683845876411,1.0513391430983567,1.2533858259399655,1.740007376263416,-3.4925138613037805,-0.4421149455641917
1.1740073898650538,1.3276131140979581,1.1695785352586285,0.9292605832665081,0.3265380175012964,-1.0913982863892522,-0.9916910403824359,-0.9404214639513956,2.373013207666163,2.201546040308326,1.5394152142689435,1.120557014131013,1.0541732722672685,1.2478101501653294,1.7410073617316615,-3.488968615771061,-0.4438698901362146
1.1740073887702447,1.32488407938625,1.1800165991824023,0.9568563117051287,0.3608475338820434,-1.078997894226871,-0.9837985476389872,-0.9344057786654496,2.392619648869697,2.2184951219065083,1.5427938439381275,1.1203298093322607,1.0523428471609237,1.2429025588396343,1.7400073735114556,-3.489572266620449,-0.4422044934229186
1.1740073869786654,1.3223857581273566,1.1883229515436768,0.965593440883741,0.34168003653231516,-1.067801649220606,-0.9759228344735218,-0.9307069221930722,2.410755798731895,2.2364571197066954,1.5313681863822095,1.118939611996102,1.0545729398723143,1.2370754517568288,1.741007358845273,-3.5008601757847435,-0.4444689637992202
1.1740073855035806,1.3184438567806778,1.194289578695292,0.9783588285220031,0.3509928226530412,-1.060181121455026,-0.9722921401179421,-0.9055265059612108,2.4244827577051593,2.2486242495243824,1.5337428436081273,1.119709950704058,1.0550772266789301,1.2340157267733447,1.7410073573701883,-3.486285730351487,-0.44477457992549435
1.172007350472955,1.3163921053561876,1.2019836307874006,0.9880117856040875,0.3904789600546036,-1.0527875928298305,-0.9647605692223399,-0.9088707252556006,2.439431929918001,2.26257443560538,1.5227400492796292,1.1209091022625515,1.0519831827990083,1.2302350269825404,1.7410073561950008,-3.4930793634535857,-0.4425777085861391
1.173007335695585,1.3123071869863758,1.2068061377695614,0.9970738136958542,0.38700761014676965,-1.0442733656818588,-0.9593679443076586,-0.8965391295023923,2.4508718535792497,2.2721851036578427,1.516324400325731,1.1244218513120203,1.0560460864221084,1.227776594623999,1.7400073671668375,-3.4906024894918826,-0.44344185251108803
1.1720073473045447,1.3107912861431708,1.20924966408289,1.0052574493867372,0.40646095762761125,-1.0390042337138192,-0.9573527938228354,-0.8952113171375083,2.460879229939666,2.279669842215517,1.512804710173798,1.1237042617702624,1.054658931265461,1.2255881194658897,1.7400073659011939,-3.4915007724994913,-0.44262231028056553
1.1710073584539231,1.306383127133937,1.215907017633294,1.003846618298494,0.40206244560291027,-1.0338996366678317,-0.953251908047559,-0.8872072440161047,2.4711087422934197,2.2916637245506744,1.507140068697423,1.1231779786518685,1.0576003539873926,1.2232676453520002,1.740007364175969,-3.4888418762229523,-0.4439447078283658
1.1720073443194576,1.3049273103711854,1.2195621504543284,1.0140452552778751,0.40427547575457257,-1.0308383570095083,-0.9491225551411253,-0.8836998125893266,2.4787763292371383,2.297092526231518,1.5031148122683256,1.1264889856033546,1.0569018279129516,1.2218118539177125,1.7410073500415035,-3.4899102511194133,-0.4435623550449288
1.1720073425089261,1.301759364190499,1.2231664163389577,1.018065410389258,0.42137025792780713,-1.0261016239631127,-0.9464312407244397,-0.8806348954375042,2.4859493011501357,2.3059596967303126,1.4948618890787952,1.1253538485254446,1.060295194980457,1.2189403603609597,1.741007348230972,-3.4900560417084647,-0.44245669577667324
1.1720073410524667,1.2991312609522565,1.224997013694216,1.0221245858624775,0.40886294451042227,-1.0242810293087892,-0.9444174592133273,-0.8779546467714023,2.493684282880616,2.3107430907490625,1.4839263263719975,1.1266362158520669,1.0568545696175764,1.217767555491695,1.7410073467745126,-3.4953198245299877,-0.4430332705707526
1.171007352245169,1.2963952036448503,1.2247702161246532,1.0212284072321611,0.4225284341513684,-1.0210513530909264,-0.9430017610508242,-0.8674325328309755,2.49841347560253,2.316113998840132,1.4827255211642083,1.1288726342459379,1.0609410994012887,1.2163992550818683,1.7410073450926116,-3.4844879406212454,-0.4430971363382606
1.1720073381574438,1.2939298677381261,1.226749683578454,1.0250782238061822,0.4246442250853071,-1.0193047721304835,-0.9397092834534729,-0.8721267309480312,2.5045689533275786,2.3213327155660313,1.4693326179001722,1.1283205664936156,1.059748706487324,1.2159018761904812,1.7410073438794897,-3.4943673783307774,-0.4423747123164734
1.1730073232575517,1.2910564355131067,1.2316636612809473,1.0315421689671196,0.4240690958462291,-1.016050690207814,-0.9377909074132725,-0.8613530994551866,2.5084245722252265,2.3264118294288902,1.4713688969363536,1.1307306814548812,1.0642182235011854,1.2144506630938623,1.741007341854201,-3.485753573137918,-0.4423157560115883
1.1730073221264021,1.2889282824580144,1.2311679603514007,1.0333809745178977,0.3985669073314413,-1.016362010000298,-0.9365722926174693,-0.8662676241014946,2.513803478392024,2.3289222077551077,1.468022156121524,1.1326352273013534,1.0608899475452374,1.2143506243966724,1.7410073407230513,-3.493076733695979,-0.4441610211008297
1.1720073331489007,1.285242608948527,1.2329786498485458,1.0346049507870583,0.3876843928623812,-1.013336290858493,-0.9369015591855507,-0.8662933021229523,2.515192545051293,2.3339641171368726,1.4619416685748807,1.1341865691542252,1.0664905142469545,1.2131939055163954,1.7410073388709466,-3.4931217177850944,-0.44492349521196367
1.1720073316940485,1.2836939484107008,1.2336813516791687,1.0356174767903021,0.4252388535186876,-1.0145419146884542,-0.934900721918997,-0.8671308074340295,2.520200158794514,2.3385061666633815,1.4521533984882637,1.1329597990358136,1.0647758463294887,1.2127801451062936,1.7410073374160944,-3.4933926715152444,-0.4421554053201208
1.1730073170484148,1.2804306668561791,1.234421708271932,1.0363815483541885,0.4235735938394747,-1.01295221188906,-0.9312257692259919,-0.8494408551900479,2.524754116920979,2.3400004830844834,1.4505325441444623,1.1372363233303941,1.0639972832881066,1.2121929729763579,1.742007352572783,-3.482731071358939,-0.4423600472429195
1.1730073159610146,1.2801072484016764,1.2348952958950772,1.0366871516535163,0.42205443820681876,-1.0111839418205628,-0.9304867621540236,-0.8638595564553182,2.5257494118958954,2.3383536044479345,1.4469938640337696,1.1394618824684737,1.0634691431190435,1.2121161963337004,1.7410073345576638,-3.494062574730645,-0.44239052041356297
1.1730073138302919,1.2761835626782476,1.2376994838724502,1.0369392758836204,0.4211330756476783,-1.0087161148046144,-0.9320921199642805,-0.8616657509940353,2.5277557221730693,2.345758059973717,1.441620798283074,1.1365141530022511,1.0703461226733852,1.2108930895858572,1.741007332426941,-3.492034124162271,-0.4426299342630991
1.1730073125898657,1.2752018613266374,1.2369258019399876,1.0374370135453939,0.4202886432537918,-1.011581511947909,-0.9305706776352047,-0.8535477430836873,2.532809164250762,2.3476465084479474,1.4330100423535115,1.1358697565437528,1.0642506331877448,1.2112437755793553,1.7410073311865149,-3.4904092005405007,-0.44221859979379313
1.1730073109196582,1.2722194551525658,1.2348964745617637,1.0379782825482666,0.4006461206346761,-1.0087279004778367,-0.9283711818801126,-0.8522618482580248,2.5337181941550693,2.3489567545621632,1.4350502083231864,1.1404003414827537,1.0669955299281322,1.2108485725162865,1.7410073295163073,-3.4881050688676054,-0.44396378358449173
1.1730073095641707,1.271487133207097,1.2374863527468645,1.0385966874622659,0.39935005026597614,-1.0085371529683667,-0.9290526947967872,-0.8603829292771927,2.5340960800093137,2.350049409763587,1.4308753212766496,1.1398495854398956,1.068149381530428,1.210626619194932,1.7410073281608198,-3.495569880200296,-0.4434854711274913
1.1740073543174827,1.2679761771912448,1.2373130822835228,1.0389480189629248,0.398151892291817,-1.0085447122784825,-0.9291885015032101,-0.8575084751530739,2.537054334528096,2.3549073085704855,1.4283445048250942,1.1398146570283723,1.070530978091154,1.209978899585263,1.7400073390586936,-3.4924883992065534,-0.4439141921245919
1.1730073063523918,1.26659091342743,1.2376602708685769,1.0401688783460648,0.4136761075364803,-1.0099771525745496,-0.9265613891352467,-0.8547399758472796,2.5392527829009492,2.353524923220552,1.4263590957048324,1.1419481157006828,1.0670794605670222,1.2101772857104551,1.7400073378236443,-3.4889732261399473,-0.442657825580873
1.1720073175402201,1.2648197993253918,1.2388642789273376,1.0390644239846178,0.38138035965447137,-1.0074316850647986,-0.9257381921083647,-0.8559781815882961,2.540292624282425,2.3550346005889375,1.419361711309365,1.1424346206818505,1.0697769687718153,1.2097247487661378,1.741007323262266,-3.4957767297676763,-0.444529147607056
1.1730073030843944,1.2632145999965718,1.2398096303348929,1.040125071189669,0.3792408100604522,-1.00781091148311,-0.9264572660891448,-0.855585797872252,2.5403254909195487,2.3558810518565103,1.422142746688577,1.1435694458778967,1.071245161803294,1.2092797269783624,1.7410073216810436,-3.4924846729753383,-0.44479818441684815
1.1730073015377658,1.2623179486968361,1.2373811724178707,1.035656912864423,0.4164305630781173,-1.008364498389054,-0.9251752373743701,-0.8545996487310312,2.543271594977556,2.3594829042199246,1.4129544982570923,1.1416436685472693,1.0694552337240264,1.2102313247539538,1.741007320134415,-3.4909429767872413,-0.442546309806963
1.173007299956458,1.2609336949171175,1.2407445217873325,1.0408486938495987,0.41458436459951375,-1.0073255141201938,-0.9214315639456467,-0.852564059230524,2.5453325273985445,2.3585028940642934,1.415990556705355,1.1436833991554738,1.0689268381161314,1.209027457846672,1.7410073185531072,-3.4894291109230955,-0.4422323844169957
1.1740073451965058,1.259785474192506,1.2398119015215443,1.0407968890576131,0.4124859516704611,-1.0060802030225493,-0.9213724200614946,-0.8537901459747801,2.5451329580840554,2.357414514178404,1.410612262393067,1.1459699948211726,1.0691516623567516,1.2088133803161982,1.7410073170631135,-3.491736618117531,-0.44228402745205103
1.1730072968031955,1.2569273006268955,1.2384456688057517,1.0360730496288373,0.41115863462816593,-1.004550507133159,-0.9219454688292452,-0.8533542279475427,2.5466635973497045,2.361360620292702,1.4073788501920252,1.1438294802025268,1.071139100198216,1.2085386898871655,1.7410073153998447,-3.489479329525092,-0.44294335611245617
1.174007342129971,1.2555261330289083,1.2403486897589868,1.0417989714811455,0.3996084040710848,-1.0053764366146,-0.9222487880932524,-0.8533651145302688,2.548213063058946,2.362290769168707,1.405814088806189,1.1434344136959593,1.0673335558080632,1.2087823043292258,1.740007326871182,-3.492454611643972,-0.4429121334105285
1.173007293668655,1.2529067564563856,1.2388489395351856,1.0405460109178502,0.3985634379072698,-1.0044056518302158,-0.9220705118876076,-0.8532770537470309,2.548487331527379,2.3636414814992506,1.403859838876502,1.1438828837083745,1.0695325548115036,1.2084705731461927,1.7410073122653043,-3.491685681768584,-0.4431534451020107
1.172007305094127,1.2526038388570966,1.2396751041684544,1.0406110539318365,0.3944521738403901,-1.0052516989979643,-0.9219408780592899,-0.8521405463169185,2.5494850587294433,2.36373561846725,1.4062634017236775,1.144378523304352,1.0696414653183843,1.2085333800397362,1.741007310816173,-3.4901132535214328,-0.4434447905168929
1.173007290660506,1.2512758598141656,1.2400815454504786,1.0403449902988706,0.4037915242567902,-1.0048352975775359,-0.921534182813235,-0.8524592176878543,2.5498246644199556,2.3644938387542203,1.4010439922251794,1.1442021875550423,1.0704542294325585,1.2084497100610814,1.7400073221317585,-3.491154653478305,-0.4425429454769759
1.1730072890255367,1.2498985376842753,1.2413346216913315,1.040521483644635,0.38889161497043134,-1.0047913125007113,-0.9210428648165344,-0.8474714112051337,2.5510595141613495,2.365239239165914,1.398788446939342,1.144276584384365,1.070722305756722,1.2082708231591504,1.741007307622186,-3.49055026863404,-0.4432762423549682
1.1730072875546342,1.2488634509768644,1.2411112120762824,1.0397090229474768,0.387823863880268,-1.0060929813678863,-0.9211838194225666,-0.8459937396673617,2.5510782494321416,2.3646825453874616,1.4031774684184153,1.1445904515146128,1.0703560114838795,1.2082968693910392,1.7410073061512834,-3.487346276927025,-0.4436109705990153
1.1730072860341823,1.2475761802772498,1.2407942090089326,1.0453804311798929,0.3927544152856811,-1.0056532148895534,-0.920821831466566,-0.8542925098488343,2.551629105037679,2.3663400162415646,1.3968864865481572,1.1449415476275946,1.0711920292719266,1.2082310161831082,1.7410073046308314,-3.494599092396294,-0.44282609535314243
1.1730072842276618,1.2461821075282355,1.2408096920625977,1.0457569143509735,0.40334027320636523,-1.0058224093329418,-0.9209287193330151,-0.8459746891052204,2.55271948634764,2.367201265596173,1.3938963203469386,1.1430209539132123,1.0716171087280302,1.2078626255891312,1.7400073156989142,-3.4888455658645143,-0.44189714696949656
1.172007295784597,1.2463583513194607,1.241300968600381,1.0396561864187277,0.4030945776276751,-1.0063484389506399,-0.9192809073994762,-0.8532334516549724,2.55416568487753,2.36594419477339,1.3946031547962827,1.1447577002025673,1.0684590998786907,1.2082073902173567,1.741007301506643,-3.4930190025803625,-0.4424686414957892
1.1730072812054175,1.2441772210895325,1.2407996317017127,1.039601296126357,0.40220151773456336,-1.0045316774256534,-0.9198909765254379,-0.8541419003930576,2.552948698105806,2.3668542852282104,1.392265268067977,1.1441060621104953,1.0727483487550167,1.207825847457921,1.7410072998020667,-3.4934124195364333,-0.4425745029054785
1.1730072796844186,1.242896780120507,1.240725540734695,1.0394431327872595,0.3879017517840073,-1.0056183694063516,-0.9199472228867255,-0.8535931822066871,2.5545865826902983,2.368829753090399,1.3945003557272984,1.1431025838201574,1.0712614978572397,1.2079161908287661,1.7410072982810678,-3.4930665342290985,-0.44364703171390146
1.1730072781668712,1.2429688302441722,1.2406868863734535,1.0389470772324199,0.38718516150851623,-1.005622143038956,-0.9196350464223606,-0.8544925275577672,2.5542670550340554,2.3684883476340888,1.3908061372512945,1.144221142506779,1.0712759984388225,1.2079832202141505,1.7400073096381237,-3.4945992116992697,-0.4434266170106975
1.172007289394025,1.2417771074715385,1.2411533820863119,1.0407581724527046,0.38661868347015627,-1.005285539452497,-0.9204677203498084,-0.8461611301533307,2.5546823019595233,2.3695786536314154,1.3896926493299246,1.1444230920670937,1.072579569364787,1.2077326450904984,1.7410072951160709,-3.490194169554466,-0.44319705857742
