u_q_m30,u_q_0,u_q_p30,y_q_v,y_q_delta
1.2639999985694885,-0.7880001068115234,0.7480000257492063,-2.9972310911479463,0.026225896478035044
0.9320652451200051,-0.25790404510292064,0.5491440349203989,-2.99723829685171,0.026183086420481668
0.6547047282118874,0.06278609559133463,0.58051516827065,-2.997240994260087,0.026179038331297397
0.7746651459080336,-0.08217510243040638,0.9261533291117352,-2.9972363267815476,0.026194042263168262
1.0075697011117586,-0.08849145054314655,1.3408915850782812,-2.9972166270192835,0.026303595466125394
1.2945289188065614,-0.09033106459076112,1.668462197390144,-2.9972395334517614,0.026160811858982797
1.569950363622855,-0.08930613709385105,1.9104318498927129,-2.997229009228584,0.026216600467677154
1.795093603850157,-0.08323617561066343,2.0719175863033947,-2.997198163857071,0.02639087410758366
1.9591093253146588,-0.07510448015659899,2.1496517762803276,-2.9972014294205103,0.02636997573540346
2.059596767299315,-0.06702899003463347,2.1921584966479264,-2.9971949571868572,0.02642410451176912
2.1071996990556445,-0.058756974719540445,2.195580916860834,-2.997223944706278,0.02628103219306959
2.114649873638304,-0.048762456919440256,2.208858861315717,-2.9972173013613292,0.026302583458909602
2.0951069751218343,-0.04031641855080481,2.2052354417073623,-2.9972390241899247,0.02618999417398399
2.0658741847274396,-0.03255074552994586,2.213268186756809,-2.9972350842844397,0.02621190455337998
2.0362996427284807,-0.025516494670674517,2.223547263689883,-2.9972251811722987,0.02625876270011763
2.006550444513912,-0.01921695999116735,2.229843190347133,-2.9972251811722987,0.02625876270011763
1.9829385545427338,-0.012613024773479253,2.235744353461084,-2.9972257434303047,0.02623750014583455
1.9665594401792172,-0.0076574120412802316,2.2449419923882976,-2.997217863619335,0.026281320904626523
1.957003070083108,-0.0032970707860169313,2.249299767865276,-2.997217863619335,0.026281320904626523
1.9520033244931656,0.0005289482859154315,2.2498217455404594,-2.997224447937028,0.026247442675328154
1.952964804389907,0.0028793277860936772,2.25259886344715,-2.9972232113369763,0.026269717236827025
1.954333941537465,0.005804981539450971,2.2507601702615396,-2.9972317654899916,0.026224884470819252
1.9578088762368462,0.008357419454725235,2.258434064149792,-2.997219945773537,0.02629061560900722
1.9604387628693394,0.010578763535780356,2.2577347573056414,-2.9972245600210674,0.026267693222395444
1.9636214375701675,0.012512651234795835,2.258750207831847,-2.9972245600210674,0.026267693222395444
1.9670580760693785,0.015196546364738994,2.259548327758158,-2.997224447937028,0.026247442675328154
1.9686806814999986,0.015659114322480017,2.2601804279100324,-2.997223885679022,0.026268705229611233
1.9685682410664445,0.01693020510743426,2.253683723690887,-2.8630436478976655,0.02619100624152089
1.983787913907424,-0.005697102438254609,2.2698097530363452,-2.9972245600210674,0.026267693222395444
1.982032174022526,0.004640531213176757,2.2550036505124305,-2.997233735560154,0.026213928628132665
1.9652861885425592,0.02631987707833472,2.2432355741304733,-2.9972291213126234,0.026236851014744444
1.960644983398748,0.020837428222495236,2.2407506824198364,-2.997228446970578,0.026237863021960236
1.9577804961207481,0.023308371416829843,2.2348777654066145,-2.997247301044661,0.026096745621670442
1.958046061550119,0.02168334722766474,2.2545558652936006,-2.929070405679581,0.026303595466125394
1.967532695385593,0.01087322505723709,2.260188552976447,-2.186031480810401,0.026249466689759735
2.0589883825210693,-0.12651996954790778,2.2808159592593,-1.7237518005806967,0.02589954959515216
2.1842270924744285,-0.24514966067663213,2.215133629990529,-1.7569554089862645,0.024178181683785275
2.229017696304753,-0.18933095403737638,1.9055013668630716,-1.8564497394188044,0.0205876565054165
2.186526919422843,-0.06888530464905851,1.4296461724931544,-2.1707957987038635,12.666312587933158
2.1571961472128054,0.09799125508479711,1.0475899734605245,-2.286836615345564,18.011073834970123
2.109634223857556,0.35185986484635356,1.3195312011163562,-2.699004672154049,0.01149774261951606
1.8993869945684176,0.6044443181185435,1.2811032629027719,-2.8477115534046558,0.008533636070232779
1.7283254639405863,0.7665563725597586,1.8136794334075024,-2.8633147690997123,0.011894748839758402
1.6780810311935512,0.8792094414927307,1.9597455141540823,-2.8797815890202485,0.010735770477392397
1.7201781417971633,0.929883772892059,2.107052297668675,-2.846694834218679,4.933155643439614
1.816101655173314,0.967078035602422,2.243177452635244,-2.747561867214497,5.824293471254401
1.9256156753328784,0.980406404536003,2.3374268355733623,-2.731023565210034,5.82394954083975
0.4899128470337244,0.982268750838294,2.3961618767735935,-2.632948092042503,3.8904826141966384
0.5768915927040084,0.9907184427031117,2.402634199672465,-2.3852712679361514,0.3235483311708907
0.6239131965566214,0.9438192936137683,2.4198454008621986,-2.236637402181128,-1.4967676903731515
0.6568101421960054,0.9248987452124176,2.4093754097527804,-2.203604418627677,-4.320839189466374
0.6715520799686708,0.95788394061286,2.3683431314937264,-2.203565034877715,-8.33404107506997
0.6552738880840547,1.0207908173170321,2.2771248694282025,-2.187072707268938,-14.42869460611633
0.6076781023023428,1.0681095171928032,2.0437928686771443,-2.2203987724916,-10.419571578661301
0.5488826043656695,1.0950059386341455,1.7721398479640618,-2.2373429936396017,-18.002528094717952
0.44094269964091026,1.1159518139727118,1.6709814515078052,-2.584221667861265,-0.004225581422438806
0.35411382267684893,1.1281023448425478,1.6578241426329376,-2.683288420004476,0.3113569584447646
0.21176924948271053,1.2077610907035652,1.7249891801848891,-2.6832407678026287,-0.004873663848026229
0.17479763777345653,1.1924891990053537,1.8193605542217846,-2.6831965077623496,0.3110088545192188
0.22832015154035734,1.204748971198586,1.931191239794984,-2.6170768128289534,-12.952546416050968
0.23956929997084164,1.1992309773966616,2.0220486492862717,-2.5179373877101963,-15.924429335042538
0.26481413816129856,1.1485091423439,2.07280284965218,-2.501400742313994,-6.116269734519199
0.3381028134891042,1.1076823652166308,2.09235302490978,-2.2702142698583434,-4.035592023289308
0.40134517714888707,1.0689512409725614,2.1151048215214416,-2.2536797596393328,-0.9148235984358034
0.45533673162437016,1.0390759482506136,2.1301634995734315,-2.2536304429216694,2.2430334562413643
0.478660710250021,1.0746542211700207,2.132206976393886,-2.270082580445348,7.146926818601636
0.5359368004133159,1.1507103990488625,2.1543523002977607,-2.303004399558977,8.335139957609625
0.606610849125738,1.2679404338429747,2.1985603107502594,-2.335893933971574,2.9843553718985114
0.6566453526498364,1.401921571877053,2.2549097819912696,-2.3852860065865373,-0.9176528564789144
0.7190999288287234,1.5304389367815754,2.3279771862156227,-2.385107758521717,-17.711358916623592
0.7411086654303096,1.633631668748709,2.385047124627011,-2.3849336492841644,-18.00917984484004
0.7671632302754477,1.6222568459126783,2.429901691446773,-2.3847810877633977,-16.96867912435682
0.690444519772154,1.6023632496578717,2.462782107852572,-2.384729256716618,-13.55027795087389
0.6796048393074127,1.5364395932331072,2.455787505748393,-2.3847163750731535,-13.54990797549862
0.6872813282757464,1.453578238462231,2.46780305968365,-2.3846450963387875,-11.171197694659233
0.7426151679429116,1.3384575949840598,2.4637006692446817,-2.384573081660845,-10.42679931142754
0.8067331568955695,1.2267224840639677,2.457449455749145,-2.4010141315778335,-11.614136906999471
0.873275322607354,1.1083830317477563,2.453452480147627,-2.3844110872092235,-9.234522947329138
0.9556452862538123,1.0039292747679018,2.4460312605016714,-2.3843449522395854,-15.623263059990746
0.9930297891828563,0.9765107984152495,2.419164567804561,-2.3843546911632503,-17.40661435540888
1.0274586386114495,0.9388267500001555,2.381809179610352,-2.384379398680998,-16.36662727300053
1.0659445272427668,0.9166024900414191,2.3368248981912316,-2.384427788128996,-16.06994276054208
1.0988324715871152,0.9252406228336263,2.2642174536784507,-2.384552697949228,-16.220074014537854
1.119976207864346,0.9427952880386028,2.18209778305476,-2.3847107970563965,-16.07336554397576
1.1392593316760349,0.9737846881676017,2.1190031787051,-2.3848428798025005,-15.926716169427541
1.165742548153801,0.9941152995395542,2.1102057855263245,-2.38485931188684,-15.779184433800792
1.1919987355001358,1.022194485011334,2.1036769354076164,-2.384877933409555,-15.631751014316816
1.1987506754826394,1.0495151838531267,2.1042526049943504,-2.3848966477818543,-15.038359640878646
1.220629932621684,1.067995532807958,2.1590804980031164,-2.4013082110397335,-12.809419606893364
1.241263517986078,1.0985619688026842,2.213388064236294,-2.3847084024371683,-12.21531861718517
1.2544434505778213,1.1234193071280762,2.29478778934484,-2.4010866871376977,-12.809611284078983
1.257898839395573,1.1603709540943183,2.348741178392641,-2.401012585617915,-12.066893260894393
1.2379239374201805,1.1882497294023662,2.4030180674757653,-2.599092921739996,-12.06694681265344
1.1774691081098358,1.2365105682517301,2.4424977347539745,-2.6981084626862213,-11.620841300375258
1.0937853886175053,1.2958814517476047,2.4566131819423296,-2.4339390607081133,-10.283618306896493
1.0744281328382375,1.2638272467086344,2.536553526635956,-2.1697226442661153,-16.822242317880953
1.0472917625604525,1.2021554307987712,2.593492153552182,-2.169768825797225,-17.26820918914507
0.9591914875567725,1.1987131826963893,2.628742454408579,-2.1532729717478096,-16.0795234472859
0.7280406303679255,1.205578119360115,2.618824704554149,-2.3349938901940543,-16.227965316152876
0.6803918023128113,1.2017963585865794,2.559620083588939,-2.3349682997023504,-13.552353243105927
-1.2377298677518882,1.1612976423943246,2.5449152173786045,-2.5508087835129936,-12.661269642832659
-1.4616491733289068,1.0859865782289553,2.522250476295983,-2.7655303117867036,-12.659295713331266
-1.4660219352062487,1.032209704364943,2.51424397494761,-2.732417118715241,-14.886076963962427
-1.468783499762707,1.0382805069339458,2.531679818646688,-2.3526715702797634,-9.09054836798617
-1.3588718810830422,0.6376904780501593,2.61740252525429,-2.2699380671842038,-15.028310462069731
-1.2840754088855812,0.6027131985208122,2.6557177313096005,-2.253467340791992,-10.71887675140883
0.5210662925109935,0.5977896382243071,2.6229746852348708,-2.2688616349802384,-12.946599661209028
0.8208151465685112,-1.1933312336246737,2.5479380516804797,-2.267723365952233,-16.177523345143673
1.0287630972461907,-1.4385276731628345,2.430032043354786,-2.333617794105465,-14.538109748063176
1.2272648125755008,-1.4052454824498624,2.262069018012374,-2.3502422962807263,-8.001021395929875
1.4142548835155606,-1.3672033730307158,2.045313156941079,-2.3670296483228843,1.5446133629436614
1.5968434303888352,-1.3109950384835587,1.8400487302942548,-2.1857404941831247,8.37757373681656
1.7579044542857332,-1.2407047148306738,1.777201686258102,-2.3345311622373535,5.700206833763682
1.8299828447249995,-1.0963040847086025,1.7399290061048616,-2.3511769831331213,4.806279797965965
1.8536715836475155,-0.9303965492196583,1.7518296179732644,-2.3346933381077637,13.721209080019342
1.9143104633584402,-0.7863149493976016,1.7807367440358148,-2.3182224462714367,14.462620974939266
1.9741572115412827,-0.5880810357819379,1.9190059196959444,-2.30155562596554,15.799129442510168
1.993129490232421,-0.4010628974471058,2.073380034557699,-2.3178991171238046,18.026879763080412
1.9665314508738925,-0.21682813696183378,2.233521647681842,-2.218651369318279,7.030112116993147
1.8705289413534232,-0.043284904645142674,2.3706412581366063,-2.135956116073781,-1.4782282449187805
1.7223824437903588,0.0768355416525669,2.4437285681042713,-2.20198419179215,-1.7764235526159655
1.6125978537618453,0.21784513466251232,2.4475930084932074,-2.218533028761826,-9.802826250293787
1.4957313741420988,0.33156529786468003,2.3686454457659556,-2.235175689837833,-7.72407355296921
1.500283836831802,0.39142135133636735,2.2528247754405597,-2.3839408314546926,0.01951521170439637
1.5686811491311534,0.48195727516007936,2.131119117174128,-2.3841039903283914,2.859414754622286
1.6388020181360705,0.5509903639429075,2.0237208122878068,-2.3512652923319144,8.801356758596782
1.7366206263363226,0.5861433686324076,1.9553170270887557,-2.3349339980666666,10.285132643161145
1.8300618906956738,0.6582310354097881,1.9873561057300237,-2.3679689405112803,18.01084342128564
1.9053842613374656,0.7552576047707651,2.017917500536316,-2.3349882001152023,18.009246969264417
1.9665848897840073,0.8752860508716006,2.2791066493786545,-2.2850364226607858,3.0014037897987422
0.4567926496509923,0.9679309596780196,2.4019279394368964,-2.2363299397135314,-10.412049034215176
0.5277241794911988,1.0411916443449716,2.4290180179684016,-2.236211167308211,-17.991984822354706
0.526121993102928,1.1073299087480528,2.299109057375155,-2.2529049906073704,-12.79318009986836
0.479143396038489,1.1219717665321918,2.0658022181154974,-2.2698229805898604,-4.622806814785535
0.4459006498911443,1.1351115331198354,1.8005685771397415,-2.3859082005214245,2.5439295704782445
0.4114665048222017,1.1578619751656674,1.7262919745474679,-2.3695444562896815,13.687994822561246
0.4677984642399673,1.205075663218141,1.7680732475826095,-2.369511203286677,17.550678652782427
0.6435183610134758,1.2832723935321022,1.8726192479421497,-2.369337851778788,-0.004799695951567894
0.7712151278050856,1.3883925227547809,1.9752338257396862,-2.369121943499555,-11.912389740793834
0.8636172773141566,1.4452865921141724,2.034079318716956,-2.352441050889907,-14.439341111538928
0.9038579373039571,1.4827435293170097,2.0290651988826034,-2.3524173463365843,-13.548651876267265
0.8888522599930653,1.4994932060431045,2.020519984271072,-2.368940228942082,-0.007818651124109515
0.9293370787714402,1.4921409276936721,2.067775514641055,-2.3853593752235827,12.048216282768117
0.9920293374715151,1.5298755946181388,2.123698681499973,-2.385292238216593,17.991456094427118
1.115881971373412,1.6110548466224037,2.1937424244161035,-2.319151374544877,17.990410250985274
1.3305648909859777,1.6971621107266455,2.2754894512696895,-2.3024744825559225,-1.514722880504523
1.428317545237571,1.8174436945055437,2.3524048000030326,-2.384862044782416,-18.011106272391565
1.4513274919855244,1.9100326687936544,2.3888536586546145,-2.3846959337326203,-18.01172804464302
1.4522129480500485,1.9634750516585804,2.4381274544586824,-2.384524866859828,-18.01205190892491
1.4053558919829932,1.9699201088759524,2.490627522585438,-2.4339269542362554,-18.011989872114352
1.3584348296301214,1.9518299414325653,2.5214435951921326,-2.433833442549501,-18.012148966377126
1.3225305273696675,1.9089241157117804,2.557143090279841,-2.433736894327295,-18.012119764758747
1.2791855239460568,1.8489388564611522,2.580810390153885,-2.417180402179532,-18.012218732527614
1.2219072636977746,1.7989975698325693,2.598998192894348,-2.4171802092160224,-18.012668181393543
1.1617595563806544,1.7240742325009837,2.6256207454657297,-2.3841305578035574,-18.01240334717882
1.0607095681381489,1.651379018245621,2.6457307396598635,-2.3841526122019805,-18.012273721730978
1.0719622283882708,1.5865118847230333,2.6659674910128355,-2.3840951993289274,-18.01200883805423
0.7051806241075285,1.5321627333503756,2.6581037142939765,-2.384339976587771,-18.01238501899283
0.658537187222068,1.4805467994068386,2.6471140359145906,-2.3513494426309665,-18.012435619956833
0.6581261173838008,1.4038915715163935,2.670460450219159,-2.351279660897764,-18.011580543693224
0.6595324842596495,1.3138410560284846,2.664670292649535,-2.33474040985328,-18.01059268653468
0.6816352326003043,1.2138502249132959,2.659451224022984,-2.334685543430524,-18.009208180190313
0.7158264660246689,1.0378673800108489,2.6487368626570325,-2.3345861127712095,-18.006163560333963
0.7553644841998712,1.0113090649695127,2.616972418074412,-2.3346030464703253,-18.006380947284057
0.7856876744283471,0.6054374372551221,2.573583323841697,-2.350949008047994,-17.998628914281795
0.8208284025349015,0.547448091048312,2.515877725916865,-2.3344885416908676,-17.998305724083544
0.8532622905538305,0.534073693638697,2.4390100955772906,-2.334615386401985,-17.999218496067886
0.8567402972993493,0.5446439795133549,2.316723482102586,-2.3348693291598903,-18.0011675113955
0.8788528753548446,0.5836185942494437,2.1317661065568534,-2.335245527500049,-18.004265483119674
0.8825194095002611,0.6186736267085606,2.0345556791000647,-2.335458369831246,-18.00631232233811
0.879472461680738,0.6502704775486122,2.0064362620907925,-2.335537193208492,-18.00750403021761
0.835670286514441,0.674191214689211,2.005558861255712,-2.3355854161589527,-18.008250109387355
0.7999911726883376,0.6942709810252218,2.0379255220316845,-2.335560424061893,-18.008520268861357
0.7353490723540634,0.6913699904744947,2.0934863337102483,-2.3354961867650905,-18.00805758678774
0.6236869775265106,0.6903551160889355,2.1331817676512665,-2.335495725693311,-18.007839014610298
0.4639528265818184,0.6931372862977323,2.171953065872515,-2.335531290017784,-18.00774375275087
0.23712529552201345,0.6836188491210096,2.2087671627915166,-2.3356086677003,-18.007461839190995
-0.15978688656175516,0.6497052882097961,2.212612924355772,-2.335851639974615,-18.007182019461528
-0.8367815783402963,0.6013432156238895,2.240479990946959,-2.336227718611441,-18.006603750166562
-1.6698427484052476,0.5204717043379665,2.243373053853504,-2.320227538401947,-18.005755693754434
-1.7791059964001272,0.3981032679542158,2.2443809594480673,-2.3037245223432463,-18.003380722540154
-1.7137951130234195,0.39122955818060035,2.2413136928005915,-2.303690592341309,-18.003361798418776
-1.6748743673594322,-0.06468996126150395,2.1933433201745904,-2.2869888293567073,-17.994196946299397
-1.6748173393454786,-0.5254832061990509,2.14340898192853,-2.286824509022786,-17.98499647123564
-1.6759891210444027,-1.557657889794023,2.0702405334545952,-2.2863819700010386,-17.963876849841927
1.3315491648612385,-2.0021354137347904,1.9652583167657331,-2.2677867411639405,-17.95248618184929
1.5388008078430913,-1.9714248147851257,1.80915903650391,-2.251454788357198,-15.874167597290592
1.695332188746531,-1.9215660709357758,1.5735554752502354,-2.251850084934497,-9.933420244552712
1.8449356002592805,-1.917693124316351,1.2034762211666028,-2.021335612789442,18.03772193555947
2.1108364377363023,-1.9410042148580735,1.2451045282474624,-1.8561517600794564,18.03781605343696
2.3033610126959676,-1.8864692690586873,0.9925499826512363,-1.873214328695344,18.034590175953415
2.3669418042213985,-1.8043163478544841,1.3285698607124552,-1.9386258544375772,18.038129759289294
2.339110928751895,-1.2181605568160059,1.6172518436813808,-1.9878438472545032,18.032208176760268
2.2601552772845843,-0.9285169546248327,1.843591705859005,-1.987499839711661,18.031950186358646
2.112538733174822,-0.6378067723772032,2.0544406712033814,-2.0202954471215326,18.030969292851193
1.8663273727432552,-0.07682686595120586,2.23202762174527,-2.0368856451863264,0.33965981469462503
1.7667733878524152,0.9214021831717839,2.3901548210957393,-2.053589083828064,-17.547250670909623
-0.28935284243649184,0.989889255390725,2.4442073353852294,-2.054750340693639,-17.99430896032489
-0.27577504282356635,1.005107511456511,2.390507927788096,-2.054746513069561,-13.239083922486632
-0.28345650445012516,0.24337869466122874,2.2569009563685114,-2.087549269335562,0.18773531781056296
-0.254965509016875,0.27561314498745126,2.0983523563307562,-2.087872019103641,14.748433199072654
1.5760168438620146,0.34827772393123,2.0409972641829186,-2.0868699804468007,16.530905614861535
1.679720141471543,0.4556363514750481,2.1624074664455817,-2.086701993503547,9.545365591362968
0.169861627801833,0.59663152452996,2.2987950842621068,-2.1040851779481695,0.012745102021016816
0.3194856374687999,0.7744213070208907,2.4031565247844275,-2.087355730177384,0.010911788514984689
0.4620980549440571,0.9342458032939117,2.4682535364997937,-2.087222446715671,-1.1984484661148957
0.5707267783533623,1.0894717781887748,2.5181742143417223,-2.0706144106787976,-13.980995944405983
0.5912845387560335,1.1276839616386107,2.5068715947865092,-2.08708436691046,-13.981618736575372
0.617770869399087,1.0850278552654617,2.4393438042834017,-2.0706090476626793,-17.994459005471494
0.6043877574630572,1.0786510946635564,2.302351962673196,-2.087326105231463,-7.742171190938186
0.6117387762279209,1.069543802285248,2.078291052660594,-2.0877594040953538,0.00024218203595433024
0.646664962819375,1.1085203843949953,1.885500644443579,-2.0881651667925833,0.1640782390973881
0.6849482656453665,1.1418865373284057,1.848347752923088,-2.0882648191756044,-0.00524430225621693
0.7365393986925249,1.1802673421657826,1.856019337814599,-2.088272634179114,-0.024840085640087793
0.7973731176530678,1.2409025236022337,1.9054824119859712,-2.0716877562930804,-14.440843388484602
0.7763690454621626,1.3068854456388763,1.9613946552850834,-2.0881028620652726,-4.038884401126405
0.8044057641887231,1.3106698356711535,2.0359839832095417,-2.0879686031630422,-0.00819839738989231
0.7856534902059715,1.3764015194749957,2.116292409716438,-2.087875534191026,-0.008435161457739718
0.7600560336146986,1.4210974617959828,2.1980282643998112,-2.104290125290172,-0.008734515794451482
0.7618832054503675,1.48213976191958,2.2806709967674768,-2.1041724443805516,-14.293890957178455
0.6934472363723373,1.5423504401162722,2.3265603583891066,-2.0875911338865385,-18.009545373757426
0.5735394243380221,1.5053073813585138,2.3672708673307836,-2.1040460846917264,-12.807704513301328
0.4514534477923557,1.442873158344237,2.3819137397227044,-2.1040495333170828,-3.7416058820288134
0.473682438997555,1.3653726353127091,2.3889028924421645,-2.1040025057236904,-2.8487640588975944
0.5412874627734752,1.3121937609831733,2.404846366404964,-2.1204330670130296,-0.005933201454894765
0.6491124817142623,1.2356743483836934,2.419876663477103,-2.1368363243787676,-0.004485367735289715
0.7579478415858585,1.1846584676813146,2.4480974280022183,-2.1532147115346123,-7.303025494048319
0.8064668632425352,1.1270089892350716,2.4593753586654623,-2.153116672064468,-18.001193945343832
0.8281627850512429,1.0356764167335706,2.451289158444356,-2.1530233278163347,-17.999256471848394
0.8598513412216222,0.9931511868389042,2.3860278383669065,-2.169598825483102,-8.637136839977002
0.9339200420623879,0.9763544990135702,2.2833642726624923,-2.1862741437639466,-0.46481769421655855
1.0107711381184599,1.0252036377264386,2.185904271044045,-2.1699750240719204,-0.021371307132749057
1.090228375108877,1.0944441074490359,2.1211021596253277,-2.1866490518508708,-12.06113811561233
1.1089745457378422,1.174145301539161,2.08791033506503,-2.170218739922869,-18.007491435716926
1.1049783436847675,1.207849448030165,2.0804733844393724,-2.170230055787256,-17.56280736085905
1.094043522920622,1.2426526063641958,2.0741401032585536,-2.1702528765509803,-17.56396887108236
1.0775754428547057,1.2641949483277002,2.1294088707151593,-2.170147309810139,-17.564234038287147
1.0368941508951957,1.2610711607955336,2.1842337999211674,-2.1700510101094017,-17.118473475937385
0.9687017308494689,1.2478326834127815,2.245801172351988,-2.1699612090546476,-16.523922603396123
0.8673004693220429,1.2086542900654809,2.285520107049023,-2.169929808654371,-15.92910108838728
0.7177109002375514,1.1934095112600218,2.320925412397525,-2.169959744169861,-15.63207465969106
0.4296010161596722,1.1498739716912534,2.3437802834083286,-2.1700957613717105,-17.117960783472377
0.4261014233833456,1.0893674486268505,2.363254455902278,-2.170031054802264,-18.008693793707383
-1.434737517302361,0.9972560649871232,2.3616967380483174,-2.17124188562187,-18.009221177975995
-1.6506328577917229,0.8521631148237817,2.358421144355762,-2.1713178912951383,-13.845863619381772
-1.5704859072802542,0.6379923483583216,2.3559650888374364,-2.1711743344169374,-9.234943990372534
-1.509628997987584,0.2684819133475295,2.3273981749967367,-2.171021739049166,-6.2555178196631385
0.3927656018533598,0.26795906218893406,2.2878445294117,-2.1698605508785573,-5.659738963932076
0.9090938981421488,-1.5014271411722098,2.2398072056697527,-2.1686485101576003,-4.581764588898367
1.2144054760245175,-1.593540927401372,2.1451340544322663,-2.1686096583162406,0.04493229435485394
1.4602110372870807,-1.4865609782183222,2.039808474078236,-2.1687539753185923,0.04222110607837148
1.6178790819061781,-1.3831295566311481,1.9229649936999686,-2.168959466317699,1.8419598996985689
1.7297843881984836,-1.2822597704061924,1.7751922510889666,-2.1692562602094934,11.647303823900238
1.8655311727489772,-1.1445107251613769,1.7621924289474649,-2.1858370499553232,16.697991632135306
1.9296328901280004,-0.9388730684674222,1.9111994287918255,-2.1856633375832906,15.35939630538202
1.9249516285304829,-0.7421087267545198,2.0920350951698468,-2.201959140716081,13.575570308762732
1.837480795488779,-0.5532148962323217,2.239755998249047,-2.2018402111527724,8.670791274690778
1.7031095980709106,-0.3182687567115791,2.370401492372734,-2.2017813979025855,0.03087147789799703
1.4988452245851334,-0.08082482812812741,2.454677483566921,-2.185315348189506,-0.4358580461500747
1.3217968328713896,0.09097968477966911,2.5037037035017082,-2.2019032497661835,-4.89636621692875
1.275801412405224,0.18729477722334575,2.498731198302669,-2.1854127303429536,-9.9500836693294
1.21639110975797,0.2182802274019826,2.4771827470610495,-2.201947665546571,-16.489426689471312
1.145061513741315,0.21803015165230022,2.365674523945032,-2.202122983915014,-15.004565811003031
1.312525910550522,0.2425180984234252,2.172563268573254,-2.202344643911082,-8.766024615181164
1.490305698792471,0.2376100036241866,1.869403805490387,-2.235832951401516,-0.745013570622707
1.6725683732061658,0.240722193622473,1.4600940176826558,-2.236543229472738,0.011177465942291083
1.7900023429064973,0.2592046263966159,1.1459715134812085,-2.2371246098019117,1.8091040828713054
1.896100926375198,0.27469901796692126,1.1100561205528572,-2.2371877542870955,2.699466827560941
1.9910262069887743,0.31049583570535233,1.1229414088897065,-2.220658079663299,13.101385591609883
2.1270826078023317,0.39239818577493846,1.192043146418811,-2.23708637531118,18.003820860960843
2.2345787789743845,0.5458716332037188,1.3006944977557662,-2.2369651007428377,7.006046175477843
2.234689879253267,0.721449782795277,1.4227512447479127,-2.2203116577435433,18.001281484931873
2.284297522741325,0.8525476318989507,1.5487216828837531,-2.220172166068566,18.000236764064915
2.2806324566643403,1.0450312333564022,1.695854775896579,-2.220014569082262,14.87923588209298
0.6812964779357884,1.2004125571664113,1.8631487981492352,-2.2208482376393905,0.4623199521156547
0.8065412133144418,1.3496542289119842,2.015343727960026,-2.2204664401276166,-0.0022065592043898985
0.917093390780156,1.4511120851464971,2.0834910220573386,-2.220254756579565,-0.0028609431302222747
1.0004334134340584,1.558682462379739,2.1350427370978533,-2.220097005537285,-3.8858375499713524
1.0542790255987216,1.6388668021141242,2.154494884012059,-2.220002447033992,-7.156407721573001
1.09279634377503,1.6930004264728118,2.136449365724983,-2.21998177661858,-16.668913292996937
1.0938393364386947,1.739843700382195,2.110170553412365,-2.219970772716185,-18.00801687800618
1.0852205622911593,1.732646160914302,2.081395354433238,-2.2364818048894612,-18.00931828472521
1.0533376700340358,1.7241858747765506,2.1104890348333925,-2.2198816970314685,-18.00996402013383
1.0330980752998928,1.6856363457950587,2.148383694354024,-2.2197802957932207,-18.01033309791467
1.0215093847778571,1.6272051163560275,2.216179158651002,-2.2196218279576154,-18.01012274723876
0.9823486569166621,1.564887169548276,2.2714668023285034,-2.2195107781147296,-18.009919803132075
0.9095261497542955,1.5075719209823666,2.3059051970593587,-2.2194738696208045,-18.010040514952607
0.7927685689112405,1.4307309714653862,2.3286093615862136,-2.2194835890264595,-18.009820387669873
0.5824074349236831,1.358092420504386,2.35929327639609,-2.219545835383441,-18.009577848212146
0.449192280596639,1.2897583012220661,2.3744834852544208,-2.2195899298326927,-18.009390801674108
0.4313576031378115,1.1714962795136619,2.3716773570532848,-2.2195631557055013,-18.00809370301721
0.4595462100589644,1.0548565992796002,2.3694247142510547,-2.219503846272236,-18.006653699636473
0.5216786564575756,0.8763124826181643,2.3663477056910196,-2.219386647350574,-18.00375457355741
0.6018675615660682,0.6482913520796233,2.362154466734295,-2.219229656584272,-17.99968888039175
0.6563215891124032,0.48522638080971503,2.317628316854952,-2.2192040236744073,-17.997373201809175
0.7122414124394668,0.4316064958489241,2.266597886674074,-2.21924985922387,-17.997364382507552
0.7508244981313688,0.4229244186221264,2.187951180573668,-2.2193853669287615,-17.9985511371317
0.791254063489734,0.45769922378077765,2.0626189319853374,-2.219634601272231,-18.001101127665486
0.7976564634660019,0.5015154355789943,1.8885490421615523,-2.220006665591748,-18.00434989398911
0.8161142453404929,0.547992299495927,1.8187023682234158,-2.2201657600208478,-18.006447161478818
0.8167178895762525,0.5907317052437198,1.8150725875504243,-2.2202036011503643,-18.007712038505634
0.8045062999614954,0.6194201083097385,1.851628586878499,-2.220162415056805,-18.008211715229812
0.7544506510164135,0.6448310937062013,1.9103116257071784,-2.220100703884194,-18.008402534239035
0.693501585317281,0.6627522755339863,1.9800676482856243,-2.220019681428806,-18.008292647072945
0.5866094824922876,0.6539922851906028,2.046862702878709,-2.2199598484745358,-18.007666926380814
0.3897339878377452,0.6483854249651908,2.0856789040643724,-2.1869927393435034,-18.007481554279746
0.08750097927531014,0.6279640004137419,2.125651232866786,-2.170607638146227,-18.007204856826295
-0.3765981997555302,0.5588241673980259,2.1532193383320317,-2.1708386760493776,-18.006171938184526
-1.4413549759303488,0.4797460776497424,2.153116815738085,-2.1715073793338235,-18.005632750163674
-1.6466197840138572,0.3364507434836281,2.146641869675165,-2.1715648952231215,-18.002860914979724
-1.5670988660606604,0.09685728377391328,2.1326627318115667,-2.171391338518362,-17.997846415768635
-1.571607078282794,-0.3134212715992672,2.0792765827600315,-2.17125906648359,-13.23423954787268
-1.5533353671717192,-0.31733558434255094,2.0072837538338186,-2.1714028749125056,-1.940749936658807
-1.489581697491528,-1.801022214713818,1.933421609210028,-2.170734388895907,0.040277329551583335
1.605986168951174,-1.7590730729249386,1.877899926047594,-2.1688294726630044,3.9252642984925936
1.7611273932292422,-1.6349457476193312,1.8296666324278679,-2.168950653806191,15.960171795131028
1.919596187988669,-1.4878815585823533,1.89538831145475,-2.1688925285167797,18.03890921916401
1.939568165569928,-1.249530222503427,2.0621846810473685,-2.1687499316064747,18.03763240961183
1.8167444841036904,-0.8321805515683872,2.2261094202967593,-2.168790801148938,18.032409914671444
1.5790687724465569,-0.699537224250606,2.3768798095722934,-2.1687509426966005,18.03337360932494
1.1760305157469653,0.859089734062533,2.5061594438644574,-2.1861592436151756,18.00376589031057
-0.28864277108184044,1.3345916881680333,2.6251185392207095,-2.187162460213089,12.498097775712745
-0.20259505610044837,1.7322495871170724,2.7247619654119344,-2.187079823638828,-0.1755957596198944
-0.1921530526677031,2.0111606378275138,2.799287706505127,-2.1869818019826637,-13.404762859075817
-0.22246917089977236,2.0940932039471827,2.815211159835901,-2.186878532210448,-18.011805638830367
-0.25755160874024796,2.1003861445973566,2.7895831166848737,-2.1868288425125084,-18.011699072126714
-0.27291944994732603,1.787834268300504,2.7504265881968633,-2.186640202786221,-18.005609175875534
-0.29713942645453084,1.730608202236611,2.675305249264267,-2.1866988243442638,-18.006009109086442
-0.3288411127583725,0.4180677437712308,2.5882093334135305,-2.1861068245159196,-17.98035205519092
-0.3513992191908929,0.21883516991842616,2.4722426059732916,-2.186214066746935,-17.97889396475948
-0.39690481874333566,0.16469492153016269,2.3051916605631044,-2.1865373059275006,-17.981188613690247
-0.3969253096845939,0.12569108633769038,2.047979368272137,-2.1870294882886143,-17.984741685421863
1.36621545373532,0.0690803697829343,1.6100941720642992,-2.1866876780295246,-5.950718007049365
1.5577739269019437,0.0032448275840196716,1.108488182296197,-2.1875894398573577,0.006418092337936949
1.7412564012070932,0.0061851286875522216,1.0693013148837132,-2.187627868609095,15.479559690017163
1.9344604904828828,0.038696939425072574,1.1279703549827835,-2.187544893288814,18.004666908598125
2.081776333978477,0.20715292943347205,1.2390985337511582,-2.187429880928916,18.00305524938158
2.146007950639837,0.40518035499293736,1.3976409163549033,-2.1872719673020895,18.00148003053302
2.1797987086954755,0.6237263755798239,1.551040768670849,-2.2036385822864424,18.000058404600043
2.208740544189296,0.8451119608650622,1.7307904473482818,-2.21992743167826,17.999287176635864
0.7049825981409414,1.061955393002318,1.9016840047945696,-2.220729995568955,17.997128223224205
0.9134861844757648,1.2494541842435347,2.0740297623639767,-2.2533754437072475,17.99724373508093
1.100598729388435,1.4467011644073302,2.261243576604489,-2.236460597851134,17.254842209251024
1.2515676993123188,1.6085533428432317,2.4060984414434214,-2.252659481526486,-0.002616153557704988
1.2972700024756634,1.7859794942801348,2.524504351099691,-2.2358834833759023,-17.408741888875475
1.2688305152503163,1.8825574152649156,2.522311140584392,-2.219304698112944,-18.00444520811654
1.2584671959880755,1.9148764314076505,2.4067239299994254,-2.219455016474982,-18.006628872915723
1.2340322694300947,1.947448762508455,2.3179750667768437,-2.2195712887737002,-18.00875487961316
1.2131326910829883,1.9296325388500164,2.275276449562228,-2.2195895690468337,-18.0101173115541
1.1817378506577019,1.8819794213206236,2.271882480634974,-2.2195446228407847,-18.01080308180722
1.193651194247479,1.832513958169654,2.30077371278848,-2.219428617431055,-18.011227486794176
1.1814625043507752,1.7822876420269034,2.3379248847197007,-2.2193318244829525,-18.011623895491827
1.1578400953687984,1.7201398275802704,2.3770272099824834,-2.2192468416871947,-18.011722963386614
1.1275030590080513,1.661092569987577,2.413166122837394,-2.219183462232681,-18.011836781501216
1.0706731526012452,1.5830352488329087,2.4422796973815646,-2.219146130163904,-18.011526461854157
0.9282935051558735,1.5361641127815886,2.47740271672988,-2.219173812301545,-18.011759269178032
0.7010427463390397,1.4702588197818958,2.5017587249217956,-2.219268571098951,-17.268599704683055
0.47770564616972466,1.4116929390151811,2.5013665725076786,-2.21941517052341,-18.011825523329964
0.4259616452180408,1.3057223172486776,2.5189356132064207,-2.219376202608857,-18.01042739121227
0.4290458140369062,1.1715508668500205,2.5162456669717486,-2.219323413418159,-18.008543617353233
0.481672978795832,0.9930475916134613,2.5142726544761524,-2.219207674143854,-18.005503773648154
0.5482585088675366,0.9586185407235148,2.4868359628265555,-2.2192117420882522,-18.005709851593767
0.6043572797327614,0.4573866550177969,2.438811696706728,-2.218999143524057,-17.99614310865671
0.6403326881917809,0.3888857123841262,2.3711559543792493,-2.219080600149149,-17.847326676374035
0.6740283583953656,0.3697380064140847,2.270909031715634,-2.219254948615294,-17.69985271877353
0.678291712179615,0.4120593399267406,2.0900795402267494,-2.219641701553183,-11.75877509671972
0.7089510406426367,0.45608489429532173,1.8862832521915425,-2.22008428817423,-3.8860880452905207
0.7613154820104016,0.5100693931580015,1.8334063288734772,-2.220244325783421,-6.86007912832947
0.7598320670864069,0.5767179757193817,1.8410020553357442,-2.2202960003294216,-8.495749046044025
0.7313262089001027,0.6365808235894364,1.8748341174785415,-2.2203025182522778,-8.34784008659288
0.700517191805903,0.7008810571119564,1.9524735485356248,-2.220218137420537,-11.61723846094307
0.6265108510898488,0.7641503267312738,2.0209063031950256,-2.220157542025434,-16.669938891285256
0.4863712790444399,0.7881958730956196,2.074027273771965,-2.2201277617608746,-16.66951108672804
0.27292278953593785,0.7918724725839603,2.110012451033971,-2.220176751449363,-16.669203403656386
0.2565306977125301,0.7577022507443728,2.1300794304789847,-2.2201036075301324,-15.925044608829586
-0.7345386485139164,0.6962618740152157,2.1288411234918723,-2.22072426453575,-16.073443741812422
-1.6398165892875298,0.6027691921920142,2.1457886884062387,-2.2212359513940516,-15.923702666130373
-1.7283075481311354,0.5895691270106314,2.133541502246355,-2.221305712371179,-15.626645982309016
-1.6511983674905009,0.18821298226440822,2.1076577881862204,-2.221077770567273,-13.389400879111511
-1.6400010894957195,0.17631569078744552,2.068734036994819,-2.2211526297108444,-12.349554005579588
-1.626586717548688,0.17246598228229096,1.999368710668097,-2.221292498116856,0.002522894855756787
1.4944262536261181,-1.7205950353876083,1.9320315719486678,-2.218328700124083,6.899792979295378
1.5715650858391803,-1.6840384071615961,1.9009004553389133,-2.218435362310579,9.276998888887485
1.896920725553998,-1.556361042730893,1.9382502951601912,-2.218283624025467,11.950702982679847
1.9528892990148572,-1.3784952144056557,2.0257051364018634,-2.218234302639411,11.949073327100312
1.9925570954144296,-1.1579825922259959,2.1049063824429135,-2.2182119842764068,11.798320734172929
1.8178403016176556,-0.9083296363395119,2.189364218057773,-2.218322830365734,11.795532017391633
1.7081643554280581,-0.8053093375779017,2.2850407636287695,-2.2182692257534153,11.647564180232042
1.5451894946973073,-0.7052309044875957,2.3654265586405274,-2.21826696226786,11.648039513522047
1.54519135197374,0.5050301659835152,2.4456800965255225,-2.2187707915851282,11.624983367275881
1.541327042727302,0.871998454949158,2.513248449604764,-2.218822381142124,11.619601167849822
-0.39033307206938495,1.2155012797976048,2.5818257213008478,-2.2201564577716466,11.612632524471202
-0.3023341930902752,1.4970184274913598,2.64697970479762,-2.2200999589474852,9.231099565870922
-0.22762972620445743,1.7341563722896431,2.708513217981059,-2.220024682943793,2.986515060742937
-0.18059583732929063,1.9340981361882397,2.7588277855892187,-2.21994705475873,-0.0071090826700585955
-0.13488707235909703,2.096713344432433,2.8049815544464045,-2.219859527006661,-6.863694617916369
-0.11800442214646067,2.2112550061499805,2.835101542820249,-2.2197743769799114,-18.010954153150685
-0.14175802976669888,2.15508054666006,2.8097986988554977,-2.2197016396711926,-18.01009845974234
-0.14168191958337423,2.0919992331851893,2.7757710698543927,-2.2196618529679744,-18.010038750532438
-0.1508091119101021,2.02574741034685,2.7000310247147543,-2.219724361537401,-18.010468513798248
-0.17828582160442935,0.5824006595908073,2.668422094473782,-2.218961841950911,-17.98168176977777
-0.20017973304604048,0.405633362728264,2.5085119104526115,-2.2191784789695235,-17.981388681239398
-0.24782362686891274,0.34980405980285234,2.3469131285768503,-2.219497997740087,-17.983747825390687
-0.311624626285615,0.2993389228307106,2.0656310176235575,-2.220077866103719,-17.987509970128773
1.3680045909521539,0.24524232042770577,2.0503075369956356,-2.218963282824808,-17.986429325015564
1.526135023620407,0.16911267426019816,1.2014786354881222,-2.220508978863834,-15.32048014677827
1.6562078905407154,0.08618594809380292,1.1513357048019628,-2.220510290302791,5.967738325290424
1.8612586522147114,-0.0017812888779487612,1.2053567542258052,-2.220349379385899,18.005698113742966
2.0677607761254633,0.0897144374046059,1.3005407781527505,-2.2037047077818914,18.00486185419742
2.1940468780485562,0.26481234927766495,1.4045182687139692,-2.2036294644449486,18.00271463229308
2.2592569157612687,0.4740206225948058,1.5188567055561168,-2.203564868166389,18.000508929014646
2.3039188431789905,0.7028149841234925,1.629973474425701,-2.20349397462235,17.9986393227917
2.234462554575585,0.9210384603591575,1.7346895994082834,-2.2034811899775475,17.99707481901255
0.708470022407226,1.1478613848870425,1.8532912608573278,-2.204407324449366,17.994110321490805
0.9424379470223625,1.3510798014780272,1.9666249239951843,-2.204127940366004,17.993363293102227
1.1503750922301972,1.5382094255249763,2.0762475138450296,-2.2038543397837387,13.237885992125461
1.2976525920425759,1.7236824103957074,2.1870459786525043,-2.203589984384952,-8.645456626193322
1.325053260200035,1.8855992929265164,2.2540547287809405,-2.203382171048477,-16.671166507875032
1.3168864113690923,1.9662450603320718,2.2576947727000305,-2.2032878442202612,-18.009897080772348
1.2962926907944312,2.01553162646649,2.2552218963267885,-2.2032140758839884,-18.01087424085264
1.2626923142399045,2.022600125293568,2.291325495166635,-2.2030806677194272,-18.011393111965383
1.2203249569909054,1.995260542419353,2.3456187605232257,-2.2029273679674173,-18.011603242374242
1.1976190561653055,1.9433621209849565,2.3976669440403864,-2.202777118992631,-18.011620959656423
1.1794862977531362,1.8853656515462767,2.4358550186189527,-2.2026693565041295,-18.01179317070122
1.1304171188121341,1.8207353762268055,2.461479291922868,-2.202620317149485,-18.012013753409448
1.0626539520106042,1.7406650420678476,2.488116311433597,-2.2025848850928735,-18.011858027565722
0.9208359951786378,1.6728003776259348,2.517001896036306,-2.202608803316654,-18.011909446701626
0.9293355858235253,1.594819782446776,2.533290773281981,-2.202553643935347,-18.01160269747215
0.5623780546579045,1.5207735439597647,2.5292228817489466,-2.2027944269136253,-18.011842392183976
0.5629191373987599,1.4164201050253655,2.550145856773555,-2.202719702668734,-18.0106488359729
0.5706029979954019,1.2921999612679067,2.545609424116655,-2.2026769202807146,-18.009167971745953
0.6264941954613551,1.0935030832251396,2.538255901532705,-2.2025627649323924,-18.005958347116263
0.6938719479073518,1.0507474615370354,2.5128034174353555,-2.2025615972833834,-18.00613257090733
0.740107966287178,0.6253257733772675,2.4720355136918784,-2.2023873164315537,-17.99825381817695
0.7876643715032371,0.5656061793785447,2.407823901203378,-2.202461907847039,-17.998310479140752
0.8138305444650629,0.5401112141291334,2.314037118791294,-2.1861144693042687,-17.99935482256142
0.844684357388708,0.5644088154568738,2.1586589774314398,-2.1864288178758637,-18.00212800575559
0.8482547908579734,0.6091141961231177,1.983318733659719,-2.1702957022984353,-18.00547681042991
0.8506691017256853,0.6432987170240321,1.9315770814620956,-2.170423771640252,-18.00719180096404
0.8483644512535002,0.6762784216233644,1.9275014590053143,-2.170455760677306,-18.008288990503193
0.7948775347835648,0.6998929273883807,1.9662626432031034,-2.1704262434830737,-18.008656106574083
0.7210285529526744,0.7155706213236042,2.0283826502961495,-2.1703598445708168,-18.008600162400352
0.5972829876922037,0.7058121010383893,2.0884485529332553,-2.1703178945714465,-18.00805369009454
0.3710297598339584,0.6974343193464292,2.1274776702896885,-2.1373644906962297,-18.00785247270465
0.021057716146642258,0.6724357731380494,2.1703982739007284,-2.1044886878991282,-18.007514731289564
0.026702191915718543,0.5889839051799505,2.1744717615950515,-2.0879330169413093,-18.006057509617946
-1.6962150373817617,0.48094421581521374,2.1929973989058054,-2.088999076657011,-18.00550111331437
-1.744744790127626,0.29964578575298295,2.1812686082285406,-2.105449161867361,-18.001838944056047
-1.6918530193775423,-0.004099667766429338,2.134969584147024,-2.1053066396722233,-17.99571916243704
-1.7004298832947724,-0.006404746560790542,2.065585863831802,-2.10542680843339,-17.99638743815046
-1.7064517613729473,-1.8527490380532072,1.9704308741472072,-2.104570568944091,-14.837434764140081
1.3162158203360501,-1.9757795204001072,1.8194569917500496,-2.1027719637671085,-14.684911831851224
1.550402489893324,-1.8749768506001507,1.5922317450774564,-2.1031274687388977,0.04138726172143468
1.7773046435873572,-1.873862088955591,1.2102875265367634,-2.004735649590662,18.037181879159228
2.03621871671663,-1.8382882420039006,0.9889776616683079,-1.9721539817285292,18.03440605354346
2.1803368895755426,-1.7561005809015724,1.2414117472286905,-1.9882265380724096,18.036721372137787
2.20991688799176,-1.2965742937728884,1.5659170354976337,-2.0208927696366743,18.032367307440605
2.1785833106821104,-1.0392621771496806,1.8243495073480858,-2.0535628415430485,18.032484062402638
2.077512089937341,-0.7753911539026814,2.0381034432881227,-2.0698411543009336,18.03206818279989
1.8920829533053292,-0.3749377570065279,2.2164068913102533,-2.0698139297438956,18.02813137390819
1.5593094495771647,0.5289970335150034,2.3877626786507724,-2.0867051819530817,18.012990879867875
-0.13667786042134522,1.2301635330907594,2.5206705449178934,-2.10447478844706,-2.3958217186099806
-0.09815975987332881,1.7094071059721871,2.6206633593010924,-2.1043979764276957,-18.00618353884092
-0.12986944562995867,1.860288309392983,2.672480551428201,-2.1042544870104885,-18.00764954847601
-0.12518986223079737,1.7102031629669379,2.6436768814196485,-2.104114759376078,-18.00439354786118
-0.13269295926885377,1.6861584587534046,2.5787702602910567,-2.1041447023698128,-18.004702448593058
-0.14196090714332288,0.5945534010323853,2.4817845587933096,-2.1036676412153805,-17.98356468793821
-0.1769240896730468,0.43902452122711255,2.359121135353768,-2.103807273142531,-17.09134885205935
-0.19281277637058955,0.3941991287380813,2.171763076747384,-2.1041479321863528,-13.824630549770971
-0.18018488963465434,0.3646717620608462,1.8830115538453693,-2.104707929676798,-12.342687681240418
1.4601656594734638,0.3296784513628592,1.3765918842357971,-2.1046080430400567,1.659177289353946
1.7003035902309303,0.2909931301740709,1.2095467662210235,-2.104853368900163,18.003277667907724
1.9189225661184577,0.367178882913173,1.2828285994386621,-2.1047521971916345,18.001996480153736
2.0292950152362557,0.5282475303825728,1.4371520700808202,-2.1045726426199254,18.000686307676794
2.0919836897130777,0.7000599490149891,1.62706349597432,-2.104342914209897,17.55446584291559
0.6171520177700045,0.8878280252959114,1.8370729238905594,-2.105085810658737,-2.3981449200164304
0.7791907774877379,1.0884584652947886,2.0386529708048218,-2.104628496595259,-15.624236798055039
0.8798036601747947,1.2174706900400825,2.063803478121505,-2.1044797801538344,-11.464548420305034
0.9270378746612272,1.308206423731618,1.9762145637184017,-2.1046007890716383,-1.8072956835595482
0.9649444579482831,1.3840137088775197,1.9640626759233557,-2.1046169350133197,1.3491740417595568
0.9740244264054847,1.4548879143750721,1.9891527201828816,-2.1045905511938985,1.9423543198468722
1.0345179640173452,1.517553698115113,2.051468929844832,-2.0879493515565017,-1.3650564699584506
1.0763275217931825,1.5782476757065587,2.1272196050753283,-2.03826194449158,-18.0097904583857
1.0666227644027848,1.629805352876226,2.205698282667892,-2.0380772953526285,-18.010132861907156
1.028187324640706,1.6078980385586097,2.273109045854719,-2.0379150056360658,-17.26683013803824
0.9451462291658718,1.6123320555388336,2.3078016134879893,-2.037848727288216,-18.010040331582232
0.7613020840700064,1.5498753263565272,2.3296276310639135,-2.037849014180658,-18.009583988191466
0.49414749061020197,1.4824159340598704,2.3442408738730185,-2.0379325031303837,-18.009434573503224
0.3775205348781379,1.3639888633510786,2.347404061434518,-2.0379218469935036,-18.008210257086542
0.3731916737479499,1.1986623411952766,2.33229502190883,-2.0378580354053364,-18.006110205782505
0.46418362904712895,0.9642322156291036,2.3163633011118963,-2.0377023440743995,-18.002421940724986
0.5569985404014289,0.6658267779396083,2.271791114088985,-2.0375722513383208,-17.997619395365945
0.6291720887361075,0.5648934656494407,2.2057617107750707,-2.054124979725426,-9.526467359950688
0.7209526326101614,0.5466370564202837,2.0932785681219364,-2.0543275280987388,-8.785213447121285
0.8045313130391165,0.6123049910062933,1.928423346586515,-2.0546736269130688,-10.274824554687116
0.8446108454530796,0.6681902242999151,1.8050606483192422,-2.0549582932093347,-13.844456739166427
0.8440642712558104,0.7308671033278062,1.7744549537609329,-2.055068061011448,-18.007360287189048
0.8283594493766938,0.7835619128698025,1.7975455236310207,-2.0550558660073635,-18.00837051590807
0.7904259304293565,0.8153226688770996,1.8733298376026557,-2.0549456005283844,-18.008520228516865
0.717579199977386,0.8349715749724743,1.9562314792114188,-2.0548352479920986,-18.00833241968053
0.59551751411382,0.8171860883331938,2.016992154095326,-2.05478244324695,-18.007786491800253
0.37820579655302494,0.7976106836008989,2.0634640289807122,-2.054822630147947,-18.007492101967117
0.013083112794683716,0.7708903246367911,2.1002939074647955,-2.0549797343353964,-18.007310258346607
0.009200515366631912,0.6689968495587744,2.1228382062087494,-2.054881571705049,-16.519222127499003
-1.6298048237678802,0.5381603189270248,2.1214266700549143,-2.0559263962571768,-6.7103379884232295
-1.571325468166426,0.5221763356680997,2.125180287737048,-2.0559262369164104,-5.224270608814045
-1.4650791626565598,0.12230891261053212,2.1089430901678834,-2.0557037622756806,-5.512873818649314
-1.440907913537624,0.1369050853998595,2.086454499900706,-2.05577665146651,-9.822941984800739
-1.4404142433143485,0.16787213337097556,2.0327986237807703,-2.0559047000386466,-11.904181386875978
1.3143113986471233,-1.5831776236170676,1.9369059260330521,-2.0532466464312775,-12.161976876849717
1.537119204310548,-1.4917144342592288,1.7751816968419183,-2.0534575758446776,0.039256493160275206
1.761478135417265,-1.4202795218457664,1.7867249742965374,-2.0533711578985216,13.729177490879973
1.9668869173094383,-1.2683229013877422,1.523237756671611,-2.0539221829471352,18.033021925973546
2.046346590425009,-1.0813048300742465,1.7246143261014626,-2.053652899404546,18.032495761655564
2.029410770913927,-0.8859961380826462,1.9495101215541089,-2.053386864636612,18.032275605332778
2.0688334430870166,-0.6180024962129488,2.139848561822715,-2.0531717478196083,18.03062505819705
1.721453762797771,-0.4953101788976494,2.309476089252514,-2.053157386706356,18.0317344633335
1.7390434415724136,0.8305434670465897,2.4598495595321204,-2.053595303502205,18.00748545037015
-0.03380419712899507,1.4355945301418649,2.58530754210471,-2.054871128602805,17.99643638506167
0.09033307313633532,1.8609012006230992,2.700965803728394,-2.054776147288642,3.576413601290726
0.12319751636587684,2.18080447796884,2.7920787358354406,-2.0546567287442024,-18.01261861501282
0.10772448836522563,2.359164663584223,2.8417955503793317,-2.054497721002952,-18.014437647245302
0.16682765243149206,2.347441704670528,2.8429535765909337,-2.0543250880815256,-18.01399268687344
0.08180494094007901,2.280912546261079,2.8053027597583853,-2.0543110834534306,-18.013085810397786
0.06766281818004383,2.089523585306263,2.768139555611966,-2.0542125974115444,-18.010492582195088
0.06805455388400766,2.0002932492231422,2.700632947008093,-2.0542480414708897,-18.010793740684022
0.07416582129604063,0.7686313012738855,2.628807088311718,-2.0536693395696948,-17.987053363425623
0.06533536592066652,0.6137667963586513,2.5064848790815812,-2.0538252897716864,-17.986850792457115
0.02958113116167016,0.5670898597042404,2.3004012153152162,-2.0542393096906264,-17.98987061637014
-0.03880577850234854,0.5327876879420266,2.283837882525175,-2.054317882125721,-17.396593070817097
-0.12092648095492523,0.461614234058275,1.4675125235169144,-2.055968394388945,-16.365379958323036
-0.2930748374189551,0.3920946953606568,1.4001132351598575,-2.056210164378892,-9.530177657066611
-0.24991835777714416,0.3083367783168607,1.4289838293145347,-2.0726516391098144,-6.716574340322988e-05
1.762464860271376,0.25031063159739897,1.4951095537496608,-2.071218072655797,4.183050244499341
1.9305102460796304,0.26085719612135916,1.564556313142278,-1.9389621688463703,14.437514944288738
2.0930497546666222,0.3747747641833077,1.6745870254753912,-1.9058363588692688,14.732971852377657
2.1594093054776655,0.5953891827458019,1.7975592221091028,-1.9057779719212928,14.878882349161412
0.2725243112973399,0.8359532423203899,1.9182902268993292,-1.9400009990643416,8.484369699454465
0.40550314176100444,1.09386421938102,2.0133853724018866,-2.0058606055417703,-2.1061435093606105
0.6345650270185149,1.3287722012402352,2.110372763098688,-2.005522677645462,-17.11706103680237
0.777493904183465,1.464035895974515,2.1842596930874256,-2.005203833855146,-18.008979510857916
0.7126126757223537,1.471750378064094,2.2443362598755705,-2.0050425935851584,-18.008264523448503
0.46472742270554496,1.460685854538207,2.2655511960518018,-2.0050915302774786,-18.00796476013757
0.38651983477171087,1.3441813487392034,2.273774136535603,-2.005017586432651,-18.00613949833455
0.4180447166366831,1.1635991030733037,2.254199516382422,-2.004905897008467,-18.00347320912447
0.5172894507957487,0.8768182147970749,2.226552794671398,-2.004719305838115,-17.99872496499685
0.6052556499207169,0.7418706435034704,2.1610976972225853,-2.00471236091849,-17.99768983051278
0.6874320093948818,0.705088584154424,2.0504010307142764,-2.004862709062594,-17.999234572783767
0.7596181029634679,0.7343015394950014,1.9014942013172114,-2.0051381216258104,-18.002560713122598
0.8072953585220253,0.7693978587727582,1.7441038282694645,-2.005453299229376,-18.00605493442363
0.8427316007651091,0.8126873820967467,1.7218261918632765,-2.005516248403914,-18.008168018291148
0.8529569805361665,0.8340864630351301,1.7622545180356997,-2.0054600348179807,-18.009063120315176
0.8575584995442825,0.8493624066377419,1.8509929485623988,-2.005307745894689,-18.009213519960003
0.8145017842538977,0.8542054694998157,1.9386958921484223,-2.0051819847010823,-18.009113499744984
0.7419987879616179,0.8522407243952514,2.0130941792678407,-2.0050965010998243,-18.00896134123981
0.5973832008689794,0.8270743255631875,2.076001388143588,-2.0050673576852938,-18.00843850518959
0.3320268962571668,0.8043042215413845,2.120299532350948,-2.005156003855982,-18.0082240041576
0.33125673654167137,0.7375637316289763,2.1519090644520054,-2.005065135014245,-18.006884563023124
-1.382628191656585,0.6364529352964554,2.154799365835806,-2.0226778541291885,-18.00680983420071
-1.5644088488284558,0.6237850940041217,2.152771668481255,-2.0227985628425453,-18.006990985724215
-1.48670608630745,0.146969192963943,2.128241812960243,-2.022530487674809,-17.997287503932803
-1.4864428114141575,0.13414490116594419,2.0727315710001557,-2.0226427763901667,-17.99791195758145
0.8476756777472075,-1.6482497467284536,1.974679687018721,-2.0202703581105372,-15.581230776387148
1.2267354223193232,-1.6841713864565222,1.814400354697118,-2.0203320057701424,-8.151649107883328
1.5182921588437335,-1.6180615700928174,1.5413344508239843,-2.0372726533790577,18.0358560166095
1.8319272348940827,-1.5986296683638486,1.2335660311592418,-2.0708546956303726,18.03229919916041
2.0168178844600266,-1.320252311712123,1.33970364482134,-2.1037844853032364,18.02950269674232
2.068896003156897,-1.102407949643541,1.637643049646683,-2.136385270330963,18.029602013396612
2.030289706980184,-0.8555288270093923,1.8838605386282072,-2.136117129143475,18.029354929856236
1.9656995834499071,-0.6157033082059055,2.0996277200581916,-2.1359180408516907,18.028985242586426
1.7984593260408022,-0.2808165530565504,2.281662361561909,-2.152410598814122,18.02609742503511
1.815582223307441,-0.1415505447746328,2.4357380366427464,-2.152186021265987,18.027346332985395
0.02088188485753173,-0.012239944922494805,2.5689632081718825,-2.169715063449878,18.026628148382674
0.14930151993984309,1.5981085805725568,2.672594956437307,-2.1703119803726465,-10.57362080977421
0.11198388477218024,1.956091865790017,2.752542459976018,-2.1702195539197815,-17.711035473170494
0.07718983885939668,2.0362289129607647,2.7700102688301356,-2.1536113596918485,-17.860724118005617
0.08019122053167155,2.037281288389838,2.738969544826605,-2.153559434590643,-17.8606461923039
0.07030529679153286,1.991518300811777,2.681884529078359,-2.153567086622399,-17.860825653262005
0.056702487329488294,0.8990551382600784,2.5999001402545865,-2.15305922843376,-17.839632603224185
0.02876160597378541,0.6690521908111791,2.499500443509747,-2.1531054265047267,-16.945667911896383
0.019835320992138583,0.5757236636839814,2.3547646651849226,-2.153328714513446,-0.8971225179493484
0.06592500864875983,0.5394541035597618,2.149854965337763,-2.1702708235118267,-0.008787947437784353
0.07704063576677445,0.5752682951063826,1.9484953520079282,-2.170734184645703,-0.012446524171088583
0.11413689342277245,0.6037362009153944,1.7154823765535467,-2.171247176724855,-0.3137505077303466
0.15030546873446649,0.6540493520649584,1.6065760383851626,-2.155008414028736,-0.0008419851756816699
0.18385903196038356,0.7090248445170262,1.5924714698607003,-2.155095959266235,-0.002295348490246891
0.21054910159666973,0.7717654429944296,1.6133241352675798,-2.1551075803876802,-1.2104516290586766
0.2139350057632573,0.8430119696706438,1.6723734906157361,-2.1715524924648837,3.7302682377681737
0.21107226690281666,0.9155142620758443,1.7370516840539076,-2.171489389440947,17.995601907083774
0.2897308389394959,1.0374410393681965,1.8324234556196397,-2.1713922949474456,17.99452257262303
0.533031951787147,1.2269459941733398,1.9254218827668548,-2.171198297026575,15.764345670308765
0.8440142505023013,1.4009841031429504,2.030287858087302,-2.170910578413757,-11.915374263668957
0.9988459184287963,1.5836571329576308,2.1099247571419086,-2.1706357294613574,-17.41492351993797
1.0951987669223295,1.6450509559705202,2.1719790495333475,-2.17038913649237,-17.415256533533245
1.0942120876986987,1.697885523738066,2.23003964376732,-2.170214233404914,-17.563906823100645
1.000670323274273,1.6956069411298267,2.2828439997000256,-2.1701013148690587,-17.56380398697302
0.869316857055344,1.6401827536254168,2.3186905643644096,-2.1700377808295546,-17.563352032846375
0.6929159093055224,1.5846955743939835,2.338433789998267,-2.170054440452307,-17.56336856207226
0.46161078949380935,1.500540298561969,2.347752513945193,-2.1701298070671737,-17.563074794755874
0.37422446949933774,1.3885351004770334,2.3552388891433162,-2.170110327741424,-17.41348547690816
0.3786551216739412,1.2453692563624,2.3438635693153387,-2.1700598367274324,-17.560537377116308
0.4425245681420136,1.0800537716094507,2.3338936900224576,-2.1699597814420057,-17.409740940938228
0.5372068081824821,0.8409859769013299,2.322771026996672,-2.1698043132187026,-17.405889687434282
0.6241340082679916,0.6329273765810088,2.276831432960618,-2.1697406209536374,-17.402962093021284
0.6840718112348865,0.5604467043064909,2.216480237188136,-2.1697990627796706,-17.551608932763497
0.7379434884524403,0.531788670294679,2.128179159475953,-2.186450789736759,-17.404167043838452
0.781370046110895,0.5646811351276004,1.9977429484562055,-2.186708911443127,-17.555559684897684
0.7999632571801203,0.6117839195700621,1.8481623164333505,-2.1870295343232597,-17.410199933742824
0.8113919437039019,0.6375066134561862,1.7799184737095455,-2.187188230708762,-17.560734443640783
0.815031518901874,0.6725090229656532,1.78240728019967,-2.187215997353181,-17.4133758748745
0.8173878970033326,0.6967953734925896,1.8199851477330282,-2.1871688556678195,-17.562577852917702
0.77781468483975,0.7148299769924739,1.8952326589197503,-2.187068881361194,-17.41397410483069
0.7197799265156657,0.7254678572131319,1.9702565815836721,-2.1869766603405827,-17.562416578425644
0.6217713526714591,0.7152159178634063,2.0370036284645234,-2.186913006884266,-17.561866787033374
0.4606295216721682,0.7060161045578127,2.0745862988034993,-2.1869489668467743,-17.561698454885413
0.19051290803321974,0.6918842701484034,2.112128311866012,-2.187054495880836,-17.561491620374113
-0.21572468716373322,0.6400379321230127,2.1396908670345356,-2.1872495121051925,-17.56070287374539
-1.2209831992509215,0.5564338928689613,2.1433148247832476,-2.171365096265386,-17.560081704547727
-1.598432598344482,0.4240859169846827,2.148071327939164,-2.138519959682868,-17.40921867658374
-1.5357722662855462,0.22794406339598722,2.148974608802325,-2.0723326747725914,-17.405302802990267
-1.4706462446054291,-0.14276980019059476,2.11216270047668,-2.006126651426829,-16.20933919112209
-1.4539424342971106,-0.16487412662881934,2.04591073860864,-1.989742544466129,-2.98384426969574
-1.3874189957507936,-1.7633504966850462,1.9545740520814268,-1.9890265627606263,0.949967594279399
1.5999200070115631,-1.7161601365382793,1.8816658058527191,-1.9871899695940647,3.3297909206192458
1.7374521444491164,-1.606259503818136,1.825327839169276,-1.9872761509723693,3.3277729892249672
1.8094030735327147,-1.4383897271639676,1.7856706524052919,-1.987394954480103,4.068165950642108
1.8642820115935623,-1.2496212570961314,1.7358385894877943,-1.9875581456855458,1.9845545742699704
1.900230499007408,-1.0638749337765985,1.6827248341638545,-1.9877244941739471,4.508032828689638
1.9502566213355537,-0.8982383086515552,1.6187592237092983,-1.9879056007870293,7.47744464804239
2.001378880532367,-0.7096672545934827,1.59049462581958,-1.9880335557829172,14.905174892847073
2.0495057491767983,-0.5180314049618351,1.7032755584648824,-1.9879158486144037,18.02399747596868
2.0618062242980404,-0.31017827653674984,1.9325591616270759,-1.9875973371445879,18.02385356959765
1.9580612879629722,-0.08540681326604616,2.127567767884602,-1.987422909209437,3.9056105237865015
1.670139730378346,0.28379767433226255,2.289414586027455,-1.9874409869445104,-8.17313024727199
0.020342715230195152,0.7626327532659085,2.390242298785779,-2.005034780707936,-8.925464625501982
0.10045546545500816,0.6649246533596129,2.393255118844572,-2.0048289606200647,-4.761213970212387
0.1529143030951739,0.6513082610443744,2.3635062087260197,-2.0047877504447524,-3.27456098908247
0.20895660857198717,0.6659131867944301,2.3236067706738206,-2.00480306776264,-0.45161541324346305
0.2799774982308917,0.7089327287128906,2.278730388011884,-2.004860962080805,0.010872693889460511
0.35080065486640144,0.7800274825715283,2.2262632562349376,-1.9884435481884886,0.00866008554746952
0.4323492703432693,0.862543441460998,2.1642679652708234,-1.9885676114107407,0.005993259984028847
0.5070272084783984,0.9391323393248716,2.094830104560738,-1.9887067576011601,0.003484789159227187
0.5897453962681783,1.022511146755131,2.0088303597992234,-1.906310702815648,0.0007898979286406309
0.6717275067560008,1.0994308675470161,1.9074583040769222,-1.9065258869571051,-0.0022919693347092486
0.7587826409388748,1.1793826382133643,1.8644121772374946,-1.8900945189833749,-0.0045785469896032095
0.8369302459069499,1.2709961712849198,1.8583565822537016,-1.8900878410215298,-0.006402328307750961
0.9079491807786058,1.3593734670608242,1.9027984036165235,-1.889977540779191,-0.007626238969821183
0.993224858540467,1.4594718115014769,1.948565845825884,-1.9063696728041846,-7.457766564623624
1.036134824916007,1.5563469856091947,2.0198639621851493,-1.8896778311885318,-16.37522317148899
1.0559315293876408,1.608544857459854,2.1162245709213368,-1.889427465857437,-15.483788704251586
1.0212052822110853,1.6174982202723585,2.201936954049475,-1.905755706757562,-17.861525286862452
0.9047215650083368,1.6137376277371742,2.2485144488295896,-1.905684853777594,-16.82128102427415
0.6761351803710923,1.5473922060530387,2.2830702170853097,-1.9057081095417632,-14.740332681066654
0.386904308241735,1.4719735312105962,2.307343013268567,-1.9058125600314646,-14.739957324070792
0.34119139003774684,1.3250511798513303,2.299627400217456,-1.9057839232308458,-14.886749162571093
0.4081706003297675,1.0943337154524484,2.2897001393390717,-1.9056438480812108,-14.883068334377905
0.5182871428143352,0.7409662519362585,2.2580984357949383,-1.9054516713054612,-14.876847293091934
0.6049389887295502,0.6197616799946242,2.1793140358609717,-1.9054999315377492,-14.875992902858524
0.6794104899782516,0.6269194399981811,2.03784499860552,-1.9057515087691017,-14.729856543759004
0.7234588309722179,0.6721067081534978,1.8014482780500414,-1.9062309856421091,-14.585505708505439
0.732446021485739,0.725324355443987,1.6909541103449826,-1.9064888300108924,-10.27882808212247
0.7555887887761422,0.7669480842706449,1.6995830876133062,-1.906514391784212,-9.091367190775578
0.7306931057888023,0.8105723307502057,1.7964344483506531,-1.9063938563764737,-10.577643486552908
0.6558270222057105,0.82685717110752,1.8902828835809613,-1.9062859684192064,-15.629969221065592
0.4500172366827643,0.82654059614899,1.9558231578156837,-1.9062857098831372,-14.292027697428434
0.10790808582119538,0.8095065125496194,2.0110381961478065,-1.9064003987075253,-13.548625359169073
0.10766502632699354,0.7312934305778989,2.040355925867319,-1.9062985747984782,-10.57449873954994
-1.6010616709523873,0.6069592558169722,2.0447394187526085,-1.9073872246827261,-2.9946980474598814
-1.5772927598290067,0.37893453955452994,2.052149931633379,-1.907273047297718,2.843034924637601
-1.446531215079257,0.2682584812499334,2.0697002062317535,-1.9071442722592984,5.223675921847862
-1.400927021364208,0.29733691066013296,2.1304140460786125,-1.9070629458361046,4.481227921979642
-1.3717022756037152,0.3799923315942186,2.1839300073467314,-1.9070187414046875,0.0037778965146532794
-1.3702600808941794,0.4755132267613488,2.2498288365403285,-1.9069432961213368,1.0627242492400997
-1.3627620371127538,0.5292616494058937,2.290686149804343,-1.9068920766455142,0.003865783265350027
-0.9225984615134281,0.5911948432589704,2.3419776901407787,-1.8900037334030384,6.265211150566508
-0.7975453360428318,0.6336888469017601,2.3810120477350347,-1.8898877231733604,0.0051243706313354
-0.7220475684155965,0.6968017983940697,2.430840163655014,-1.8897442924330172,-2.9848074691259687
-0.6452958694493725,0.7276179017613807,2.4586502368781336,-1.8896183262124493,-12.198156979495222
-0.6040956536031591,0.7617995398205232,2.4508870143975607,-1.8895443069852118,-13.089676867986459
-0.5730046965504234,-0.15377730589336314,2.397519867608825,-1.8890537011390427,-12.773439299299621
-0.6026987026296224,-0.2322473552241342,2.278092831510481,-1.8892152875265074,-9.949496454413064
1.1462722072736458,-0.18151365774275674,2.0762370590487635,-1.8884406648647776,0.6370029540013813
1.3981513453418684,-0.13454768081877638,2.0724407006236336,-1.8883411013892406,8.363272964417618
1.5860454234623722,-0.03323815525453744,2.0814443946427836,-1.888314148348731,5.537658410627584
1.6754662564396485,0.0958603736361413,2.094442924475567,-1.8883360876217776,6.129796024105208
1.721896048324492,0.23068535740482932,1.6333716355792798,-1.8893268698586263,2.852733576467842
1.7481670460002672,0.3919383010402805,1.622315220799863,-1.889429133125681,1.2152995913736178
1.7570508439626544,0.5322086283856662,1.603636261608983,-1.8895378127785618,1.5099665789835182
1.7584065917531917,0.6870219106460707,1.6104257900009689,-1.8896058347387183,1.507394235673206
0.2880711913557771,0.8292974709795624,1.6189794618833986,-1.8906508642748105,1.503571399924059
0.44992593580807133,0.9648034028053947,1.6756023045613686,-1.8904948312511567,1.5019509847074857
0.5842732485401432,1.099530415326793,1.7330636763990785,-1.8903547523445672,-0.004709053600340845
0.7252065417471424,1.2142252054293567,1.7967030395902626,-1.8901805902362872,-6.711646393116387
0.8375511123794986,1.3306659925577122,1.850017948999133,-1.8900194795810814,-5.672825048445613
0.9419350440906057,1.4276874554912282,1.8981366121925207,-1.8898847352695136,-5.377194740229862
1.0283572130752,1.5189787728344823,1.9763046660833974,-1.8897017906072946,-7.012903917905705
1.114350920971369,1.5985107309843771,2.067428054473872,-1.889487782594471,-7.013775564347355
1.2119741914995568,1.682885857843504,2.1736688485718325,-1.8892481612182115,-18.011826407672572
1.254695646340256,1.7381698267803614,2.2691281718102028,-1.8890019673872895,-18.012145457128753
1.2465393676987397,1.7307625058954856,2.343326898365313,-1.8888268567735769,-18.012245611097352
1.1898005565687209,1.7270028929730477,2.388941205699302,-1.888746412246999,-18.012515648401934
1.1726459887886673,1.6889526381915974,2.420701037331825,-1.8886611218186045,-18.012530920474852
1.1614937785694857,1.6235625633279547,2.452423700243118,-1.872053561683445,-18.012036626829016
0.5321884102629929,1.552706524800557,2.4717029907593013,-1.8889210527849172,-17.715046773065133
0.5120577256664821,1.4063935280915867,2.4594718543943515,-1.8888841114289192,-16.97020222123894
0.5598138217918174,1.1540364716843743,2.449925871747926,-1.8887404870411901,-16.965936437299433
0.6491308932662837,0.7566731919301607,2.4022332592138422,-1.888568865196651,-16.95892270317949
0.7185328481739488,0.649963252319644,2.316003804718584,-1.8886517164465402,-16.958437198817286
0.7699632125428463,0.6347609433524917,2.1582419093619514,-1.8889382982678409,-16.81196750604123
0.8012917072393566,0.6776970963712475,1.9084168380717301,-1.8894513699572706,-16.816272789343813
0.8043450946924025,0.7276364782732605,1.831114965554069,-1.8896449371312303,-14.738236294138199
0.7939225000610682,0.7507498308317859,1.8328200031538078,-1.889684786758532,-12.658741684229089
0.7249005594760528,0.7729956004265819,1.9242896339118585,-1.8895902229205759,-0.008578181375974134
0.65809575624286,0.7960661198755058,2.0180360441271463,-1.8895448578133147,0.9019823102577508
0.5461224155162323,0.8824687545977108,2.1028984857340998,-1.8895554579128049,0.9014575646851328
0.4879533681207546,0.9622741424886057,2.1899645035878317,-1.8895149725981673,0.9010378998068971
0.41033032318430795,1.0671905788649463,2.2726980568507824,-1.8894934946672926,-9.390711143912002
0.38009135591137744,1.1750831379329656,2.3355332311580703,-1.8894183232076236,-18.010435670096875
0.3198195755675484,1.2073990248310769,2.3837130390479553,-1.8728082309035288,-18.009909162181977
-1.4879478155695187,1.133186801934894,2.3757489667984264,-1.890466765379643,-16.37521390480032
-1.5665154572162128,0.9540845683433938,2.3671643133313243,-1.8903924241974621,-15.182461993846022
-1.5422491875204642,0.9422760505094641,2.3231535328788855,-1.8904238221828549,-0.006330192985307628
0.3314676424807036,0.917067285603726,2.261571522848622,-1.889321961254382,0.16230825728400597
0.3687239732183694,-1.3947665439420847,2.1986031289390335,-1.888152552797597,0.0625605338818841
1.1631849407781156,-1.3308246707215938,2.1368151920978935,-1.8878125323427817,0.042447920386704883
1.3304099001513798,-1.2114202540212868,2.0294929472601293,-1.888005458000648,0.03942680154459123
1.4746578586424066,-1.076952469204207,1.881929570038651,-1.5910750525762476,0.03580044104255445
1.6261645119306634,-1.0073582227620943,1.6662930238289357,-1.393391934069957,0.0315305632810271
1.7930329613576939,-0.9530574811348588,1.2931500350014264,-1.4766985463846558,-8.314722702904984
1.8455945083793628,0.7647760379844937,1.2538917737252222,-1.5105986131897866,-18.009638929555262
1.8391318370967857,1.2734500445221817,0.23206203903892741,-1.5787055335997369,-16.395177072542616
1.871790303818787,1.651494466710871,0.2517859226865109,-1.72726750537512,17.96319568636216
2.0906632320347,1.8967314058956841,0.22271959124575913,-1.743810167022532,17.958393123987957
2.236311635426717,2.031781123827659,2.3892852813563117,-2.996545087399693,-0.01893975466125732
2.052480425376063,2.2780714842425516,2.3770524556762673,-2.9964707964598447,-0.018540302823234718
1.9421944979271166,2.4334027863310417,2.4361663205457162,-2.996447724947158,-0.018425689523877527
2.0118521758305667,2.4302937617370333,2.6110301748397027,-2.996447050595064,-0.018424677501581457
2.128677379002313,2.4606480909089505,2.8011977097526435,-2.9964450275387815,-0.018421641434693256
2.262724645616432,2.4848093384233723,2.9545104085608935,-2.9964450275387815,-0.018421641434693256
2.3879427717055908,2.5048589354390702,3.0597716541164615,-2.9964423831852836,-0.01840967391128517
2.4891216725201373,2.5225061482464346,3.121923180851379,-2.9964417088331894,-0.0184086618889891
2.56071080014802,2.5377835039552656,3.153771583566726,-2.9964430044925474,-0.018418605382885332
2.602862351777481,2.551033480885975,3.168251556363437,-2.9964449744452897,-0.018429560572583326
2.6214911326792594,2.562531436574382,3.1739948961413393,-2.9964469443980324,-0.01844051576228132
2.62408564920893,2.5725057578989197,3.1772137296620504,-2.996446270045938,-0.01843950373998525
2.615115824428044,2.5811569839803234,3.179520996978251,-2.996446270045938,-0.01843950373998525
2.6010766955416513,2.5886600506448056,3.1829065970673063,-2.9964443000931955,-0.018428548550287256
2.5860540110822448,2.5951667663358893,3.1855256753623844,-2.9964443000931955,-0.018428548550287256
2.572670580760243,2.6008094759508102,3.189210547318248,-2.9964423301404532,-0.018417593360589263
2.56227245828485,2.6057026792772735,3.1917458247884856,-2.9964423301404532,-0.018417593360589263
2.5552310722406966,2.609946110846749,3.193980123411408,-2.9964423301404532,-0.018417593360589263
2.5512718730880026,2.61362635729024,3.1958480032508594,-2.9964423301404532,-0.018417593360589263
2.549770042580957,2.6168179785213805,3.1973517454967584,-2.9964423301404532,-0.018417593360589263
2.5499810628896444,2.6195860163619806,3.1985329691557114,-2.9964423301404532,-0.018417593360589263
2.551198778591967,2.621986790132254,3.199448733612099,-2.9964423301404532,-0.018417593360589263
2.552845358332096,2.6240691176120534,3.2001560298218528,-2.9964423301404532,-0.018417593360589263
2.5545067492497004,2.6258753136596984,3.2007039993289492,-2.9964423301404532,-0.018417593360589263
2.5559297874383513,2.627442051980185,3.201131532258496,-2.9964423301404532,-0.018417593360589263
2.556996504185713,2.628801118120956,3.2014678634761955,-2.9964423301404532,-0.018417593360589263
2.5576884324859908,2.629980062911106,3.2017344064877644,-2.9964423301404532,-0.018417593360589263
2.5580501644409073,2.631002769528815,3.1999468002634357,-2.996446270045938,-0.01843950373998525
2.5581573380562572,2.6318906465880993,3.202116222248927,-2.9964423301404532,-0.018417593360589263
2.558095132861739,2.6326598976913598,3.2012523106540147,-2.9964443000931955,-0.018428548550287256
2.55793926567842,2.633327263693741,3.200361205665572,-2.996446270045938,-0.01843950373998525
2.557749157556364,2.633907048733107,3.201447926040214,-2.9964443000931955,-0.018428548550287256
2.5575674037072025,2.6344090962315487,3.202517443824872,-2.9964423301404532,-0.018417593360589263
2.557417934285048,2.6348441582051767,3.2005731435511438,-2.996446270045938,-0.01843950373998525
2.5573092921190144,2.6352226933559635,3.202616941844628,-2.9964423301404532,-0.018417593360589263
2.5572423433565916,2.635550278829273,3.200652064195948,-2.996446270045938,-0.01843950373998525
2.557210189482661,2.6358347918167935,3.2016797582381544,-2.9964443000931955,-0.018428548550287256
2.5572039731845457,2.636081635939324,3.2027018854184037,-2.9964423301404532,-0.018417593360589263
2.5572150762720187,2.63629485971891,3.2017198180202318,-2.9964443000931955,-0.018428548550287256
2.557234184969065,2.635480681956528,3.202733736952452,-2.996441767974593,-0.01839633429093218
2.5582558224215184,2.6356414875940715,3.202744870602311,-2.996441093622499,-0.018395322268636112
2.557275801805125,2.6357807518129124,3.201753744867749,-2.996443737927336,-0.018407289480630175
2.557291064501281,2.6369024601638142,3.2007603896047416,-2.996446270045938,-0.01843950373998525
2.557301053191034,2.6370083719364192,3.20176547706471,-2.9964443000931955,-0.018428548550287256
2.557307202024444,2.6360992961243848,3.2017700604690926,-2.996443737927336,-0.018407289480630175
2.558310246701956,2.6361779581869795,3.2027740284127653,-2.996441093622499,-0.018395322268636112
2.557310884011242,2.6362461292758317,3.201777314671717,-2.996443737927336,-0.018407289480630175
2.557309427702279,2.6363058767852623,3.202779444966292,-2.996441767974593,-0.01839633429093218
2.557307166106809,2.641357560787334,3.202781094329409,-2.9964445787955163,-0.0185026293224334
2.5573041349039163,2.6674026054645275,3.378782170586419,-2.9961124789003883,-0.01712722550271998
2.5623446628994584,2.6673825324797176,3.378805706550765,-2.996109107149966,-0.017122165406319917
2.5633776332161444,2.667384228315192,3.3798050165866362,-2.9961064628157743,-0.017110198031078702
2.563366742235183,2.690431163624103,3.3807695663283512,-2.996117422627514,-0.017588200488285955
2.56133927304011,2.69046382330657,3.381725656079162,-2.99611680137896,-0.0175792693431801
2.5593061507578683,2.6924909952047944,3.382689159219887,-2.9961173044185334,-0.01761285600066888
2.522275801579364,2.6925138492599423,3.381664608435511,-2.996144225377874,-0.017661256103167138
2.481247672637279,2.6925379110193433,3.3816484162466756,-2.9961718737634935,-0.01770274894190452
2.3732241385557504,2.691561861489987,3.381639408357711,-2.9962441414730794,-0.017790788054018573
2.2392032660192207,2.689589977916263,3.3816345824087253,-2.9963333801452974,-0.017883880789324565
2.2391841509503196,2.687623430369934,3.3816347139915894,-2.996332255813577,-0.017841362650010403
2.2481826451565556,2.688638527278308,3.3816499167818233,-2.9963267488206378,-0.017853513534083158
2.2481992441341045,2.686640938353305,3.381674811096466,-2.9963256244931062,-0.017810995553161086
2.248221549868449,2.683646493883782,3.3816976736320514,-2.9963239379955264,-0.017747218344189842
2.2482442099003666,0.5996520934867893,2.4387141570180986,-2.9970100760408536,0.01622571561574883
1.990344997141848,0.5997713815839787,2.430706636295497,-2.9971998183761897,0.01587697158269224
1.9893750120000957,0.599991914979279,2.430747252610211,-2.9972004927182354,0.015875959575476446
1.9904530064797725,0.5990507967121028,2.4358733783869724,-2.997189406371082,0.015953005669906983
1.9925736191571546,0.6011645696653657,2.4310325385313405,-2.997199031816074,0.015857738111387645
1.9906933063798062,0.6003028834742511,2.4311754947137354,-2.9971998183761897,0.01587697158269224
1.989795659830524,0.6004444758908365,2.431285463665172,-2.9972004927182354,0.015875959575476446
1.9898733195336051,0.6005813708500745,2.435363030675501,-2.9971926129072655,0.015919780334268423
1.988925182537907,0.6007092962996811,2.439415320669116,-2.997185407243696,0.015962590331500694
1.9889541564382975,0.6008265593058839,2.4344493206118294,-2.997195257124828,0.015907813730022126
1.9889620368065168,0.6009364813110978,2.4314697253012887,-2.598812542909191,0.01587494750793955
2.0332251363203335,0.5305758032592991,2.464385508951006,-1.8557534230749666,0.015951634488814103
2.1521279742125996,0.38262806898511736,2.5035433978602857,-1.9548505840301467,0.01534412270981981
2.1944818205287095,0.4030240134547851,2.440535134680681,-2.1365245296092783,0.013972950651504069
2.106543590069174,0.5716252704498427,2.266540285561259,-2.1366211672553685,0.011818982412727821
2.0247649569121338,0.6783154870939934,2.106500272582621,-2.3183420076325993,0.009626244638709995
1.9124063587898061,0.8001119013290017,1.975530998560855,-2.6982500571301626,0.007127571089214635
1.7791344516898355,0.9882591500866327,1.8813828977043214,-2.714877215303578,0.0046201853269993605
0.35342829207199483,1.0983615777993163,1.8338674895358302,-2.715932474577875,0.0010201829538189432
0.4269182892342042,1.142619226083079,1.8703468305620325,-2.1710684815528096,-0.9105042392160546
0.5725885926073283,1.0919214340786916,1.964997480391963,-2.072013030231083,-0.0016990435879639591
0.7415435828820706,1.0459041248429761,2.0233409789308894,-2.038977949881915,-0.002433651574530254
0.8431813777150493,1.1148518077468692,2.002453736380258,-1.890368186141233,-1.3594408055611158
0.9217194682539651,1.1587624819942373,1.9664565072783018,-1.8573093952908344,-9.682790484352148
0.9519654126826091,1.2159755986761605,1.9109486172703904,-1.8902892055719636,-12.061950755762819
0.9343411549796827,1.2734694968215359,1.8539161520355256,-1.9067437387442838,-12.211804504077246
0.8855787277664453,1.3267402631030072,1.8614585357878775,-2.1377684848125083,-7.456955996763231
0.8118624248048197,1.4028702786771117,1.9167762044905072,-2.3852550883486483,-0.3240519289342352
0.7584665461641369,1.500926658180183,1.9864003742040997,-1.856691595660742,-13.550488187226069
0.7312350271732767,1.4757853382117563,2.1219006347017846,-1.773994451545907,-14.73984349979772
0.7772727063506562,1.3766217698130334,2.2534747107079434,-1.7573295149280581,-13.699565827172973
0.7047404778495122,1.3806737107807279,2.2958955412270052,-1.7572927053183276,-12.510680277565653
0.5884807850207265,1.3408675094480762,2.301891825811481,-2.0214644132427777,-10.281102483133582
0.5471160454071038,1.3228101712734621,2.27850713792948,-2.07090716786992,-7.90240336697143
0.5712326952880877,1.2522372397183457,2.243445037562953,-2.0708191375881664,-18.00616666760744
0.6176791598771288,1.0695844274397714,2.244759422533413,-2.0211233748226314,-18.00279229590926
0.7064516132289153,0.8664035957335636,2.2598074259036425,-1.938422997819448,-17.99978920222524
0.8115008031538036,0.8108430025512428,2.198781591228098,-1.8559661739283948,-18.000567931444348
0.9050053686063559,0.804657307959284,2.0722514133534746,-1.8562225861910728,-18.00327351281169
0.9657426400300975,0.8574363047680909,1.9211388932613975,-1.6583757641811252,-18.00693639302868
1.0182173994570067,0.8648449120252708,1.873586197772643,-1.7575386078578121,-18.009017706518456
1.0204491700570337,0.8932738999410328,1.8975874313490495,-1.7244338835923863,-18.009907235785235
0.9988383007048276,0.9377284617635412,1.9585638243702148,-1.740778661135375,-18.01022040240115
0.9391923246588042,0.9521227981078263,2.0278131272993614,-1.7571450675056741,-18.010288389969077
0.8189712303280055,0.9541086783962194,2.08272181420893,-1.8891650124962638,-16.226782106173786
0.5519886288999263,0.9520188391432036,2.115300660895174,-2.103881791710786,-10.876561894772777
0.5343598597194352,0.9667213581180524,2.1508795196327917,-2.0542438607147124,-14.29371565353386
-1.5831831714407258,0.8846455577932584,2.1801207653452455,-2.0556061308103875,-14.888347739251486
-1.6629632698497043,0.6916603133569574,2.2264931416259914,-1.890460847420198,-18.005753954872826
-1.5733300549889593,0.6656099300244495,2.2508927069182443,-1.8574514600498093,-18.005984144077054
-1.5309105685276532,0.6320613304396971,2.2295714009571914,-1.890572180882192,-14.737120358936476
0.7298755543274178,-1.6804212754465602,2.1274122621326437,-1.987034127760936,-3.243813950039064
1.1564325145510383,-1.6584242302963603,1.951559004825039,-2.0366418540908087,6.748715353678479
1.4668279383874407,-1.525125636108863,1.8098047147975955,-2.069840732925713,15.810667232902299
1.6354749267632633,-1.352451395040642,1.8772881994295103,-2.0862934095827557,18.037272064625366
1.6743725732164356,-1.1419327524927916,2.0748675199919338,-2.102608056851084,9.26901463303966
1.5352361250120483,-0.8303712595352597,2.262691761279147,-2.1025567062148833,-0.4306211533724844
1.2949830755792966,-0.728650738576495,2.3929035858300516,-2.152061415357102,-11.426925781458639
1.2306891942554297,-0.4225689304831752,2.404748483754399,-2.069629283124753,-6.824584593437696
1.2172967751362302,-0.3993003897362551,2.357306957352635,-2.0697452379554213,-6.527811653385179
1.2924324477597415,-0.3200759614257984,2.2830104099369217,-2.069872274714451,-6.2323221671469335
1.4038227777241798,-0.23648932037125991,2.1546351566904884,-2.070061765826776,0.02489937769742831
1.5257617794341862,-0.1669281824879409,2.0182463691755714,-2.0702794916738534,-1.4821987923771214
1.614111446702572,-0.08269336617388207,1.8252310823191897,-2.120160133795791,-0.7424928656635174
1.698673976908926,-0.006474703457342579,1.8187385417596746,-2.4008420836122113,3.454471897027942
1.7607769580171269,0.13066859750464355,1.2640938258356091,-2.368869442889929,6.567997275414155
1.824570028110979,0.22977211893080574,1.1330171641996336,-2.369159277267567,12.806914670086856
1.9320327509441664,0.3219804271010884,1.232342670417165,-2.3690889108919677,14.589109220597283
2.0029299659904423,0.4547822860679285,1.3792719377124627,-2.3689601942810636,13.548175553290193
2.0569100343580833,0.5640860871083886,1.521475340653493,-2.1376400673064966,4.780185099732072
2.085464428763646,0.6395573256478806,1.6567881306971857,-1.757718097152344,0.02460503134952207
2.1200107395467422,0.6436058067499916,1.7711494520360884,-1.7245808904390867,-0.012852228413089972
2.142149353096531,0.7324242946774804,1.7956131891443834,-1.7245330454316348,0.004096022340674692
2.0700613840051147,0.8960914633283197,1.7277048899710588,-1.7411165644188067,0.16898536275563744
0.47154309060220534,1.0468893309111829,1.7064660587820644,-1.7586058355227308,-0.002271799452850952
0.5908968586680177,1.1890067112568312,1.716811588199482,-1.758384414703504,-10.276412340808477
0.6545319701042848,1.3300551071911357,1.7300624827312168,-1.8242531797628945,-18.006207483000175
0.6956410695993317,1.4094703773158848,1.7307032911466873,-1.9066612954017341,-18.00780830446391
0.6245805732068036,1.4508137201559295,1.8156713963799247,-1.9064415823094836,-16.07611750438429
0.4805968778806846,1.4218461833026081,1.921277844783922,-2.0713993651970126,-9.982523655229235
0.24109325516476154,1.368444926256715,1.9761591133985388,-2.187010870730213,-8.050077705800744
0.14116484865123508,1.2990673776426693,2.0298200560445863,-2.219975607433229,-11.31803202813016
0.20417139659170497,1.1718176827326352,2.0721327527672413,-2.170319880193668,-16.220146711692912
0.33004312853035733,0.9769288113384801,2.1096154559241254,-2.0545911416321165,-14.731186116099348
0.4934369626879172,0.7429718043838965,2.1450926612549637,-2.054446646472385,-14.57931833336826
0.62290198134821,0.6287258030454861,2.1200077728165594,-1.9883960735859811,-13.835347622826196
0.7115592695888684,0.5749450469989315,2.0754113922959765,-1.9223986211816741,-13.092710918720275
0.7867573274661139,0.5467374666058153,1.9987600822789249,-1.9225171289484513,-12.796817879118052
0.8329205002462297,0.5930115403661584,1.8690712410319008,-1.8567030992645608,-12.65114014809391
0.8707268065164148,0.6538430449822951,1.7027195062879086,-1.9725990703934646,-13.249195301080011
0.8716499244199093,0.7349575678955895,1.6173606587668266,-1.8736642357949433,-13.251692109809113
0.8581401147886951,0.7955522534117719,1.633859340877608,-1.9561996889360285,-11.915623711049347
0.8448238944107835,0.847290986064025,1.7446297617091622,-1.9725107465634317,-11.767186378065666
0.7902963788942481,0.9008788677337128,1.861221164296832,-1.9723162689071525,-11.32107552227121
0.6795027785485589,0.9196231330835539,1.9607143515886047,-1.9887273091835675,-9.9833278525887
0.5045342147910974,0.9174029742848129,2.0395245083606772,-1.9556877262844776,-11.023049790250473
0.1601092394821032,0.890618099994691,2.105779065360103,-1.7411475697009553,-10.873715302319672
0.19518844157014137,0.778706324755118,2.1532312751084692,-1.8071111281161156,-10.128983165841994
-1.37754039475019,0.6174462553603521,2.1514276157804844,-1.8081014928249992,-10.12732547356495
-1.307775467151177,0.33858667977838497,2.1253830324310634,-1.807888910534414,-6.257056649195256
-1.2990895856774136,0.33913170339874676,2.030886509044545,-1.940137485409127,1.6555618335587137
-1.278151290926449,-1.0924760207124198,1.9685310876233033,-2.071505986230819,10.75143933774112
1.2887239409476106,-1.0395905720596523,1.976265295133809,-1.8716366613682687,7.187853644144417
1.324720419373207,-0.7615420939234188,2.081597418175253,-1.8716598541977985,0.941773532431013
1.2085198890966518,-0.7324726269118766,2.1989015102335783,-1.8881238530486593,0.03187952285089808
1.2142069271503004,-0.6625191371821881,2.274618688456385,-1.8880155042387867,-13.955072484050747
1.152160447786869,-0.5980420806086713,2.2891216330872344,-1.871467889086906,-16.184010801329894
1.0985004595332417,-0.4122520137559491,2.184819850058153,-1.7231387376434675,-12.770931202552608
1.2233904761338583,-0.3800487879617054,1.9863016427940805,-1.772993758621713,-9.0588667421921
1.4822752783607536,-0.32882871970248506,1.9650923565696923,-1.9214674954415984,1.9741600034082507
1.694281460721315,-0.244613303608594,0.9740238800581718,-1.8076768504632381,11.622031307160697
1.86419926043401,-0.14079575640022846,0.8672294463282944,-1.8078788516092295,11.618790738792882
1.951917604692554,0.015221041806987634,0.9977298545813957,-1.9893576944099867,8.793440016313445
1.9559490873192584,0.23604669118699367,1.1326264344387018,-2.0717461937626633,8.048822614239658
1.9502569039781545,0.45292523185277667,1.2723260829267684,-1.7083008136241233,0.0037565357324431605
1.9664832602429474,0.5683589470424605,1.4377715626773064,-1.7081442629231605,0.7644851031574919
2.003513906709083,0.6843771866149257,1.55480314385593,-1.8071213071660681,0.0008441312639114034
0.4581485597285814,0.8848574849185882,1.6216916793998961,-1.8080567319715932,-0.0023988729304878376
0.6074908740657783,1.0346906425860252,1.6783424996446414,-1.807836992598985,-0.0037857913093538647
0.7594403215305241,1.1639259254705872,1.7350428615894875,-1.9067102630346318,-4.630478708739861
0.8710389483476546,1.3054789447798627,1.787319689775106,-1.7248865947045717,-14.142917133060022
0.9487845749265922,1.394925176688216,1.8354293562503923,-1.7412655342484762,-18.008550985950603
0.9976532867940151,1.4248766731500169,1.8806140113852146,-1.7576454534905366,-18.00966933232306
0.957480444657766,1.465465623830452,1.9640059233830636,-1.7574570752809062,-17.118334935857
0.9066542315004418,1.4652999050164415,2.0558406261386217,-1.8893537550972626,-16.07798913601197
0.794913063150813,1.4516786946023055,2.110587449305825,-2.0213412884724344,-11.470880647473335
0.5826668829193167,1.4226417954690822,2.1364980232892323,-2.1534689808108904,-6.417862989322192
0.3617704849476959,1.3967970664619918,2.1800162007711554,-1.8232954027038075,-2.7023137619756175
0.4383374589200169,1.2569857361559533,2.263344590526417,-1.8232190559141122,-12.954943850006423
0.5335939510728602,1.1410124381002353,2.312424155282261,-1.8231390611956013,-18.00626750843974
0.6265405104374275,0.9211068820843991,2.312371207552798,-1.8229577853740635,-13.246433548178947
0.7272056974118136,0.7120779124967133,2.2618153536600993,-1.9549620775962968,-15.620609774728456
0.767364628305755,0.7109228247638594,2.153455657584508,-1.8394793489867212,-17.99893988422062
0.8040651445938749,0.7178370245823806,1.9789875952845561,-1.806754516823891,-17.407273508280383
0.8404123471640991,0.7609603892804615,1.7858715308316306,-1.807161540381458,-17.11432942836611
0.8434035374609141,0.826843206379314,1.7388834988740425,-1.8072814293600505,-16.373760209401766
0.8322420046748383,0.8573118720814082,1.7978606305461973,-1.8071755104850327,-15.185471992962269
0.7780758351996172,0.8763519101914431,1.8985118817293942,-1.823527327117632,-9.092397049742889
0.6698537548829443,0.8591490761005739,1.9871911010642305,-2.021579199133744,-4.4847664836203345
0.39247030445218245,0.9112027328456935,2.0445749911618805,-1.658391308668549,-13.104099644598316
-0.036319866067741347,0.8599992467639089,2.1172684026272286,-1.6585917932361705,-13.103697087003217
-1.3648581226443663,0.7034525511984424,2.165160987912766,-1.7915041595963233,-9.833339865861985
-1.5707475357999339,0.5429022534743466,2.137515071420302,-1.8080577754577531,-4.776445869207481
-1.4711226520208316,0.5717479460586483,2.103157274194176,-1.907104563885006,-1.8043696511201894
0.4696311929051672,0.6067759806915493,2.0521303757538245,-1.955432624627073,0.909204389149545
0.4816060774246931,-1.319461359067986,2.016931617549666,-1.93790925487716,9.421339072544642
1.2403890991387367,-1.2265604416271223,2.0563945145549063,-1.9374735291466614,13.284709889754467
1.3118695858854037,-0.9618429867307405,2.159747382001858,-1.937485214558937,3.770110755863193
1.2250538273683464,-0.8774332760241288,2.2689973292022834,-1.9539301192544185,0.018339599793186445
1.0272107922576177,-0.813187035716277,2.348387742554238,-1.9539558600931928,-16.47688200519134
0.7997791648204043,-0.7405499857422102,2.351272781301696,-2.0696457965293833,-17.814530252521216
0.8726271365239546,-0.4821586046652241,2.2478409364743546,-1.855194642145416,-13.65929122399718
1.1875602064768849,-0.4633467375758792,2.0686493968280733,-1.8058220050272313,-9.203569221584168
1.4387170995126983,-0.47373711028114357,1.7433112562806559,-1.8228544372123037,0.6374867568386129
1.6660276964842344,-0.4599739222652471,1.1665094192971297,-1.8733945242019452,9.993208128707286
1.8340919812525525,-0.362062234942081,1.1531719888041456,-2.0715097571401695,15.490095105863908
1.9165718227641784,-0.16173258158174675,1.003760008892214,-2.022290257238055,14.742738704145003
1.940935845074089,0.051682750594068516,1.3284131966943953,-2.0217810563340013,13.999823812018606
1.9476611615623107,0.2383646631554281,1.631595193328547,-2.021374213315179,11.47337123437681
1.9261926045762636,0.44495445967074,1.887864856988108,-1.988035025103562,9.243863668096708
1.8439284953867991,0.6106202787015453,2.080852493497815,-1.8887757423073577,4.785159661411329
0.4171811685842257,0.7776351063550598,2.242524089816207,-1.9555901915119092,5.079878930189132
0.6111472170746141,0.9773325356654179,2.3605363521251075,-1.971820752111825,4.335150181643976
0.7401792910954171,1.2179981375667035,2.4443202208317754,-1.7569704638245536,0.00395637255778359
0.8770051124247449,1.3948598837486266,2.533279620821642,-1.8063333271926365,-17.701711373534945
0.8994448933809143,1.4591923941475375,2.5323817600845473,-1.82274401931656,-17.99996671515349
0.9149496790191883,1.4230979945336215,2.422726386861962,-1.8227784669154177,-18.000409520515635
0.918917664450724,1.4249030304099177,2.2291671038610374,-1.889082770421099,-17.40841571900291
0.8951808444337574,1.4460405810657257,1.994194356790095,-1.7573774866860057,-17.412267525960008
0.87120717050879,1.4243346468094429,1.9309356877508719,-1.856564903507176,-16.37408415855349
0.8541947112993417,1.4009480296429766,1.9630708553314358,-1.889510868192771,-14.145665895719036
0.7670820875421546,1.3762591872954557,2.040859693536915,-1.889379673469097,-14.14533924093064
0.6226162888188863,1.3274356142555221,2.09741796458308,-1.90587268624988,-12.36191474042092
0.3357911468750468,1.2570158917199552,2.1443178381942056,-1.9059825134461772,-5.07971608842379
0.2015724591048983,1.1414610771646967,2.1875551676366687,-2.0050813941119467,-9.833601003007248
0.218072198936486,1.0673239621476567,2.1985331131310955,-2.054562133119629,-12.50695118290473
0.31568383034348635,0.8810133150995577,2.209481123703963,-1.7901889806714615,-9.085101504570778
0.47192820577769873,0.5400033059691929,2.219243853010324,-1.8890909236297568,-11.159953886329381
0.5808307948094724,0.4361224682742842,2.175931421372865,-1.9386386732622585,-13.38779431123481
0.6249601078746039,0.48599947720787073,2.0506637278393516,-1.9388326217017398,-14.875758993214115
0.644833464109448,0.5635733738378106,1.8522699753910656,-1.93922057623787,-14.87967880717608
0.6527087530891554,0.6375904341904127,1.6405907717598534,-1.6589557072947394,-15.181117093707742
0.6687396349009966,0.6360397340180995,1.61453496882455,-1.807684651461967,-13.696901979196733
0.6430169828574105,0.6653124361580862,1.6640492006862928,-1.8736619868788218,-13.548826474828292
0.5192674436257796,0.7278824462629234,1.7291335979242646,-1.8900604351222696,-13.25143286293951
0.34755999927353054,0.7148198856971216,1.7993552397525399,-1.8734706140302304,-13.250629235535726
0.01952937905624158,0.6955104560189278,1.8490243831951938,-1.956142714950259,-12.507315270068185
0.012566870568536087,0.6162359197637123,1.890885924985366,-2.17067507990997,-11.613532623807982
-1.6420406799440248,0.5449833796694759,1.889675034270976,-1.9405356396857742,-11.761388874755005
-1.6656842379172054,0.30848931169113175,1.924200650092966,-1.923930545651236,-6.407007286042873
-1.5023829029713858,-0.128403578071289,1.9330534701806839,-1.9402268808415235,0.009592321483087515
-1.4340673030588653,-0.10054077199532174,1.9197879575377426,-1.9568158654706744,2.554399028781001
-1.3817736770672027,-0.06256564831827985,1.9086691610438857,-1.9898932467556238,8.647074798080457
-1.3242307321564266,-1.0719982863507462,1.9289177205121935,-1.9892925665231562,6.737682046360324
1.5959619804806793,-0.9966690260104071,1.9967762170388297,-1.9872523996648648,6.889721379738983
1.617750873162832,-0.9330517169844944,2.059112085475177,-2.0367159174679013,6.890126726981718
1.434701379938545,-0.8457045976731777,2.1245259490531443,-2.0532721583462408,6.741802791710854
1.4362618559012144,-0.07951796133220296,2.192137529154326,-2.037050869760518,6.430601191778519
1.4396624793472053,-0.011306720107930879,2.2618526537470727,-1.9874238437663012,6.282495975657559
1.4484330446526577,0.357939191561201,2.3301898448598735,-1.9214657436685685,6.127672731406965
1.4606893478590695,0.4010408040713429,2.3851928486207408,-1.9213948245479013,5.979457484592902
-0.28038718736437296,0.6938238806643671,2.4349959749735848,-1.9556423146131185,5.824379320431919
-0.19395703115706608,0.9011413951051581,2.4749687187572684,-1.9720746595202867,5.821795906095743
-0.10608660859868979,0.9476954325013587,2.5078446927932534,-1.9719171735861603,-6.400741254646287
-0.06598253499590523,0.985032062457291,2.5365105651676987,-1.70756427436393,-4.171022863348752
0.027135152315446942,0.9275037778293174,2.545522082260389,-1.7074903080895039,-15.910996937288337
0.0640506627424276,0.7016810063176292,2.5263985392190085,-1.8063816132687252,-15.312017503312346
0.05766516177849257,0.5483592533787033,2.3863827264544772,-1.822936132397218,-12.189317523314877
0.014867561673276242,0.5841030450564971,2.1287836943881775,-1.8233671777441607,-11.004047266528934
-0.051559561836390044,0.6064108166780988,1.669629262073058,-1.9233429851788189,1.509903876848774
-0.10802429339504016,0.6245431101174426,1.2974723660937098,-2.023207705749767,16.514086935617843
1.671255737094164,0.7501629079984087,1.3506501589338986,-2.0715787212289993,17.999302922956414
0.08420340335779614,0.9338358120091549,1.522802828455597,-2.0064629666208544,11.160535272384156
0.4749840557293506,1.0859810976321382,1.7198830045379518,-1.9399740386113469,-12.50630183050263
0.6849778110506043,1.2142621907222424,1.8625860262327458,-1.9396528028892766,-17.11389811593885
0.8309725179878682,1.276742049364308,1.8833632089319405,-1.9725650307262457,-17.115128660835385
0.835948721177771,1.337296758769008,1.8703037488469985,-1.7744118716395145,-17.26476036215815
0.7917314740659531,1.309431522582745,1.9191677262022546,-1.8568877077499817,-17.26495816576473
0.695049936001033,1.273317368461643,1.9753348152002452,-1.8732857820302524,-17.2646921140686
0.5002639826939117,1.229540806830065,1.997032066833986,-1.9227884778269755,-17.11552135532604
0.20031791262463838,1.15565175535655,2.0185358043620987,-1.9228368353448746,-16.3718276174973
0.12319497313218736,1.0071297397418149,2.02122068721777,-1.972308069129686,-15.62673454543184
0.19462873869415995,0.8042277685927117,2.010578154906909,-1.988677556101476,-15.772111765989893
0.32915702784287454,0.4806996636995048,1.9906528957175045,-2.219631179808961,-14.28019817450416
0.4324325511861661,0.42726572607801083,1.9087393917510624,-2.203163138781967,-14.131369184962795
0.5122913457601241,0.4678352886051053,1.8190376024269113,-2.203346673966394,-12.64756994270542
0.5994057711163744,0.5304364990504175,1.707305317989405,-2.1706433954622804,-15.17784300312139
0.6701149001156178,0.5852920938745713,1.6006030550880086,-2.0553633153850246,-15.181134283108811
0.7194108717602482,0.6053364129348758,1.6050431679365746,-2.138020230139652,-14.5885325971566
0.7529399954817477,0.6436233431602817,1.6168765900446391,-2.1050146337084374,-15.778462532104392
0.7562247100388234,0.6819228347110379,1.6828120956601387,-2.071876485678959,-15.778642373726326
0.7312259505864929,0.6943902157237084,1.7767599342562785,-2.104753993806773,-15.62992832422985
0.6586802116321141,0.7128057219826955,1.851006530460258,-2.0881385782035924,-15.481083290343255
0.5464372626206538,0.7048346581687457,1.9185511824737287,-2.0880605666211616,-8.644422349857276
0.3961690207721556,0.6911316990199654,1.9699125295384998,-2.187152378258392,0.3096007000981496
0.1551771282948302,0.742692230878487,2.0290724427333964,-2.1872508949544516,4.470428425684518
0.19712021517365158,0.8225765791341628,2.10245184364044,-2.1871698183726433,2.5382723541779293
0.2260541008536484,0.9242756798232106,2.2000467184159476,-2.203589063013186,0.15997403124606505
0.24138809334311206,1.0396643221249713,2.2833154201835084,-2.2035211997013193,-13.698525282050806
-0.11848412951780568,1.1477134205365374,2.3520992761853803,-2.187143820113641,-12.6589342843068
-0.13776347337618478,1.1508405065727392,2.391674438644178,-2.1045179380598493,-12.212544291098204
-0.9951410460162504,1.1340473422576187,2.4283363657534025,-2.1050214124030804,-12.658242095258876
-1.0854022928981797,1.0626819433844708,2.4245897636504243,-2.105033867594743,-12.805464751869003
-1.0308149376176132,0.9505583380260778,2.4107190154702645,-2.1049149219667878,-14.140491012190934
-0.9971458813521394,0.9401264766491481,2.3885388253856226,-2.088365683589971,-14.289052431494573
-0.9781024395553215,0.2828245722313206,2.3394881255648667,-2.104555686852937,-13.68139620311016
-0.9908928459336208,0.26490116562128074,2.269717628512108,-2.0881499696644554,-12.938942937326278
0.9502327166254112,-0.9148593265111635,2.1803585639524274,-2.1689011248355894,-12.46735005072129
1.221120834000201,-0.8820124825711249,2.024811647342383,-2.152505752396653,0.03199053466865004
1.4555520449132062,-0.8265701659267881,1.8429515631436988,-2.1693051669389134,4.208613836664845
1.6582269703866575,-0.7253751107046327,1.7460325076003027,-2.186001751319428,4.205784698285431
1.7554115711035805,-0.627057080762312,1.6880217147845606,-2.202678783484385,14.457556290079607
1.876635299922341,-0.5033388368566967,1.7242007051112527,-1.9550132995188707,14.158741505178957
1.9665356783250947,-0.35327601820525634,1.858849908131067,-2.1035233266511297,14.157431649148338
1.9724968104356622,-0.17800311477328418,2.0387118672923226,-2.1363272255178805,18.020305075565627
1.915515150990803,0.04280079021316252,2.173356371726909,-2.1361835511255634,18.01969117492852
1.8098259258805571,0.2607570062952673,2.325800980243034,-2.136061038727066,17.57345963677627
0.27625021026390006,0.5621452529173067,2.4722324744631035,-2.136968315828273,14.448208367126675
0.4196324706496326,0.6645646688744925,2.5975744976708315,-2.1366582393970663,0.015545635992443086
0.4787979019255003,1.5658136602952406,2.6824881180373796,-2.1533794731253963,-6.557814358922521
0.5207838341411186,1.6056331832293473,2.6990647316913092,-2.169754145447428,-12.35314601851966
0.5153434413598482,1.6298888325426295,2.6774697016571487,-2.1696995760329187,-12.65027444810876
0.503653196011153,1.2736703266937592,2.6296344395941342,-2.169523233681052,-11.60314470337795
0.5227237729606545,1.2220173291789027,2.5661938621234732,-2.16955903838683,-11.157540003271576
0.5474687937176209,1.1712714155249038,2.480757259769874,-2.103608009063997,-10.415328147519942
0.5825855122923171,1.141706267416554,2.3776616994859063,-1.9056392470294816,-10.417297476707088
0.6381516632429662,1.1071515322390657,2.2237327072975255,-1.658274481599347,-10.866270574105348
0.6998489595027921,1.062457269490272,2.0168535564190395,-1.7082384459633952,-11.315951441241548
0.7174695462610758,1.0708212859856225,1.903357151341822,-1.757938373113437,-11.169619390525627
0.686048481117419,1.1140748763434445,1.8272871433017435,-1.74146760518898,-10.873908075044438
0.6468233392250229,1.1310314756484505,1.846995817111991,-1.7413473340211256,-7.456385443197453
0.5609630233039536,1.1433672869078848,1.9251199191002917,-1.8237609117035762,-12.211960244118107
0.39870034213738775,1.1735831212324987,1.974653088859279,-1.9392892719081887,-12.65792848117565
0.18209350060690607,1.162958600028518,2.031398544068699,-1.8401739032976312,-11.765638802775225
0.15526383755410209,1.1244275375877264,2.090480794200048,-2.0547424434412283,-7.009606982181834
0.22006644488082633,1.0645353455217412,2.13906635053746,-2.07110744839097,-12.357923633072883
0.304541757628567,0.9476264402054739,2.1530925050976046,-2.0379312687563944,-16.21875880227405
0.41620037591783166,0.6814996851353793,2.177459823911332,-1.8395885330230246,-16.21398734451399
0.5442870033193385,0.512714976231738,2.1554811222699772,-1.6579546126457316,-17.104051444484128
0.65993527164782,0.4384676578352832,2.084439737497214,-1.6581001173014407,-17.253732944545195
0.726672339235994,0.48577407559192864,1.903649408167563,-1.724485077868108,-17.108807173413446
0.7335326786193885,0.5724500211752563,1.6378867170502445,-1.7249412844610965,-16.964640378975893
0.7035286118576487,0.6313939504524738,1.5512109803800207,-1.741570682379385,-16.966860013036765
0.6523374887665467,0.6662248014646525,1.596501982317581,-1.9396095134811109,-16.07579536656802
0.5268852256666725,0.7185721105538178,1.6839284251939792,-1.9724797670923733,-15.778352543227594
0.32571588464669954,0.721930188522883,1.7618529840935055,-1.9394009620958859,-11.319379164029849
0.012390091699054417,0.66091885066937,1.8525255801911729,-1.9229758769290128,1.3504564706874935
-0.565466352040835,0.6437704236412587,1.9473467524699233,-1.9233338664282567,0.4586611255434008
-1.3195882072918668,0.6812820504535765,2.052859142986317,-1.9402803951970429,-0.0062914065321479805
-1.3986354424920955,0.7129045548240053,2.1242922472077135,-1.940290279907536,-1.0646081327504286
-1.3396498440812605,0.7638713642540383,2.1902612899848415,-1.8576335205389776,-13.54728636035037
-1.2646943101782906,0.7457529628914663,2.2299061452619546,-1.8574895191917087,-11.16795655616597
-1.1781119372964604,0.7508778696929638,2.23677809712391,-1.9234700057703347,-12.653913325061097
-1.1496679658937248,0.15140618442458637,2.1796657443415834,-1.9231514849450426,-12.789129900627282
0.5868224715826171,0.16067766378414433,2.1021850766319217,-1.9220806972662006,-8.181137726120726
0.5862539971074094,-1.1294069549687364,1.9916499269158754,-1.9215676953837775,12.836057854782084
1.4323502642789934,-1.0436446642617194,1.920675826255965,-1.8387232686174055,16.40067602094764
1.6300328751393247,-0.8863013423185272,1.9933776767184335,-2.0367836594214737,16.10166844877387
1.5910807039834274,-0.6257152356715097,2.1402644148064764,-1.9541242484911245,11.789546355873245
1.3914968186559644,-0.24354396808862155,2.2783427117534627,-1.9707230569891971,-3.856622661844264
1.3467334927733827,-0.16673092879881896,2.3905497436812904,-1.9540375433840478,-9.205584587617105
-0.3090657432368207,-0.11687117071382724,2.4092982753412095,-1.9716116577834313,-7.7210086085591225
-0.24507554830161116,0.14147209650164805,2.4032902916278456,-1.9551703667652425,-5.793720190222944
-0.21072906013148007,0.1532691348074139,2.349374355229844,-1.9552282851010399,-5.942718554244353
-0.18591018244510765,0.20329422687155407,2.2765840500265444,-1.9718685534586036,-4.16121619816652
-0.15439697791322743,0.2861604090126418,2.170114300403109,-1.97208241654291,-3.866964937172222
-0.1586112498815529,0.36237780374127077,2.0214051775582824,-1.8733340290551823,-7.734110424991221
-0.1659270197221474,0.4235690917012448,1.81277588377638,-1.8737943794705523,-5.360557296067399
1.5716776022456012,0.46910507607460117,1.8073530685619688,-1.8561622625633762,-1.6452416249759287
1.6980657637300622,0.5304756871320531,1.358662911511961,-1.8074574814519935,0.3177098086501999
1.7988883147717167,0.5982290561383345,1.349615587186743,-1.7414083865924534,1.8021034213111466
1.8930046656369839,0.6596919929200054,1.4162196591410932,-1.7742928443160981,4.773495039180051
1.9524037069120157,0.7758232548110822,1.4950191982124368,-1.8567149544475414,6.852802977274567
1.95617622576766,0.9288563890436451,1.59033282615376,-1.8565623485894838,5.960056468164436
0.3037423243781828,1.0941135660357881,1.6906273735867783,-1.7749829740731213,-8.495421177339654
0.4512371602421742,1.223116698989955,1.811780026339159,-1.7746812592776813,-13.846241561333917
0.5535805367689626,1.2707273798893781,1.9189704571533008,-1.8899723711252194,-12.95452901588595
0.4355422463168173,1.3157043928658536,1.974574957869506,-1.8898768724687847,-12.954350246078857
0.30486270581786623,1.3120080248513093,2.0289935882279964,-1.8567680389818648,-12.507971556914429
0.3211317582959739,1.2565610749929057,2.071586552737959,-1.8401345688274462,-11.615715121513146
0.3901109827013113,1.1516937377455945,2.110420321060162,-1.7904397195709896,-11.91129706699079
0.5250176937608746,0.9817104240587119,2.115009097933246,-1.7902724317347105,-11.462787309353534
0.6556785615436125,0.8261684470553358,2.1085476450198755,-1.6745404854776285,-11.906205060870406
0.7764389337859047,0.7716260407463895,2.0752532279286813,-1.6745213481273058,-11.757815981757338
0.8886824402797486,0.7932405778817451,1.9955303518878424,-1.6746192310265493,-11.611316094216331
0.9701634549303574,0.8821696471618778,1.8446743001399606,-1.5592892527399755,-9.683136076075364
1.0596077270847912,0.9692059469501232,1.789868670295998,-1.5428797514068573,-8.34890507916449
1.1550794167616167,1.0637161526339998,1.823623356045335,-1.443726401450615,-9.242678733508026
1.2222354055226332,1.153310878967488,1.9244309158371358,-1.4600279869715942,-11.472952870218815
1.2683150543644541,1.2524781348950993,2.0674360249135133,-1.4762290444293837,-18.01234247608463
1.2763171584205257,1.3490069456268032,2.159396199139027,-1.4594718858289435,-18.012964053338628
1.2370089248247087,1.387807685251435,2.241394421603342,-1.4757953315225094,-18.01321846439874
1.1090639853183573,1.4191191476165015,2.2944331937846845,-2.9969465960653956,-0.013637616229312453
0.9943451881992469,1.6551889632895147,2.2510129407955572,-2.8461218484445547,-0.013054377447511374
-1.6545607797713957,1.8481869285285017,2.3246271415607187,-2.89732846046814,-0.016016802960201613
-1.6044602526211247,1.7901758747790315,2.5388763346978545,-2.7982344731095967,-0.016226872900829768
-1.3701488355373352,1.8126012877048632,2.7537197091434686,-2.368851373507619,-18.016113228899005
-1.188911187396233,1.718132601493858,2.942452448537349,-2.038542928948676,-18.015030587983023
-1.0051181723925795,1.6043724660118417,3.052840169646081,-2.0385255019827913,-18.01498843689153
-0.9167209221584216,1.600463756467617,3.0423313456392487,-1.8899197189570605,-18.01500141637955
-0.910806965113447,1.5719786559942306,2.9665860584913553,-1.7578320478135037,-18.015031423143167
-0.9473954805532716,1.5055417691517274,2.8731172209749474,-1.5431938465581754,-18.015092448695334
-0.9873705809193093,1.4281844794561622,2.761050563075144,-1.3451016464005008,-18.015388242571863
0.6577918438627677,-1.247189429895506,2.6338432696444256,-1.3425951451755074,-17.959139217443386
0.880940482481964,-1.2953411337532867,2.4096015796799533,-1.4747402042493563,-16.9199302319104
1.0822738578625246,-1.2890623391325624,2.3038602398953762,-2.4982864688916933,9.272612720830313
1.247800264479755,-1.1272835075200025,2.1819364204752123,-2.531136708051746,17.743591252184714
1.3878911703094476,0.7693338593226587,0.038364150492297244,-2.321566654102509,17.980003131578908
1.5574282654188956,-0.7468230263325134,0.38260139887228384,-2.3038030939440604,18.013751527902272
1.7016550563844568,-0.5023836778510783,0.5643918478674708,-2.1883192088437027,18.00988441080296
1.851386673894143,-0.2586039546306656,1.556575884824679,-1.8234641012181787,18.016197618041065
1.9678291226773927,-0.09525919263417709,1.9613194158026523,-1.773457021057937,18.016908810615664
2.0408173820557156,0.09201815817239467,2.2090418662360927,-1.7566353440319493,17.571665175080923
2.0087194203480725,0.3442454273317387,2.3593927630107183,-1.7729233274793907,8.951600978864894
1.9550556830480448,0.5722887108575545,2.4578130593494203,-1.706634693849213,-5.947128543970176
0.3795117440491269,0.784809383078758,2.479214019287584,-1.707522805675033,-12.340878561610225
0.4180871390607074,0.897014053839136,2.3893466875102174,-1.5588954840728297,-13.828999559617039
0.40005623998659606,0.9782580050435343,2.1384603813691943,-1.823479228917964,-7.443101483266591
0.3135720453913661,1.0693693252255942,1.6677153086992138,-1.8243284466653604,0.6125118895656558
0.23699069154802066,1.1645706943468515,1.5380594715385354,-1.956668110983889,5.216327896831968
0.2347181223861276,1.257381272499525,1.5889594590914105,-2.121725802950738,9.227024339168873
0.3501827347155068,1.3964908949183936,1.691154274499023,-2.1215354261266306,4.024327619579645
0.5404630852922834,1.536070332325005,1.8333509555156768,-2.0882545101094023,-16.670849640030497
0.6915969724807804,1.619669429619801,1.9660264073202152,-2.0714826872661605,-17.563379720942294
0.8172586141571192,1.6115948349002902,2.083324372538373,-2.1207809432827025,-16.96887854166718
0.7806023049375559,1.6031377015553052,2.1505567226420097,-2.038136924937842,-16.8199669043146
0.6879235436044004,1.5415670438111617,2.1994199042989404,-1.9060152639157537,-15.928072008010236
0.550790950376397,1.4369778932294586,2.247325195693623,-1.839982565179722,-15.779147864928182
0.41950184328024437,1.3415225500481545,2.260134697507242,-1.757464858748954,-15.18449488013323
0.37346115145085396,1.2031250288606865,2.25670577570137,-2.0381237759057718,-14.29146406160352
0.37243923613340685,1.0995460149796619,2.1982791109585804,-1.889437377801765,-14.289588756516201
0.43301096988675253,0.8519294654825407,2.166486987337999,-1.9057718537130002,-14.285210619695
0.5317984831177566,0.5666599347672825,2.1231971689105307,-1.988215125126878,-13.983817042525027
0.6073889965985129,0.5458294219323984,2.025318519980545,-2.0048354510786455,-13.984642452167245
0.6586351792748423,0.5995417176214242,1.868961062408458,-2.2032842928212872,-13.096267979966388
0.6904293471290904,0.7184696930576109,1.6632954018093629,-2.2037142841503146,-13.24952587140135
0.7106891016826632,0.7958183477219849,1.6365373223573516,-2.1047496858906922,-13.846094013278876
0.7365917018945093,0.8098958330339873,1.713079662699256,-2.08820287372195,-13.698410544401995
0.7403326767590668,0.8239153757042492,1.8229443630145576,-2.038567565330922,-10.726419897794194
0.7495433865151213,0.834444751037809,1.9113175404746559,-2.021965799571849,-9.091682545142302
0.7216487523962472,0.828751958150531,1.9867181351683212,-2.0383946331523903,-13.846613953043924
0.6025677539604287,0.857217245240704,2.043015311403339,-1.7741644081969221,-12.657644802342173
0.4496841788273202,0.8029637538806529,2.091752467585179,-1.9228087758317767,-13.103181347136376
0.11924611673728158,0.7838163871418602,2.115496058182355,-1.8073461259765442,-13.251184091351034
-0.6520123768390782,0.7158117796485939,2.117154003744295,-1.8242649713723598,-13.250092727499611
-1.4881242524184057,0.5462050839309402,2.09463253056702,-1.9403138502157948,-11.76162014747927
-1.4601825423980794,0.27057691146972407,2.055397202966483,-1.9566311942685783,-2.987352545978264
-1.4523925455474367,-0.23559670133927044,1.9875300214326965,-2.0225021328514394,-1.936690866740601
-1.4434223855801964,-1.2469006691210707,1.9236312029647595,-2.0385726047239325,-0.7264133061425135
1.3280529572290214,-1.3586707427139157,1.859747852881603,-1.9377361658482406,0.03976741248041947
1.5641196723317476,-1.2381162165892832,1.7646691342907017,-1.9379313331087316,7.634259542383142
1.777022813839375,-1.095708280705207,1.7110976234275734,-1.938085963143173,8.076856899822083
1.8846303654836292,-0.9126220542161994,1.725591514271155,-2.0537169003017577,11.64113768755612
1.9189028931008907,-0.7241034641566904,1.7649375832351655,-2.0537255538205135,5.249031291058855
1.8862228352973918,-0.512290510711423,1.8211891300608294,-1.9546500002689893,5.544315752812719
1.8715885979619626,-0.3815472065286835,1.909739599821735,-1.8555317899875872,7.1776980172131095
1.8712037826016756,-0.25623885269910224,1.9900531064238298,-1.7564290525762587,7.622337126179935
1.8437502419810454,-0.1266473046593024,2.0687732168195416,-1.83895148784596,8.66136456669089
1.767804249050305,0.0442707208622477,2.12512200648537,-1.8884595403848405,9.551478308324176
1.6535057342216226,0.25282074864414705,2.176854939024158,-2.086589718533262,10.589719278145623
1.6150222657383075,0.5232985730053172,2.241368471844352,-1.6241787706317088,0.016710837397834664
0.18726337159016038,0.6953752968155036,2.3458685301838136,-1.7406564797485868,-5.355928806175576
0.31355661589941075,0.8086122298869444,2.400087302607882,-1.740528556133704,-6.101163119920774
0.3886388993284644,0.9296481014832293,2.3685032380495477,-1.7404793325502201,-8.034608625279464
0.4560147924848601,0.9839726406875458,2.3280442147528078,-1.7404398972772095,-7.7387397811961005
0.5155612013978601,1.0440424599514038,2.2526817904696026,-1.7570130467668275,-8.335458312884441
0.5879729608760438,1.1196100734980354,2.1628055742545804,-1.7406063595945203,-12.796584651224617
0.6518529495409195,1.1900362196217822,1.9873631822456457,-1.7408949118792045,-14.138068165086867
0.6865604883004668,1.235233344571032,1.8032757860584177,-1.6421576724206044,-18.005888151573036
0.6916173102685695,1.2541758759362698,1.7866930047032086,-1.642190397569506,-18.00783589356858
0.6506225091895899,1.2207569814572108,1.8395268718467535,-1.6420889058832662,-14.73871625105159
0.5308377620964643,1.1848578202291704,1.9038431148216644,-1.6585155211890457,-12.063494574090306
0.28996774582792095,1.1233915983494722,1.9470138765122313,-1.7245940981155445,-11.765748088858045
0.09349960569018417,1.0200972032159354,1.9754895586462347,-1.6915639462339043,-11.764085862333287
0.14711540349578034,0.8292777997780347,1.9750884886904365,-1.7244582180568815,-11.909524658088348
0.28481947705673316,0.4755748706897557,1.9623230429698668,-1.7242177316671528,-11.457010368362244
0.40820033609451034,0.3485517968207264,1.888382584268459,-1.7902848895808379,-5.065409725441571
0.5330634397592617,0.4006398532202561,1.7561969461380749,-1.8896090060477138,3.7368419322741757
0.6493625767098279,0.561848563019245,1.6717955883713551,-1.9063525796048628,4.030095745741265
0.7790542134658602,0.717416825523657,1.6433687826878614,-1.9890374115382146,8.33664273147583
0.9420937345991092,0.8569887038155334,1.709030361467949,-1.6587284257785762,-11.615904931629876
1.0396704915939132,0.9770383411398957,1.8106301107809384,-1.7907210099561317,-14.29248688124492
1.1308563597671997,1.0661175668699459,1.8557722314068765,-1.840186419330617,-15.483168823219867
1.1564227768165198,1.2221937093736586,1.9055814112591656,-1.8565610207102865,-17.267618913713893
1.1534167100027553,1.298743343693838,1.9889419749672212,-1.7077527121737408,-17.26815505642511
1.1589442845883886,1.3205314854157875,2.1005642467629144,-1.6910286242343977,-17.268461353209823
1.1465937424519983,1.3249243206848706,2.190409785366227,-1.6413244476981421,-18.01165632684953
1.0755282088640676,1.3270025934897165,2.24642368974998,-1.608204588495991,-18.01185295909537
0.936572856650786,1.3007140693516233,2.290552359412099,-1.525600725264427,-18.011816480778208
0.5423675864721311,1.2439518176529036,2.3083230905686523,-1.5257733878051807,-18.011776896348895
-0.9950920030899278,1.155889525777414,2.3186544957111077,-1.3946006655605883,-18.012052260728783
-1.4858140171626888,0.9244553939208484,2.2953007824326916,-1.460875596190219,-18.008864626090293
-1.4335534859352073,0.8852145109457383,2.2271797053624702,-1.3453125437132487,-17.414732656661993
0.28554807340448063,-1.5245727673221436,2.083028772232235,-1.4421166564774106,-0.7196834499978012
0.9550435139065538,-1.4867769947527725,1.7616822935910639,-1.5249030616072061,8.97292851416102
1.3483681487757644,-1.3219153754794497,1.3611156048878965,-1.5420325476072445,6.440247205840434
1.5072740688856328,-1.0805198214861411,1.3499799861606205,-1.4265232519033302,6.287385533826725
1.56204814336038,-0.8664906442966277,1.4560760108942412,-1.5751055016839821,8.067474229326454
1.5979817292370733,-0.5981500433963932,1.5596367860521765,-1.6080894405739194,0.6340556174133277
1.5743922946432714,-0.3159003125512874,1.6572193488221165,-1.6410561691238512,-1.1891006467041518
1.527182493577672,-0.09013867994471268,1.7015633357644593,-1.5585642587584638,-1.7867511239175728
1.5287453239544417,0.11242751123828935,1.7511939770274427,-1.59163528659309,-5.207752479975268
1.5168021892289456,0.28408870403622466,1.7624011131977788,-1.6082292491031047,-6.6966195493566785
0.08132453286806612,0.4470908789611044,1.7627254812837274,-1.510180132524427,-7.741012073106649
0.16628212750749377,0.5492330902883467,1.443533436375418,-1.5108070095053507,-6.260532145515261
0.23114910005883998,0.6454308126985782,1.38601656862516,-1.6099986863096571,-3.4396981051176887
0.2753237595004726,0.768517461475661,1.399347737890839,-1.6760045667726495,2.3915029678075004
0.334411990379929,0.894404947815981,1.475012929183983,-1.774927414701166,2.6875472913501093
0.4000064220836499,1.0379136894496819,1.5941277440939732,-1.7086647429233883,-6.267105444552993
0.4848464436734464,1.161099772091073,1.7432698012202077,-1.7249109931107418,-14.441440222655123
0.5444123477315235,1.2198421125004955,1.8870422401687308,-1.7576609602178257,-15.77892339455437
0.4290276397185862,1.225572347349601,1.9708308445847402,-1.7575682674703796,-15.481142622272973
0.28596230028262604,1.2050168243131285,2.037413790431622,-1.8896182469115577,-14.737494729684535
0.27186776148518,1.1267526855330132,2.0598704475080316,-1.92253649999196,-13.546939060606675
0.36802201686051017,0.9712453018628537,2.059205195674868,-2.0544771825143653,-12.652335086677425
0.5013915811686472,0.7707674669882001,2.0583274310543276,-1.8891687690894843,-13.540099153779611
0.6257916594524513,0.6758233300180653,2.029940808972056,-1.8231404979689816,-13.688397464700747
0.7402418541598339,0.6416744334221645,1.9781724022550038,-1.8232819325936445,-14.284534889399279
0.83088595274385,0.6911835378413527,1.864886809161225,-1.7574734995766044,-14.287516683601268
0.8870030112374305,0.7378513886207462,1.746172202818934,-1.823767330871043,-14.141935295664949
0.924412756854864,0.8074975681297687,1.6949076013033046,-1.6752461262014913,-14.887239103798438
0.9336901216417546,0.8460948864512283,1.7219937036827062,-1.8568403177310413,-15.037090349725757
0.916129944588948,0.899390125237373,1.8127716617195553,-1.8401321923975094,-15.037187375533923
0.8446146073083527,0.9549658120811084,1.9081477101359554,-1.7243754812403154,-15.334321382968914
0.7608320525730896,0.9464454930205322,2.0181693482210035,-1.724248777648133,-15.334169208434021
0.5573780065162139,0.9153317737958224,2.0872195531660145,-1.7407703931239118,-15.33367589178621
0.09749926905042763,0.8845924989533699,2.1153661230866216,-1.6914541576463538,-14.88745500838106
-1.341515958735192,0.7528409041169932,2.1388357448913484,-1.7748626300445027,-14.143228895399034
-1.5200930045667256,0.5137422349090637,2.1234588802985055,-1.7913631673526695,-14.435668585068905
-1.4646337221631314,0.5177246409729082,2.058009059748385,-1.8079364671894647,-14.584809448365512
0.55390918368361,-1.5205133603818881,1.9354638842945302,-1.8552069594828966,-13.054871434100994
0.5559362451109073,-1.4870642664736435,1.7081637216905172,-1.9382425228092306,1.096950484487487
1.4643172602215797,-1.4055143508566768,1.7255945735179772,-1.7230521421143419,3.028300439873075
1.709776399977049,-1.3945334213216136,1.0665826843871407,-2.00504099252386,14.166392249508721
1.8768276085407127,-1.3385509479897029,0.9410658733733959,-1.955762627955312,18.02799961874674
1.9837637214675046,-0.8766010956647371,1.2845753350850453,-1.9553294364145326,18.024173001560616
2.00438872685436,-0.670666306453298,1.6274376064943072,-1.9383566778736834,18.02463284723271
1.9825275713916652,-0.4597809587079421,1.8901428661116064,-2.1857366409942935,11.63518193746658
1.8310613080771871,-0.1945873059789457,2.0803772950972697,-2.119510126330326,8.811228964929187
1.6341460404628836,0.07042118575420492,2.238438707221814,-1.6571233286989773,8.214903085829079
1.6902211599247834,0.3344342420520406,2.413122437243285,-1.6075367037627089,-1.189229952785734
0.13887423864583037,0.7892418414390266,2.5203025399860826,-1.641688639316965,-9.669734164615127
0.1820052121584248,0.7083649979490491,2.4973488955196617,-1.6414684009112313,-13.53017022823999
0.18641440720430202,0.5963029680415607,2.3700383562623863,-1.790028954602639,-9.961302568846275
0.1575046070442449,0.6403374086614522,2.1632077876809754,-1.344428573954063,-8.625990430396476
0.16197407292728044,0.6800331971501413,1.8913934585681473,-1.6421872781147093,0.006143045758507551
0.16731508567596287,0.7573253198976226,1.4842007052389337,-1.7255420822045748,17.85137106025838
0.24285971583517096,0.9476220885517985,1.4893809053324822,-1.7255163028080942,15.17377269480788
0.49636943273710155,1.144273322473736,1.6819800479691212,-1.7415996940542728,-17.558768821210755
0.6980915159854294,1.3147763552179716,1.8812656914970938,-1.7410781770546422,-18.00528775075392
0.9036669407427365,1.4213441389885593,1.9315976062754572,-1.740886815137858,-18.007757004124308
1.0248711294937534,1.5294218893471079,1.9396671553972606,-1.691296393403746,-18.00992763199325
1.0647990593967351,1.558227886896487,2.018310583327528,-1.542533680223247,-18.010907913518846
1.0736917515285025,1.5392545734625236,2.1347198510956313,-1.476288412485139,-18.011302636805432
1.0445963192111585,1.4904163727550654,2.210868695730362,-1.55871350825251,-18.01136466079819
0.9081920270819122,1.4661173607689824,2.2295525612731266,-1.5421724942227728,-17.714310054057137
0.5555262440570181,1.4044046529926757,2.237978737863072,-1.6743835748013078,-17.119625078689737
0.3007436148205176,1.3078072441581983,2.226066926557314,-1.707476056602308,-17.26712481903794
0.27620119700253176,1.1162249780269615,2.2037236463450975,-1.7569230210404463,-17.263867127936475
0.3803333243495547,0.6457168100915173,2.177500925056607,-1.7401441016500259,-17.25505129589628
0.4680180906065524,0.4887413344294857,2.1045579679530033,-1.7071746650740136,-17.25359186207728
0.550372414684654,0.47673543273895796,1.9485720841762975,-1.6414576142895776,-3.5842947852898694
0.6699379920721569,0.5287080645117501,1.6720252345592477,-1.691640126901235,5.066623763679452
0.7660865347028856,0.6421919543582257,1.6805516149522544,-1.889876571344391,13.535027027659934
0.9108364094390029,0.8376449148806686,1.7799886786668282,-1.8401970252849014,6.102887725710335
1.1297562776312002,1.0455858729416387,1.9142938518315689,-1.8069105025704295,-16.821461908830585
1.2616699631825634,1.2204280598842585,2.063763930628175,-1.806620025128117,-18.01165822642327
1.3855283315588722,1.3388208777875845,2.1654079137277464,-1.6082568507132873,-18.012795274400425
1.4746329799097735,1.4218491826721489,2.274391181178813,-1.1292072153376578,-18.013501654548524
1.5541579018342873,1.383471281614685,2.407117036026487,-1.1455170691225576,-18.013874158720103
1.599293251921055,1.4029255617768461,2.4664686544795007,-1.1453384021553534,-18.014505027978895
1.5429288590635402,1.4701194870304726,2.460663670253413,-1.3268350927117403,-18.015123779109196
1.452477858704782,1.5256339857028802,2.411680482274239,-2.9965691045340286,-0.015741349093844993
1.2624609006761007,1.7262913496773304,2.243110755680978,-2.9965227187295875,-0.014177833187541596
-1.975173701664317,1.991735599939405,2.250274666692329,-2.9986418753475497,-0.018893691162961454
-1.7310874757993653,1.9105797980329582,2.457455597090431,-2.998517226538575,-0.018690628855526387
-1.566698688677572,1.9382400585511965,2.707760733150555,-2.998503118319268,-0.018661457252054797
-1.3834377923833001,1.9775726116846681,2.9225379124552053,-2.8643057721253005,-0.01864948995221497
-1.1884673563985324,2.000808120772419,3.0860025723225006,-2.979885829742638,-0.01865473313510045
-1.040093435179135,2.05662061735439,3.1749313175793503,-2.998492997011711,-0.01865068510623729
-0.9518361362456539,2.128195096730475,3.2170707154501685,-3.1491329264004504,-0.018638717565113035
-0.9100056475269217,2.198732777864194,3.233137640122673,-2.963367693485299,-0.018637705618218352
-0.8759442268681801,2.224898325479578,3.2655382309964374,-2.5835896324475085,-0.018638717565113035
-0.8055563762876943,2.1725011298530226,3.3199168260505507,-2.005667239290106,-0.018682247892606304
-0.7149720008276741,2.073267157060462,3.363865096465638,-1.9065973540242138,-0.018666049115491256
-0.7111331751673766,2.0447589405772204,3.3227803684356356,-2.071736752640507,-0.018685454340946473
-0.785848517829117,2.1210041734178606,3.191815351378077,-2.930361605318254,-0.018677358283220143
-0.9944343666327191,2.321480991940869,3.00427253370749,-2.9985011952847263,-0.018646990650873444
-1.1998417090243352,2.439359203091324,2.919226489595725,-3.4133431984409675,-0.018634840143905988
-1.3124681887684266,2.493781763197612,2.9398516550293228,-2.998505690138885,-0.01857207519861361
-1.3306726518641538,2.473296797770914,3.0693985120010776,-2.9985246841653317,-0.01858016444367803
-1.2304841462129992,2.420844556164634,3.2087793944142176,-4.635258539872893,-0.018601423830119288
-1.3199211844624263,2.738763547236431,3.1835297445937423,-4.8499081049856825,-0.018569032303983223
-1.4303168081825663,2.9614706905108292,3.2245218258743256,-4.965500485244026,-0.018559917637699815
-1.335045348823851,2.935816056247523,3.419746476887125,-3.991280059837495,-0.018551821579973485
-1.0713406079178964,2.7705352583986307,3.7301302056787606,-2.9985235598336115,-0.01853764630436387
-0.6674038703519198,2.4934093837663958,4.007784221318776,-2.998520638032669,-0.018574092279741067
-0.42410952180786676,2.4407438037838673,4.050843803812559,-2.9985173785070036,-0.018548785498005007
-0.3941620840679787,2.499526410626072,3.9123214946007896,-2.9985222110691314,-0.018535622169290073
-0.4525263964390547,2.5131146318119058,3.7305931742456626,-2.9985195137009493,-0.01853157414042691
-0.5753183257425456,2.523446337859661,3.574712800937676,-2.9985216489116486,-0.018514363416417174
-0.711565048001749,2.532486567032141,3.4658712406508276,-2.9985235598336115,-0.01853764630436387
-0.8343920820076574,2.538527047649597,3.4008234162692266,-2.998523447705997,-0.018557893743910443
-0.9284085770938867,2.53877916592841,3.367505060120538,-2.998518389369229,-0.01848905600111275
-1.0106434509283977,2.541808969075386,3.3534338116308113,-2.9985277181106422,-0.01852347166232261
-1.0425132792907106,2.5420268428026054,3.3491107654398498,-2.9985210867374117,-0.01849310402997591
-1.0611020440669645,2.543711711636472,3.3485942738736427,-2.9985223233742775,-0.018515375604596287
-1.0639584668326536,2.5430524639883716,3.3488087570816765,-2.998523109803743,-0.01849614011194439
-1.0525458162069823,2.5441776355772103,3.348546697872863,-2.9985223233742775,-0.018515375604596287
-1.0383085433061365,2.5441691639911843,3.347605410756113,-2.9985223233742775,-0.018515375604596287
-1.0182656737093412,2.5450826057944615,3.3461960539829123,-2.9985195137009493,-0.01853157414042691
-1.0119731882760608,2.543953647263743,3.3446132342287442,-2.99852367197798,-0.018517399498385653
-1.002720525818694,2.5428061920329568,3.3430884565103276,-2.998523784266372,-0.018497152300123502
-0.9958358929595148,2.545653991344048,3.3417552222560287,-2.9985254707723286,-0.018560929825878928
-0.9930173213637896,2.543504902687336,3.340661955440967,-2.99852502074246,-0.018519423633459448
-0.9916250502870415,2.5423640050997633,3.339802151224796,-2.998524458568223,-0.018498164247018185
-0.9849104030922549,2.5422340053307364,3.339142039322242,-2.998519738133709,-0.018491080136186545
-0.9951698379357383,2.5421152235878326,3.3386401949834195,-2.9985258073327032,-0.01850018838209198
-0.9838331987206902,2.54200995962926,3.338257021542665,-2.998517040765527,-0.018487032107323383
-1.0004926949197888,2.541914949278356,3.337962726292785,-2.9985271559364053,-0.018502212275881346
-1.0019040982554,2.5418320106496104,3.3377327635157608,-2.9985271559364053,-0.018502212275881346
-0.9989553895439145,2.5417597691973666,3.337551426911973,-2.998524458568223,-0.018498164247018185
-1.0016302091650995,2.541694008889852,3.3374081261098842,-2.9985258073327032,-0.01850018838209198
-1.0009768928588236,2.541637099024158,3.3372936144300676,-2.998525132870074,-0.018499176193912868
-1.0020735428747614,2.5425874985654384,3.3372017364792548,-2.9985263695069397,-0.018521447768533244
-0.9970038500705838,2.542544116105348,3.337127915406037,-2.9985229976761287,-0.01851638755149097
-0.998843607405699,2.541505678699468,3.3370689773630877,-2.998523784266372,-0.018497152300123502
-0.9996521327652366,2.541472335651059,3.3370216718114065,-2.998524458568223,-0.018498164247018185
-0.9994708895042109,2.541443944805928,3.3369835857133134,-2.998524458568223,-0.018498164247018185
-0.9993225013047253,2.541418953989557,3.3369532031512685,-2.998524458568223,-0.018498164247018185
-0.999216072425939,2.5423972170193077,3.3369290822631172,-2.99852502074246,-0.018519423633459448
-1.0001510173425787,2.5423784611968294,3.336909886414343,-2.998525695044311,-0.01852043558035413
-1.0001207822855849,2.542362201740132,3.33689462305298,-2.998525695044311,-0.01852043558035413
-1.003116024451232,2.5413479781273614,3.336882589048563,-2.9985271559364053,-0.018502212275881346
-1.00012740837773,2.5433357985079166,3.3368730301696834,-2.998526257201794,-0.01854169433322703
-0.9991470644138924,2.543325077973714,3.3368655825858973,-2.998525582899943,-0.018540682386332347
-0.9991683640989413,2.5433153330062312,3.3368597804832323,-2.998525582899943,-0.018540682386332347
-0.9951877764322542,2.5423071672971194,3.3368550667643855,-2.9985223233742775,-0.018515375604596287
-1.001202706043539,2.542299485737117,3.3368514230907422,-2.9985263695069397,-0.018521447768533244
-1.000213283337429,2.543293710893466,3.3368480016919806,-2.998526257201794,-0.01854169433322703
-1.0012201905641285,2.5422889246851366,3.336845155075148,-2.9985263695069397,-0.018521447768533244
-1.0012227998887915,2.542284050726745,3.3368431733122517,-2.9985263695069397,-0.018521447768533244
-0.9892226838254676,2.543280063028683,3.3368417651851896,-2.998518839399098,-0.01853056219353223
-1.0022202361097854,2.541275209772997,3.3368412032786416,-2.998526481634554,-0.018501200328986663
-1.002217874775163,2.54327269806599,3.3368398257677434,-2.998527605966274,-0.018543718468300826
-1.0012166782853564,2.5422715616892213,3.336838297234828,-2.9985263695069397,-0.018521447768533244
-1.0012147251565438,2.542268733061067,3.3368376997596862,-2.9985263695069397,-0.018521447768533244
-1.001212996343979,2.541266618993568,3.3368375461569295,-2.9985258073327032,-0.01850018838209198
-1.0012116400070363,2.542264856382405,3.336837506002844,-2.9985263695069397,-0.018521447768533244
-1.001210932580347,2.542263483173541,3.3368373691515734,-2.9985263695069397,-0.018521447768533244
-1.0012106669634449,2.543262255943599,3.336837189329569,-2.998526931664423,-0.018542706521406143
-0.9892106947518571,2.5412612626583675,3.3368369922280383,-2.9985177150673783,-0.018488044054218066
-0.989209662467339,2.5412586682143457,3.336837497339182,-2.9985177150673783,-0.018488044054218066
2.543791118241475,2.675256967284651,3.336837404884294,-2.9962105640163115,-0.017761286152678014
2.578050382288853,2.67884853020636,3.336986969310995,-2.9961898847587913,-0.017811913748641422
2.5782642846210355,2.68259992074035,3.335963816509688,-2.996194103395952,-0.01790790506343071
2.578176231238955,2.6867110101349434,3.3326978387338313,-2.9962022620056836,-0.018025807400894458
2.577994251809117,2.6887207548148,3.26738340085548,-2.9963314349053523,-0.018780421854026497
2.5607520881696235,2.689748614240467,3.1871116767587964,-2.9965010593009107,-0.019695311860615863
2.5605019741901702,2.690791050256795,3.1309173364386353,-2.996611940229386,-0.020330069389223774
1.1702967829673812,2.6888152642287846,3.130812347630916,-2.9975481634395793,-0.021694259436511928
1.1700619663675527,2.6879731190754255,3.3687246537679583,-2.997078746473895,-0.019065631589819523
1.1699856519776726,2.6519661629397193,3.083782808544276,-2.997619952301927,-0.021422576047204645
1.2149965730694898,-0.8070429004586076,3.083877685518872,-2.99564507867849,0.05215793862988185
1.2165866865443369,-0.8093512780036333,3.083164652790124,-2.9956452500814303,0.05219051035855088
1.2121014252708613,-0.8003680771880952,3.0853495814625216,-2.995649741310208,0.05201603313282745
1.2122813226241935,-0.8051401171197818,3.085314464059251,-2.9956469305563003,0.05212232563005522
1.2133638056075569,-0.8058840462149628,3.0852104085787606,-2.9956456939160545,0.052144600251875194
1.2133530498037879,-0.8056001686589334,3.085116900049292,-2.9956456939160545,0.052144600251875194
1.2122914121249124,-0.8053120152002329,3.085059760493081,-2.9956463682982943,0.0521435881843383
1.2072072490717562,-0.8050341562765648,3.0850380720493717,-2.9956497400487168,0.052138528087938237
1.2091217808716415,-0.8057734428639987,3.085040901827183,-2.9956478292406503,0.05216180958810599
1.2120489157830032,-0.798534983179529,3.0850572055496626,-2.995649741310208,0.05201603313282745
1.2119937128493763,-0.80231909269034,3.0860777472632543,-2.9956455226688234,0.05211202366051134
1.2039587216795247,-0.8051268007221126,3.0840975957830237,-2.995653170943815,0.05214579430200793
1.2119401373830432,-0.8039542445544083,3.085113463363407,-2.9956463682982943,0.0521435881843383
1.2139347459013061,-0.8088026531511716,3.0851261285046228,-2.9956422088602954,0.05225190469599764
1.212939823781991,-0.802670948272472,3.085135955627636,-2.9956462561740604,0.052123337697592115
1.2129476291230177,-0.8035529531674155,3.084142062166193,-2.9956476638687968,0.05213364506217719
1.213956439836797,-0.79444960665241,3.086145866505472,-2.995648109120621,0.051965235137695895
1.2139644432148395,-0.8023596318608687,3.0841486901985995,-2.9956475518249515,0.0521133944547888
1.2139720244386465,-0.8032823227916673,3.08315120706431,-2.9956489595196882,0.05212370181937389
1.2139775196871199,-0.8032139637830149,3.082153262075038,-2.9956509295311404,0.0521127463031816
1.2079806297564204,-0.7971544630924201,3.084154901155625,-2.995654408631133,0.05200102991426628
1.2189813400453058,-0.8021022250442689,3.084156172221578,-2.99564417999414,0.05211845467183107
1.2139828572524438,-0.8100596096744297,3.083158386874756,-2.995645024383799,0.052272514356620906
1.2139845512825769,-0.7930218415054369,3.085160042722892,-2.995650641256049,0.051933022135767434
1.2149821190800556,-0.8039860806168065,3.0841599614220034,-2.9956457530607303,0.05215692656234495
1.2149813509342844,-0.7999579834435394,3.086160225071856,-2.9956440617264675,0.05209380225674365
1.2149809381029968,-0.8039329684397575,3.0851607344372565,-2.9956437831079876,0.05216788175204295
1.2079804215233265,-0.8019111485537401,3.0851608589108257,-2.995649627924483,0.05211827760119206
1.2129789145058885,-0.801890662418892,3.086160289007202,-2.995644286162608,0.052134293213784405
1.2129782511322047,-0.8028745747412553,3.0841604159410796,-2.9956476638687968,0.05213364506217719
1.2129780554112441,-0.8048600998483803,3.0841606054579245,-2.995646539620846,0.05217616003364954
1.2089778647004608,-0.7968472029631324,3.0861608168063253,-2.995649794365087,0.05202395256705126
1.2109771792425834,-0.8038357534888085,3.083160829577218,-2.995650420381655,0.05214192334378379
1.2149770870717682,-0.7958260215748771,3.0851609688156123,-2.9956482805018827,0.05199780666051285
1.2149770664071036,-0.8028181790232269,3.0851615105047623,-2.995644345231963,0.05214662426630678
1.2149784313916023,-0.8028126069130358,3.0861623094515753,-2.995642375220511,0.05215757978249907
1.2149797137276757,-0.8058066594867179,3.084162669300519,-2.995644628812779,0.052199441533817295
1.2149800864956415,-0.7918011099697164,3.086162199443703,-2.9956485591203625,0.05192372716521355
1.2139781452671614,-0.8057950990941569,3.08516106701705,-2.9956433332422767,0.052209384655978394
1.2129787410508661,-0.8047924607230031,3.0851609746839284,-2.9956445696681033,0.05218711522334754
1.2129792473212722,-0.7987887707600496,3.084161135065929,-2.9956499126327594,0.052048604982138695
1.2139777177932705,-0.79778461582034,3.0861606073538326,-2.995645860490689,0.0520502701491875
1.2139772318207362,-0.8047823715200315,3.08416071088308,-2.995645865318995,0.052177171980544224
1.213978085662329,-0.8037808796851007,3.085161191740912,-2.995644457490228,0.052166869684506054
1.2149786120702055,-0.8017786671405444,3.0851615348458603,-2.995644907489969,0.0521253617120237
1.2139786606962397,-0.803777134722198,3.0841615559959945,-2.99564642744297,0.05215591449480805
1.2139785875662494,-0.8027752996741275,3.086161295360948,-2.9956430496027506,0.052156567714962174
1.209978912846434,-0.8027742409405019,3.0841613728194286,-2.995649686935128,0.052130608980208715
1.2149783642141183,-0.8027722447960497,3.0841609533539653,-2.9956463151847057,0.05213566907660878
1.2139779545599096,-0.8037708476381291,3.086160980098488,-2.9956424874787753,0.052177825200698344
1.2089789282719932,-0.8037712405052672,3.0861616617783687,-2.9956458592291977,0.05217276510429828
1.2149791550268723,-0.803769963199363,3.0851616581937114,-2.9956437831079876,0.05216788175204295
1.2139790360384741,-0.8037690196404037,3.085161524332295,-2.995644457490228,0.052166869684506054
1.2139790923591969,-0.8027686233069193,3.085161387034656,-2.9956450196142033,0.05214561219876988
1.2139787499569565,-0.8027676906768667,3.0841611577970798,-2.9956469895669455,0.05213465700907188
1.213978230668364,-0.7987666124290901,3.084160882987035,-2.9956492383309086,0.05204961692903338
1.2129773006992952,-0.7967657304626851,3.084160654853921,-2.9956510368807105,0.05200609001066634
1.218976450434775,-0.804765083295885,3.0841606647294135,-2.9956424934881833,0.0521822321975865
1.2189779586141547,-0.7977666324346333,3.0831617792534605,-2.9956483985768148,0.05202246447064149
1.2129780287384704,-0.805766084610785,3.0841619619791105,-2.9956459774968707,0.05219741751938571
1.2129784652141469,-0.8057660002420503,3.084161871793661,-2.9956459774968707,0.05219741751938571
1.2129792142307745,-0.8057660327311824,3.0841619355072627,-2.9956459774968707,0.05219741751938571
1.2129794305436996,-0.8057658330565979,3.084161894513853,-2.9956459774968707,0.05219741751938571
1.2149795602073454,-0.7977656090020264,3.084161841899613,-2.9956491260726437,0.0520293715108341
