u_q_m30,u_q_0,u_q_p30,y_q_v,y_q_delta
3.4380000233650208,-0.41900014877319336,3.356000006198883,-19.275442250635347,-36.05659963736274
3.4911806207820972,-0.5557629505489959,3.237655272542036,-19.26749960094292,-35.92664939274533
3.4413928061606125,-0.4793408895399801,3.1796638501505594,-19.251752469147437,-35.597059952138025
3.447609969552728,-0.16361036941669943,3.0223859920016833,-19.22968679885999,-35.458948033421215
3.062266978605155,-0.05002197946638398,2.7555773072600562,-19.231147808096264,-35.2008137454287
2.5633436983710625,-0.0076997886463365806,2.4316921658577475,-19.24196598879465,-35.68907512805131
2.01384993959297,0.01564280430478293,2.101810787416682,-19.249418343516393,-35.607268780679945
1.501129896079372,-0.01063896828565103,1.7990215501170912,-19.288942792178403,-35.79854738291542
1.0629802719567811,-0.06904593379022306,1.527884425104253,-19.304296509044512,-36.083522731102484
0.7446671150713109,-0.13376928420619405,1.291969298466321,-19.307912761734315,-36.12172070760965
0.5420429220445016,-0.20276883082779198,1.1044155432361666,-19.31241776247785,-36.1637117762096
0.45025535071950795,-0.25506786105836443,0.9576147840260081,-19.303198324426138,-35.86118698895669
0.4384467049379994,-0.3209661995959694,0.8553485086524084,-19.29982709796555,-36.05725744494153
0.4911984415900803,-0.35210520830604886,0.791848465966436,-19.287093516065628,-35.75949971466749
0.5849655214617933,-0.383051460711583,0.7618569373764936,-19.292701813556057,-35.771258282129146
0.702522478341415,-0.4006668439128739,0.750647415446033,-19.29437241797556,-35.731667071325646
0.8211308951310183,-0.42073487962901723,0.7561496174289593,-19.30203400869652,-35.99679329693693
0.934809163743068,-0.420673972484481,0.7720413295264672,-19.310620179648044,-36.02465812408473
1.0354319596242938,-0.414545261603861,0.7864915733944757,-19.310620179648044,-36.02465812408473
1.114409381793307,-0.3949870786685908,0.8000531117376442,-19.298662675482994,-35.80768292655676
1.1719533238077076,-0.3947899383384098,0.8101538175722025,-19.298054666017293,-36.053884097067055
1.2168908761327977,-0.38410890207287735,0.813823149748294,-19.298054666017293,-36.053884097067055
1.2434783186841694,-0.36233787432753745,0.8177871994186443,-19.298979368942096,-35.81662274627565
1.2575105863946439,-0.35469036376384006,0.8135999623005303,-19.298979368942096,-35.81662274627565
1.261092705800463,-0.3543984313602657,0.8077058250984295,-19.305435596021404,-35.940626089473554
1.2582662659079862,-0.3580985607191505,0.7988231570167459,-19.310507509329184,-36.101647564738016
1.2530805215959906,-0.35661346589366255,0.7879247766423569,-19.310507509329184,-36.101647564738016
1.247247814704528,-0.3474102009207652,0.7740319735443957,-19.29883647756,-35.88210977589702
1.239918580063184,-0.3483788851624403,0.7635720041193945,-19.29883647756,-35.88210977589702
1.2351098869354473,-0.35050224705235605,0.7494371434852685,-19.290250183914235,-35.854244901077145
1.2307376434460027,-0.3600567456320169,0.7408476422228274,-19.294719394427773,-36.00890011016771
1.2292912040211954,-0.3628772073947837,0.7334322808226954,-19.294719394427773,-36.00890011016771
1.2304688407264384,-0.3694881043945045,0.7278802702816018,-19.299331496323408,-36.098068289636934
1.2330042670215264,-0.37180766626656253,0.7233384736353767,-19.299331496323408,-36.098068289636934
1.2384319266674613,-0.36255674647507885,0.7191214208026189,-19.29376448638104,-35.84947827123426
1.2428552044061631,-0.3749394313132428,0.7178552242606471,-19.305506942867854,-36.100467720297395
1.2477593685595343,-0.3763761168691035,0.7153006222716201,-19.305506942867854,-36.100467720297395
1.2487138722133704,-0.3659915793230105,0.7141347133937028,-19.292308625197638,-35.855044695406605
1.2520790602994465,-0.3664220815824647,0.7131719980766711,-19.292308625197638,-35.855044695406605
1.2551946129099716,-0.36715283436010365,0.7117660268199879,-19.292308625197638,-35.855044695406605
1.2564698040456008,-0.3678351480842946,0.7127513828015752,-19.295572472069523,-35.86857702208382
1.2586124055217258,-0.3684894813209691,0.7118060452560484,-19.295572472069523,-35.86857702208382
1.2603620768178443,-0.36708421080829473,0.70898331294118,-19.288973049165985,-35.81005017341125
1.2616681206485878,-0.36758577495788813,0.7082586004930418,-19.288973049165985,-35.81005017341125
1.2627593901558263,-0.37922690146861887,0.7084100021131139,-19.298657368811533,-36.060250363240925
1.2643566795727308,-0.3678915399716531,0.7074101527903887,-19.290995778090572,-35.79512413762965
1.2644658106579634,-0.368071525745451,0.7073688397073603,-19.290995778090572,-35.79512413762965
1.2653359778826752,-0.37067216987469453,0.7063536966477737,-19.29227260839669,-35.83930833019953
1.2656176006160837,-0.3711526200929068,0.7056655095282078,-19.29227260839669,-35.83930833019953
1.2659573268784494,-0.3706011626956888,0.704087885806175,-19.288973049165985,-35.81005017341125
1.266198932587025,-0.3720325660001512,0.7035737607852837,-19.289611464319044,-35.83214226969619
1.266556087537733,-0.37250263382350024,0.7030195364804017,-19.289611464319044,-35.83214226969619
1.2678205898573198,-0.37292931517873185,0.7026174189199481,-19.291669905602447,-35.83294206402565
1.2681802560609272,-0.3663187237206144,0.7012422632993442,-19.284539551011264,-35.67112079443176
1.267992570838456,-0.3666482862384932,0.7010939178744624,-19.284539551011264,-35.67112079443176
1.2671720969367297,-0.3862132415898036,0.7035718273938225,-19.302595343195293,-36.11160061631415
1.2685759291000496,-0.38676748116201587,0.7028426081660202,-19.302595343195293,-36.11160061631415
1.2702251138587384,-0.3784995279104027,0.7022812916154177,-19.296885014734453,-35.92848704476475
1.2707924671917712,-0.37818066813138307,0.7013441897745114,-19.29422387065681,-35.92132098426141
1.2711080908052343,-0.37803396770278275,0.7009018142564911,-19.29422387065681,-35.92132098426141
1.268998632253206,-0.3768519897373461,0.7005765333391851,-19.28946857293695,-35.89762929931754
1.2688084693293722,-0.37673430535658586,0.7002751539665528,-19.28946857293695,-35.89762929931754
1.2686846655888502,-0.3777156294659188,0.7029583987202765,-19.29809057894153,-35.941220004248486
1.2686876001423175,-0.3788407665847019,0.7006459655471176,-19.29340654732071,-35.94897955239077
1.2687888432479135,-0.37877186748845126,0.7005128359125514,-19.29340654732071,-35.94897955239077
1.270012754232253,-0.37663257659320093,0.6993865945063198,-19.29152701422035,-35.89842909364701
1.2699346061321566,-0.37663328332298707,0.6993038407396597,-19.29152701422035,-35.89842909364701
1.2690186368781577,-0.37566561679686156,0.7001227532989214,-19.291491301861537,-35.88270326353594
1.2699802344541258,-0.37770601948559435,0.7000490628092124,-19.294826573451054,-35.927687250435284
1.2701952015376574,-0.3777962721986111,0.699904893199391,-19.294826573451054,-35.927687250435284
1.2703088918966103,-0.3757876803327925,0.6989223915725598,-19.290888599067294,-35.87633699736207
1.270340956461546,-0.37575106180369056,0.6989496074737733,-19.290888599067294,-35.87633699736207
1.2723963919654393,-0.3738284928592037,0.6988473064547329,-19.29372846958009,-35.833741906027186
1.271200236864452,-0.37297207808347266,0.6988390988949704,-19.291031490449388,-35.810849967740715
1.2711057294663481,-0.3731364418118712,0.698766019627791,-19.291031490449388,-35.810849967740715
1.2700430432916212,-0.38530106500449074,0.6987094920875689,-19.296634639886946,-36.07517639902253
1.2728554341875853,-0.3764982508692354,0.6974242079601876,-19.292344460250693,-35.87077057318972
1.2724648532271337,-0.37626828988281524,0.6980382942095069,-19.292344460250693,-35.87077057318972
1.2728398887438153,-0.3934214904965963,0.6987798483735421,-19.305859270814587,-36.25352334072905
1.2739779844551613,-0.39336666995236375,0.6983953884085969,-19.305859270814587,-36.25352334072905
1.2723913849446915,-0.37366938637517666,0.6989197105419125,-19.289611464319044,-35.83214226969619
1.2717680146315873,-0.37499424515986124,0.6993507425029826,-19.290888599067294,-35.87633699736207
1.2716778058676623,-0.37499226003593844,0.6985983555595787,-19.290888599067294,-35.87633699736207
1.2708248425743705,-0.374936122889162,0.6984382650314149,-18.72737877717551,-35.87633699736207
1.2728793656616881,-0.37054554831078745,0.7004729382365196,-18.72737877717551,-35.87633699736207
1.275675016387107,-0.37055851767293635,0.7055787906838344,-19.296210887222582,-35.89066911836874
1.2766583092988997,-0.38189065758202495,0.7058356856087515,-19.292308625197638,-35.855044695406605
1.286504609846634,-0.38288669627983,0.7107931481044738,-19.292308625197638,-35.855044695406605
1.3008394624321578,-0.37593479982460964,0.7157109537535904,-19.295005604328338,-35.87793663369306
1.3045210945702226,-0.3736509222190445,0.7172947654501378,-19.295005604328338,-35.87793663369306
1.3038870968927432,-0.3813625131706197,0.718079092987085,-19.202880739028544,-36.106034192141806
1.2997514920099116,-0.376979407044755,0.7197454540616537,-19.207528935596308,-36.08254876621639
1.2943624594356158,-0.37587863563277346,0.7182344352747068,-19.207528935596308,-36.08254876621639
1.28755132193161,-0.3688105492227341,0.712130726001746,-18.84296362748679,-35.87633699736207
1.2844243395569803,-0.36508135654943313,0.7111839326915725,-18.839664068256088,-35.84707884057381
1.2832694225671797,-0.3656653603161905,0.7117119951495425,-18.839664068256088,-35.84707884057381
1.2828012918523362,-0.381240111429258,0.7157015135065548,-19.299295783964592,-36.08234245952587
1.2890858098382543,-0.386002214787541,0.7183649469559241,-19.299295783964592,-36.08234245952587
1.296940990162485,-0.3870059605800747,0.7221413462820321,-17.71267299916648,-36.10443455581081
1.3136180002686642,-0.3551749079317724,0.7311544444068137,-17.705011408445518,-35.83930833019953
1.3216774172299948,-0.3521733591893387,0.740217448898139,-17.705011408445518,-35.83930833019953
1.3236773496641092,-0.3749580333696854,0.751609424717798,-19.29479086109224,-35.91196142032422
1.346465746023454,-0.38868608704902563,0.7649252399550406,-19.29479086109224,-35.91196142032422
1.37415077940494,-0.3877450203115113,0.7810506793364733,-19.300113307866116,-35.92629396846689
1.4065392536234889,-0.3478843706782854,0.7926809933395442,-19.293836030916683,-35.624149610789054
1.4044291313618187,-0.33887889721945136,0.7926039587618239,-19.293836030916683,-35.624149610789054
1.3870073108714909,-0.33030252633801693,0.7872284270729937,-18.168842261147333,-35.59268736779886
1.3662885503263595,-0.3300288190081945,0.7809065944706859,-18.178562415845935,-35.85861343541168
1.3438720228372447,-0.3299199255563586,0.7739067178696635,-18.178562415845935,-35.85861343541168
1.3164077240753027,-0.3342281214827893,0.7749715329443543,-17.99370132574542,-35.6040270453142
1.3180203867425138,-0.33805910574410203,0.7795216366851783,-17.99370132574542,-35.6040270453142
1.3316476675271964,-0.31717396161443207,0.7891853799810291,-18.675968601612006,-35.05965888773548
1.341492386666404,-0.29894878813361436,0.8008466459708452,-18.653121414159756,-34.451360617964454
1.3604183336424533,-0.29988970616543853,0.8109953155000507,-18.653121414159756,-34.451360617964454
1.3819777469281211,-0.2692941766866477,0.8281882406948284,-18.186871400269855,-34.052690183824176
1.3876043185583704,-0.2633885859390964,0.8343412775517232,-18.186871400269855,-34.052690183824176
1.3850563609998598,-0.21539579302955705,0.8582056292884621,-18.635888342033912,-33.16237793602162
1.3708896627977998,-0.17985169702712683,0.8637076293454689,-18.610988402283038,-32.172332999731246
1.3643338087666672,-0.18429834308754373,0.8645073037469673,-18.610988402283038,-32.172332999731246
1.3521180942217397,-0.1398804552080281,0.8774014874792226,-18.552089933068025,-31.29333490166726
1.3169819915152492,-0.09994979224175118,0.8858749828014783,-18.504684556393062,-30.353182568869787
1.3025344788523414,-0.10767453481526984,0.8823384030103192,-18.504684556393062,-30.353182568869787
1.2861982984007523,-0.0543152072684788,0.8987556942191559,-18.77772647535178,-29.087283186895245
1.269656347687706,-0.06806861090417551,0.8961464208243841,-18.77772647535178,-29.087283186895245
1.2378386134790342,-0.026614296896090836,0.9039518138884626,-18.814480527963745,-27.947687429702373
1.2241974230755757,0.014989501435963455,0.9098306126459486,-18.79909153643908,-26.876641207918084
1.2100524193106352,0.0005036392467846415,0.904866089728146,-18.79909153643908,-26.876641207918084
1.173267902578771,0.04667024433436552,0.9199251516674032,-18.764568486671983,-25.65942240118988
1.15794200834187,0.031179484569983977,0.9169411675804975,-18.764568486671983,-25.65942240118988
1.141657058297628,0.07149492072658727,0.9177062211030145,-18.729095515146174,-24.41538456244096
1.1037291874863273,0.10850544772088085,0.9295329319787986,-18.675693844060177,-23.294692045743165
1.0952899559328473,0.09003310371237098,0.9275091320422959,-18.675693844060177,-23.294692045743165
1.0818626903698467,0.11582675002298279,0.9446132341557676,-18.678999186088138,-22.429432581046925
1.0571772302876115,0.1501358954690431,0.955073202341024,-18.62794204492998,-21.306966518701582
1.0546722253908052,0.13155861318413553,0.9567027782479225,-18.62794204492998,-21.306966518701582
1.0398932466459936,0.1639656670575077,0.9655264571548354,-18.583734275824604,-20.22471755217264
1.0381511547216244,0.14629376478267933,0.9694097463171998,-18.583734275824604,-20.22471755217264
1.0272474343135998,0.16413193776182447,0.980045134302876,-18.555881723768415,-19.482642278060123
1.0273999856934353,0.18743299843524253,0.9982532405431543,-18.56759978393609,-18.699221344541193
1.0283220519753717,0.1704438768209125,1.001298401533048,-18.56759978393609,-18.699221344541193
0.9963090909097518,0.19089916405580565,1.0123463983740555,-18.49793950028184,-17.919057896866217
0.9960557940055623,0.1765339291666585,1.016161791533102,-18.49793950028184,-17.919057896866217
0.9867913513110924,0.20222003415386797,1.0247135576745867,-18.368674799823086,-17.054578654646722
0.9770186392887643,0.2113268063252547,1.0394366035332978,-18.366795514194393,-16.618852898326008
0.9774165611328649,0.1965708951355598,1.0415042324750425,-18.366795514194393,-16.618852898326008
0.9659567744100412,0.21106296305198913,1.0478157223562876,-18.18497568908869,-15.975109596025382
0.967799844622002,0.19924397053779225,1.0524626360849156,-18.18497568908869,-15.975109596025382
0.956311393638567,0.22021572418583862,1.0649026092577878,-18.15428323699288,-15.275624193371812
0.9500453755821976,0.2433900244755266,1.0702397883622652,-18.11419242624231,-20.414424842008202
0.9750324927954015,0.2336676423256956,1.0701494995622194,-18.11419242624231,-20.414424842008202
0.9774231949530248,0.26306976755620304,1.1034982379785467,-18.122957874104667,-13.916308966480122
0.9711900233900805,0.3055230357343698,1.1154404026879101,-18.084113408663562,-12.868335723136143
0.9742643611029549,0.2964323430481593,1.1125803685577815,-18.084113408663562,-12.868335723136143
0.9789602502296644,0.3302202835793503,1.114833594233044,-18.079762416214486,-11.99895317954316
0.9717695885885278,0.31980854396996544,1.1165102772721909,-18.079762416214486,-11.99895317954316
0.9701437795482537,0.34814263890289915,1.1182719297420247,-18.0650832596011,-18.558601003129894
0.992578965631091,0.3881101493839152,1.114572930035893,-18.044055250537696,-17.46428246115612
0.9947326825661147,0.3877091921318565,1.1279964228817763,-18.044055250537696,-17.46428246115612
1.0201925278271582,0.45798235754543404,1.1280080857333759,-18.017608350276188,-8.35456395662393
0.9956093174128173,0.45613397752488277,1.1400529549360363,-18.017608350276188,-8.35456395662393
1.0244330674373057,0.5122603727337542,1.104954460502646,-17.983719504549136,-6.655447322057986
1.0346722637930301,0.5666829721289105,1.1020383541876697,-18.002165428233706,-5.224250698179681
1.0170512846501958,0.546507371314532,1.0980485269521751,-18.002165428233706,-5.224250698179681
1.0210737824475271,0.6015313111846302,1.072544844372982,-17.930871972902793,-3.3576872221114806
1.0143122703250902,0.6684197801417088,1.0671059786172274,-17.873308317405417,-1.3262862452048125
1.0004909229445733,0.6411026111296618,1.0673610506952071,-17.873308317405417,-1.3262862452048125
1.0199371502793273,0.6893338962015637,1.0494195102515165,-17.949431931025934,0.4972482092293356
1.0092540327589843,0.6598199192099643,1.053876599814397,-17.949431931025934,0.4972482092293356
1.026131631215292,0.7154290827626227,1.0458437299769137,-18.023210758345332,2.447409623713615
1.0351519312131514,0.7719154353784758,1.0165524010199927,-17.90937439891623,4.5412958215256465
1.0274730385460122,0.7424913777913889,1.0191540811384723,-17.90937439891623,4.5412958215256465
1.0444134451151017,0.8082124209114773,1.0190652790679602,-17.8919483026932,6.6234018558799965
1.0315336970844382,0.7777556834643303,1.0231462558105537,-17.8919483026932,6.6234018558799965
1.045466132065516,0.8248523309184937,0.9873148035342862,-17.78542105381726,8.6052227160604
1.0556595488932414,0.8898832119301473,0.9639727488975205,-17.694120509555958,10.865888863367106
1.0455936024521106,0.8580985246085879,0.9660994111360175,-17.694120509555958,10.865888863367106
1.0501546759641092,0.9069767534266633,0.9518534292492955,-17.624456411605202,15.63444492120703
1.0580249311711452,0.9588455857114466,0.9229520460670533,-17.527302216843292,17.755962984458446
1.0479939819627022,0.9199043790450578,0.9221597522443554,-17.527302216843292,17.755962984458446
1.0434608961481686,0.9558332677381935,0.9044141453719936,-17.435030683401095,19.546743567003936
1.034706093433686,0.9168691772914856,0.9111057312914776,-17.435030683401095,19.546743567003936
1.0611025920194104,0.9547299349738585,0.8909442978971649,-17.306775533712738,18.579594081334395
1.0698207441043945,0.9675292722171873,0.8899545555736381,-17.258318479223966,19.71791513502023
1.0758325947654659,0.9352124342615442,0.9014652000482481,-17.258318479223966,19.71791513502023
1.089611081920773,0.9732107122967091,0.8832727219821237,-17.149972479418082,21.47048792877523
1.095352340446329,0.9462151898150002,0.894880142187132,-17.149972479418082,21.47048792877523
1.1280832479400589,0.919334221616636,0.879395596353143,-17.13671277697589,21.61054770575612
1.1381692737603366,0.8951935263248108,0.8616475453470271,-17.07369762306152,21.794468007698402
1.1466582656308413,0.8742052719873556,0.8691008944651242,-17.07369762306152,21.794468007698402
1.1731432760517988,0.8548774364729683,0.8754970984431765,-17.112808498223117,21.77927172475035
1.1791931361726622,0.8368672018522281,0.880888254491345,-17.112808498223117,21.77927172475035
1.1917398607187915,0.8219637381009401,0.848364027187344,-16.880145069654436,22.03882074864739
1.1990946483355813,0.8112990126155268,0.8267753653681891,-16.817129818468597,22.222741453889626
1.2017868570875914,0.800142567675034,0.8299377423295895,-16.817129818468597,22.222741453889626
1.2028471383209514,0.7865292604295833,0.8324845335543896,-16.817129818468597,22.222741453889626
1.2339702036784739,0.7759403443559734,0.8359362009736131,-16.872708407938774,22.201146744797775
1.2396853161064612,0.7669782541973285,0.8394518788513343,-16.872708407938774,22.201146744797775
1.2487792657458918,0.7599779694295015,-1.446258858104572,-10.787446544554012,41.44452352626415
1.2134755366391858,0.7962794526064989,-1.4023438033037179,-10.787446544554012,41.44452352626415
1.250428520490833,0.7563413137728483,-1.3276723425157533,-11.027852116139014,47.15731255100902
1.2196773796065061,0.6377837254970891,-1.2159114318603166,-11.210518072273087,46.69388071567871
1.3250849290769513,0.572196891987127,-1.1473609845884192,-11.210518072273087,46.69388071567871
1.4627816069579338,0.5256676569775203,-1.038029108969257,-11.251288806335555,37.514287274838495
1.6501168064491296,0.4925488657432533,-0.9479268260741591,-11.251288806335555,37.514287274838495
1.8030067481750205,0.8977825377111539,-0.8340606891784859,-10.994167809099961,46.596193207191355
1.9077715104059347,0.9185033482721248,-0.667452510410818,-11.1528121865572,57.481224727369536
1.9600972157922576,0.907659399465059,-0.5972479933878176,-11.1528121865572,57.481224727369536
1.9902146123072266,0.886308210244293,-0.5411722727346944,-11.201316214494867,46.478525265052426
2.02123244186034,0.8825636515856417,-0.5087930008516177,-11.199186508873069,46.639168896843735
2.017199342557052,0.8754252648851271,-0.4668956881162498,-11.199186508873069,46.639168896843735
1.9791272365020163,0.8990584901736147,-0.3844792656763698,-11.27461369180084,47.0693842294292
1.9516154559358276,0.9393138916523807,-0.3072668035063144,-11.402678072152295,47.735161284683294
1.9225848568342363,0.927845344904318,-0.3037097073041568,-11.402678072152295,47.735161284683294
1.8889383645046043,0.9681042973646417,-0.24333889298632183,-11.53429228754984,48.38997733633115
1.8529463450380395,0.9580378142180535,-0.24880515541768866,-11.53429228754984,48.38997733633115
1.8164852941300698,0.9989073453813258,-0.19852542224834213,-11.656007453068502,62.526270361837
1.7332978840463469,1.0424147940255348,-0.120981547753926,-11.813171286220703,63.31603140200429
1.6827911161669915,1.0014090735583927,-0.1552590087480039,-11.813171286220703,63.31603140200429
1.6180863860677834,1.001558820781682,-0.16779382663902465,-11.78833736724453,62.23874866183919
1.5203390424974252,0.9816900804582305,-0.18081078977027598,-11.661463619699063,62.728406799414095
1.4869564110685105,0.9398040805361012,-0.18865991158411233,-11.661463619699063,62.728406799414095
1.3858668777534033,0.9321807666611659,-0.20094600824511644,-11.453717424318915,57.0935621332164
1.3024197543935776,0.9456541225803674,-0.2105139661072517,-11.21701541930653,58.324185236279526
1.308527574029524,0.9219212891608333,-0.19562856541039175,-11.21701541930653,58.324185236279526
1.2855072832764742,0.9327358788243427,-0.18926191310819496,-11.115394051040408,72.15660869864513
1.2600930830029329,0.9087285679136747,-0.16430226565515316,-11.115394051040408,72.15660869864513
1.2645574675277345,0.9148347948739266,-0.20810534041341366,-11.115928844437919,73.39927465004672
1.2509860312406063,0.9007200166995752,-0.2851518475810091,-10.865957359840017,74.37942696155082
1.2520979234710574,0.864863675558837,-0.27773673445998326,-10.865957359840017,74.37942696155082
1.253503550034698,0.824144618065632,-0.3378322272868297,-10.663622428586653,74.809209575577
1.2621640531669427,0.7828300372892905,-0.46282520278799,-10.309190020225955,75.72149364124408
1.2724476324052856,0.7498403615356839,-0.4479447851862268,-10.309190020225955,75.72149364124408
1.3219927015629482,0.7135946153847121,-0.5877332283873837,-9.89091337241954,58.79628679560045
1.4320795359985048,-0.2954542787053742,1.091416531425967,-15.047223395163149,25.019224335241656
1.5748585795852352,-0.3180001459367734,1.0897841695754127,-15.047223395163149,25.019224335241656
1.6872300881399225,-0.231350275311053,1.1439267616176103,-15.082040725204754,25.56726479868338
1.7955600794209923,-0.09361205612153745,1.14115373920807,-15.082040725204754,25.56726479868338
1.79706586563028,0.04390572664272607,1.1730991568036722,-15.296965257475376,25.744466607215752
1.7544182706765716,0.18148869463041972,1.105435706775862,-15.35418925220146,26.54010458404616
1.6321449108192216,0.2683852426195461,1.022188035269983,-15.35418925220146,26.54010458404616
1.530088073885723,0.38104794034375167,0.9312434595963057,-15.386287911527042,27.71755497433036
1.4261495436607734,0.479796386848403,0.8438775174038677,-15.416471173172383,28.64518906544944
1.3111541048340123,0.518981306475254,0.7618272209272376,-15.416471173172383,28.64518906544944
1.2448053680841853,0.5805103365191762,0.6909313721841128,-15.459258809828444,43.91957499989492
1.1290969457735938,0.5950709310108646,0.6483180213676043,-15.459258809828444,43.91957499989492
1.1017708852797674,0.6092483776481064,0.5803146097507619,-15.597453217081627,30.420036329044688
1.1058454306096133,0.6018876571760197,0.7497862863315614,-16.183198771919898,28.846053008418117
1.1089845618949234,0.6007022291012889,0.7451621011616911,-16.183198771919898,28.846053008418117
1.1421922632013488,0.6045184929262513,0.8052134794375325,-16.261929473541112,27.691572365642777
1.1821031585054724,0.6202348517343985,0.8021517711561224,-16.261929473541112,27.691572365642777
1.208209286545335,0.6860794326389918,0.8050237537757798,-16.236534284934578,28.769191112619378
1.2233501768213322,0.7439569673402988,0.8099544737423625,-16.221390131493713,29.605974548923566
1.2327540835190085,0.7594540212365093,0.8049601392655892,-16.221390131493713,29.605974548923566
1.1957233086631973,0.8155076921502913,0.7981739645095756,-16.109539104170715,30.588795163856563
1.1923989241097388,0.870097956084821,0.7933016796277328,-16.082085197604826,31.538826416006994
1.1866574508167487,0.876699136115036,0.7871135587813383,-16.082085197604826,31.538826416006994
0.695237752131606,0.9265816315882975,-1.1573673114405674,-9.89365999683633,46.876033071726305
0.665012995676554,0.9710740612572706,-1.1230029208009733,-9.89365999683633,46.876033071726305
0.671585010764602,0.9827611166408041,-1.0621857802052896,-9.997416107847718,47.37840558993832
0.6626937345840842,0.9183301515284843,-0.964266557459311,-10.113027152507449,47.963557399833604
0.7827547179833787,0.8734530390222253,-0.8822501820506252,-10.113027152507449,47.963557399833604
0.9432692927515443,0.8856261683857818,-0.7323274579547101,-10.254532333403024,48.58213965444913
1.1147529241885819,0.8677907163441234,-0.626588418177848,-10.254532333403024,48.58213965444913
1.3070827723542053,0.909409368298796,-0.4714465579040976,-10.457389757544242,49.19920965648367
1.4620675140483907,0.9643542750546663,-0.3206763795306036,-10.642738286975586,49.86725913955438
1.5516021506083066,0.9705313561068909,-0.24842460087190088,-10.642738286975586,49.86725913955438
1.635322516424544,1.0219893316316844,-0.1273152176340948,-11.036828183428005,50.415167300831655
1.6875464758748493,1.0714049340105603,-0.05109195950840317,-11.192623109219983,51.02686521413511
1.6710647902060078,1.0740518903097145,-0.03283756632184698,-11.192623109219983,51.02686521413511
1.6728597281841846,1.1196678112159697,0.02931141913547064,-11.396958071384683,51.636085817473614
1.6158995088128476,1.1156350602185114,0.02244301487988265,-11.396958071384683,51.636085817473614
1.5848054593676704,1.1426314437175362,0.05021535391132925,-11.525331844208107,55.38124745938656
1.5430595220022494,1.165510792204815,0.07395849908790719,-11.682899086021896,55.86118337110083
1.474081859438956,1.1406021603896317,0.04593458140935103,-11.682899086021896,55.86118337110083
1.4464137099830077,1.1509550436698834,0.06648452723708731,-11.768407811528236,63.97464216261807
1.3668202538616434,1.1222559715594993,0.05225441901509398,-11.768407811528236,63.97464216261807
1.3433124108344001,1.0813176220830494,0.018324920459792837,-11.753396888897758,52.69759795761314
1.3433299350508308,1.057430864250712,-0.011544916544688366,-11.756134918716478,52.91154146860077
1.3264631825360458,1.036849540969043,-0.005467179071273032,-11.756134918716478,52.91154146860077
1.3681913623248336,1.040310390208906,0.006598319667056929,-11.933385431416376,53.5558017048315
1.3749407638942652,1.025577304256895,0.007621702481183323,-11.933385431416376,53.5558017048315
1.3950028944001935,1.04728603927198,0.04620187788118768,-12.050359063553087,56.481182420235825
1.4228063240991775,1.075842595292258,0.08892062106367637,-12.191315524163286,56.90203370296956
1.4238163699482347,1.0665623936718744,0.08237244741591132,-12.191315524163286,56.90203370296956
1.4508857530099402,1.0879512230882242,0.11440522778397244,-12.320479243838594,54.80878393721183
1.4542295365598332,1.1072563449045534,0.1358461893485754,-12.390528443939454,55.14374204236883
1.445025627639885,1.1027237319727399,0.13159495843653302,-12.390528443939454,55.14374204236883
1.4735139215424518,1.1315271175332922,0.1701385664314814,-12.566581481841807,55.19193246035151
1.4625530938804856,1.1267496059746662,0.1609868429263679,-12.566581481841807,55.19193246035151
1.4508776698705044,1.153252092676754,0.1998101489101265,-12.528577264161582,65.50138551292709
1.4402662147248466,1.1805663145788756,0.23805282017662943,-12.685398833557585,65.92220423239095
1.4127663758044582,1.1549249013874427,0.21020644066049354,-12.685398833557585,65.92220423239095
1.3959645957797098,1.136667332760748,0.19677174314828272,-12.725256053666596,67.3036036149806
1.3666123654955369,1.1097955035042002,0.18482705345785155,-12.725256053666596,67.3036036149806
1.369912948506518,1.1028987179339897,0.18050065628520695,-12.782045331359551,65.54948643478485
1.3654338889576016,1.0756156501348473,0.18208746406842025,-12.819695006263236,65.5329418791956
1.3587399574767316,1.0483471461484961,0.17946973802651156,-12.819695006263236,65.5329418791956
1.3856087190314392,1.026545211956483,0.19379059412999444,-13.032124857746888,74.37256807364791
1.3627857241837882,1.0035736209496924,0.21656950246530293,-13.08780021698414,74.31222648260116
1.3544599781165103,0.9677027384861212,0.19930395797600076,-13.08780021698414,74.31222648260116
1.3616775789257307,0.9239457992845592,0.2078905497357555,-13.185952382789273,73.79501792010012
1.349983511861939,0.8916482966285044,0.19995499624587065,-13.185952382789273,73.79501792010012
1.338228395663564,0.8148602786468637,0.22157265451827257,-13.287173294114208,54.585221976050825
1.3970632282521267,0.7308542082640948,0.23077794254015527,-13.411915767182125,52.98609588666482
1.4196216610762415,0.7403644102286608,0.25600695425627373,-13.411915767182125,52.98609588666482
1.4585511023252122,0.7496114633818189,0.3083599741047651,-13.537558174668924,52.65864724917233
1.485445165018878,0.7732487444123737,0.3087540387967176,-13.537558174668924,52.65864724917233
1.5060406386683303,0.8323876186814254,0.35805858385432243,-13.672400106924634,70.93048696395704
1.4715322491897713,0.891905560756205,0.4107322546910308,-13.821871358221514,71.35492860329013
1.44083263469631,0.8854194654994547,0.3663687833267424,-13.821871358221514,71.35492860329013
1.390907008688587,0.8238314495855859,0.3893744824692196,-13.992742544705068,69.6301828575366
1.3564558122015482,0.8085727497229094,0.40184533350784535,-14.104762417781222,69.34750345252866
1.319024562756057,0.7887035193014618,0.3831340089791775,-14.104762417781222,69.34750345252866
1.2914295796583888,0.4682732908685989,0.39548474512264375,-14.369358198538801,62.51317477123783
1.2945463348592838,0.448142363341018,0.3746663096904024,-14.369358198538801,62.51317477123783
1.2551548190309756,0.28131303918893247,0.405630754743187,-14.488101655470407,40.79735566728233
1.313116090749368,0.21981648338186055,0.39168614020252956,-14.51617822571238,39.324319630821854
1.3465814042177526,0.25986877083947757,0.41915610384183855,-14.51617822571238,39.324319630821854
1.354958217882757,0.2997086937008482,0.45914990362101804,-14.527475975325418,41.98876552869755
1.3774216558381163,0.350897731295861,0.4603503635693804,-14.527475975325418,41.98876552869755
1.389009153034233,0.4454438484425669,0.5016439368565513,-14.630133961304903,57.74262887316967
1.3309810567504714,0.522224413509631,0.5405122227501331,-14.69993278368203,58.18767799240828
1.302858546567471,0.5370881560993723,0.49896909950706325,-14.69993278368203,58.18767799240828
1.250956451494603,0.5600786676436242,0.5049116001312441,-14.763019700337104,58.10069329556347
1.2128833655563431,0.5606717473757636,0.48260998370227703,-14.763019700337104,58.10069329556347
1.1153364016607972,0.5507654150364831,0.4844772576001066,-14.681697151334506,57.950244386515294
1.016956752764556,0.557808081658564,0.4758800406600634,-14.522985844313729,58.358757092879685
1.0027544002654953,0.5459314911045068,0.4690682612447117,-14.522985844313729,58.358757092879685
0.9027577015274506,0.5746564520272357,0.4712863198796624,-14.315306205795594,59.363864686435406
0.8022605331679151,0.5895042359801907,0.48386144102205986,-14.117555925572224,60.01289922761099
0.8110097442722028,0.5767071766367282,0.48907868347384165,-14.117555925572224,60.01289922761099
0.7578973740055983,0.5960757004749855,0.501912629606792,-13.972656757366384,60.803136904112684
0.7738937201083389,0.58285300773221,0.5145580113811365,-13.972656757366384,60.803136904112684
0.7606605839294969,0.5995107751499957,0.5264456635578072,-13.87801366874907,61.457719839125524
0.7775929363320673,0.6134262233865568,0.54095405931437,-13.853854207524712,61.99753208682789
0.7983465511516119,0.6049776206119288,0.5554624166918356,-13.853854207524712,61.99753208682789
0.8135173127222002,0.6233926582863356,0.5586355771214797,-13.803828622649258,62.66812430297301
0.8273232376603321,0.6170383427692538,0.5720503558970513,-13.803828622649258,62.66812430297301
0.8375652269231222,0.6233653234624459,0.5791362265812423,-13.783428096773205,62.978438236072236
0.8533505830294734,0.6381979610462802,0.567629361340237,-13.732661749282414,63.585698975945704
0.8567507566736721,0.6323421670535314,0.5753302097664845,-13.732661749282414,63.585698975945704
0.8914118018701398,0.6464616571373121,0.5443645239866655,-13.691381045154573,64.28125396873577
0.9165691505189661,0.6556282567092513,0.528650780689097,-13.682917914977537,64.76284872602747
0.913538291295338,0.6478110930589724,0.5317456880683213,-13.682917914977537,64.76284872602747
0.9472558751920945,0.6592873581940175,0.4838770041438418,-13.613253217561674,65.53343678197439
0.9421810241245505,0.6515886884928825,0.48717316539190536,-13.613253217561674,65.53343678197439
0.9747300747036918,0.6514240230366592,0.4883490692876027,-13.67955348904921,65.7042869513881
1.0011527756533432,0.6416150354947456,0.3584330598975325,-13.39003200414718,66.62622478172001
0.9983264249826074,0.6349837186885967,0.3621271051587889,-13.39003200414718,66.62622478172001
1.0237050080726626,0.633456050545246,0.25515073929107546,-13.146955891956184,67.39396488506387
1.0207872877917827,0.6229258492744414,0.26025428236965475,-13.146955891956184,67.39396488506387
1.054968601026483,0.6159504222937593,0.14627212570955694,-12.888055916955654,60.26493405219281
1.0906806272982865,0.6088624369127524,-0.03574034071438703,-12.406632949753403,61.58030704525646
1.110636182152584,0.6179331824073016,-0.010347169406365708,-12.406632949753403,61.58030704525646
1.1759716996570568,0.6192209776393556,-0.18513124454300312,-11.971742997768782,71.14671853491245
1.1763623571505626,0.622267977883721,-0.46645158493796823,-11.15437266501736,73.38712137864816
1.1964187154245893,0.6194204740240723,-0.4557378862966095,-11.15437266501736,73.38712137864816
1.2310414399775942,0.6023818333290656,-0.9162465554007424,-9.925485637217808,58.698810746037545
1.3084150151953748,0.5950819619156009,-0.8996815252739443,-9.925485637217808,58.698810746037545
1.3753746774913425,0.6068022461690625,-1.353064128729431,-8.562467447853859,62.32706331505351
1.472807675352648,0.6176737576197624,-1.3844207940264854,-8.37524008460416,63.10807418558167
1.5629497047580045,0.6344647168390538,-1.3276987241602134,-8.37524008460416,63.10807418558167
1.6714166303355384,0.6844149078688839,-1.2223496656152668,-8.525922162326786,68.84393529482554
1.7448420844583794,0.7014942054898321,-1.1547518814053708,-8.525922162326786,68.84393529482554
1.847495822797356,0.7576211239758202,-1.0374597856976089,-8.725388716521346,82.17966145619333
1.8888093483162764,0.7973453724943496,-1.0381855743343458,-8.600048602412677,83.13898279397564
1.9116481937538734,0.7894479461741617,-1.0186995488582433,-8.600048602412677,83.13898279397564
1.9323190889128146,0.7616954587820839,-1.136882335690321,-8.301591637801936,83.62623157468569
1.9176316484536693,0.6949931778817371,-1.141443012045945,-8.268405627104304,82.72199284316555
1.9018588287286988,0.6709933738335891,-1.1257565749822125,-8.268405627104304,82.72199284316555
1.881969565984454,0.580451673587369,-1.0905705724384471,-8.357913663624394,81.2381219434468
1.874549040406292,0.5525242513268829,-1.0778042087450432,-8.357913663624394,81.2381219434468
1.8672796193233498,0.461906876672892,-1.109102411000382,-8.276253815347618,62.0725600992176
1.9289615121880053,0.35311826122725254,-1.1137260028081355,-8.33200912917125,59.93187079757284
1.9576274256385344,0.37355587496106235,-1.0727163756683376,-8.33200912917125,59.93187079757284
1.9767921060878881,0.39069090227316927,-1.0541908466671426,-8.266093799167887,59.951066099840276
2.0068086717790186,0.4252582212724092,-1.03935950951919,-8.266093799167887,59.951066099840276
2.02898180401914,0.46417998249647807,-1.0313747840411467,-8.288781371442848,59.94866666917982
2.0534161462879688,0.5224304804118329,0.7894197053960867,-13.149666945100723,47.32678253684434
2.07612329425307,0.5272139647984888,0.7579034776173095,-13.149666945100723,47.32678253684434
2.0662924622421284,0.6073124216032539,0.7479119046959064,-13.216717044941603,54.788658325863985
2.0412474734273163,0.7204497817520776,0.7137118929132371,-13.224950932769453,54.785459100874064
1.924957396219892,0.7679408162598764,0.6292023234238775,-13.224950932769453,54.785459100874064
1.801767447100867,0.799024144387261,0.5393775455839998,-13.289754167930681,64.24510413075663
1.6080406371998,0.8126536925900867,0.4542514281831467,-13.289754167930681,64.24510413075663
1.4501315148977185,0.7967389545501322,0.6998825273687059,-14.22322477416515,45.07305607795288
1.3610899565140353,0.7757002173106793,0.8372095247396472,-14.83866195728484,43.368343018086684
1.2813797128631421,0.7738319269764142,0.7928387943803863,-14.83866195728484,43.368343018086684
1.2410155060843993,0.7803057477748689,0.7408850274073895,-14.795389726787379,43.3787404873859
1.2164996928184202,0.7977701668784145,0.695756522244739,-14.795389726787379,43.3787404873859
1.193343150087705,0.8121002973007991,0.6533914112057335,-14.826355536965005,43.37954028171536
1.1730845887191625,0.8268341801405024,0.6857506817376455,-15.003801411056847,42.88747513060573
1.1639531510807672,0.8405784233329623,0.6540876961144071,-15.003801411056847,42.88747513060573
1.161568494087617,0.8561342750205481,0.6532766143951605,-15.08624019310282,54.47368413780681
1.1258025362557982,0.4147608690283877,0.6806802817476854,-15.480704814300703,44.19132692800521
1.148540304689925,0.4071133073231956,0.6329606862102457,-15.480704814300703,44.19132692800521
1.1388266284720414,0.42365000960182053,0.6941074422262767,-15.65102025593018,49.973697066061135
1.1289650023896138,0.42691920074571055,0.6831890320896878,-15.65102025593018,49.973697066061135
1.1199427133010245,0.42255032912918145,0.7702328678963517,-15.94169147003378,31.186219953759796
1.1287805836556268,0.4271426202933881,0.8220707103367668,-16.081436092235684,30.61068848627839
1.1398127207158328,0.45536914447439836,0.8361210974745843,-16.081436092235684,30.61068848627839
1.1408203122712948,-0.7206660320595772,0.8665753028232572,-16.889621551099037,3.842767309974307
1.244210474556422,-0.6823206854452666,0.8306645981303538,-16.889621551099037,3.842767309974307
1.2771354115043985,-0.5891801345433951,0.8610850226470821,-16.872506923139703,3.9775234990778148
1.328691505363377,-0.5085198229797394,0.8596549274270799,-16.89815834374088,3.8127164896938397
1.3414740654975414,-0.4175677447505597,0.8412442586520408,-16.89815834374088,3.8127164896938397
1.3346620720243778,-0.29346834118534115,0.8325149449943785,-16.770987382484964,4.458606593749638
1.310237338038223,-0.1971548246349344,0.8100562494668773,-16.775778671000246,4.675968972226041
1.2823738051820874,-0.12380255378205707,0.7779368774555357,-16.775778671000246,4.675968972226041
1.2505432208191318,-0.03927838782255333,0.7517154959550592,-16.784772473583182,5.134962042428297
1.224419790366439,0.01541849653438021,0.7260551692923256,-16.784772473583182,5.134962042428297
1.2035269409950597,0.07748858758909183,0.723963873408696,-16.80715158388087,5.34673821131166
1.1734569764243465,0.15702822455525745,0.7176611041055838,-16.77323103921882,6.172420460596999
1.1649050424874559,0.1904879262080692,0.7065445861755695,-16.77323103921882,6.172420460596999
1.1627308550876632,0.24025562125466382,0.7201473055349332,-16.782648047271174,6.501627826949845
1.163657517338199,0.26360807516675755,0.7168917000645707,-16.782648047271174,6.501627826949845
1.1665336471805157,0.3232558854577703,0.7299914427545477,-16.78819078358864,7.287448143457169
1.1474137783107512,0.37825372373224875,0.7467349514456036,-16.75178246978958,8.045880186673639
1.152584205259779,0.39163460383833604,0.7498486616197195,-16.75178246978958,8.045880186673639
1.1535396274044492,0.43819981657088114,0.7531475313434743,-16.90013869167096,8.845252662950937
1.1519830026575715,0.4839433437190177,0.8100680755255811,-17.00744458704068,9.336667166958591
1.1531134400580454,0.48799468487379305,0.813093171456535,-17.00744458704068,9.336667166958591
1.1258459109593901,0.5452742451285746,0.821512298481939,-16.932574646749426,10.464932924096836
1.1166450956502225,0.5870880820975104,0.8584619118789409,-16.992617765324596,11.063245749959648
1.107639068964625,0.5850747252752915,0.8576674054901052,-16.992617765324596,11.063245749959648
1.0734383865422625,0.6198413784683199,0.8633487861750959,-17.036015435172555,11.8939331672564
1.0618118177284481,0.6152056427675989,0.8634153609673105,-17.036015435172555,11.8939331672564
1.0497990460595452,0.6588892593767737,0.8903021537500662,-17.14050113558911,12.815290204256119
1.0050544403377657,0.6860820431344439,0.9049651441662503,-17.09014330522742,13.50747244773975
0.9945693399353064,0.6767541752359474,0.9029980063647645,-17.09014330522742,13.50747244773975
0.9745503074491046,0.7089842112561193,0.9157979515465269,-16.963597703219097,14.315417044337966
0.9379887539034062,0.7380197333617644,0.9356192987780854,-16.938400992090386,15.054544030014364
0.9297307972286135,0.7261740311912308,0.9349644362149672,-16.938400992090386,15.054544030014364
0.9171197811028478,0.7471290751486233,0.9415244858854539,-16.837713179859772,15.7832607208703
0.8835810178210401,0.7713625366339618,0.960463853058311,-16.79555336634853,16.48796999661108
0.8829073374663672,0.7586950517136783,0.9635366769951608,-16.79555336634853,16.48796999661108
0.8809960822332878,0.7698341812194613,0.976743443997111,-16.781457696232195,16.97184704225516
0.8841187244542268,0.7577465130995149,0.9823236716502146,-16.781457696232195,16.97184704225516
0.8705252292071228,0.773262445731965,1.0052386340815467,-16.75443890280647,17.455386329554038
0.863335242569117,0.7942750783953789,1.025433417895934,-16.747201492531318,18.04956026883426
0.8673947807425164,0.784394492539445,1.0306525986570856,-16.747201492531318,18.04956026883426
0.847329123242544,0.808594745246138,1.0455349859771714,-16.63931516232342,18.74111420709899
0.83339554948761,0.8226091831694415,1.0586551684755552,-16.615681363425203,19.181842711225134
0.834223301769986,0.8133218547654437,1.0620187905185792,-16.615681363425203,19.181842711225134
0.8124406468629575,0.8427600423011534,1.0818730823584053,-16.47451176631654,19.961363383480567
0.7849343470558554,0.8614733336197777,1.0966376734503673,-16.42830644661177,20.5078253971805
0.7855132959463789,0.8518787840046598,1.1002669407228938,-16.42830644661177,20.5078253971805
0.7616615793488308,0.8883883982929244,1.123724816646991,-16.316861583680264,21.44499457628984
0.7625231702482993,0.8791476462240315,1.1297911685596476,-16.316861583680264,21.44499457628984
0.748405514739046,0.9088369674229404,1.1569802568615764,-16.31341930651178,16.06784526216484
0.7464253903024836,0.9495985080964227,1.1628401078520056,-16.243979148875624,17.134598299381146
0.7567055715545226,0.9516778922462592,1.1790694648744782,-16.243979148875624,17.134598299381146
0.7578118015904991,1.0142669785226623,1.1872474782602698,-16.173445783635373,22.560305011168385
0.7890330475098342,1.078958083680568,1.1926847872514932,-16.192816085224436,23.971980506204847
0.7879751485394566,1.072679025699316,1.1906074096953256,-16.192816085224436,23.971980506204847
0.833849955995932,1.1355381093978465,1.13203816331569,-16.100851775478688,27.975684712555605
0.8147997797325215,1.126516797915497,1.1371526103240885,-16.100851775478688,27.975684712555605
0.8494386698348166,1.176576387675859,-0.8746368908150592,-10.889584903628265,43.82533440416707
0.8404719330631298,1.2691683773517628,-0.9567548627697482,-10.601786084685985,46.29917341305989
0.8354317203535251,1.221901543298261,-0.9488373788901048,-10.601786084685985,46.29917341305989
0.8565491049899867,1.1762109253825628,-1.0193567239045835,-10.596371465727985,48.63267265703014
0.964958792276053,1.178494355610343,-1.0666697770579567,-10.26903758830207,51.04944060354148
1.0892502105358535,1.1215129059671785,-0.9732303319192388,-10.26903758830207,51.04944060354148
1.2883242327512505,1.1480721868077763,-1.0226064312412986,-10.152899048287924,53.689841860828594
1.4478493562138754,1.1844781501967374,-1.0380945825857653,-9.851931854302059,56.14082159004896
1.5658900507676958,1.156409168543525,-0.9462164461137019,-9.851931854302059,56.14082159004896
1.701941361073414,1.1930959686756786,-0.8676145303233036,-9.730984806626289,74.01441996307048
1.707601971236119,1.1631464912126743,-0.7822208913820097,-9.730984806626289,74.01441996307048
1.7565845080606053,1.151677022820313,-0.7549912035460498,-9.753572633652105,76.4086716457927
1.7247444903624167,1.1303307790961563,-0.47468594113171814,-10.357165140798886,75.25470222788807
1.7066048748808265,1.0657976654599566,-0.454506757329453,-10.357165140798886,75.25470222788807
1.626889917730273,1.0479891162418742,-0.17538375418822505,-10.903495089833587,74.32160567161037
1.5777399010201791,1.015761729395353,0.023115291678843297,-11.34914755631853,73.4857887458069
1.537885329225161,0.9588638047045288,0.02331926325624689,-11.34914755631853,73.4857887458069
1.4940769372692744,0.9413894885189871,0.16161813971388916,-11.561611302240001,73.0086050262557
1.4423809856801197,0.9303111074436803,0.24647066730562828,-11.800341804441377,72.9579982461284
1.3856246923229638,0.8874372598124842,0.22547822874336299,-11.800341804441377,72.9579982461284
1.3295169666569295,0.8572053524357641,0.31113102559662487,-12.035587155329964,72.30388357834713
1.27917907507882,0.8224277243165892,0.28374088592047264,-12.035587155329964,72.30388357834713
1.231919564889926,0.8048363684120696,0.3384507402613952,-12.128039479998524,72.05403123279069
1.1956212977331369,0.7857500583243793,0.3872985275368037,-12.325998198139088,71.71381485826302
1.1619851554023404,0.7573778324442721,0.3624172249915416,-12.325998198139088,71.71381485826302
1.1425759163650482,0.7656817244316709,0.43055924337038776,-12.55806314734102,71.74896491197424
1.1431873627568967,0.7493616279768296,0.4969564898448007,-12.828200844168515,71.19788927916936
1.1279315417726163,0.7291791728662034,0.4763871495136647,-12.828200844168515,71.19788927916936
1.1437431108670966,0.7283357405239519,0.5739609253298292,-13.182791967977519,70.59521708862334
1.1345073584577183,0.7165084138852276,0.554517498621133,-13.182791967977519,70.59521708862334
1.153263508205316,0.7098668649235274,0.6423179193793815,-13.677441731074557,69.87629222816143
1.1729163386287103,0.6770001057303237,0.7331967341743781,-14.053209169768794,68.49734717087418
1.158806422364342,0.6682957478182994,0.7100156387959504,-14.053209169768794,68.49734717087418
1.1797177183919492,0.6711536278429491,0.7905601775104045,-14.448290570443078,63.27991257165496
1.2212851523812605,-1.0221371110285542,0.8398817165561612,-15.840089164411815,25.235938182901023
1.3242771923107735,-1.0114772913615235,0.7800052803923689,-15.840089164411815,25.235938182901023
1.3510214098865219,-0.606227961921129,0.8917145532928208,-15.844407445321181,18.232704988269422
1.4308500924726508,-0.5214865378293858,0.858997907460654,-15.844407445321181,18.232704988269422
1.460251327079332,-0.23933550905268053,0.9009536722943716,-15.947001506627858,26.590039790591177
1.4296674788948103,-0.053171091357779865,0.9101657587756606,-16.018803539384862,28.208610743270015
1.3840282691443808,0.031403343181112486,0.8501285079937695,-16.018803539384862,28.208610743270015
1.3664008234761527,0.1999983767684439,0.8344379952700125,-16.15282477106316,42.93253280079047
1.2572939121938065,0.2578146184390355,0.7944480205238396,-16.15282477106316,42.93253280079047
1.206342861581288,0.4453776510382692,0.7771096633577455,-16.23295452122896,41.562353686779325
1.1329676933635455,0.4662055460473775,0.8017307328853942,-16.41160580090929,41.05755600332195
1.0860508585171065,0.46849715952644155,0.7650584218179581,-16.41160580090929,41.05755600332195
0.9848621290409345,0.8318719485361221,0.8063756386443122,-16.205959640654513,35.328407481579326
-1.8356350211447388,0.9472014243388649,0.845873427295809,-10.468766207732045,39.7175868513528
-1.819137908959008,0.9949497085991772,0.8730413570824047,-10.468766207732045,39.7175868513528
-1.759934414009443,1.0575858034120547,0.9471212494396295,-10.581195627088983,40.918336318023286
-1.7236372898631833,0.9783568408330594,0.9972904198303367,-10.581195627088983,40.918336318023286
-1.5470514600025305,1.0367019565081537,1.1218321723393307,-10.695050866503392,42.136160123893745
-1.3521415785942574,1.1000841509235453,1.262479059030353,-10.803154405640198,43.17187123935888
-1.1738562040283007,1.1133988708909133,1.3637531037113608,-10.803154405640198,43.17187123935888
-1.0026420890956382,1.2054952547693911,1.5073584762746697,-10.916114902508323,40.83300588585771
-0.8694436512080843,1.237124198288324,1.5880633854042423,-10.916114902508323,40.83300588585771
-0.7799646679657726,1.3189917764925858,1.700860710880812,-10.998515311819675,26.984647539427193
-0.6765281924895508,1.3931936841971946,1.7634680856303446,-11.040037396042589,27.58593994778108
-0.6414704089442282,1.450568709751764,1.822189872874223,-11.040037396042589,27.58593994778108
-0.6171323746360116,1.4935320229900402,1.8501604933311446,-11.05323598186032,27.468900309056984
-0.6252607484711972,1.5448747288969482,1.8633767653824753,-11.05323598186032,27.468900309056984
-0.4192218846752731,1.5444146817084152,1.890574080231235,-11.629998960165688,26.058622248956283
-0.36882352500671867,1.5494985092195295,1.879531349605593,-11.82479674401019,43.29000669931756
-0.474130649145561,1.5788054769012039,1.8821069916903181,-11.82479674401019,43.29000669931756
-0.4733358595785384,1.5541952536850934,1.8387512470192058,-11.990454183999852,42.54574332364756
-0.5086652515218717,1.5685531722708388,1.832735537953447,-12.153736929078192,42.58156366808895
-0.5851877023677083,1.5527198963719606,1.8031953474091325,-12.153736929078192,42.58156366808895
-0.6056520956011209,1.555966262404891,1.7822757624668182,-12.271235380835035,43.026662501113755
-0.6571420818787086,1.5319129068691737,1.7620401485460675,-12.271235380835035,43.026662501113755
-0.6592574016334136,1.516172130066173,1.7812922128561577,-12.25248624019292,35.38555389524268
-0.6096529098437184,1.513931476737666,1.767335885709663,-12.349806865877033,35.73827864402921
-0.6167203766371194,1.5036246650362193,1.7730801324614751,-12.349806865877033,35.73827864402921
-0.5594195356746714,1.4912153001315056,1.7961543107979498,-12.51372255868746,39.36327687009412
-0.5621920260687459,1.4871521065594813,1.8002911525536685,-12.51372255868746,39.36327687009412
-0.4961407922527874,1.4729704036318798,1.7982629377798365,-12.688066005555912,42.84260246824265
-0.44415307419731054,1.4373570711758537,1.8020520220957108,-12.850918772417483,42.040025064473824
-0.44960506420319635,1.4262331949090346,1.7906565380929633,-12.850918772417483,42.040025064473824
-0.3717331660430734,1.4392980314762376,1.8194235612893959,-13.214241660283806,24.122079970046272
-0.2574971427560353,1.4181113192278858,1.7942233514111106,-13.35889604088112,23.694499332079218
-0.24991948601158254,1.4413005388103526,1.8134683385066195,-13.35889604088112,23.694499332079218
-0.1426456196261019,1.2688041939942984,1.8096151625243326,-13.668666457048632,37.336372854517
-0.18476483910094776,1.2930486299848596,1.8136298775920816,-13.668666457048632,37.336372854517
-0.2066906188027613,1.2985990967817589,1.7732701365067403,-13.677194991927625,37.357871463163
0.46664233919541775,0.04068569037745795,1.7472104632137566,-15.955233153509685,8.687798883544339
0.5152735840840186,0.03208756247871647,1.6871580093804894,-15.955233153509685,8.687798883544339
0.5675268911635705,0.13531423603941506,1.6984337112931966,-16.05065420729268,9.864498968953258
0.5888654297397229,0.1970811633519287,1.671391594587893,-16.05065420729268,9.864498968953258
0.5544413812264748,0.3088340655504149,1.6334945319765644,-15.98464467413356,-1.3256766627366758
0.5442690997177557,0.42717125078544527,1.5779253389586718,-15.950382330598993,0.02980126933494809
0.4928654780285058,0.4928489837075527,1.5482310706864926,-15.950382330598993,0.02980126933494809
0.4572346294352725,0.6037110811853026,1.5011515570196154,-16.02702111659454,13.878977848655994
0.6838015501987913,0.7171987463383394,1.426109426340628,-16.503469334469493,15.445729118777331
0.6295121617849069,0.7334776301085402,1.3653913458112856,-16.503469334469493,15.445729118777331
0.6962640222701979,0.8007215184745151,1.3124020831761163,-16.482119929805002,16.47094944739445
0.6959447423227769,0.8545259002197283,1.2678084017455036,-16.51248737005797,17.444119230530532
0.6582631969090773,0.8512938858873991,1.2389981171649973,-16.51248737005797,17.444119230530532
0.6669570143556904,0.8873044481068819,1.2101673520554441,-16.50269470374189,11.006185288321895
0.676161459254101,0.878812561171014,1.1898646614251858,-16.50269470374189,11.006185288321895
0.7016656378297212,0.928351422857127,1.166092418736973,-16.62438368422802,19.729948225128314
0.7508358822979511,0.9690380700542613,1.1259180342418582,-16.594831407947495,21.072100001260228
0.7547039270347939,0.9548484499276948,1.1141969872551725,-16.594831407947495,21.072100001260228
0.8062548811200152,0.9982638447442809,1.0923654521209696,-16.62016775015877,22.31474052309823
0.827721611006778,1.0499926748658888,1.062811753272475,-16.55373673532411,23.982042764873498
0.8218893082338306,1.031764317514185,1.0625596407892859,-16.55373673532411,23.982042764873498
0.8560131138040434,1.0602132142471323,1.0158805682545333,-16.60890108855338,7.358315451918454
0.9116713029497423,1.0447945489475023,1.0020883696790506,-16.60890108855338,7.358315451918454
0.9572783521838892,1.1182266816076596,-0.11294200613171679,-13.503563440420518,34.91497520310488
0.9597074122441649,1.2196823462798756,0.016911606782299415,-13.768620864677496,36.06024941919866
0.962995894219763,1.184045399817831,-0.003980141350905075,-13.768620864677496,36.06024941919866
1.0131201022979277,1.2067503042518988,0.08184760465075236,-14.071486760033872,37.37020055708656
1.0990545362008124,1.2172778609489507,0.1583084537602808,-14.264477399796979,38.1613732873105
1.146204493836552,1.1730064889291811,0.19745586469185472,-14.264477399796979,38.1613732873105
1.231541358101754,1.1901794510655181,0.2776535122627797,-14.368593115396497,38.989476291042905
1.298929237521342,1.2105360740243325,0.36807719443586073,-14.502664293112854,39.72305596969559
1.3373089883855993,1.181054158682509,0.40108398794316624,-14.502664293112854,39.72305596969559
1.3786194079787615,1.2019509099870116,0.46294658010591805,-14.58410087358799,48.93689008180636
1.3581637854075055,1.176703286192791,0.4902451431260806,-14.58410087358799,48.93689008180636
1.3449288678322602,1.1693240460439214,0.5194377019219516,-14.387295038892914,40.91780953128576
1.3783919597101608,1.149669471191363,0.545937602051779,-14.535489063759979,40.872874211567
1.3588619594779843,1.1238657646258225,0.5577950751793526,-14.535489063759979,40.872874211567
1.348970806107273,1.130649534712118,0.594255811078241,-14.60908843442882,41.47253277114983
1.3402645567400366,1.1478655829743718,0.6394653609640706,-14.708094204106501,41.99438527638639
1.327660444630557,1.1275411397968873,0.6367869645633855,-14.708094204106501,41.99438527638639
1.319458754010915,1.150507405531768,0.6691888843801475,-14.936442509747227,60.569610381302624
1.2453021748739017,1.1652978962228573,0.7286559506217101,-15.049392209763893,61.03353832877163
1.2064304204861007,1.1149960732879414,0.6898529306481906,-15.049392209763893,61.03353832877163
1.1541743551751775,1.0794304855748533,0.7093556784332131,-15.114408028320154,47.74748864063559
1.1322283292320687,1.0379020436150972,0.7138006250388242,-15.145514379581755,47.64226897541868
1.1145466959306423,1.0091924268665033,0.7236618143734677,-15.145514379581755,47.64226897541868
1.0736638197146449,1.02555950279983,0.7672743585875805,-15.489914338462228,61.49629725759432
1.0287012193555425,0.9972819557582371,0.7771303253103641,-15.489914338462228,61.49629725759432
0.9899842179717204,0.9885194091066447,0.7855929901181429,-15.478103110949634,61.988202453867736
0.9180031971598135,0.9981654809609228,0.80432180919047,-15.44111743551421,62.6173138745727
0.8926367521756484,0.9598064662947308,0.7916375371317228,-15.44111743551421,62.6173138745727
0.8311168476530253,0.9511759672033837,0.7976231288948914,-15.219105091560257,63.212386793374264
0.8061529001453827,0.9435486840728298,0.7999747841622988,-15.207434348516767,63.81710098311124
0.7957832301542513,0.905386549648211,0.7952049828105574,-15.207434348516767,63.81710098311124
0.788725905321777,0.9014721574098505,0.8023859563218112,-14.908306387367741,46.52111763369326
0.8568518494066137,0.9074135800783223,0.8132149417072796,-14.957137499635758,47.01034249777749
0.8885467358950256,0.9111677733211363,0.8473755806083787,-14.957137499635758,47.01034249777749
0.9442617592215425,0.9567928555744136,0.9114217086614196,-15.188017295060803,64.24730878249018
0.9267746394663301,0.9650643530832599,0.9398419407567524,-15.188017295060803,64.24730878249018
0.969634955390346,0.9942494429413542,0.9546672697973375,-15.666151415456936,66.35668659551149
0.9741726137354729,1.0267463369625118,0.9666636041693488,-15.740757275050328,67.00644614158391
0.951800011201617,1.0088144169819566,0.9532630310119501,-15.740757275050328,67.00644614158391
0.9567071366173243,1.0253410543179533,0.9578216492449751,-15.728886293086445,67.5455323151061
0.9563755131882878,1.0302465648608092,0.9561102428961146,-15.80881440101921,68.05256845268313
0.9240088833780882,1.0021279447126643,0.9411767156627051,-15.80881440101921,68.05256845268313
0.9290704362996456,0.9980579585798135,0.9359198557550785,-15.884732915682687,68.51402142103791
0.9054135609316369,0.9737149517141566,0.9232664009415066,-15.879517920716477,68.609562451116
0.8880071105448266,0.9453746367314397,0.9122939555145484,-15.879517920716477,68.609562451116
0.9265797379211049,0.9530773136358239,0.9147789502450343,-15.941108666963686,69.21983654332448
0.9170058732239039,0.9282038582265804,0.9083370997380382,-15.941108666963686,69.21983654332448
0.9460985390083763,0.9193019046888926,0.8959724678891119,-15.88505994277519,69.5457514981359
0.9491024482829884,0.9103733527911331,0.9002946127841076,-15.910257133550994,69.70535990601124
0.9490733505552242,0.8915443421865747,0.896649377662956,-15.910257133550994,69.70535990601124
0.9884608551058696,0.8942099249928939,0.8889322125816008,-15.863331074673747,70.15267225919811
0.9936278890955266,0.8899640589634141,0.8858603414730646,-15.857799466250537,70.38554214217372
0.9966154552503812,0.876130400316987,0.8843605687185834,-15.857799466250537,70.38554214217372
1.030937777665641,0.8821859070414706,0.8802287749109654,-15.918009825036952,70.80202716586032
1.0334002181745987,0.870448614861143,0.8799225806258955,-15.918009825036952,70.80202716586032
1.0590134892748337,0.8728323392835962,0.8526451569037721,-15.885805400819207,71.25796927544327
1.0846922293693768,0.8855929976419596,0.8203542554557215,-15.82013116107273,71.93205847800076
1.0841308594373014,0.8767863861993206,0.8193122889451105,-15.82013116107273,71.93205847800076
1.0979017052542233,0.8910239344972655,0.8171114069899588,-16.378526553859466,72.45111037337713
1.1101599584233308,0.8808131009401756,0.8142545112673907,-16.410966653246206,72.52588801405531
1.1073590895858336,0.8708057027862308,0.8095254838852846,-16.410966653246206,72.52588801405531
1.1405150332440908,0.8696362798592445,0.5812924930635863,-15.790497399616369,74.09594727689122
1.1293404594712229,0.8949333213519295,0.576609950050746,-15.778795927996129,74.71217131636709
1.1143600474753237,0.8840795575915656,0.5681551156433251,-15.778795927996129,74.71217131636709
1.1195632696177649,0.8657427106932261,0.5615679795068362,-15.542099244701312,74.738763111382
1.1175421548365536,0.8535027041145087,0.5611047529406505,-15.542099244701312,74.738763111382
1.1238610557786837,0.841342454599646,0.12100486873212102,-14.199496182233025,77.93466274572918
1.132874947973046,0.8392840325583681,0.06862838647733538,-14.03017690027638,78.4707104156587
1.1521018437004789,0.8251184582708726,0.0801399091893451,-14.03017690027638,78.4707104156587
1.193560920834733,0.795114494405563,0.05811398751490282,-13.96983334726375,78.76742083950592
1.2377852607569189,0.779744220428185,0.07594754821323679,-13.941980286274902,78.86754305181853
1.2903054198183446,0.7685551758097446,0.10871890203715484,-13.941980286274902,78.86754305181853
1.3472455205744032,0.7610456804022512,0.12601319773211905,-13.905577079666301,78.97980145540149
1.3993585829705846,0.732221072224001,0.15701508452647062,-13.925691154887799,78.41013255086744
1.4421856882633328,0.7321597181337207,0.18464779400377207,-13.925691154887799,78.41013255086744
1.4758965407502793,0.7105233508374282,0.218204621422025,-13.971140112379828,77.81298900145391
1.4989230515633665,0.7139719470577046,0.23626704515157648,-13.971140112379828,77.81298900145391
1.5109620313313687,0.6789589057645276,0.28574525522470795,-14.091878506424388,76.67762551294862
1.5176613596962367,0.6083581757195495,0.3321171906407572,-14.243548854318878,74.74111844683553
1.5199353934539839,0.614041032501873,0.3357448147529265,-14.243548854318878,74.74111844683553
1.5122765010527672,0.6240239686406475,0.36700117158107126,-14.313944896290526,56.56094551591173
1.5448059960581286,0.6397360890538559,0.3858131919245018,-14.371842138351376,56.30542684086805
1.5525703247005023,0.6822376037635061,0.4101009884698854,-14.371842138351376,56.30542684086805
1.5514876039995777,0.7172169955940091,0.45732948160286124,-14.450777949493432,55.95540142700494
1.5598122210294192,0.7633204735432484,0.45381127076562855,-14.450777949493432,55.95540142700494
1.5559882031870544,0.37659809724024473,0.5018947301623284,-14.86866226498938,45.96863235106302
1.578301972363708,0.4446228265936032,0.5503473907449434,-15.099351774215584,63.93416745080228
1.5128881364711813,0.49749874270716177,0.5671711803549973,-15.099351774215584,63.93416745080228
1.4971199270358264,0.4921634941606192,0.5733186418541436,-15.257704182266854,62.926377170832986
1.4268398093118826,0.4635941374701278,0.578144839726964,-15.32995833899108,61.40973241187989
1.3868974184823388,0.47772192172185735,0.5507372475948054,-15.32995833899108,61.40973241187989
1.283941818815594,0.4869241514301743,0.5518974223582198,-15.274551245266004,61.25907805041317
1.1722237301379002,0.49390099586517167,0.5361051803640957,-15.117183024055167,61.339384809691346
1.1478608732432694,0.49673426790660535,0.5212713823191963,-15.117183024055167,61.339384809691346
1.0190219613193872,0.5275675034125316,0.533235330688123,-15.387691863092527,43.97193833245364
1.0706548350656186,0.5285850208802478,0.5103055173432187,-15.387691863092527,43.97193833245364
0.9734990161412123,0.5965140302391156,0.5432271239331392,-15.004222591746185,53.59994155601496
0.9381510804435451,0.666641306213394,0.6132201963937627,-15.020848592461565,54.17372892823383
0.9558388211843378,0.6867977068843567,0.6051888183168512,-15.020848592461565,54.17372892823383
0.960162657668449,0.7454558636334174,0.6374971075921505,-15.03838390709625,63.994756784369926
0.9399035171294909,0.7862261074093762,0.6598654025059871,-15.072846740687138,64.46963444761619
0.9298144621533093,0.7820405109327719,0.6452151848914616,-15.072846740687138,64.46963444761619
0.9158285157236308,0.8044957634648182,0.6509307960331987,-14.989394256536242,64.96064932061864
0.9023940119134091,0.7978663014979883,0.6580308974818232,-15.00812987550601,64.99169495189471
0.8930425916966778,0.782142639645599,0.6584434309906309,-15.00812987550601,64.99169495189471
0.8876058485033216,0.7872533046815051,0.6592851546895058,-14.773465428193202,65.51418216029101
0.8867098030192633,0.7721026709080947,0.665365400701329,-14.773465428193202,65.51418216029101
0.8920698593096912,0.7571441824377407,0.6705013903674262,-14.773644101647122,65.5639358856153
0.8983119586908375,0.7647296711256049,0.6773499006025294,-14.758500109701075,66.1439385264441
0.906121264266508,0.7503922417454989,0.6870206333845483,-14.758500109701075,66.1439385264441
0.9202447575901327,0.7401957667678349,0.6915167794959487,-14.721149492895163,66.23568463725533
0.9334583591376453,0.7523951681160606,0.6864729540284058,-14.677442432331018,66.84096620097374
0.9401570671625885,0.7429273127203131,0.6950423873446132,-14.677442432331018,66.84096620097374
0.9792040600687204,0.7411581679922632,0.6831990890122066,-14.692362923893882,67.12031339115055
0.9822320958801027,0.7324240109438009,0.689363823432557,-14.692362923893882,67.12031339115055
0.992306918975101,0.7424987534932197,0.6678158798755192,-14.626089127870744,67.69872162371787
1.0181142451205831,0.7600738551027217,0.6394314494173123,-14.57646740523613,68.44465817224305
1.0157053860781455,0.752746167026443,0.642437725592313,-14.57646740523613,68.44465817224305
1.0443075632491063,0.7558377288092459,0.5966872618391634,-14.507542874761821,69.02179866520224
1.0623961084478886,0.7648384496056355,0.5095174089059666,-14.302469432943726,70.02474810759793
1.058897152297848,0.757304331118418,0.5127064326457056,-14.302469432943726,70.02474810759793
1.0899533929051426,0.7485886109413435,0.423605637888977,-14.124896026344361,70.69546297424097
1.116502994724915,0.7558463479405306,0.28694172608272916,-13.793153590890997,72.08834855718007
1.1187275702278212,0.7474651927961471,0.2947899264917955,-13.793153590890997,72.08834855718007
1.125287460697686,0.7324441036116203,-0.0014255583962228258,-12.987455078364833,74.2375992403585
1.1306299014916563,0.7231408401842043,0.014207675527159846,-12.987455078364833,74.2375992403585
1.19051912232807,0.7069645638382123,0.027921479783963754,-13.073129219704393,74.16061910057105
1.2157562204574717,0.6840177554680889,-1.5032884557632822,-8.964770379165621,67.26175794845584
1.2906450130706921,0.7075357165172775,-1.4699577900542442,-8.964770379165621,67.26175794845584
1.3782257771560493,0.6995710207017423,-3.6878556125955075,-2.9580721640086916,83.54698425020953
1.4203509967132621,0.7368062219373881,-3.5947408315435787,-2.935129252521107,84.5791926932765
1.5597082824515232,0.7143924554777437,-3.506226355777633,-2.935129252521107,84.5791926932765
1.727586397089344,0.6766030323071401,-3.3069097615619896,-3.1765100570648346,102.84192144351528
1.9468882723038083,0.6815592119089668,-3.2250318806539875,-2.973930228258099,104.16468722341997
2.182515471959367,0.648819588661083,-3.081306915621655,-2.973930228258099,104.16468722341997
2.4174459669358748,0.6110585949501925,-3.013004519178083,-2.800922359231943,104.12843626129387
2.5994823460960794,0.6000075028808656,-2.8691293706802377,-2.800922359231943,104.12843626129387
2.7449670545941176,0.5344192137174573,-2.7420713311058478,-2.846825481069407,102.82170853962847
2.8456489617270826,0.40449565032108303,-2.637817881280522,-2.925356253185526,100.10418316353082
2.9127196546023653,0.4028068828035214,-2.5545862856608172,-2.925356253185526,100.10418316353082
2.9345362213632136,0.250248007021578,-2.487404872951094,-3.016083868471782,78.68285988959899
2.9712704411856055,0.25854035192471114,2.2633766611380057,-15.520766522490522,44.84361457691939
3.0343028617287917,0.21288048850201768,2.2471859875535443,-15.520766522490522,44.84361457691939
3.0016364935246336,0.30529233523165855,2.316381555503253,-15.658999571197764,44.40971031510786
2.9925087761444873,0.5659471169045949,2.2569970141760245,-15.691638429002506,44.274385435135926
2.718322424603488,0.698971767362357,2.0883669051872524,-15.691638429002506,44.274385435135926
2.3631580117671254,0.809203900136306,1.8790203486973662,-15.712325037448005,47.06587507782106
1.9536462188557113,0.8827629786266802,1.6501945868630414,-15.712325037448005,47.06587507782106
1.5764478845177448,0.9178602089553829,1.4229822551382065,-15.72974786036874,62.18599244799948
1.2004172117450382,0.9244893417633282,1.253383307771023,-15.79773321385766,62.0124048206085
0.9339755248068036,0.8883806076579734,1.0515811018779733,-15.79773321385766,62.0124048206085
0.7341895530198252,0.8509919104330557,1.032591691936148,-16.132439008895613,43.11583590685417
0.6541974354788294,0.8051998202046073,1.0316672206103514,-16.39715681874398,42.246460381678126
0.6364929968112301,0.7894925702460105,0.9896846706197913,-16.39715681874398,42.246460381678126
0.642183968057596,-3.242268062218666,1.0090348648698457,-19.005793250102336,-46.94564809250394
1.0166173794656999,-3.2189572717812265,0.904527359772699,-19.005793250102336,-46.94564809250394
1.1794237131200358,-3.0409735322683393,1.0537147988480138,-19.018128249619725,-47.32296922027623
1.4443949492081014,-2.8343322119934475,1.0698597941375487,-19.00315216732426,-47.06994985556779
1.5846938053483908,-2.603630167843927,1.0692489750740855,-19.00315216732426,-47.06994985556779
1.6449171369410582,-2.3480343815391977,1.072041392138618,-19.044413387441363,-46.86369557633766
1.6478552745794754,-2.0884745560223283,1.02576321561689,-19.012801380473622,-46.14890366065532
1.6172061880789597,-1.88173648532189,0.9640191749315177,-19.012801380473622,-46.14890366065532
1.536017152383456,-1.6589305302754636,0.9296129382558416,-18.873555422302164,-45.48721133995519
1.4673459637500146,-1.4633680446775268,0.8818295360571202,-18.89371645759713,-44.797131728109434
1.4026498048161722,-1.330427228213243,0.8206415423269675,-18.89371645759713,-44.797131728109434
1.348445433403671,-1.1785305974715168,0.7847137757333562,-19.01121381447006,-43.99102478353063
1.3074595775248152,-1.0854498505014398,0.7442841373659705,-19.01121381447006,-43.99102478353063
1.2423472147177113,-0.9635682067610455,0.7309397186814155,-18.94456700636149,-43.114297808039254
1.1936405710114442,-0.8588962573017777,0.7372048356578254,-18.91194832019286,-42.46848000790213
1.1922197466079152,-0.8031216829996118,0.7256216468551453,-18.91194832019286,-42.46848000790213
1.1805723846753784,-0.6936897053752955,0.7392697355157902,-18.880515778281367,-41.20867910908539
1.1632729700754179,-0.5946153036643385,0.7593073676919753,-18.82984683317112,-39.99821455607937
1.1762889884180834,-0.5618981466653465,0.766121923644949,-18.82984683317112,-39.99821455607937
1.1610532494302226,-0.48144978049965353,0.7937119176578253,-18.782119935367625,-38.89821855544367
1.1336997090485315,-0.45915876453068877,0.829936530297525,-18.763046727945547,-39.03184767480272
1.1485068533910847,-0.44208573846984295,0.8414360271751495,-18.763046727945547,-39.03184767480272
1.1238749525889435,0.8941930202247302,0.8881039908301558,-17.982251017732615,-28.031663621264567
1.0994984507576153,0.9078191961239784,0.9141285893127944,-17.982251017732615,-28.031663621264567
1.0699159315651805,-0.20620944992725038,0.8884493899774646,-18.548456486627494,-34.20662833711635
1.1518801981346067,0.02720781638550545,0.8166054184232152,-18.341334481568303,-28.09906012897408
1.1416143616826102,0.020281796088147792,0.8472664523935727,-18.341334481568303,-28.09906012897408
1.2927782972653747,0.0066601757206134204,0.7651731147483662,-18.377060329523133,-27.554913697418016
1.3576579384615406,-0.009004338500816764,0.7314503035598632,-18.38663840852337,-27.258159143207
1.3589272025182493,-0.025662213987262907,0.7431964220698744,-18.38663840852337,-27.258159143207
1.385910501410459,-0.041500705881217945,0.7051042431437908,-18.31387769601502,-26.92941200730496
1.4070436021292472,-0.05675776617839849,0.649078084037666,-18.187643231850224,-26.475641360284342
1.4028531544826714,-0.07151773459375446,0.6576850788215736,-18.187643231850224,-26.475641360284342
1.4377105020595402,-0.08774516728519975,0.5885039321554197,-18.065673997005558,-25.962206311916518
1.4329217376969776,-0.10287731484994496,0.5963111976922764,-18.065673997005558,-25.962206311916518
1.4324680007488597,-0.1171805401488821,0.5308970416522918,-17.874069085517746,-25.44624312150043
1.4845067927436002,-0.13001069239751406,0.45823015440787573,-17.76761235909803,-24.908174179972615
1.4867841764503509,-0.14171089080516258,0.46651907640199086,-17.76761235909803,-24.908174179972615
1.4903130684888235,-0.1557661904771702,0.4744194011011831,-17.76761235909803,-10.92004074949166
1.4975049064170665,-0.1727326998030428,0.354235926158045,-17.490590052691097,-9.941637766638506
1.4870354644337813,-0.2069220510247438,0.342295168757508,-17.490590052691097,-9.941637766638506
1.4690823472474377,-0.2367832616126058,0.46987990373315425,-17.82614894477109,-24.814407396691532
1.5071742053986452,-0.27565086884989426,0.4607057490024773,-17.82614894477109,-24.814407396691532
1.5221201119353962,-0.286386379177653,0.5846412282442142,-18.068316069589905,-25.466527018078985
1.5567034204048142,-0.2990929770283632,0.6069648955342668,-18.05366968831465,-25.534989252394414
1.5790920583088832,-0.2987816229619313,0.6195276711850437,-18.05366968831465,-25.534989252394414
1.5941212975871286,-0.29063328473362415,0.6257579233698318,-18.049552744400728,-25.533389639899458
1.5953791724874908,-0.282399121729392,0.6467895252141216,-18.09865931651404,-25.675112946015194
1.5912461204385,-0.27390581947785925,0.6434347519587962,-18.09865931651404,-25.675112946015194
1.580049382538811,-0.26552029950527944,0.6386862426785127,-18.115774273855067,-14.368310159954943
1.52801319660378,-0.2621241444531518,0.6780266949862455,-18.214237873676616,-14.633457815666324
1.4997478017412034,-0.2786742544446503,0.6496296075416383,-18.214237873676616,-14.633457815666324
1.4591165385550964,-0.29013490716121804,0.7131097619567082,-18.414428920191597,-26.49045493313641
1.4716397690221164,-0.3070630004188451,0.6890703615502418,-18.414428920191597,-26.49045493313641
1.4161247774829642,-0.30720950371480593,0.7598594881040666,-18.480012742360138,-26.88999934256638
1.4252745520665329,0.8111597581966994,0.7603943958541839,-17.785243089083316,-2.1334973379461477
1.3471730707696392,0.8119964763463967,0.7835023472025631,-17.785243089083316,-2.1334973379461477
1.3247053203170882,0.7864408747630569,0.7737695599698955,-17.89448664033201,-2.0535038458236916
1.2455658630685251,0.7635077876270715,0.7692308156696237,-17.8393731854695,-1.7228050014051544
1.223928916141146,0.7174376141933584,0.7651015395868894,-17.8393731854695,-1.7228050014051544
1.1933311857039106,0.7093910316572076,0.792356118046392,-17.88259150583415,-1.0155419337040372
1.1925195077494144,0.6940943729298821,0.8115368669439067,-17.888736683033315,-0.3644777824641944
1.2005180887773665,0.6489280487167357,0.821774889233124,-17.888736683033315,-0.3644777824641944
1.2067696056823065,0.6462404233823844,0.8537660811356105,-17.88943847072978,0.3301943125038491
1.2181631273463456,0.6095312034797818,0.8660959131192212,-17.88943847072978,0.3301943125038491
1.209576214963525,0.6097581606365157,0.8807105184004058,-17.689199851078765,1.0623434274621701
1.2155350992522105,0.6236882934236934,0.9132611547702383,-17.71681345466366,1.8342240952952538
1.2204332932154847,0.5955806618151152,0.9209292262709523,-17.71681345466366,1.8342240952952538
1.205404791611394,0.6131915749116372,0.9341816941596424,-17.886338868945046,2.8076013965583932
1.1935089570271895,0.6285031938109256,0.9619843204110818,-17.894644576868913,3.5432910938843905
1.192316517714198,0.605132268208302,0.9644233767270389,-17.894644576868913,3.5432910938843905
1.173284685514182,0.6259012422440285,0.97374966296635,-17.690883126451077,4.376939245674586
1.1661650221251425,0.6599028903309927,0.9964362821474175,-17.71622906575612,5.368157066506122
1.1566877166375908,0.6393714845380961,0.9948487056495856,-17.71622906575612,5.368157066506122
1.1129611307454423,0.6673540257243485,1.0016646218651823,-17.72079351049822,6.451269933736379
1.1046166530582346,0.6479303593830618,1.0016242813789895,-17.72079351049822,6.451269933736379
1.0813635305521347,0.6736250098658126,1.0242668468520995,-17.6672480494868,7.304422158065865
1.0505823245396346,0.7097749987493736,1.033867696554848,-17.603201722780934,8.453779130344993
1.0463115403888237,0.6913430455041731,1.0339217334626523,-17.603201722780934,8.453779130344993
1.0149842483297293,0.7339906164309534,1.0328123647695429,-17.43581449080728,9.847583347011637
0.9848762873696453,0.7658487657987723,1.0897817513284953,-17.49471330314906,10.563998003443993
0.9844197051625554,0.7461761737885959,1.0905735766662015,-17.49471330314906,10.563998003443993
0.9501891574708141,0.7818637461943447,1.099191808111391,-17.273444340578614,1.0609201551704714
0.9593187395461027,0.841843659480046,1.0961286907190604,-17.169020916788547,2.6463974517541757
0.9734801795732024,0.8448005551314353,1.1190194040839727,-17.169020916788547,2.6463974517541757
1.03409144904917,0.9309852137424008,1.0805491247493482,-17.09148306351045,15.693256155972572
1.010286811277462,0.9315135159042152,1.1025976962286839,-17.09148306351045,15.693256155972572
1.083696768218818,1.0203829818423307,1.0550681526844925,-17.07536039009996,18.223652080737708
1.1082833651137172,1.0949525852048823,1.0341810773842601,-17.04800999872126,20.272438643187865
1.092474376853648,1.070957034954747,1.0330143547745818,-17.04800999872126,20.272438643187865
1.1048039649042387,1.1329979915387636,1.0070110352169528,-16.99199279531711,22.420030718068965
1.1094552213069369,1.2082386676344692,0.9587054202526772,-16.827139674056326,25.10287980255337
1.0946014064338967,1.1745740408783791,0.9623785260638593,-16.827139674056326,25.10287980255337
1.1163563539676526,1.2270741743545166,-1.417397217198324,-10.212402347985616,44.13072775625289
1.0778278779423642,1.3353833356808609,-1.2532146967394286,-10.462824977684596,45.512792892231474
1.0869108142923811,1.2634477564637339,-1.2399251419200517,-10.462824977684596,45.512792892231474
1.111762295563548,1.2196064759551262,-1.058787306572381,-11.17453521178047,46.945682462931714
1.2336998304161604,1.1365661861318668,-0.9657649732628042,-11.17453521178047,46.945682462931714
1.4290832368642596,1.1681454512802092,-0.858292636016035,-11.06715056854674,49.12705959256806
1.6181780870139222,1.2478883616902121,0.3757576541056853,-14.006687052045027,43.71652173537609
1.7759595867307056,1.191268989861501,0.4592841406090915,-14.006687052045027,43.71652173537609
1.9164062817864362,1.2921827504823318,0.6954823978390492,-14.587892901963045,47.39902600874859
2.0151710218785865,1.316187359829237,0.8764949631424024,-14.988219379953218,46.45856395909092
2.0003084747817343,1.30769249969886,0.881645155295312,-14.988219379953218,46.45856395909092
1.9587711592577495,1.3095573459792558,0.9652458818881298,-15.49862179819671,61.488270486026465
1.8274260224378955,1.504217324993444,1.0041363949753834,-15.589943594803165,65.73529310224893
1.6647969564919642,1.450153379842099,0.9297495801455111,-15.589943594803165,65.73529310224893
1.4962565078952998,1.3328402757436355,0.8727465897327669,-15.583442682990272,64.22176948540158
1.3464286180886536,1.2612771039833246,0.8039250644825477,-15.583442682990272,64.22176948540158
1.1762702652124002,1.1810695147251222,0.7487260892143963,-15.251787528748812,64.19844194143201
1.0338527585154562,1.0996307886677013,0.7021218247836774,-15.147301083263832,64.15165680138202
0.9766128801553924,1.0250673426922088,0.6688076174773325,-15.147301083263832,64.15165680138202
0.8684337774185269,0.9669230259851878,-0.44508999661851956,-12.080891064846432,54.379650837345025
0.8481537193417505,0.9657644630769009,-0.48134084895470464,-11.835290659642242,55.38608093386934
0.8973071967910062,0.9355937465158037,-0.4448869628155121,-11.835290659642242,55.38608093386934
0.9196648738299062,0.9189404777294352,-0.3754874368178567,-11.927245737708141,70.35484912097323
0.9900434411862893,0.8924666063287541,-0.30349920653516405,-11.927245737708141,70.35484912097323
1.1125559225222288,0.9105951599219178,-0.22989175005429296,-12.10696026171549,75.23171862329434
1.2203542813398793,0.9287555213399292,-0.18011931241477752,-12.100734803894289,76.01904766772722
1.3037084508967713,0.9061748973191897,-0.13497428085847396,-12.100734803894289,76.01904766772722
1.36537904169673,0.9262192682070527,-0.12710323617351849,-11.984006207547239,77.07160156100466
1.4069196311739018,0.9351015717703475,-0.14142708970631546,-11.838642767208885,78.05250044458911
1.4259810545345015,0.9138484654475221,-0.11393684905529833,-11.838642767208885,78.05250044458911
1.4551903896487963,0.9025988914958312,-0.16587316936596697,-11.607603621994743,78.85141272589462
1.4531246962506028,0.888003719381516,-0.23370890168591307,-11.38591358867965,79.67110920828519
1.4438697478351146,0.8632865046516329,-0.2218145568441081,-11.38591358867965,79.67110920828519
1.4678460868365306,0.8377064974832016,-0.30050523288603936,-11.223883971048283,80.35494420316735
1.4580175517033367,0.8101455813270624,-0.2906398316671006,-11.223883971048283,80.35494420316735
1.473088598358773,0.7854686962863773,-0.3961148557713523,-10.9713769580258,81.18038426568933
1.511471419801504,0.7272580832364364,-0.5249656229622452,-10.70349720680573,81.37837252145923
1.5177802756739123,0.7072839000125102,-0.5140534462584738,-10.70349720680573,81.37837252145923
1.5251394749220504,0.6848286261828864,-0.6588420963803288,-10.23615568757575,82.50345897024273
1.5357487291387413,0.6673560259508613,-0.6422618882544855,-10.23615568757575,82.50345897024273
1.597028834702818,-0.3893995077285832,-0.8374900461714745,-10.425102686599882,61.00447916828739
1.693339777906401,-0.4213480641595275,1.161559133205985,-15.770484963529668,46.242029979581076
1.7747556480407547,-0.4286127880955215,1.1820087835352757,-15.770484963529668,46.242029979581076
1.8428226634855105,-0.4156942141124982,1.3403000190156162,-16.124624639585573,44.358986261936025
1.9120722153561256,-0.3267789945255366,1.4098511831792282,-16.398434259567544,42.72378366470902
1.8496008496143603,-0.2396339801881906,1.3500338570855264,-16.398434259567544,42.72378366470902
1.7334429038289776,-0.19798984471256942,1.3416469248601715,-16.620577893615845,41.19450627872307
1.5881280160972073,-0.12808459861058896,1.2409152501421916,-16.620577893615845,41.19450627872307
1.3709866366380448,-0.14646760190887953,1.2148860100099705,-16.747985701781325,23.183632051073882
0.4840702721332648,-0.1872012661581559,1.1693632727888499,-15.336685725880338,21.352339309134443
0.39463219079431155,-0.11158519929201605,1.1126195727405461,-15.336685725880338,21.352339309134443
0.28625369121256306,-0.06189395111349816,1.1058474292605571,-15.348504528730185,18.851665891863725
0.2654314375669844,-0.022833633974340017,1.0589287719559435,-15.348504528730185,18.851665891863725
0.2866222548970039,0.04033723365829167,1.0798016772851247,-15.509953275856684,0.6161693162450987
0.4225913208508021,0.16042665269985568,1.1046881395942258,-15.673553238864278,1.4133952162455863
0.4974727554239262,0.2567140658931706,1.1344122265517438,-15.673553238864278,1.4133952162455863
0.6352269427298602,0.5829310203861353,1.141911492298875,-15.602553867748709,24.602680475121804
0.6294178248538689,0.6767203304823535,1.174759169327913,-15.602553867748709,24.602680475121804
0.7401967384001322,0.945547751019018,1.0646138316506328,-15.545570340138912,29.866697329636953
0.8011539436817374,1.112570789840944,1.0653048952843243,-15.67167572996004,32.264409905768396
0.7734654402078416,1.132796232756602,1.0504871074758593,-15.67167572996004,32.264409905768396
0.7984570292118116,1.2181473603388349,-1.0407719493541543,-10.19923775108515,48.85569226749632
0.7957003789969272,1.3336277904900256,-0.8892052079492112,-10.582776724263582,49.718460750494714
0.7806743372107348,1.288562724861201,-0.8886884924284586,-10.582776724263582,49.718460750494714
0.8053663023817457,1.257225513012775,-0.7090951641991143,-11.020851351752073,50.506382703799126
0.8938653909691832,1.19753328110605,-0.6366210943058705,-11.020851351752073,50.506382703799126
1.056156776071886,1.2095265929911434,-0.3793989455007116,-11.516149039955524,50.6914357999888
1.2442546436904578,1.2474255954281992,-0.04397435741223377,-12.2231762808798,50.55276469307047
1.364257380811246,1.2160482386032352,0.03763441878981255,-12.2231762808798,50.55276469307047
1.5025974134583397,1.2681613733657353,0.2888408443309114,-12.749662110236164,53.43516142785859
1.5511439583279611,1.2627069421133177,0.34194728384360373,-12.749662110236164,53.43516142785859
1.6114522337257533,1.3066459439900993,0.5321118374280769,-13.255926329412624,54.490265754566124
1.6246654777531528,1.352585879608917,0.6812643112852257,-13.672450784431792,54.68369812157011
1.5679448609205036,1.3312510628785623,0.6718820869531941,-13.672450784431792,54.68369812157011
1.533226571622665,1.3621334148457367,0.7582305007488168,-14.013724747644707,67.09834838479533
1.447426104295149,1.3711651649930212,0.7812655590194686,-14.184848558789346,67.56074946246704
1.34122086200867,1.3175468138291335,0.724018366111234,-14.184848558789346,67.56074946246704
1.255561127775633,1.2761636632457596,0.6811337190461662,-14.266780575115739,69.56046859936092
1.1543288088316772,1.2176209574608365,0.6404829299968999,-14.266780575115739,69.56046859936092
1.0781430784279409,1.1556858062347137,0.455738379833464,-13.804667657978424,52.66264294497334
1.1156197672996138,1.1108252275315356,0.28768035727435004,-13.543714464097249,53.68347447808609
1.0980448413938877,1.0845463637603596,0.2982669989758391,-13.543714464097249,53.68347447808609
1.1215367569946135,1.0827455514657855,0.29134877535856196,-13.540117660525834,58.83425154371051
1.1324027994477635,1.0629242404296244,0.30162436002449433,-13.540117660525834,58.83425154371051
1.1989095451162854,1.0749152507518338,0.34279462239928105,-13.763268530160142,72.80492575055109
1.2033636250285675,1.0908111783911965,0.3872635072266366,-13.858024355995408,73.25446151169092
1.2135352413414586,1.0582485677534015,0.3708617744918148,-13.858024355995408,73.25446151169092
1.2351971602068175,1.0375267632838328,0.19551790757748444,-13.432840469626667,74.49251004602297
1.228836079416375,1.009813934608812,0.0693827826188369,-13.096929330347349,75.401811468289
1.2206277403659813,0.9766569645276322,0.0708452340055108,-13.096929330347349,75.401811468289
1.219494639926078,0.9320475785874613,0.02853354769467531,-12.955721502755315,72.40727913246818
1.2596832870289068,0.885110619038544,0.003194969615426979,-12.931852420689678,72.43188731527061
1.278968749296121,0.8563182889945127,0.020635216178700233,-12.931852420689678,72.43188731527061
1.3071893832226555,0.8103375430466855,0.032850566502696577,-12.854859616716574,57.323719432708856
1.388934965516913,0.7968857734990222,0.03597547888041985,-12.854859616716574,57.323719432708856
1.4379063435649773,0.8134796756492797,0.08691738567747631,-12.90082350815566,75.29464518725244
1.4568124563418232,0.856119118169441,0.16715127147411923,-13.047740591326798,75.80746265043226
1.4714972188918245,0.8456108132900586,0.1527610771621053,-13.047740591326798,75.80746265043226
1.4610325541502371,0.8467842648317911,0.17828667529497255,-13.153505631454262,75.61018068048739
1.468690094202442,0.7929088920610585,0.18267575177633244,-13.249414642719175,74.53467436865805
1.4525055565811522,0.7792338079832879,0.1763152770159202,-13.249414642719175,74.53467436865805
1.4351676951887176,0.7276272131908517,0.205508788934869,-13.364794827929849,73.429369928768
1.4213969126518267,0.6411129660551396,0.23733175426423325,-13.515152620529296,71.55277838419136
1.412185467117422,0.6280794626500574,0.22938207581322456,-13.515152620529296,71.55277838419136
1.400467661401179,0.5246892834247436,0.2646164059272089,-13.678775333066788,69.14673598605968
1.4004127481791473,0.5183419495910497,0.25428053025806596,-13.678775333066788,69.14673598605968
1.373722709963138,0.5174753263646146,0.2763844882566404,-13.71151614109453,68.9684464997377
1.3618763285312667,0.5184735177280939,0.3094842735578016,-13.806818002885782,68.67386613721749
1.354294810674852,0.5196624583413256,0.299912362962357,-13.806818002885782,68.67386613721749
1.3152944373937885,0.004772326556597761,0.31136986309922254,-14.096588799715006,39.10363600491213
1.376216757315806,-0.04139454398797149,0.3030441712977803,-14.14350290109448,37.618682310264695
1.409028683419998,0.018561574796603253,0.34019876906431845,-14.14350290109448,37.618682310264695
1.4299738277987917,0.10359253109324573,0.380996308845714,-14.147180370456201,38.0710284318685
1.4616696092889399,0.17383621565549534,0.37984802697659603,-14.147180370456201,38.0710284318685
1.4804192675717167,0.28412625770042865,0.4287570492743149,-14.279928406720401,38.48778554503348
1.4815238268834099,0.3959990639096822,0.4637631353915752,-14.383510872137684,39.06457777019159
1.4712461504654493,0.45977796764214407,0.4455699431896112,-14.383510872137684,39.06457777019159
1.4557270431181757,0.5668988523048073,0.4779979201529787,-14.493907118505062,57.74526886614199
1.3686877180807886,0.6557879901682195,0.5348132509192149,-14.625449715017078,58.303151495494355
1.3195394690587388,0.6613988171480405,0.48296125818660096,-14.625449715017078,58.303151495494355
1.253609246774444,0.670153846454054,0.4899104159031653,-14.71121013862606,58.06746830326177
1.1336644667976512,0.6665651988266039,0.4758249867755966,-14.583084509329952,58.20884780185084
1.0964031231789857,0.6488557622992848,0.46020269764436694,-14.583084509329952,58.20884780185084
0.9772929980979521,0.6649433653550707,0.471260120860193,-14.415036420625924,40.975499682301816
1.0260675351220558,0.6473665206119699,0.4524650474473093,-14.415036420625924,40.975499682301816
0.9172742289887985,0.7026180669430371,0.5126186888847117,-14.191762287487938,41.86747056878036
0.9021767086673558,0.7616093532084935,0.5781290653815083,-14.169461308528128,42.75877411674082
0.9403674805139146,0.7797463108702889,0.5941701920846896,-14.169461308528128,42.75877411674082
0.973792141162412,0.851820743982028,0.664481566533309,-14.287913005759203,45.76291768642744
0.9990537767205834,0.9257454407309407,0.7428104838433653,-14.4394377582649,46.44755846624455
1.014288301992416,0.9426326655587061,0.746853726453276,-14.4394377582649,46.44755846624455
1.0608127023778815,1.014703648239622,0.8082276944130333,-14.642286212432197,62.92287918014922
1.002255154288445,1.0230049897324034,0.8228604843802954,-14.642286212432197,62.92287918014922
0.9905300865380493,1.0530963550732215,0.8350695816551927,-14.761207736983913,63.7271168031892
0.9647094065065707,1.0789989941469775,0.8470272358738011,-14.865667423477866,64.4537088226765
0.9196919180116621,1.0454260248999718,0.8327900229098661,-14.865667423477866,64.4537088226765
0.8859897081002064,1.0463003191352422,0.8282601621796042,-15.001003668794322,65.21781271521304
0.8889651576549595,1.0479514214282557,0.823032402940512,-15.056914886126354,66.07336377563439
0.861969449665791,1.0065349991112944,0.8156013889712441,-15.056914886126354,66.07336377563439
0.8782978767121095,0.9913502156459142,0.8132496264708919,-15.139375153832173,66.5256604258325
0.8870659875605211,0.9822573134373327,0.8094279144478365,-15.170901439940334,67.12508859370139
0.8754842947167045,0.9465249734757046,0.8059561613518529,-15.170901439940334,67.12508859370139
0.9140263240146655,0.9187069738284399,0.802642042031708,-15.26097867374726,67.17747234172967
0.9087080276529251,0.8889191900881137,0.8001808934112757,-15.26097867374726,67.17747234172967
0.9305622448205746,0.8951185823491237,0.7947460464802787,-15.283387506190412,67.9080677066618
0.9485238644619209,0.878055472832179,0.7691402052751277,-15.260974661016245,68.19502180386795
0.9449008932684708,0.8557556379488918,0.7656161267251029,-15.260974661016245,68.19502180386795
0.9717525051598299,0.8559263492648159,0.749220801405583,-15.275364510362467,68.70606038494577
0.971084041301391,0.8430169941717773,0.746485931071907,-15.279767480135595,68.83542432043359
0.9684313313468103,0.8252826004390754,0.7427761564567765,-15.279767480135595,68.83542432043359
0.9925831583599751,0.8176089456940807,0.6856698533701917,-15.068891492020489,69.37835039690974
1.0137145004984864,0.808727087912561,0.6841844798864574,-15.11368240412137,69.44832985854653
1.0136874027912657,0.7944170771740797,0.681819903390319,-15.11368240412137,69.44832985854653
1.0167036243665066,0.7941373840995287,0.6047033584362267,-14.875007228918056,70.32196300855561
1.0196315900814898,0.7906605433783822,0.5528219628639457,-14.727472749941718,70.84149851417331
1.024388513765798,0.7800419818335471,0.5546911813794844,-14.727472749941718,70.84149851417331
1.061953041902794,0.772156576584555,0.5574182413871664,-14.789512911217928,70.94846658168072
1.0710131567437196,0.7596526393324567,0.5625142743975777,-14.789512911217928,70.94846658168072
1.1031706478289443,0.7534533236793348,0.40071722954234623,-14.379630473385852,72.2034653965917
1.1224108684691805,0.759738129698071,0.2730176037310317,-14.02513198503425,73.3997672422781
1.132235938223623,0.7541565010576585,0.2814925791574119,-14.02513198503425,73.3997672422781
1.161953364757284,0.7491255306769542,0.07520734020197173,-13.575682118903607,75.11537129512615
1.1830055059544655,0.7376468154149616,0.09010074952665059,-13.601022174248357,75.08368023082048
1.2039079633537861,0.7256462114919313,0.10356385802160073,-13.601022174248357,75.08368023082048
1.2247840749750667,0.7104486615161778,0.12091844352477077,-13.60308061553176,75.08288043649102
1.2533721544218017,0.7019130989882467,0.14015242989297994,-13.60308061553176,75.08288043649102
1.299855751500604,0.6915277167958811,-1.7257373741950004,-8.628424258803939,88.4875070532699
1.3010770834433,0.7218729757059137,-1.835713200935134,-8.209413998611872,89.62532518012918
1.3280238373012807,0.6977791719433206,-1.812545298613027,-8.209413998611872,89.62532518012918
1.3460074413785024,0.545153576938842,-1.7933213134252197,-8.198584446486867,88.45293640230038
1.455377200046267,0.4707197098764575,-1.7115713612407044,-8.23519668578443,87.73696904381046
1.5946378837199124,0.44250318885717377,-1.6157622927969355,-8.23519668578443,87.73696904381046
1.7464011037833207,0.37171841309284037,-1.552924698149187,-8.173089625086499,68.7585034930753
1.9536552023923224,0.3100931164352261,-1.4756310760847988,-8.214446572798167,67.25693143840782
2.1004266751779674,0.3542999548637482,-1.3612192871543116,-8.214446572798167,67.25693143840782
2.2291543765496122,0.39514162486482807,-1.2824832903454981,-8.209548070725635,71.39507675064819
2.3010509311683665,0.4529171202524802,-1.216566747208697,-8.209548070725635,71.39507675064819
2.345372947357669,0.5085663238860332,-1.1812958853515492,-8.212388070167645,85.25773125657331
2.303459645184961,0.5635213751810397,-1.144952661027996,-8.214094244851431,85.40998705883948
2.2658161046737098,0.581248938216457,-1.1582503032877354,-8.214094244851431,85.40998705883948
2.1983094352577197,0.5972336182424978,0.7536930622252149,-13.31291196571363,53.679638300146394
2.223629729465643,0.28898009208360254,1.0060131694371028,-14.318030638481408,45.30891830736493
2.202550920157481,0.33405328399500034,1.0097214631889266,-14.318030638481408,45.30891830736493
2.1913087451699447,0.45073033109210225,1.0925031760886017,-14.579633009558334,44.514339075036176
2.0991909044906167,0.5338324497605869,1.0331483844741152,-14.619550646578764,44.406846886078156
1.9531744756296516,0.6059589829297809,0.9358257870025857,-14.619550646578764,44.406846886078156
1.7843622756202868,0.6688721831113105,0.8461772410785113,-14.667451874450716,44.27785608847413
1.6148326047500237,0.7140880857020897,0.7369142802415798,-14.667451874450716,44.27785608847413
1.4670798474961444,0.7465459464829975,0.6503054200639784,-14.713544896668472,49.68538001622075
1.3316965087755515,0.7669979458768057,0.5883057716363647,-14.780324905916029,49.52452489734148
1.2383932319144306,0.7714412324914495,0.5058460911534295,-14.780324905916029,49.52452489734148
1.1763404523660856,0.7755990839110765,0.48493230993487835,-14.884963793663434,61.73956271457658
1.1025208053916082,0.7689200828239908,0.5280102800058986,-15.084552296002764,61.20210091551449
1.0815171718776995,0.7411578345022853,0.47837674937505437,-15.084552296002764,61.20210091551449
1.0679468577146567,0.7233513874137074,0.5955735554616179,-15.451192075862508,42.21953844528418
1.103480728576801,-1.0491338338294462,0.6789985760096,-16.79762597176982,2.701935043848324
1.2735065228797149,-1.0337289519519555,0.664851853890871,-16.79762597176982,2.701935043848324
1.3441252969749007,-0.9583880897198509,0.7643683069026852,-16.81893029992525,2.260574882410333
1.4754363539426638,-0.8602045527508024,0.7731833050228736,-16.81893029992525,2.260574882410333
1.5359666550969653,-0.7448920870756774,0.7829613878251096,-16.848805843463637,2.175381120263809
1.5570806259406567,-0.6126613164178136,0.767747768161291,-16.842880820111056,2.4528650956596754
1.54767033682444,-0.4989934099023339,0.7375596823315527,-16.842880820111056,2.4528650956596754
1.5057695037781325,-0.38777057078946564,0.7355413961792219,-16.906815545421416,2.382028275126371
1.4530899797326038,-0.26435168592892744,0.6979594846382686,-16.869028311874935,3.0992191704971073
1.4077297877746484,-0.18593013202737452,0.6591447262454158,-16.869028311874935,3.0992191704971073
1.3678352562803173,-0.09670776441542972,0.6519884795788231,-16.934178971848,3.3923898799707035
1.332228579655372,-0.04225924775314249,0.6209115706427184,-16.934178971848,3.3923898799707035
1.3025373276387455,0.020502276317522883,0.6033164857332993,-16.55454355109754,3.714651535575404
1.285981920522342,0.09107018345353945,0.6054621284541386,-16.583112046205116,4.198720370037284
1.2789490812225872,0.12318820189973723,0.5945617363379467,-16.583112046205116,4.198720370037284
1.2633656525719306,0.18216815548731802,0.6100967021254138,-16.58243811990373,4.878493796453714
1.2736980760575625,0.205352048719742,0.6126733047905466,-16.58243811990373,4.878493796453714
1.2758900706775775,0.2606802203123124,0.6347912928326189,-16.57381659642247,5.564039526597018
1.2796942576467458,0.31656683698378374,0.6681803124301027,-16.58666314014293,6.242012277539931
1.2957250163257794,0.3312002302782764,0.67772439091716,-16.58666314014293,6.242012277539931
1.2874938307804724,0.39465752872343796,0.7148390870091146,-16.63080625430633,7.1865314523204935
1.285731389852974,0.45413092050774884,0.7500663436614126,-16.645466365302042,8.097967573877956
1.2897366495699853,0.46093402726590127,0.7576248249737043,-16.645466365302042,8.097967573877956
1.265710005174197,0.5309948734738685,0.8019342113456056,-16.81935337069398,9.27537391810346
1.2591216966987324,0.5323075685247589,0.8073127490221559,-16.81935337069398,9.27537391810346
1.2192635651638475,0.5969446357301889,0.8392052221394688,-16.789723481793985,10.538600526356337
1.1720500297447973,0.6590413906778565,0.8727948209655718,-16.76058900036823,11.714252896786984
1.156123330970873,0.6529076258661339,0.8716238058255978,-16.76058900036823,11.714252896786984
1.105292459080177,0.7098852300641427,0.9097091097194605,-16.78647839699467,11.84885218669623
1.0480622925437304,0.7735335460402983,0.9434828634482724,-16.743859436342493,13.267359296020668
1.0331239580550413,0.7621630987131378,0.9439828936917416,-16.743859436342493,13.267359296020668
0.9714370887547528,0.8238143406732559,0.9669240291473127,-16.702941803544945,14.936232748358373
0.9371964669614758,0.8864494597520967,0.9901174914167301,-16.667075689128843,16.48165973264687
0.8936610701941397,0.9322845700026907,0.9943804347125758,-16.570206212537617,17.849199090288554
0.882917190127988,0.9148570859753209,0.9955424481966575,-16.570206212537617,17.849199090288554
0.8778277806448367,0.9592572589309785,1.0331958019854013,-16.62780827425266,19.908004232788265
0.8677849455351891,0.9382537289481778,1.0384891663352702,-16.62780827425266,19.908004232788265
0.825414158585069,0.9790078897335712,1.0396884643126145,-16.633226535498174,21.333498173037533
0.791436647199431,1.019552278935331,1.0806251334665142,-16.628364664617663,22.43149755288006
0.7877855783322048,0.9972890090573312,1.0836065805755082,-16.628364664617663,22.43149755288006
0.7657307678844565,1.031626497322758,1.0997921203827317,-16.588697928675543,23.584417075749545
0.7600911902891423,1.0108801481812155,1.1042686327952418,-16.588697928675543,23.584417075749545
0.7423977697276527,1.0389050239832793,1.1136789586449272,-16.75978635134331,24.644568464877555
0.7077756579727303,1.065732980443911,1.1328837757349492,-16.71344341452485,25.634896473855626
0.7022612780827937,1.0446453492290653,1.134006867864643,-16.71344341452485,25.634896473855626
0.6919193183566348,1.068262030075165,1.1486439570740123,-16.464454704124712,19.012181516911177
0.6859892486900274,1.0661284846562502,1.1434242640623138,-16.406751371283605,19.318595188746905
0.6904474147843316,1.0609283860764862,1.155964209696264,-16.406751371283605,19.318595188746905
0.7038810039137484,1.096744469732397,1.1414299932298793,-16.281364640600884,27.933946313469814
0.6866370728712701,1.0920165465130918,1.1552469111014783,-16.281364640600884,27.933946313469814
0.7232374622303652,1.0982982142172601,1.1102082837691243,-16.092894981394405,28.65079449796636
0.735398519038915,1.1130520182720016,1.1137237081318951,-16.122219782616003,29.18554069809136
0.7326618722530265,1.096303547502615,1.1156146189763003,-16.122219782616003,29.18554069809136
0.7505803838131055,1.1194955652887986,-0.7049384091216,-11.279887375356507,43.19143611032203
0.7273174575494061,1.135838885197933,-0.6675487291692903,-11.279887375356507,43.19143611032203
0.7534869243692879,1.102929168425322,-0.6713299879690782,-11.29255219895852,40.49132560230296
0.7685803803278044,1.0511192233886317,-0.6857865970605017,-11.139389900425751,41.92443026428954
0.8667443321039858,1.0074179305024875,-0.6086857747851524,-11.139389900425751,41.92443026428954
1.0218566540890985,1.003663615519507,-0.5586974177775863,-11.071885479605179,45.89852034671224
1.1502192723266962,0.9785634431307604,-0.4646955813971365,-11.071885479605179,45.89852034671224
1.2978708387165003,1.0066051703343102,-0.45686573851660084,-10.885302788400915,47.42356285665633
1.4262961512831902,1.0452292657367543,-0.4241939251768452,-10.790553894432838,48.75348739772951
1.5018802413884926,1.0380883442199562,-0.3586203223593549,-10.790553894432838,48.75348739772951
1.5742474521818417,1.0708406917310829,-0.37738552332208863,-10.605627296273575,50.17182333515777
1.6127851734071865,1.1267556781723644,-0.41002345852994515,-10.391370687396439,52.10352412613365
1.6168256583625502,1.117025460962837,-0.37695841798300744,-10.391370687396439,52.10352412613365
1.6323822898132707,1.150019936749119,-0.4425036061404253,-10.175269543671574,53.813268679308784
1.6120095725386985,1.1324987515299307,-0.4222656637779947,-10.175269543671574,53.813268679308784
1.6331072618081826,1.1614223045035994,-0.49507104002790814,-10.24099131813795,66.5134341501928
1.5913146680933954,1.186007188062772,-0.48411559192400877,-10.218446992924463,67.75359765771063
1.5585414079220048,1.1403407409967432,-0.4940993949302914,-10.218446992924463,67.75359765771063
1.5366240895666186,1.1516063120342461,-0.3560342860967691,-10.914537096062777,74.8825980151076
1.4801184546523292,1.0957700881814842,-0.3493059618806611,-10.914537096062777,74.8825980151076
1.439712471943338,1.0701662514026258,-0.1497270076570416,-11.400868709729213,74.17867772608756
1.398652510868709,1.046720236952524,-0.005152153110721702,-11.756899985836545,73.72261519884519
1.3652069572916017,0.9883329892980375,-0.012807622534978913,-11.756899985836545,73.72261519884519
1.3350338616953215,0.9458592503278345,0.08860795796513843,-11.66523829647476,73.02351391039059
1.3054183755151696,0.9026402292286768,0.07607386666256755,-11.66523829647476,73.02351391039059
1.2699866268829445,0.8828437584021223,0.1388012381188699,-11.800569898522077,73.0099347728522
1.2373126434069195,0.8432596679853144,0.18187583012114739,-11.950306183513723,72.68347204765902
1.2122015758439133,0.8042896560422852,0.16730773441667823,-11.950306183513723,72.68347204765902
1.193235719236628,0.7765108930708835,0.1966088871201852,-12.07603409580262,72.47086820473373
1.17911979029719,0.7509862467786075,0.23250801519875597,-12.204515906312334,72.18600848963413
1.1669337317301256,0.724822406505524,0.21965199297706772,-12.204515906312334,72.18600848963413
1.1599345741975773,0.729803113367522,0.24196467822008438,-12.085006266003692,72.49310180312236
1.15167661014923,0.7136499324482104,0.23099488864630824,-12.085006266003692,72.49310180312236
1.1471096565895458,0.697070389648403,0.25569492342571465,-12.153959916831013,72.23272077725386
1.1423039818306062,0.6843991116872523,0.28545781886729826,-12.259911577335599,72.03364879839077
1.1405150088339457,0.6707419287881802,0.2770639014404612,-12.259911577335599,72.03364879839077
1.1453768667706639,0.6857556461563337,0.3230952770060549,-12.360202095686972,72.20298689884862
1.1464016756010595,0.677338507171787,0.316263905869719,-12.360202095686972,72.20298689884862
1.1495633752881451,0.6737625679503414,0.3840262817219968,-12.480851472137694,71.7515006863729
1.1746671967646432,0.6718904165001529,0.47933657511824435,-12.801802119203943,71.08256710430871
1.173880364487479,0.6647810350980237,0.47063825194019815,-12.801802119203943,71.08256710430871
1.1926999645500178,0.6670696931804043,0.5725474728817053,-13.217766318336299,70.36586797875867
1.2258552520948491,0.6676539807840012,0.6792878717101967,-13.607274669562344,69.52849041218357
1.2155295367758026,0.6644635699734165,0.6640949416678066,-13.607274669562344,69.52849041218357
1.237641751580032,0.6144933531629397,0.7660265828702602,-14.243751162768344,67.41764494601776
1.222344498057109,0.6160143761862829,0.7414047094358076,-14.243751162768344,67.41764494601776
1.2382143177299696,-1.1567640352321988,0.8315095683031872,-15.870714190951187,27.311376001161527
1.3769911834710142,-0.75249307286763,0.8520084548029225,-15.927872897217272,35.3007570484733
1.353606460919174,-0.6769531359873522,0.887786461653818,-15.927872897217272,35.3007570484733
1.3946654897858082,-0.3020892302752123,0.940806637813119,-15.975724584473468,41.43736280210527
1.3422787093819801,-0.22747994076406552,0.9068451085530198,-15.975724584473468,41.43736280210527
1.2938923931338646,0.0949029711832079,0.9280322129248599,-16.015653535414806,28.67370689914983
1.2686861987698514,0.34990178369880764,0.9397360747185144,-16.09872529936873,32.42301954038308
1.2073294321094608,0.414061156905821,0.9102295384911554,-16.09872529936873,32.42301954038308
1.0720090658722667,0.5770447120151716,0.9158132533072338,-15.90879583318201,34.71195167896487
-1.7848898043624408,0.6989531003056517,0.9297185528659493,-10.194520903270767,38.2046037636437
-1.7962926436801907,0.7803316555540287,0.9191297375080265,-10.194520903270767,38.2046037636437
-1.753606655549453,0.8752535947932389,0.9608216018467877,-10.329562977000606,39.408063834853735
-1.7452459871838624,0.81884359569192,0.9881059950435853,-10.329562977000606,39.408063834853735
-1.6013979789396622,0.8988254334396371,1.10383447022964,-10.442171473818536,40.65856650436838
-1.3897389328484566,0.9869582323384549,1.2471737120418283,-10.647584827882135,41.79865632287222
-1.1924786000730188,1.0791474377390669,1.3771117508131536,-10.758175939111828,43.030012930227954
-1.0148891452206312,1.1755177225985727,1.515463794940364,-10.89775361983798,44.05157858897244
-0.8920429823554641,1.2821095709483734,1.6364951879984653,-10.967492105950853,45.28999239130987
-0.8101016852432448,1.3169682658363637,1.6999035171806378,-10.967492105950853,45.28999239130987
0.5461946050394861,1.404132936100999,1.7826850289384994,-13.708224135958009,31.97063866412364
0.59395635590391,1.412852697490898,1.792201931264632,-13.708224135958009,31.97063866412364
0.7493270909561396,1.4845971055299934,1.8474096651299043,-13.924896854707827,27.51607946196455
0.754062478844864,1.547901854707363,1.8612891022451974,-13.999941000612646,27.212124882811814
0.6775870092793403,1.5947996200209271,1.834714691622482,-13.999941000612646,27.212124882811814
-0.6285869512557642,1.5889849897403856,1.7883524664152934,-11.537108391451746,45.158011864919324
-0.7924397833287873,1.633420854051439,1.7594267263459142,-11.537108391451746,45.158011864919324
-0.8212573141432777,1.6079172798270251,1.6889916835522054,-11.738653912179789,44.77731258662828
-0.8759307850566205,1.583597638871712,1.684294660854952,-11.967981410059387,44.969900337903475
-0.9244090505374509,1.5480159535971136,1.6655952115696826,-11.967981410059387,44.969900337903475
-0.8801144007470421,1.5471424284124582,1.6649252355378577,-12.053171232748351,36.084731347130905
-0.825382454898089,1.5233279438829683,1.6678276784356256,-12.053171232748351,36.084731347130905
-0.7270717982735835,1.5415246357167598,1.7360392101838151,-12.23391265088643,27.85345822013423
-0.5763512569023241,1.5201231175902687,1.7710834251993035,-12.416032763947046,27.235404089481243
-0.5115018369471103,1.5420246547081013,1.8085928992692475,-12.416032763947046,27.235404089481243
-0.39181779483595935,1.4708707520369346,1.8349340052355123,-12.604556445064556,25.27825965733595
-0.20231877208324045,1.5065467497696858,1.8472034651410878,-12.893595230036386,25.178219829619273
-0.18144666226054795,1.5437276687796586,1.8563270527396947,-12.893595230036386,25.178219829619273
0.1195548138119511,1.5833961175449458,1.8274811423586925,-13.426329907103048,24.845711528587216
0.10776236742764222,1.6184895893312072,1.8171445128825157,-13.426329907103048,24.845711528587216
0.6660435162373597,0.03034134540361233,1.7715483845438063,-15.589725628960505,6.7930527010300095
1.0576591913425704,0.14262352750307716,1.6656405816273274,-16.136923272656354,8.892633214829905
1.015053193675484,0.193871378663512,1.6583517444938898,-16.136923272656354,8.892633214829905
1.2524416360329342,0.33921261501773436,1.5775706610241984,-16.514207328194466,10.655048529657064
1.1737763784968713,0.39402714354274004,1.5241305483599255,-16.514207328194466,10.655048529657064
1.1490538242672854,0.4953697789776026,1.4460353890305588,-16.59334506160534,12.01207004621846
1.0818815093033467,0.5991773893827581,1.3578600150980793,-16.574325007438127,13.633740258126839
0.9758169968805563,0.6175325376264016,1.2899123263437082,-16.574325007438127,13.633740258126839
0.9137191898704087,0.7066323214417247,1.201396741948396,-16.59485799652139,5.2864658743138335
0.9143670589332684,0.788111911516312,1.0976271366558445,-16.517118530262543,7.268603057697469
0.8705694398216801,0.8005826620598544,1.072325688080034,-16.517118530262543,7.268603057697469
0.9103118414491753,0.9209255880467415,0.9279060986539323,-16.27293362190423,20.903640812418946
0.8637480839163887,0.9265162339477746,0.9236412240262437,-16.27293362190423,20.903640812418946
0.9604862623766062,1.0304991030606974,0.8913080456419107,-16.46615501402625,23.47570399238359
0.9919942556105354,1.1240938693797131,-0.3033838950111045,-13.338041935994573,34.34158989746265
0.9733722480034368,1.1219353820818605,-0.28869484727840034,-13.338041935994573,34.34158989746265
1.0180287555175571,1.1851636280297289,-0.203801663789688,-14.03582202820411,35.99765750156691
1.0129124655061812,1.0975297305804275,-0.1784528648950361,-14.03582202820411,35.99765750156691
1.1151281757918006,1.1365196212669173,-0.06784750390321337,-13.704363394626265,37.972527061657594
1.224344541174724,1.1799328081216112,0.051910647057897386,-13.882552039005036,39.19907704119306
1.302076605776628,1.1388212467837424,0.10278201176029267,-13.882552039005036,39.19907704119306
1.3778826015234031,1.1716087587462214,0.21437962319227033,-13.909057949817704,42.65835013913173
1.4248306571211828,1.1441812588169484,0.26192396389905515,-13.909057949817704,42.65835013913173
1.4973714008339578,1.1841960074377453,0.34275498246139424,-14.118368765127975,44.435137916880684
1.5309232086482663,1.2119886556849826,0.41994095322859604,-14.258298993766573,45.30364750422147
1.5305771845451255,1.180628731738788,0.43535729135725987,-14.258298993766573,45.30364750422147
1.5300792058348454,1.1537266034468905,0.48594285793050607,-14.390653033545963,53.168170829298035
1.4816108062842792,1.2153351231253309,0.5341076544311549,-14.435062132606605,54.943405705061444
1.437577837077293,1.1699510794547088,0.5190359547250705,-14.435062132606605,54.943405705061444
1.4150764995375948,1.1109524116147553,0.5447531702978428,-14.586107264865632,60.515483634531655
1.3496861575254666,1.0607178535063628,0.5367126162535005,-14.586107264865632,60.515483634531655
1.3024821083548401,0.9625842603945658,0.5461828990601694,-14.658421090369819,41.58051146613228
1.3257456251850104,0.9031128067908554,0.543826555285686,-14.738572779433177,41.09980737496602
1.32002919736202,0.8833386765725444,0.5638947200713362,-14.738572779433177,41.09980737496602
1.2806206028085305,0.8726122887776036,0.5986694298567876,-14.682576549090651,45.93090745707628
1.279248824987783,0.8664924692562088,0.603910735927164,-14.682576549090651,45.93090745707628
1.2761583676598414,0.9067427071729275,0.6483994107512419,-14.860271341478247,59.83089342290534
1.2208278667941768,0.9423522054489843,0.7044598499244588,-14.959062363282955,60.44710890547443
1.1974650998533143,0.9120094839156332,0.6731324808182748,-14.959062363282955,60.44710890547443
1.1374750332808858,0.9173998324893926,0.693939427712476,-14.905059727589833,60.81121804592107
1.0321341009309508,0.9144732656512868,0.7078924525537871,-14.804613803400732,61.31206912099919
1.006697662115453,0.878745659694204,0.6971933687637626,-14.804613803400732,61.31206912099919
0.8899143220518093,0.8835856857633022,0.6969461611777712,-14.477017824483593,44.284748882808685
0.9417005284767965,0.8552489121522986,0.6790079706709364,-14.477017824483593,44.284748882808685
0.9004725691264941,0.8994643397470004,0.735868209984635,-14.53494769101001,45.4535641752659
0.940613535316265,0.9512837201143651,0.8245327083576273,-14.698817952707026,46.26601426356701
0.9768545827260193,0.9583811797938031,0.8358725918141672,-14.698817952707026,46.26601426356701
1.0384633702526616,1.0501106345440356,0.9220664395484568,-15.56355773366615,65.06180992976823
0.992514531515341,1.0558163056198233,0.9400531788429749,-15.56355773366615,65.06180992976823
1.024818500268339,1.1033107838096567,0.9779484099577163,-15.80269934256384,65.95050787757515
1.0155511776225392,1.1547480816332292,0.991217961564578,-15.924256904764441,66.88326326788717
0.9600392385140437,1.126100755541843,0.9652643676884232,-15.924256904764441,66.88326326788717
0.9328565334810928,1.1225158561902795,0.9449605035099786,-15.94490142207899,67.43729521493961
0.9159941185772267,1.112201133067071,0.9328980643687679,-16.035760470949917,67.91823849288933
0.8688350239633307,1.0695164667527415,0.9097611707344995,-16.035760470949917,67.91823849288933
0.8616207873200019,1.0305798982083512,0.901767752006648,-15.564062624656716,67.87533083050631
0.8425286411872563,0.9951454997154636,0.8880613838558342,-15.572296512484563,67.8721316055164
0.8291630767625593,0.9576787642041014,0.878787240608808,-15.572296512484563,67.8721316055164
0.8530379609548477,0.9503173719286684,0.8751232658606063,-15.828241474719185,68.57086439319627
0.8651230056053212,0.9265050463439453,0.8750000111339542,-15.830126504767337,68.77287478670169
0.8798871713298593,0.8993664731348625,0.8772216870108966,-15.830126504767337,68.77287478670169
0.9305758425536297,0.9006970990346987,0.8809885633179659,-15.916252519769353,69.18915456544123
0.94318367660239,0.8820391435921042,0.8840028538431195,-15.916252519769353,69.18915456544123
0.9587529583319903,0.8781342112437693,0.8808632655889443,-15.776141653101538,69.47894380710848
0.9931549262140944,0.8847615243200919,0.8778468866080442,-15.81164170030216,69.88290065364339
0.9946713818335282,0.8717296673225419,0.8768374767732263,-15.81164170030216,69.88290065364339
1.0039329541880395,0.8646933411911664,0.8713171505881192,-16.1004797572795,70.05105729865619
1.002136443142538,0.8513885706331168,0.868327618078752,-16.1004797572795,70.05105729865619
1.0210303094831272,0.8433924736352423,0.8431085878810229,-16.085907398006576,70.25103104897903
1.0266630373469003,0.8514952130560602,0.8155760171678472,-16.0157174015959,70.71876654360358
1.0183305837262302,0.842884320940751,0.8094551315746732,-16.0157174015959,70.71876654360358
1.0368373614908468,0.8482004905490319,0.7669447098530409,-15.753920422957497,71.279392724928
1.0272508811976477,0.8548722673868197,0.7308989428519634,-15.661847092548326,71.83294831158749
1.020664786858,0.8449978131330957,0.7266193967982346,-15.661847092548326,71.83294831158749
1.0508518569634484,0.8308219778017993,0.676493524526145,-15.507686743811472,72.14256451283401
1.0536114728230705,0.8203743280633891,0.6778204038883886,-15.507686743811472,72.14256451283401
1.0736781411608884,0.8264291926459162,0.680865812089765,-15.701747813766561,72.4872658758853
1.0859345288367943,0.816534848471568,0.6855271278092232,-15.706646334866726,72.52905393001222
1.0994226720425506,0.8089343443542583,0.6904860160286495,-15.706646334866726,72.52905393001222
1.1129367151306946,0.8208799483981508,0.4597359208868528,-15.002982698965653,74.55167156811129
1.1177616484247603,0.8216326817338202,0.46799064445744953,-15.002982698965653,74.55167156811129
1.1525204136381637,0.8164847950646115,0.47094468145728063,-15.042830739891553,74.57346452564131
1.153144708671494,0.804535882962778,0.4770336380999409,-15.040276889002989,74.66183949521609
1.1661684717835175,0.7961623440528429,0.48641731937341603,-15.040276889002989,74.66183949521609
1.2060693385784358,0.7915538369891726,0.05999638691496845,-14.008029053222499,77.81843984134125
1.215924467298481,0.793243488011925,0.07734494187082763,-14.008029053222499,77.81843984134125
1.2372125951577395,0.7847133130943473,0.042577519615818016,-13.897929700826953,78.15901165633986
1.2455850050884738,0.763229625049036,0.036023053355724866,-13.837361047156516,78.3017397704246
1.2732664821324309,0.7529795154601482,0.056964949109460594,-13.837361047156516,78.3017397704246
1.303760172074051,0.7389808248501315,0.07311298321394188,-13.804774605152469,78.26352765150921
1.3581045248738572,0.7073213514575487,0.0996573355005852,-13.871947554591593,77.67289057524317
1.39091512865645,0.7035020855757033,0.12149147595430243,-13.871947554591593,77.67289057524317
1.4201577246283779,0.6706440283313397,0.1532126184103082,-13.927826769552025,76.88466478176301
1.4434532345152964,0.6721366475760338,0.168988445802285,-13.927826769552025,76.88466478176301
1.4573320833026195,0.6326832730511809,0.21482611459410927,-14.042496683861684,75.70451918785484
1.467747239323789,0.584372204840998,0.2581821728872695,-14.171499125046399,74.29766562194891
1.4722085913445788,0.5898683109139258,0.26304113812411245,-14.171499125046399,74.29766562194891
1.4699761273235312,0.5109705255708517,0.29440822176797354,-14.302196716314597,72.15276798505579
1.4699097625676814,0.5196150690411652,0.29027094279651333,-14.302196716314597,72.15276798505579
1.4549083318010898,0.4210417071946555,0.30862528022083247,-14.714635262146642,69.58233723723357
1.4262931180013805,0.4298228563045656,0.3201203562428754,-14.72171967666298,69.44467646377717
1.412471881582054,0.44438448658784147,0.3140149308088698,-14.72171967666298,69.44467646377717
1.4013730246461273,0.11149541653960071,0.3210217761273424,-15.010232960532363,43.56079887629709
1.4705162833747956,0.13256457663616805,0.28340887294044315,-15.010232960532363,43.56079887629709
1.4465582986654937,0.12423555095955452,0.3252551502923664,-14.937574656896842,44.78435862949622
1.4810170506611748,0.17647592674289836,0.33027518350274576,-14.966847717606697,44.70553068255154
1.4938769494971122,0.23935263470522017,0.3210858318785057,-14.966847717606697,44.70553068255154
1.4759710798869472,0.30983457228536704,0.3301051176472569,-14.63094200087097,48.73177195887829
1.4569647332393405,0.3745233367084069,0.35499099466786177,-14.718689227477535,48.52674592392242
1.4443540036646496,0.4224576975507799,0.3336368893456827,-14.718689227477535,48.52674592392242
1.4225666660724663,0.48177049436590913,0.3414049771892733,-14.694939176937295,59.93557094437142
1.373200232743323,0.5143408729562253,0.34045127412859877,-14.694939176937295,59.93557094437142
1.3490448490653693,0.4996798631001247,0.3175927752377459,-14.48292334110043,41.40115102179287
1.3545153439697728,0.5070099132301595,0.326634086127771,-14.511255834258046,40.96932502198469
1.3663668866259973,0.5399886345112535,0.35317669389409856,-14.511255834258046,40.96932502198469
1.37520617903261,0.559605826525035,0.38650484265409224,-14.882776262987516,40.834660631037615
1.4070030943452778,0.5895048994542162,0.3978631352896991,-14.882776262987516,40.834660631037615
1.4084135348127749,0.6625704361869844,0.4539789499415643,-14.812426843103678,41.35900603360648
1.4260105555354068,0.7507387342252958,0.517081971912035,-14.925269725041723,41.998503221512394
1.4309253345268589,0.7836783067188264,0.5185405786985973,-14.925269725041723,41.998503221512394
1.427788770092266,0.8665630767771524,0.5719395238452636,-15.171915713139613,57.67004626669079
1.3317477708989025,0.9189438405559853,0.6383102055958041,-15.23666278541687,58.01626087036303
1.295976190128878,0.9093673007002381,0.6052327701800553,-15.23666278541687,58.01626087036303
1.227149049885286,0.9332279382230491,0.6234952329016243,-15.352148543748765,61.5172849468404
1.1718241955813635,0.9111224766572326,0.6113132944181223,-15.352148543748765,61.5172849468404
1.0484948793520052,0.9024307189353427,0.6069912916481943,-15.25216280879404,44.01995737256375
0.9784853601981407,0.9176637735073676,0.5946316419016706,-15.058887041118798,44.89529190529661
0.975482876214798,0.9165328932503392,0.6200946535208698,-15.058887041118798,44.89529190529661
0.961841598845921,0.9403566800297587,0.6698898833070159,-15.092490005080778,45.39301446229618
0.9804126298554166,0.9837242717045376,0.724558455198201,-15.185427856132218,45.99847224635463
1.001380152727628,0.9907003547843818,0.7319695760988298,-15.185427856132218,45.99847224635463
1.0274597732278457,1.0439399337594724,0.7844205040901908,-15.283643328026947,57.59915147031475
1.0268628845657015,1.0875848404103827,0.8445038401733118,-15.439290025868274,58.02119367898738
1.0162600833882087,1.0763318622967368,0.8259605088312836,-15.439290025868274,58.02119367898738
1.000029986439459,1.111241239208256,0.8428906535014957,-15.412982879907496,65.71617090820034
0.9514215600086575,1.0948384476391486,0.8418840278095745,-15.412982879907496,65.71617090820034
0.9383872969957143,1.0851073074123874,0.8311164982471881,-15.460721301728947,66.16672772701185
0.90708793344097,1.057074513013796,0.8263103161217527,-15.477863200259643,66.25089911459969
0.8820887572807763,1.0180734272689445,0.8189554834447774,-15.477863200259643,66.25089911459969
0.8671037170941931,1.017990958337399,0.8245672215403763,-15.432132945708975,67.02436431509642
0.8554662158886033,0.9811314984125272,0.8245366294902521,-15.432132945708975,67.02436431509642
0.8726648997505042,0.9483705613973505,0.8266511945132251,-15.379694998147928,67.0595174517496
0.8757663463222829,0.9371851186490625,0.8335896701503231,-15.383107351407068,67.49242072323455
0.8789728251858744,0.908030042688849,0.8379644117876364,-15.383107351407068,67.49242072323455
0.9180958889484367,0.9061295013327477,0.8439305871633214,-15.357837062002929,68.00403785913566
0.9269523867860565,0.887545798728735,0.8512677445076324,-15.366780983869367,68.0756799601563
0.9339243165183269,0.8667783350145539,0.854969565610463,-15.366780983869367,68.0756799601563
0.9737583992852539,0.8766646313595099,0.8605724218059256,-15.5563113510157,68.65277754124375
0.9763246035862911,0.8593684941682342,0.8632699544228477,-15.5563113510157,68.65277754124375
1.0076302261558023,0.8665357895729309,0.8663077247983741,-15.6594805329648,69.09414671236463
1.033353274991533,0.8593508067053657,0.8637729749064431,-15.707183044738242,69.17525907001817
1.028193370479153,0.8466394906548116,0.8597844482511645,-15.707183044738242,69.17525907001817
1.0271745510413517,0.8766162132827597,0.8468168146751558,-15.6727059357913,70.11153794969259
1.0147081829142026,0.8662878872098769,0.8416105777406213,-15.6727059357913,70.11153794969259
1.0385146658830813,0.8579884239653928,0.7934102786990347,-15.569702915052067,70.45856559741704
1.0552966516789435,0.8697162561141338,0.7663443192994182,-15.558829076992014,71.09401574563384
1.0448725725443841,0.8572318248291482,0.7608402630364512,-15.558829076992014,71.09401574563384
1.0430390951908763,0.8470888617291088,0.685507355435627,-15.264700100598532,71.68002210685515
1.0397111172504414,0.8371444364001794,0.6844242981824689,-15.264700100598532,71.68002210685515
1.0856535296278995,0.8519830198837366,0.6837216357831686,-15.420594816557388,72.24136076043854
1.0914870941249815,0.8399236969865198,0.5025290643999396,-14.941337761473841,73.63714178266466
1.0979667700764404,0.8320695468153874,0.5083190675950613,-14.941337761473841,73.63714178266466
1.1368291444567529,0.8226354272732874,0.5129784930421124,-15.013428567823974,73.61554704973676
1.1447332303796713,0.8062145284954165,0.5196801360575498,-15.013428567823974,73.61554704973676
1.160940044636309,0.8225200006922084,0.5287727775847957,-14.980316419570732,74.1899830350857
1.176172111415747,0.8145880481596617,0.5391473036038681,-14.980954872779057,74.16788962191379
1.1910557290974335,0.807475481754345,0.5471940911694149,-14.980954872779057,74.16788962191379
1.246390173745331,0.7997184825839354,-3.950012401169428,-3.1007078129095937,106.37202975886775
1.1940579066274415,0.8463397325675772,-4.027885273212387,-2.6947119815089637,106.83370873965765
1.2233826340477063,0.7863611329399536,-4.00799796344771,-2.6947119815089637,106.83370873965765
1.2057838151336266,0.5486583308660191,-3.917736520305528,-2.694161365488207,106.28136616748064
1.4369416583169814,0.453677613143324,-3.753796740555135,-2.694161365488207,106.28136616748064
1.7432073287366658,0.33397041795846416,-3.548841394176569,-2.7438735064618536,105.13249419678274
2.091698566516939,0.21881186300705258,-3.3363550198078347,-2.793035050442377,103.43127899546434
2.4207956131230652,0.21231452604297107,-3.1285905538862764,-2.793035050442377,103.43127899546434
2.7054757646217507,0.10245960446095026,1.4650231275205652,-14.611836921964505,69.08053804538403
2.9827521846290734,0.050010698772141815,1.5455914977560687,-14.611836921964505,69.08053804538403
3.097094493609756,0.1476660112258994,1.899240235532966,-15.261709239301474,49.374994288790376
3.214091523400437,0.39494496734238194,2.0683261387558787,-15.655471224111315,48.10594559512446
3.0269284002266326,0.5506143462222943,1.9990119022819233,-15.655471224111315,48.10594559512446
2.7443935886792588,0.6836023164484892,1.946228074605851,-16.02011658480081,47.346333784778984
2.334530540661682,0.7889038198186897,1.7588644374450808,-15.972020930882387,47.30983114174872
1.9442139712135693,0.8602015278247501,1.545928622261643,-15.972020930882387,47.30983114174872
1.5859874682439248,0.9081563017038912,1.3443825210051599,-15.943171253285787,65.25886847292387
1.2178004972578735,0.9228497364065351,1.1705167646940782,-15.943171253285787,65.25886847292387
0.9609004810418433,0.895064674444316,1.035628901215949,-16.088080281143007,46.859163571600085
0.8044841604291246,0.8723479778933978,1.000150083167994,-16.344109908469726,46.060617503757925
0.7193538299503066,0.8622294106722181,0.9301817134209323,-16.344109908469726,46.060617503757925
0.6695645465644526,-3.5972998998474544,0.9467536750270686,-19.278771846424604,-52.659071826479085
1.0052248236248538,-3.576006787367255,0.8450330162844906,-19.28407827634998,-52.78913580914585
1.1782683574747734,-3.3740432779425875,0.9814116074886021,-19.28407827634998,-52.78913580914585
1.4526511295708548,-3.1368413562936555,0.9963232197451308,-19.256154251231806,-52.144004065288826
1.5997448675983474,-2.8902515558199475,0.9954432520192342,-19.256154251231806,-52.144004065288826
1.6701207345357005,-2.615614564782324,0.9854090600568637,-19.268321075727087,-51.80916066343975
1.671881733290723,-2.32835283649142,0.9474865690771752,-19.237204906891257,-50.925168359596306
1.6457699212147883,-2.1051537326130156,0.8860799254025462,-19.237204906891257,-50.925168359596306
1.5808285938091562,-1.8866049946184702,0.8319332427264565,-19.100137971561477,-50.550321062054586
1.517590791193847,-1.7142629283394255,0.7665627195019793,-19.100137971561477,-50.550321062054586
1.4483945897505546,-1.5202233078173082,0.7310917332248672,-19.13400718714291,-49.661782098659515
1.3635738728557052,-1.3604412509054045,0.6900442312672239,-19.071942223942386,-48.86272051214152
1.3245115071819233,-1.2568991567777978,0.6500034388783491,-19.071942223942386,-48.86272051214152
1.2978780761807296,-1.1245088632331324,0.64459106247417,-19.115358234063375,-53.554138451569465
1.304866833191853,-1.0496363372653805,0.6224293963451752,-19.115358234063375,-53.554138451569465
1.2758124423110488,-0.9221172041342626,0.6290623198468195,-19.018590794840083,-52.35794925760352
1.2978476520675764,-0.7849720794466244,0.6296263622676088,-18.970139160443257,-45.19344816692204
1.2966730028676503,-0.7304455515832178,0.6415509919684936,-18.970139160443257,-45.19344816692204
1.3330974688240667,-0.6082388298774688,0.6345553280206047,-18.982932990524624,-43.29804780473942
1.3374450173219783,-0.5098962351040532,0.6441528244466932,-18.94704141726355,-41.87371518985594
1.3401411516604798,-0.48811384661384394,0.653330336416639,-18.94704141726355,-41.87371518985594
1.3594875557294075,-0.37103132806531347,0.638340634357685,-18.864836658211235,-39.45380616691234
1.3541579948557958,-0.3616143709367838,0.6531969881768553,-18.864836658211235,-39.45380616691234
1.3692775903626444,-0.25633585368217626,0.6584270550144651,-18.816610580958855,-37.13859261335788
1.3687523593860007,-0.14895022966759552,0.6693885030823097,-18.754899635769213,-34.70890859682735
1.3591677863239235,-0.15715867226349786,0.6807178662026829,-18.754899635769213,-34.70890859682735
1.3658946548423674,-0.031220978018380086,0.6600205897035014,-18.59922707416743,-31.44046465328309
1.3493829120562326,-0.04544288162176993,0.67478235950278,-18.59922707416743,-31.44046465328309
1.3480577476296114,0.308048691807304,0.6614179192669711,-18.298302466662605,-23.01520961988569
1.343887264807499,0.9894101094989356,0.6715237929247255,-17.886026404233114,-7.414379078628171
1.2818201868583339,0.9493259640613207,0.6862196137784617,-17.886026404233114,-7.414379078628171
1.2529335628154654,0.882753280748392,0.6498524599543458,-17.832450482387962,-7.246390510187519
1.2389149618600261,0.8172280900775608,0.6332157781384211,-17.80322381820843,-7.063333966886661
1.2290417337946673,0.7467869697607179,0.6489290750745687,-17.80322381820843,-7.063333966886661
1.2452491712298026,0.6772719899972839,0.6290672529165637,-17.737387622805734,-6.779919087489124
1.259003774815135,0.6133442098038046,0.6536207061608299,-17.737387622805734,-6.779919087489124
1.3050961594488877,0.5554320443515068,0.6523954812912502,-17.721717073262223,-4.5149871471410545
1.326279871883842,0.5030974878921701,0.6316537441181254,-17.613109491082753,-4.184576482104164
1.3432563715843222,0.4553210085986613,0.6507195045959224,-17.613109491082753,-4.184576482104164
1.3701948268776576,0.4132406859250135,0.6520907762259047,-17.598746394622193,5.882059764085503
1.3442333137638003,0.3701441780745453,0.6765347056857318,-17.598746394622193,5.882059764085503
1.351673717142722,0.3167743420208333,0.6955087629652166,-17.71973785772893,-6.34937451872529
1.378163884086249,0.2753541576745082,0.7589241517870651,-17.9068734194849,-6.83907244681646
1.3817702456086738,0.24912025929220494,0.781642925087628,-17.9068734194849,-6.83907244681646
1.370471697614291,0.22348998148572663,0.8276291157250126,-17.969534341091553,-7.096157696277162
1.3752081957684417,0.25022746810009466,0.8349994180940641,-17.943745459119047,-6.230704750411636
1.3734030334143896,0.24072195372160599,0.8356415535411896,-17.943745459119047,-6.230704750411636
1.3571885754282862,-0.016355523111438286,0.8463555367274016,-18.123296656395347,-11.859989998923842
1.3649368987906922,-0.021645293460626824,0.833832528841755,-18.123296656395347,-11.859989998923842
1.360228229714001,-0.09534594529950291,0.841065307223658,-18.19442171523802,-13.656354671574936
1.3564916461179197,-0.1306920000740739,0.8530081466914514,-18.258560019965877,-14.711856525496076
1.3555148992533836,-0.11973576831849564,0.8455137555093404,-18.258560019965877,-14.711856525496076
1.3440470770938955,-0.08894042818188053,0.8398214363389425,-18.138090850590217,-14.350564915248805
1.3383052450026325,-0.07364268516042827,0.8299494093762818,-18.138090850590217,-14.350564915248805
1.3290325459532442,-0.07749606202118697,0.8338129461356796,-18.201257517936877,-14.832049466295842
1.3182304602718777,-0.04417184938021623,0.8359980868017525,-18.212934364906374,-14.413855221867655
1.312004178818146,-0.03299891985194048,0.8282457098168932,-18.212934364906374,-14.413855221867655
1.2994708120509655,-0.010908253990651096,0.827224347636915,-18.203316283125012,-14.190893808276963
1.2844780092245545,0.03510677654678829,0.8261591231321708,-18.16829752490052,-13.399661381225126
1.2807722817784888,0.042325759619050274,0.8214872077392101,-18.16829752490052,-13.399661381225126
1.277670460084539,0.0680431196400425,0.8354048983609847,-18.20133532139558,-13.070252999565778
1.2758199411442632,0.07134534312955687,0.8327830749921485,-18.20133532139558,-13.070252999565778
1.270876783036071,0.11554100202046935,0.837478709311668,-18.230333747521417,-12.187680917784746
1.258554846145627,0.15220073621710606,0.8563110817865986,-18.235906753829234,-11.541758606086942
1.2572907905390962,0.15142711618209947,0.8549035284267221,-18.235906753829234,-11.541758606086942
1.2337774689202132,0.18517467527954323,0.8634530657290878,-18.143291348896494,-10.8217485120014
1.230693510207614,0.1835365317454647,0.8639838673316138,-18.143291348896494,-10.8217485120014
1.225791762230307,0.2162353044621499,0.8820893961678067,-18.17850874163049,-10.137235372000065
1.2218732642002506,0.2532172909610255,0.8862077168914113,-18.159038502026657,-9.208705362269622
1.219006073386805,0.24682605795084755,0.8871848740042423,-18.159038502026657,-9.208705362269622
1.1985584921700054,0.2799132570217019,0.8962011803842445,-18.132793462670712,-8.373457621820505
1.1949728765710894,0.2725923891686116,0.8983475508057528,-18.132793462670712,-8.373457621820505
1.1745919650513605,0.3137562775620194,0.9196020445297965,-18.1155857653617,-7.403266696189991
1.166525758801284,0.34109648324597286,0.9282219449663445,-18.10033443929508,-6.647691279206234
1.1636262623987417,0.33091215668573937,0.9292545501813869,-18.10033443929508,-6.647691279206234
1.1409274721590066,0.3692538478228047,0.9439038704591773,-18.013542078610165,-5.648629757199794
1.1368454109704786,0.40127738620097575,0.962880332232519,-18.029305444405942,-4.835351484569659
1.1335678965582408,0.38900869105815306,0.9643038102931301,-18.029305444405942,-4.835351484569659
1.0976735391105592,0.42560352250780875,0.9723079635487397,-17.946022866722387,-3.7536375939917885
1.0944598986409444,0.4142805072951722,0.9761329653318751,-17.946022866722387,-3.7536375939917885
1.085019386527148,0.44487494908070624,0.9834876951190097,-17.913312985975928,-2.816515630847663
1.0660405144396292,0.4777218077324936,1.005564493269663,-17.898909355091597,-1.9163991401447655
1.064806649003759,0.4639954826248457,1.0084971716215532,-17.898909355091597,-1.9163991401447655
1.0602854571584452,0.49888808464072654,1.0206700942015772,-17.867432141559235,-0.9014700625166541
1.05816246131362,0.4858291666340505,1.0251100826820232,-17.867432141559235,-0.9014700625166541
1.0315462672480873,0.5266850772414062,1.0440064974916834,-17.819919632767235,0.21425478519572236
1.0285218908926224,0.5636507533867211,1.0624502467467143,-17.825253084741128,1.2186124842080621
1.025896567350546,0.548961183458536,1.0648087578532803,-17.825253084741128,1.2186124842080621
0.9974502754603991,0.5827360586142412,1.0830761932643935,-17.783629891902304,0.9938001484884498
0.9978003211237731,0.6324050703422331,1.0945684005358332,-17.76735737968607,2.3212071126176776
0.9942563628903271,0.619092903907674,1.098876598100182,-17.76735737968607,2.3212071126176776
0.9464179686059455,0.6670075651938449,1.1005296055853004,-17.58145280029518,4.9515076551733355
0.9377188345278871,0.6546716152467676,1.1061367722037572,-17.58145280029518,4.9515076551733355
0.933561081302487,0.6994075074340201,1.122056829552521,-17.597444822474085,6.2018926153794
0.894488913045349,0.7353220464410325,1.14002262852883,-17.53641189344271,7.319423144873224
0.8914690437737702,0.7170545459312618,1.142829956439344,-17.53641189344271,7.319423144873224
0.8705746299047332,0.7656475783239399,1.1613516253908203,-17.509498109679416,1.4016903002686494
0.8913998786597026,0.8138133393987154,1.1593522728634138,-17.463917062322402,2.8236504007496297
0.8981395804633356,0.8082790114067216,1.1755847247608555,-17.463917062322402,2.8236504007496297
0.9238835635327773,0.8737457820608495,1.1803787697573562,-17.434558641697624,11.773626634320133
0.9037135124888529,0.8674306155701311,1.195255852131206,-17.434558641697624,11.773626634320133
0.957468566601257,0.9389146780327655,1.1432312570965317,-17.378543279822182,14.019051916487555
0.9743401444928388,1.0040077595486345,1.1414200342485143,-17.3930206214321,15.769892321474412
0.9576491335575028,0.9799830015661204,1.1390390172965645,-17.3930206214321,15.769892321474412
0.9438656920232509,1.0169755480344513,1.1106112808077495,-17.282968541015137,17.370206489457296
0.9721198021114184,1.0665231181399677,1.1092465494692476,-17.312314832803487,19.043600044650603
0.9596341767102254,1.0354704820513787,1.1104457015739553,-17.312314832803487,19.043600044650603
0.9737037486756166,1.07975840617231,1.0767806647057618,-17.232413315808415,20.971668373755342
0.9938722661819668,1.1274895769142466,1.0745999712865326,-17.22165783535366,22.707018591785605
0.9871183974515345,1.0950201030352775,1.0778378882256554,-17.22165783535366,22.707018591785605
0.9985016448347532,1.1261100269869782,1.079934262191515,-17.209614843297505,24.109818207579103
0.9936227593786722,1.095779044647149,1.0861405999016256,-17.209614843297505,24.109818207579103
1.0219483253388182,1.1417903025060578,0.9890691010407431,-16.94991413207019,26.506053909727083
1.0390665295722634,1.1870968876272179,-1.2967730068426548,-10.846546542350518,44.517557240692376
1.0041040696634589,1.1984228816199396,-1.2545021146765345,-10.846546542350518,44.517557240692376
1.0264514421687805,1.2119877263016994,-1.1587207410228388,-11.053006348948946,45.592086080976785
1.0430839308817283,1.1434854281707847,-1.0107254931738812,-11.331502090631147,46.3902739009106
1.1592932641857931,1.068075738557503,-0.925826925754575,-11.331502090631147,46.3902739009106
1.318639059037383,1.0847403729573324,-0.822885853050177,-11.294548273442114,54.57888770283737
1.4942682548537682,1.0892001837336789,-0.7091511821082088,-11.335166969148986,55.5680045128744
1.6330026725587286,1.0463765017440902,-0.6214540836634201,-11.335166969148986,55.5680045128744
1.7400236576372263,1.0542306709527252,0.4581246420223377,-13.979406942885285,42.71796392462068
1.8511193815609546,1.0106561731949713,0.5069724089665877,-13.979406942885285,42.71796392462068
1.9043720727902078,1.0462512653273934,0.6669752076761677,-14.255176277490614,42.837116000296106
1.944761691178969,1.1238371019182514,0.7866953435282338,-14.48554004069773,43.22935797361363
1.897601855197548,1.1300450702077491,0.7796777284657874,-14.48554004069773,43.22935797361363
1.8223791327922478,1.1914345319906705,0.8366599020991845,-14.692878064515028,61.79496105507492
1.6648232916369696,1.22475036665069,0.884891909761192,-14.899827994192757,62.14417747861188
1.5229376650688584,1.1776135957195932,0.8002956801751928,-14.899827994192757,62.14417747861188
1.3707980743842545,1.1337347241982143,0.6963885081052825,-15.254371544800504,62.37807494037965
1.2004587518418677,1.077819548608969,-0.2784935531117174,-12.730348067821716,69.07279878131766
1.0849591733016228,1.0297424742706052,-0.3145470648051849,-12.730348067821716,69.07279878131766
0.9551398585664024,0.9803811741217903,-0.39604435019760365,-12.173692669620083,69.96158075479869
0.9000856038240617,0.8781542563335871,-0.4071461348927894,-12.173692669620083,69.96158075479869
0.8547454807393007,0.8053609174247782,-0.41842792861640676,-11.88267583857511,52.277129408811405
0.9162017721413247,0.7750686156689324,-0.43122269496464716,-11.663800263579553,53.28888790162659
1.0268778886289578,0.7564451942670773,-0.35390035615456705,-11.663800263579553,53.28888790162659
1.135501568755592,0.7634951630918554,-0.29367742060550306,-11.394645965645683,70.40240168607609
1.1958291073588705,0.8007113763314764,-0.1867569985896005,-11.441204167939235,70.98678978443735
1.282352074928913,0.7865235659929808,-0.16048884506445749,-11.441204167939235,70.98678978443735
1.322990256744168,0.8239414013215036,-0.13019251020454625,-11.465403305062607,73.4458383595109
1.3599105738171622,0.8368817040664265,-0.12159700056460099,-11.403318251618446,74.11958220521683
1.3752610452559375,0.8208441232971371,-0.10013978830998149,-11.403318251618446,74.11958220521683
1.3773680547478113,0.8310469548165624,-0.12353083948256849,-11.376008584696642,75.025651306904
1.3685729714786283,0.8096894573544215,-0.11068942540912041,-11.376008584696642,75.025651306904
1.3616696809216755,0.7901899845561386,-0.15394483100316547,-11.248629197093464,75.46913605655953
1.363313874517202,0.7755433570732144,-0.2250178056689156,-10.825923285960528,76.1840810503297
1.3490537967763068,0.7546812394734266,-0.2198269714685157,-10.825923285960528,76.1840810503297
1.3633013808350882,0.7310304248610544,-0.2831064028856529,-10.765916156401858,76.68760590912566
1.3905058611139585,0.669942181566388,-0.38177096404780153,-10.583724911323038,76.6813674616541
1.3940815721812565,0.6487696980186262,-0.3733220167950644,-10.583724911323038,76.6813674616541
1.4321308358869618,0.6286412271109754,-0.5026081897301311,-10.272913762019737,77.66063543688459
1.4732526367171421,-0.34627681495862106,-0.4888893289906622,-10.948372267041021,56.47007779542404
1.5608981170731286,-0.35921366428782875,-0.49778941016342193,-10.948372267041021,56.47007779542404
1.6188241011637945,-0.36390793676179634,1.3004539194963387,-15.701407231534974,43.259066439132425
1.7105508167732675,-0.3668598956137945,1.2863603821000409,-15.701407231534974,43.259066439132425
1.7426182902531187,-0.3291051407899577,1.4136925860354235,-16.11780637128375,39.59053428108128
1.7826683552938811,-0.2545957690073797,1.4656014683523386,-16.383913263457117,37.85522858660084
1.7022746323499267,-0.17175010883253616,1.400213449768365,-16.383913263457117,37.85522858660084
1.549053433071522,-0.1418594886401383,1.3937796521509085,-16.56140388484639,20.425835844528144
1.459024618087081,-0.1381203819716763,1.356029045152221,-16.811114263941803,18.40869215818998
1.3321801978444747,-0.05946663023071963,1.2794615341185507,-16.811114263941803,18.40869215818998
0.4133756901848562,0.008590910878536029,1.2397600211143676,-15.254314245678115,18.77250577904519
0.32841024507383754,0.1371057054247966,1.2140969357163538,-15.351971527363576,19.498389802359448
0.26213142481822915,0.19556416138009203,1.1485451291751945,-15.351971527363576,19.498389802359448
0.24728830929178613,0.26488379810305895,1.138888221014085,-15.505350495686363,20.01137752091394
0.24729798762431354,0.30984778948822167,1.1101288962718932,-15.505350495686363,20.01137752091394
0.300335917413749,0.3909760017294941,1.131425263799386,-15.631831379423208,17.454362030964365
0.38050773750656486,0.4758731944616814,1.1679823309166641,-15.775061026313557,18.03683091037551
0.42919945507484814,0.5206885376921158,1.176287371991017,-15.775061026313557,18.03683091037551
0.5177707687196387,0.6576810298559139,1.212705865219422,-15.817426828123107,19.85493426820707
0.6041821886337853,0.7770309971018663,1.2544626230188918,-15.954323809334957,21.271913798941235
0.6280527273209842,0.8113804679204031,1.2595316863783386,-15.954323809334957,21.271913798941235
0.687745498206243,0.9231856536471033,1.2704220836130187,-16.21733547761989,20.8804892515051
0.7402150344217993,1.0344405023919734,1.2873146041705534,-16.304415835040196,22.6211337406218
0.7301784088113692,1.053699481591753,1.2867102784876696,-16.304415835040196,22.6211337406218
0.7711461881972022,1.1598020970460037,1.2722071880507584,-16.102138328897023,29.8385564563967
0.7277875243330629,1.1699896277709505,1.2719289069966404,-16.102138328897023,29.8385564563967
0.7507081025090896,1.2375297054303258,1.2009973610092883,-16.22308062103444,31.841563777311496
0.7531334905401961,1.3004824017966716,-0.872872526105561,-10.771253125924138,48.28916383329625
0.6927773406141986,1.3172591686292636,-0.8477280308073571,-10.771253125924138,48.28916383329625
0.7209091742164357,1.330329010577591,-0.7813552538604922,-11.060376885793836,49.16177658824567
0.7389387115451447,1.2699155307790588,-0.6577263534291733,-11.355202662678737,49.88386642405908
0.8283996448280249,1.2005320645168804,-0.5887711817089842,-11.355202662678737,49.88386642405908
0.9956622758110565,1.2099194237551556,-0.42274179863964934,-11.292401001772578,50.65635807583637
1.178963765869843,1.2230822841236066,-0.24045624676073163,-11.584380903683376,51.08329940677269
1.3070064692532077,1.1925162186947826,-0.15473320101297938,-11.584380903683376,51.08329940677269
1.4494188464758921,1.2286920596207924,0.05427768911101305,-12.127336595724316,51.33785297043222
1.5246629002809962,1.2155939544131265,0.1160155186499856,-12.127336595724316,51.33785297043222
1.6061669736512438,1.2552792408458622,0.29461533196585066,-12.53498847321754,57.83725844708597
1.6332474496165668,1.2980836759134662,0.45511972351459873,-12.917836775059486,57.980154873218886
1.602890259446871,1.2746212917386157,0.4538723373002982,-12.917836775059486,57.980154873218886
1.5862470375787874,1.2980553899983422,0.5129482541237937,-13.26035855560594,62.484578131288835
1.5274149523289142,1.3030830280424142,0.5384983427268084,-13.39847495542701,62.86284090712269
1.4424289201859062,1.2629196014962902,0.5052406689511169,-13.39847495542701,62.86284090712269
1.388682813043519,1.2479857553275981,0.4721025182847651,-13.34448474388263,70.74622270509764
1.3093865667954856,1.2158711874787924,0.3453090382152122,-13.118264762013833,71.74359365672757
1.2301255444869597,1.1568328443958347,0.30458021523928136,-13.118264762013833,71.74359365672757
1.183625359421077,1.0991597506884085,0.18807473765200466,-13.076735336903736,72.38507906234233
1.1346421327680742,1.0353992567783155,0.1688313989871728,-13.076735336903736,72.38507906234233
1.1147319539461122,0.9684414604271891,0.10713818902251826,-12.75823379413934,72.5855315098456
1.113145851138024,0.8978140523309444,0.10101101422540792,-12.76731541562752,72.21330982222611
1.1244480073368082,0.8490568149166924,0.10420997961287926,-12.76731541562752,72.21330982222611
1.1621873064956927,0.7704822548186803,0.11029427901449296,-12.935096772510452,71.49052029504102
1.1966944103551533,0.7081463481275199,0.12757172084856228,-12.973839374450714,70.87068832018312
1.2302576334988715,0.6809250036780798,0.14105915380483092,-12.973839374450714,70.87068832018312
1.2629376718166565,0.6218533618649018,0.19108510866991857,-13.10053818097578,69.69889950524572
1.2905735061070494,0.6067841261734954,0.1988849013887637,-13.10053818097578,69.69889950524572
1.3083433060468246,0.5378733670789728,0.23818336488321523,-13.01140476651497,68.14316040020206
1.32500008246542,0.5337627284765558,0.23935735570410777,-13.01140476651497,68.14316040020206
1.328085955664862,0.46104863697893794,0.2851385987243542,-13.287353409833706,66.25999807445609
1.3306513998874197,0.4566134173037124,0.3224017932135701,-13.395609026126682,65.95425215730512
1.3291101824626619,0.45886871894275183,0.319117483926038,-13.395609026126682,65.95425215730512
1.3042894768392954,0.46566356689923794,0.3439829634620395,-13.449933921261577,65.74333116632036
1.2639335525274409,0.034530706997207616,0.3685408798433403,-13.756211761668864,55.863163150596
1.2839575112402524,0.04086444871870132,0.34663107169044594,-13.756211761668864,55.863163150596
1.2808635978945744,-0.006447279556371921,0.38287455926750247,-13.908534773805714,43.20297693288309
1.2592700245113715,0.014942689462177139,0.38920957796466116,-13.84271420127762,42.95720222297966
1.270525488969565,0.06416584396511649,0.39720883389151274,-13.84271420127762,42.95720222297966
1.2425309931848223,0.1093645231819802,0.41944084027878303,-13.730595521562462,35.60779429028073
1.2735142914151174,0.1630614563325814,0.40160546480969606,-13.730595521562462,35.60779429028073
1.2465693686865835,0.2660873936576431,0.4431951986058613,-13.843035512585056,36.19089758166866
1.2289928738044156,0.3754036725585612,0.49445902403411424,-13.920634388025457,36.95408420977526
1.2300248551375474,0.43227591292321055,0.4823816196125579,-13.920634388025457,36.95408420977526
1.2289814446782588,0.5448230328043322,0.5281525363072344,-14.092810570552698,37.80554922055971
1.2160780292468245,0.6498029017696503,0.5766826416703761,-14.215235949889475,38.622988590441025
1.2019161015075452,0.6895934221541449,0.5613594404254247,-14.215235949889475,38.622988590441025
1.165310817262946,0.7781354521431221,0.6009759065184634,-14.495713392469746,40.00943535929238
1.140625886137466,0.8570047288420624,0.6533885937647095,-14.63261426617182,40.665647326682645
1.118768879964668,0.8764291179049173,0.6369979300110917,-14.63261426617182,40.665647326682645
1.0843861739358256,0.9457577862999194,0.6771146488525814,-14.73269121231638,58.77487337982057
1.000266739838986,0.9514842887175652,0.6791981404483627,-14.73269121231638,58.77487337982057
0.9488034628575317,0.9731247353810577,0.6756064762528022,-14.774873854764216,59.57721767608901
0.8594380367319427,1.0054779704491317,0.6631697207079408,-14.69340472629855,60.764007220989825
0.814060574831875,0.9665500671094882,0.64748286649482,-14.69340472629855,60.764007220989825
0.7343117149605103,0.9506061462955917,0.6719518779189673,-14.603813941920698,61.17020623576437
0.710770600370604,0.9419998578841109,0.6689288210196795,-14.574015582975619,61.99007112432354
0.7019905760094369,0.897138315744495,0.6709584494733236,-14.574015582975619,61.99007112432354
0.6999671044440117,0.8752298634702442,0.6815275922716828,-14.534678494332633,62.43633480623915
0.7081195880366624,0.8366933383753246,0.690746916202885,-14.534678494332633,62.43633480623915
0.7234012693289475,0.8058247368605209,0.7154904719058202,-14.5741007217479,62.41641779252644
0.7367195285850752,0.8130366563265592,0.727174477162015,-14.3337256006954,63.250412031119815
0.7505336402688667,0.7887522737782189,0.7391167525760984,-14.3337256006954,63.250412031119815
0.7676304934379745,0.772764052118478,0.7480403613430981,-14.170310639025807,63.40266780954993
0.7812348399210256,0.7739659655424167,0.76549918551357,-14.185149382644191,63.85029433365097
0.7914781867906577,0.7554571868204931,0.7746454394458668,-14.185149382644191,63.85029433365097
0.8245706449203163,0.7477654860814318,0.7850732320703218,-14.367610024550661,64.05263191828988
0.8600771667357767,0.7691622059527061,0.8020166509673583,-14.426177360231437,64.77684254851444
0.8645908819667292,0.7557174715812596,0.8073533175371641,-14.426177360231437,64.77684254851444
0.8898306145355797,0.7690707646464974,0.8072265273877139,-14.482422589892021,65.28253383763169
0.8859823475381452,0.7590943672409076,0.8076580139148382,-14.482422589892021,65.28253383763169
0.9278684837672948,0.7753378838409666,0.8025924892015222,-14.558668245326066,65.85500541106788
0.9640453075045201,0.793106242194948,0.7911453424951982,-14.616249824565344,66.49336740929748
0.9508580580731865,0.7811354885834394,0.7853882299880297,-14.616249824565344,66.49336740929748
0.9769645400971365,0.7932149253845764,0.7442501264982497,-14.605818948764963,67.21477940499237
0.9623891207647652,0.7822893110604343,0.7382152768560295,-14.605818948764963,67.21477940499237
0.9855612491793795,0.7974062885796163,0.6983873016045945,-14.657391463925046,68.03472619114369
1.0150121757762838,0.7884005411608852,0.6418115572916254,-14.607631599706593,68.45418335966903
1.0052892543489458,0.7750231426177647,0.6355587775103189,-14.607631599706593,68.45418335966903
1.0256459778563451,0.7865251886612965,0.6304960194510101,-14.647887183247764,68.96283712730269
1.0469606231597006,0.7778560220798854,0.6271461866634156,-14.702331971251573,69.05091098279203
1.0442589570849017,0.7645442367563908,0.6235970342677093,-14.702331971251573,69.05091098279203
1.0714537053933721,0.7584525053373885,0.277395738143158,-13.857843584500692,71.60414125949251
1.066698997130331,0.7543325159931475,0.2812875106934629,-13.857843584500692,71.60414125949251
1.091530019449296,0.740188057298349,0.2802197198721821,-13.888676221759624,71.58574575155453
1.094099895411385,0.7202994104291744,0.28472184340208617,-13.894356258698908,71.67092149613939
1.1104425021399682,0.7060594591250435,0.2946732241935086,-13.894356258698908,71.67092149613939
1.1572453762745627,0.6925361061046216,0.30716796055137907,-13.947094848727074,71.60673825631159
1.1811869359744849,0.6832484431427237,0.3200582255208797,-13.947094848727074,71.60673825631159
1.2072406445408403,0.6460269051485388,-1.7394264701861903,-8.461159107100677,85.7669048957788
1.2029946771513442,0.6517465753860519,-1.7932120717862792,-8.222393368396254,85.8332362246092
1.2283906887789167,0.6249753525549075,-1.7764693981640778,-8.222393368396254,85.8332362246092
1.2317667096612093,0.48074427032551625,-1.7263930203459539,-8.266560025789023,84.77093462118758
1.3486770913666826,0.3777475993613941,-1.6478342267512782,-8.311043098204289,83.44291330451574
1.4977094667468327,0.34985010974017694,-1.5509501899161298,-8.311043098204289,83.44291330451574
1.6622355667723263,0.26318641079839233,-1.4490289292450775,-8.36304464162682,81.78428663393326
1.818293926962589,0.26510604828751294,-1.3546222571225437,-8.36304464162682,81.78428663393326
1.9416468420425872,0.18112889966262458,-1.266868627855488,-8.421496949344569,79.62070278406406
2.038139707798924,0.04981742968587444,0.8809099491917358,-14.040201991572415,61.39012402042683
2.138204570625824,0.037856562983207276,0.9007608335329977,-14.040201991572415,61.39012402042683
2.1275897436465576,0.09654664290111903,1.2062076183990413,-14.678690392327187,59.50475384792023
2.151628134989451,0.2183920920118485,1.187980249175504,-14.678690392327187,59.50475384792023
2.0108103285446512,0.2886577628574165,1.3205189142123062,-15.07328756116138,54.71228557582383
1.8207813197173983,0.3514411798783832,1.3662782668310456,-15.380936619272855,53.70358612752042
1.6205206482104881,0.3981978895005227,1.261621863187201,-15.380936619272855,53.70358612752042
1.3909877659871817,0.43371103723898274,1.2720912341500816,-15.63681789984625,56.261206947357664
1.2001113915106822,0.45471614322613574,1.162493360061605,-15.63681789984625,56.261206947357664
0.9915165684999194,-1.6216485226103177,1.1641036992787428,-17.10576177642629,-8.479794529673205
1.0208272675507835,-1.6617892445018931,1.1122232323851162,-17.278552694349603,-10.389635473280117
1.011770757248045,-1.5439202004545316,1.1375352151446552,-17.278552694349603,-10.389635473280117
1.0097598524548825,-1.407512152402691,1.16182615893165,-17.25417222235548,-10.251007415287463
0.9790932524850535,-1.2143596814850297,1.14895577182001,-17.141988989732432,-9.24659902732604
1.0032379764168362,-1.0670736950328117,1.1043690632470282,-17.141988989732432,-9.24659902732604
0.9962184506251619,-0.8676340918355523,1.0609388361064074,-17.13901762318502,-8.00552192307057
0.9860236235557838,-0.7360400670654605,1.0169062745611095,-17.13901762318502,-8.00552192307057
0.9460298176492143,-0.5638465767301959,1.0074998219574502,-17.135325244968755,-7.032919168394357
0.9297338879551709,-0.3976502928754062,0.9969014254855781,-17.162908582084597,-5.864355287000358
0.8588123648714259,-0.2542650620429847,0.9697394838364968,-17.02380212039159,-4.655172994344222
0.8460372999348729,-0.17735369096867926,0.9451812223522782,-17.02380212039159,-4.655172994344222
0.8137247991451417,-0.05667928568693226,0.9626877337574582,-16.914709692686827,-10.939527668255321
0.7927622175532547,0.06848516869148336,0.9499704932087365,-16.794206654802736,-9.38804323573688
0.8033205370018939,0.12584563239503632,0.9578692772763566,-16.794206654802736,-9.38804323573688
0.8412152538452409,0.2531900870924235,0.9448403548214008,-16.730079588243367,-0.1421006970411448
0.8319783235164042,0.2934554928425712,0.9611982009415176,-16.730079588243367,-0.1421006970411448
0.912384377516001,0.3940550879591942,0.9306090168743797,-16.81771588498991,1.7067759951166424
0.9528248053496746,0.4852318720904357,0.9381547720498737,-16.862390706838475,3.2308748858371854
0.9512379505221409,0.49396270642334184,0.944102178886443,-16.862390706838475,3.2308748858371854
0.9827368900832356,0.5714255130039961,0.931303605872531,-16.913652106409913,4.954282174101909
0.9748763915271317,0.5706230683136919,0.9406884822029515,-16.913652106409913,4.954282174101909
1.0037943408727092,0.6446261606436514,0.9304817602070425,-16.7908759151197,6.824967036715369
1.0271026191852695,0.721702424205127,0.90163655023381,-16.708166644394662,8.925160661877417
1.013398544496436,0.708127190276858,0.9076677279559746,-16.708166644394662,8.925160661877417
1.0299103093033466,0.7703355393728423,0.8850432628173248,-16.576790813856327,10.879472285084391
1.0496267937319779,0.8289235298828171,0.8790536507865254,-16.55769954193443,12.660988920556552
1.039050116609379,0.8060531406961505,0.8857178707255029,-16.55769954193443,12.660988920556552
1.0582893144769194,0.8723937506134775,0.8393735235585833,-16.412041494377508,15.046254018187566
1.0491569837665216,0.8493555846893688,0.8509560361376973,-16.412041494377508,15.046254018187566
1.0765336909320604,0.9233560635422415,0.8211452545873104,-16.472454390060555,17.51410063168669
1.1055036450537905,0.9790270693508933,0.7800211302698741,-16.356641420123125,19.69729228508736
1.100215636839442,0.9507910112420985,0.7881930091739937,-16.356641420123125,19.69729228508736
1.122736985549004,1.0185442811877425,0.7482140789756255,-16.32141081980651,22.12873667335359
1.1120461054795068,0.9890225424479415,0.7586065832211077,-16.32141081980651,22.12873667335359
1.139647214088435,1.0683927089266163,0.7628641546672159,-16.326749390417888,34.08780195110208
1.1242456054849024,1.1169586991557259,-2.3169930038181152,-8.08976076596528,58.07703197975896
1.0612486364461877,1.1226431854178764,-2.276324418092644,-8.08976076596528,58.07703197975896
1.059335161773216,1.0295371186295466,-2.085510815597477,-8.4168771755572,47.10237108901866
1.060704223248048,0.8339303899416064,-1.842327682164778,-8.931725762470577,45.69084510970426
1.2209852672438726,0.7403938084536128,-1.7151178248375603,-8.931725762470577,45.69084510970426
1.43729021647845,0.7000781485626844,-1.5099111520986201,-9.08232883837838,45.907786697356755
1.6762214394147192,0.6628385736549123,-1.3657971367518411,-9.08232883837838,45.907786697356755
1.8874166033050903,0.6844518302707048,-1.192035980131462,-9.13557166256659,46.474828689583276
2.0535715478050056,0.7301827609279226,-1.054795488095737,-9.164747921376346,47.33348467901714
2.1655079468065064,0.7361139578838252,-0.9631745300148702,-9.164747921376346,47.33348467901714
2.2307999203054427,0.7864399222919733,-0.8495072655728977,-9.298729646467248,48.51503223213137
2.2463188412575685,0.7937740426462736,-0.8033405094037278,-9.298729646467248,48.51503223213137
2.2310510889671593,0.8425172752466097,-0.7414443557370023,-9.469557645684963,60.55331703656391
2.150002247279545,0.8736898325876947,-0.6709765628093025,-9.58169025709465,60.98958335499356
2.0774863207702943,0.8437510737045997,-0.6935361945642196,-9.58169025709465,60.98958335499356
1.9845654623654876,0.8216854871516333,-0.47741298781366526,-10.202146660300162,47.518171835633005
1.9484367691010211,0.7836236233353009,-0.5112289625327362,-10.202146660300162,47.518171835633005
1.8539888211140063,0.8100779220121272,-0.35005102107635944,-10.523679792233704,47.37330289820551
1.7920237092993458,0.8324993042966404,-0.32221300417307974,-10.549326751392055,47.98305818189475
1.7524723995358917,0.8197957645665868,-0.33872853173574335,-10.549326751392055,47.98305818189475
1.7189169998436586,0.8629997756396042,-0.32182581724180603,-10.546340058596074,48.80210232083243
1.6741089320324631,0.8961404599085419,-0.3020281220412846,-10.608119943344397,49.41277021503376
1.641433935170805,0.8873338531919492,-0.3222307759126988,-10.608119943344397,49.41277021503376
1.6017257519648322,0.9208296160572176,-0.302661482978712,-10.622644734191315,50.078788710707734
1.5796055007363599,0.9129325089749907,-0.31708873232035883,-10.622644734191315,50.078788710707734
1.5562100276395379,0.9465163133607539,-0.29140900511603696,-10.663938577859453,50.75653536953942
1.5388480088773535,0.9866733104352721,-0.2623638185833419,-10.721428242785334,51.57161134388364
1.5313798408788761,0.9765896082061678,-0.26996586810623313,-10.721428242785334,51.57161134388364
1.51528431935558,1.0135195669120203,-0.23947205102526015,-10.778216065335188,52.35285126720678
1.4853987504674668,1.0499568941781263,-0.2068707702827577,-10.789709133389792,53.11067984964695
1.4741051433989594,1.0889014353230055,-0.17962555373072653,-10.822394550134774,53.97831981385493
1.4728012957098864,1.1290475841937662,-0.14667759637481947,-10.890390809421321,54.82342377434198
1.4697425010944407,1.16926643555414,-0.11914720110514998,-10.94380472321583,55.748544388881534
1.4859829882366666,1.209691702240828,-0.09873547617000522,-11.021179101838692,56.72912842107635
1.4773274205349425,1.1959617155820341,-0.10292833947842306,-11.021179101838692,56.72912842107635
1.4940469543930692,1.2205482052144139,-0.06258541702757969,-11.333217708200452,75.2230639996066
1.4206504457689992,1.197393591810435,-0.051760348917600396,-11.333217708200452,75.2230639996066
1.4050088062149708,1.1977655007713852,-0.005198840973831276,-11.129874323474894,75.73428823784332
1.3674129943677718,1.1996136142844747,0.18057401725104993,-11.656624983084374,75.15171876584101
1.3297403587393113,1.14073814600127,0.1641366558356565,-11.656624983084374,75.15171876584101
1.2974914506100301,1.1226943063269346,0.34337143857432206,-12.497315575915753,74.68106505126735
1.3156475924121862,1.0931617399854536,0.4736967677496067,-12.930685117256528,74.1941875324645
1.2959797796007297,1.0402087315780797,0.4613563000564753,-12.930685117256528,74.1941875324645
1.307845962439187,1.0247786398270158,0.5961082363600221,-13.267494759382531,73.51048735877649
1.2834945472013626,0.9891110744445504,0.5753367017275992,-13.267494759382531,73.51048735877649
1.2814377514051456,0.9618584925632674,0.6837920362566126,-13.599669792744955,72.69281839192917
1.276843791642135,0.9342707764074958,0.7546258387387874,-13.92090652312596,72.02645666705905
1.238432291207539,0.9030721938871014,0.7248742493980704,-13.92090652312596,72.02645666705905
1.2417284725713462,0.8570046394826836,0.8043834377767234,-14.304519731471315,70.6847038647229
1.2106158491503956,0.834746136804831,0.7709954251142512,-14.304519731471315,70.6847038647229
1.2057222393941345,0.8155242575000368,0.8276415094829461,-14.548259970347429,70.03725432176043
1.2061066362529642,-0.7055962523454551,0.8824034437938453,-15.796884046079542,36.119094691190384
1.2893282016368026,-0.7175912421124968,0.8173755885854481,-15.796884046079542,36.119094691190384
1.323093212025948,-0.39033281262653086,0.9179591833191298,-15.873986455277702,41.56855467504809
1.3544758389564255,-0.3381436818130883,0.8971737637671497,-15.873986455277702,41.56855467504809
1.3519036818223693,-0.032824629752183476,0.9440258688099674,-15.944652687391695,46.496981635879884
1.3060056568153788,0.21652839982445604,0.982566098804055,-16.011363929063084,50.205510348675695
1.2516410313491524,0.2573575661636034,0.9331856076330634,-16.011363929063084,50.205510348675695
1.1357240668737485,0.47536280471662273,0.9576311304687954,-16.08281959088914,49.510812060623486
-1.844731417051383,0.6544543322410203,0.9869154981202195,-10.146777545007922,54.771361405762505
-1.8782117928323414,0.7140832774030685,0.9777729326143483,-10.146777545007922,54.771361405762505
-0.6940990878252347,0.8418595393304678,1.0456659674290494,-12.753499524319547,42.40748259493662
-0.6649544625679442,0.7431063839445762,1.0467450032440295,-12.753499524319547,42.40748259493662
-0.1065268256803682,0.8427566595568621,1.1780162561807694,-13.759599113862668,25.67098487100688
0.36350164031743937,0.9492126521581334,1.2843207030936665,-14.351432086452268,26.398787034169665
0.514200628983374,1.0163934313318812,1.3678522006955438,-14.351432086452268,26.398787034169665
0.731884186924523,1.1038274744946297,1.4448860418485585,-14.692887414864355,26.152072056005224
0.8017356933064259,1.195909615208305,1.4705862440316486,-14.692887414864355,26.152072056005224
0.6567296082056546,1.2788449435078353,1.5021959685164086,-14.424833125159221,44.05012903898486
0.2650640003098843,1.3389049950564331,1.5091204829620914,-13.815163641838195,43.934799432767356
0.19093403932454045,1.3731572128069538,1.4555986778541314,-13.815163641838195,43.934799432767356
-1.0615567317171701,1.3937553211338072,1.4565317075378887,-11.43229589152888,42.777654664423764
-1.0581739624736337,1.4391543718198434,1.4576723477470308,-11.638281027127926,43.28093646946114
-1.1076003578226148,1.4287508376594198,1.4506406347423706,-11.638281027127926,43.28093646946114
-1.0692162907703264,1.4036153752093954,1.4831257954996984,-11.829851113414309,27.338862360609113
-0.9757143094973566,1.3921562087106454,1.4961108379328802,-11.829851113414309,27.338862360609113
-0.8450775664184795,1.410464482460026,1.5660956911095671,-11.94402196494446,27.561059507173944
-0.6708077240508654,1.39084783441933,1.6349340885219106,-12.157187459743886,26.47563412222464
-0.5759415660443965,1.4265280695661886,1.6803055741535533,-12.157187459743886,26.47563412222464
-0.4374008004968657,1.4071581325343399,1.720454558342641,-12.345521396074679,30.465598863889888
-0.3268879218300267,1.4538716565808592,1.7496254721082347,-12.487805938634398,30.428711557836124
-0.30799346994217425,1.491225147351962,1.7603016425283995,-12.487805938634398,30.428711557836124
-0.158538805456522,1.5300630410355307,1.7629540074431382,-12.598078261985583,42.537652100062346
-0.22192300592828484,1.5547964492248507,1.7713758803662443,-12.598078261985583,42.537652100062346
-0.06734885673386026,1.1872107841396045,1.7400549801736571,-13.241640770882885,34.31049552912629
-0.10576382941556872,1.1842982177383028,1.7132215651376588,-13.285854750807523,16.32482786370096
-0.0912888542754231,1.190281381631815,1.6906930688412696,-13.285854750807523,16.32482786370096
-0.09848227576871582,1.2243488699644278,1.701544617243686,-13.324746442576872,34.3534923192823
-0.15712472904955854,0.013317920949448503,1.664623312674046,-13.993069341048574,7.574764985318852
-0.09677316080357534,0.017179962810222493,1.5978050623353974,-13.993069341048574,7.574764985318852
-0.11712245169597413,0.1538663058419989,1.604401407594152,-13.95150385462279,-8.63145629396033
-0.04095245607490705,0.20413168174438678,1.5734603939798855,-13.95150385462279,-8.63145629396033
1.2731385214415394,0.34824200880061174,1.5586751202820917,-16.536704442034477,9.890494390385072
1.3221894287103433,0.46693148016348407,1.4724938273092079,-16.48837168003901,11.982312804082099
1.2826363356330044,0.5128369882943897,1.4141377687773806,-16.48837168003901,11.982312804082099
1.3885559012047084,0.6942180191504572,1.2795257867169867,-16.418944997060382,14.632617219626836
1.2798172377439079,0.7272540366609295,1.2191553583718604,-16.418944997060382,14.632617219626836
1.2680208506495565,0.8223347530154295,1.10333080646181,-16.4364674282372,16.711495149606186
1.1791589048083773,0.909437829702668,1.0057589927420447,-16.321180591844808,18.923989541986355
1.085748509145196,0.894918349606729,0.9532675220135487,-16.321180591844808,18.923989541986355
1.0571533229388956,0.9657996103667745,0.8527063108070414,-16.192419290373827,21.3709092986179
1.0043236791370491,0.9382793168556354,0.8247633335333315,-16.192419290373827,21.3709092986179
1.0116726570821823,0.991900222681527,0.8020734377681169,-16.213719305359117,23.247774799885885
1.0210275619040288,1.0758846886052713,-0.349466291214223,-13.138497732597573,33.99192475278277
1.0079415951767534,1.0646875295446934,-0.33178604298247993,-13.138497732597573,33.99192475278277
1.0634142883243936,1.1342472380162145,-0.2377240644059211,-13.570016863491052,35.88344823946499
1.103832957878868,1.1686862260801445,-0.13114005927229355,-13.768300264739382,37.9557047505128
1.1740881713577145,1.1149608201075338,-0.08487529255507509,-13.768300264739382,37.9557047505128
1.2969421966650003,1.1881237068194874,0.045105551327514704,-13.983448011734133,39.87490307886306
1.379069366156087,1.1533754792777855,0.10049647449448784,-13.983448011734133,39.87490307886306
1.4894049226960462,1.1222206056984727,0.23299948648984836,-14.324158090940875,53.209988358403265
1.52316660334077,1.303659600611981,0.3363742394092766,-14.383402721664726,57.47752542663838
1.5228439085624816,1.2538419391352147,0.3465622769714243,-14.383402721664726,57.47752542663838
1.5058751449216805,1.113435205419281,0.3951715061158161,-14.531709606998886,59.0484927739441
1.4611261114938268,1.0122220390690606,0.42190617101641803,-14.616110556815917,57.86976047873257
1.3764486195400512,0.9261631996352491,0.42456483455521177,-14.56069490872298,57.311805851221955
1.2891723865441636,0.8673796440727952,0.44358276867091195,-14.524372513472695,57.14118810215625
1.2024402682948558,0.8117712202061074,0.44552560776878725,-14.437983072999648,57.147543371113365
1.1083504330992664,0.7755975027108271,0.447334089684464,-14.316038471834757,57.53908556050609
1.0100861453064143,0.7551904450498013,0.4446298486752891,-14.148460168504533,58.22545702482951
0.89557487374163,0.7125950225793414,0.4457938826078762,-13.95545952478243,58.34145518461971
0.7958147902412391,0.7008884905304718,0.44583212825281304,-13.74752950965614,59.071480819541954
0.7352703791501787,0.6924029671828338,0.448709480450328,-13.602844725502386,59.767353786881166
0.7059038997607909,0.6782287381083734,0.45614536137326844,-13.515935011507677,60.25374833185423
0.7114557518686868,0.6502014508951302,0.4636643664950326,-13.489532693579992,60.363652349857965
0.715990882355066,0.6602905719243823,0.46658144591318473,-13.406326402072166,61.28130510571483
0.7357012282172999,0.6614242559643078,0.45853245747581806,-13.323620743317568,61.97877588108055
0.754689022358876,0.6476791591832258,0.4546227176805757,-13.261596467084418,62.24432617703559
0.7777018627498351,0.6509422851519227,0.4510416482544193,-13.205007398235193,62.829318906044506
0.8039629124489704,0.6392052131716954,0.4343879414539398,-13.139086010906198,63.12628112044247
0.8552430131762798,0.6487711545526174,0.39992192176210883,-13.073395071706567,63.958178223394775
0.8943687920305141,0.6416367205236893,0.36813845911726917,-13.012770745540779,64.37649125481045
0.9306000093491056,0.6482629115962162,0.31081929089339844,-12.879942132948573,65.26973688026544
0.9645330116838284,0.6370072336500514,0.25670165410563817,-12.771345036135838,65.72010465321566
0.975215969641491,0.625901464758424,0.21378141732148137,-12.64936023273998,66.11779991476536
1.0046463872954607,0.6142617850636731,0.1813283078297223,-12.595156063871322,66.42783854167625
1.0125562915591826,0.601233666083246,0.18712177177234568,-12.595370730996889,66.46186596208142
1.0215315763041972,0.586089305548652,0.18613357639536465,-12.576175649509898,66.50266661502957
1.0327058527588378,0.5771269012514266,0.20394435925109744,-12.602327712408089,66.50285356343537
1.0429893170272408,0.5669019406471278,0.2044836746321541,-12.581038242549756,66.56018290173404
1.0533728909284892,0.5594233239744786,0.2124785387634398,-12.5824582686801,66.58147520368952
1.0615989885577868,0.5527159957618926,0.22632557816612975,-12.601086753079377,66.53131149875819
1.0683305642338947,0.5474951939836599,0.22472038031144126,-12.58387821869991,66.602770139419
1.071857701217465,0.5427546791010895,0.23409785715740195,-12.597184097706721,66.56693940976632
1.074673589772003,0.5385709448743832,0.23688077487602377,-12.599242661684364,66.5661395677648
1.0742772528515903,0.5336368074481204,0.2376262853083253,-12.597220167488901,66.5512104710732
1.0730101334769468,0.5314198730204951,0.23140232710773612,-12.577953509063212,66.62346805179149
1.0705014223928035,0.5285014209838321,0.23259444449851951,-12.580614494522266,66.61630241842414
1.0677571150735323,0.5254599943775489,0.2390509588960963,-12.599242661684364,66.5661395677648
1.064925966390263,0.5223158639952579,0.23823668503059436,-12.599242661684364,66.5661395677648
1.062611690782016,0.5198003917957479,0.23846766923128637,-12.601903964380597,66.55897308012547
1.0608426621442417,0.5177092402441703,0.22459385586471203,-12.567308615515456,66.65213314807681
1.0590273957620595,0.5159526944838033,0.23591151155853307,-12.599242661684364,66.5661395677648
1.057990976738438,0.5138255097230564,0.22587836886306678,-12.575292206366978,66.63063453943082
1.056766036375337,0.5119860853410083,0.23345639044732835,-12.596581676225309,66.57330520113214
1.0570062882391658,0.5106629707864081,0.23289957410924278,-12.596581676225309,66.57330520113214
1.0568353591553286,0.5102058880999278,0.24062797176517137,-12.61723265482005,66.53807059289241
1.0584588553090604,0.5083076261804256,0.2262978484348308,-12.582672935805668,66.61550262409469
1.0585850429993497,0.5088517081755066,0.22623078559417964,-12.582034444542076,66.63759735415363
1.05890841617917,0.5084140998379851,0.2339350540213967,-12.603323914400407,66.58026801585495
1.0587704711933767,0.5072317624278466,0.23351419708488774,-12.603323914400407,66.58026801585495
1.0580123469059193,0.505707471611581,0.2323877428699701,-13.030655507534355,30.566139567764793
1.1821257016912667,0.5156524656488823,0.19845200783943429,-13.030655507534355,30.566139567764793
1.226273321521873,0.584697754111088,0.2566987661224993,-13.030655507534355,30.566139567764793
1.3073640871635084,0.6446825759024808,0.2589562046404912,-13.014050151804899,66.63123066084376
1.2238038462776324,0.7111740346309641,0.29731716525541607,-13.014050151804899,66.63123066084376
1.202315629660125,0.7245467123282205,0.23770882011265582,-13.030017016270763,63.76523911197169
1.134072372120162,0.7519561951248486,0.20223266547610663,-13.004043749520735,63.81480584121809
1.0776964767249817,0.753199838737006,0.17706833000840394,-12.998721461365447,63.82913796222476
1.0311668933579905,0.7416886194717311,0.15751875261822068,-12.998721461365447,63.82913796222476
0.9975311122007486,0.7241848192830007,0.15583651381629093,-13.030655507534355,41.11738430348257
1.0563798048907218,0.7126551633673772,0.12748468423692305,-13.030655507534355,41.11738430348257
1.0769697191451186,0.7365664354612291,0.15575264674977607,-13.012027340372256,48.61630241842414
1.103734888831799,0.7495394725080113,0.17886675438837907,-13.033316810230588,48.55897308012547
1.1332553436692763,0.7688404551735899,0.1775861284396414,-13.033316810230588,48.55897308012547
1.1488822568909454,0.7963357235479216,0.17816936745946887,-13.022672233920014,48.58763732213881
1.1604489160120108,0.820847417921112,0.17958680307343666,-13.022672233920014,48.58763732213881
1.1655625065902613,0.8431102001287649,0.1857126606845747,-13.036541352494217,30.544640959118794
1.229332696314435,0.8693466628014468,0.16850486911893459,-13.036541352494217,30.544640959118794
1.25061318838591,0.9212275275676456,0.19717611229740895,-13.036541352494217,30.544640959118794
1.2886004950376704,0.9627855205343017,0.2019443016296516,-12.94012993573196,30.537474471479463
1.310577714532155,1.0157968817455307,0.19926997176221461,-12.921501768569863,30.58763732213881
1.3249356525572256,1.0681803777618923,0.1991756346268121,-12.921501768569863,30.58763732213881
1.3301352490196632,1.1179543865867905,0.20751383044524774,-12.38872396945887,48.53090495952507
1.2704295558645344,1.1612021854398171,0.22161224331999696,-12.38872396945887,48.53090495952507
1.248229851425096,1.1711532415801043,0.20662453663627134,-12.417595176052624,48.47455892358775
1.2073051169839963,1.176824982335769,0.22602128003514999,-12.491045482715695,48.35212181537147
1.1879329948822224,1.1682451206596578,0.22258051907629994,-12.491045482715695,48.35212181537147
1.1805343471345704,1.1647363673402054,0.24217567725973566,-12.779677061005755,48.434708171651586
1.1805180938738555,1.1483809855418092,0.24842290434810876,-12.779677061005755,48.434708171651586
1.1894058820031077,1.1545347409343318,0.286604180710341,-13.21760517778887,36.17902762282869
1.2407282830836288,1.1478704477765018,0.29092230943205255,-13.241734623797356,36.16428552221497
1.2581597658568793,1.15938974865128,0.31657159786166567,-13.241734623797356,36.16428552221497
1.2914832820268123,1.172750862618155,0.3292915520774886,-12.739606282598539,48.618753175679274
1.2576639691082026,1.1901713100000901,0.3452690492148125,-12.739606282598539,48.618753175679274
1.244627037900388,1.1883192789684605,0.3421323470053266,-13.367633326766855,48.55444429814708
1.2084437678044362,1.178612982268111,0.3401960088833409,-13.391159873307242,48.54607020773024
1.1841726134697033,1.1668887666267769,0.3308999732593365,-13.391159873307242,48.54607020773024
1.1696164260279187,1.1614883948402017,0.3176936124969445,-11.878765305756787,48.586667994361775
1.1547668350321136,1.1599290323690616,0.31488241783059046,-11.878765305756787,48.586667994361775
1.1458817975600049,1.1578026915704585,0.3640311348717471,-12.005618478322209,48.49905033438075
1.1409772580168753,1.1706142645603057,0.46348765033443784,-12.353022931086183,48.89685832857066
1.160358646163024,1.1515178370745458,0.477768834411461,-12.353022931086183,48.89685832857066
1.2447911979400468,1.2033383633570813,0.6282436010761845,-13.6344658064284,49.293272372520086
1.323167097214413,1.2651531767349677,0.8007934327761541,-14.112632042667316,49.770891936838545
1.3390117745022647,1.2568119034957126,0.8070732397198979,-14.112632042667316,49.770891936838545
1.3983801747772202,1.3461792963170889,0.9610036472313574,-15.125092525795047,50.27797512255688
1.371454292844522,1.3440024162111657,0.9448455315579947,-15.125092525795047,50.27797512255688
1.3855337661962768,1.3910954438401317,1.0315494283621962,-15.52619160524666,53.07629209288378
1.3504867924921364,1.434940973713367,1.0853343447606816,-15.798828197719816,53.35437837213744
1.2670560236412443,1.416545031897697,1.0358802325904464,-15.798828197719816,53.35437837213744
1.2105274150968004,1.4188950739746797,1.0329920591577002,-15.96802552625213,68.83269922716663
1.0738478014946553,1.3904261821984014,0.9971373029340675,-15.96802552625213,68.83269922716663
1.0019467847781223,1.3405463406011195,0.9319375427004881,-16.012942192685525,68.9337243200795
0.9099534160935008,1.2938779338901276,0.8902559841503495,-16.031928108631618,68.98306933501168
0.8411210463483307,1.2300448100398964,0.8491906827758107,-16.031928108631618,68.98306933501168
0.7960243901119615,1.1676398811688236,0.8243608317294435,-15.105463179740562,68.96853222420148
0.7750937586127464,1.1160167451101373,0.8116581408638823,-15.11277252891441,68.98485549261248
0.7742046894636481,1.060158504110631,0.8048819175235193,-15.11277252891441,68.98485549261248
0.7881653116835481,0.9999238091349358,0.8008562252219669,-14.587769792950418,69.07043952045345
0.8285286032049157,0.9601045778024213,0.8155416838447316,-14.587769792950418,69.07043952045345
0.9028796935079568,0.9345471771149145,0.8361163610844162,-15.605003481046772,69.27218095984338
0.9524246030469525,0.9298050806339528,0.8449366236331173,-15.55558573848999,70.18897087064586
1.0022216299493043,0.9079994412440477,0.8662280220219709,-15.55558573848999,70.18897087064586
1.0960989657955396,0.9108663806160022,0.8479653916402583,-16.05342581716337,70.52839069775393
1.112474679005095,0.895840167180681,0.8537491279587854,-16.05342581716337,70.52839069775393
1.1189875753661793,0.8865153977062401,0.8513238487987067,-16.061021251782893,70.54728488593597
1.140437249647782,0.9018846097948243,0.7864292190178439,-15.961015691434303,71.35074207112712
1.1129135145844087,0.891700714292369,0.7728450875427648,-15.961015691434303,71.35074207112712
1.083850228879022,0.8800985920801385,0.7531211404728113,-15.961194705417258,71.40049623523039
1.0506713054679135,0.8639301612363832,0.7347276482251606,-15.961194705417258,71.40049623523039
1.023450114231352,0.8464865781132844,0.7173562672511933,-15.200177925627536,71.37840150517145
1.0057743058526842,0.8362095346660312,0.7052663192217326,-15.200177925627536,71.37840150517145
0.9960256101749021,0.8208983544247164,0.697147948389552,-15.200177925627536,71.37840150517145
0.9929441795537066,0.7964622491626687,0.6936048128345664,-15.515966727730866,71.37760168700595
1.0072549293818898,0.7815321322353892,0.6801544232760643,-15.47274929675061,71.51435509366223
1.028749227809275,0.7717165073911523,0.6865492721437958,-15.47274929675061,71.51435509366223
1.0590971523546493,0.7722735699152548,0.6928926084985392,-15.924331432490636,71.58460261966351
1.0765904811181897,0.7649165074943256,0.6974541515311672,-15.924331432490636,71.58460261966351
1.0920114072192098,0.7638950389294838,0.7009249982690378,-14.277161503991605,71.59793059114466
1.1099037616886593,0.7830493785649346,0.6975598580709841,-14.254028236683585,71.69008585112698
1.1149689920232175,0.7833933679004055,0.7027652183432584,-14.254028236683585,71.69008585112698
1.1147537939118837,0.7628623552691876,0.6672549132701597,-15.300308529373824,72.0557466075349
1.1340967368051476,0.7496332378466666,0.6791237832513586,-15.300308529373824,72.0557466075349
1.1608867412625132,0.7504999750163406,0.6199916454154852,-15.603611422231989,72.66008325481027
1.216097288723844,0.7715896093838857,0.6310644641100032,-15.653443918063829,72.83733187420384
1.222658567267831,0.7744178355963856,0.6328932946908497,-15.653443918063829,72.83733187420384
1.220987169982993,0.7842555052984648,0.6297381370706026,-14.910502348777037,72.9020138181117
1.2212916811241552,0.793993343437362,0.6246762044051537,-14.940102429694138,72.93420358649743
1.2051836818212411,0.7943473402042791,0.37345590826984143,-14.297731671728704,74.72373367445255
1.186831945604724,0.7858414338232733,0.32090189252722734,-14.18050212373322,75.09773661645092
1.1820605463047285,0.779156486691603,0.28132101075392546,-14.079556095607435,75.41980469259738
1.1799129677557691,0.7638032600160525,0.2623924343817694,-14.011749794156737,75.64314516720464
1.1971855448391735,0.7521085051062388,0.25794052034194825,-13.966509868981017,75.76496947716933
1.2235610122526128,0.71748790064844,0.2741693297590371,-13.97981008676923,75.21979405107514
1.2908185081351684,0.6736101900477198,0.3222396289556899,-14.14853688874076,74.16811427904841
1.3305528069130093,0.6078483208423151,0.3770039691987801,-14.287438081967464,72.54509100462795
1.367988733321421,0.4813288705153229,0.44754498728377623,-14.507542236403863,69.34445782825019
1.3810049519622867,0.266751341309007,0.5142389894777857,-14.734780314439712,64.06571814712453
1.395970758042993,0.1560237092380703,0.5725482345128414,-14.892139755745692,60.93583903941594
1.3684222963392032,0.15342415865278536,0.617984428736007,-14.887102363779961,60.067801653775234
1.303046245916975,0.1929775623540304,0.6532401187864529,-14.799032012925165,60.042996296471124
1.1701879837852687,0.27990491700453335,0.6545522362797351,-14.506000172221182,61.240318128816824
1.0018009598486781,0.3868850440957039,0.6694022167743077,-14.208350915229282,62.78781373138835
0.9272432355554905,0.46996744946862634,0.6617123028229535,-14.083653906340972,63.9913991955682
0.8985531513734992,0.5347782137265091,0.6222920187346426,-13.982432677778858,65.20119599388947
0.9023655907489658,0.5847207188895198,0.575358768672622,-13.914683499621896,66.29067541847658
0.9500623071087313,0.6215695744702332,0.4979322576033436,-13.829527308592308,67.40493320973266
0.9962109675968969,0.6394970415387276,0.3973844734882399,-13.658850263051072,68.39643619596883
0.9986413089748947,0.6411014314652408,0.402323495215545,-13.658850263051072,68.39643619596883
1.0463531965876736,0.6480019466597482,0.3089846274875212,-14.205631332556274,51.289468711688436
1.1186607263738062,0.6464685491139206,0.30351898139823197,-14.205631332556274,51.289468711688436
1.1890860941212678,0.6855431130525482,0.27658411281050554,-14.08603713694329,51.92155715368356
1.2491602482581028,0.7561023221320835,0.32481658201784036,-14.152506075149766,52.53576729876801
1.2776148886144774,0.792634209676577,0.3371447475614566,-14.152506075149766,52.53576729876801
1.3292219178600058,0.8448174066615612,0.351487975667061,-14.243007212726546,52.788811471309586
1.3314582909766415,0.8811696845359736,0.352069727362768,-14.243007212726546,52.788811471309586
1.3267244531242701,0.9123773268537074,0.3597762413681762,-14.279697034602002,52.67912398722266
1.317284470344553,0.9457224107253372,0.3559630665355096,-14.173619197547902,55.58605410710896
1.290588375267573,0.9698286674685912,0.3506237734128179,-14.173619197547902,55.58605410710896
1.2728643634311672,0.9959532761492706,0.3503977577069768,-12.325049477130204,70.89107381637555
1.206188193995287,1.0178710693219863,0.343719809504083,-12.277327362643593,71.0698174373598
1.179877945577413,0.9962331722488829,0.3217571699353008,-12.277327362643593,71.0698174373598
1.1454074438337503,0.9547278534782677,0.223266804238742,-14.007521747676593,53.85608477572463
1.2122742327336802,0.9133434041320934,0.22052685794647253,-14.007521747676593,53.85608477572463
1.2896964607639174,0.9148841989376706,0.10633066828286486,-13.332888115161365,73.02943464163809
1.3112394367398852,0.9631805290934712,0.13126652177376164,-13.264060510196495,73.8246081938458
1.3248237326508758,0.9448201779904202,0.12202510996519278,-13.264060510196495,73.8246081938458
1.3268193858783768,0.930220014177642,0.10297408814892006,-13.548451741987641,56.04924719069863
1.3713086169922204,0.9106613433137727,0.08988631617350817,-13.548451741987641,56.04924719069863
1.3813901496766205,0.9178565089478985,0.1234665021916801,-13.55668562981549,56.36214582127665
1.4213644748378287,0.9238998512799981,0.13254014508703316,-13.57883344241047,56.44092311588167
1.4325532839154125,0.9356898888187106,0.13961174846857993,-13.57883344241047,56.44092311588167
1.4378886100868877,0.9519344916887484,0.14132338756268914,-12.833051835626401,74.14691999037268
1.3790254963374626,0.9688131999031482,0.15844401678806408,-12.83653026498488,74.16741381488569
1.352818978966409,0.9504826188206454,0.12835779002875736,-12.83653026498488,74.16741381488569
1.3058750137912503,0.9303530355118714,0.12249459854020439,-12.804287609737724,74.21080082306406
1.2880764582280988,0.9040368835436343,0.12053131276392315,-12.807766100443324,74.23129462374106
1.2797559728751078,0.8741520596734675,0.12524505952677512,-12.807766100443324,74.23129462374106
1.2856159101976123,0.8442949418905865,0.1339244389473635,-13.590050411338755,56.229695011246086
1.356394167943189,0.8179566147178221,0.1265429674665599,-13.590050411338755,56.229695011246086
1.3946014642863527,0.8287207261540805,0.1656263649109173,-13.598284237819483,56.22649581009221
1.452780835622017,0.8446248065320092,0.17839318717331176,-12.168504421072146,73.75595361443524
1.420510659928826,0.8730374197148247,0.20687761766856383,-12.168504421072146,73.75595361443524
1.4164133099208538,0.8654325884034813,0.1840494253810412,-13.611911975977902,74.17751014626344
1.3708067699394606,0.8352665082869364,-0.9632345624101706,-10.579624665745452,82.35249021639328
1.3404040385410232,0.8391420551499169,-0.9491501004109444,-10.579624665745452,82.35249021639328
1.34623271060129,0.82322040730803,-1.3016647307439746,-9.446834909224194,84.84192289984792
1.3207141201731711,0.7606538556271909,-1.5502583834940804,-8.739850111585461,86.7443244450561
1.3557230975251753,0.7218732442844611,-1.5125350249933458,-8.739850111585461,86.7443244450561
1.409857584340747,0.6605680666523024,-1.6617922349254546,-7.802085296039947,88.08121321005544
1.4952459927297581,0.6203521294993251,-1.5930097298995742,-7.802085296039947,88.08121321005544
1.6083460420709033,0.5859504757716354,-1.5184539099571988,-8.42464219821833,88.03382718255767
1.7150404656959741,0.5441292780897378,-2.2019183256709205,-6.412260024180265,93.42635132502429
1.8141219080871531,0.5425050029690532,-2.1143460738720967,-6.412260024180265,93.42635132502429
1.9144108410616494,0.5277137551246138,-2.1170251007035956,-4.837428538942051,84.14993976748495
2.014326733256377,0.5070742075587154,-2.0516079708311574,-4.8401254947808985,84.12704653614752
2.1100592075407736,0.5130555726201647,-1.9602291346679248,-4.8401254947808985,84.12704653614752
2.200985011483637,0.49393155493113294,-2.8363765944335997,-3.676443698175291,82.54912089739487
2.3125847510594024,0.49632760431393397,-2.899491630914257,-3.308699986078956,83.11628053973884
2.4073389513461407,0.5231368526935523,-2.818698452441523,-3.308699986078956,83.11628053973884
2.4906362717446693,0.5481926509024944,-2.7478704346487746,-2.6357192070216335,94.72759368440246
2.5511971631792125,0.5968361822019643,-2.692627411609064,-2.6012111904637285,95.4186011795614
2.6033148166913223,0.6042427724095294,-2.647240500192507,-2.6012111904637285,95.4186011795614
2.6326711196529855,0.6072658987967294,-2.571493891977675,-3.3689193042862913,101.9302470231213
2.6390742574035917,0.5849562794435146,-2.5267832660662704,-3.3720051276873377,101.61017722172157
2.649136352769821,0.5725072573400363,-2.5000185141756712,-3.3720051276873377,101.61017722172157
2.6488501300306817,0.5607430551323609,-2.4715842484617547,-3.3858420655503574,101.34265290617286
2.6298038122411915,0.5461197473054806,-2.454847182041693,-3.3858420655503574,101.34265290617286
2.603567846357908,0.512273885092589,-2.4434954152493185,-3.4008128662268664,100.96546000220692
2.57479817606192,0.49333651445700744,-0.2834995372522924,-9.137107435174586,85.5279687286972
2.5721093355248867,0.4342092944769025,-0.3161546400495342,-9.137107435174586,85.5279687286972
2.5328079972226574,0.45121947189999734,-0.3221566315598795,-8.254157188808975,85.71108448304857
2.5221623725757256,0.5381838269705304,-0.25818689563991515,-8.526271102104284,84.94231763595441
2.397499341602786,0.5602324600518971,-0.3318887143856154,-8.526271102104284,84.94231763595441
2.2416292094829076,0.5616604604479467,0.011123373925897795,-9.660700634528531,81.78662448463692
2.095350520347969,0.5602159984599191,-0.08433867911883552,-9.660700634528531,81.78662448463692
1.9540153841343533,0.5598767734605277,-0.169881971691614,-9.660700634528531,81.78662448463692
1.8450407314483943,0.49726822855980757,-0.2529331026011612,-10.601842103071881,73.23312373457487
1.7673770495676475,0.48684015501930933,-0.3415123418250181,-10.601842103071881,73.23312373457487
1.6929111901161742,0.48031746919268814,-0.39941425551288123,-10.606624313632043,73.22183014042609
1.649048283073126,0.49555863591954097,-0.458640836303718,-10.598390487151315,73.22502934157998
1.6086158986734935,0.5054880023995905,-0.5110660973814549,-10.598390487151315,73.22502934157998
1.5802017908751922,0.514775292298232,-0.5563977524442001,-9.837412950622731,77.21617987951565
1.5506216310055922,0.5291975248652037,-0.5867458724208616,-9.833296006708807,77.2177794920106
1.5440504554156425,0.5311536391419329,-0.6182317614524153,-9.833296006708807,77.2177794920106
1.5419130398581755,0.5102019348643969,-0.6352159070720407,-10.58527987220721,76.90846775694244
1.5605220137587663,0.5037016281605879,-0.6445393430644719,-10.581162989640404,76.91006734560138
1.5897761617226536,0.5047235370841809,-0.6462921863463744,-10.581162989640404,76.91006734560138
1.6261614338503902,0.5178020435120052,-0.6454778416779199,-10.59977285427766,61.58445241640215
1.7015070111247015,0.5293592873842328,-0.6603964515796279,-10.59977285427766,61.58445241640215
1.735060939747754,0.5646656469980993,-0.6369868886353489,-8.99394099616313,61.58525223456764
1.7849267462905336,0.5871670611268902,-0.6290315709419243,-9.005433268078772,61.18756684681171
1.8198276163548301,0.6249473701552217,-0.6195570282835796,-9.005433268078772,61.18756684681171
1.8423598808132384,0.644809701236499,-0.6100164885983803,-9.300736111998415,61.25384708632753
1.884852878204495,0.6876324646961174,-0.5949796991292606,-9.296410006435158,61.47398403365545
1.9257074922745587,0.7230709452019748,-0.5785918469343061,-9.296410006435158,61.47398403365545
1.9683616869512859,0.7773822405393487,-0.5639941619829609,-10.599563593225941,65.38848870967968
2.0010779618780115,0.8004514155919207,-0.5541103914776537,-10.651025300129312,65.36849358924675
2.00629341011415,0.8241889608233968,-0.5599273073053401,-10.651025300129312,65.36849358924675
2.0028680727091084,0.8985494839297976,-0.5663902689453755,-10.635493009856738,80.53178183075573
1.9159123753151077,0.9113858200982894,-0.5701265150254249,-10.635493009856738,80.53178183075573
1.851844663967335,0.8820975147906043,-0.6173491918946368,-10.64251607125884,80.28875165209041
1.7698098404885276,0.8258369016837541,-0.6453378084492396,-10.666777635672574,79.44919009957368
1.7072138377440997,0.7921743887499746,-0.6727941637657651,-10.666777635672574,79.44919009957368
1.6669318085701559,0.7551226161717892,-0.6916834698598913,-9.678025226291009,79.44119206093492
1.6428983558946066,0.7244864086037128,-0.7017473362314357,-9.686259114118856,79.43799283594498
1.6301184790261782,0.6880587162986131,-0.7043009508903413,-9.686259114118856,79.43799283594498
1.6275798294716641,0.6413143279081837,-0.6997319724645914,-9.007203845709904,79.43879263027446
1.655454275910004,0.4842758830835501,1.1824543069858886,-14.052520177460732,63.15834920810884
1.730746026260014,0.4262147122672366,1.171310081900816,-14.052520177460732,63.15834920810884
1.7683938164876754,0.2292602306621383,1.1969965042640374,-15.866546350231722,58.739609947579766
1.8004002186927655,0.2957288262159081,1.5322731884414995,-16.70593045051872,56.261081264449274
1.7607988263723764,0.3326656236313168,1.4876019358246217,-16.70593045051872,56.261081264449274
1.653838465632567,0.398639316057368,1.5156994342858396,-16.904971865103605,37.582792505018794
1.5794992750668084,0.4523487502554264,1.4031288273206497,-16.904971865103605,37.582792505018794
1.4009333124858983,0.5143084958878266,1.3775605553192902,-16.9801433274418,37.22858032825729
1.273697437820521,0.5566823117334101,1.2746997465668348,-16.988126918293325,37.20708171961129
1.1449916431265486,0.5993425784406399,1.1760148101643995,-16.988126918293325,37.20708171961129
1.019890397200335,0.6366061540385117,1.0870996689491497,-16.956999572636125,37.200779417749374
0.9334616139579928,0.6683895891377691,1.0095996475078919,-16.954088034310686,37.18964649789658
0.8784705663672923,0.6954599412670492,0.944266976326364,-16.954088034310686,37.18964649789658
0.8512340821589692,0.7190189790053005,0.8947502587318086,-15.208483663303461,37.18088084873433
0.8525488156578485,0.7548282346896453,0.8651287304695754,-15.208483663303461,37.18088084873433
0.8736807083010043,0.7762727171092152,0.8537119339050312,-16.570461027615373,37.15938224008833
0.898591964023657,0.7623702116865392,0.8520028788463563,-16.579047321261136,37.13151736526845
0.9628482619073151,0.780092446195721,0.8624489705280132,-16.579047321261136,37.13151736526845
1.04064809323503,0.8200216661732673,0.8872498407135883,-15.000783697975564,37.073388659776306
1.1011077099740816,0.8594861504802067,0.9055051091065289,-15.000783697975564,37.073388659776306
1.147237977969187,0.8864793168772123,0.9324002406430072,-15.02267587062814,37.00969305530376
1.1761662098178243,-1.425121942915217,0.9675689174659383,-16.543257340945914,-14.236151044611344
1.3956883326223704,-1.3993507741632727,0.9406117931180238,-16.543257340945914,-14.236151044611344
1.4983913142285843,-1.4270693230080527,1.056323115289321,-16.665709999370335,-17.524930991158236
1.659864599332454,-1.3111453246412355,1.0856090163985859,-16.670179129136464,-17.551195802511128
1.7362181187152932,-1.1706038863851898,1.1077439024473974,-16.670179129136464,-17.551195802511128
1.7758613613984664,-1.656391713051691,1.1378331115232774,-19.15749592958705,-31.668082941444027
1.8076597256275888,-1.5028790628170532,1.1006372621775466,-19.137453509173046,-31.00148482041903
1.7810794811240398,-1.351565631036423,1.0824060045621233,-19.137453509173046,-31.00148482041903
1.7538794343569997,-1.1166670109295167,1.0529194637139172,-19.1418320566215,-29.580920073721835
1.659688508823972,-0.9885854537467466,0.9879533428396545,-19.1418320566215,-29.580920073721835
1.5526323748988982,-0.8076309242469776,0.9205022572308033,-19.117116574237382,-28.031776763337742
1.428493920347801,-0.6580223413514057,0.8659083623098898,-19.109639522275657,-26.82237698427964
1.3235774680559702,-0.5898469833426423,0.7974526854140511,-19.109639522275657,-26.82237698427964
1.2262249204858153,-0.4743013846302735,0.738394633597228,-17.042656370665796,-25.420077365617185
1.1695946079120132,-0.4171824521452556,0.7025734767885243,-17.042656370665796,-25.420077365617185
1.131185489979135,-0.3269662349913659,0.7045617936295909,-19.046176575747868,-24.264012793622452
1.1060037934788025,-0.272573702605962,0.6957209806480411,-18.996018753664494,-22.640209410949627
1.1366956588135837,-0.2579018780252299,0.7034428482653619,-18.996018753664494,-22.640209410949627
1.1916405771584837,-0.15789573943741042,0.7355685948163209,-19.00071386835651,-21.485369645050653
1.218841625270298,-0.13813520328131368,0.7473608232353692,-19.00071386835651,-21.485369645050653
1.2174071235968515,-0.06174482664063996,0.7621487294671154,-17.318123826802452,-20.19947745690447
1.2266748273066779,0.02882050905022643,0.7786554238586194,-17.280526247602715,-18.79901591739742
1.2305236408350808,0.035849436787616984,0.7917910467298905,-17.280526247602715,-18.79901591739742
1.2262802148669518,0.07192741124885538,0.8216450631710428,-18.900822964385,-17.651935747312795
1.239531912842676,0.13511414413907608,0.8443640254751794,-18.85155409092078,-15.903535533803119
1.2597865676039879,0.1297654342420172,0.8640108727958471,-18.85155409092078,-15.903535533803119
1.2827422541465991,0.2067812495286685,0.8886523480837072,-16.830168573454717,-14.651943647002541
1.2818508613151356,0.22144839981028303,0.9025770445537686,-16.830168573454717,-14.651943647002541
1.2708573588041432,0.26709514079717583,0.9204066470392163,-18.81598483529747,-13.593624690018018
1.2387852747023347,0.29528961598303144,0.9343044401246723,-18.79151972776086,-11.897792025376148
1.2374798560238474,0.2779197590820899,0.943890574171844,-18.79151972776086,-11.897792025376148
1.2211559686063271,0.3522313254867334,0.958327312436587,-18.708135196978077,-10.516333160108823
1.2009394356796022,0.3420212667360257,0.9573444616330407,-18.708135196978077,-10.516333160108823
1.1750926848342385,0.38190568224173516,0.9509294547450011,-18.67958334052294,-9.343969226722587
1.1374473579877264,0.4010494320148082,0.945509280654798,-18.662523711530653,-8.569294204617286
1.1038526771140384,0.38036095730070796,0.9341494813888112,-18.662523711530653,-8.569294204617286
1.0717712218403923,0.39902665903026635,0.9253062963406791,-18.63549386383191,-7.67538816384093
1.046307441391447,0.3765841800209868,0.9179882049913348,-18.63549386383191,-7.67538816384093
1.0264325163731574,0.35730097230867053,0.914665733197173,-18.63535089809993,-7.612479955312597
1.0120480592739338,0.3436604847747029,0.912959087256862,-18.627331520539705,-7.446860278405831
1.0080208657456353,0.32373169042705996,0.9113715274599512,-18.627331520539705,-7.446860278405831
1.0058427573050355,0.30778679739169423,0.9122902499474534,-17.002254999444183,-7.407442763350898
1.0175207333405947,0.3080487682598123,0.9211223837765794,-17.005059187124992,-7.3491270617808775
1.0319459215601268,0.2950015616122893,0.9324314292414799,-17.005059187124992,-7.3491270617808775
1.0453518628774625,0.29060810602836373,0.9498534631266553,-18.612151735487437,-6.722741409728264
1.0799064955239577,0.2660482886905642,0.9696414809567528,-18.612151735487437,-6.722741409728264
1.116926924767434,0.25978863253322726,0.9907286306536567,-18.60796315328769,-6.68968484562715
1.1585817199235047,0.28610538000989383,1.0078577789668977,-18.602038362903585,-6.54059653551698
1.1662885985708105,0.2893386858860395,1.0120451668691648,-18.602038362903585,-6.54059653551698
1.1567387691263606,0.29426596255035686,1.0094314332183245,-18.169312699473355,-6.480681197615954
1.1367924387788655,0.29709950705100807,1.002920380662741,-18.169312699473355,-6.480681197615954
1.112327295201041,0.294648640138202,0.9937592965597495,-16.600087130170287,-6.458589101331015
1.0920595773708732,0.30071076028444776,0.9916635280969119,-16.597497452757107,-6.35448435098419
1.08495031735794,0.29349533475544487,0.9941242062208007,-16.597497452757107,-6.35448435098419
1.0818366177396643,0.3176716409760042,1.0053711826453329,-18.5695840843668,-5.204217567862905
1.0996193982990903,0.34490379669290516,1.0197514296789576,-18.53286998993428,-4.060116391236872
1.128539275654982,0.33784497705003824,1.0335675193396634,-18.53286998993428,-4.060116391236872
1.1633985045319308,0.39627659760830114,1.0530841774258186,-18.530960219308938,-3.3560971545529252
1.1585259776423071,0.3985557292307961,1.0520093451808732,-18.530960219308938,-3.3560971545529252
1.13764512978726,0.43159273851381197,1.0421809730487892,-18.503077135349855,-2.6025137747244944
1.1018678905967647,0.4255120952239281,1.0362985665298927,-18.514145621505275,-2.687295540357919
1.0684886044173534,0.4162011589610436,1.020107116632441,-18.514145621505275,-2.687295540357919
1.0254752052493483,0.4179310750368125,1.006073041051772,-18.487922101486397,-2.3992452403262763
0.9974749432877066,0.40541210870271016,0.9925205654347891,-18.487922101486397,-2.3992452403262763
0.9744171279632092,0.3928264015377113,0.979450128442859,-18.480505659688895,-2.368387494879073
0.9598381409612391,0.38049807093998167,0.9693717613496196,-18.477206021148895,-2.3391291245227976
0.9522265115971384,0.36821714612444345,0.9629577593333809,-18.477206021148895,-2.3391291245227976
0.956127423152807,0.36015035112635907,0.963969400644348,-18.500947272870118,-2.3134771114215016
0.9581361018556032,0.34949361824989733,0.9599726167629838,-18.49626339986789,-2.3212370866997714
0.9630784967531731,0.341646963988951,0.9594033537796678,-18.49626339986789,-2.3212370866997714
0.9625364648366381,0.3356201988233919,0.9598387445352166,-18.481854188189835,-2.315638478721468
0.9750690791046126,0.3316582401452258,0.9617259425520048,-18.496227687509073,-2.305511256588705
0.981168808879751,0.3275783636799692,0.9627187265813317,-18.496227687509073,-2.305511256588705
0.9803847697025123,0.32423249098059737,0.9646010608751499,-18.486538061192064,-2.307878503443202
0.9848797227751498,0.32197443123012714,0.9653280664840209,-18.486538061192064,-2.307878503443202
0.9880887975428712,0.31996079633998176,0.9656921397304634,-18.486538061192064,-2.307878503443202
0.9892308380168724,0.31814534848312803,0.9677024647842254,-18.489801864679006,-2.3214109960163363
0.9906601222804206,0.3166515231580489,0.9674186399570521,-18.489801864679006,-2.3214109960163363
0.9984047384622627,0.3153672561356292,0.9669162927560842,-18.504211199051298,-2.3270096516667103
0.9986552709697407,0.3141334587355431,0.9661349662048577,-18.504211199051298,-2.3270096516667103
0.9974879571482447,0.31308321725133037,0.963198672281854,-18.496830390303316,-2.3118775227625785
0.9921271474794318,0.31235263284697456,0.9651867083812657,-18.494521652043588,-2.329377112089202
0.9915328013572502,0.31145532895567507,0.9640368749827299,-18.494521652043588,-2.329377112089202
0.9958370611467,0.31150316210627516,0.9599683912258454,-18.49619182292919,-2.2897801589296445
0.9942259002461888,0.3095930575728809,0.9620160197661045,-18.502755417177195,-2.332576289407048
0.9940534151609097,0.30869354866246146,0.9610288310732455,-18.502755417177195,-2.332576289407048
0.9879646062308649,0.30903339730075796,0.9603190947643312,-18.48976607940842,-2.3056801119252706
0.9890748138661261,0.3085775826263317,0.9567244360277836,-18.483840929840298,-2.284981297608734
0.9891998807607703,0.3080492915518792,0.9562015710082545,-18.483840929840298,-2.284981297608734
0.9933957416792873,0.3073460460620089,0.9567747373091686,-18.494736041055084,-2.2953467966699823
0.9938537066368833,0.3066878845598191,0.956490684320209,-18.494736041055084,-2.2953467966699823
0.9945104290430193,0.3062638998570879,0.9563532385075906,-18.494736041055084,-2.2953467966699823
0.9922809681052134,0.3050746810975352,0.9572592976104639,-18.49186042865665,-2.3222108380178703
0.9929445177632008,0.3048777835473675,0.9571292023251239,-18.49186042865665,-2.3222108380178703
0.9984259114216751,0.30574839818529753,0.9540572305068351,-18.49353067885155,-2.2826140984263077
0.9986529996087401,0.30556544844516276,0.9539696910487967,-18.49353067885155,-2.2826140984263077
0.9938966494351198,0.3054027159647855,0.9567797231171311,-18.491221861282526,-2.3001134741849327
0.9980988048620341,0.3053248467515507,0.9566226752155838,-18.49945562641613,-2.303312651502779
0.9981825296610034,0.30515576811597167,0.956460100969506,-18.49945562641613,-2.303312651502779
0.9992229933477326,0.3050148636570511,0.9512755536791389,-18.488208311386963,-2.2682817638516393
