u_q_m30,u_q_0,u_q_p30,y_q_v,y_q_delta
0.10899996757507324,0.37199997901916504,1.5099999904632568,1.0052445508430843,2.6892142338183977
0.11307015290557984,0.3650149339864053,1.4996289953470407,0.9925415766340526,2.659750031579665
0.11101837950645031,0.37002414808700806,1.4985628161092195,0.9925415766340526,2.659750031579665
0.1138815466191343,0.38854604221652583,1.485372397716841,0.9779943015658734,2.5954580444541167
0.09441217600237053,0.39560260039715917,1.4631166108839622,0.9540436876298974,2.5309626456521057
0.06932605674188022,0.40092224520977404,1.446731101011272,0.9540436876298974,2.5309626456521057
0.04129218327169279,0.4043733243267142,1.4296050996413416,0.9534052724768394,2.508870549367159
0.01535644489320806,0.40534062112915764,1.4142135361697068,0.9554279252908922,2.493941879811557
-0.0058315595611342225,0.4039965575470059,1.3996569217278758,0.9554279252908922,2.493941879811557
-0.0213343323690785,0.40175916115826804,1.391524611344816,0.9660726602200582,2.522606548960894
-0.030987526826085215,0.39917369328968966,1.3820023331749425,0.9660726602200582,2.522606548960894
-0.03553998266551969,0.39779225016560105,1.384124541880103,0.9893847828924431,2.5650072177039642
-0.035751277151028216,0.3957597092764356,1.3793695401313801,0.9893847828924431,2.5650072177039642
-0.02516545612869775,0.3933991532305045,1.3855368436820918,1.0304416637477054,2.6579957965447494
-0.011388019492430568,0.3936120814899417,1.391780064738305,1.069618981975787,2.7004286967658526
-0.006342771413027387,0.39325640603577955,1.390873678263686,1.069618981975787,2.7004286967658526
-0.0011696542619530348,0.3931850453623507,1.387351368069609,1.0622738823878564,2.701024818178791
0.0028932553440680353,0.3945332426251086,1.386758232432812,1.0622738823878564,2.701024818178791
-0.0006867433643858029,0.39546651203362976,1.3849046704037231,1.0472618452213194,2.6890598963545433
-0.002372656396261219,0.39531724499155707,1.3779602629677505,1.0257577875467137,2.6657581920290196
-0.0017006853817670975,0.39610519061636934,1.3770407972388572,1.0257577875467137,2.6657581920290196
-0.0024511978538694773,0.3963131588769389,1.3751058657339348,1.0210383248799086,2.657792384868292
-0.002216891798158746,0.3962913246373601,1.3743825401758936,1.0210383248799086,2.657792384868292
0.0004421492703710894,0.39636885499018853,1.3688779232124944,1.0118493284399044,2.6235612438745433
0.0011660993036144984,0.39542205866802466,1.3666198754816494,1.0071653761283796,2.6313210055848213
0.002208836203089898,0.3954534500169632,1.3664435929199128,1.0071653761283796,2.6313210055848213
0.003210459509797481,0.3943745035238219,1.366458941310908,1.0078038673919707,2.6534157356437547
0.004435618383979101,0.3943396115939198,1.3665604365153614,1.0078038673919707,2.6534157356437547
0.01263408416665468,0.3944371961680076,1.3697998389183876,1.0301965906122508,2.680512738700063
0.013762838272511901,0.3954023416559592,1.3719106043722045,1.0348804668132425,2.672750343215797
0.01456614244025907,0.39557793112828876,1.3720188133381526,1.0348804668132425,2.672750343215797
0.0062248569129872144,0.3950863509849452,1.373958461137699,1.0223152312965578,2.701979211212174
0.006381426902489759,0.3955133398837199,1.373723222732559,1.0223152312965578,2.701979211212174
0.00509942526049742,0.396763602666471,1.376433922332262,1.0276016875975529,2.700583034229712
0.004578273138265393,0.39569497277247445,1.3760422751109396,1.028240178861144,2.722677764288647
0.004271617424466356,0.3957559703817959,1.3756683627120128,1.028240178861144,2.722677764288647
0.005006621969299893,0.3948942895111267,1.3733790107245065,1.0256147905272597,2.7312373680004525
0.004820495968552926,0.3949746500137139,1.3730731960921658,1.0256147905272597,2.7312373680004525
0.0036553273168349054,0.39704128110078724,1.373827908156149,1.0249405435199082,2.693416973726375
0.00342456028157756,0.3960472284445604,1.3706510471920341,1.0175954439319774,2.69401309513931
0.0034135364822404646,0.39607795531760953,1.3704639529460363,1.0175954439319774,2.69401309513931
0.005436598175867613,0.39706267140215634,1.370388473610801,1.021073835235189,2.673517953739298
0.005458765194384582,0.39689578097355677,1.3703743564178037,1.021073835235189,2.673517953739298
0.005702962356505276,0.3968160282986351,1.3683877862584404,1.015751467770606,2.6591856191646293
0.004967177567567996,0.39785045457406465,1.3694993499892243,1.0157159574153258,2.6434600502936236
0.005186451567415942,0.39778333663035415,1.3695950055465476,1.0157159574153258,2.6434600502936236
0.0123834354090374,0.3976361969671949,1.3706822435455481,1.0327863131710266,2.6562247187752637
0.012599475640086621,0.39742488742540155,1.3707362298680825,1.0327863131710266,2.6562247187752637
0.0067648575679511574,0.3973661778065704,1.3717969976581976,1.0230966434690698,2.658592131525683
0.004989446195914876,0.3966276117497342,1.3698283160216562,1.0142958085907425,2.6647523045770383
0.0049081313066200866,0.39670249278635755,1.369789743898552,1.0142958085907425,2.6647523045770383
0.004681773316026622,0.3955592515955543,1.3717361644629742,1.0202566673189164,2.701179369210642
0.0046505139338337415,0.3953449084218724,1.3716703788600713,1.0202566673189164,2.701179369210642
0.004739921175349687,0.3963351197759247,1.3717580833597116,1.0196181760553253,2.6790846391517067
0.004898835389583814,0.395412306883513,1.3718391941332044,1.0202566673189164,2.701179369210642
0.005094099644389796,0.3954374588987091,1.371824085350227,1.0202566673189164,2.701179369210642
0.005180097614380916,0.3955204750254569,1.3718778697601999,1.0202566673189164,2.701179369210642
0.005269272645899409,0.3955976737337626,1.371889866975849,1.0202566673189164,2.701179369210642
0.005303513162328244,0.3956769301467308,1.3708921145034294,1.0175954439319774,2.69401309513931
0.005296646809526517,0.39676998783252254,1.3718977899922482,1.0196181760553253,2.6790846391517067
0.005224212884149648,0.3968023930675685,1.371886832818548,1.0196181760553253,2.6790846391517067
0.0061593196130572125,0.3957843991193711,1.3708448701105864,1.0196540079096188,2.6948129371408425
0.006186491949968523,0.39582502529828145,1.3708189560011712,1.0196540079096188,2.6948129371408425
0.00517016265354564,0.39885113755371804,1.3718299615761798,1.0183412696386762,2.634897812807821
0.0049761240968800025,0.3958520033904933,1.3708817778926643,1.0175954439319774,2.69401309513931
0.005116651992273624,0.39578463453042684,1.3707358834227203,1.0175954439319774,2.69401309513931
0.005067457118025587,0.3948112571346118,1.370827724754836,1.0182338590850355,2.7161051914242518
0.005226383387380726,0.3947766834521343,1.3708265921798726,1.0182338590850355,2.7161051914242518
0.005330071108024789,0.39482835542239025,1.369906901070795,1.0155727150073917,2.708939130920915
0.006455761538464153,0.39490831404591736,1.369969359245523,1.017631278985033,2.7097389729224473
0.006552485543303815,0.3949588814432263,1.3700032726177322,1.017631278985033,2.7097389729224473
0.005607669114071873,0.3959986891412963,1.3700383615170233,1.0149342998543336,2.6868470346359734
0.005622264104532093,0.3961064256357251,1.3701040886432874,1.0149342998543336,2.6868470346359734
0.005641745643424123,0.3951324742550942,1.3701009891411997,1.0155727150073917,2.708939130920915
0.006688099169835857,0.39612893202246124,1.3711024186811605,1.0196540079096188,2.6948129371408425
0.006666990852472354,0.3961357241014034,1.3711655434078556,1.0196540079096188,2.6948129371408425
0.005705536081691692,0.3961450870127466,1.3701608557314418,1.0149342998543336,2.6868470346359734
0.005705682928380723,0.39625853765669705,1.3701891165059488,1.0149342998543336,2.6868470346359734
0.005651599222149972,0.39626525777474064,1.3711710109866126,1.0175954439319774,2.69401309513931
0.005566526115767995,0.3961810862702457,1.371144891918692,1.0175954439319774,2.69401309513931
0.0065435696545779465,0.3951681750916699,1.3701562004680268,1.017631278985033,2.7097389729224473
0.005616218166176745,0.3981930304110739,1.3721504741054205,1.0189797609022673,2.65699254286676
0.0054360571896008986,0.3981897569052057,1.3722174311365745,1.0189797609022673,2.65699254286676
0.005380778608324963,0.3951106758520184,1.3721201101820766,1.0208950824719745,2.7232714654955834
0.0054751714464326,0.3950933489607058,1.3720227337363944,1.0208950824719745,2.7232714654955834
0.0054343987346528455,0.3961389822289265,1.3720782578165456,1.0202566673189164,2.701179369210642
0.007397622738076343,0.3961686594456127,1.3710696786491816,1.02171232649878,2.6956126837982333
0.007315062910644113,0.3961650412325714,1.3710006299960287,1.02171232649878,2.6956126837982333
0.007207730972772622,0.3951698501365351,1.3719321044341726,1.025011965038777,2.7248710541545065
0.007200456529581664,0.39517357528654273,1.3718283280726353,1.025011965038777,2.7248710541545065
0.005114486103900723,0.39522022109737137,1.3717921854287196,1.0208950824719745,2.7232714654955834
0.005087726548847246,0.39532405061067677,1.3717314259184081,1.0208950824719745,2.7232714654955834
0.005000301277377453,0.3953695037460325,1.3716623451832732,1.0208950824719745,2.7232714654955834
0.004901126518675275,0.3963527446820851,1.3705992469317458,1.0175954439319774,2.69401309513931
0.004793033734799612,0.39639266145986063,1.3706054157425474,1.0175954439319774,2.69401309513931
0.006790428558211742,0.3963616054644795,1.3685605923607593,1.0163899590341972,2.6812803492235644
0.0057458192647323325,0.396306502508794,1.3695932359825682,1.016992863831975,2.6876468766375057
0.005850753069932962,0.39624306347576127,1.369617465423637,1.016992863831975,2.6876468766375057
0.004958719188522892,0.3981889029588869,1.3706993228254654,1.0163185375153283,2.649826268795428
0.004995801827585689,0.3981461858014818,1.370823366882615,1.0163185375153283,2.649826268795428
0.007104397207162591,0.39704801789298705,1.3708549148409508,1.021073835235189,2.673517953739298
0.006220595808137788,0.39693838478082794,1.3688931862849203,1.013693149181445,2.6583858725072385
0.006273905183874134,0.3969438362958179,1.3690204264907981,1.013693149181445,2.6583858725072385
0.006385936610634468,0.39792573375276485,1.3710758342212002,1.0183771014929697,2.6506261107969604
0.006308447582984517,0.3977359171447624,1.3711207401983443,1.0183771014929697,2.6506261107969604
0.005347094726239954,0.3966492634628592,1.3701562939411784,1.0142958085907425,2.6647523045770383
0.007456765142264982,0.395677564673469,1.3702012932703114,1.0190511824211361,2.6884466232948965
0.007533329939490893,0.3956165668343519,1.37021585848589,1.0190511824211361,2.6884466232948965
0.006533125730634359,0.39756912134947037,1.3712582590333433,1.0183771014929697,2.6506261107969604
0.00647779358003292,0.3976264225208834,1.3713089106871001,1.0183771014929697,2.6506261107969604
0.005407048113340876,0.3955877137789826,1.371233461946341,1.0175954439319774,2.69401309513931
0.005423461331771087,0.39758219731542827,1.3721539543215036,1.0189797609022673,2.65699254286676
0.005228560061233928,0.39759079081005594,1.372208724847011,1.0189797609022673,2.65699254286676
0.005169998796008615,0.39551237317943116,1.3711149166418213,1.0175954439319774,2.69401309513931
0.005213291658775571,0.39553147505019537,1.3710532726985654,1.0175954439319774,2.69401309513931
0.007193643120075907,0.39756086792551354,1.3720794812453234,1.0230966434690698,2.658592131525683
0.007074290497387531,0.39949580186384076,1.3720767977958646,1.0218196609418868,2.6144026714078055
0.00688997464190641,0.39945408758324635,1.3720339727336146,1.0218196609418868,2.6144026714078055
0.0047828007384470295,0.3964339650710191,1.370915025085332,1.0169569526683864,2.671918365080375
0.004776235492526315,0.39638894491999466,1.3707931446490673,1.0169569526683864,2.671918365080375
0.006693215260560603,0.3953659604657351,1.3708308631117743,1.02171232649878,2.6956126837982333
0.004751426620236032,0.39420613885670497,1.3707804726569146,1.0182338590850355,2.7161051914242518
0.004927014256365797,0.39425177288116975,1.3708260061282231,1.0182338590850355,2.7161051914242518
0.005132979568372706,0.3973801132884638,1.3709002490631879,1.0163185375153283,2.649826268795428
0.005039780299421787,0.39742234765848106,1.3709988609155237,1.0163185375153283,2.649826268795428
0.005102246359043175,0.3944130975463499,1.3719334182178722,1.0208950824719745,2.7232714654955834
0.00829916957023591,0.39540496541695874,1.3698711153571255,1.0211097463987802,2.6892464652964287
0.00827565221572435,0.3955066807797264,1.3700206142848745,1.0211097463987802,2.6892464652964287
0.007413429068512251,0.39457930049007706,1.3719849705525815,1.025011965038777,2.7248710541545065
0.007489382435412806,0.3946452662811158,1.3719244688106187,1.025011965038777,2.7248710541545065
0.00545637267398133,0.39476903467835894,1.3699179007808078,1.0155727150073917,2.708939130920915
0.005411581112980707,0.3979859843601929,1.3708979966896684,1.0163185375153283,2.649826268795428
0.005094264496601594,0.39803993473489824,1.3708742130896574,1.0163185375153283,2.649826268795428
0.00485139220200459,0.39586916645493214,1.3707235152488537,1.0175954439319774,2.69401309513931
0.004877958416567393,0.3958271430602967,1.37066411051644,1.0175954439319774,2.69401309513931
0.004911279222354528,0.39581146349411794,1.3707451114957636,1.0175954439319774,2.69401309513931
0.007065672578269178,0.39479440318503667,1.3717965534057932,1.025011965038777,2.7248710541545065
0.0072788479197510025,0.39475574576550454,1.3718053187977648,1.025011965038777,2.7248710541545065
0.005411053784037598,0.39583676127121087,1.3708768553509567,1.0175954439319774,2.69401309513931
0.005481412831092672,0.39606383563350056,1.3709394963422348,1.0175954439319774,2.69401309513931
0.005435423619128105,0.39612123202703003,1.370879149734216,1.0175954439319774,2.69401309513931
0.00627325062857545,0.39607836269228147,1.370840906976306,1.0196540079096188,2.6948129371408425
0.00621618991330361,0.3960675364435562,1.3708214181983565,1.0196540079096188,2.6948129371408425
0.005192170211424929,0.3980631647284335,1.3698196760410963,1.0136573934376845,2.6426602082920914
0.005056455072862884,0.3981146576266053,1.3698935164247878,1.0136573934376845,2.6426602082920914
0.00602254386676096,0.3970185279064072,1.3708394683082348,1.0190155166460277,2.6727182070819073
0.005009824233953547,0.3958307176019902,1.3698219339426925,1.0149342998543336,2.6868470346359734
0.00514423869915509,0.39580303064369854,1.3699133123813625,1.0149342998543336,2.6868470346359734
0.007338321496825104,0.395831736162087,1.370023206605581,1.0190511824211361,2.6884466232948965
0.007441800305821922,0.3957362709331276,1.3700838141242717,1.0190511824211361,2.6884466232948965
0.005566787102248449,0.3967459267635582,1.3701483268960906,1.0142958085907425,2.6647523045770383
0.005610758586009318,0.3958534802642384,1.371233357703809,1.0175954439319774,2.69401309513931
0.005699113992620547,0.39583170332668016,1.371187194870247,1.0175954439319774,2.69401309513931
0.006638960932705523,0.3958224579804773,1.3702304166784662,1.016992863831975,2.6876468766375057
0.006665337219875389,0.39587966323372226,1.3702479042154658,1.016992863831975,2.6876468766375057
0.00763830046978807,0.39490003605431706,1.36923865897141,1.0170283741872543,2.703372445508506
0.007651685074443387,0.3949199532841716,1.371211938636771,1.022350741651838,2.717704780083175
0.007659266892156652,0.3949279834863192,1.3711907637844496,1.022350741651838,2.717704780083175
0.005648751279287434,0.39498780151120855,1.3711760433096964,1.0182338590850355,2.7161051914242518
0.005663141062934363,0.395154893477584,1.3711481395688991,1.0182338590850355,2.7161051914242518
0.006574378954926227,0.3952325218448567,1.3690880421226685,1.014970055598094,2.702572698851115
0.006413690943390379,0.3962636082493976,1.3700479418234335,1.016992863831975,2.6876468766375057
0.006288120500143712,0.3962604966725152,1.37000591228724,1.016992863831975,2.6876468766375057
0.005206809481357336,0.39720351756772754,1.3709623540991067,1.0169569526683864,2.671918365080375
0.005161943864035026,0.3972036678871247,1.3709805805368593,1.0169569526683864,2.671918365080375
0.005167311909040503,0.3971484688429936,1.3699680116076305,1.0142958085907425,2.6647523045770383
0.00516483456335326,0.39611949560569415,1.3700042386395754,1.0149342998543336,2.6868470346359734
0.005275628756914938,0.396054265659833,1.3700108726561049,1.0149342998543336,2.6868470346359734
0.00733399166765486,0.3959961552005329,1.3710959077120386,1.02171232649878,2.6956126837982333
0.007475759565751555,0.3959179024034914,1.371132999247533,1.02171232649878,2.6956126837982333
0.007572276747615639,0.3959236776626736,1.3701849998857785,1.0190511824211361,2.6884466232948965
0.007661355293757943,0.3950504610887279,1.370216886252275,1.0196895975741933,2.710538719579838
0.007683143046061838,0.3950812476956748,1.3701605298700072,1.0196895975741933,2.710538719579838
0.005582977834748315,0.3961084950071814,1.3721448894898824,1.0202566673189164,2.701179369210642
0.005484910261709705,0.39613926649809716,1.372104586724553,1.0202566673189164,2.701179369210642
0.005385864541959884,0.39615730673505917,1.3700373605082938,1.0149342998543336,2.6868470346359734
0.005260414963838084,0.39622073574110667,1.37001254971219,1.0149342998543336,2.6868470346359734
0.005179160585970136,0.3962038437816457,1.3699598634748267,1.0149342998543336,2.6868470346359734
0.00509357695598453,0.3951137128483162,1.3699463217770758,1.0155727150073917,2.708939130920915
0.005213708212570389,0.39507733743916795,1.3699525164498343,1.0155727150073917,2.708939130920915
0.005336266886679347,0.39608744556746395,1.3710413513605264,1.0175954439319774,2.69401309513931
0.0074563035573325664,0.39608728976133906,1.3701174792978332,1.0190511824211361,2.6884466232948965
0.007555519229604235,0.39608706924526405,1.3701530900638557,1.0190511824211361,2.6884466232948965
0.00562928228268364,0.3961345088958322,1.3711776477205633,1.0175954439319774,2.69401309513931
0.005664808284996728,0.39618735178526426,1.3711829838014549,1.0175954439319774,2.69401309513931
0.005630268984006592,0.3962091970629605,1.3711819937298957,1.0175954439319774,2.69401309513931
0.006569120342312829,0.3951965857477781,1.3701642712166506,1.017631278985033,2.7097389729224473
0.006572514502923926,0.3952003264055411,1.3701348483717586,1.017631278985033,2.7097389729224473
0.005548277152868167,0.3952244258608205,1.3711463246910498,1.0182338590850355,2.7161051914242518
0.005570638065955771,0.3952381559729702,1.371130143437008,1.0182338590850355,2.7161051914242518
0.0065741916224439645,0.39427723665295844,1.3701323615736214,1.018269770248624,2.731833702981386
0.0056419596051629495,0.3963295051628019,1.371109038792812,1.0175954439319774,2.69401309513931
0.005528718339929073,0.3963954777798568,1.3711592327453332,1.0175954439319774,2.69401309513931
0.00650962366633584,0.3963893523137907,1.3710885557464514,1.0196540079096188,2.6948129371408425
0.00642630575662366,0.3963822273239224,1.3710614304326632,1.0196540079096188,2.6948129371408425
0.006376317407427695,0.396370220345686,1.3700325026470475,1.016992863831975,2.6876468766375057
0.0053275704253703815,0.39739731395732686,1.3710251879804374,1.0169569526683864,2.671918365080375
0.005221778964391327,0.3973583993877502,1.3710118350356537,1.0169569526683864,2.671918365080375
0.006142365620092377,0.3972569871220713,1.3709747458029278,1.0190155166460277,2.6727182070819073
0.006101808287472435,0.3971701630140745,1.3709700245105134,1.0190155166460277,2.6727182070819073
0.005097529501797093,0.39709279660168245,1.369976389097917,1.0142958085907425,2.6647523045770383
0.005115461586818665,0.39608345135341483,1.3700136605665427,1.0149342998543336,2.6868470346359734
0.005206231955544288,0.3960125095361749,1.37000953423683,1.0149342998543336,2.6868470346359734
0.006229217103406071,0.39592420501088377,1.3700802721793068,1.016992863831975,2.6876468766375057
0.006358075643074765,0.3958749890387273,1.370137891096049,1.016992863831975,2.6876468766375057
0.006475953335126752,0.3948638873347099,1.3712021203087676,1.0202924230626769,2.716905033425784
0.007684301333990937,0.3948821150586277,1.371215080459079,1.022350741651838,2.717704780083175
0.007757010737890854,0.3949429178925878,1.3712685337652368,1.022350741651838,2.717704780083175
0.006822969084403774,0.39505507065790907,1.3702562452886675,1.017631278985033,2.7097389729224473
0.006765836496239991,0.3952080794597143,1.3712306675245653,1.0202924230626769,2.716905033425784
0.006658576888474266,0.3952607553061879,1.3711366218782088,1.0202924230626769,2.716905033425784
0.0064770182691976375,0.39626608411871445,1.3690609183618285,1.014331640445036,2.6804806025661736
0.006290297779242893,0.3963708907152899,1.3690490469926357,1.014331640445036,2.6804806025661736
0.005175871038855029,0.3963379459080556,1.370955234127909,1.0175954439319774,2.69401309513931
0.005077744080000002,0.39621190998718653,1.368906520650434,1.0122730764673946,2.6796807605646413
0.005079955808206013,0.3962109531099493,1.3689690277455595,1.0122730764673946,2.6796807605646413
0.007202792698766947,0.39518972029102206,1.3700128869407266,1.0196895975741933,2.710538719579838
0.00635659212373843,0.39603612118892584,1.371030814716469,1.0196540079096188,2.6948129371408425
0.0064824072110403475,0.3960467238043363,1.3711608952661463,1.0196540079096188,2.6948129371408425
0.005693510650079642,0.3951353474206879,1.370204056171163,1.0155727150073917,2.708939130920915
0.005788740310605542,0.39621407693822164,1.3712240838358822,1.0175954439319774,2.69401309513931
0.005735772495737895,0.39625168554199525,1.3712570790111227,1.0175954439319774,2.69401309513931
0.005664746544406851,0.398207037999469,1.3712202251135133,1.0163185375153283,2.649826268795428
0.005474365084408572,0.39823657954506303,1.3712556416333452,1.0163185375153283,2.649826268795428
0.006366594748306573,0.3961516364859999,1.3711677233312218,1.0196540079096188,2.6948129371408425
0.005361206113377037,0.39605449207329146,1.370088662860255,1.0149342998543336,2.6868470346359734
0.0053131663530534,0.39606756544713145,1.3701550471487238,1.0149342998543336,2.6868470346359734
0.007372310433676019,0.39505319940608774,1.3711578470906407,1.022350741651838,2.717704780083175
0.005429218816897757,0.39492479230117006,1.3711175666188924,1.0182338590850355,2.7161051914242518
0.005505965123848794,0.39499259428966876,1.3711799758351364,1.0182338590850355,2.7161051914242518
0.005641833215384751,0.39512616045795146,1.3711955886282932,1.0182338590850355,2.7161051914242518
0.005616911293952545,0.3951453333495324,1.3711782709684568,1.0182338590850355,2.7161051914242518
0.006614954239498649,0.3962108761142218,1.3711584413433793,1.0196540079096188,2.6948129371408425
0.0065109360174156194,0.3962526023755383,1.3711498999385126,1.0196540079096188,2.6948129371408425
0.006452282905467802,0.39626587953431486,1.3710806678566638,1.0196540079096188,2.6948129371408425
0.005372123993135858,0.3963033440518436,1.370037763009315,1.0149342998543336,2.6868470346359734
0.005279237300691561,0.3963362150950151,1.371013348517525,1.0175954439319774,2.69401309513931
0.0052296085918664,0.39629111817881796,1.3709650277488008,1.0175954439319774,2.69401309513931
0.006162412446911347,0.39520821694727376,1.3699598121438696,1.017631278985033,2.7097389729224473
0.006273308011391615,0.3952125120500857,1.369961833079355,1.017631278985033,2.7097389729224473
0.005337530416298836,0.39522228789971625,1.3700099427441115,1.0155727150073917,2.708939130920915
0.0054363136190333505,0.3952493873640335,1.3690473388003292,1.0129114916204527,2.701772856849583
0.005505232317377734,0.39529527776209616,1.3691046341876585,1.0129114916204527,2.701772856849583
0.00557623018357381,0.3952865052422446,1.369147510695784,3.0129114916204527,2.701772856849583
-0.002897734940397856,0.3833642576148739,1.3633051588030995,3.0156800462517372,2.6277315387364895
-0.013906319337749079,0.38279563888648527,1.3521196879371247,3.0156800462517372,2.6277315387364895
-0.01955431606445865,0.44369812414719323,1.3359339168208886,1.0001477792710167,1.8789443864549773
-0.05970436162975401,0.4618617300127935,1.3159505064597274,1.0001477792710167,1.8789443864549773
-0.06940694271028416,0.4930703892220633,1.291498051330918,1.049883865535132,1.149387354020855
-0.08716432037011118,0.4654170786436955,1.270733528950239,1.1129558385613274,0.9807317436879035
-0.09694584782312698,0.44875665365734324,1.2651983500397486,1.1129558385613274,0.9807317436879035
-0.06529616013074724,0.45547553560455756,1.2700071195364264,2.2235197811778233,0.5636200344850162
-0.041561830802995525,0.4380504717855268,1.2752306730132728,2.2331736190254823,0.5455243237454559
-0.0179963170491228,0.43078162559759575,1.2808517394414323,2.2331736190254823,0.5455243237454559
0.014367458437146152,0.4641648836605759,1.2836315694188731,3.1528287699086226,0.050730239818402766
0.03078641637706392,0.4997115060224124,1.2790059443738335,3.169205479285207,-0.8761360272091825
0.01371626350020605,0.49721766925824923,1.2671797001414704,3.169205479285207,-0.8761360272091825
0.04159177830427929,0.5626189591609508,1.2469923062886987,1.2297755840765667,-2.1319145689805943
0.0031456360688856266,0.5721924073052814,1.2316458780765647,1.2297755840765667,-2.1319145689805943
0.03928543997681955,0.6199031632072463,1.2139027388501824,2.6654419570296106,-3.377057269180165
0.04691007603851172,0.6135445578419891,1.1975978316122127,2.75074400829763,-4.354944916858655
0.038998795824446264,0.5901776271445649,1.1914912209636308,2.75074400829763,-4.354944916858655
0.11009903978959956,0.6406573852865359,1.1905527038026924,1.5171677041365337,-5.428168461795513
0.17848211550991233,0.6906205677409991,1.1873735874224218,1.6106016915712882,-6.574211675003833
0.17587692748775174,0.675436269692034,1.186986136425536,1.6106016915712882,-6.574211675003833
0.22782976341972322,0.6878147493533735,1.1868128303167262,1.6986011227783182,-25.529204441709716
0.1778420636036161,0.6635819775158305,1.2131544698240093,1.6986011227783182,-25.529204441709716
0.22155333015768358,0.6266101925036798,1.1674938611258214,1.7145230387362593,-26.01013870997657
0.22642688464332927,0.600294003326501,1.134959929199643,1.6491790823863663,-26.564807614498825
0.2202856453990405,0.5490699963324299,1.1410361029841085,1.6491790823863663,-26.564807614498825
0.21818941091931376,0.49909382752805,1.1330838206504263,2.989719583980536,-17.51785568760127
0.2485377894167553,0.4426934512437342,1.101803272710892,2.9133267900792976,-17.769063718474456
0.2602655681314895,0.4132472760591765,1.1220181874523982,2.9133267900792976,-17.769063718474456
0.2850460671310548,0.42873901892614963,1.0839901875371714,3.395203073955555,-9.88033408091542
0.306178758295911,0.46030484421008405,1.0252449600553524,3.25176097382887,-11.304295629730495
0.2913175481464876,0.4619975338426805,1.0259686270440032,3.25176097382887,-11.304295629730495
0.3387267101983446,0.5295372066489727,0.9947414167650264,1.2971152263394732,-12.786358821987802
0.31126872700310637,0.5455829811944204,0.9828430660554528,1.2971152263394732,-12.786358821987802
0.3662532817956605,0.6121670757695362,0.9847863258977041,1.4580802316378572,-14.083226325375508
0.4118375034751112,0.6369350896401476,1.002261352984669,1.646576442794058,-15.03634756390455
0.4225349268784707,0.6270013237306872,1.004936686425588,1.646576442794058,-15.03634756390455
0.5098688690366775,0.6611817204019155,1.025138502431756,1.775095767861857,-33.74909204789305
0.5224394820827218,0.6887307511803795,1.0683954867676884,1.8785201735055974,-34.38765433033679
0.5284742860845444,0.6526731209053044,1.0499434104030123,1.8785201735055974,-34.38765433033679
0.5500225554723946,0.6321760323064715,1.0553038631225407,1.9547909343530616,-34.43927004070557
0.5412194177060212,0.594536476679428,1.05737634159612,1.9547909343530616,-34.43927004070557
0.5298439456360086,0.5776670397439819,1.0661117420110406,1.9486568635169457,-34.93528740027339
0.5201276503320402,0.5373835681460367,1.068868117256851,1.9392174114820229,-34.951219584747044
0.5146527688933398,0.4970846001820839,1.0724251894090837,1.9392174114820229,-34.951219584747044
0.5127008272760565,0.45945929892690496,1.0784526308816922,3.370796865767617,-34.93528740027339
0.5046455141050344,0.41328549703326933,1.0755147984471276,3.368135721689973,-34.942453460776726
0.49641790506405503,0.3816587621246881,1.0708315797056238,3.368135721689973,-34.942453460776726
0.49276827827773007,0.37819128777191047,1.064102049954868,1.9522425860645036,-35.03699013385783
0.46650995700338616,0.36668847393247284,1.0514275846898915,1.9522425860645036,-35.03699013385783
0.43943613608302345,0.37226111953610963,1.0396600603696786,2.051753611929338,-35.63091577035824
0.40170489057684466,0.3297473555746048,1.0293778288286477,2.056437446876302,-35.63867706252351
0.3956591234995783,0.3030329942023541,1.024760433336233,2.056437446876302,-35.63867706252351
0.4046793571844076,0.2816543312276485,1.0283314339817848,2.891482743696298,-35.622745305185845
0.41748536157038274,0.2607293055118185,1.0314157449644195,2.8942513395816105,-35.69678772661794
0.43288498312232104,0.24651252079857922,1.0332679521308037,2.8942513395816105,-35.69678772661794
0.452028807812326,0.2501367050947223,1.0346235778694668,1.9723374997920038,-35.7543036338585
0.45643695360895764,0.25371431881172235,1.0342797439235563,1.9751417255280757,-35.81261801854152
0.4536728634360361,0.24735187227675803,1.0313533014013783,1.9751417255280757,-35.81261801854152
0.4457689831605063,0.22976077072189605,1.0289488378810023,3.3980633472844746,-35.85600631977087
0.44651807254288944,0.20954134199718855,1.025997585024669,3.3980633472844746,-35.85600631977087
0.45081563469632024,0.20680245123922503,1.0249150559848208,2.0461997090504944,-35.952142154374904
0.46881304564537185,0.2555784046482852,1.02897441255627,2.047696700553743,-36.45132660279875
0.45744615891218443,0.2542034490274798,1.0230404380102103,2.047696700553743,-36.45132660279875
0.4363853312321877,0.23295234499957762,1.0183226144322552,3.8032679175289763,-36.452721628790144
0.42874937450247386,0.2142132147853253,1.0145204590218062,3.809336110700259,-36.497504576546966
0.4269502135920199,0.20623192097868004,1.0081704099853939,3.809336110700259,-36.497504576546966
0.4346766769622338,0.2624426808424105,1.037555185528112,3.921281961380772,-37.063951301632514
0.4081466809197879,0.2602682082044505,1.019341462556834,3.921281961380772,-37.063951301632514
0.37412007179948226,0.2848936719450208,1.0513424365838373,2.367556407818677,-37.30336367112205
0.30858582860811257,0.31667383053863873,1.086190913937377,2.426766329579336,-37.501494535249094
0.2771572150976862,0.30619794496921116,1.0698475606779667,2.426766329579336,-37.501494535249094
0.1583655499204395,0.27794078198238936,1.0929891997173367,2.159514687311738,-37.44109584711278
0.1686108667605637,0.26587636129356174,1.0960975144532141,2.159514687311738,-37.44109584711278
0.19394228838485716,0.2573675869763643,1.1359932380122322,2.2347734989040093,-37.299558872534895
0.2296665718909957,0.24697494854435886,1.1551845164735153,2.2447797013155553,-37.29298783012549
0.2722514964728039,0.24383225877707804,1.1744278881003507,2.2447797013155553,-37.29298783012549
-0.5367849436719327,0.24336441688614396,1.2220240947346797,0.5688134010635175,-37.72878122369023
-0.49547742175025955,0.2601978425499354,1.24687186318784,0.5688134010635175,-37.72878122369023
-0.5393984255465705,0.23398595685961254,1.271674432246408,2.4265896364601165,-37.10069554907681
-0.532998854913777,0.17490381380155773,1.2889027429190745,2.417067996649533,-36.51456296141164
-0.49130828003817206,0.1784684473301399,1.311209960464557,2.417067996649533,-36.51456296141164
-0.4478164883337461,0.16001935959462577,1.332890920001307,0.4528935777574401,-35.37425181596841
-0.41585323331257995,0.07991467567844324,1.3459115818694052,0.5498483302696813,-32.94927458248203
-0.40586674901911,0.09461637998239003,1.3536074654833439,0.5498483302696813,-32.94927458248203
-0.3731736707585174,-0.028287543736636334,1.3621576737473542,0.7012483630008077,-30.48398082962704
-0.34297987188992163,-0.01909696058881294,1.376121463173254,0.7012483630008077,-30.48398082962704
-0.2864630137924442,-0.003074382379062879,1.3987381354661927,0.7588854551015043,-30.461586302369685
-0.23263044741523004,0.015826122400305342,1.3930565021521224,0.7341278773031599,-30.61837786842173
-0.20622251943952685,0.037112047677827276,1.4096892171308515,0.7341278773031599,-30.61837786842173
-0.1810417021119599,0.05908095606396935,1.4196134137513408,2.3402100503561907,-30.635877244180357
-0.17690992428088437,0.06655799319945888,1.4230354235322142,2.3402100503561907,-30.635877244180357
-0.18010391236429907,-0.4252486347012785,1.398667230550361,1.0055646976828543,-19.524947080104635
-0.12766012464894205,-0.4953091978247909,1.3823367119376868,1.109047430258844,-16.816123412693308
-0.1389352904584367,-0.45723990453489793,1.3851104950444189,1.109047430258844,-16.816123412693308
-0.14142759017008855,-0.48411556070635653,1.3434610656826858,1.0756213326612745,-8.860088516994562
-0.11643308581823905,-0.4479085849343042,1.332111624282886,1.0756213326612745,-8.860088516994562
-0.10472499444489586,-0.40878581131902225,1.3419977483232728,1.0854843321582646,2.0585080143253878
-0.04368823617369827,-0.36272403272192677,1.3279385670105317,1.0802333862125515,2.075629760178856
-0.014074005872592638,-0.2924743477139399,1.3473466992073757,1.0802333862125515,2.075629760178856
0.023659175980682498,-0.23308613064997585,1.3496546039799555,3.064316644506028,2.1789320824222203
0.03917121623471126,-0.17919475765342885,1.3445146111350683,3.064316644506028,2.1789320824222203
0.04581164211239569,-0.10731217605708365,1.3327631240931455,1.081689124701711,2.0700632883344423
0.056878898040138334,0.03122245258656131,1.3219539799710631,1.0709122315513842,1.344970454770792
0.01928412936474208,0.09103333481564513,1.301010492824271,1.0709122315513842,1.344970454770792
0.009025912757160304,0.1299021860989502,1.2775336742492938,1.2470461477759134,0.9808755886859599
-0.014601318219819998,0.16270174082752586,1.2664994324617755,1.2470461477759134,0.9808755886859599
-0.00732918987065137,0.197299326021403,1.2634779211932425,1.2787762127514135,0.8525495585601981
0.026049487634031365,0.24549178051270637,1.2641657925948036,2.7760721399455974,0.41097582477179917
0.028289529040272432,0.25670971346153526,1.2623986417281414,2.7760721399455974,0.41097582477179917
0.0387775744098969,0.31033589369143477,1.2625737919400821,1.2211003935296478,-18.29181855814432
0.03283278184882407,0.3789075106419842,1.2828634711525524,1.3078475763414295,-18.770142644710884
-0.008096245549824577,0.3610848646545326,1.2467006040721709,1.3078475763414295,-18.770142644710884
-0.05089759509445552,0.3241319242227453,1.2345687750836079,1.364064765006023,-18.726455767825982
-0.08080355593213495,0.2894207240269979,1.2310553219332043,1.364064765006023,-18.726455767825982
-0.09283705590474262,0.24751735929539076,1.2054287042934588,3.271152566790204,-0.8807254883196062
-0.03321655904712073,0.20169461913815012,1.191722028878414,3.2726083052793626,-0.8862919601640199
-0.008188469317627178,0.2010951210744602,1.225641497532379,3.2726083052793626,-0.8862919601640199
0.042419338652765926,0.2349034251322789,1.2174751237760821,1.2414769760649786,-1.2589079545273203
0.050667339467751205,0.2666470788009964,1.2212300396396318,1.2414769760649786,-1.2589079545273203
0.07811396760907785,0.3201552199380478,1.2148063996779115,1.3182800379372983,-2.0414200962415814
0.07701499432377734,0.31662759247347966,1.2105541199634169,1.3681123730196312,-2.218670080194223
0.0825631026593805,0.3243863902357388,1.2134618888971855,1.3681123730196312,-2.218670080194223
0.11957621844462574,0.34779356115338644,1.2193320523669202,1.364654456102719,-2.5026225551785326
0.14075582833507416,0.3593113422749848,1.2292656754098255,1.364654456102719,-2.5026225551785326
0.16879377881018423,0.37317805526735126,1.2363721194870076,3.3677446890430147,-2.563511430829651
0.18185581345561394,0.3744892699334093,1.2338027787752193,3.3553636338946013,-2.708210859225956
0.18685810806212855,0.3858127258219719,1.2319179874974702,3.3553636338946013,-2.708210859225956
0.20408128010004642,0.46075652620531393,1.2216178503469663,1.355236575381956,-4.735985759711694
0.1669405032630488,0.4881217836354224,1.2091523132829383,1.355236575381956,-4.735985759711694
0.1575634533491138,0.5206274758111705,1.1904357287760607,1.412031597917145,-22.12800396045715
0.07674799479960698,0.4985169542656805,1.1895805274612137,1.4704196139949417,-22.417287573043524
0.041681178000156194,0.4532520954323065,1.1577760950075868,1.4704196139949417,-22.417287573043524
0.01132231635581471,0.41736487589333515,1.155044758948733,3.4712727723840997,-22.42922026338974
-0.0014982923130886783,0.3562026943620336,1.151273557226654,3.4712727723840997,-22.42922026338974
-0.0009100540406776214,0.3121886390765721,1.1467787564468264,3.463503848658145,-22.4847462924409
0.010214264143219243,0.29874700078366273,1.0697093962364965,1.260013130877577,-23.057835100567065
-0.004969916252952622,0.2814373400766461,1.0683605055563896,1.260013130877577,-23.057835100567065
-0.022174651062754624,0.27683389721194446,1.0015570557663085,1.0793803685189625,-24.169713426209047
-0.05090137075885348,0.21513627986613781,0.9556224487305255,0.9565422481153565,-24.555476424548523
-0.03721337373854705,0.17605880785481043,0.9691385280492308,0.9565422481153565,-24.555476424548523
-0.008182455772707709,0.14251705462550368,0.9583898591288926,1.9448547001465006,-24.85107490701005
0.030244399827062396,0.10522957662784771,0.9806124551793931,1.9448547001465006,-24.85107490701005
0.07219297245694678,0.08660087693684404,0.9455256564680826,0.7138082975021875,-7.326626784392339
0.18405954086680887,0.1230648951365666,0.8977524941480217,0.5589699680604427,-8.210792478223919
0.2273169192278358,0.1486879482577721,0.9456515298653982,0.5589699680604427,-8.210792478223919
0.2742692944255466,0.1543076722521597,0.9612408610850798,0.5450970178707975,-8.365654041677091
0.3172573548063724,0.1799391630167546,0.984724108639245,0.5450970178707975,-8.365654041677091
0.35552244664441757,0.21030513505925352,1.0023563361141374,2.540377555203993,-8.373619848837816
0.3739715729933657,0.22701356164050157,0.9991254322001,2.507590350645926,-8.447680738803621
0.38349397722297746,0.2593248250736715,0.9983888880131848,2.507590350645926,-8.447680738803621
0.387048773327786,0.3479855680198637,0.9828661714379182,0.9383266730052067,-9.17478271349725
0.3485373214313553,0.3901391570074295,0.9645885029992762,0.9383266730052067,-9.17478271349725
0.3357208248188165,0.4479745476799559,0.9398554820141793,2.5106203164826884,-9.940560765114524
0.309039623087298,0.47466312943699174,0.9120827640935211,2.5670683579287874,-10.945373831394617
0.27039272003240294,0.476122219815574,0.890845050119687,2.5670683579287874,-10.945373831394617
0.30582762823168413,0.5738162500384772,0.9026843454573479,2.728008435427128,-12.38124912843786
0.2670965621637736,0.5745341328714462,0.8811203494392105,2.728008435427128,-12.38124912843786
0.32153032522422886,0.6758888405981764,0.9029706028046118,0.9692489745856929,-21.444631708425753
0.3870036221066523,0.7969230007201109,0.9679086419717908,1.3385994700796413,-23.35614070796364
0.34762406882259156,0.7676435852282653,0.943561848662226,1.3385994700796413,-23.35614070796364
0.4386462318469524,0.821750459453622,0.9945885397854648,1.7035522249710118,-35.98253275476911
0.399694837658116,0.7837560120458968,1.0105771977853537,1.7035522249710118,-35.98253275476911
0.4870504441239675,0.7901516190210764,1.0562637910496186,1.9840253548377413,-36.93440775710229
0.5292516218938318,0.7919242757278799,1.1357452069706229,2.225550212151724,-19.450321871377778
0.5965048970734774,0.743506985579394,1.1277981541645077,2.225550212151724,-19.450321871377778
0.6288341482085011,0.7737357653263363,1.2246611247880888,2.3539005387305503,-37.99027989963723
0.620921266422934,0.7878023648007952,1.2927039291902138,2.4541884752829066,-38.59211688731337
0.6179659423995314,0.7462962826530833,1.2723115933859104,2.4541884752829066,-38.59211688731337
0.6361965112950574,0.7498629123342826,1.2970913763303833,2.613073832497421,-39.00791820627648
0.608082144067714,0.7166040391956328,1.3202003843271353,2.70387571714312,-38.87950421947275
0.5760192701736129,0.6751752933200025,1.3085333016534584,2.70387571714312,-38.87950421947275
0.5478408697669428,0.6366894202549411,1.3015815582273977,2.7145204520722857,-38.850839550323414
0.5229174780595685,0.5985235498299624,1.2904423441121462,2.7145204520722857,-38.850839550323414
0.46086513484787817,0.5906401120481346,1.3060262401635208,4.6807984832249865,-39.33802916629705
0.4170968244010994,0.541809883146814,1.2905566920638813,4.6457688629103515,-39.36735295991217
0.3953466866391595,0.5096197026812033,1.2711446732460407,4.6457688629103515,-39.36735295991217
0.3802490524405776,0.5117712826134628,1.2541721270475539,2.6565208910285962,-39.41989719983425
0.2800573604696178,0.5081237344318232,1.2613031375057966,2.613558124947885,-39.32774336485647
0.2383834923747019,0.4849317602559906,1.23641014882167,2.613558124947885,-39.32774336485647
0.08557847116089357,0.45359275512398844,1.2221011584206465,2.9216274051869977,-39.84225912184553
0.08226142697681049,0.4213970570264338,1.216790295427785,2.9216274051869977,-39.84225912184553
0.10018386056617512,0.39710258652046804,1.2449367137384184,4.443246177552433,-39.67803239911478
0.12705421451970822,0.3714951212057991,1.2515125277515653,4.455913584323285,-39.66429574107754
0.15173931345070724,0.3587902609791631,1.2523603216147896,4.455913584323285,-39.66429574107754
0.17657794448906694,0.37115999707651404,1.2716876062967546,2.530907369540877,-39.50664048789217
-1.5191947912134198,0.3554434550003245,1.2671102997399935,-0.9397158116491742,-40.23731937442943
-1.518054652214752,0.3791108423108387,1.2740353278743408,-0.9397158116491742,-40.23731937442943
-1.4069201410849974,0.30799066195743463,1.2898281524608382,1.3292530602263857,-39.284282545588326
-1.3179496783566214,0.17407511338028026,1.315345260463964,1.5130020061970075,-37.95542333375515
-1.221311844274763,0.15993107042410903,1.3629603264760277,1.5130020061970075,-37.95542333375515
-0.9638835826336261,0.19124103642431978,1.4144663084194868,-0.21974959733992572,-37.8761143859371
-0.8684596319657365,0.2231771157296465,1.4627481509920837,-0.21974959733992572,-37.8761143859371
-0.5128238761640876,0.24537715547924832,1.4767976739419728,0.2991786935371672,-37.84005670179131
0.05172572503378592,-1.6716856991434021,1.4748662467884581,2.513008281948437,4.552482580439722
0.236336731641979,-1.656710095095685,1.4620829193097993,2.513008281948437,4.552482580439722
0.5747243207238326,-1.4494009995425894,1.521320945908497,2.8997374909262525,2.296657007954771
0.8386169975117701,-1.2802970334445696,1.5007043449709137,3.096616578110001,0.7857009159758839
0.8458083078254965,-1.173500796147912,1.4924775183532608,3.096616578110001,0.7857009159758839
0.9208167959829408,-1.0547882672156808,1.459617832377288,3.309068105771657,18.671635589820077
0.9107668944340586,-0.9519297030611202,1.3967252914359916,3.309068105771657,18.671635589820077
0.9030465495883783,-0.8112213710311139,1.336760556058105,3.3254960343885926,17.9015381307948
0.8678872193250242,-0.7154372999415083,1.284347309904489,3.3633657122935956,17.888275837716034
0.8033862921786048,-0.6248518441037552,1.233295728595905,3.3633657122935956,17.888275837716034
0.750982686613199,-0.5436418802004119,1.1837381714374429,3.373693876457903,17.90800073481856
0.7025577191382726,-0.4688285266631096,1.1406947906510452,3.374475610129429,17.8646163842502
0.6646320911685193,-0.4054517568027927,1.1047994871981508,3.374475610129429,17.8646163842502
0.6345930692553698,-0.3479890341405051,1.0787528338111565,5.36822866595558,17.83076023938761
0.6127468465350141,-0.3153101335123497,1.0508116879266636,5.36822866595558,17.83076023938761
0.60399032742872,-0.2700969023344653,1.0256465601445675,5.373944373999651,17.761311428232837
0.5980997667629308,-0.14320243606254904,1.0040267201481152,5.332903837741449,16.397067965222806
0.5579771057516603,-0.10704141135318351,0.9751193233016563,5.332903837741449,16.397067965222806
0.5394490597666728,0.023186743285975364,0.9126481941775668,5.240791501948342,13.911503270889279
0.5129108362039737,0.14240223022656484,0.8855818137249594,5.236002386020529,11.703232573709125
0.4625205222680583,0.1481305835427212,0.8576611492046219,5.236002386020529,11.703232573709125
0.45630531536115293,0.2765873909925637,0.7785953480087578,3.0765898517269052,8.448378673466669
0.467941410619401,0.4271960763461089,0.7457049102241681,2.997089349191299,5.187401014760162
0.45035187367116447,0.41231756809923326,0.7452823548336838,2.997089349191299,5.187401014760162
0.4779932771141697,0.47482503900635953,0.7167594348270336,2.9003699087724772,2.4884851937589443
0.5116148215980052,0.45016275933760425,0.7484826998030247,2.9003699087724772,2.4884851937589443
0.6005450941856866,0.5275963582734224,-1.9507533832451946,-4.383416206720825,-3.7342016793085193
0.7059666724643461,0.6529669465292933,-1.9454264022509848,-4.574207084698888,-6.194109135622945
0.7993401447276524,0.6298923862454406,-1.8680294982207948,-4.574207084698888,-6.194109135622945
0.8820682822283873,0.5525645137706686,-1.4040138582463988,-3.6079738643933963,-20.13995326543981
0.9589953976791425,0.5502920072249164,-0.9420743142653821,-2.9534209517740035,-18.94318398950038
1.1696329288653866,0.5016270171232393,-0.8208953847261435,-2.9534209517740035,-18.94318398950038
1.2751692187585488,0.5501092179455006,-0.5694264190400504,-2.872625402182577,-19.348694672147044
1.4369576140624984,0.5482122229812729,-0.45273255378266275,-2.872625402182577,-19.348694672147044
1.515717285078892,0.58062299573297,-0.3159045454268933,-2.8388164913190863,-19.858318162822847
1.5686038239524134,0.610816116056419,-0.20985469262155765,-2.777001335904016,-20.324868524481463
1.5819671415535983,0.6049129616531956,-0.16050468580724392,-2.777001335904016,-20.324868524481463
1.5639835235905801,0.5994327048857525,-0.11039887157006878,-0.7256932175570159,-20.247827162273587
1.5139924503038813,0.5956095453496135,-0.08502734096821807,-0.695173142952143,-20.64988248840162
1.447773904912089,0.57893308584728,-0.09204638104309537,-0.695173142952143,-20.64988248840162
1.3822168259023166,0.6403972453574689,-0.08948537727229505,-2.6636875921557106,-21.654426756355836
1.282578056935292,0.6378814519460326,-0.11767517469753946,-2.6636875921557106,-21.654426756355836
1.1876121709256764,0.6560500504570217,-0.12390779609940772,-2.6083949422453574,-22.40060738087896
1.11988874226732,0.6331992649606493,-0.1509074430733669,-2.561570614272392,-23.10015223094171
1.072624181248173,0.5955117310171738,-0.16493279743997868,-2.561570614272392,-23.10015223094171
1.0606930229412712,0.5708879064740244,-0.16377523786113515,-2.543718281957874,-9.587131856344016
1.131356540541857,0.5669907338543585,-0.15914442891910696,-2.4889206510809574,-9.907319528398745
1.1676203268613845,0.5701053865567427,-0.12580124020729938,-2.4889206510809574,-9.907319528398745
1.2355060603737975,0.5738384112626249,-0.09730790686647628,-1.3312919782668668,-9.39676164301537
1.2837404897777671,0.5868386790401384,-0.09009278416196687,-1.3442400704344162,-9.532098921372569
1.3165153692351939,0.6099605358878784,-0.08079947136246485,-1.3442400704344162,-9.532098921372569
1.338527547156037,0.658941011551636,-0.02023981541873371,-0.30280641325478663,-23.423587170570404
1.275543766107135,0.6723793945496206,-0.02159569850401849,-0.30280641325478663,-23.423587170570404
1.2290950957553433,0.7184071407479216,0.005836398147589794,-0.1363467127652802,-24.003543902482058
1.181647784525225,0.8023000042740034,0.02116943423433096,-0.0023364648560361134,-25.27370828755113
1.0950936540693368,0.7831176911551718,-0.020606656072024998,-0.0023364648560361134,-25.27370828755113
1.0684116923667775,0.8608364114701377,-0.02441559882819866,0.1468452430064442,-27.22668919373723
0.9879637821313257,0.8282916514456844,-0.061432993553493645,0.1468452430064442,-27.22668919373723
1.0143413839275448,0.9137020980782381,-0.04895436103002468,0.3833007171237168,-11.558909742344564
1.1178828008473038,1.0076386671437154,-0.015445662391776041,0.7088563897289115,-13.734636176819471
1.0950162715122285,0.9956156303910403,-0.012378289959284645,0.7088563897289115,-13.734636176819471
1.2293870557576048,1.0874759074171059,0.29319039188035495,-0.2454656955137411,-31.657157952734064
1.1760874872075557,1.0916088809606173,0.3011885368359716,-0.2454656955137411,-31.657157952734064
1.3199463628226422,1.1172796410624946,0.5672949756954202,1.4701438161039109,-30.60365380419426
1.386989872705961,1.169973412719099,0.6928629427259668,2.0144830274399554,-31.687552512383743
1.3676785907429734,1.1320984768348148,0.6783190114030945,2.0144830274399554,-31.687552512383743
1.445874802175207,1.1959316593332203,0.716733250208955,2.903860129361628,-32.914917074327
1.413133621608468,1.1661502255208196,0.6927703568451125,2.903860129361628,-32.914917074327
1.4304149507213326,1.1342184594367564,0.3582859805556541,2.1953876540293984,-35.02314097583663
1.3781900793509743,1.166559222503275,0.2293936274529918,1.901284915286189,-36.79308726586765
1.3137210239864088,1.1311586509452938,0.19348273989418102,1.901284915286189,-36.79308726586765
1.2546003058722657,1.0794515054093523,0.13571101357605392,1.9088232460085877,-36.935015244483175
1.2156549151558502,1.032045866047618,0.1038576689564441,1.8895922481072178,-36.99154477653437
1.1991288564243638,0.9890047213083134,0.08853589778074344,1.8895922481072178,-36.99154477653437
1.2008433569692625,0.9492331161009836,0.0795199966380567,0.616097227730442,-36.975817190482296
1.2192540749093537,0.9255767109864743,0.08219992158252509,0.616097227730442,-36.975817190482296
1.2467646116196187,0.8957914711068904,0.08914032208755118,0.6120515477822575,-36.945962680973565
1.2763115998655978,0.8545809831047945,0.09945537049619524,0.6020454341938217,-36.95253318059322
1.3296954152751361,0.8345968485503574,0.12280191792429523,0.6020454341938217,-36.95253318059322
1.387947087986299,0.8198762302383515,0.15410991248234576,0.618048232542955,-36.89380890825839
1.4438840305210467,0.8119694751603297,0.18386005358009652,0.6286928088535322,-36.865144666245044
1.491995913785222,0.8090730962091222,0.20733049231868933,0.6286928088535322,-36.865144666245044
1.5297073667594026,0.8094709279798502,0.2278460491145503,0.631354111549765,-36.85797817860572
1.5558168132289214,0.8115182883382264,0.2426170128639846,0.631354111549765,-36.85797817860572
1.5709149236471422,0.8130545119107471,0.2576423024316281,0.5441922417356335,-36.80005370655935
1.5773748733876314,0.8161180047304035,0.2676395062717838,0.5548371352833898,-36.77138861027402
1.5767379889198088,0.817800886594138,0.2702637656958523,0.5548371352833898,-36.77138861027402
1.5721525549060418,0.8174690608002777,0.264325437808182,-1.308429015530388,-36.81358602131855
1.5732424232350115,0.8322551074481694,0.2713908261220802,-1.3057680300713335,-36.8064203879512
1.5757260333714544,0.8318964631700223,0.2795460932613286,-1.3057680300713335,-36.8064203879512
1.5754330619297425,0.8044719276836361,0.29179303926658673,0.6432756133046245,-36.785126451804985
1.6046570471822657,0.7861690866320206,0.3049331808942078,0.6367123489251023,-36.827918142325224
1.6405388543535064,0.7856682554734395,0.3227045616699833,0.6367123489251023,-36.827918142325224
1.6831589645368066,0.8153025182412117,0.33664856467105775,0.6373508116472437,-36.80582439993153
1.6851467378900735,0.8256691104675218,0.337343485758563,0.6373508116472437,-36.80582439993153
1.6699380073011911,0.8350709755715027,0.32522516315543387,-1.3765935300817076,-36.8637488719779
1.6498280986554161,0.8517760105707695,0.3293572168845965,-1.3527505360858063,-36.71804574759819
1.627961537466846,0.8528675584026333,0.32561854837892906,-1.3527505360858063,-36.71804574759819
1.599668403582431,0.7458193895486067,0.38536485006944227,-0.2294961654844152,-34.575133229674016
1.61978244128265,0.731526223618634,0.3928713367784727,-0.2294961654844152,-34.575133229674016
1.5797108218597378,0.652057310428442,0.4396697442023811,0.832042085127163,-32.655005556187
1.5799307395341935,0.6236753308482956,0.4619084522288885,0.8016033227577175,-31.713288512756026
1.5995622341702769,0.6387964908413211,0.4674600991825201,0.8016033227577175,-31.713288512756026
1.5786679511542108,0.6393109622599136,0.47262688628012733,0.7755727948836428,-31.025108665090773
1.5601984718802955,0.6566183240542829,0.4590143883427316,0.7755727948836428,-31.025108665090773
1.5019533046575273,0.6718067254767139,0.4433949048273816,0.727374934852159,-13.031571458846496
1.5216101544331164,0.6562157404168082,0.40639119641386573,0.7381518280024855,-12.306478625282839
1.509833258996064,0.6981433442893988,0.4149334252746586,0.7381518280024855,-12.306478625282839
1.502189990840209,0.7277475281758977,0.4013715155664599,1.0506260837397798,-12.283053444315904
1.5033066144925729,0.7682758240821448,0.389765544933051,1.0506260837397798,-12.283053444315904
1.5035285895160417,0.8124227505884529,0.3681439852284225,2.680484366881706,-12.34038278261458
1.4964857405750551,0.8460801070858293,0.3635446015611904,2.727818642373499,-12.202031104186368
1.478900866444656,0.8864163886298655,0.3383425612058032,2.727818642373499,-12.202031104186368
1.4585953151676758,0.9447405203172756,0.43394881575429267,3.0543262217538523,-11.292934013280355
1.4114072343052741,0.9778318837922825,0.39430303694251145,3.0543262217538523,-11.292934013280355
1.3826367659285754,0.9565675514189409,0.5040389960302517,3.5430630612925595,-9.090932256260295
1.33720638864957,-1.0214613138389237,0.641478857470851,5.314612775747643,36.40470078228357
1.4329322991468771,-0.9992888283330348,0.5559213106372088,5.314612775747643,36.40470078228357
1.4593553928170762,-0.07322084659142702,0.7610251366992278,3.303308142705464,1.588003714437361
1.3254331910187651,0.5007314367275543,0.9258960878380933,3.2759115456644885,-7.665249106809908
1.2500713146579603,0.5419178024091369,0.8468025768394194,3.2759115456644885,-7.665249106809908
-2.6865974891307873,0.7290909418298808,0.8788849876334639,-4.460727580133583,-13.895986864914912
-2.5198580813051343,0.9228847808384659,0.948096452838664,-3.8831142682694866,-15.954612961969818
-2.53626654501822,0.9005528225928587,0.9559015495007848,-3.8831142682694866,-15.954612961969818
-2.3078373320214465,0.8710949677457349,1.0488218620329217,-1.7744960502570342,-17.661141961023397
-1.7986936173016093,0.9099817045309365,1.2059078291877996,-0.9429861660831804,-18.93010754591805
-1.6043630354209988,0.8731370338969484,1.3171917985062296,-0.9429861660831804,-18.93010754591805
-1.3855054261828954,0.9838030091070415,1.4869632402184592,-1.410065166349563,-36.510750567824005
-1.2821310335494374,0.9997883678617993,1.5999515057197584,-1.410065166349563,-36.510750567824005
-1.1990457544228494,1.0319161274153537,1.689449977192763,-1.4912945031979312,-39.42483912418621
-1.0292681654773974,0.9674154655443679,1.7472840047214222,-1.1054941440810613,-38.261225723614785
-1.0353345950594692,0.9290114468158825,1.7736853518100228,-1.1054941440810613,-38.261225723614785
-1.5389646954484941,0.7687435544704441,1.8005281136768423,-2.2513277701918732,-17.935931765654267
-1.4993977121261348,0.7463913048083458,1.7986753457751468,-2.2513277701918732,-17.935931765654267
-1.4740666601410577,0.7417299178851804,1.8425101257073326,-1.0653383044698799,-17.91110567160257
-1.4744644428925986,0.702813122561644,1.8516280213846685,-1.0679995278568188,-17.918271945673904
-1.4692504193111031,0.703210491140231,1.8646790836917062,-1.0679995278568188,-17.918271945673904
0.09556920676058497,0.7267766394392589,1.8770310341383676,2.3635426632756853,-16.631578694149134
0.07153799476508424,0.7143765013560314,1.858255379600877,2.3635426632756853,-16.631578694149134
0.2214401702350251,0.7307950558633508,1.8309852047987434,2.7546516602801514,-16.479615769324443
0.30389694906608195,0.78900631131339,1.8318600977365298,2.21822422860778,-16.071495745128434
0.19826219247649898,0.8110633642375447,1.7683057350993303,2.21822422860778,-16.071495745128434
0.1664803627633843,0.8255767848986502,1.6940273092897449,1.9620706683218065,-16.022611381116537
0.0925821898603496,0.8197613773316255,1.6221527828908413,2.0732279699563962,-15.979421915260756
-0.012432539944335297,0.8089457024830642,1.5576072252500344,2.0732279699563962,-15.979421915260756
-0.02987705088921261,-1.0069477487720193,1.5155412671965809,3.285784926666657,23.882225901531452
0.05460086089340305,-1.0164839627135396,1.433728948648043,3.285784926666657,23.882225901531452
0.13503489006212527,-0.8958768251515992,1.4663093538621657,3.3955166991647827,22.641817813264726
0.2774757175571612,-0.7652681188880238,1.4509000883735834,3.4852632876287064,21.16934506979577
0.31019939079713327,-0.6889220458637717,1.4348611626849177,3.4852632876287064,21.16934506979577
0.3734301057494859,-0.5412176517751999,1.4090777217575814,3.544033983680322,19.74394809303828
0.3699552719157002,-0.4616074153372486,1.3828399485282743,3.544033983680322,19.74394809303828
0.390250760291323,-0.32987270094696997,1.350485260234434,3.6198569542235406,18.399737107427317
0.36565797208649325,-0.20563455848956683,1.280356780513514,3.4711639877829708,16.736114729488303
0.33732797558942396,-0.1544404072695666,1.2513545675658468,3.4711639877829708,16.736114729488303
0.3135598167120942,-0.05540211425621376,1.2044764529162464,4.473370677958263,15.31852147099041
0.28285343894650145,-0.03313442548885581,1.180244177051313,4.473370677958263,15.31852147099041
0.2639101401651655,0.057089397185935906,1.1562530404963398,4.41344321458438,13.816148305106472
-0.8409459683788688,0.16389274790868805,1.0998006271017795,2.022159613662861,11.00945509255689
-0.8648889222172952,0.19414807518384788,1.0888290555541347,2.022159613662861,11.00945509255689
-0.8029888725656842,0.2729059043759273,1.0505732277887803,0.4393986926451907,9.192067180183338
-0.8197005560902413,0.25145011944724066,1.0608658754666493,0.4393986926451907,9.192067180183338
-0.6967127540810634,0.31525017654673015,1.0596346719117617,0.4830982384118463,7.377078507781963
-0.5660515920783435,0.36011492384338883,1.0792563450558061,0.5327234679085344,5.582788674489491
-0.4756666271586142,0.3485706878719682,1.1348070597015645,0.5327234679085344,5.582788674489491
-0.2992981562249865,0.39716822018686965,1.1644661679222645,0.5802126424212042,4.265587217882563
-0.14590249277153156,0.44960898688275686,1.2107048709128265,0.6421368224915049,3.089670131740603
-0.07261435885961681,0.4516221531651634,1.2629673843210403,0.6421368224915049,3.089670131740603
0.03283797094817998,0.490835343707164,1.289154294202376,1.5877382143524494,2.2345569086067982
0.06021218809990371,0.4878269036866332,1.3215303947298003,1.5877382143524494,2.2345569086067982
0.10972705024519347,0.5284119999121851,1.317799150342086,2.673066994367595,1.217980473931524
0.14513470554380037,0.5836873933582919,1.2925043143675434,2.6555742225801193,-0.12101929317567636
0.09992381119249322,0.5792312242444879,1.2832407109015151,2.6555742225801193,-0.12101929317567636
0.11158715035915745,0.6701076967965706,1.2048952460180122,0.58277972426687,-2.377559853098688
0.033687902944662826,0.6731972112999974,1.1848344644360913,0.58277972426687,-2.377559853098688
0.060198206082141964,0.7388635771891452,1.1066249788942606,0.5899437890336774,-22.616065501566027
0.008167214729904448,0.7371744851582867,1.107265977043319,0.7348397452843445,-23.870503493435017
-0.03988336467372611,0.6639461646862922,1.0723216562016182,0.7348397452843445,-23.870503493435017
-0.016900304273583577,0.6308787024519396,0.8261086254339547,0.19199637311340556,-26.20161282310665
-0.026400131574237706,0.5671804702765397,0.8378369413402406,0.19199637311340556,-26.20161282310665
-0.01648614599451259,0.5243983457613777,0.7842802727069789,-0.012980415609370688,-9.294206160749034
0.026919991528269405,0.46550287044573635,0.762713793795478,-0.17891361707254871,-9.642291512029628
0.08829523489236324,0.4404090065420445,0.8237201146416632,-0.17891361707254871,-9.642291512029628
0.1456641290117472,0.4211173803237134,0.8623362776019774,-0.24147973749645368,-9.891189703760785
0.21614479536244874,0.4129226171620528,0.9033969445442731,-0.24147973749645368,-9.891189703760785
0.2694539073636886,0.43218564850227803,0.9265275561079174,1.6998676060786972,-10.352806967654686
0.30238364534531476,0.42550785228866406,0.9479250948554416,1.6957146537297136,-10.370135495006739
0.3223703944790988,0.4358059524420039,0.9566161560869919,1.6957146537297136,-10.370135495006739
0.32643549734417465,0.49297818574798663,0.9653734134600611,1.7066815427711544,-10.713485779650389
0.32624288592703155,0.5711235176494323,0.9781753797546271,1.8394561391387283,-11.879502564011363
0.2620266839269713,0.5767557131190924,0.948038985813695,1.8394561391387283,-11.879502564011363
0.2618599348746442,0.651399116106143,0.9729661573754012,0.017483159549389615,-13.057535618823238
0.19610413091357354,0.660360104125493,0.9446724484363546,0.017483159549389615,-13.057535618823238
0.24745519566031027,0.7102589041109313,0.9681385996604691,0.41105227332578353,-32.00715186035964
0.2203719766165989,0.6997441391817123,1.00735987781042,0.6669305880597229,-32.53627064643343
0.19575249197207223,0.6411448592199471,0.9734621046481571,0.6669305880597229,-32.53627064643343
0.21821564244481106,0.6186175372054452,0.9943593668680881,0.7984171903025765,-14.411683947777352
0.28575186319818535,0.5757100943285807,0.9813731193831335,0.7984171903025765,-14.411683947777352
0.31185573659606713,0.564175770777416,1.0241205921451424,2.210157610068833,-14.778963201081941
0.3330163962454926,0.5421021423689786,1.05990449021031,2.2030829677889137,-14.793590840833636
0.36854247658394845,0.5393240106695762,1.070377280041462,2.2030829677889137,-14.793590840833636
0.4018130416137572,0.5945655646195701,1.101449654901959,2.3361671607321868,-15.28877194381264
0.389321983780081,0.6029505304250842,1.0901183965291548,2.3361671607321868,-15.28877194381264
0.39487938421812174,0.6651373322726395,1.1173374659697313,2.234582530853186,-34.13275647967904
0.3539118882423153,0.7398291492523379,1.167908194067187,2.4727881511281016,-35.32295939844661
0.28113111677190905,0.7015267592185002,1.1095309180241022,2.4727881511281016,-35.32295939844661
0.2809335516014263,0.7091364966462204,1.1390048186198687,2.0219664032661804,-17.71551299548484
0.2805820612531089,0.6740633443775457,1.0932981040092684,2.0219664032661804,-17.71551299548484
0.2215859214027136,0.6589888780986695,1.153211500120003,1.6405193237130913,-17.436346778909524
0.23526772881860702,0.69363539500618,1.1976082227173321,1.7353779576802166,-18.484869660597646
0.2539040608870051,0.681615856722431,1.2028668279823722,1.7353779576802166,-18.484869660597646
0.12866006601490704,0.7295227621838387,1.2616923803129694,1.5244081987290912,-19.524595925616556
0.22156259323147542,0.7814110543797054,1.309268001855762,1.7124342614359085,-20.301216417526895
0.2520466080530621,0.7820654670307875,1.318712359230123,1.7124342614359085,-20.301216417526895
0.2787371939474557,0.8113410741093332,1.3650666859292804,1.7956820871704142,-38.64752617144851
0.23926925769203788,0.811319427393466,1.3898197290993806,1.7956820871704142,-38.64752617144851
0.2320252062569957,0.789274648672409,1.370655545933072,1.806541487787034,-38.781279106874024
0.20276749776645314,0.7681043878053062,1.3771639849910815,1.8366675482674566,-38.714384277411554
0.17959760081807374,0.7315596793207182,1.371384531641342,1.8366675482674566,-38.714384277411554
0.15932610765852795,0.6944630462553997,1.3719828130472917,3.1003929198879385,-20.272367098026518
0.2046933885711773,0.6516587612572984,1.3497383539020735,3.1003929198879385,-20.272367098026518
0.21323565074902495,0.6524518857278641,1.386559008221631,3.2288459082836525,-20.739454542815682
0.24459402481364245,0.6960092436124677,1.3843584180847865,3.205861307369469,-21.53482729365803
0.23825255141000595,0.7050052239514926,1.3746774203221108,3.205861307369469,-21.53482729365803
0.22201464323750597,0.7675533580133334,1.4184563240005954,2.68110771539049,-22.188044859965963
0.1922350317454144,0.7823785487110232,1.3985769790229372,2.68110771539049,-22.188044859965963
0.16199117632519577,0.8447937212652613,1.3759079276221748,1.950385564138184,-23.40319838706668
0.1304680586004483,0.8483565884551095,1.4418913954099266,2.1686022336396134,-22.815573737345247
0.11867792041145231,0.8467673846926286,1.427842845251154,2.1686022336396134,-22.815573737345247
0.11243185703975211,0.9407667379913199,1.422838923844409,2.102840715966318,-43.091224265569096
0.05951224898659868,0.9357985585479982,1.4431694565840842,2.102840715966318,-43.091224265569096
0.055879110411986455,0.9276313231326448,1.4252556794239253,2.1109370835792935,-43.66028034801552
0.033317841286161,0.8992237981380193,1.4276302375336756,2.1115755463014345,-43.638186605621826
0.02968242617697392,0.8586617096932703,1.4295692471728452,2.1115755463014345,-43.638186605621826
0.03130959987801574,0.8182396683099868,1.4757315297096725,2.2120618671331336,-43.38796652501681
0.04037675066460544,0.7765154112948003,1.4856598280048536,2.2120618671331336,-43.38796652501681
0.05208043729216172,0.7397719921515895,1.4975492772024965,2.211423413924809,-43.41005993818875
0.06540723687590577,0.706917820227102,1.508970021209376,2.211423413924809,-43.41005993818875
0.07605496123678801,0.6769111221580479,1.5188665545062272,2.211423413924809,-43.41005993818875
0.0602026031608478,0.6505257765470218,1.5269496739502895,3.9804509875314507,-43.429255288128246
0.058825663933780525,0.613284649415222,1.5260698719432366,3.982509551509093,-43.42845544612672
0.05180392620978669,0.5924043180996192,1.520113688500639,3.982509551509093,-43.42845544612672
0.023448612092898946,0.5953777288623936,1.5081052899624123,3.8586363912841612,-43.37897046744645
-0.01801090440108677,0.582748601366313,1.4838979438586053,3.8586363912841612,-43.37897046744645
-0.13103382166585498,0.5633106420984753,1.431398662328684,3.721894524602188,-43.50500494096399
-0.21553643286362167,0.544574003566604,1.401300107920142,3.660140549934688,-43.528999056880274
-0.26205725154992776,0.5245792641223337,1.3730256590646872,3.660140549934688,-43.528999056880274
-0.30317876123353327,0.5039707598720593,1.348614019550227,3.6341177038239616,-43.5763857189855
-0.3265629562555812,0.4830509434337378,1.3296202265761927,3.6341177038239616,-43.5763857189855
-0.3371570321641245,0.465478494959078,1.3159104117771836,3.4353337323356463,-43.59847946137919
-0.33700102440736046,0.4516879558744127,1.307768430807865,3.4346952696135054,-43.62057320377288
-0.32882947389477946,0.4384091072515852,1.3039055250056033,3.4346952696135054,-43.62057320377288
-0.316115303702726,0.42309405523774357,1.3034391821432,3.056193452267565,-42.09029410521597
-0.2903939419512047,0.41826386060540166,1.3063323943398264,3.056193452267565,-42.09029410521597
-0.26624988179757214,0.41841136513675825,1.3154214882411845,2.393793332903784,-25.64266694616657
-0.18550004590852598,0.42325447812052697,1.3117814963748926,2.3855593223816953,-25.64586621882856
-0.1328125999337597,0.456035276437581,1.3539113397173286,2.3855593223816953,-25.64586621882856
-0.06327173508541073,0.4743733950324325,1.3760148144502942,1.8639103822276777,-26.397647437897366
-0.021646268190122164,0.5180727209079581,1.403073133649613,1.824799384371838,-26.412843768517494
0.03261221171105566,0.561013048362542,1.4247646267520069,1.824799384371838,-26.412843768517494
0.07067235385641535,0.5981696670996253,1.4442294367568365,1.8206825018050345,-31.021324975676176
0.0906969834257988,0.637617427513093,1.4653842896888127,1.815962999483582,-31.029290889620896
0.11321721775558274,0.6682090798912783,1.473008415181422,1.815962999483582,-31.029290889620896
0.11962883029282145,0.6978849431313541,1.483590552026357,1.8097875529391354,-25.663461884765
0.14335075655311136,0.7228807618919331,1.486286751861014,1.8097875529391354,-25.663461884765
0.15321148892207298,0.7518924732247123,1.5013428151875856,-0.1510126894507442,-25.66106245410454
0.1718744209765225,0.790268590226244,1.515390729596564,-0.14895437086158303,-25.660262707447153
0.18530277395974137,0.8144851688015152,1.5318504907726922,-0.14895437086158303,-25.660262707447153
0.18941723016620543,0.8098126353590179,1.5518228505705158,-0.12150276040651509,-25.656295717477665
0.23708177389646456,0.8269679776410028,1.5805789968961623,-0.11181329643839533,-25.658663118788226
0.2861494559297997,0.8460650327466769,1.6140943796081728,-0.11181329643839533,-25.658663118788226
0.3375587374095135,0.8679955289883962,1.6475686920106754,0.3670381411302692,-25.658663118788226
0.3804767353982515,0.8876228516182538,1.67708490266886,0.3670381411302692,-25.658663118788226
0.41425663565556226,0.9108488924175174,1.7019584362339182,0.36909670510791237,-25.657863276786692
0.43055719438566664,0.9346815511615897,1.7210528011523192,1.0204229760363717,-25.552193426139155
0.43082547084390704,0.9506722418539686,1.7296259266930512,1.0204229760363717,-25.552193426139155
0.4255580937891331,0.9335057220022097,1.730580810537339,-0.08481889089883587,-24.78048155243363
0.408370352911493,0.9655908460461671,1.7293439364137329,-0.09777240374237817,-24.791646739040345
0.37971303310113014,0.9790031737725972,1.7261299660541838,-0.09777240374237817,-24.791646739040345
0.34673358569972523,0.9724180719832367,1.7213661923727002,-0.09777240374237817,-24.791646739040345
0.30708776216380584,0.9068795617594129,1.7228834889411941,-0.10929733505052042,-23.288776257471426
0.30966101077818264,0.9105215385275194,1.7265364393680482,-0.10929733505052042,-23.288776257471426
0.2871694074744796,0.9171507221887496,1.6773525702285015,1.605890664391901,-23.735573389068442
0.2912894829794177,0.910198537705339,1.6803514691341415,1.605890664391901,-23.735573389068442
0.2588662865126835,0.9176685686246528,1.6759774988241136,1.622311566711141,-23.79303092867097
0.23656970954707734,0.8654867148122245,1.644573295180982,1.5505703095180285,-22.15144154648245
0.21222401120415404,0.8772955362222309,1.627133491231857,1.5505703095180285,-22.15144154648245
0.17037766234831817,0.8843832987776642,1.6047141548552504,1.4344950413468718,-22.11622474833292
0.10486910594365922,0.8847550593885911,1.576736537594306,1.3737370268522415,-22.089242290420138
0.0652096498266378,0.8866892702350125,1.5559042826370568,1.3737370268522415,-22.089242290420138
0.027570125504761345,0.8802779074225786,1.5333512012814325,2.7300161118487782,-22.032730953744565
-0.0015276586708037887,0.8662932359260481,1.5132445596237316,2.7300161118487782,-22.032730953744565
-0.02517936043180785,0.8632373464029699,1.4921735442183248,2.0058359362615867,-22.05662899305102
-0.03990336919408499,0.8840076863303,1.4764283361304147,1.9894040337142131,-22.04730024836072
-0.06564733985532434,0.884500936076485,1.4576509265653814,1.9894040337142131,-22.04730024836072
-0.0913236017671164,0.87198501018043,1.439861990064036,1.3687574206042248,-40.022806746084825
-0.161167789944208,0.8629726896012527,1.4474671070755076,1.3829878002097677,-39.967454839918226
-0.18693525677774425,0.823013101623399,1.4127665339070743,1.3829878002097677,-39.967454839918226
-0.22999882891817602,0.7836282138864353,1.4054950512465556,1.5139236983861535,-39.986585822245814
-0.2295781189058248,0.739234108411435,1.4070245546321656,1.5289357355526905,-39.97462090042156
-0.2221144770628679,0.6961083847151691,1.4155356658512688,1.5289357355526905,-39.97462090042156
-0.2038342285704311,0.6578166765107821,1.4272297661926585,1.9370190366498168,-39.982586802926434
-0.18364145053630898,0.6194507382800618,1.4400594313028667,1.9370190366498168,-39.982586802926434
-0.16968996140509063,0.58853640484083,1.4532400304460444,2.059426479266522,-39.98021950839987
-0.1492776341061044,0.5665639720773736,1.4628603935833564,2.0656016804224855,-39.97782017308355
-0.14346382765087218,0.5442448276381817,1.4677062156187952,2.0656016804224855,-39.97782017308355
-0.16291304851418154,0.5260425366265347,1.470808014827152,1.9987890439586824,-39.97868407378487
-0.1844513259202103,0.5076530515991344,1.469704162355258,1.9732699915276948,-39.96062125296684
-0.19515990618299117,0.4909898982730203,1.4653701856112336,1.9732699915276948,-39.96062125296684
-0.23433301649295735,0.47325890713843877,1.4608824104931006,1.8384305411496538,-39.95295625097938
-0.24416445409157106,0.45906592520114753,1.4557428142596234,1.8384305411496538,-39.95295625097938
-0.2644423574772393,0.44443250941870605,1.4551913355890018,1.8064414683103447,-39.91259519308182
-0.2910744351798994,0.4086199109780668,1.4545840773944074,1.7831850019819022,-39.42263123459807
-0.28909815459154753,0.3981111619823028,1.4523186726594868,1.7831850019819022,-39.42263123459807
-0.2975350957465812,0.3614180118374122,1.4554184253016376,1.751319394050002,-38.79210709202556
-0.28381175218516597,0.3107425184354027,1.458366568115791,1.7976875564224262,-37.79448632919281
-0.2722829661420887,0.3069955117186176,1.4595846093974238,1.7976875564224262,-37.79448632919281
-0.2554129538264035,0.24083085028706774,1.4636224207157005,1.856258228190729,-36.345631059204905
-0.2404071070543703,0.2418854291807493,1.463754961789791,1.856258228190729,-36.345631059204905
-0.2026513102378178,0.24670974430479675,1.4628592253656505,1.905308903951421,-36.3511014544395
-0.18481179165311556,0.251901857654802,1.429792282827784,1.838074697281538,-36.579586402362786
-0.1820758977804119,0.25841101416976153,1.4290459922221503,1.838074697281538,-36.579586402362786
-0.1862922046138027,-0.40238396503284535,1.3875850842481725,1.586340348903243,-4.126569194556034
-0.17567437121481871,-0.44987629060645995,1.316696561806007,1.3141265358599767,-3.0358117679684775
-0.13006064286256452,-0.38044205527887054,1.3700556892392768,1.3141265358599767,-3.0358117679684775
-0.9549919859470691,-0.3260119728769393,1.3833487203629447,-0.543106798695348,-3.844809407555012
-0.8997401691222613,-0.21431121358185223,1.3772411697720148,-0.6444763696964468,-4.608171663361064
-0.8465297762031085,-0.13490453460751461,1.396189030150162,-0.6444763696964468,-4.608171663361064
-0.8068864295146023,-0.08144653426556947,1.4122366564651827,-0.6442617057696411,-4.642196663560219
-0.7489900710843282,-0.011646844151695257,1.4387355149327758,-0.6442617057696411,-4.642196663560219
-0.6707843120956575,0.06057502172158713,1.466316101186805,0.318469046407698,-4.721742933247798
-0.6190903852512268,0.1313707146839891,1.4882074040764688,0.3089633102474174,-5.021694096403908
-0.5813336916643018,0.19277599601499829,1.5082167656978025,0.3089633102474174,-5.021694096403908
-0.5536067537068482,0.2649356242860366,1.5197469594475008,-0.3422470736606824,-18.644033373321758
-0.5996430777285288,0.31666808649110656,1.5354476805000636,-0.3481717758367844,-18.664731831054088
-0.6307207088118307,0.33418903817321366,1.513927751348261,-0.3481717758367844,-18.664731831054088
-0.6853062605741908,0.3434997006906738,1.4827671977435926,-0.5328043087589718,-23.374805543419864
-0.7359778106120521,0.34006094996727065,1.484442872996682,-0.5328043087589718,-23.374805543419864
-0.7684439124669517,0.3247469279381444,1.4763475805389854,-0.5468204252460196,-23.464185392471748
-0.798186295135457,0.3089886931269681,1.4596861728438844,-0.6215475064102525,-23.75920242909538
-0.8063492552846254,0.2858209318269992,1.4695129822476456,-0.6215475064102525,-23.75920242909538
-0.8077042541622783,0.25899895829843894,1.48157856512819,-0.39729909294,-23.702486577424345
-0.8122745291850061,0.23656051737634604,1.4912744576414507,-0.4365836645412453,-23.79210185606273
-0.8006176917540744,0.21760584733996002,1.507162109235439,-0.4365836645412453,-23.79210185606273
-0.7913581738865907,0.20517609083162225,1.5050671899281418,-0.8890845496147413,-5.939220286972202
-0.7194213463815968,0.20162089647890602,1.5034296668931078,-0.8890845496147413,-5.939220286972202
-0.6950866826975276,0.22569131004732335,1.5434460501731944,0.2148645485164251,-5.987609639656061
-0.6544806052128433,0.22828655842479362,1.5607526933305564,0.22692903146186572,-5.9802401674762695
-0.6256087523748062,0.25788010997488964,1.5729696452054485,0.22692903146186572,-5.9802401674762695
-0.6030391307441976,0.31068610924259776,1.573001546645779,0.2302425993322439,-6.097278275745372
-0.6116669282920881,0.36249020046176106,1.562735836205552,0.21268209619005374,-6.450182032631477
-0.63581766105962,0.3956758787655646,1.548670191138731,0.21268209619005374,-6.450182032631477
-0.6637829555768144,0.4441372248301071,1.4932558878283206,0.0945914062028359,-25.175298621157086
-0.7500770990483607,0.4908271131233483,1.4520522108615737,-0.0001685328814107212,-26.128486635593674
-0.8092376606470744,0.4721566211420653,1.4036896797269187,-0.0001685328814107212,-26.128486635593674
-0.8729591483711,0.4940415465575709,1.2359519060469735,-0.49624137640087707,-28.0457271037885
-0.9241674645370636,0.4631807824058,1.2218362728388845,-0.49624137640087707,-28.0457271037885
-1.0195303360302082,0.4461414691528111,1.07392026062479,-1.1184580632693368,-29.62565898509143
-1.1427062669966443,0.3818616117895624,1.0176706096558277,-1.4902997937723956,-29.691571640210594
-1.129281366520953,0.3412926814933104,1.0306817568309912,-1.4902997937723956,-29.691571640210594
-1.3273831252024135,-0.7085822245379784,1.0524216029785007,-2.2363401895117567,10.283684941165438
0.1463715195369364,-0.8176173341283122,1.0810396593231233,0.5549243429898771,13.524415045343755
0.25610410027889585,-0.7901152492943331,1.1741221790089502,0.5549243429898771,13.524415045343755
0.600234387745229,-0.7601117577770116,1.2595032428560584,1.0858754957814059,14.047669067388588
0.7202119186397622,-0.6496392147500815,1.2929820916985197,1.0858754957814059,14.047669067388588
0.8452774809470976,-0.5535148441127491,1.3200290587924224,1.3234363591018798,14.243450523460188
0.8937681273287426,-0.42540660131267816,1.3311371788900566,1.4979364128922281,13.845980558391128
0.839097053669031,-0.3417476368536859,1.2942511938231516,1.4979364128922281,13.845980558391128
0.8041980757344208,-0.2662895347937571,1.2693440391511535,1.64350512697406,14.027868299765402
0.7396663082854731,-0.20219264110412455,1.2209688468019768,1.7042631002146624,14.000886945171613
0.6512912656957817,-0.15615636400924426,1.1662124155159306,1.7042631002146624,14.000886945171613
0.5955414512982826,-0.11663995704146522,1.119198930132553,3.7589170516284494,14.002957820139512
0.5300733814663012,-0.08989331020924932,1.0683377690854876,3.7711302792592996,13.692285876659913
0.46936564285876636,-0.06982033118532312,1.0201311352000713,3.7711302792592996,13.692285876659913
0.4316492462232931,0.020568906254092967,1.0129518280554874,3.798950739229655,12.928591912058884
0.36511573901496436,0.03555009094963102,0.964383378535947,3.798950739229655,12.928591912058884
0.34957154206120006,0.11518048109557083,0.9542272895258066,3.948795769224107,11.646949825577845
0.3506456765265772,0.21011971175907976,0.9572913992610259,4.1334970815322505,9.935043610311656
0.29841164223403693,0.20286116018872202,0.9200052976798114,4.1334970815322505,9.935043610311656
0.3474917473792466,0.30567401298214214,0.8958562899754692,2.311020371824422,7.615120648626882
0.41367235394326773,0.4247369656112507,0.3831885880666293,1.1050092659286035,1.608444199780281
0.3888334674035878,0.41581948982233147,0.38016116363228053,1.1050092659286035,1.608444199780281
0.465590338490002,0.45827887219250785,0.3599489849759192,1.1685483718003304,-0.5246032929736707
0.4891109481574345,0.4129864878603683,0.38569906169071955,1.1685483718003304,-0.5246032929736707
0.6345137069934222,0.47128140237671723,0.44833240978151107,1.331965405365425,-2.289624087709228
0.7672841756729236,0.536335755107365,0.5421355927894729,1.505414262749702,-3.912390771594099
0.8466202207150619,0.5140976297969441,0.5885854989961212,1.505414262749702,-3.912390771594099
0.9670811640241772,0.5723575450413563,0.6736611731035647,1.6726821770120095,-5.156602492091467
1.04896823065396,0.627426988398336,0.7645623410573061,1.8374569706427826,-6.2093865881095995
1.0776897163857582,0.6134485004609762,0.7909887884767338,1.8374569706427826,-6.2093865881095995
1.0904497201242598,0.655683517879951,0.8539866305177202,1.926032745751174,-7.050708917466039
1.082926796001007,0.6436541701967291,0.8641586844666804,1.926032745751174,-7.050708917466039
1.0902665658801647,0.6693864344239049,0.9037385966911559,2.0565235865781952,-7.678370297105059
1.0512012442275018,0.6881931296179581,0.9334881312743211,2.100773173306261,-8.245258758467624
1.0177429613657458,0.6678985068965342,0.9250930323276216,2.100773173306261,-8.245258758467624
0.9858034469782103,0.6756078500325869,0.9421492675403726,3.9269422854752465,-8.641135241635643
0.9456238986291526,0.6675966687981773,0.9279299707325445,3.9203485173927834,-9.209001946337695
0.9064551633996409,0.6453231012730531,0.9063398148259493,3.9203485173927834,-9.209001946337695
0.8757093694878308,0.7052865032286041,0.9247913514917854,2.2321534797094884,-10.153030476524567
0.8205805169389441,0.7001190746972785,0.8978732184213005,2.2321534797094884,-10.153030476524567
0.7673563883018808,0.719065274644674,0.9089375427295636,2.3124237463438533,-10.772226004199739
0.7112577029800594,0.7029296773947549,0.9110610895428326,2.3558611901917406,-11.307238173037794
0.6965778201580042,0.672535934029972,0.9015738614541533,2.3558611901917406,-11.307238173037794
0.7030677039912929,0.6677975627362147,0.9045435499879684,2.353098293580291,-24.98704787444634
0.6765772011257618,0.6417114473778649,0.9219272006143561,2.353098293580291,-24.98704787444634
0.6868638011139884,0.6068089657938761,0.9317743217925074,2.4118588427595684,-11.747301482549696
0.7311109173655667,0.5796797135680227,0.9280382714943607,2.4165427982698544,-11.755063664465972
0.7561796161195703,0.5661653735574801,0.9563851156773668,2.4165427982698544,-11.755063664465972
0.7964529992406817,0.5488179072247241,0.9683209964789941,3.604851797201734,-11.762230152105298
0.8211909190781892,0.5331834305228834,0.9770097019974421,3.604851797201734,-11.762230152105298
0.8385260054718546,0.5341260251834177,0.9826951024060212,2.4199497268001693,-11.807011782975117
0.8536849479166759,0.5618607743477038,0.9869792778045626,2.4272948263881,-11.80760790438806
0.8409107942272104,0.5661237487352272,0.9794255264607138,2.4272948263881,-11.80760790438806
0.8151502717810143,0.5760420207141801,0.9731025652352758,4.241047394614874,-12.309191735800288
0.795794818753326,0.5589224931367844,0.9609638809157192,4.241047394614874,-12.309191735800288
0.7817051509048744,0.5545062510980145,0.94988331444577,4.2490308268478065,-12.287693554290279
0.7756093795847032,0.6141808942698694,0.9698770178570724,4.105914211143523,-13.33340089759092
0.7362644141296892,0.6152671951607301,0.9456713939576564,4.105914211143523,-13.33340089759092
-1.1731866214976168,0.6747450330688368,0.9596282977327353,-1.262729918764486,-33.460394046055505
-1.267556333430644,0.7522431600503047,1.0205302591269982,-1.1628709555186048,-34.250958293090676
-1.306143692305493,0.7021582649247953,0.9915349262804574,-1.1628709555186048,-34.250958293090676
-1.3604013904830172,0.560326927148422,1.0085677707698395,-1.1362647001049917,-15.669951710207824
-1.2226703236144796,0.5032066037945021,1.0434238723901288,-1.1362647001049917,-15.669951710207824
-2.1246169871467133,0.46232808604450826,1.151756419765232,-1.8686223280450607,-16.01708136835747
-1.9372855726867066,0.4704535169321693,1.2720877399311548,-1.8043247076584816,-16.169927672860148
-1.7672244618395156,0.48379050569198034,1.366574162219666,-1.8043247076584816,-16.169927672860148
-3.877012272718673,0.5415009955544373,1.4759386462715514,-6.606623490284925,-26.00748731392835
-3.7672050782404867,0.610236860084225,1.5802164174981546,-6.606623490284925,-26.00748731392835
-3.722022077654324,0.6297428825508747,1.683330130968704,-7.835052004827901,-36.53874535805681
-3.750120505052757,0.5955940707866254,1.8086548586822846,-7.868856382482033,-36.423871121575175
-3.632812206336123,0.5833907587978366,1.8967098420236983,-7.868856382482033,-36.423871121575175
-3.5151214810385722,0.42157833671966716,2.002490856222353,-6.062184742834933,-33.292900114286844
-3.376844738376482,0.4019154176911197,2.1008967398330043,-6.062184742834933,-33.292900114286844
-3.2585397048352895,0.13037171435146355,2.1672508949680447,-7.675357382759544,-9.387335225829485
-3.0637872333467406,0.1871813730141696,2.1819652495474235,-7.808416331446234,-9.745642949492213
-2.9844996512548505,0.253436951439745,2.286928218011893,-7.808416331446234,-9.745642949492213
2.405478810918322,-2.203013974219049,2.295934953388607,4.619784392866151,49.10940460515255
2.598867221170413,-2.2195703241368934,2.244474599854524,4.619784392866151,49.10940460515255
2.737464985887611,-3.6706010446071486,2.303453059630977,5.8602962474720375,85.01005607632867
2.9688678702110307,-3.427352423747944,2.189115182297532,5.904396279242812,86.558687505483
2.8019221307401967,-3.156635077266298,2.0984212457746234,5.904396279242812,86.558687505483
2.582626468862985,-2.9516491873286568,1.9019479162624466,5.938311876417412,87.50854769565885
2.275487256654697,-2.736854985170912,1.6731809688193788,5.982428268404016,87.65752625049639
1.926210067420573,-2.549660224074814,1.4396240427794187,5.982428268404016,87.65752625049639
1.6022705514710232,-2.395481371226682,1.1993239615346192,7.316570024734196,87.54446758969397
1.3242548684935351,-2.281794993573019,0.9931804958268452,7.316570024734196,87.54446758969397
1.1174093215768648,-2.174142918844141,0.793819302028862,7.508229600149724,87.2068978240532
0.9781031523182913,-2.019255206292443,0.6522139715447035,7.481914782321374,85.98557732589815
0.8741653997975807,-1.9480319285972387,0.5362906365548986,7.481914782321374,85.98557732589815
0.8237736449216035,-1.8224256490718114,0.44280968599876713,5.81423980472513,84.54451273221154
0.8087103938297295,-1.7580713783108783,0.3890840919790528,5.81423980472513,84.54451273221154
0.8366106477165546,-1.6609420188925004,0.3522170090115573,6.637477366859134,83.31962354172349
0.8879081940362508,-1.573803096356905,0.33192414541186666,6.594036837271608,81.55317488111152
0.964449914620676,-1.542595682901649,0.34423048947625445,6.594036837271608,81.55317488111152
1.0700195492381874,-1.4420251581733718,0.3519523065851211,7.51596936144704,80.15811811278562
1.1425903751898414,-1.41690224080132,0.37526759525001396,7.51596936144704,80.15811811278562
1.2065020790016023,-1.3080071488486205,0.3925688152554607,6.917331252709852,78.38345750119906
1.2546319634202723,-1.1781052928868503,0.4084988854581688,6.860012903316413,76.45793524742277
1.2655236697206882,-1.1572290062412105,0.4171241844143988,6.860012903316413,76.45793524742277
1.2629483545057323,-1.1526080234190483,0.3843450624802931,7.452704948050673,76.21668518004583
1.2515652961874963,-1.1523110478945169,0.3853599433518,7.452704948050673,76.21668518004583
1.2478370751202932,-1.1525135461561642,0.38398269105143346,7.502132780964976,76.22308363002566
1.2582496578986908,-1.1473928185073476,0.3400557746465932,7.436252265289783,75.94606720060794
1.2373051585263362,-1.1503020614252724,0.33381399759027586,7.436252265289783,75.94606720060794
1.2198086853384207,-1.1554396139417666,0.2784880663032546,5.3194107339353405,75.61245728674511
1.2053913488150005,-1.1468298503713972,0.27897248265751984,5.3194107339353405,75.61245728674511
1.227348729569842,1.531513271378787,0.2570598031175134,3.5943700608979468,16.399668742166597
1.026900736288891,1.4850788906071481,0.2736215247209577,3.4589002651099383,16.015895574344448
0.9983009698053911,1.3603991515546658,0.20984163132655553,3.4589002651099383,16.015895574344448
0.9609280260973239,1.2417788838574284,0.18971624133145504,3.4120466575979655,16.89835160098372
0.9815324370345473,1.106313234971054,0.18971899806779058,3.3144359961998653,16.621270803954097
1.0290692785838225,0.9762940609051225,0.2522900424086376,3.3144359961998653,16.621270803954097
1.1318813769311413,0.8527769838967678,0.2841097754874148,3.2715510471956115,14.872747449842787
1.2087973216623444,0.7428710570342689,0.35792982761331515,3.2715510471956115,14.872747449842787
1.2918792956469975,0.6454098373706048,0.42418244924122184,3.27978493502346,32.72791544009149
1.4195364696210713,0.5687115632238872,0.40767455655148643,3.1147920987864506,32.28361456325273
1.492996674537713,0.5323277301002337,0.4905632514191093,3.1147920987864506,32.28361456325273
1.5945203913925408,0.4960974213732209,0.6648021619901746,3.506281668917354,7.616567915179715
1.5139639755137617,-0.8696185448168745,0.8309699520449854,4.5725686146310665,37.878898984734896
1.605700165010966,-0.9215635033364388,0.7798097899896925,4.5725686146310665,37.878898984734896
1.5393039152082224,-0.8487700881949576,0.8344204419217595,6.468522409194848,44.58491128313267
1.5656423798577794,-0.855896514099464,0.8116876509235613,6.468522409194848,44.58491128313267
1.5276359921289766,-0.7762503655943837,0.7947712329018505,4.430107270169239,43.340497855220676
1.4913806094457065,-0.6397156083987424,0.7549942419298821,4.359513386109224,41.64743811475091
1.4058948295125466,-0.6146067877409378,0.7092915549543239,4.359513386109224,41.64743811475091
1.308626642788454,-0.5612981101456067,0.6350405594349643,5.773902002975556,40.04492536551814
1.2388621731392615,-0.5049532073822688,0.5958507379201452,5.736340100210287,38.66018927665824
1.1920364819589773,-0.506275390100229,0.5605746862074431,5.736340100210287,38.66018927665824
1.1716698869786208,-0.40849314649491275,0.5208506002163894,6.139461356320843,36.80610239007606
1.132903276200289,-0.41248438326282433,0.4915582275940438,6.139461356320843,36.80610239007606
1.1045217917585601,-0.3174094867597318,0.4303272678845206,5.995141274349479,34.35965256625706
1.072916637466656,-0.20158177663379429,0.3882208997487486,5.869276360307657,31.632169836293848
1.038383878503914,-0.21521414044793052,0.3648586454449123,5.869276360307657,31.632169836293848
1.0159443708569489,-0.09710743226905527,0.32215036386690876,5.733482129917897,28.42022370388487
0.9899038825392221,0.035820658393866056,0.2636540804571451,5.510900757965247,24.653319947254033
0.9695881918685504,0.007920821383185395,0.25479502850910063,5.510900757965247,24.653319947254033
0.9770603957586491,0.1282457423964708,0.24610261213427453,3.4407578009014914,31.81011933812063
1.0239295846388798,0.2908302293991172,0.26214552147650383,3.386408634721155,27.980199470894323
1.0452733910631107,0.2721298288165186,0.2957196676369912,3.386408634721155,27.980199470894323
1.0919516999931478,0.36836781892136683,0.46418515622284473,3.691522454687153,15.147080701657327
1.1180053640710945,0.3426155809712057,0.516743051851991,3.691522454687153,15.147080701657327
1.1024644590381731,0.4610635973156214,0.6351969761806965,3.6833563533562454,12.346518905609551
1.1433226866836375,0.5812777855643616,0.7284876392275943,3.732353234103911,9.626044460507288
1.1752691919149814,0.5487196199443223,0.7588945817491397,3.732353234103911,9.626044460507288
1.0509186475047296,0.6400771107823497,0.8206348326667703,3.449017063311155,7.018274888013875
0.9909869209101905,0.7270301009861281,0.8832369863438359,3.338341793972983,4.624378251550301
0.9867242601619551,0.6883989975076088,0.9002221514839245,3.338341793972983,4.624378251550301
0.9186781946324184,0.7425885711829849,0.9443228636772261,3.239444920051394,2.6255973999586333
0.9047226317831543,0.7006209461054294,0.9590417975068921,3.239444920051394,2.6255973999586333
-0.21698505190319772,0.7477828445562714,0.9956109309134069,0.9586078993408642,-0.07685792327985573
-0.13257348607392427,0.803541391255681,1.0454206030440891,1.1673061129566564,-1.5717199809987437
-0.1308412366106546,0.7586609622586646,1.063830443275407,1.1673061129566564,-1.5717199809987437
-0.04057675687694068,0.750492630452469,1.0904737597552976,1.5040239793930592,-2.8858695901801505
0.048553243672830204,0.7715458132970103,1.1575524923522431,1.6445012584236416,-4.023596701522952
0.0960986963437308,0.7332047560435195,1.1948685007298825,1.6445012584236416,-4.023596701522952
0.20446864962323075,0.7566831413196599,1.2396450227315379,1.569312946644775,-4.990537760886507
0.2946717717415026,0.77618589024145,1.2919092737725317,1.7040385282739816,-5.689371813484573
0.31927352401614184,0.754208238133474,1.315475273957305,1.7040385282739816,-5.689371813484573
0.37772774988575863,0.7612648370922398,1.334454818819316,1.786811918705829,-24.234779836885348
0.31631906487460876,0.7377239083187712,1.362876844839205,1.786811918705829,-24.234779836885348
0.3001843088849625,0.6850269688128675,1.3387618319041654,1.8182914861395796,-22.878934108032826
0.2644345609395391,0.6425833059063815,1.3342126652583552,1.8497713782711092,-22.860570522660748
0.22289596155841818,0.58833815180903,1.3281857583275576,1.8497713782711092,-22.860570522660748
0.18928677785691228,0.5326550239145316,1.3231079308279041,3.816811321012503,-6.198052975053325
0.2131953842772525,0.46961999474900595,1.2971848470123826,3.814752757034859,-6.198852817054859
0.2073681176272525,0.4507795061428672,1.3125844205563384,3.814752757034859,-6.198852817054859
0.23098228402096255,0.4801713117860194,1.300142543968136,3.453528375169318,-6.7410329046436415
0.2059261930946969,0.48115042973985006,1.2807381213055662,3.453528375169318,-6.7410329046436415
0.2133553001359304,0.5392562481653578,1.2538745769490958,1.8900484921949463,-25.97374538524402
0.16398160110147353,0.6096688129875998,1.247749159579159,1.9653501270951752,-27.467547786678267
0.1039085491113193,0.5692761183121361,1.196110916157619,1.9653501270951752,-27.467547786678267
0.10488886777180673,0.5154640158443271,1.1463294566216873,2.0404307928843677,-26.45876429305632
0.13178745326794394,0.49414150463612244,1.0624476957649132,1.907362727866583,-27.582057138562185
0.13629657977264098,0.44709759016304496,1.0704974275964139,1.907362727866583,-27.582057138562185
0.1746647153528832,0.41818729010043376,1.0155520472368327,1.7373748281385204,-29.597362732635904
0.22331792120656369,0.3867727510631396,0.9849382869945335,1.632996521423446,-30.131555391427835
0.2622986152521396,0.35065785302792496,1.0048338869199847,1.632996521423446,-30.131555391427835
0.30761129681052,0.34041046162844846,1.0008528575068583,3.5181756142951386,-30.818831895602802
0.3326715118779008,0.29644603924665347,1.0161085388071505,3.5181756142951386,-30.818831895602802
0.35367315229742646,0.3071344463911485,0.9908747483769316,1.4541829203468586,-31.857854779090022
0.3791807486905805,0.36389987055832074,0.9721742340048675,1.359596791497789,-32.86501338897406
0.36048122716450126,0.3470831771587086,0.9701657624155897,1.359596791497789,-32.86501338897406
0.32597363075055896,0.32639372926354315,0.9638449619645784,1.3437784373107435,-33.482837017108864
0.3206665477235542,0.31169456364839665,0.968580325975033,1.3416538779811713,-33.767655908344636
0.32634811836714506,0.285236039919871,0.9765230540147655,1.3416538779811713,-33.767655908344636
0.34065126850318517,0.2805792610620048,0.9910537626492544,1.3366894203726254,-34.13827753249714
0.3602351665538416,0.26227353358604044,1.0037606443993174,1.3366894203726254,-34.13827753249714
0.37961857088292916,0.256917545295952,1.0226348940877694,3.0971982490373318,-34.31065113133427
0.3785539142135453,0.2297715032729759,1.0383152692557935,3.1024082602214733,-34.21932608162833
0.3849559341334636,0.2191915043349354,1.0378196919686928,3.1024082602214733,-34.21932608162833
0.3837545671447802,0.23899144845691933,1.041613583723637,1.363791440583606,-34.24003861121712
0.33305090862084646,0.27724965216215747,1.058031684970497,1.3709885155622938,-34.69293359059658
0.2955264534673122,0.27011054016723635,1.042382916347426,1.3709885155622938,-34.69293359059658
0.23407129828144668,0.23784632067860612,1.0484146720571565,1.3899638593717585,-34.622321165823585
0.1958135590569421,0.2241060990835757,1.0528291950668653,1.3496423622414033,-34.65446808497846
0.2022434261079028,0.20970524150560377,1.056109736511416,1.3496423622414033,-34.65446808497846
0.19772003749550093,0.2028156492161668,1.0734787758691833,1.8712946087583173,-34.69037694518738
0.21980937491312713,0.1910006640898967,1.0816953550546544,1.8712946087583173,-34.69037694518738
0.23531356799628622,0.18967362578312197,1.0871923577872933,3.066824928070276,-34.784553816193046
0.23001831828216024,0.1865231411580619,1.1097105576479032,3.0741237538221213,-34.68092129357773
0.23229551297144624,0.1867250597758663,1.1054074525295001,3.0741237538221213,-34.68092129357773
0.22817682812154216,0.218651462417772,1.117587815172294,1.3541982511480626,-34.85467097506448
0.0787066500560748,0.22976564285035073,1.1249000544540193,1.1547257088717773,-34.72214882320611
0.04793707660396984,0.2295416785882438,1.1108191505457816,1.1547257088717773,-34.72214882320611
-0.14726851923224604,0.20278421767385746,1.1165566808755911,0.9533896308826866,-34.77884593985953
-0.146881818827872,0.1908728341122501,1.1189745772898405,0.9533896308826866,-34.77884593985953
-0.23721416069643864,0.17989965643188222,1.1316563580160812,1.030775491009193,-34.80830551287946
-0.32460547139932383,0.16946020460995204,1.1501353050813465,0.7950784081965239,-34.83779679489729
-0.2840470579686397,0.16998053256972523,1.1701376156624943,0.7950784081965239,-34.83779679489729
-0.33603018653618144,0.16017015432840553,1.2102193518392599,1.1578667333838886,-34.48880348864712
-0.3712084594955295,0.15701977517034793,1.2285993912428526,1.0150510702983042,-34.500601615887554
-0.3399065230213,0.16464698634681718,1.2467873307762678,1.0150510702983042,-34.500601615887554
-0.3696538424977077,0.17995348966497304,1.2623177246315767,2.0253411347120083,-34.603706324300205
-0.40060500828329526,0.14333659256614717,1.2718477288603554,1.9821683592521486,-33.83135457361982
-0.3990966295366459,0.15073578618260708,1.2715184562078095,1.9821683592521486,-33.83135457361982
-0.4316477314767273,0.10666694308969915,1.2720764521417973,1.9457745001144842,-32.38819429713219
-0.45394343749760646,0.11360503496767671,1.2578671828143602,1.9457745001144842,-32.38819429713219
-0.48429228119549783,-0.05179195343338483,1.2466771832447745,0.10065043938272922,-10.564981958113377
-0.34781761399340555,-0.5098127230995683,1.175105103944706,0.4742860148470194,-0.125920337864285
-0.3059841714019835,-0.4654444671896637,1.1948405095198922,0.4742860148470194,-0.125920337864285
-0.19319256268361823,-0.541582408423475,1.195167525077931,0.623536055361392,2.047262991443108
-0.10934011299004076,-0.47694178553202415,1.214175937086491,0.623536055361392,2.047262991443108
0.023746822214880253,-0.3638571328951068,1.2387367229961177,0.7355929545073674,1.3323352434400808
0.15042295813037398,-0.22847661711086853,1.2570294034928113,0.8449939650265743,0.22928882038776402
0.187204702481032,-0.14812619510801484,1.2669161711299355,0.8449939650265743,0.22928882038776402
0.26924748082665406,-0.03602106041827846,1.2630699408825055,0.9301890079873782,-0.538998321818466
0.27089402368673465,0.03375052083221047,1.261747486565363,0.9301890079873782,-0.538998321818466
0.32062670522820336,0.1357406990932964,1.255156991307902,1.0268459523555062,-1.4346723945164026
0.344621033241019,0.21049677148776053,1.2448064594003563,1.09883152087008,-1.9432631590972305
0.3191309103874712,0.25010417698439885,1.232950543143486,1.09883152087008,-1.9432631590972305
0.3166605862819495,0.30378603303057883,1.2111360059639862,3.1067953094583487,-2.438402641451411
0.30667730215729205,0.34343629867399833,1.1911423316469665,3.134419098812443,-3.0734582931924455
0.27091608796008426,0.3616690770711643,1.1704336541948517,3.134419098812443,-3.0734582931924455
0.2697381462994515,0.453613560958284,1.1522003169509805,1.1734033631759475,-4.13564527996243
0.2134844748148818,0.48208897624641706,1.1273588582361573,1.1734033631759475,-4.13564527996243
0.2163272134767798,0.5224011739820432,1.1004781738737401,1.271868373979971,-4.883830204073121
0.19807987909321428,0.5305970763761091,1.0796734278730002,1.3307986389006636,-5.703330975494038
0.18245029609916352,0.5179137028267654,1.0750698343276734,1.3307986389006636,-5.703330975494038
0.2262396466349445,0.5314428764465311,1.0803872427389072,3.3922416215138442,-6.197619121428087
0.2389340286328422,0.5073559511501782,1.0839750433725892,3.3922416215138442,-6.197619121428087
0.2810885578761926,0.5288739305701711,1.087640536403942,1.426428929005409,-6.78988127646571
0.34796301614337166,0.6171937064012486,1.0990810601480423,1.4840466996055257,-7.797687261045204
0.3350891156966731,0.6172292601432887,1.0969997771325626,1.4840466996055257,-7.797687261045204
0.3581591405467508,0.6354983161108498,1.0943420488093074,1.5657275197313547,-26.81799034838596
0.33774932949700054,0.643986435760115,1.1180055032910394,1.651197640706659,-27.34050410863839
0.34629511735926966,0.5987217075114101,1.0503445613499685,1.5877692495543076,-27.700501390811976
0.3170037446793669,0.5626032582330271,1.0535467605692357,1.5877692495543076,-27.700501390811976
0.30641887920211963,0.5317546641420337,1.0398011605787834,1.5337336656418419,-28.197118355839258
0.3020484620927751,0.4798257182401111,1.0386486620203321,3.5145742605893178,-28.22219355814027
0.2961012749212093,0.4151004998365051,1.0410475327745168,3.5145742605893178,-28.22219355814027
0.29209933171840485,0.3996361707662389,0.9943009151475586,3.3670452842129883,-29.25107418733547
0.29542700830111435,0.4180137697133861,0.9138118827998325,3.1446154850871846,-30.520998078573008
0.25756275175854315,0.38339684870647783,0.8990408271756007,3.1446154850871846,-30.520998078573008
0.23741040940842706,0.4070005372475505,0.8388721913604041,1.056787865823705,-32.16442032243953
0.1913031430582398,0.3817501217709668,0.8271201163800056,1.056787865823705,-32.16442032243953
0.16188948171255124,0.38180117494361254,0.817267702559112,1.5651775216742347,-33.0843897204833
0.12761756274528713,0.34533544614689426,0.8412416622719865,1.6031498343290949,-33.6966421711843
0.14734276273912394,0.30220368300792533,0.8525913599937853,1.6031498343290949,-33.6966421711843
0.15582313716627483,0.28965712213177075,0.9302488792617312,3.1535873583992275,-15.652931410050947
0.2552308266002975,0.2582388992585215,0.9281841899469825,3.1535873583992275,-15.652931410050947
0.2531950562872056,0.30780707016659437,1.0297886429398313,3.122048738015696,-16.042630866370406
0.3216998765983714,0.4235309655892947,1.1157548609966432,3.265983636373056,-17.346112552184692
0.33352996024158915,0.45131303605534123,1.1148399507144078,3.265983636373056,-17.346112552184692
0.370258863065173,0.5791035710940503,1.1775572658982716,1.556532176535689,-36.95256578394134
0.27968307322559594,0.6133817734574952,1.1798840900403436,1.556532176535689,-36.95256578394134
0.3386962614425859,0.6657589274342853,1.2091656542162408,1.9620964100623466,-37.811760087954596
0.3085995563374829,0.6437677000748412,1.235014303653278,2.191556301537296,-37.82148219099629
0.2759171878042017,0.6059258503505595,1.2205509463835205,2.191556301537296,-37.82148219099629
0.06275684984015417,0.5776920342820662,1.2513274784940598,1.8589524591581839,-37.83573447278877
0.06926182807271375,0.5475708874296593,1.2551961049448461,1.8589524591581839,-37.83573447278877
0.08194016661568293,0.5106299371515455,1.2631216405544183,1.8621447632550732,-37.72526609004207
-1.3572832689078829,0.4394925445939841,1.3019700237600405,-1.0362097591255988,-37.849569110229396
-1.321469029042968,0.43719418587202874,1.3276423497807963,-1.0362097591255988,-37.849569110229396
-1.1700997164433071,0.37956921219388307,1.3603675373577857,1.2212257313027521,-36.92899159082492
-1.0702647122887572,0.24744699351142296,1.3875706648978405,1.4044074382507037,-35.59077049019268
-0.991786750912242,0.23003704311188278,1.4277332542024594,1.4044074382507037,-35.59077049019268
-0.8130520412005815,0.2555002848205421,1.4662197627563982,-0.41625533992289654,-35.53948660017619
-0.5529517734477071,0.279151103495884,1.4648854959485527,-0.07736900319874174,-35.60404389213882
-0.527297667280235,0.2872866328058443,1.4856763663705272,-0.07736900319874174,-35.60404389213882
-0.004553853371775718,-1.5368678478710125,1.4706492756607676,2.073712824768009,4.544675350658796
0.14546165287062035,-1.5311433730314299,1.4446132374665916,2.073712824768009,4.544675350658796
0.19896434191117687,-1.3099404007913846,1.4781131200836983,1.8832034139348472,1.179241649988441
0.840599743406226,-1.1338980231491669,1.4498130663194526,2.8683078719646895,-0.4807630491066597
0.8437029624537256,-1.051714363779344,1.4365788011149596,2.8683078719646895,-0.4807630491066597
0.9527758437859137,-0.9201235580925776,1.3796616655089393,3.059138725420886,16.441312140637766
1.0481967243930526,-0.810818367762825,1.2841964559084094,3.134194686282436,15.99715221140819
0.9882076762105981,-0.7093752983759192,1.2596508488689662,3.134194686282436,15.99715221140819
0.9785062910058034,-0.6105573080323056,1.2081914978978718,5.200781006921031,15.695337200960747
0.9151698062323996,-0.5341287104890906,1.1482131302092478,5.2008221422480245,15.458500482471708
0.8462688063622472,-0.4622398261291253,1.0876105951404,5.2008221422480245,15.458500482471708
0.8048549436624105,-0.3076511472446286,1.0149203663018391,5.165717201801568,13.995000766606978
0.7131428353975219,-0.25022260625349546,0.9497247369887093,5.165717201801568,13.995000766606978
0.6335448383185842,-0.11317026410191035,0.8684664923465166,5.078135171292724,11.815502896841478
0.5850470637682044,0.03986386496680535,0.8137818854582491,5.077044614633049,9.171757118654366
0.5139115514209216,0.057203285104918844,0.765203792435836,5.077044614633049,9.171757118654366
0.49963299345116385,0.20598397682033862,0.6626982609492608,4.8940390529998234,5.624508405289611
0.49557490804349624,0.3765726040890559,0.6395988621413401,4.861520903031685,1.9636552917677677
0.4706665546355774,0.3680636118311791,0.6212840124522221,4.861520903031685,1.9636552917677677
0.5059267163762294,0.5277314511470558,-2.1510970957720272,-4.508642475002593,-21.34736197210335
0.47226737093753124,0.5783762775348428,-2.093626826904618,-4.508642475002593,-21.34736197210335
0.5638003567278798,0.6825675213488587,-2.2949618841751733,-5.095850121036742,-8.807661677176181
0.657670322550979,0.6587916798804055,-2.2252917687084732,-5.1151038057616685,-11.939067449024993
0.8763716272613394,0.6062455329060826,-2.058767739585659,-5.1151038057616685,-11.939067449024993
1.1981592375248025,0.6435185758884239,-1.6048426945747758,-4.360322846918338,-11.866922373257868
1.4444518060390472,0.7090035936260772,-0.759661498625015,-2.782682842580048,-8.970073181163944
1.7333789335535275,0.7117823379960659,-0.5936100848164196,-2.782682842580048,-8.970073181163944
1.8738875685016687,0.8407574815254399,0.036168379688757996,-1.7476884195268425,-7.43767869873621
2.034861403051714,0.9534116951011505,0.44986942182552364,-0.9645813859130898,-6.42436468293543
2.092928439078668,1.0002134131204308,0.5131284040589698,-0.9645813859130898,-6.42436468293543
2.1152637671578853,1.063107570557116,0.7597576049012357,-0.31246956034378925,-4.86560414944098
2.0383015483006424,1.107365730383231,0.7468378236722406,-0.31246956034378925,-4.86560414944098
1.960279448408623,1.0936904316842533,0.8711232981859425,2.252532878614091,-2.7194351687413594
1.8621183215699406,-0.9004634371086891,0.9211918006358313,3.948635388927779,42.30460262512375
1.8407847223435887,-0.8894909529315842,0.7991178887350486,3.948635388927779,42.30460262512375
1.7741322510990423,-0.24648710836578241,0.9167324508927255,4.053585304336451,31.710398923951775
1.6525137950004682,-0.1671004685411741,0.8319413329225539,4.053585304336451,31.710398923951775
1.5266432654347044,0.42221404411014224,0.851218890872637,2.1451522071027966,3.1730871427333445
1.2684521015376247,0.906233986212857,0.9172434562054899,2.2652801709158865,-4.913317053214964
1.062103747716273,0.8960844588848959,0.7788040270613052,2.2652801709158865,-4.913317053214964
0.8685875742345374,1.0630617728637246,0.7905136026264044,2.4346848920754462,-8.817263046302703
0.746228170431009,1.0123268198939919,0.7283553948124851,2.4346848920754462,-8.817263046302703
-1.54089561542761,1.059477639705048,0.761978201569907,-2.0303860815072787,-12.592205740378263
-1.5405094323452229,1.1193717681027577,0.8329282175574582,-1.916893895142609,-26.006939670007398
-1.5382689529631917,1.0453836886298176,0.8671555973391014,-1.916893895142609,-26.006939670007398
-0.9470503092122506,0.9160160134865207,0.9368108451024433,-0.6947159984966516,-31.745000062859365
-0.8430293724876792,0.8230004817726391,1.04240006929531,-0.6315934939376486,-31.51389697919985
-0.6937724988454543,0.7393793234266115,1.1219448382887167,-0.6315934939376486,-31.51389697919985
-0.5406479483663883,0.6534982956231188,1.2127953335343666,-0.6040321736193577,-30.199248041740994
-0.4152688235968003,0.6039129685590618,1.289165195042476,-0.6040321736193577,-30.199248041740994
-1.9367963228783982,0.5324849561897055,1.3572714942702724,-3.8991903449833156,-13.220197391517276
-2.1706377901574108,0.4930654446666753,1.4071481760869087,-4.625666754423066,-12.666199538388708
-2.097253621168084,0.5028533120738462,1.493273114435446,-4.625666754423066,-12.666199538388708
-2.1197095879823644,0.45648794981085805,1.55439676494843,-2.8137848610873326,-12.704922171600021
-2.036214858187914,0.44066005457820223,1.6180405267634705,-2.8137848610873326,-12.704922171600021
-1.9527367404556422,0.4696391875023066,1.6868265926272608,-2.8800118710615905,-12.911951353044985
-1.8622470421038035,0.576755621713576,1.777337584348044,-2.797784625466088,-13.830091870391856
-1.829747104649613,0.6112065229524796,1.806631726289521,-2.797784625466088,-13.830091870391856
-1.7509602486810976,0.7075101692749322,1.8719697367265664,-4.461361139933197,-32.82639106336669
-1.8308475485245745,0.7421967253310368,1.8980298855938573,-4.461361139933197,-32.82639106336669
-1.8049563179485049,0.7638356618264879,1.909154381314654,-4.135376365327533,-33.29562655232921
-1.8110929491403278,0.5714033176953132,1.9062133941173092,-3.8752879793417683,-29.818079087581793
-1.8346521130406956,0.5355018783657572,1.9032083957321202,-3.8752879793417683,-29.818079087581793
-1.781455120869878,0.5091226096926598,1.904777295672765,-2.455113026896681,-29.859251381901082
-1.7818310781712006,0.47056624739566244,1.8645732126124468,-2.58018838473185,-30.19606049691781
-1.7831807815671858,0.4464201708230151,1.8710269561541526,-2.58018838473185,-30.19606049691781
-1.7799488111523014,-1.5420939732398047,1.815079765732974,-2.8721804098173176,13.266384628230224
-1.651770223848906,-1.541705692056746,1.7705271006303838,-2.8721804098173176,13.266384628230224
1.4005556623186814,-2.11595073136712,1.7654075146583377,3.580317067394347,29.353389913450663
1.6852981103760114,-2.1505528531478704,1.6432242075433805,3.760937184411924,29.595263908809194
1.7085931263303822,-2.0452989003783464,1.638550184240622,3.760937184411924,29.595263908809194
1.8632645658725577,-1.8367654872347863,1.4925222404945377,3.750922322216738,46.70910591924931
1.8057661403158973,-1.7002089765363015,1.3786664152950738,3.750922322216738,46.70910591924931
1.7238568210341327,-1.523287677331058,1.2202296736488096,3.6986963708199356,45.603431158874564
1.6042026423489533,-1.4077406661559586,1.0913518037669978,3.7759271479510916,45.58706071110779
1.4371843230270809,-1.3064991227093643,0.9664500920396103,3.7759271479510916,45.58706071110779
1.2904605902308153,-1.2190708575847446,0.8475031502152783,5.7707837320544995,45.522977546222904
1.1637921893661956,-1.1627233127619778,0.738597754471344,5.7707837320544995,45.522977546222904
1.0706140006828204,-1.0767501330394285,0.6399677920139437,5.747017452791041,44.8993837256551
1.0138182113199121,-0.9591866493880709,0.5603301886542114,5.729712755622707,44.01883062112341
0.9446533020010826,-0.9138736817630585,0.48579027564457045,5.729712755622707,44.01883062112341
0.9170965640970574,-0.7907012860510482,0.3402160816152139,5.509434507232586,41.514125746851526
0.8715681116135987,-0.7624290517744672,0.29293273732537983,5.509434507232586,41.514125746851526
0.85349975442023,-0.6302310506517224,0.18991733259962307,5.276555357132668,38.50935145222008
0.8732251426471411,-0.48903636980199305,0.0849817533774655,5.048840787455676,35.07197513501173
0.8711612516685237,-0.48521727602406695,0.07075990914754171,5.048840787455676,35.07197513501173
0.9108545430252505,-0.4913996575731796,0.061750881138605385,3.102360996989569,53.09277007361016
1.0059113512427948,-0.47634358117746656,0.057329147500361,3.102360996989569,53.09277007361016
1.0995132769738016,-0.15140956510981862,-0.02434067691455577,2.606181868336466,27.61196672896041
1.1050774095418165,0.0011047912746184885,0.2940966910362276,3.192210724508988,25.85479210577657
1.1757558687685608,-0.019505666840972324,0.3038435769863579,3.192210724508988,25.85479210577657
1.1124000307790969,0.10377434740024138,0.5264225287510637,3.3738919870202597,24.20764140403703
1.006705080786154,0.21186126052073828,0.6252170277128927,3.1260651024534623,21.96090015452391
1.0420642935576334,0.19665264859499043,0.6611770437554567,3.1260651024534623,21.96090015452391
1.002550527360075,0.2962024985594244,0.7319656511728811,4.99016306973188,19.60680151036242
0.9989097079274502,0.256054517067706,0.7519423106549942,4.99016306973188,19.60680151036242
0.9370920214033137,0.33836815340403525,0.7954971912150122,4.9333847211273065,17.37395848529719
0.840914131042663,0.4632148674051476,0.8330313446066996,4.784278279328654,14.750126211229468
0.7810447545918766,0.43360007138646006,0.8181145594056174,4.784278279328654,14.750126211229468
0.658444669209852,0.5381437240800195,0.8234215351069276,2.6628974636866047,11.790978372026078
0.5857277367064123,0.5117365347099625,0.8098641472594674,2.6628974636866047,11.790978372026078
0.533499436097686,0.5945014263118524,0.8284692548943121,2.6717618037985034,9.12542870183668
-0.6636420684304827,0.641648527515984,0.8569764115764296,0.3189609882136284,5.664524658543067
-0.6573509693097104,0.6032636594455015,0.8783412467074616,0.3189609882136284,5.664524658543067
-0.4899171324136272,0.6624505261201226,0.9328305930833496,0.5768638048146268,3.465193121404244
-0.44792334709931225,0.5831700950807113,0.9797254311932106,0.5768638048146268,3.465193121404244
-0.2517715938755972,0.6276074679426649,1.0378825033687207,0.7211322000067644,1.555140491262419
-0.05341859601097898,0.686487889490135,1.1445049753539378,0.9712448017648989,-0.0746326155039603
0.03854086715005592,0.6577280792035665,1.204086757628135,0.9712448017648989,-0.0746326155039603
0.20707588770785734,0.7179035132095177,1.2722910831028647,3.137557512680001,-1.6033329862562624
0.24691123001765122,0.6888615654544554,1.3079681430470533,3.137557512680001,-1.6033329862562624
0.3285114255265624,0.7507607616125223,1.34133917404501,1.2853043053798574,-11.492441319923403
0.3882668719091779,0.8528033006904565,1.3755786841300486,1.4619610590743388,-12.992087159131874
0.3211390176065085,0.8192674411549997,1.3507272404474886,1.4619610590743388,-12.992087159131874
0.30489663675899503,0.7933139653332992,1.3266205489714546,1.6016312181776566,-23.368137475431972
0.2049957471677213,0.7403868375680863,1.3196928832527668,1.6016312181776566,-23.368137475431972
0.19751588769853573,0.6836486797124391,1.2345367853506088,1.553546819789065,-24.079752710606105
0.15439782176993555,0.6277200333406302,1.1386055126737724,1.342221094400072,-24.86399366085012
0.12121169121720388,0.5589589330389049,1.1321452884727337,1.342221094400072,-24.86399366085012
0.11760679544680153,0.5157452387653317,1.055180538919646,1.1507701908841863,-25.950565537713846
0.1116093857063869,0.45163745015410606,1.0620568964816965,1.1507701908841863,-25.950565537713846
0.13136581931797708,0.39900890236590936,0.9870486154401512,2.9419263734932564,-8.677887651746357
0.20056049013908717,0.35778595945566294,0.9409308826408378,2.83069355728415,-9.384908838444545
0.23546339511242476,0.3465997673647162,0.9762291083082224,2.83069355728415,-9.384908838444545
0.29052152112151175,0.39938954016047645,0.9481977738433416,2.5112000715964484,-10.55809136248634
0.3348821114078957,0.4847868023771195,0.9493310548108242,2.5570804594127345,-12.197849898098841
0.31809602448674507,0.4921820494214153,0.9345377369814574,2.5570804594127345,-12.197849898098841
0.36390414349662026,0.5803471025472271,0.9589742202948623,1.6457755013269706,-31.721607776100168
0.3717862176134683,0.6775825050021922,0.9978549727265268,1.9062879220592919,-33.4285890285956
0.3142279420734566,0.6372761282367506,0.9483919331396433,1.9062879220592919,-33.4285890285956
0.3164748916362452,0.666683295714137,0.9596340829720589,1.4365332031773228,-34.799309754698974
0.2837638561119251,0.6676679404647234,1.0228455802694527,1.607426683134383,-35.24033663282306
0.2672868784091469,0.6122979157341559,1.0181833263616735,1.607426683134383,-35.24033663282306
0.2234220052453313,0.5875906954034755,1.0788029727356614,1.6468336006645048,-35.61824364152398
0.24263362732457683,0.540157914423939,1.0909365727580203,1.6468336006645048,-35.61824364152398
0.1843144352438053,0.49503235131262857,1.1454741146877245,1.578949283702844,-35.37748649801724
0.21510604037772152,0.4604958088520186,1.1898048569008548,1.652185325116501,-35.22102238433875
0.2437134573853562,0.4284116246337778,1.2057839999029158,1.652185325116501,-35.22102238433875
-0.05001368708530718,0.403025894642151,1.223033519603192,1.0229092028584654,-35.49804844050625
-0.02816216111761749,0.38666910438935165,1.2374405978793668,1.0229092028584654,-35.49804844050625
-0.22699766595690085,0.3698086429961608,1.2688879493995542,2.48164251517877,-35.57087168654803
-0.3731002756768169,0.32447861126382516,1.2783315546508311,2.193982749034211,-35.455368532842016
-0.36311943549706593,0.31113164300631435,1.282252148042364,2.193982749034211,-35.455368532842016
-0.41914343321954084,0.2876912833068703,1.310831736948234,0.7798650400677274,-34.62339787563636
-0.42794864770496754,0.28751825819062926,1.3061171462511423,0.7798650400677274,-34.62339787563636
-0.4646469801796871,0.2055498938618351,1.3034539310983724,0.2856047016948051,-32.97760026498347
-0.4696645563393363,0.0939944884267393,1.3018766710405418,0.3568014235532635,-31.02138974960748
-0.45006191695757347,0.08629116666539516,1.3107117274101698,0.3568014235532635,-31.02138974960748
-0.3748826059292228,-0.045492764478315406,1.3245896683440432,0.5282132938974513,-28.28617394785057
-0.3231013612383325,-0.043711172747144644,1.3406103445616857,0.5282132938974513,-28.28617394785057
-0.2739919204936316,-0.16629053044885855,1.3425620129898985,1.9532094387392567,-25.457981174006996
-0.221479430872338,-0.15954593333720757,1.3498556938557202,1.9534597716399316,-25.47628017819916
-0.19389937404707852,-0.13552613480992837,1.3616123428326135,1.9534597716399316,-25.47628017819916
-0.17332861565925628,-0.4226536403624678,1.3336810507280519,0.6984647101087273,-0.3868111145057647
-0.09837963757733234,-0.37666672290125014,1.3035797792609474,0.6984647101087273,-0.3868111145057647
-0.1722205638312232,-0.37788297568524265,1.3026249463806248,0.5019798155305546,0.9257664319053684
-0.1474496206031077,-0.3391310306141134,1.294562726830595,0.49665752737526647,0.911434310898695
-0.12421515953844753,-0.2717001378749374,1.299408462011556,0.49665752737526647,0.911434310898695
-0.845151093093105,-0.2004677110349221,1.2985074844712319,0.8384249334410643,0.1686841039539054
-0.830415510871351,-0.11560542808824059,1.2991928404616924,0.8174219519198997,-0.2763886043507483
-0.8161911643851021,-0.05180246099768793,1.2972077112781821,0.8174219519198997,-0.2763886043507483
-0.7843467937657947,0.05883896631459978,1.2967023883795457,0.7416115729940778,-1.27569913926236
-0.7888471067654106,0.11256793875145032,1.2924332487205885,0.7416115729940778,-1.27569913926236
-0.7298199316572576,0.2355126019534028,1.3049331605883578,-0.9045127364057155,-2.8028964251015474
-0.7392911916491095,0.35978743380367245,1.3110030595911157,-0.9411141477768323,-4.409165400867791
-0.7473089719979202,0.3889028531323991,1.314641057671066,-0.9411141477768323,-4.409165400867791
-0.7536240692991502,0.45710458252980013,1.346826107093739,-0.9186384363275857,-23.75447658763731
-0.7947227228825813,0.4639565640989177,1.3852856648270047,-0.9186384363275857,-23.75447658763731
-0.7806343560055412,0.4531231818959338,1.3769758037470883,-0.9349220330531267,-24.06319351817954
-0.5678732177745363,0.4492816064631159,1.3298659958297003,-0.6917964900445681,-24.62256855368704
-0.5560592334343124,0.41967509915100376,1.3522485479465434,-0.6917964900445681,-24.62256855368704
-0.6057754785355126,0.3932539379316432,1.312409618453488,-0.6475557027531749,-25.22076365833089
-0.5918995453809743,0.3659480929188651,1.3370910627816137,-0.6475557027531749,-25.22076365833089
-0.6243424721634788,0.36246368119244654,1.2823586095919914,0.6679878766744125,-26.366253512607532
-0.6509204984582581,0.35882266475068203,1.1991568538801423,0.3428599030040633,-27.830152504821253
-0.6628090842461649,0.3326481428931791,1.2068600296482928,0.3428599030040633,-27.830152504821253
-0.7123130429701039,0.3572772471927627,1.093543221289386,-0.20703050979202886,-29.443599360565223
-0.7551833301612099,0.3318559155662256,1.0884550106801452,-0.20703050979202886,-29.443599360565223
-0.8629743955440152,0.2816906711357745,1.0297172873964504,-2.279801840781711,-29.39372146840906
-1.0852096544917205,-0.6815093330173668,1.0585997154971027,-1.9896447957211383,-8.518438369039957
-1.0264422938590008,-0.7072588079443383,1.0448699066292686,-1.9896447957211383,-8.518438369039957
0.18907058024705964,-0.8065228734624862,1.1486553375193027,0.6716041356010027,12.650316299616922
0.34169365227472187,-0.8134908995953181,1.1534168614801619,0.6716041356010027,12.650316299616922
0.6604781312598855,-0.7984109523613074,1.238944847576678,1.2297335571944847,14.134607610581664
0.7807847968497856,-0.6788526695265864,1.2842891253706277,1.2914773266924993,13.893386336504218
0.8122505874471572,-0.5844105993316244,1.2833572364896642,1.2914773266924993,13.893386336504218
0.8074390450863675,-0.46476461507122047,1.2633547975197046,1.2893528452341085,31.480177474666757
0.8185290199086201,-0.3713309812872786,1.2092138723147938,1.2893528452341085,31.480177474666757
1.0016205138587255,-0.22602612005240436,1.2142819853155793,1.8018042981274984,30.99019095855684
0.9652732587744813,-0.06655596273775284,1.2103213954711147,1.8747046381971177,29.59395579569587
0.9085370888217026,0.018820830540356687,1.1653868943228545,1.8747046381971177,29.59395579569587
0.8578419384223803,0.15190544760514002,1.138701558533035,1.899269241440181,10.64612768832482
0.7371970764340183,0.2145233560469787,1.1096537453392723,1.899269241440181,10.64612768832482
0.6617673779564561,0.2565989346813917,1.0467457664864142,1.909597328378375,10.280676978938248
0.5741820275957217,0.2681715202474999,1.006533512610766,3.7618641625578233,10.50558053227302
0.5118797199809386,0.25281492338767686,0.9637513298280922,3.7618641625578233,10.50558053227302
0.46409159306894965,0.28415444288701275,0.9564558126943552,3.947283308438429,9.799387957039823
0.43890977831037187,0.3613496974829867,0.9564025720030233,3.978416854547789,8.513398193396386
0.39056072434590916,0.3474751124032102,0.925412311020527,3.978416854547789,8.513398193396386
0.3732772723999971,0.4346716710218438,0.9444950569005788,4.101895601117456,6.624015071050024
0.32262509168617626,0.41293027519602843,0.9181433854144556,4.101895601117456,6.624015071050024
0.3013774679784615,0.5130872830434206,0.9502989715549109,2.215475592768904,4.2616818718497465
0.27662456824695414,0.6286055009754702,0.9970693359735359,2.3017285759878714,1.8983104354955926
0.2540573338711193,0.596364616045111,0.9886055544546339,2.3017285759878714,1.8983104354955926
0.20033121754752026,0.656592561500088,0.9862004622057471,2.1413544959479403,-0.7636306506968691
0.2221572769663409,0.6239430194088478,1.0055732922999205,2.1413544959479403,-0.7636306506968691
-0.9301994873127462,0.6905207407165249,1.056378351538892,-0.3072807179436703,-21.291647119506905
-0.7700579572408508,0.7497483286112943,1.1130981838488687,-0.00586416621166963,-22.834803376993186
-0.7342485372664379,0.6859350261130622,1.122981286918058,-0.00586416621166963,-22.834803376993186
-0.6304764193553201,0.5995364340691866,0.7582889088042736,-0.8849663404016463,-25.730708960801877
-0.802023713821435,0.5103048189466917,0.7447948106580795,-1.5243729591458703,-25.62808733367251
-0.7277163387613335,0.45222776080810867,0.8040369397859817,-1.5243729591458703,-25.62808733367251
-0.6534195604147456,0.3400763237514586,0.8635935048726598,-0.25395194954455813,-6.9519922718031735
1.0711039252492556,0.23292074495459958,0.8853516664712963,2.963325232732841,-4.850345081368226
1.1700221005817404,0.20197130145293618,0.9635800980826658,2.963325232732841,-4.850345081368226
1.3555617268884497,0.21341297434591472,1.0233642701332892,3.5446361668563418,-4.580126488864998
1.4057212974885525,0.2736082266158216,1.0375563938946244,3.5446361668563418,-4.580126488864998
1.4147348713679881,0.33388071657059387,1.0479014906515591,2.112830510946231,-4.9039456389194385
1.3685441713855862,0.4131922762270678,1.0577889286308837,2.316562533826919,-5.242533892996114
1.2437363182463892,0.42777370336359344,0.9993429849084883,2.316562533826919,-5.242533892996114
1.1548012260918832,0.42819233410385743,0.9607000442957008,2.4607880246411558,3.8437874174489854
1.1178848618043213,0.4878938434706256,0.9384812129975445,2.584684972930825,2.7766518898115446
1.051860161693481,0.4929536140192696,0.9097344747436229,2.584684972930825,2.7766518898115446
1.0252859737265327,0.5625406446517583,0.9113355665614904,2.6370719191163383,-7.532890864395489
0.9740432092586464,0.5680437094233112,0.8966037307565865,2.6370719191163383,-7.532890864395489
0.9242710617297725,0.5942968400762981,0.8875842876001576,2.615951278487101,-8.329460201779444
0.9036957640332024,0.6164306562278308,0.8750790506619499,2.607973348854176,-8.86030350686695
0.8967928973199797,0.6047055507806335,0.8621402139742231,2.607973348854176,-8.86030350686695
0.8334974595718135,0.5953099644922701,0.8671913854870253,4.324042522906427,-8.913871083737236
0.8337486071977627,0.5681122602373073,0.8586114606943854,4.324042522906427,-8.913871083737236
0.8369312829254166,0.592704326687655,0.869392720635181,4.432903831632629,-9.617277095033597
0.8414416848527981,0.6512215625409009,0.8905108880366217,4.484754273817479,-10.455623230601368
0.8125716689486705,0.6412698085179951,0.8695095593415859,4.484754273817479,-10.455623230601368
-2.053365975706619,0.7201953629284953,0.8989306593802866,-3.148077940260721,-14.305398161120516
-2.0782174603297694,0.7649601838770462,0.9053303202994131,-3.148077940260721,-14.305398161120516
-1.7967731673703022,0.8193382917705444,0.9660305197719624,-2.471377712000214,-15.43368911089298
-1.81536463806804,0.749168781425398,1.0400814059580892,-2.4057920594336473,-16.561039725957777
-1.6816214506395448,0.7082597955195313,1.1220108413870689,-2.4057920594336473,-16.561039725957777
-1.498630578255876,0.7494593443689717,1.2667484716719402,-0.37988696372514097,-17.51940169403832
-1.3169697954475712,0.729206254351126,1.3665178745464475,-0.37988696372514097,-17.51940169403832
-1.1522146767888986,0.7993091661328356,1.4893269504615194,-2.2821805988851933,-36.65272744366757
-1.0761086587907571,0.923549624503196,1.6401031592178041,-2.1917912927961676,-37.855907064901274
-1.0355362502487748,0.9103654662177956,1.6664535740932802,-2.1917912927961676,-37.855907064901274
-1.0618962173628155,0.8889310341274899,1.7254377654852169,-2.128877910070583,-37.9717326035634
-1.0758145977539735,0.845710061603039,1.7542185236197996,-2.118555213327244,-37.699441634335784
-1.0945370869336286,0.8074470200889633,1.7776171635759805,-2.118555213327244,-37.699441634335784
-1.1114456682761942,0.7399013803755246,1.7993251284454153,-2.0947174744896495,-37.044392416452844
-1.1261536952736266,0.7016493460944653,1.8144527074342949,-2.0947174744896495,-37.044392416452844
-3.828231626172017,0.6375501821350802,1.828144058038982,-6.383310504277539,-20.552750593881225
-3.829377629318283,0.6175644942173599,1.8405944832447378,-6.497175753303155,-19.98531340669658
-3.794668730054771,0.622598231010699,1.900639161009667,-6.497175753303155,-19.98531340669658
-3.7456811350292045,0.567412992354263,1.9522757148342151,-5.7083234100157645,-20.021330419258717
-3.634355225100966,0.5688031826996581,2.021918161603103,-5.7083234100157645,-20.021330419258717
-3.456369177067623,0.6526457353349211,2.1377378610564453,-5.530518952688977,-39.02727760775112
-3.395637117039599,0.7725182291766985,2.263652908551093,-5.476425689402614,-40.55231514102684
-3.331733994556219,0.7800841396208359,2.2896493422520097,-5.476425689402614,-40.55231514102684
-3.3128969635737904,0.6721862880825236,2.355717044562448,-7.313482980924427,-19.546358659857994
-3.230964838963705,0.6961066436824346,2.3677284099756255,-7.313482980924427,-19.546358659857994
-3.2099662192385963,0.7297818835302792,2.430196932715753,-7.313482980924427,-19.546358659857994
-3.1781900976930837,0.722971843348562,2.4395914828909833,-7.374690087803189,-19.71118018711469
-3.1343977603683704,0.7507612008836124,2.480027064166523,-7.374690087803189,-19.71118018711469
1.728625101753377,0.782029694973305,2.5161301396579745,2.545066427003503,-15.856921591469042
1.7375203239055943,0.7384002439987297,2.505292741045314,2.545066427003503,-15.856921591469042
1.7817465281244054,0.7785762138694946,2.482572309268792,4.676808386860594,-15.805734086974503
1.8053516658807822,0.9356267438090812,2.417007021301684,4.775614918100532,-15.767343434767565
1.5791260774239362,0.9869413126414629,2.280344756548408,4.775614918100532,-15.767343434767565
1.3346958966519917,1.044754280194839,2.109304289501771,4.85443937121797,-15.73058460269758
0.9882254751259001,-2.9829877283800093,1.9207608062014456,7.442660071369138,73.40912450730632
0.9524779745637729,-2.9933042515904282,1.6365835542228158,7.442660071369138,73.40912450730632
0.7615027804102446,-2.8706139405805065,1.5956266968338804,5.456568654608304,72.37253762457368
0.7292398422456874,-2.742462257093363,1.458394464659066,5.456568654608304,72.37253762457368
0.6572942659265681,-2.574334452354855,1.3408117209064576,5.471979646989217,72.99855335305779
0.6106757561546612,-2.405011105238099,1.2268628127561554,5.4865484421509745,71.92420320499096
0.5831783273231046,-2.263405866229988,1.138532216160952,5.4865484421509745,71.92420320499096
0.5905925317377829,-2.0846420794794924,1.070082456751067,5.477334667078507,70.98394111692083
0.6117247581627767,-1.955374416539122,1.0176823774467425,5.477334667078507,70.98394111692083
0.6713249378742127,-1.7882881085546698,0.9783263428625273,5.491974930342842,69.94104246318021
0.720136293258648,-1.6305992571502768,0.9531187212597181,5.475135119727755,68.87976973664358
0.7632974431227733,-1.5327398066138374,0.9373522360995783,5.475135119727755,68.87976973664358
0.8278421425814713,-1.4335789011137017,0.9250256074907315,6.2973975425447986,68.60995152265725
0.8627288990722035,-1.3630181910636359,0.9194310386179037,6.2973975425447986,68.60995152265725
0.9081456107939339,-1.2390807887821256,0.9085454015933714,7.478574416793959,67.31244121228247
0.9339866600089539,-1.1250039012458266,0.9020254828559022,7.464682343908507,66.12738181843852
0.9262095602315856,-1.0761082763891583,0.887360601430783,7.464682343908507,66.12738181843852
0.910398445396739,-0.9249115520523241,0.846081565617645,7.345446619191129,63.855093513960696
0.8593969502622418,-0.8928259158789567,0.8222359464553626,7.345446619191129,63.855093513960696
0.8366252157192049,-0.7715587984672467,0.7555856007015065,7.212640938661744,43.329725986913076
0.7371151954292534,-0.6400943546859581,0.7204279053104532,7.1113091249532765,40.284851462471174
0.657570442313543,-0.6786436892772114,0.6662345321768841,7.1113091249532765,40.284851462471174
0.6148324817708977,1.4673569033644693,0.46673409956243683,3.3752314964146155,8.772519501127615
0.4671618243068041,1.4286839885837381,0.49116384351243714,3.3752314964146155,8.772519501127615
0.5693986256088578,2.31877524438032,0.45206971508316984,3.04327258394572,-13.420544572641571
0.6041972519435015,2.4366142321514372,-2.3792585289852517,-4.423491511983688,-40.06233704382201
0.6591142995588746,2.473199090947962,-2.443472772963654,-4.685447395517985,-44.45315112996673
0.6914035756605392,2.2681560326540815,-2.3727410318420707,-4.685447395517985,-44.45315112996673
0.8208375610483531,2.0882067383673446,-2.186410684778337,-4.455673750046099,-28.627000095990823
1.1066954675543594,1.878461587709834,-2.0157934456448485,-4.455673750046099,-28.627000095990823
1.4140736978454584,1.7968963381876724,-1.6881186194342297,-4.259476172834279,-29.565627818225302
1.8185348556681773,1.645026292666425,-1.3928804871745961,-3.8913903801680503,-28.32649127214338
2.1131478159368973,1.5615578905920295,-1.1961642220754682,-3.8913903801680503,-28.32649127214338
2.346946109713698,1.4909090914300878,-0.8778457000922537,-3.478734422900134,-26.756145949413266
2.512784836670023,1.4363028650588772,-0.5463100480881421,-2.919039067377939,-24.753840088564267
2.5988599605992344,1.415389987244362,-0.4552489405208332,-2.919039067377939,-24.753840088564267
2.6173347678903607,1.4047803244214276,-0.39715943033979717,-2.919325253986649,-24.622877905140584
2.5837282443743326,1.402790930406363,-0.37427513931668055,-2.919325253986649,-24.622877905140584
2.503049479532087,1.392420199401888,-0.37814561737029007,-0.9193252539866493,-24.622877905140584
2.39138501354753,1.357059561511056,-0.4081072554353049,-0.9167714030980846,-24.534502935565826
2.2707783908309347,1.3360573499523398,-0.45174209922314,-0.9167714030980846,-24.534502935565826
2.159295480417594,1.2758753865449541,-0.5039838108872158,-0.8744898652705757,-41.1418003215116
1.9656317034062134,1.2454466475015653,-0.5534325770373154,-0.8744898652705757,-41.1418003215116
1.820396683931835,1.0869698691598169,0.6642281199503459,2.6830591911182573,-20.495359458057905
1.7285504799074252,1.0103207048656353,0.7350797144671337,3.1327984091279273,-19.284279428962357
1.627646441014982,0.975788515463637,0.688973448411508,3.1327984091279273,-19.284279428962357
1.5823116081185675,0.6225630534163911,0.8271828163130899,1.9115965190217645,-9.801571470563294
1.5252269146120214,0.6254459286271941,0.7463926530656264,1.9115965190217645,-9.801571470563294
1.437535623035036,0.6298918665595475,0.8770943135009663,2.40688895270896,-17.527235214354086
1.281051271971467,-1.2735535026748404,0.9755501540970044,3.9178894826866193,25.060955433614257
1.3671630806991466,-1.2840953104833888,0.8651887480030127,3.9178894826866193,25.060955433614257
1.3051987608808653,-1.1058120059549397,0.9530379920624422,3.9042882057297703,23.350187235926423
1.3671822455186393,-1.032654293925177,0.9167937530110993,3.9042882057297703,23.350187235926423
1.3158186315326086,-0.8569760952964182,0.9132042095393129,3.8034348601480676,21.521961570256998
1.3112044368092035,-0.6922048822969833,0.898070634824771,3.825486666711882,19.99213783528569
1.2911573615482441,-0.6137629889696916,0.8519927263247757,3.825486666711882,19.99213783528569
1.22894093784357,-0.4804591275288992,0.8228970671010913,5.751004750847188,18.64747794603712
1.1927825304420931,-0.43522843796037164,0.7765177855472055,5.751004750847188,18.64747794603712
1.1323877077751454,-0.32296856258166334,0.760856054015921,5.733546973651335,17.438806486695334
1.0793000650752111,-0.16550106626991967,0.7519685691020485,5.713045367088102,15.67322488914569
1.0210437886210184,-0.1315210618295139,0.7019687978810181,5.713045367088102,15.67322488914569
0.9313111694639384,0.0034810128068683277,0.6706999034861731,3.628251815374991,13.29436807867886
0.8394912307894628,0.14930672973093836,0.6581783563818775,3.533273272192499,10.830299816296222
0.7965047066574569,0.15017306064875183,0.6312435670769749,3.533273272192499,10.830299816296222
0.7378504235844956,0.20425069470636145,0.6142429100481972,3.4140578237809898,8.817874810939319
0.75493149775106,0.18966927873768577,0.6237797829970415,3.4140578237809898,8.817874810939319
0.768361192012701,0.2596910517123754,0.6717096215049454,4.3762760780422125,7.104808769194775
0.7901578155135026,0.32875806053316037,0.7292845101816767,4.340195621520856,5.336626725678177
0.8453363279522046,0.3186352753995144,0.7559152806888415,4.340195621520856,5.336626725678177
0.8719987858955185,0.4136751627544667,0.7957531379570713,5.260999837137271,3.4476229851708946
0.888630326499207,0.40115627297845713,0.8106237468783241,5.260999837137271,3.4476229851708946
0.8942538177034087,0.49481916146290444,0.8379990394816367,3.261767835061349,1.351125215459405
-0.20981547208013196,0.6257050725462651,0.8517091724425653,0.9474496039070925,-1.9798496489150759
-0.23528496818897848,0.6279573803135136,0.8595335858582247,0.9474496039070925,-1.9798496489150759
-0.14653238028176607,0.670529833067299,0.8865746462942549,3.1847981726098213,-3.7904981939337152
-0.15986284114767202,0.5914718889851402,0.9059981555667305,3.1847981726098213,-3.7904981939337152
-0.013659341465383501,0.6510390433035551,0.959870203726429,1.3864429554307733,-5.668289775850486
0.16780061913872213,0.7727036537850163,1.024833932436305,1.5929196382689144,-7.743500656545501
0.20775869563748733,0.7526681695371699,1.0584724262120722,1.5929196382689144,-7.743500656545501
0.3407952114661611,0.8008361194059461,1.1001028483580282,1.797087579326032,-27.54442673916249
0.31113268281941187,0.7751736375911018,1.1517753130262378,1.797087579326032,-27.54442673916249
0.4116153221353387,0.7775171196508371,1.1466212017437678,1.9393939410418461,-28.77457814621753
0.4563093091746721,0.7643025299852562,1.0627347632844286,1.773196753145732,-30.11655370200939
0.44073217231411116,0.7082042833015169,1.076367451002009,1.773196753145732,-30.11655370200939
0.45021681165372185,0.6826173543416255,1.0131164191871411,1.6025807219503463,-31.341818259051216
0.43120870755272633,0.6229071862934548,1.0264330355597724,1.6025807219503463,-31.341818259051216
0.42781698173516447,0.599864990898787,1.0014287821203671,3.500864406027394,-32.38240807258334
0.42056172403375086,0.5525989020219645,1.003186525310098,3.503679116014623,-32.945852537894766
0.4056333847635682,0.49918932448821873,1.002410531090948,3.503679116014623,-32.945852537894766
0.4060792036521143,0.5099858905532427,0.9934822562847911,1.495211206512506,-33.6884448654409
0.3672532201342471,0.5171690887624496,0.9858177388926428,1.4759857562778462,-34.38271044101239
0.3241964814163054,0.47631632508381627,0.9724403045805157,1.4759857562778462,-34.38271044101239
0.27579297368223155,0.42402369058256995,0.965167822731662,1.4737183539105345,-16.73043749310443
0.33262462590853503,0.3861237866394883,0.9518275611260498,1.4737183539105345,-16.73043749310443
0.3571376870017062,0.41241709445646346,1.0264777157993614,1.5203070863463308,-17.174924881374075
0.41041269470709413,0.4136758998212916,1.0646131052729357,1.5328621163709952,-17.212586350818775
0.46956391569563494,0.4276922019564604,1.0861286686372502,1.5328621163709952,-17.212586350818775
0.5419351938366183,0.4694524679822384,1.1113248832722,3.5688005183032185,-35.55824262328706
0.5067237403805583,0.4728994680561348,1.1320975277435803,3.5688005183032185,-35.55824262328706
0.49209664690301025,0.4812346518608611,1.1219955593482775,3.434608976263008,-35.75788012692552
0.4699613815224982,0.5326420353386006,1.1401695457499472,3.552743378708988,-36.00938432515865
0.39824012886192484,0.5169500620149997,1.104087509174648,3.552743378708988,-36.00938432515865
0.273872986160674,0.5137454114710372,1.1080177889693892,1.7599984031012816,-36.244585871417776
0.20525664115654318,0.497357997954753,1.0779458747939181,1.7599984031012816,-36.244585871417776
0.03241615665190822,0.4621133551832275,1.096500902314677,1.6329495918411743,-36.052113379302256
-0.009206177814130356,0.4033241319362697,1.0863069813701287,1.6423174203536908,-36.067635536496795
-0.0014095281336383714,0.36474065195915095,1.0901985760980488,1.6423174203536908,-36.067635536496795
-0.36179247881286236,0.32878603918072735,1.1337222206501383,0.9138491673238032,-36.12915377434314
-0.30925309684809277,0.3053337438832897,1.1621588902318336,0.9276862063498585,-35.99002072244709
-0.2504258241977897,0.2888882870420606,1.190852280072713,0.9276862063498585,-35.99002072244709
-0.5468950470378242,0.2379949697511088,1.227817227768988,2.238865134147969,-35.54365003745568
-0.5089163402880224,0.21765352336528343,1.2554122802326892,2.200249177814569,-35.47127133584672
-0.45981483341603524,0.21707470137357832,1.2801371297145903,2.200249177814569,-35.47127133584672
-0.4264894891275747,0.16178259126217753,1.2992029343694629,0.23762706772886988,-33.78421688464828
-0.4080656415890902,0.18461811555510033,1.3092541933074682,0.23762706772886988,-33.78421688464828
-0.41102129953275024,0.13258932820834235,1.3204050946510222,0.2777784857196979,-32.42376759417032
-0.40606468242660365,0.0527930020322922,1.3259612430093808,0.34834760526559805,-31.12317061374817
-0.3847966206957124,0.05535847407444461,1.3412839118523834,0.34834760526559805,-31.12317061374817
-0.3187127819932382,0.062280215814244366,1.3629902574418817,0.4318917230533774,-13.07844571327739
-0.22292325536027763,0.07902222732616648,1.3647973342047846,0.4318917230533774,-13.07844571327739
-0.16712662610101656,0.036162266585981984,1.4087940817843214,2.4902422250961065,-11.086217899306842
-0.07933753075124295,0.07201504500866474,1.4197059215588397,2.5386188597445476,-11.257900094528068
-0.04815757263382568,0.1295496408464395,1.4281855833352861,2.5386188597445476,-11.257900094528068
-0.02608921379989418,0.21869956979091332,1.42245078526544,0.5440841481180505,-20.986941300961043
-0.05947251969848824,0.3151295725822125,1.4127252398366763,0.5849783075617885,-21.473501607750705
-0.12104070435965275,0.3484500935268021,1.3708289550823494,0.5849783075617885,-21.473501607750705
-0.1844980676286221,0.32278713903638,1.3493535397465304,0.667515534971638,-29.16834164163288
-0.251211739689551,0.3266765349763704,1.3389679388910738,0.667515534971638,-29.16834164163288
-0.275773594419368,0.3134874297335625,1.3211636564183693,0.6810719129583105,-11.15081003439622
-0.20905718823528951,0.2990537403072582,1.305332560606364,0.7325280149830578,-10.87825149944822
-0.18253702652032577,0.31762059324112224,1.3393687426451162,0.7325280149830578,-10.87825149944822
-0.12912997450581298,0.32729800337100123,1.3564925579064901,2.734407826197485,-10.827698145690393
-0.09408705793530031,0.33793199152217224,1.3698057937425956,2.735613065706784,-10.814965495118788
-0.06603373962057088,0.3676031932609872,1.3741857480031365,2.735613065706784,-10.814965495118788
-0.04856480072223435,0.44660014356965605,1.3744668116482874,2.7293716223722932,-11.229774159183181
-0.04026978480347729,0.5272366969927526,1.3818775431354773,2.8494375331594988,-12.044298984832231
-0.09123920242864533,0.5526093394253508,1.3531179195562923,2.8494375331594988,-12.044298984832231
-0.08969014432664679,0.6410651169703134,1.3611238784782964,3.043501340658101,-13.262384772145325
-0.15482745863813324,0.6511375533892817,1.3278211074220807,3.043501340658101,-13.262384772145325
-0.11623375327031094,0.7413978793154689,1.3337951532422458,3.2940378871175833,-32.83603661819862
-0.1265358092429245,0.8493728389920332,1.3645643773069822,3.557324249154747,-34.99801565866994
-0.20022941393732852,0.8041439839724145,1.3052826093460403,3.557324249154747,-34.99801565866994
-0.15630715619141144,0.45699410407619767,1.2723924001936058,2.007621598760318,-28.0229334692534
-0.1810530345283804,0.42251495880466017,1.2443061808569074,2.007621598760318,-28.0229334692534
-0.0965541135966379,0.267830065664895,1.1389046500059605,2.0214173140735996,-26.220874251139605
-0.04903427147851869,0.24122542311159978,0.9125494345550785,1.4803054034875345,-28.696946605386678
-0.017138961102522443,0.20796387103037284,0.9385897973477131,1.4803054034875345,-28.696946605386678
0.04294945613264978,0.23684814901928986,0.8006979313846811,1.0151827840684104,-31.23163888071953
0.09426399743291924,0.21046312936324507,0.8374041357984565,1.0151827840684104,-31.23163888071953
0.1564945092034613,0.23142505064990104,0.8450188426304248,0.9109426985690057,-14.349093494488702
0.189613039810689,0.24079165198860464,0.9045674739003092,0.8224488612289909,-14.637191094767067
0.2706507734377577,0.26308993930445457,0.9704910043869139,0.8224488612289909,-14.637191094767067
0.24796400651411282,0.29248135779284967,1.059788385218967,0.7166594356388756,-14.655679802029969
0.22665727673337926,0.38713965675875683,1.1457574629976688,0.6310470678444418,-15.73676382699105
0.27184858267361783,0.4241189061431957,1.1735462236830907,0.6310470678444418,-15.73676382699105
0.3283162832571716,0.5041959149718471,1.2415228081505063,0.7970935885515207,-34.364405848345356
0.2742100486382226,0.5286467579373864,1.2689963365044392,0.7970935885515207,-34.364405848345356
0.2875366988582965,0.5514866463978979,1.2706194010485177,0.929254389409635,-34.774877750849676
0.1929546600205377,0.5517561511590661,1.2678797507278952,0.8501439735407619,-34.80906561547657
0.1492690741241347,0.5324984869202583,1.2569434366019636,0.8501439735407619,-34.80906561547657
-0.05593528546057647,0.5074890756753719,1.274244886220944,2.575606189801027,-34.74058481203945
-0.0951524296892563,0.4634516073623023,1.2614593377803909,2.575606189801027,-34.74058481203945
-0.3033896473040629,0.42393917136939696,1.2529826686921917,1.0223276503878247,-34.65464224609413
-1.6579324012487429,0.3766731716157601,1.2690325279079682,-1.6397326718642682,-34.36213392967303
-1.6823500190436735,0.3740676065880745,1.2656191452060919,-1.6397326718642682,-34.36213392967303
-1.420692077028455,0.26134113227045264,1.2694464712541478,-1.7954966596501076,-32.622252202275256
-1.4132045609796666,0.19986761179543244,1.2874712457687443,-1.7954966596501076,-32.622252202275256
-1.2074116101895185,0.07175266440359218,1.3335510762455327,0.5576331918644251,-30.2069687256123
-0.9704715958252575,0.03724038797369,1.3733108710522264,0.850788534705281,-30.105329618148822
-0.8764905093811621,0.036514454355907056,1.4202248894215652,0.850788534705281,-30.105329618148822
-0.5604223244232234,0.07912329095487147,1.4234230137628654,-0.7759335933815281,-30.162656386652056
-0.5226004193352662,0.11770204720676902,1.444911760652215,-0.7759335933815281,-30.162656386652056
-0.520794577884063,-1.701089621248804,1.4166637930918649,0.30303300018786317,13.20394769572647
0.944836667405997,-1.4888157773204949,1.3244671639288015,2.8080149834426535,9.261207794362807
0.9588276582301534,-1.419779154544875,1.388677480018783,2.8080149834426535,9.261207794362807
1.2559995119426923,-1.2410471469121218,1.3282907894098428,3.083244887826644,21.845390884726395
1.3135063460215084,-1.1088218425511867,1.297811511130202,3.083244887826644,21.845390884726395
1.3986531198497532,-0.9230067546989748,1.2244582599309815,5.170284763141266,20.22698303281435
1.3956674355961107,-0.7944836574206746,1.1587387772864126,5.286494409433927,19.5293859711293
1.2924369241656708,-0.6960944224046446,1.0785298478369554,5.286494409433927,19.5293859711293
1.2002552002995437,-0.535828204332699,0.9801795143697164,5.25933196933506,18.452611600673375
1.0570887823966424,-0.45967975929686994,0.8839617639291814,5.25933196933506,18.452611600673375
0.9215944750398708,-0.3131099961187922,0.7748578219062996,3.1734147286904726,16.357688976282795
0.8119399474258217,-0.15005679507428102,0.6967904142988678,3.124478688873162,13.988931618549188
0.7170123982814661,-0.12652802269989527,0.6342721814713357,3.124478688873162,13.988931618549188
0.6629094768796308,-0.029130621977431437,0.5899916893581291,5.0749399586816155,11.485412424700161
0.6503597442288306,0.04523661634280801,0.5579929410029627,4.9862184837725145,9.448808087981527
0.6722575339175038,0.04322080160249575,0.5515613907459407,4.9862184837725145,9.448808087981527
0.7277828175995471,0.18539693993396514,0.542606254973238,2.893779051984162,6.817475686659026
0.7522033163833681,0.20588096612118942,0.5535136081641288,2.893779051984162,6.817475686659026
0.7790060706584879,0.2960178699763539,0.5580192529256919,4.827695654743629,4.785451885649447
0.7792568017153717,0.3461655497758014,0.5684824375846107,4.771940218225755,2.6447625363326237
0.8079985619406711,0.332260876392814,0.5848602579797865,4.771940218225755,2.6447625363326237
0.8549054969078465,0.447998702202082,-1.6267372399355078,-3.2052532981727,-15.577946153160127
0.8324771449303643,0.4963259127547409,-1.5730263821625798,-3.2052532981727,-15.577946153160127
0.852595541204175,0.5387335010243114,-1.5953632648963483,-1.3476942143858874,-17.71705857765403
0.8171515090248282,0.4644184664450005,-1.573642778222968,-1.4722162026219696,-19.85955729417378
0.935189051779026,0.3959980326801238,-1.483268292528926,-1.4722162026219696,-19.85955729417378
1.1066197540317055,0.4548054511802637,-1.4483653120954623,-3.7136871912895293,-17.16264967832436
1.2824923726945778,0.435329111821938,-1.3381522137060178,-3.7136871912895293,-17.16264967832436
1.460106940319996,0.5001564769197304,-1.1761363826334381,-3.593656389774496,-6.30030300731811
1.6166193608448818,0.5222095564907584,-0.9846413423031668,-3.3841583258516765,-6.950535526211496
1.7587614055116465,0.5339348588519861,-0.8649269390103839,-3.3841583258516765,-6.950535526211496
1.84847387598006,0.5900889974987229,-0.5015599739301003,-2.771673199279674,-5.599367241191292
1.9444313059259597,0.6186218843604188,-0.4290783566003116,-2.771673199279674,-5.599367241191292
1.8921836144006614,0.6883955096930261,-0.13341512386996274,-2.3695962072890864,-4.6861960242152385
1.8479141363013851,0.756677527729493,0.059855730755401404,-2.093640748617502,-4.1753963005134445
1.8286214835608416,0.7904705871794042,0.0721827930908654,-2.093640748617502,-4.1753963005134445
1.752190294347705,0.8522426479750095,0.16620324785709523,0.07790536642379164,-4.0819103008046085
1.6796977570938494,0.8632397453529115,0.14152131020247932,0.07790536642379164,-4.0819103008046085
1.5877007414690176,0.8858003422359226,0.21909667527398835,-1.6322047178495904,-3.3794356999545663
1.490045074060359,0.9722797355741144,0.35242994744390455,-1.2422577202130103,-2.872250547247063
1.3826228590359544,0.9795272649453703,0.30350782324545633,-1.2422577202130103,-2.872250547247063
1.2711802312849938,0.9601263795765116,0.3750792985974233,-0.9330299624697189,-19.918033691213367
1.1466641829033444,0.9509826086053237,0.4206083616211846,-0.7545518927139105,-19.487656687604183
1.078339478554685,0.9084075744721876,0.3631271391404323,-0.7545518927139105,-19.487656687604183
1.019375755592123,0.8826803204623302,0.3694329417306272,1.337562650893438,-12.444430290950955
0.9982942601698392,0.8290824714549274,0.33408405595619,1.337562650893438,-12.444430290950955
0.99200677316326,0.8242134219347632,0.37150599698992604,1.4896896994103175,-1.4640381864910879
1.067314635847839,0.8265370894885573,0.44196699596452693,1.8313324526151695,-0.7399233807709216
1.0483579338157205,0.8264813012303789,0.43119185408094235,1.8313324526151695,-0.7399233807709216
1.095555688251649,-0.9979456663261792,0.5931399091001731,3.6304118015771056,41.01432442157926
1.2712432307908157,-0.2130038275505159,0.7105657505404216,3.786383140061484,25.38747665966051
1.2231810749930005,-0.13196602283030434,0.7501706392505934,3.786383140061484,25.38747665966051
1.2888753340329766,0.4814240544414483,0.870309612852596,3.7790755283100674,14.568977096711427
1.1995633989497252,0.5564007311603754,0.8306135998983986,3.7790755283100674,14.568977096711427
0.9264188573336158,0.9864638683218074,0.9425957139908694,1.8511949797457428,-10.735282304133868
-0.6499300126519274,1.3308427431189436,1.1001084427029648,-0.7073139313845465,-17.055863868383227
-0.7650079772590965,1.3231664246978363,1.0211540068385399,-0.7073139313845465,-17.055863868383227
0.08322662326944918,1.4671364990053741,1.1219490798292107,2.3104615256388765,-37.66678345375672
0.37296980809472813,1.4664532648554345,1.2258890898684318,3.3598008486173496,-39.40185143905124
0.37102050408752785,1.3453797059892871,1.2042031134023072,3.3598008486173496,-39.40185143905124
0.5823241094607438,1.3635347800159239,1.2929372440612512,3.6765025672273923,-40.541193411083974
0.5959271683955756,1.2802958680384053,1.301466084564617,3.6765025672273923,-40.541193411083974
0.5975624228070106,1.2344628359817729,1.3741590221444548,3.853147505642606,-41.035941953364755
0.5786741588127619,1.1720306114364711,1.4178180935298448,3.7759441151583797,-41.243713566700265
0.5502962551740445,1.08533623741237,1.4109871399691463,3.7759441151583797,-41.243713566700265
0.5204656156667489,1.0057799222548804,1.4055285804833404,3.835486715388484,-41.23714307595037
-2.8650411851615245,0.9147989427364903,1.4188999739389156,-2.994423643539599,-43.47540919167672
-2.8698610218473166,0.896432386813106,1.4359094182439582,-2.994423643539599,-43.47540919167672
-2.9510108374640445,0.8294069560412094,1.4591405154327224,-2.777174686815939,-25.551390463400782
-2.8640796280058645,0.4962804209748096,1.482523770404894,-2.634746283963635,-21.494852215317877
-2.6839132921910602,0.46594260630641293,1.5943731955582685,-2.634746283963635,-21.494852215317877
-2.4560274933366757,0.4584765500734045,1.7072226014151943,-3.519969857265811,-21.516350610395882
-2.223040246923129,0.4906647412231617,1.823284348359718,-3.519969857265811,-21.516350610395882
-2.019954312656578,0.5377305004629678,1.9300503911706643,-3.519969857265811,-21.516350610395882
0.42571461872075944,0.5840720134005255,2.016271981766201,2.4618223897886518,-19.73019418283786
0.5335350087826409,0.598334635206868,2.0695562939120937,2.4618223897886518,-19.73019418283786
0.5823271887673822,0.6614709675112236,2.100098038605013,2.645558567667483,-19.73579279081616
0.6655173356480344,0.8014609171308114,2.09183189222304,2.752246580917352,-19.718868563449263
0.5452110625060459,0.8640765234111025,2.0339983356206677,2.752246580917352,-19.718868563449263
0.43687045414254333,0.9102995820357125,1.943456374696596,2.910484919923112,-23.279665485328376
0.3211614748614826,0.9311711924185799,1.843018921231936,3.1145233974956845,-23.218784170142342
0.11368371023195911,0.925079181220208,1.7321260000552532,3.1145233974956845,-23.218784170142342
0.010928523200993356,-1.9992982198732494,1.6283863085543362,5.21727340996531,34.27637836972821
0.052590628985481724,-2.0194123691168273,1.480436716831459,5.21727340996531,34.27637836972821
0.003188241002933301,-2.000300966311841,1.4449172303328983,3.523432746923456,45.65686816857229
0.4004614300642606,-1.8401176887716097,1.2839526297681556,3.822567481103155,43.780919815780834
0.4148520169022782,-1.7224478839982067,1.2642502054910656,3.822567481103155,43.780919815780834
0.6490226912561476,-1.5489265918629598,1.1046979555028542,3.895107760886214,41.36583656602001
0.7563207890778908,-1.3458522434136562,0.9602114007792011,3.706897166669213,38.8870016044557
0.77282570547651,-1.2295370852430523,0.9322013150197186,3.706897166669213,38.8870016044557
0.8626089709353197,-1.0589838316984441,0.9047581245526405,5.1400094518736505,44.70559528134953
0.9409275906170476,-0.8821392244559723,0.8733767342023041,5.193066864611174,42.73826176147972
0.9460109658807749,-0.7872003910233349,0.8611167111000212,5.193066864611174,42.73826176147972
0.9734695475687611,-0.5939023965742126,0.6321187257969652,3.287085544092899,44.5511155858525
0.9707262793651016,-0.4997833070507405,0.6116437548053351,3.287085544092899,44.5511155858525
0.9570959205275901,-0.32917093207413317,0.6879500986781472,3.4647681782183932,30.469727845223257
0.8396338526387059,-0.22850601350982025,0.7538231095076938,3.4904153026628846,29.218016682049655
0.7972755010726245,-0.1484819829445203,0.7407388061255,3.3974125638832025,27.870381564270975
0.7874700384408347,-0.12719083032827727,0.7458937450048696,3.3974125638832025,27.870381564270975
0.7933118777332402,-0.08426102963613624,0.768862190968589,5.407496013303019,27.142278146474677
0.7970616635888548,-0.10097199631911824,0.776559314870953,5.407496013303019,27.142278146474677
0.7992699854468288,-0.05376934896233254,0.7806363933467471,5.203961141120314,25.97267433557534
0.7922099510436769,0.056768549860538364,0.7896213798165318,5.1214045046946834,24.058426489758414
0.7605319773252468,0.051701820656018804,0.782308012615125,5.1214045046946834,24.058426489758414
0.7190274012886162,0.13593498827050876,0.7531600036350042,5.122674303032542,21.777990863157978
0.6657727742178473,0.2474387000830366,0.7263503713458849,5.004476192632967,18.806281310070517
0.6125046025839622,0.22175132799202923,0.7111746468264551,5.004476192632967,18.806281310070517
0.5770829713272807,0.31737296421805583,0.6696914696013164,4.921346144593415,15.83319087339991
0.5354195221547973,0.4478087786168148,0.6380849998331666,4.756887354964295,12.03944102138866
0.5001989947745235,0.4092651995590447,0.6311422836773674,4.756887354964295,12.03944102138866
0.49096705259792395,0.5297069157200585,0.6230977318401553,3.236274138923754,8.42407189189721
0.4744031588608988,0.4981721730158167,0.6334617305153064,3.236274138923754,8.42407189189721
0.48134025000982417,0.6259795209641702,0.5973452465356085,2.4445800870811283,4.264457024766877
-0.6576717850567267,0.7269094653929096,0.6209298135055461,-0.00475816795729278,-0.15722309199502993
-0.6184299198330052,0.6955405612589672,0.6627665624281166,-0.00475816795729278,-0.15722309199502993
-0.3687258590362059,0.7866995396565053,0.6770056008294054,0.20893813557148766,-3.5534004730209725
-0.12205776028914272,0.8475834399879407,0.7406057449436194,0.4985618229457103,-6.517653191526988
-0.01808633707085444,0.7965806787911618,0.8157579061291684,0.4985618229457103,-6.517653191526988
0.24824270344295843,0.8825545347170626,0.8726957432041588,0.6850169003609592,-9.242596467870229
0.34243102284885196,0.8550973998666789,0.9471796148468977,0.6850169003609592,-9.242596467870229
0.5748377504462203,0.9457985763935127,1.010331974838651,0.9447081486518996,-29.682686881476133
0.6771443567857685,1.0171525470774434,1.1217723383491078,1.2558649694755495,-31.470404439847023
0.6674847005536946,0.954105817652719,1.1222534845739804,1.2558649694755495,-31.470404439847023
0.7373835552866483,0.9700353667625287,1.133604698361451,1.4545672224664337,-32.83501101726429
0.7304649338998218,0.967027809312573,1.1344536414199171,1.515244737811435,-34.17199693765214
0.6642066943369132,0.8924962920541886,1.1286248366388287,1.515244737811435,-34.17199693765214
0.6068146583474832,0.8636979511951142,1.1380518104060373,1.5459129635111166,-35.0204900331013
0.5470679715382327,0.7893285886524131,1.1280231212489156,1.5459129635111166,-35.0204900331013
0.5018479743837118,0.7496448695094123,1.1547998182466641,1.6341667431258218,-35.48979698152877
0.46073029916583685,0.7026370884716968,1.1783771448677074,3.606872361055691,-35.740174194298945
0.4235783297663689,0.6226460393809026,1.1618570475690655,3.606872361055691,-35.740174194298945
0.37552882323870107,0.598210194632637,1.18502754665688,3.672312838555042,-36.19065127448424
0.32890679715619187,0.5955506507649422,1.2203831742489717,3.7551925887574056,-36.31749562776503
0.2770571242206432,0.5508422148521201,1.1873897881458575,3.7551925887574056,-36.31749562776503
0.11738595595732582,0.5144147563744178,1.2036985734776784,3.7140446644326177,-36.13053933461818
0.0607134012899635,0.4752420410252455,1.2166934103107545,3.8464651599109843,-35.79432502412739
0.010466878028663307,0.43392981487081916,1.1808973245096033,3.8464651599109843,-35.79432502412739
-0.757163708095664,0.29853991906345434,1.1752894659760664,2.382007648683369,-34.04637433152123
-0.7722839965332424,0.27753244981648895,1.1521634434526127,2.382007648683369,-34.04637433152123
-0.807254172996309,0.2501686128552796,1.136409155442985,2.299272428616897,-34.09663347235839
-0.7601208909352147,-0.6158032883138886,1.0256975455249389,2.637294925318198,-16.652068442241184
-0.6646408900761744,-0.6336564703280263,1.016563990088985,2.637294925318198,-16.652068442241184
-1.568641609636713,-0.5550843758161927,0.74391939699435,-2.0777546989714333,-3.0353318104320857
-1.4066850797310093,-0.6452201012112952,0.37185473740518615,-3.0432644681136765,-2.477270246540181
-1.2866909984902806,-0.5732649775506521,0.44538542688845945,-3.0432644681136765,-2.477270246540181
1.23014931676055,-1.2507644691609137,0.5508219773555958,2.4519611411449844,32.71103622284849
1.4986385565394282,-1.2261449465187528,0.5855743719004498,2.4519611411449844,32.71103622284849
1.7794099175010434,-0.8649004241843106,0.8160601342367029,2.7554218589346515,28.716608153032176
2.000303927600962,0.3969052037986889,1.0086773979062604,2.429075322056204,6.3835454020075275
1.9925437336067517,0.5590832723917567,1.0387606587161247,2.429075322056204,6.3835454020075275
-0.231778835379144,0.866383185247438,1.1031278652138707,-1.859467068587176,-24.16728960424148
-0.10075597601499592,1.1164454395197476,1.219213052196429,-0.8888250702256881,-25.760467228552702
-0.26494466830703134,1.115967428179065,1.1242350659916847,-0.8888250702256881,-25.760467228552702
-0.21161705757289342,1.142621616134691,1.15494894376378,-0.22331632699598858,-19.4360122685653
-0.26483044116722665,1.1001466631697825,1.1314094880037993,-0.22331632699598858,-19.4360122685653
-0.2905777008995558,1.1279471762094169,1.1959615873577902,-0.13814197781790538,-38.734731602990095
-0.3288220720576262,1.1471308389143018,1.2884642847643204,-0.034554085911148835,-39.82087158549969
-0.32133486021722385,1.0718263999979878,1.2849980609129112,-0.034554085911148835,-39.82087158549969
0.8992034793788518,1.0492439268163634,1.3554689600571952,2.5850071051424006,-39.31700192873649
0.9004458380453688,1.0055228671183922,1.3969026114314305,2.6347274839595567,-40.05921201613222
0.8958398697404417,0.9399529241086216,1.4085808553628374,2.6347274839595567,-40.05921201613222
-0.09120331280007277,0.9185905290071155,1.4366268551196046,1.5421411741916407,-40.774367270204976
-0.13833635175325093,0.8752642807095357,1.426261070545825,1.5421411741916407,-40.774367270204976
-0.2139135891421154,0.8645791945251797,1.441034951130712,2.697652943994276,-41.486378125847864
-0.3176126505514367,0.8179801400786013,1.459192192633203,2.7360743490332675,-41.906826591379385
-0.3702787667234557,0.7595695868414993,1.4362210409303635,2.7360743490332675,-41.906826591379385
-0.44305564653007856,0.7552372763929813,1.4918039789110145,2.8266660512888855,-42.13581097017231
-0.5879797660817717,0.7058402988053972,1.5263496445475386,2.774988770493266,-41.750401198538334
-0.6234997163818147,0.6624292088132402,1.501687614342621,2.774988770493266,-41.750401198538334
-0.6536619582423963,-0.4082892282388988,1.5106268975797779,3.513716340186452,-18.734719889367415
-0.5994471492616071,-0.44304882337893514,1.4680512994105248,3.513716340186452,-18.734719889367415
-1.303057414219376,-0.5518028609786181,1.4190655841559487,-0.04598505579554457,0.857365181108595
0.3965736894877614,-0.8340280848565178,0.6048472947115667,1.275649838896408,3.739735705565397
0.4613696407126252,-0.7780619491455735,0.638142044213718,1.275649838896408,3.739735705565397
0.7828011612597483,-1.057533828159395,0.6309101246704871,1.9357533918903638,10.349459787976913
1.050166008215528,-1.0886931044535801,0.6554316849747968,2.3130785709697834,13.1918940056256
1.1477322088725792,-0.9906363447749953,0.6808455677926595,2.3130785709697834,13.1918940056256
1.3263763749299982,-0.9692372069975731,0.7284160310543015,2.6531673803981732,33.255263969013875
1.5237478877444033,-0.6196823468843312,0.7686722446544486,2.828187221694388,28.610749957622247
1.5434430532536325,-0.48122206468187634,0.7942569035190705,2.828187221694388,28.610749957622247
1.626123514416904,0.11704623519116009,0.8868319970404646,2.943035442546079,19.17131176575926
1.5763602584487963,0.23376164354513318,0.8720108778100144,2.943035442546079,19.17131176575926
1.5320443404469792,0.637801080398561,0.9275680964115531,3.0194641260082786,-4.175777364391988
1.3396458720422826,0.9092787068017666,0.9903228848151424,3.011396752756349,-8.079308707088678
1.2346018854935152,0.9210590933395041,0.9160955444729979,3.011396752756349,-8.079308707088678
-4.277897591076589,1.030896860526549,0.9190648127599289,-8.038947402439138,-15.292413979855718
-4.340907703543353,1.0931935105910169,0.9331914884098909,-8.038947402439138,-15.292413979855718
-2.828870604530393,1.1074204396303617,0.9909348668548423,-4.86918711572415,-15.209441480602079
-2.3617698402300595,0.9310585281984998,1.078409565132093,-3.847119010913544,-33.75743173761471
-2.213189061456101,0.8443558280695216,1.2284252871930201,-3.847119010913544,-33.75743173761471
-1.6310044576262683,0.8066605489427908,1.361086861024694,-1.1851809946069665,-33.50368992521388
-1.7743191597634684,0.7281301743684405,1.4947929612386106,-1.8854289500759802,-33.04259711571774
-1.6061668998273746,0.7040863935928812,1.6049082233302046,-1.8854289500759802,-33.04259711571774
-1.4887350504513288,0.6527653607526168,1.695477240602933,-3.8359453679096296,-31.585008214477618
-1.4572729988143354,0.6420888203143427,1.751736467685161,-3.8359453679096296,-31.585008214477618
-3.712003507610897,0.5266157045140776,1.791190687822501,-8.389737556760895,-31.25717475993555
-3.740523905290976,0.40755168351405735,1.8301805535878237,-8.329298447806213,-23.051492822586503
-3.7171373877796308,0.3798101230003267,1.8704239911652774,-8.329298447806213,-23.051492822586503
-3.7127561907201563,0.30387654672432596,1.935334947779945,-8.337281880039146,-8.17490135680342
-3.5561779854255318,0.0750638490226927,1.9886437120397495,-8.239930523401387,-3.5322508810152673
-3.3991821098000723,0.10386982521222743,2.099415292584707,-8.239930523401387,-3.5322508810152673
-3.2303830650845105,0.12065345837078945,2.1937862861561443,-6.235359484243511,-5.773030714714957
-3.1014382030289114,0.18335382956024882,2.2760272333757205,-6.238336967233118,-6.045913854694518
-3.0067483927761454,0.2546004865253214,2.3315211615435762,-6.238336967233118,-6.045913854694518
-2.949888398377054,0.4043060177996628,2.3895162956340754,-6.210437215094779,-6.967637736328899
-2.9680228244207547,0.4760054817074735,2.3978024857901863,-6.210437215094779,-6.967637736328899
-3.0221215155354235,0.5351768108510069,2.426136381311748,-8.101329038962653,-1.8994556451227274
-3.0754918178795663,0.7428961231285919,2.443056993481205,-8.094803763488544,-4.815798779212754
-3.155179292830506,0.7852128843611903,2.4353838794701135,-8.094803763488544,-4.815798779212754
-3.2219390148818516,0.9163587853777646,2.4636595701931365,-8.054005294699682,-12.150847555718988
-3.275308514486694,1.0546476638978102,2.503512546899496,-8.041417525328155,-14.602630258011327
-3.2970147212477228,1.055534586782792,2.500372266653098,-8.041417525328155,-14.602630258011327
-3.303036964144145,1.124011532159046,2.539109589885702,-7.999036740300161,-23.1726175841735
-3.3268552020350346,1.118464166891975,2.560538977348256,-7.999036740300161,-23.1726175841735
-3.323719664554461,1.096715108818057,2.5866018337562595,-6.465514792517914,-15.518066440354646
-3.305341029764365,1.0440274309258017,2.5924398117433354,-6.442954077461531,-14.907205579270583
-3.2964983135078247,1.035972075546385,2.612732873659202,-6.442954077461531,-14.907205579270583
-3.278191875149146,1.048627367940731,2.621720873197818,-5.9159073335180725,-15.118881189212411
-3.296557648457347,1.0426545621509848,2.6659900680033894,-5.788170752295965,-14.774905800124353
-3.3266178940558673,1.0390220364573908,2.6527897677284558,-5.788170752295965,-14.774905800124353
-3.3658212253008033,1.202499611733323,2.671432755183303,-7.79452214181832,-36.05191640347175
-3.480802452290774,1.237804441689341,2.7078369278542094,-7.726495554715598,-36.50033712656186
-3.550776103812306,1.1891458051526635,2.6577573085027595,-7.726495554715598,-36.50033712656186
-3.639538456307128,1.119867893059484,2.6408600497743056,-7.726495554715598,-36.50033712656186
-3.664742746887855,1.0594937945780027,2.6391264918239203,-7.726495554715598,-36.50033712656186
1.4325829592286132,-3.090516788345572,2.544334080494501,5.087959106998879,57.17111448924132
1.9551932738822204,-3.3348281012081618,2.3647236411264196,5.451948455800672,59.59482194771165
2.051862711822673,-3.2062597359078686,2.4729498006236774,5.451948455800672,59.59482194771165
2.406311098193772,-1.3605586917467574,2.349536731787844,4.54615357977558,42.491419967024754
2.320418318468361,-1.1603593350924113,2.1491947358418217,4.4736338050776725,41.892951387164146
2.0709960714309554,-1.0068020439666845,1.9377418841868947,4.4736338050776725,41.892951387164146
1.7811189720650158,-0.8874799317548914,1.7246083553831169,4.592985689931852,52.95609102895551
1.491036675806438,-0.8025045826255545,1.4999679231998466,4.592985689931852,52.95609102895551
1.232558346998764,-0.7288391769519372,1.2728390227497857,4.4908037285789115,42.652972511459545
1.000517472841751,-0.6837653372948274,1.1186201420961221,4.493464872656555,42.66013857196288
0.8499045829114666,-0.6624031463712052,0.9696287611170463,4.493464872656555,42.66013857196288
0.7510069736975444,-0.6439659515445968,0.8664811506744483,6.298044761775093,41.60816132764139
0.7082974692022612,-0.6490053926079027,0.7872066802197493,6.3109982349639875,41.6193264074641
0.7066263903060361,-0.6434585949803445,0.7297482375140032,6.3109982349639875,41.6193264074641
0.73518060663612,-0.6113949146615782,0.6970452225863477,6.512093039818653,41.6511581177974
0.7560458209194149,-0.6010612788595073,0.6642404568602878,6.512093039818653,41.6511581177974
0.7808151684713559,-0.5903505913672839,0.6424391652347792,6.528913221292266,41.68222221760719
0.7977586894084784,-0.578874954645189,0.6203134202968181,6.517415486592531,41.66549066594006
0.8132932331426254,-0.5714527936623617,0.6035328882624147,6.517415486592531,41.66549066594006
0.8288192266891002,-0.5654860771782309,0.5886379103287965,6.518871347775932,41.65992424176772
0.8422062099753972,-0.5612896437682302,0.5741612145093655,6.515004639491214,41.64002522178065
0.8525102054329246,-0.5580902237914964,0.5646917829607578,6.515004639491214,41.64002522178065
0.8658646241507673,-0.5557709555645548,0.555811492793473,6.5205773832414184,41.65493809975783
0.8743567029472817,-0.5541921918118473,0.549227987664346,6.5205773832414184,41.65493809975783
0.8820618909726458,-0.5529845143593176,0.5327445901734391,4.4913043225315645,42.61637374414738
0.9080252247550289,-0.9735575231558313,0.5362414844354548,4.788020919347068,52.306177596452855
0.9588116308980643,-0.969275346600798,0.5355044813534108,4.788020919347068,52.306177596452855
0.9888932440067919,-0.8352603689663743,0.5623547745755533,4.70151213332932,48.12706042145656
1.0403451760361182,-0.6528957736746653,0.5935193090514562,4.579698094144674,44.475197439513586
1.0915698603047956,-0.6354622215981642,0.6211613089408161,4.579698094144674,44.475197439513586
1.1243872184220096,-0.46586876989672643,0.6458394713273277,4.450886289247675,41.10116672640766
1.1447891494930085,-0.3177174005407801,0.6763930663111866,4.35670518926685,38.22119177549719
1.1659747288819233,-0.3087308554522502,0.6955699976251883,4.35670518926685,38.22119177549719
1.1625231280903923,-0.17979933139319426,0.7162937720984677,4.275806126128057,35.45105647497852
1.1612658984709658,-0.18096392401599348,0.734009491442695,4.275806126128057,35.45105647497852
1.1564001789571865,-0.08194225042281555,0.7619101183605699,6.222337272874558,33.19469997046856
1.1195703074847334,-0.0027921606112979447,0.7694562131832838,6.122930256250904,30.852699994704963
1.097368772948604,-0.020116387997609175,0.7669567932167366,6.122930256250904,30.852699994704963
1.0708054627685297,0.09355961690838666,0.7631714994970781,6.05407849886952,28.50954964074546
1.008446262159534,0.07328379983318656,0.7448133452084709,6.05407849886952,28.50954964074546
0.9356120756214176,0.1557677995876109,0.719801959992094,3.9712107540928523,26.077014644994133
0.8649217833559308,0.266330177696526,0.7050824793117423,3.880436466715894,23.273480229289213
0.8096853271692083,0.22676314944815779,0.6912237621910419,3.880436466715894,23.273480229289213
0.7609579572029387,0.2584474858789566,0.6845959326594617,3.8049498070406313,20.98447286183178
0.763113423783048,0.21120364414607762,0.6997907273364959,3.8049498070406313,20.98447286183178
0.7856745419209532,0.2658415954178913,0.7240997855980243,5.727046644327398,18.79416693352933
0.8166568775661968,0.3026886422877557,0.7552169669324065,5.6840964551786834,16.854299306089132
0.8533494871688324,0.2682185957587194,0.7752151325480553,5.6840964551786834,16.854299306089132
0.8751633144799847,0.36164729470195933,0.808531880671642,5.640395300751105,14.840934591467482
0.8638207162408402,0.33839096355673226,0.8116334738298399,5.640395300751105,14.840934591467482
0.8307760295636949,0.43082088514569505,0.8092317525121255,5.564484655443002,12.239024278070568
0.7675274175694887,0.5305428040536881,0.8033954664095552,5.4577738303007735,9.404003764027477
0.7170098559894906,0.4941092353734569,0.7870150479153347,5.4577738303007735,9.404003764027477
0.6696324658504728,0.6003367283982668,0.7719330965136451,3.3890219574940685,6.167567820860602
0.6295529482985172,0.5734358502862631,0.7683903490991527,3.3890219574940685,6.167567820860602
0.6041487243016531,0.6805396037226531,0.7664263631600617,3.263604896202125,2.78024021066396
0.5806185725272267,0.7518717092730073,0.7931631499044429,3.2122225447188786,-0.2716665074624799
0.6050728902543139,0.6999381292227264,0.8154022770807914,3.2122225447188786,-0.2716665074624799
-0.3282337798265469,0.7788147658700705,0.8453398475979733,1.1205820103445232,-21.868336425514098
-0.3370061725851652,0.7471142953560608,0.9087980754822681,1.1205820103445232,-21.868336425514098
-0.15363102109493942,0.7665782666977141,0.8763367646789326,1.2269404745026433,-24.15644780114131
-0.057854816353947736,0.7425799897898985,0.6591743107833954,0.6660929727882365,-27.413221129163325
-0.006928411634133047,0.6696264450745432,0.7136449379139601,0.6660929727882365,-27.413221129163325
0.0567499202066285,0.6481154480189941,0.6510691987299171,0.3188739001573597,-11.407698027903699
0.17658957566469835,0.582589480796436,0.6969659541468151,0.3188739001573597,-11.407698027903699
0.22069501349327336,0.5795131534999651,0.7689655954495221,0.16702823414640688,-12.148512606589053
0.27562315198460163,0.5997621541580919,0.8634884156223912,0.13395031944436786,-13.122953060956748
0.35112225931267804,0.5883702677719413,0.920223081878882,0.13395031944436786,-13.122953060956748
0.43724385282658307,0.625694013805374,1.002744843479255,0.26997803304418877,-13.770307533356243
0.47157510632413535,0.6257954280543486,1.037093300136324,0.26997803304418877,-13.770307533356243
0.5294066071645563,0.6653552407444813,1.0963530895536215,0.4271571926055966,-5.355210694534437
0.5988655103111774,0.6935741987515545,1.134163323681175,0.5791875200700258,-5.558669621623835
0.5954887490495339,0.7110396988744654,1.1527867978342654,0.5791875200700258,-5.558669621623835
0.6137471153050528,0.7511641127226286,1.1580417551566016,0.6197597590150323,-14.993808737438805
0.6085066926591969,0.7699964094636971,1.185767884572118,0.7743437329110385,-14.852111105071188
0.5711756891098629,0.7673075212214275,1.1585239678084194,0.7743437329110385,-14.852111105071188
0.5382703579495038,0.7717533242220315,1.1415103421371688,0.8094807691089949,-14.903996172855415
0.4951545256363582,0.7650628492812201,1.1225905415974142,0.8094807691089949,-14.903996172855415
0.4589939828652114,0.7542964527406364,1.106609891062574,2.8176789065227608,-14.916524094863563
0.4141085502543099,0.7288844994577782,1.085483616453709,2.805435306622947,-15.002531865255898
0.38099115562749164,0.7138944988402429,1.0632843568897177,2.805435306622947,-15.002531865255898
0.3747919135317497,0.7767474418377183,1.0813945261760054,2.918217295793805,-15.79344040739919
0.31894729065144356,0.7647735035775208,1.048411897486415,2.918217295793805,-15.79344040739919
0.3312205387780538,0.8268741474652033,1.0728672968437316,1.1781415996148636,-19.53902373879312
0.3850340400763718,0.9003345908045681,1.1117261809657293,1.5401361947778547,-20.68802795964532
0.33357774911625193,0.8701900436186185,1.081806067538527,1.5401361947778547,-20.68802795964532
0.38734311168504143,0.8740059648906335,1.114112051243179,1.844493453567246,-36.92959803051821
0.3324560656147374,0.8378390261509787,1.1245138521296836,1.844493453567246,-36.92959803051821
0.4088325654173337,0.8171819198840147,1.1449238177263545,2.1013627521525855,-19.411956768494942
0.4718992321483165,0.7828876072200058,1.1527004747636516,2.1732199369265928,-19.342644087510383
0.4997961542816698,0.7632461723737938,1.1852367970245776,2.1732199369265928,-19.342644087510383
0.5486025138882165,0.7581009486867826,1.2020028775225267,2.169532104421866,-19.66907936012708
0.5825658601314847,0.750752619765916,1.2153587002827217,2.169532104421866,-19.66907936012708
0.6093476745406805,0.759886474176108,1.2485502343999406,2.2331198515193647,-37.747082974060135
0.5605157455503944,0.7585255847562636,1.2700652324196167,2.235249914887058,-37.84321902223216
0.5426654037100053,0.7258295444365822,1.2390679897896173,2.235249914887058,-37.84321902223216
0.5130893701277488,0.701262956689256,1.2293398478065147,4.262648350168089,-37.810728187433085
0.47185677553918215,0.6474050273216942,1.208914414521721,4.262648350168089,-37.810728187433085
0.42614226586105275,0.609347371675964,1.1916286877027393,4.254307252352022,-37.8611099567362
0.4053978573781942,0.6037407473297588,1.208095492815699,4.367394767594344,-37.752779980734374
0.3475819145426331,0.5660680139324197,1.1749317632659704,4.367394767594344,-37.752779980734374
0.23359367662696462,0.5551188108063846,1.1691424312023748,4.320892795636949,-38.17671511774104
0.17360612062103675,0.5178890309631472,1.1345907582928845,4.320892795636949,-38.17671511774104
-0.02804340865859134,0.48932184758143393,1.1381359308053787,4.103563177275144,-38.27456963250752
-0.06816052583617271,0.41656207068713513,1.141400959066722,4.209044294644761,-37.25704557123429
-0.09098382004678662,0.38029666141889873,1.1177036683873882,4.209044294644761,-37.25704557123429
-0.814059721654166,0.3468265053687116,1.1024579074154093,0.747532333904843,-19.824906791306844
-0.7356211779504238,0.35491735523812973,1.0899809084204306,0.747532333904843,-19.824906791306844
-0.640112161124206,0.3674229579702115,1.107510433845372,0.7736339008720425,-19.968069265695803
-0.49222539421266465,-0.39845087383290445,1.135512211219019,1.395091937727111,-3.857098910558192
-0.31787347189098303,-0.3772916836826772,1.1722141260350458,1.395091937727111,-3.857098910558192
-0.07552616170039506,-0.2726546492430417,1.2554398136964577,1.5671306562682812,-15.397948086901629
0.13160761379924807,-0.18141659663460385,1.3202017570075584,1.7309657714128317,-15.82715817771555
0.22782213052984093,-0.12010796448950312,1.3474453481175912,1.7309657714128317,-15.82715817771555
0.3557625613431704,-0.048887659970576536,1.3291231543229218,1.7697148456662823,-23.369895077137297
0.38893570832623253,0.03671188640836631,1.280631735842093,1.6484610100025572,-24.4675192327032
0.37004447428176224,0.07109831431875968,1.2723266654817031,1.6484610100025572,-24.4675192327032
0.36565116474858717,0.12112404533519827,1.1482904978691726,1.4997166354167906,-25.8002471359274
0.3165215877021465,0.13197481387413434,1.138976474369382,1.4997166354167906,-25.8002471359274
0.27584418313034387,0.15996969614729195,0.9659902681219139,0.9563363863174175,-27.571021708201677
0.23239978551171525,0.17939679121690355,0.8805151343252442,0.7219795228776218,-28.66123454633233
0.2049923522686311,0.1679430688885143,0.8776403918644241,0.7219795228776218,-28.66123454633233
0.1745731864069613,0.14899510470624555,0.8415463645154064,0.5915407852676502,-23.08795937792716
0.19603777731050542,0.13195208358526422,0.847336189609901,0.5915407852676502,-23.08795937792716
0.20335976488270202,0.15063182083031246,0.8653432336152143,0.75320159739021,-11.633495282242462
0.2770879606796227,0.1511577630888835,0.864164017757489,0.7125383025029164,-11.810264911468549
0.32807140505919546,0.17604337403747605,0.9064114958286632,0.7125383025029164,-11.810264911468549
0.3629531486267671,0.20731843560149255,0.9234100321672252,2.4053500225448214,-12.012986066874571
0.39490819057161874,0.227411225597404,0.9375901357777563,2.4053500225448214,-12.012986066874571
0.4136825718721746,0.2985755616551047,0.9515718210661187,2.4110358007048007,-12.735895541079547
0.4524721085582993,0.41433637237389376,0.9868666070743328,2.5545570783329747,-13.701891382988517
0.4104341365811157,0.4460380838410688,0.9650929138866682,2.5545570783329747,-13.701891382988517
0.4304630044684292,0.5616894712771188,0.9827547950771024,0.4861051400811496,-17.695738986465276
0.36026992727184604,0.5952057790142249,0.9610815235139453,0.4861051400811496,-17.695738986465276
0.41423242930619164,0.6829572170158572,1.0049704002442674,1.155263510886864,-34.58704330324896
0.40428685221837624,0.7087073006038151,1.0604967091367241,1.4911720804504256,-35.58023187652675
0.37178009187503136,0.6609240451110635,1.0293710863184222,1.4911720804504256,-35.58023187652675
0.4203735970269439,0.6616329310726721,1.073228682203713,1.7385609990070643,-35.84168730203097
0.4155761334519933,0.6200119392476964,1.074499951380632,1.7385609990070643,-35.84168730203097
0.4179567795830673,0.5985220575104723,1.10466135548078,1.7951613124223007,-36.146993995303376
0.3943024715746686,0.5635560045852245,1.1377058385506513,1.7994412004894471,-36.07940968587366
0.3991144573249048,0.5243713346188332,1.1449285746069182,1.7994412004894471,-36.07940968587366
0.3816977664202572,0.4934677490490432,1.159308832066527,3.7702294763697664,-36.13521704358952
0.34705649399633187,0.4494386690135942,1.1857175772637079,3.7824929552884345,-36.04613412551379
0.33825955082048964,0.4196620467900397,1.1792067936318749,3.7824929552884345,-36.04613412551379
0.3041654211394853,0.44646944915469167,1.1988888821971666,3.797530454821242,-36.41204878184596
0.2570229935726289,0.42584137832826796,1.1730289591482317,3.797530454821242,-36.41204878184596
0.2002531014887019,0.40621021923226686,1.183077384410629,3.910045718102271,-36.17018457549439
0.13965389144388307,0.38088270109908773,1.1482551282566988,3.910045718102271,-36.17018457549439
-0.40504981097797843,0.3296449934067568,1.149612904685844,3.0125578004648936,-35.758131773298366
-1.6832893088196124,0.1699741266877257,1.122781847666307,0.5574976136276368,-33.6038180659589
-1.6955756330320313,0.16608453250324517,1.1091361257733838,0.5574976136276368,-33.6038180659589
-1.4286826021666905,0.13581304370009772,1.0905630495203988,0.14929674384759473,-14.92504402519826
-1.3382370033816415,-1.4923822081712939,0.9624933842890679,0.8192428556586875,19.213217758831835
-1.1147379899270633,-1.4639005443348692,1.0013805669856444,0.8192428556586875,19.213217758831835
0.826799474111344,-1.185810757630005,1.00254285768529,2.924785088228064,14.907812581511221
1.0205098603094132,-1.0982211047837305,1.0668513009484004,2.924785088228064,14.907812581511221
1.30578735306551,-0.7818279529865622,1.0189524358619189,2.8603193231977286,28.14877540975899
1.5125775207346055,-0.4695780392424872,0.9747441237301162,2.7543606783882923,24.6306970899686
1.531244914434657,-0.31279725793279545,0.9925004834711322,2.7543606783882923,24.6306970899686
1.5491620890989588,-0.14551511732613753,1.0994137042297039,3.1428782892905307,6.31523359728044
1.4295997467860728,-0.03366681081304937,1.0802249610943246,3.1428782892905307,6.31523359728044
1.2086419380529556,0.11485253091711606,1.1505765040546008,3.49965343562074,5.95574908296002
0.8475924429903868,0.26671873220968256,1.1586211953045664,3.109674201201617,4.240158887101671
0.7387325508348738,0.3012874994596464,1.1060202773555852,3.109674201201617,4.240158887101671
0.5310882101922572,0.4069749430761651,1.0889318015297498,2.604143484438983,2.4370149527646605
0.4540572360782883,0.40901382674349895,1.056714886078959,2.604143484438983,2.4370149527646605
0.3387760023635406,0.4760129583506155,1.0750683272725783,3.147318367532769,1.022581800452285
0.289621542222235,0.5129467703907906,1.0734492198161787,3.0897692869364866,-0.23961343520203388
0.289028230285266,0.4974176699470941,1.0728866616138102,3.0897692869364866,-0.23961343520203388
0.3078080367115779,0.5468517342170407,1.1036474772326264,4.492406732455311,-1.3190014017007334
0.3153602547510342,0.5230160852519803,1.108561401026513,4.492406732455311,-1.3190014017007334
0.35547760167007536,0.5831629927609024,1.1022840254643598,2.4842050182501447,-2.9659753809413076
0.3964441021668897,0.6839635589209716,-0.4057117572534914,-1.5469881703908224,-15.523015999672273
0.36113264496380193,0.7004771609543011,-0.37879446920520016,-1.5469881703908224,-15.523015999672273
0.3934429253335715,0.7077923760463746,-0.3218273363917335,-1.349773150414844,-15.74004543713843
0.4413903999437345,0.6786656066223604,-0.2511535848681403,-1.2078755607423257,-16.89906679583465
0.5322884610416744,0.6277743394915645,-0.1810142407646364,-1.2078755607423257,-16.89906679583465
0.7082419838460339,0.6392151372744237,-0.05605436787285062,-1.0218061964291247,-3.069831366657894
0.8911436298947951,0.6192554900388632,0.01663579023911621,-1.0218061964291247,-3.069831366657894
1.0811162680556698,0.6399140181611196,0.1974066381371114,-0.7190800111420734,-0.7228808085930218
1.260152853190987,0.6464739178961428,0.3575897184687989,-0.39681128742317107,0.1385752960819815
1.352706526170337,0.6786763184399554,0.42029847035916995,-0.39681128742317107,0.1385752960819815
1.439433729452489,0.6854899619982419,0.5253427512604327,-0.1511964219064681,1.5492541251128742
1.4629000835460042,0.7287902348293724,0.5470612885971369,-0.1511964219064681,1.5492541251128742
1.4713715796236255,0.7693105096768297,0.5912813031632795,0.30777882216791674,-15.72911921424599
1.3774359501355717,0.7545563208427447,0.602630757977545,0.35141413763099605,-14.770119067152768
1.3031427371087903,0.7497191324130867,0.5542457161889313,0.35141413763099605,-14.770119067152768
1.2073545140329187,0.7449284384862092,0.5464857275866658,2.1033924944880695,-14.418388194807827
1.1110973937201454,0.7112851033495744,0.5044894295730857,2.1033924944880695,-14.418388194807827
1.031440247502791,0.6820283277407975,0.49485653496100523,2.2030308918846786,-14.152018746238603
1.0102303902804992,0.6737559987713747,0.5032811336210797,2.427515361059787,-13.770452760513134
0.927064958897201,0.6428298007817422,0.45859232292420693,2.427515361059787,-13.770452760513134
0.9232128521376142,-1.8597788855101982,0.46996049301898446,4.2962852838545205,49.80061574030776
1.1550845926164754,-1.475741094928376,0.454848224280866,4.443383677272166,41.57177185479191
1.1440451054911005,-1.389294176708735,0.523917746239891,4.443383677272166,41.57177185479191
1.3133577663725824,-0.6235897692207025,0.6177195806151125,4.516918382036229,36.500241713702934
1.3693720237792422,0.17578805636606648,0.7683649034210537,4.684973802435629,22.42453240790568
1.2994970101529584,0.26246425885779634,0.7237453905453396,4.684973802435629,22.42453240790568
1.226464729698423,0.927397652643404,0.8349448928374044,2.7978669705231303,-7.155381575501199
1.0444124808621424,0.9918631870061249,0.8063791786458445,2.7978669705231303,-7.155381575501199
-2.9584938878251736,1.2896144092785071,0.8621510814344283,-5.01595030982628,-16.16596942650169
-3.0800482532606717,1.4798261389898992,0.9560428862328227,-4.8622016232181515,-19.337844739143726
-3.1049736274694277,1.410210491341554,0.9636913066218675,-4.8622016232181515,-19.337844739143726
-3.1006982330137385,1.3712912562976047,1.1191462348424075,-4.682061426193159,-39.3204685937652
-2.980024798638185,1.2752934334998265,1.2577986130648877,-4.682061426193159,-39.3204685937652
0.06690500394312293,1.2124215990189162,1.4403021444701236,1.2706170523383342,-38.04483052324993
0.27811523655422155,1.0685400906593578,1.573976126571836,1.2952005756285994,-37.44889548437948
0.4770684643202233,1.0055271510520079,1.6923423690653192,1.2952005756285994,-37.44889548437948
-1.6618162763293465,0.9680824278290037,1.7857780625833886,-1.4186856973993456,-37.72859197496011
-1.6342607221838787,0.9619131005870081,1.8331495570718497,-1.4186856973993456,-37.72859197496011
-1.751635458121533,0.7719788892515658,1.853702937149138,-1.4453313969709727,-34.2444106589689
-1.8064176943582195,0.6949456394686424,1.8223793441725071,-1.4262581895488964,-34.37803977832796
-1.8799028918705118,0.6465161507609158,1.8227852110366194,-1.4262581895488964,-34.37803977832796
0.2225432659984324,-2.077012488347882,1.7338910073651248,2.5078200088105183,25.811999160435285
0.3725270185413851,-2.1296654819894023,1.659036330546238,2.5078200088105183,25.811999160435285
1.0046795372227948,-2.1691229435182366,1.5917292868879223,3.451425883703201,45.841959784893966
1.4642440981619633,-2.0158167297381,1.3091256949521526,3.367697779195132,43.33970343387009
1.4628041401522547,-1.867927536300626,1.303145698686692,3.367697779195132,43.33970343387009
1.6298958811147648,-1.717559765284538,1.2366395490868392,3.736163431305214,59.84874748922031
1.602136482934507,-1.5673808814825902,1.1414886539374596,3.736163431305214,59.84874748922031
1.5968333315287018,-1.4019685899741723,0.7614583884870598,3.058452925309256,59.287915521843225
1.5248706867145483,-1.0582651336172928,0.8230266548311621,3.3297583401266975,56.12224354317129
1.4302030532930887,-0.9244830715059332,0.7426286175309201,3.3297583401266975,56.12224354317129
1.305247105480696,-0.7657251740073472,0.7741774116488536,5.505279009623429,37.769251533685726
1.1276487616182003,-0.6182924561240398,0.7186336435484423,5.364972449013396,36.294769271997666
1.0504233806354553,-0.5648812148895408,0.6260584714819729,5.364972449013396,36.294769271997666
0.9202110599045029,-0.41284477405925957,0.6940816820259019,5.542194054912167,35.52851850326337
0.8364220933177795,-0.3881528349527359,0.6319623613024756,5.542194054912167,35.52851850326337
0.7582705873931388,-0.2630045662843917,0.5826996697804379,5.244876337371314,24.0956611362813
0.6472124748957601,-0.14306313703800888,0.5002324364206459,4.986687604613336,21.07070479664716
0.5891037616138389,-0.17071626396322714,0.45555009400737345,4.986687604613336,21.07070479664716
0.5952273764113652,-0.11840274323002853,0.1548132010412867,2.519673995211079,26.110109490816694
0.604282579911051,-0.14147672742200001,0.14947897788714937,2.519673995211079,26.110109490816694
0.7572353545887276,-0.17471659994197108,0.17380948294531207,3.5757788138573146,26.211684657804238
0.88423169256367,-0.24985741722058552,0.20169995070057034,3.752807095420449,26.280467875907284
0.9749663665499215,-0.2793568937441038,0.24827713484620306,3.752807095420449,26.280467875907284
1.1426988105042666,-0.2817300189381913,-0.825628207012699,2.0939854580704282,25.569658208315083
1.2855388111382182,1.7362768552784669,-0.8073537001776159,0.8338733631995505,-18.966484261824856
1.2067355027600444,1.7310495769066185,-0.7185045893877133,0.8338733631995505,-18.966484261824856
1.2499417329827334,1.6287898848527718,-0.6431839341727938,1.2055040596081747,-25.53489308136353
1.1858202662750985,1.541626589041061,-0.6012766930534688,1.2055040596081747,-25.53489308136353
1.214653380047743,1.4327987139648206,-0.46926590181256733,1.533728557432684,-24.769617417319814
1.2555507675251274,1.499877737571755,-0.33968093357648055,1.7075714979714234,-27.888462574871493
1.2692165562805398,1.39419650783785,-0.29308627362963136,1.7075714979714234,-27.888462574871493
1.3397999248083061,1.2966007405557312,-0.15587920251697662,1.7243499268931637,-27.12788962403076
1.3562660399516866,1.208194501320383,-0.12206204720213293,1.7243499268931637,-27.12788962403076
1.4099668304806436,1.1255817274281315,0.042367837656951374,1.8837412545339856,-8.11650243181132
1.5169539594887567,1.0564508138747344,0.18609760423451768,2.338645226109709,-7.081248102683407
1.5373862989048905,1.0225392878149133,0.22988044560766752,2.338645226109709,-7.081248102683407
1.5732621716145765,0.2406132357011862,0.4008402219054435,1.8879338886671766,-7.295114917123464
1.5867571317334805,0.37741164396273746,0.5750135475553044,2.242220322682128,-9.132369290952743
1.5738880516928806,0.3727636105265993,0.5715987093922238,2.242220322682128,-9.132369290952743
0.2988324352354155,0.4866729908107317,0.6797877186644314,-0.08491021437645685,-11.925626261905535
0.2756550980357032,0.5088960994423103,0.6763682469580173,-0.08491021437645685,-11.925626261905535
0.42222905771826025,0.6165973975381769,0.7573492280493436,1.7168596082837744,-13.637325042463148
0.5082841448899267,0.663649417269238,0.8297099055212187,2.117076572696615,-15.160099887254106
0.5153401997783609,0.6448007649219447,0.831050169866318,2.117076572696615,-15.160099887254106
0.6620533332886368,0.767168654602507,0.9243335889155961,2.5636952645431768,-22.68642509240972
0.6393846206057551,0.760348432638321,0.926162506220104,2.5636952645431768,-22.68642509240972
0.7375060493986942,0.8533311879366807,1.0034532482101883,2.7741159856057953,-36.252782092077425
0.7661100301473285,0.9491131339337562,1.1027223883049897,3.2147821033660966,-37.94993228980003
0.6971846103006503,0.893237106494553,1.05705929699804,3.2147821033660966,-37.94993228980003
0.7242379313928191,0.9390430338746485,1.142999410660733,2.842168339160957,-21.416466820206757
0.7180079507274666,0.8919427553914046,1.099338503701488,2.842168339160957,-21.416466820206757
0.7611555011848776,0.9473550190155194,1.2132695796289352,2.9942138638043847,-22.502084884171683
0.8237090199391005,0.9899116664979031,1.3038952414271086,3.3623630937194733,-23.665557819946194
0.8180837861163837,0.9590922761233814,1.2951329559168259,3.3623630937194733,-23.665557819946194
0.9264036535695044,1.024202281434773,1.372354520808598,3.6525908580488204,-24.836887239710904
0.9259964313705291,1.0109483813724656,1.363917842808881,3.6525908580488204,-24.836887239710904
1.0186803264700481,1.053933771157666,1.4143736007373833,3.9841267902421844,-25.560813380143813
1.0936852905945051,1.0765570901816037,1.4249076398149991,4.152359275233892,-26.049934138545265
1.0769909935560928,1.0628545559865166,1.4071980552246115,4.152359275233892,-26.049934138545265
1.1101014954022317,1.0587059656080342,1.3882498447085752,4.40337139082579,-26.09831854995043
1.1009970509492621,1.0506136114311493,1.3674237207501712,4.429636085987575,-26.175496255896515
1.07578064942795,1.037262790390958,1.3456712947728742,4.429636085987575,-26.175496255896515
1.053171870509383,1.0289318792805493,1.324524728689407,3.9474741913088254,-26.219683740683895
1.0360847245552425,1.020590135916606,1.3109441376227664,3.968375495421343,-26.202747528434994
1.0193176499152217,1.0069106169928472,1.294781101109558,3.968375495421343,-26.202747528434994
1.0067309798014967,0.9841137866417429,1.2834355934623225,2.6189582342550244,-26.129300133966588
1.0147487458756148,0.9819807519216216,1.2821001655601694,2.6189582342550244,-26.129300133966588
1.0062178124644086,0.9455019496074054,1.2821149440945248,2.521254303189844,-25.610689669481495
0.991590929230877,0.8928298910035742,1.2568409789525135,2.366527064176898,-25.301734189811537
1.0417514502840048,0.8875334724060333,1.279614610060455,2.366527064176898,-25.301734189811537
1.0531467690094378,0.8416811402188755,1.2671207660839983,2.0958299736537134,-24.674342621333217
1.1150663311291926,0.845206650565464,1.2962571000970171,2.0958299736537134,-24.674342621333217
1.1154034407500446,0.79869334020305,1.2830414698734312,1.9460572323862468,-23.82008866301539
1.0987637041644993,0.7603097847857223,1.2594568268117996,1.6983105319974925,-23.202345383044175
1.1459926374683962,0.7764510666335701,1.2872076389825842,1.6983105319974925,-23.202345383044175
1.108204762916059,0.7319872842519977,1.2609082910299332,1.381246080005167,-22.345570285283504
1.1406071353003402,0.7469911626252723,1.2820664569149058,1.381246080005167,-22.345570285283504
1.0930077883006384,0.6968720925136713,1.2371195717562644,3.098117090183324,-21.39664422982992
1.018369670650407,0.6351279814771182,1.187400165719895,2.7962116093652565,-20.565008043538676
1.031128609564575,0.6542745668827932,1.1950175842041109,2.7962116093652565,-20.565008043538676
0.9702998423224292,0.6509627506661277,1.1552252488505301,3.759411985576949,-19.949850715497735
0.940420897164761,0.6583364021879363,1.1392099009739953,3.759411985576949,-19.949850715497735
0.8339221738680425,0.6396347480885058,1.0760825779417018,3.384882212987959,-19.570731127087896
0.7460914514160539,0.6392026099123603,1.0276257517331095,3.246224167780907,-19.175813565584075
0.6893128085980176,0.6490346066843982,0.9975061588549459,3.246224167780907,-19.175813565584075
0.5912337819286222,0.6221830342259315,0.9680105701519368,3.3765724533722103,-36.615868766892646
0.46534863675167326,0.6121605291391509,0.9289238309007284,3.2582288842697524,-36.83968320925494
0.4119547805906668,0.5766279677070852,0.8799195736782349,3.2582288842697524,-36.83968320925494
0.352812696539884,0.548081563232359,0.8563618052105071,3.2632789384385656,-36.84068667650093
0.3188479080058937,0.505296001151029,0.8403601070820675,3.2632789384385656,-36.84068667650093
0.30032144793127513,0.46165772214688805,0.8318352170131915,3.254478220924798,-36.834524972994586
0.29629250086390946,0.42156397873784734,0.8309906855575524,3.245003018475794,-36.86618430446631
0.3059489254088066,0.38403094259051807,0.8362480593535215,3.245003018475794,-36.86618430446631
0.32134469601425686,0.3497679097011581,0.8435995041225351,3.4390673950892463,-36.85205674612717
0.3399907284064376,0.31967401122756445,0.851803812865787,3.4364062510116025,-36.859222806630505
0.3586121196145927,0.2956700655344484,0.8609593609732038,3.4364062510116025,-36.859222806630505
0.37449449017924796,0.27926759474611274,0.8777907692929201,3.507196195150832,-18.817620663001964
0.4470173004780533,0.2690142785313727,0.8665495480763925,3.507196195150832,-18.817620663001964
0.47610096028240545,0.3196575423443382,0.9384261229664478,3.6103988207922564,-19.20015265764959
0.5396926761032556,0.38096230276654275,0.9975247591459538,3.7687784419759955,-19.84035440535408
0.5584515253038554,0.4074600462359075,1.0005537224102783,3.7687784419759955,-19.84035440535408
0.6314562867565128,0.5036540141478859,1.060589810490499,4.013426395924188,-38.760257122834446
0.6517894103710848,0.6140978864238253,1.1474186106267483,4.35603663586842,-40.03713454497451
0.6076852054960002,0.6022734748658763,1.10066658907809,4.35603663586842,-40.03713454497451
0.6490694884636858,0.6793608533193134,1.1654096892858439,4.48933815105773,-41.05976478707193
0.6436789599055253,0.7197149489040486,1.2143662929534242,4.769156917943106,-41.78960373023334
0.5844845916698576,0.685751557076492,1.1863172907380586,4.769156917943106,-41.78960373023334
0.5543862867706651,0.7080156023127735,1.2194005547197413,4.476279572801776,-42.61971124711097
0.5158955619825607,0.6760854166372421,1.2010781424519656,4.476279572801776,-42.61971124711097
0.48711903105150367,0.6733883760481143,1.2242625843296515,4.5102057660029775,-43.12843816960169
0.46510498157703495,0.5462449761449002,1.1806724547123957,4.477294590562756,-41.464862931745614
0.4652207907547665,0.5110913781773725,1.1730492854509373,4.477294590562756,-41.464862931745614
-0.6803195144488448,0.45280699822611936,1.1746378374139155,2.1271519661102314,-41.72262712037792
-0.6545108988469908,0.2815094388871444,1.1862177600554302,2.238035070754237,-38.096861838474254
-0.6136562892114912,0.26203840299823566,1.1995317979644962,2.238035070754237,-38.096861838474254
-0.5781363259386332,0.22083921464261747,1.2334351887781887,2.327681722189711,-20.057032089502208
-0.43857822288486337,0.21770289266513343,1.2551625107378865,2.327681722189711,-20.057032089502208
-0.33118701433487274,0.25213440129062215,1.3267478527452812,2.3332545489795082,-20.060998984127554
-0.21244907067986607,0.28748428315267693,1.3680041229718833,2.3158315420174125,-20.09842939778329
-0.12095553490980304,0.3407417825741246,1.4102674369655315,2.3158315420174125,-20.09842939778329
0.08223313176503505,0.3984014160350291,1.4412804489249404,2.593724918798128,-31.748873768662687
0.09094141547206636,0.4494566909502755,1.4756622625626064,2.622895708317504,-31.71301100966012
0.09375028857443973,0.4810211314609594,1.4660733923066809,2.622895708317504,-31.71301100966012
0.06996801264771768,0.5164785789350468,1.465099516291663,2.631732338594242,-37.94502732852142
0.013690212251410816,0.5316851231257075,1.4608838646131397,2.631732338594242,-37.94502732852142
-0.03259082108450562,0.528620572905286,1.4401155248589284,2.3392336969757217,-37.93706141457669
-0.08369279066316215,0.5242034152076998,1.4277850673900307,2.3371753783865614,-37.93786116123408
-0.1229714322978902,0.5085968828794798,1.4171828632697538,2.3371753783865614,-37.93786116123408
-0.15089091151407774,0.4856699609124737,1.4110958985609385,1.8438309419836383,-19.936261572575155
-0.09878811480677085,0.4758949480835071,1.3963383781931251,1.8458895059612814,-19.93546173057362
-0.07591634077692944,0.4915499646772017,1.4330180402755157,1.8458895059612814,-19.93546173057362
-0.03023624528886043,0.49475238992037984,1.4492942753674345,1.8397140594168349,-19.937861161234082
0.01681882649620936,0.5199013757908351,1.4707758359484604,1.8397140594168349,-19.937861161234082
0.06160486434650292,0.5506023673588156,1.4882913860262925,-0.11135245833707508,-19.944227581864023
0.10178059547788615,0.5999049687821558,1.5104835890803388,-0.12018884322533019,-19.95379308446767
0.13725090178588029,0.6346992748537472,1.5333349385356816,-0.12018884322533019,-19.95379308446767
0.1626559416133565,0.6410097435046469,1.5582195352873742,0.0021740733850439398,-19.945027328521416
0.21348286055618926,0.6675031779557037,1.5905667800912688,0.0021740733850439398,-19.945027328521416
0.26488203174478203,0.6958654841003736,1.6259328047277493,-0.015793661773015444,-19.939460749893
0.3171167538889477,0.7271972723774034,1.6587324569209927,-0.015793661773015444,-19.939460749893
0.3585379646417119,0.7573211705872531,1.687917531467241,-0.015793661773015444,-19.939460749893
0.38751740149050423,0.6728033632323407,1.7114849293274406,0.05163275443939064,-17.450838148577617
0.41339142161841663,0.6996239613833064,1.724735363455368,0.03892949518722855,-17.480302552944487
0.4243515973239626,0.7280189081742819,1.7436034722897051,0.03892949518722855,-17.480302552944487
0.38859077760347954,0.7529503368395335,1.7136250643269202,-0.17108819196396574,-17.806906874361772
0.38394997789185414,0.7770661720399045,1.7219504712851135,-0.17108819196396574,-17.806906874361772
0.31016613824257555,0.7963093604336144,1.6993446018399578,-0.21161907486299736,-18.052380215135734
0.19571528593200985,0.10913661821318676,1.6727872095722636,-0.051798129035023344,-2.8604635515417387
0.23809031961481197,0.12626277233850403,1.6613661590317954,-0.051798129035023344,-2.8604635515417387
0.08600852332813047,0.026720731284684218,1.6892786813016265,1.4062579381869682,0.0809933052876211
-0.8195899205762133,-0.056125904619089284,1.5990655806303626,-0.6937528085551659,1.0349196482851661
-0.7972818718106998,0.007753446227079297,1.6100061707812954,-0.6937528085551659,1.0349196482851661
-0.8876949018732351,0.007124029605590332,1.6161785515871558,-0.7103671728977332,2.4769730754959722
-0.8995854682661544,0.029608803409291506,1.6122775972752874,-0.7103671728977332,2.4769730754959722
-0.9812847454243356,0.02382793897598412,1.618866350082033,0.5693697243910867,3.530169601270038
-0.9981216872418616,0.019682879746262594,1.5933902429489095,0.4608068464466353,4.1088624448909705
-0.9837112462273229,0.06307376048196742,1.5963846531580705,0.4608068464466353,4.1088624448909705
-1.0089875328859925,0.1129585472562632,1.5830037152790886,0.5616153826337578,4.175386197315717
-1.0213286432629025,0.15157979159995666,1.5743788002074808,0.5616153826337578,4.175386197315717
-1.0504156220231329,0.17918216489724698,1.5613218139991125,0.3824727215885646,4.3385715306379256
-1.080071914173957,0.21154993167448258,1.5501164388302648,0.37956132391954034,4.349704687894747
-1.1079454503866655,0.23588889391673643,1.5368927589134012,0.37956132391954034,4.349704687894747
-1.1387717855284853,0.2508526568714538,1.5238883313580969,0.15322737813676124,-13.617273683807941
-1.218668379576064,0.26112051233199973,1.5318921266337473,0.15322737813676124,-13.617273683807941
-1.2494373484453176,0.239099699275108,1.4958366266340979,0.1567416806035633,-13.622040313650821
-1.294819552077628,0.21911051966442335,1.4874810450179545,0.15677726706937611,-13.606312111005824
-1.3168549074945002,0.1886527738847493,1.4836521118036572,0.15677726706937611,-13.606312111005824
-1.3289567692317306,0.15388918540931698,1.4622501639847483,0.07089549496385184,4.257121383071625
-1.2644142535673644,0.12868543101275953,1.4547767127224334,0.07089549496385184,4.257121383071625
-1.2385875017162937,0.13301454188130757,1.4498158925549522,-1.4907291561093365,3.9147134465085993
-1.2119544155037187,0.17278587697826614,1.4538350908096322,-1.6377781127200126,3.0891493336678435
-1.1634931787257092,0.18950211636770573,1.4840309517647707,-1.6377781127200126,3.0891493336678435
-1.1141217914188648,0.2110061291578696,1.5081077152004767,-1.6398222321143328,2.566693929613584
-1.05882492207972,0.2295212271062322,1.542353827312554,-1.6398222321143328,2.566693929613584
-0.9768070414773651,0.2558872301131125,1.5515778510753433,-1.6568807177384635,2.326325056644546
-0.9222165882368271,0.30308423713279603,1.5781423699212838,-1.6759989544158735,1.8076331469790325
-0.882757056353189,0.3285382480405898,1.605623231316311,-1.6759989544158735,1.8076331469790325
-0.8552554378831653,0.35321250887413136,1.6283298990890311,0.010299274538632996,1.791904730766038
-0.8457624977817332,0.36171823329031555,1.6391442926711963,0.010299274538632996,1.791904730766038
-0.8465669986874815,0.37955686277712714,1.63745739854871,0.23085990600713346,1.7789684778296957
-0.845350796974564,0.4530705640719158,1.6359389023550883,0.23910467921698308,1.02025777633194
-0.8942083036610062,0.46838913825093986,1.616856926595078,0.23910467921698308,1.02025777633194
-0.9097888789824763,0.543473299947136,1.5646924489761558,0.22288946036548385,-0.5313349149464981
-0.9831430700442719,0.5455201497904328,1.535410910315162,0.22288946036548385,-0.5313349149464981
-0.9799419845769659,0.6306662746431742,1.4809785484225988,0.2502999835621935,-2.6592583376293932
-0.9498540172074538,0.7363462117232397,1.4273743872846567,0.0041433885316577435,-23.360925397569428
-1.0680324996515231,0.7128857583407753,1.4191324462954586,0.0041433885316577435,-23.360925397569428
-1.031607594218979,0.7508527845605381,1.156362955119451,-2.0359722348978595,-26.88713827462389
-1.1164906734057394,0.7001297567569736,0.9658627208812217,-2.543486204713813,-27.922522899098507
-1.1445006926619465,0.6340383696779394,0.962423865635045,-2.543486204713813,-27.922522899098507
-1.468079037322431,-0.48592946850725177,0.9716420763229879,-2.549187858980258,-5.63530121202038
-1.3442358412311508,-0.5561593144871082,0.9894701628209437,-2.549187858980258,-5.63530121202038
0.2467168299835758,-0.6835511268192886,1.1241328517534221,0.6915884635082623,14.881530982782838
1.6236125807163742,-0.8275008172552567,1.158921016342895,3.1798445757680565,18.213787874965643
1.758398097290622,-0.7965460844898974,1.227628303761441,3.1798445757680565,18.213787874965643
1.8866328319947554,-0.730226458730332,1.2543117382061366,3.2034676108629307,23.378098053693172
1.9314265960898496,-0.609992346456014,1.2344109518687083,3.2034676108629307,23.378098053693172
2.0211131512347706,-0.48609868279176993,1.1853949410262907,3.509444410766049,37.931803049087875
1.9575581927769135,-0.3501601299459796,1.0931838572747212,3.487175131534281,36.80902087710731
1.8232782649314205,-0.2554164888512058,1.0278239785285797,3.487175131534281,36.80902087710731
1.7058629037963862,-0.08022726396516017,1.007103545184814,3.6116342432350104,35.086357828665086
1.5778455033111396,-0.014386512399998441,0.9217028929508282,3.6116342432350104,35.086357828665086
1.4731894862981485,0.13836723901356268,0.8866886128309319,3.678824381059327,33.250223933175384
0.5516502225633699,0.2527904427856397,0.8515645604700104,2.0153021101616133,31.326862121765394
0.4903499130092777,0.2993726906731539,0.7981597972374295,2.0153021101616133,31.326862121765394
0.4488103808434044,0.3441303218159034,0.7647269554519993,3.5554876610145563,12.964971376867279
0.3639985138140578,0.32338761343091804,0.7547145689199954,3.5554876610145563,12.964971376867279
0.34952123782754474,0.36597078708791786,0.7558185308017795,3.9921041824047787,11.815261004453005
0.35145357548004447,0.45050143393583675,0.7927839143952682,4.043996040113873,10.354905652489169
0.351610437837352,0.4273398388323644,0.7855213261342013,4.043996040113873,10.354905652489169
0.357911764261161,0.5094488049547328,0.8272748801613565,4.109485288764927,8.418462353055506
0.34604647071922134,0.48066656039604333,0.8255956746802143,4.109485288764927,8.418462353055506
0.38548591561594014,0.5856081157461928,0.8723050359106402,4.260587978670402,5.765636242140406
0.409032539380916,0.7051197558414075,0.9131752778384434,4.364607012949804,2.699375652084681
0.38494418402061903,0.6645325299454155,0.9073895396333248,4.364607012949804,2.699375652084681
0.3711027765047207,0.7958533014199762,0.8975636903333643,4.280176026947884,-1.0754475478182668
0.3394655061414784,0.7567110319572687,0.8949540553332933,4.280176026947884,-1.0754475478182668
0.3195856604112074,0.8886651316808424,0.5918506623001453,1.4079364006625799,8.210044548972276
-0.8057883575881012,1.0594888259763815,0.6514354837151828,-0.9149774904758203,3.558864530438811
-0.7954308664281833,1.05142988308313,0.6928157159913668,-0.9149774904758203,3.558864530438811
-0.37806506755678626,1.1936486572416978,0.8576960834677042,0.09270847148158401,-15.247155243126569
0.1242480782666735,1.332638675730184,1.0808661757952875,1.3686949031944993,-18.468957706807878
0.21780534616304903,1.2631813223163442,1.1226510634652096,1.3686949031944993,-18.468957706807878
0.7338963120232025,1.3798797256766229,1.294872318714026,2.4367037270965692,-15.317772933000253
0.82685821748024,1.3519749894127895,1.3415799511659006,2.4367037270965692,-15.317772933000253
1.1236323724995554,1.4647066572634873,1.483288247875516,3.137493273402314,-4.698589123136674
1.3798922903030328,1.5764218567029176,1.5785345404016338,3.6949050122701106,-6.729038195267222
1.3590294223702502,1.5666325072888752,1.5968548058833678,3.6949050122701106,-6.729038195267222
1.4978060084436813,1.6608401031395332,1.6545701025211887,4.285315885276581,-26.27614473355327
1.3650028795294236,1.6486122501411071,1.6429365843156165,4.285315885276581,-26.27614473355327
1.408995796940744,1.6013136511644874,1.569305648642695,2.834017313612118,-26.1615361306523
1.2828944335714443,1.574861906814332,1.5203115805467695,2.835932692264725,-26.095255232692978
1.1704418986013672,1.5155501902675128,1.470195227149832,2.835932692264725,-26.095255232692978
1.074727816426119,1.4289848891437837,1.4300157504832045,2.5703545811524204,-26.058233808408932
1.0310787987135768,1.3620029633373303,1.4097092503648128,2.5668760999606377,-26.037739678510196
1.022766027442271,1.2996456654781166,1.4034707817000405,2.5668760999606377,-26.037739678510196
1.040508703876584,1.2401575651108057,1.407923818081042,3.971683146254529,-25.993552193722817
1.072746804743046,1.1841443709298132,1.4156694737167417,3.971683146254529,-25.993552193722817
1.112051785097561,1.1492492628676767,1.4248517598649095,4.482292720495592,-26.022812103403847
1.1510687997727571,1.135908859001859,1.4311230621498439,4.480872711260771,-26.001518167257633
1.1600081193449145,1.1170700486888399,1.4267912195456809,4.480872711260771,-26.001518167257633
1.1531633771265808,1.106561023063461,1.4153001743319837,4.477394230068988,-25.981024037358903
1.1274836182308983,1.0912140159538573,1.3966343319804886,4.477394230068988,-25.981024037358903
1.093374624283703,1.0736317839873013,1.3741127017523935,4.475974251507727,-25.959730089294677
1.0582726463275045,1.0559714191049479,1.3503546599659944,4.475974251507727,-25.959730089294677
1.0263591078833494,1.0377635371987155,1.3272773545456724,4.475974251507727,-25.959730089294677
1.0003994751265928,1.0197423277084914,1.306231104050031,4.475974251507727,-25.959730089294677
0.9817189548211818,1.0025928517182998,1.2880910357156807,4.475974251507727,-25.959730089294677
0.9694078098434942,0.9858190193408969,1.2732116518349426,4.47455423275909,-25.93843648237021
0.964832117981462,0.9717853479441763,1.2615565346041382,4.47455423275909,-25.93843648237021
0.9656653296171327,0.9596723863684166,1.2529000388300808,4.47455423275909,-25.93843648237021
0.9695619672699155,0.9494537328297165,1.2466979168559065,4.472495760802128,-25.939236288617696
0.977105087598865,0.9411120372293145,1.2424601684993752,4.472495760802128,-25.939236288617696
0.9860150420451087,0.9344058432028313,1.2396346351975307,4.472495760802128,-25.939236288617696
0.9952395663123741,0.9290906526359369,1.2377429572309926,4.472495760802128,-25.939236288617696
1.0040439482141785,0.924964870287796,1.236390649831543,4.472495760802128,-25.939236288617696
1.0118879611129952,0.9217588887884269,1.235264423566762,4.472495760802128,-25.939236288617696
1.0184908118106462,0.9192471866879015,1.2341492981490145,4.472495760802128,-25.939236288617696
1.0237612861749352,0.9162361378107011,1.2329179732269986,4.473134223524269,-25.917142546224003
1.0278309142915285,0.9145723293533314,1.2314914044640055,4.473134223524269,-25.917142546224003
1.0307294992217395,0.9131738997033821,1.2299447441020281,4.473134223524269,-25.917142546224003
1.0317355613906574,0.9119177548606421,1.228223502695028,4.471075751567308,-25.91794235247148
1.0330237144946994,0.9107763185448994,1.2264178333805833,4.471075751567308,-25.91794235247148
1.0338233691436338,0.9096800962827917,1.2245772252699272,4.471075751567308,-25.91794235247148
1.0343118931597721,0.908603174707424,1.2227685822007401,4.471075751567308,-25.91794235247148
1.0346857627480344,0.9075952294151748,1.221050294040134,4.471075751567308,-25.91794235247148
1.035027865145369,0.9066409425018789,1.219454813375869,4.471075751567308,-25.91794235247148
1.0354057663641647,0.9057490342646533,1.218003925044886,4.471075751567308,-25.91794235247148
1.0358499106950123,0.9049270597589675,1.2167086226003807,4.471075751567308,-25.91794235247148
1.0373694061339993,0.9041796108265636,1.2155688471565878,2.4731342235242693,-25.917142546224003
1.0465052706150595,0.9193999893774014,1.2224762064219123,2.4731342235242693,-25.917142546224003
1.0569999252382587,0.8973410391018996,1.2129302995434208,2.4484104631092656,-25.575204139654232
0.9826244389236644,0.7881504809016672,1.1850978628248652,2.2113638908531588,-24.139648825481803
1.035938574960908,0.7883347720316526,1.2134611450590522,2.2113638908531588,-24.139648825481803
1.0081821669399282,0.7367076245082592,1.1945583707517473,1.9169465912814498,-23.374089205789854
1.0769957531717622,0.7451468556695822,1.2316155955780688,1.9169465912814498,-23.374089205789854
1.141688863546721,0.7024955417113965,1.2319964928927303,3.8336792302361378,-22.37213477101587
1.0525655034065795,0.6533459494182987,1.2219427310003252,3.477676323490985,-21.688757403447372
1.0952102714014629,0.6770679503656075,1.2457437845387602,3.477676323490985,-21.688757403447372
1.0585105125657157,0.6856383028546333,1.2607134207039559,3.3611804863253925,-20.860196206844176
1.0453562750201608,0.706840485607569,1.2575721568150748,3.3611804863253925,-20.860196206844176
0.9623806963197075,0.6958810855217048,1.1974377410244497,1.136792302263122,-20.56106122282547
0.8957073153754757,0.7008520352804214,1.186924435882003,1.068642692297968,-20.044082883863044
0.8687273400613409,0.7124772505908477,1.1828854353647027,1.068642692297968,-20.044082883863044
0.811808870937947,0.6629346192400338,1.158332212005343,2.9522754200881964,-19.66503292565297
0.8264449148764204,0.6491696519851046,1.1680221099577102,2.9522754200881964,-19.66503292565297
0.8020423625897273,0.6276507764863564,1.1599668028637886,4.792429811860866,-19.28447993020185
0.7990237632824965,0.6459004322450304,1.1639925008502208,4.701964463075969,-19.272490082320598
0.7991573036443841,0.6638311979667411,1.1585064273083632,4.701964463075969,-19.272490082320598
0.7830587222948426,0.7086619345211964,1.1428811421593172,3.950856711042638,-19.356896899494945
0.7263427812396963,0.7284576598053712,1.1139922106648812,3.950856711042638,-19.356896899494945
0.6830913587727243,0.7797618433909053,1.1062898614697674,2.78905919483194,-20.115538907255317
0.6770351290754189,0.8305007701085735,1.1222763378442404,3.0094126802115033,-20.889946585119162
0.6267402800363477,0.8203483616960627,1.0994890911315864,3.0094126802115033,-20.889946585119162
0.6538874172618327,0.8330835813476284,1.108510055479711,1.1753674339612061,-21.552118849612693
0.7177980309273717,0.8372390503061051,1.120369523213773,1.301889055886008,-21.472298859774778
