u_q_m30,u_q_0,u_q_p30,y_q_v,y_q_delta
2.1089999675750732,2.371999979019165,3.509999990463257,-15.167613943553443,25.566266222567094
1.9540358979286614,2.2417606806377997,3.4688057709017106,-15.15491096934441,25.59573042480583
1.8386616348172982,2.188477424703796,3.3397819263053083,-15.15491096934441,25.59573042480583
1.7150465831242825,2.3564048378751012,3.202970129062788,-15.14036369427623,25.66002241193138
1.3283085407585378,2.3183949938182096,2.9679410451735144,-15.116413080340255,25.724517810733392
0.8804210535835457,2.2457131090410702,2.711434695299094,-15.116413080340255,25.724517810733392
0.42124375359746224,2.1381519489084324,2.454560825274662,-15.115774665187196,25.746609907018335
0.017289158971238727,2.0045288359472337,2.2153826010119895,-15.11779731800125,25.761538576573937
-0.3035109168742549,1.8598826250975153,2.006560244562626,-15.11779731800125,25.761538576573937
-0.5291960152433637,1.71532081675771,1.8401082351281473,-15.128442052930415,25.732873907424597
-0.6625756248485066,1.5794844296197188,1.709818651677172,-15.128442052930415,25.732873907424597
-0.7156493792256828,1.4590833149891156,1.6264500973680236,-15.1517541756028,25.690473238681527
-0.7050065426080545,1.3550712650105379,1.5666620934906632,-15.1517541756028,25.690473238681527
-0.6414581677328384,1.2685363303217372,1.5420897258132795,-15.192811056458064,25.59748465984074
-0.5490558850691452,1.2016168056106786,1.5353628423298793,-15.231988374686145,25.55505175961964
-0.45389633961077536,1.1493692654772159,1.5331130515091504,-15.231988374686145,25.55505175961964
-0.35825329672534556,1.1102605696572794,1.5345939923967293,-15.224643275098213,25.5544556382067
-0.27124701692419695,1.082830688739792,1.541187575126068,-15.224643275098213,25.5544556382067
-0.20422645261538364,1.0627259058937162,1.5457246260061375,-15.209631237931678,25.566420560030945
-0.14984696673076625,1.0470292478259786,1.542507982233965,-15.188127180257073,25.589722264356475
-0.1077867412595439,1.0358918092668103,1.541739429499606,-15.188127180257073,25.589722264356475
-0.08052397312613868,1.0263504703918376,1.5362109288155754,-15.183407717590267,25.597688071517197
-0.06347232399259228,1.0177220250923729,1.528510286580577,-15.183407717590267,25.597688071517197
-0.052618780372104546,1.009669212912509,1.513329441900487,-15.174218721150261,25.63191921251095
-0.049731345811074856,1.0007030252813816,1.4995309674238473,-15.169534768838735,25.624159450800676
-0.05020840247170355,0.9926882406747932,1.4867987951587969,-15.169534768838735,25.624159450800676
-0.0524643374233662,0.9835544605571886,1.4740100226615747,-15.170173260102327,25.602064720741737
-0.05476071845526631,0.9755665800557398,1.4616869933476937,-15.170173260102327,25.602064720741737
-0.0493466508330096,0.9679642894743772,1.4533439645888002,-15.192565983322607,25.574967717685425
-0.04968989041228511,0.9616363286096816,1.445010460297138,-15.1972498595236,25.582730113169703
-0.0488215323412029,0.9550561043855308,1.435958465701575,-15.1972498595236,25.582730113169703
-0.055599269589719835,0.9484392045477719,1.430044412128078,-15.184684624006916,25.553501245173315
-0.052595321334103495,0.9434221979114108,1.4231921949961137,-15.184684624006916,25.553501245173315
-0.050058805847397636,0.939919921938545,1.4203919155645548,-15.18997108030791,25.55489742215578
-0.04613704711032929,0.9347657002448579,1.4154317552240117,-15.1906095715715,25.53280269209684
-0.0417094659574051,0.9313572852883423,1.411258563274672,-15.1906095715715,25.53280269209684
-0.0362366430511698,0.9275744130448358,1.4057735229581603,-15.187984183237619,25.52424308838504
-0.031906502783067836,0.925205205069282,1.4027290500066254,-15.187984183237619,25.52424308838504
-0.028933904699130597,0.9252159131046758,1.4010809479224826,-15.187309936230266,25.562063482659116
-0.025497285957618576,0.9224858012452175,1.3957433432637192,-15.179964836642334,25.56146736124618
-0.022346964183470597,0.9210345379256213,1.3935700741381911,-15.179964836642334,25.56146736124618
-0.017659960703974686,0.9207356496499355,1.391638512772856,-15.183443227945547,25.5819625026462
-0.015431187280979586,0.9194386840049691,1.3898725591740297,-15.183443227945547,25.5819625026462
-0.013378434133272776,0.9183479846618579,1.3862264125469994,-15.178120860480965,25.596294837220867
-0.012635742400215477,0.918465532119878,1.3857679780416907,-15.178085350125684,25.612020406091865
-0.011199709076093356,0.9175583352066783,1.384385870423936,-15.178085350125684,25.612020406091865
-0.0029848302430321993,0.9166367283700618,1.384092409228951,-15.195155705881382,25.59925573761023
-0.0018960535278682578,0.9157097811027399,1.3828674580031146,-15.195155705881382,25.59925573761023
-0.0069602280025149454,0.9149903912390533,1.3827541345080334,-15.18546603617943,25.596888324859812
-0.008035628984455201,0.9136439061932646,1.37971690840368,-15.176665201301098,25.590728151808456
-0.007465594822129162,0.9131621675340318,1.3787134471133644,-15.176665201301098,25.590728151808456
-0.0070759964670048525,0.911512224618749,1.379794346589772,-15.182626060029273,25.55430108717485
-0.006520033119599589,0.910839400015812,1.3789561755240207,-15.182626060029273,25.55430108717485
-0.0058701640601097616,0.9114171495273116,1.3783570276952402,-15.181987568765681,25.576395817233788
-0.005178507582852543,0.9101251619867528,1.3778284447699454,-15.182626060029273,25.55430108717485
-0.004480644390878474,0.9098212405139501,1.3772722026563273,-15.182626060029273,25.55430108717485
-0.003924957442509758,0.9096117837426876,1.3768450456100272,-15.182626060029273,25.55430108717485
-0.0034013386102826892,0.9094294580244477,1.3764284920218195,-15.182626060029273,25.55430108717485
-0.002969345100307219,0.9092784940187744,1.3750475642050786,-15.179964836642334,25.56146736124618
-0.0026155095759388125,0.910167135555694,1.3757093210682818,-15.181987568765681,25.576395817233788
-0.0023635710415037536,0.9100176787402909,1.3753885002534014,-15.181987568765681,25.576395817233788
-0.0011387561032729643,0.9088374454438535,1.3740663970243379,-15.182023400619977,25.560667519244646
-0.0008541472389729243,0.9087328774706664,1.3737865111925882,-15.182023400619977,25.560667519244646
-0.0016424376404624574,0.9116286229540096,1.374566819988524,-15.180710662349034,25.62058264357767
-0.0016347192548491485,0.908512074268979,1.3734088561825937,-15.179964836642334,25.56146736124618
-0.0013155686731205485,0.9083386779184106,1.3730721555825407,-15.179964836642334,25.56146736124618
-0.0012062611969021475,0.9072693628655824,1.3729905313144823,-15.180603251795391,25.539375264961237
-0.0009061898663098589,0.9071478668863622,1.3728318612974828,-15.180603251795391,25.539375264961237
-0.0006762722499544793,0.9071207359200488,1.3717693014703594,-15.177942107717747,25.546541325464574
0.0005628251031026821,0.9071292533492206,1.371702404252181,-15.18000067169539,25.545741483463047
0.0007618789330869902,0.9071150879864036,1.3716193922527582,-15.18000067169539,25.545741483463047
-9.025821021202418e-05,0.9080962950922142,1.3715489564452579,-15.17730369256469,25.568633421749517
8.514283252658572e-06,0.908151043421745,1.3715195762915422,-15.17730369256469,25.568633421749517
0.00010459081531655201,0.9071292386886687,1.371430848958771,-15.177942107717747,25.546541325464574
0.0012206956115723422,0.908082533153022,1.372355240581149,-15.182023400619977,25.560667519244646
0.001263098415187791,0.9080504347783829,1.3723490810698498,-15.182023400619977,25.560667519244646
0.00035942177976222567,0.9080247880046592,1.3712820847160523,-15.17730369256469,25.568633421749517
0.00041205553154499697,0.908106742141167,1.3712542960045933,-15.17730369256469,25.568633421749517
0.0004055668607283458,0.9080851361589133,1.3721857474285173,-15.179964836642334,25.56146736124618
0.00036356952629779116,0.9079754916482097,1.3721142024752675,-15.179964836642334,25.56146736124618
0.001379524816489397,0.9069396691950014,1.3710845746173788,-15.18000067169539,25.545741483463047
0.0004872634462640413,0.9099439096402875,1.3730419317365428,-15.181349153612624,25.59848791351873
0.0003387015125428938,0.909922077911901,1.3730755760881799,-15.181349153612624,25.59848791351873
0.0003118484602802063,0.9068262801369433,1.3729481785490933,-15.18326447518233,25.532208990889906
0.00043179560297446073,0.9067938860251261,1.3728236366832771,-15.18326447518233,25.532208990889906
0.00041399044044121425,0.9078259309326404,1.3728546189763042,-15.182626060029273,25.55430108717485
0.0023978596480200842,0.9078433473576522,1.3718238664434912,-15.18408171920914,25.55986777258726
0.0023338654523783475,0.9078286618898395,1.3717347853818804,-15.18408171920914,25.55986777258726
0.0022432399459182406,0.9068234782378091,1.3726481646730324,-15.187381357749135,25.530609402230986
0.0022510107642328414,0.906818179936925,1.3725280471419472,-15.187381357749135,25.530609402230986
0.00017860090561860886,0.9068566772787838,1.3724771516687642,-15.18326447518233,25.532208990889906
0.00016407350252833908,0.906953149088431,1.372403077446318,-15.18326447518233,25.532208990889906
8.768980299800333e-05,0.9069919596333476,1.3723219835254263,-15.18326447518233,25.532208990889906
-1.512604977271792e-06,0.9079692048784391,1.3712480492383183,-15.179964836642334,25.56146736124618
-0.00010059534894502065,0.9080037111605064,1.3712444458632498,-15.179964836642334,25.56146736124618
0.001904941628258161,0.907967773912256,1.3691908109851698,-15.178759351744556,25.57420010716193
0.0008676903492945698,0.9079082681298731,1.3702155099857354,-15.179362256542333,25.567833579747983
0.0009792726963393505,0.907840858511519,1.370232576509133,-15.179362256542333,25.567833579747983
9.324483287409535e-05,0.9097831176791351,1.3713079755234445,-15.178687930225685,25.605654187590062
0.0001357513234192531,0.909737172361285,1.3714261959381289,-15.178687930225685,25.605654187590062
0.002249243061660078,0.9086360938769089,1.3714524920155053,-15.183443227945547,25.5819625026462
0.0013698602350395994,0.9085238364647554,1.3694860265895867,-15.176062541891802,25.59709458387826
0.0014271556958593834,0.9085269216470964,1.369608993869603,-15.176062541891802,25.59709458387826
0.0015427820484559263,0.9095066851835774,1.3716605467069511,-15.180746494203328,25.604854345588528
0.0014685344907858777,0.9093149440306838,1.3717019745676868,-15.180746494203328,25.604854345588528
0.0005101040101704868,0.9082265544375325,1.3707343899002873,-15.176665201301098,25.590728151808456
0.0026224089716557764,0.9072532897106256,1.3707765572063337,-15.181420575131495,25.567033833090598
0.0027013488662475105,0.9071908791293202,1.370788566821619,-15.181420575131495,25.567033833090598
0.001703286013619465,0.9091421590134028,1.3718286612234594,-15.180746494203328,25.604854345588528
0.0016498847077119905,0.9091983101018859,1.3718772318937607,-15.180746494203328,25.604854345588528
0.0005808805209310819,0.9071585636249033,1.371799905430147,-15.179964836642334,25.56146736124618
0.0005988643095382606,0.909152110793227,1.3727187035812243,-15.181349153612624,25.59848791351873
0.0004053798493348637,0.9091598593963739,1.3727719455382426,-15.181349153612624,25.59848791351873
0.0003480968592599609,0.9070806794363204,1.3716767583012675,-15.179964836642334,25.56146736124618
0.00039254313245074,0.9070990934989811,1.3716138702971543,-15.179964836642334,25.56146736124618
0.0023739354158309744,0.9091278658306037,1.3726389565900652,-15.18546603617943,25.596888324859812
0.0022555220568771794,0.9110622399370216,1.3726352607973746,-15.184189053652245,25.64107778497769
0.002072053824754505,0.9110200206177221,1.3725915225536447,-15.184189053652245,25.64107778497769
-3.435516905714309e-05,0.9079994425132243,1.3714717511764731,-15.179326345378742,25.58356209130512
-4.023017629650738e-05,0.907954011386084,1.3713491276970236,-15.179326345378742,25.58356209130512
0.0018773724130398683,0.9069306562086681,1.3713861758892065,-15.18408171920914,25.55986777258726
-6.385427574429059e-05,0.9057705001889849,1.3713351807967529,-15.180603251795391,25.539375264961237
0.00011224035667156684,0.9058158325575998,1.371380168823507,-15.180603251795391,25.539375264961237
0.0003186630549145697,0.9089439008527052,1.3714539196998268,-15.178687930225685,25.605654187590062
0.0002258763941114239,0.9089858897567369,1.371552087643852,-15.178687930225685,25.605654187590062
0.00028871465199298285,0.9059764182111387,1.3724862444684356,-15.18326447518233,25.532208990889906
0.0034859735999575037,0.9069680863236442,1.370423580305757,-15.183479139109137,25.566233991089064
0.0034627590886495696,0.9070696214782377,1.3705727532717704,-15.183479139109137,25.566233991089064
0.0026008091139422262,0.9061420786140537,1.3725368154597515,-15.187381357749135,25.530609402230986
0.002677008892558952,0.9062078977365431,1.3724760484017562,-15.187381357749135,25.530609402230986
0.0006442214082418296,0.906331533813604,1.37046924100731,-15.177942107717747,25.546541325464574
0.0005996303589039798,0.9095483641192086,1.371449120966207,-15.178687930225685,25.605654187590062
0.0002824946252584226,0.9096022067952247,1.3714251425423973,-15.178687930225685,25.605654187590062
3.9785510696610515e-05,0.9074313413519894,1.3712742689391129,-15.179964836642334,25.56146736124618
6.649893893273529e-05,0.9073892302993392,1.371214705642302,-15.179964836642334,25.56146736124618
9.995255708039608e-05,0.9073734716510926,1.3712955635739013,-15.179964836642334,25.56146736124618
0.0022544657347118857,0.906356339997467,1.3723468764354996,-15.187381357749135,25.530609402230986
0.002467749178890699,0.906317618214419,1.3723555254089885,-15.187381357749135,25.530609402230986
0.0006000525733091955,0.9073985756550185,1.371426956937932,-15.179964836642334,25.56146736124618
0.0006704996117141704,0.9076255976346312,1.371489503184129,-15.179964836642334,25.56146736124618
0.000624589784680829,0.9076829467720648,1.3714290711040649,-15.179964836642334,25.56146736124618
0.0014624884136953398,0.9076400348062212,1.3713907512393697,-15.182023400619977,25.560667519244646
0.0014054923114397155,0.9076291700988082,1.3713711929009191,-15.182023400619977,25.560667519244646
0.00038153090073533846,0.9096247636890347,1.3703693879906242,-15.176026786148041,25.6128202480934
0.00024586834940931723,0.9096762252881438,1.3704431717622776,-15.176026786148041,25.6128202480934
0.0012120045842509697,0.9085800673320628,1.371389072573499,-15.181384909356385,25.58276224930359
0.00019932774936393116,0.9073922315550622,1.3703714921332608,-15.17730369256469,25.568633421749517
0.0003337808236580919,0.9073645216169677,1.3704628290056178,-15.17730369256469,25.568633421749517
0.0025278984514702785,0.907393206404306,1.3705726857306844,-15.181420575131495,25.567033833090598
0.002631408681521119,0.9072977224729262,1.3706332594193849,-15.181420575131495,25.567033833090598
0.0007564238236401621,0.9083073614310067,1.370697741671357,-15.176665201301098,25.590728151808456
0.0008004208788299216,0.9074148997102982,1.3717827449455045,-15.179964836642334,25.56146736124618
0.0008887993542421313,0.907393109040749,1.3717365572724831,-15.179964836642334,25.56146736124618
0.0018286671055394166,0.9073838513062105,1.37077975667178,-15.179362256542333,25.567833579747983
0.0018550621673694145,0.9074410453833035,1.3707972239926076,-15.179362256542333,25.567833579747983
0.00282804235476819,0.9064614081213274,1.3697879605106027,-15.179397766897614,25.552108010876985
0.0028414422395721672,0.9064813162551986,1.3717612237226922,-15.184720134362196,25.537775676302317
0.0028490378423127183,0.9064893382514239,1.3717400340271597,-15.184720134362196,25.537775676302317
0.0008385346656645254,0.9065491488733703,1.3717253001617173,-15.180603251795391,25.539375264961237
0.0008529356687114742,0.9067162341612183,1.3716973843406217,-15.180603251795391,25.539375264961237
0.0017641836823396595,0.906793856503499,1.3696372759962543,-15.177339448308452,25.552907757534378
0.0016035048020746068,0.9078249374726362,1.370597165865357,-15.179362256542333,25.567833579747983
0.0014779425966224835,0.907821820992248,1.3705551274596104,-15.179362256542333,25.567833579747983
0.00039663900956199427,0.9087648374638024,1.3715115612698772,-15.179326345378742,25.58356209130512
0.0003517800967554052,0.9087649837924325,1.3715297804890412,-15.179326345378742,25.58356209130512
0.00035715419021187245,0.9087097811480627,1.3705172050476064,-15.176665201301098,25.590728151808456
0.00035468230109847454,0.9076808046628344,1.3705534262045984,-15.17730369256469,25.568633421749517
0.0004654814172653232,0.9076155717868768,1.370560054921067,-15.17730369256469,25.568633421749517
0.002523848768893,0.907557458684209,1.3716450851955715,-15.18408171920914,25.55986777258726
0.0026656206732953436,0.9074792035024677,1.371682172417517,-15.18408171920914,25.55986777258726
0.002762141469411006,0.907484976610305,1.3707341691643098,-15.181420575131495,25.567033833090598
0.0028512232761173095,0.9066117580955337,1.3707660520201452,-15.182058990284553,25.544941736805654
0.0028730139699133517,0.9066425429515723,1.3707096924707463,-15.182058990284553,25.544941736805654
0.0007728514122424812,0.9076697886835046,1.3726940492334063,-15.182626060029273,25.55430108717485
0.0006747862331701882,0.9077005587494127,1.3726537438904516,-15.182626060029273,25.55430108717485
0.0005757426731234361,0.90771859770081,1.370586515348799,-15.17730369256469,25.568633421749517
0.0004502950433673547,0.9077820255470899,1.3705617024548524,-15.17730369256469,25.568633421749517
0.0003690424232094536,0.9077651325413496,1.3705090143249308,-15.17730369256469,25.568633421749517
0.00028346037893456355,0.9066750006641242,1.3704954709198187,-15.177942107717747,25.546541325464574
0.0004035930660650777,0.9066386244034441,1.3705016640522896,-15.177942107717747,25.546541325464574
0.0005261530307349993,0.9076487317635353,1.3715904975734206,-15.179964836642334,25.56146736124618
0.0026461908656645328,0.9076485752643781,1.3706666242571428,-15.181420575131495,25.567033833090598
0.00274540758828401,0.907648354123088,1.3707022338922505,-15.181420575131495,25.567033833090598
0.0008191715889300788,0.9076957932096219,1.3717267905287098,-15.179964836642334,25.56146736124618
0.0008546984460870988,0.9077486355902131,1.3717321256891895,-15.179964836642334,25.56146736124618
0.0008201599162900308,0.9077704804088615,1.3717311347872867,-15.179964836642334,25.56146736124618
0.0017590119703250195,0.9067578686795517,1.3707134115249509,-15.18000067169539,25.545741483463047
0.0017624067585844116,0.9067616089637118,1.370683988004271,-15.18000067169539,25.545741483463047
0.0007381699747566195,0.9067857080819475,1.3716954637139036,-15.180603251795391,25.539375264961237
0.000760531398664277,0.9067994378900353,1.371679281909861,-15.180603251795391,25.539375264961237
0.0017640854159863828,0.9058385182957154,1.3706814995502938,-15.180639162958983,25.52364675340411
0.0008318538144438392,0.907890786558093,1.3716581763218576,-15.179964836642334,25.56146736124618
0.0007186129242660044,0.907956758951898,1.3717083698705541,-15.179964836642334,25.56146736124618
0.0016995185890289477,0.907950633284428,1.3716376925073637,-15.182023400619977,25.560667519244646
0.001616200984561722,0.907943508112864,1.371610566864916,-15.182023400619977,25.560667519244646
0.001566212910741438,0.9079315009707116,1.3705816387828014,-15.179362256542333,25.567833579747983
0.0005174661771110145,0.9089585944344769,1.3715743238487068,-15.179326345378742,25.58356209130512
0.000411674940250073,0.9089196797314942,1.3715609706626135,-15.179326345378742,25.58356209130512
0.0013322617981397222,0.9088182673454641,1.371523881212191,-15.181384909356385,25.58276224930359
0.001291704647921943,0.9087314431288931,1.3715191597233831,-15.181384909356385,25.58276224930359
0.0002874260267979878,0.9086540766185514,1.370525524133611,-15.176665201301098,25.590728151808456
0.0003053582602712268,0.9076447312819191,1.3705627954423991,-15.17730369256469,25.568633421749517
0.00039612876292105526,0.9075737893849611,1.3705586689684885,-15.17730369256469,25.568633421749517
0.001419114031602664,0.9074854847877525,1.3706294067808784,-15.179362256542333,25.567833579747983
0.0015479726802678506,0.9074362687507165,1.3706870255802635,-15.179362256542333,25.567833579747983
0.0016658504706508204,0.9064251669881687,1.371751254687109,-15.182661815773034,25.53857542295971
0.002874198558223462,0.9064433946592831,1.3717642147419076,-15.184720134362196,25.537775676302317
0.0029469080421500315,0.9065041974456067,1.3718176679618992,-15.184720134362196,25.537775676302317
0.0020128664608596303,0.9066163501679534,1.3708053794075954,-15.18000067169539,25.545741483463047
0.001955733937828885,0.9067693589309893,1.3717798015733655,-15.182661815773034,25.53857542295971
0.0018484743888231847,0.9068220347424873,1.3716857558637434,-15.182661815773034,25.53857542295971
0.0016669158225548486,0.907827363523461,1.3696100522902883,-15.176701033155394,25.574999853819314
0.001480195380421101,0.907932170091571,1.3695981808696058,-15.176701033155394,25.574999853819314
0.0003657686831743945,0.9078992252586573,1.3715043679584284,-15.179964836642334,25.56146736124618
0.0002676417632390127,0.907773189314621,1.3694556544390482,-15.174642469177751,25.575799695820848
0.00026985352655639616,0.9077722324164836,1.3695181614963685,-15.174642469177751,25.575799695820848
0.002392690448794088,0.9067509995787013,1.37056202065743,-15.182058990284553,25.544941736805654
0.00154648990234163,0.9075974004595952,1.3715799484024043,-15.182023400619977,25.560667519244646
0.001672305015423703,0.9076080030596603,1.3717100289243236,-15.182023400619977,25.560667519244646
0.0008834084777196161,0.9066966266621681,1.370753189804299,-15.177942107717747,25.546541325464574
0.000978638159226719,0.9077753561672126,1.3717732174464272,-15.179964836642334,25.56146736124618
0.0009256703632876118,0.9078129647597191,1.3718062126012875,-15.179964836642334,25.56146736124618
0.0008546444290322697,0.9097683172070281,1.3717693586852926,-15.178687930225685,25.605654187590062
0.0006642629844391124,0.9097978587434523,1.3718047751885383,-15.178687930225685,25.605654187590062
0.0015564926622357866,0.9077129156761166,1.3717168568714513,-15.182023400619977,25.560667519244646
0.0005511040398435973,0.9076157712559447,1.370637796386986,-15.17730369256469,25.568633421749517
0.0005030642908310234,0.9076288446230525,1.3707041806632763,-15.17730369256469,25.568633421749517
0.002562208381657438,0.9066144785759347,1.3717069805942068,-15.184720134362196,25.537775676302317
0.0006191167740836612,0.9064860714655378,1.3716667001125478,-15.180603251795391,25.539375264961237
0.0006958630893394435,0.9065538734490934,1.3717291093198503,-15.180603251795391,25.539375264961237
0.000831731188367435,0.9066874396129163,1.3717447221049404,-15.180603251795391,25.539375264961237
0.0008068092736941423,0.9067066125004741,1.3717274044378267,-15.180603251795391,25.539375264961237
0.0018048522253373278,0.9077721552615343,1.3717075748061838,-15.182023400619977,25.560667519244646
0.001700834008754537,0.9078138815195766,1.371699033395394,-15.182023400619977,25.560667519244646
0.0016421809017685973,0.907827158675399,1.3716298013082016,-15.182023400619977,25.560667519244646
0.0005620219939128646,0.9078646231902627,1.370586896456032,-15.17730369256469,25.568633421749517
0.0004691353055079617,0.9078974942310303,1.3715624819598928,-15.179964836642334,25.56146736124618
0.00041950660032652465,0.907852397312664,1.3715141611872457,-15.179964836642334,25.56146736124618
0.001352310458659467,0.9067694960791632,1.3705089455787753,-15.18000067169539,25.545741483463047
0.0014632060261061675,0.9067737911802096,1.370510966511068,-15.18000067169539,25.545741483463047
0.0005274284336875823,0.906783567028248,1.3705590761729436,-15.177942107717747,25.546541325464574
0.0006262116388358052,0.9068106664911286,1.3695964722265628,-15.175280884330808,25.553707599535905
0.0006951303393574193,0.9068565568878955,1.3696537676115481,-15.175280884330808,25.553707599535905
0.0007661282075179798,0.906847784366875,1.369696644117559,-13.175280884330808,25.553707599535905
0.009402805036049955,0.9267395454031848,1.3796707525001537,-13.178049438962095,25.627748917649
0.020133464476157492,0.9272396819506232,1.391129042686837,-13.178049438962095,25.627748917649
0.031833212175087944,0.9340954779515449,1.4072032932770826,-15.162517171981372,26.376536069930516
0.06678878475398742,0.9155304683814938,1.42871207288876,-15.162517171981372,26.376536069930516
0.14660328856988603,0.9491882557451425,1.4488220172906292,-15.212253258245488,27.10609310236464
0.2293885754108882,0.9885807700023983,1.464263391423934,-15.275325231271685,27.274748712697587
0.23345718111449942,0.9976297369644544,1.4665077464334977,-15.275325231271685,27.274748712697587
0.24011830007702484,1.0256703204996704,1.4615502846494488,-14.235118032835935,27.69186042190048
0.21755775316641124,1.0387073925070225,1.454418182739563,-14.244771870683593,27.709956132640038
0.18531018306187308,1.036798214089166,1.4441127964633718,-14.244771870683593,27.709956132640038
0.1580193187170975,1.039513054446584,1.4335544422752333,-13.31519816261898,28.204750216567092
0.16959172460904215,1.080679092646558,1.4371620980915267,-13.331574871995564,29.131616483594676
0.17129217190756751,1.0711580321629313,1.445269401764675,-13.331574871995564,29.131616483594676
0.2327263737634584,1.1077699832032126,1.454786646003213,-15.392144976786923,30.38739502536609
0.25222459807600295,1.0835664307410542,1.4683135625585098,-15.392144976786923,30.38739502536609
0.3516960838571048,1.1351765908177538,1.478209563146847,-14.18167673479551,31.632537725565662
0.4382691171602957,1.2155256208007905,1.4902615124005023,-14.266978786063529,32.61042537324415
0.4263813500250455,1.2143154333574115,1.4884595900787851,-14.266978786063529,32.61042537324415
0.4556438237532259,1.244439428361002,1.4820704054280767,-15.679537096846891,33.68364891818101
0.4959317355882251,1.2765735023286573,1.4707779066621067,-15.772971084281645,34.82969213138933
0.4694769088590678,1.2607015919008633,1.4598792065324648,-15.772971084281645,34.82969213138933
0.509870663487757,1.309080300309152,1.4439966057699278,-15.860970515488676,17.784684898095215
0.5286623329374032,1.3029253141413135,1.4072620086363807,-15.860970515488676,17.784684898095215
0.5519912630230093,1.335044406332951,1.3854461174303183,-15.876892431446617,18.26561916636207
0.5692383461490902,1.3562053269717043,1.3270303419435088,-15.811548475096723,18.820288070884317
0.5517047028313637,1.3738477441004004,1.3096132110215861,-15.811548475096723,18.820288070884317
0.5347803072488131,1.394181078870506,1.2726777410667665,-14.373857355902318,28.200862617985784
0.49273762005301336,1.4215396556127684,1.239247969475215,-14.29746456200108,28.452070648858985
0.47544367482677696,1.4210845813152637,1.2154234978972869,-14.29746456200108,28.452070648858985
0.45134025202482464,1.4295930500368477,1.1677873002544468,-13.557572466665912,38.13581453730091
0.43929392544334656,1.471796496554171,1.1407256803878383,-13.414130366539226,39.559776086115995
0.4570148200955426,1.4453169070871248,1.145990256101309,-13.414130366539226,39.559776086115995
0.537209203762604,1.4771621655698342,1.1544907373360123,-15.459484619049828,41.0418392783733
0.5669917099548822,1.4311735492790714,1.1782469248231275,-15.459484619049828,41.0418392783733
0.6830903281847416,1.4694088777918628,1.2167578210051322,-15.620449624348213,42.338706781761
0.7948555427591271,1.5257504878623815,1.261530181394484,-15.808945835504415,43.29182802029005
0.7866216200807434,1.5035784782694177,1.262902746311548,-15.808945835504415,43.29182802029005
0.8208368571360016,1.5212753069173912,1.265123742562504,-15.937465160572213,26.00457250427855
0.8816269523081735,1.5394683119843713,1.2486443177468352,-16.040889566215952,26.643134786722293
0.851460002900768,1.5440475512099514,1.2578385567707162,-16.040889566215952,26.643134786722293
0.8780564244912172,1.5450210890426832,1.2410044443161836,-16.117160327063417,26.694750497091064
0.8551114332864223,1.5536361470319395,1.2237014826335204,-16.117160327063417,26.694750497091064
0.8295597913406265,1.587461268641713,1.2075956633499398,-16.111026256227305,27.190767856658894
0.8022334916239835,1.5990866220534428,1.1847573514233143,-16.10158680419238,27.20670004113255
0.7795419416963023,1.6085049609353912,1.1632507345264318,-16.10158680419238,27.20670004113255
0.7622418562785924,1.6169691054057802,1.146343248406879,-14.688886253976632,27.190767856658894
0.754355983186465,1.6351618801262935,1.1347360730533054,-14.686225109898986,27.19793391716223
0.7535919177114967,1.6416370222351355,1.1297742921094809,-14.686225109898986,27.19793391716223
0.7583900350990058,1.6329100660052143,1.133267908692578,-16.11461197877486,27.292470590243326
0.7853814311859795,1.624682136441703,1.1408872107415746,-16.11461197877486,27.292470590243326
0.8248551803338953,1.6580361465670181,1.1547398378314573,-16.011782073939393,27.88639622674374
0.8645866148619676,1.687902703904328,1.1675944481701217,-16.016465908886357,27.89415751890901
0.875933541294629,1.7000352474129126,1.1683686674921065,-16.016465908886357,27.89415751890901
0.8750474093794085,1.7093098601402628,1.1669324296978107,-15.200299198899025,27.878225761571343
0.8669781873826325,1.726951052877938,1.166021493593325,-15.203067794784339,27.95226818300344
0.8552097897809281,1.731099186226642,1.1627358369042362,-15.203067794784339,27.95226818300344
0.843697273040295,1.7245951847906509,1.161504329911073,-16.134706892502358,28.009784090243997
0.8434217439034053,1.7190078249875524,1.1620791703903084,-16.137511118238432,28.068098474927027
0.8475145418648378,1.7179039411403234,1.1628284654952044,-16.137511118238432,28.068098474927027
0.8583574069612832,1.7328457342376982,1.1627964410607823,-14.71615273549349,28.11148677615637
0.8576937643395048,1.7469824091943074,1.16341097878268,-14.71615273549349,28.11148677615637
0.8534431588310789,1.7539560254585798,1.1658956675864105,-16.072276659081446,28.20762261076041
0.8406668447686343,1.7478912227328047,1.1675797111199895,-16.073773650584695,28.706807059184257
0.8483108201776255,1.7437313217100294,1.1717379196399373,-16.073773650584695,28.706807059184257
0.8658303878099791,1.7605349709664075,1.1785210102547028,-14.328775509091873,28.708202085175643
0.8711647701226468,1.7794923145830506,1.1858550051056445,-14.334843702263154,28.75298503293247
0.8713612309103635,1.7812861966398634,1.189941271839412,-14.334843702263154,28.75298503293247
0.8648960935972374,1.7952795528915448,1.234498076525833,-14.380741169230898,29.31943175801802
0.8865333029203195,1.7904630393466099,1.2514331778958105,-14.380741169230898,29.31943175801802
0.9183301848266288,1.8165760014117085,1.3271725606164764,-16.19548792358926,29.558844127507555
0.9142261104033556,1.8284383182719288,1.3948473381432338,-16.254697845349916,29.756974991634586
0.9371726943097411,1.8304546919641056,1.4050960683901978,-16.254697845349916,29.756974991634586
0.8659313517824767,1.8643786828695572,1.442719255957972,-16.321884080022095,29.696576303498276
0.8446284825907675,1.8721012418014658,1.4319198839275522,-16.321884080022095,29.696576303498276
0.8062294544818718,1.8788398545313485,1.4420885563813846,-16.397142891614365,29.5550393289204
0.7581870992158355,1.879092342685412,1.4226905956147444,-16.40714909402591,29.548468286511003
0.7081282201608987,1.8738855211241,1.3976566750211021,-16.40714909402591,29.548468286511003
-0.18814309929757655,1.864779887438139,1.4011132363278547,-14.731182793773874,29.984261680075733
-0.22114520692431983,1.8683384239370622,1.3856827521547945,-14.731182793773874,29.984261680075733
-0.3221093439527749,1.826420530453933,1.3763080269049777,-12.588959029170473,29.35617600546231
-0.3374684266357497,1.782950247940843,1.382404200277497,-12.579437389359889,28.770043417797147
-0.2959664469669976,1.7723017030315877,1.407747039370678,-12.579437389359889,28.770043417797147
-0.24276206516538013,1.6864004194286246,1.4488223535447626,-14.615262970467796,27.629732272353905
-0.1323594689142582,1.5585497530367811,1.496160681424429,-14.712217722980037,25.204755038867532
-0.02200396162938567,1.5672213645113393,1.5456671804154434,-14.712217722980037,25.204755038867532
0.1264198215692729,1.5052989124975462,1.5907960700284192,-14.863617755711164,22.739461286012535
0.18731797010176088,1.5362450733541249,1.6148439901287523,-14.863617755711164,22.739461286012535
0.2353250498914865,1.5713431995841898,1.6309279972424933,-14.921254847811861,22.717066758755188
0.24836894070756532,1.6026277075223216,1.6077762725509976,-14.896497270013517,22.873858324807237
0.21940251290709,1.6285874456847422,1.5993166034279782,-14.896497270013517,22.873858324807237
0.18483661474624125,1.649338213472102,1.5808647671611777,-13.295032732098532,22.891357700565862
0.14675384694163696,1.6764832349057044,1.568543539313107,-13.295032732098532,22.891357700565862
0.11378414172786067,1.1767255529533183,1.536286596363242,-15.16793409039321,11.78042753649013
0.1304130926013014,1.0274915964839166,1.5109952947389034,-15.2714168229692,9.071603869078803
0.15136163389405066,1.0501524873551047,1.524042658798146,-15.2714168229692,9.071603869078803
0.21072173142364026,1.0594539251905486,1.4975967270242294,-15.237990725371631,15.679259158926925
0.2012108293584931,1.095803988576844,1.4996727581297011,-15.237990725371631,15.679259158926925
0.19262542125164583,1.1134886869282048,1.4783803605227548,-15.247853724868623,26.1969724420601
0.12742339345720977,1.1338162245195809,1.4677192866229527,-15.24260277892291,26.179850696206636
0.08347233756897454,1.1309796441569264,1.4317605822601385,-15.24260277892291,26.179850696206636
0.02975628642963679,1.1227158155445986,1.4106487145648696,-13.259581840667924,26.07654837396327
-0.0011904899819281667,1.1232326514141888,1.400199152342565,-13.259581840667924,26.07654837396327
-0.017484014012008497,1.1097638001537393,1.399185467697516,-15.244058517412068,26.185417168051046
-0.02961694282210825,1.0794844567572002,1.3999316625409688,-15.23328162426174,26.910510001614696
-0.00416930263761861,1.0560230715086707,1.4145733799078415,-15.23328162426174,26.910510001614696
0.08430178828467483,1.0825758155978933,1.4311335336208906,-15.207074609785968,27.274604867699523
0.10048316076615427,1.0738890321366057,1.4398467155630699,-15.207074609785968,27.274604867699523
0.1211285070422492,1.0731531996439003,1.4447073706626892,-15.238804674761468,27.402930897825303
0.14221648033266687,1.0855167527567302,1.444628209708327,-13.829967516466379,27.84450463161369
0.13496186725146053,1.0870552905574977,1.44722705095838,-13.829967516466379,27.84450463161369
0.1334370289739164,1.1101041287070843,1.4524826722764805,-15.383469786240006,10.547299014529813
0.22387412426056041,1.098338331812506,1.4380751409839063,-15.470216969051785,11.025623101096379
0.25345685384799266,1.1175336192346081,1.4723829662549752,-15.470216969051785,11.025623101096379
0.3394798543329758,1.1526175314618088,1.4820600458427764,-15.52643415771638,10.981936224211474
0.35950535573335674,1.1871023896588317,1.4837355495217213,-15.52643415771638,10.981936224211474
0.36441242662654405,1.2198982732960644,1.4451249123919165,-13.466417762952098,29.136205944705104
0.2987368520274527,1.264196318390167,1.4554207503500112,-13.467873501441257,29.141772416549514
0.2639244653548425,1.259712986924762,1.4193710401402253,-13.467873501441257,29.141772416549514
0.20450833272609614,1.2424926976062565,1.3964052294154592,-15.403846368775335,29.514388410912815
0.19004692828452097,1.2054594471359203,1.3940081072204569,-15.403846368775335,29.514388410912815
0.22888376747042694,1.2171915497430719,1.3970137173207666,-15.410405461087985,30.296900552627072
0.2778105896068932,1.2304719381016587,1.4048051837944762,-15.460237796170318,30.474150536579714
0.271415765815779,1.2131962653489174,1.402167876364088,-15.460237796170318,30.474150536579714
0.27804067865309356,1.2091950401423461,1.3939821680883684,-15.527023848813075,30.758103011564028
0.25434787085061883,1.1906340339057835,1.38576617303679,-15.527023848813075,30.758103011564028
0.2353367985449819,1.1723287642931581,1.3721877302787253,-13.530114081753371,30.81899188721514
0.22191213901079454,1.1738549780794691,1.3646344893188544,-13.517733026604958,30.963691315611456
0.21103380491430412,1.1544678159569883,1.365766027904459,-13.517733026604958,30.963691315611456
0.21660596097181406,1.1452117513045814,1.3705566286867765,-15.517605968092314,30.577118090639427
0.24302246873283995,1.1089388554503974,1.3833398083888655,-15.517605968092314,30.577118090639427
0.3148372119682805,1.123561769431639,1.4023639139229331,-15.5744009906275,14.383484416842649
0.4529484622186728,1.1627968544691347,1.4006661394110198,-15.632789006705298,14.672768029429022
0.47983130706642907,1.1945843184667997,1.4288996894172903,-15.632789006705298,14.672768029429022
0.5095894536470835,1.2196741492459917,1.4243739614000077,-13.633642165094455,14.684700719775229
0.5156521523126438,1.2703866848720555,1.4250966955250717,-13.633642165094455,14.684700719775229
0.5136604486909748,1.3046242573478117,1.4160913575570082,-13.625873241368502,14.740226748826394
0.49759614036904165,1.308794055855154,1.3360472184380279,-15.422382523587935,15.313315556952553
0.5050876018786259,1.3179005458447113,1.337008153562055,-15.422382523587935,15.313315556952553
0.5250063356190624,1.3700286077655925,1.2757893610530138,-15.241749761229318,16.42519388259454
0.5505302695273875,1.421252307837963,1.230215625814827,-15.118911640825713,16.81095688093402
0.5413629442472128,1.4464816812782204,1.2207661369616627,-15.118911640825713,16.81095688093402
0.5197410390848161,1.4668747950150611,1.1756193935304204,-13.95645295180461,17.10655536339555
0.4970773007971836,1.487945636748357,1.167202648064142,-13.95645295180461,17.10655536339555
0.4779961431888866,1.4989485988899178,1.1038963785037943,-14.876177690212545,35.58210724077783
0.39799090526145076,1.495626510855683,1.059300992022608,-14.7213393607708,36.466272934609414
0.37834497773548836,1.4615153200394233,1.032269829275227,-14.7213393607708,36.466272934609414
0.3529505295992559,1.4528829295293646,1.0284265930554537,-14.707466410581155,36.62113449806258
0.33249727054478573,1.4139524453881274,1.0259614609613572,-14.707466410581155,36.62113449806258
0.31898754623511394,1.3740653384943995,1.026871068520006,-12.702746947914349,36.62910030522331
0.3185089224687263,1.349684749817657,1.0298498910358425,-12.669959743356284,36.70316119518912
0.3293879170401528,1.3120752719836732,1.0484289255455268,-12.669959743356284,36.70316119518912
0.3432804873959201,1.280707544966417,1.0668062116299688,-14.171821871093524,37.43026316988275
0.38692915712925924,1.2340508248691229,1.0988578520686727,-14.171821871093524,37.43026316988275
0.47837570816467645,1.2422146157655534,1.1311824694373018,-12.705885512644583,38.196041221500025
0.5823979244479087,1.3022050411089188,1.1671382351332775,-12.762333554090683,39.20085428778012
0.6095269343203447,1.2901957603890055,1.191930785647784,-12.762333554090683,39.20085428778012
0.6719832841992033,1.3359133226365858,1.240811251251425,-12.890377828137485,40.63672958482336
0.686151576032896,1.3214475803072099,1.2631107134664117,-12.890377828137485,40.63672958482336
0.7905197048497714,1.4111904432536375,1.3266119270800933,-15.13161836729605,35.397038281754604
0.9348016504933232,1.4989211054098448,1.3995428207161738,-15.500968862789998,37.308547281292505
0.9283980204697313,1.493973377929314,1.4078128339402707,-15.500968862789998,37.308547281292505
1.0601209382120624,1.6234840543828946,1.456057229162886,-15.865921617681368,28.238013211154602
1.0390870237762404,1.631513120479153,1.4188531297819145,-15.865921617681368,28.238013211154602
1.0617790559464237,1.7109899175266938,1.447845777585904,-16.1463947475481,29.189888213487805
1.0392874453349505,1.7660433923295138,1.4725673637415457,-16.387919604862077,47.70580232776328
0.8984360656211772,1.762569114513129,1.4397713594295847,-16.387919604862077,47.70580232776328
0.8050430565122886,1.776449611201382,1.4164895189076607,-16.516269931440906,30.245760356022735
0.7687607877195246,1.7977424579798662,1.3848897480339182,-16.61655786799326,30.847597343698865
0.703644530853663,1.7870993975189706,1.3637389148059174,-16.61655786799326,30.847597343698865
0.7277135875598684,1.796227829769614,1.3570921859398153,-16.775443225207777,31.263398662661984
0.7100455717459808,1.7909524535474703,1.3645587848309626,-16.866245109853473,31.134984675858256
0.7021257942551928,1.7831209891530824,1.3413055321381888,-16.866245109853473,31.134984675858256
0.7011341218399676,1.782052797291226,1.3275642554942269,-16.876889844782642,31.10632000670892
0.7038923533786785,1.7822528159040285,1.3125258831691204,-16.876889844782642,31.10632000670892
0.6670264893355213,1.812026834448605,1.3261464420028037,-14.843167875935343,31.593509622682546
0.6617481561836529,1.8306974252903672,1.3255670681161043,-14.808138255620706,31.62283341629768
0.6786963605567173,1.8325543464040148,1.328334558657474,-14.808138255620706,31.62283341629768
0.6935289803728999,1.8105081237105314,1.3432577855795103,-16.818890283738952,31.675377656219766
0.6770776668281089,1.7966975713033169,1.3914405844750246,-16.77592751765824,31.583223821241965
0.7302597002783071,1.7992692122164653,1.4105471753547891,-16.77592751765824,31.583223821241965
0.6807739411223048,1.8552034031274536,1.4317959434136571,-16.02302565703584,32.097739578231035
0.696777458872957,1.8745435993381523,1.4378064091034277,-16.02302565703584,32.097739578231035
0.6952019151695348,1.8866973681497878,1.461626186078559,-14.638511373714326,31.933512855500283
0.6826485335781634,1.8958339795969965,1.4669932935119254,-14.651178780485179,31.91977619746305
0.6788326467889325,1.8980707925983835,1.4712260638446972,-14.651178780485179,31.91977619746305
0.6755298938913192,1.8795453634264578,1.5012332626928426,-16.69327676225123,31.76212094427769
-1.0024140963593045,1.8333772696709816,1.5112459260575761,-13.222653581061182,32.49279983081494
-0.9658766724337431,1.8611634971055608,1.5357634093775139,-13.222653581061182,32.49279983081494
-0.8019329242372155,1.8544503966704917,1.5633688802035977,-11.491622452936742,31.53976300197384
-0.7187666017838419,1.7732203269266604,1.5920087188566683,-11.675371398907364,30.210903790140655
-0.6508748463769018,1.7755824360540466,1.6366411890433246,-11.675371398907364,30.210903790140655
-0.4463763404885439,1.7602514819987007,1.6883260223903722,-13.942619795370431,30.131594842322613
-0.34907578132894046,1.7549519606710111,1.7430368062443766,-13.942619795370431,30.131594842322613
0.02836021042710013,1.7737559662981426,1.767584174639396,-14.461548086247523,30.095537158176825
0.6371961479573081,-0.08572100365311264,1.7713542938126947,-16.675377674658797,-12.297002124054245
0.7934475611295477,-0.05625911871153422,1.7410070353316596,-16.675377674658797,-12.297002124054245
1.0790001100515498,0.16082980890704013,1.7709593410533724,-17.06210688363661,-10.04117655156929
1.2726046908739814,0.3325157123641542,1.7157189611402353,-17.25898597082036,-8.530220459590407
1.20827904499822,0.4347878687907496,1.6707968932066923,-17.25898597082036,-8.530220459590407
1.2183661872527416,0.5444057170458199,1.6029331365358428,-17.471437498482015,9.583844866565396
1.0299574430873124,0.6217113032242432,1.5411486581663874,-17.471437498482015,9.583844866565396
0.9371486872421064,0.6797543039952703,1.3947759050016453,-17.48786542709895,10.353942325590674
0.7944803633404591,0.709019081993937,1.3108099449652366,-17.525735105003953,10.367204618669442
0.6660570646790758,0.7080758513231469,1.2333816820953367,-17.525735105003953,10.367204618669442
0.5751325515329064,0.6955656731888853,1.1723603268943723,-17.53606326916826,10.347479721566915
0.5150256087102703,0.6793803289079259,1.1281824846882573,-17.536845002839787,10.390864072135281
0.48462375946689296,0.6589118155059877,1.0993817104202934,-17.536845002839787,10.390864072135281
0.4751759459600988,0.6415351934390181,1.0856560887803357,-15.530598058665937,10.424720216997871
0.4978452933894646,0.6408461514388302,1.0885077868579285,-15.530598058665937,10.424720216997871
0.5400373965539158,0.6312457166914853,1.1013934158616419,-15.536313766710007,10.494169028152642
0.5787791404217897,0.6566427359580971,1.1261864418591405,-15.495273230451806,11.85841249116267
0.6538575010287038,0.6477378920782573,1.166347321339864,-15.495273230451806,11.85841249116267
0.7640885757335663,0.7474473534276,1.1798244670271179,-15.4031608946587,14.3439771854962
0.8672412663897275,0.8506269777917204,1.2267601821894365,-15.398371778730887,16.55224788267636
0.9294881346353074,0.8521483898111928,1.2664061010928722,-15.398371778730887,16.55224788267636
1.0117863103723637,0.9836825089141727,1.244580695498514,-17.23895924443726,19.807101782918814
1.0677363255201477,1.1096909691384793,1.2411156289218535,-17.159458741901656,23.068079441625322
1.0639177951326038,1.1023422079262921,1.2510707124355798,-17.159458741901656,23.068079441625322
1.0873886005529916,1.226976012945179,1.2120267364005937,-17.062739301482836,25.766995262626544
1.024532663779738,1.2135833987931088,1.198574879591396,-17.062739301482836,25.766995262626544
0.9857756155546635,1.2915483036102664,-1.5632900500990217,-9.778953185989533,63.235346732251635
0.8408071382292794,1.3938234308719466,-1.5994457533336734,-9.58816230801147,65.69525418856605
0.7613371805270983,1.2891430410249822,-1.6443002860779536,-9.58816230801147,65.69525418856605
0.6596333193417427,1.1383103309935585,-1.2542264855582914,-10.554395528316961,48.39543372182531
0.7143904824737959,1.0488523295853818,-0.8852189168767035,-11.208948440936354,47.19866444588588
0.8751851715412657,0.9582219980131057,-0.7566933837912213,-11.208948440936354,47.19866444588588
1.0052562006476067,0.9535972788976128,-0.5236996632002051,-11.28974399052778,47.60417512853254
1.1989740616519713,0.9292048499780106,-0.4101678702236522,-11.28974399052778,47.60417512853254
1.32240982565693,0.9528934206326192,-0.2735362293370418,-11.323552901391272,48.11379861920835
1.4200647272727354,0.9850768171019548,-0.16493690914606307,-11.385368056806342,48.58034898086696
1.4745964165026115,0.9877737898488188,-0.11265008558644118,-11.385368056806342,48.58034898086696
1.49092122930089,0.9947745646019566,-0.060307553822308124,-9.436676175153343,48.503307618659086
1.4844802372940507,1.036944775589617,-0.01833996827661677,-9.467196249758215,48.90536294478712
1.4586406396501643,1.0357327320703777,-0.0036472425929217067,-9.467196249758215,48.90536294478712
1.4221756931249063,1.0567646908736341,0.02859408156375043,-11.498681800554648,49.90990721274134
1.4038124755777568,1.0297700054606358,0.03795606621913805,-11.498681800554648,49.90990721274134
1.4004260410212808,1.0609949515600487,0.07138760940206734,-11.553974450465,50.65608783726446
1.432606449933871,1.114100059232083,0.0751740053435368,-11.600798778437964,51.393392114308426
1.3969376324799732,1.1094144607906131,0.06342843089468353,-11.600798778437964,51.393392114308426
1.3573233674541076,1.111925147195417,0.04944958498691854,-11.618651110752484,65.22444062083498
1.2746451222129336,1.1157447879314986,0.05274608901311795,-11.6734487416294,65.54462829288971
1.206280172909811,1.0745329211555745,0.007545962069261947,-11.6734487416294,65.54462829288971
1.1410930110047357,1.038943281341432,-0.007212575538006805,-10.614257889678477,65.92572537576805
1.0936324435515963,1.0046621677053007,-0.03261853662372238,-10.601309797510927,66.06106265412527
1.0587413939981793,0.9557233553372777,-0.043115458192181766,-10.601309797510927,66.06106265412527
1.0382658194255523,0.9013639200977468,0.014113922683503421,-9.85956297945557,51.679067626955906
1.105752967015742,0.8664536313597253,0.014736588712042753,-9.85956297945557,51.679067626955906
1.160752015985394,0.9050588434821711,0.13379850165537377,-10.026022679945077,52.259024358867556
1.2601526571775756,0.957134187143093,0.21343257761951406,-10.16003292785432,53.529188743936636
1.3324172656779396,0.9607675554211408,0.24973217760120114,-10.16003292785432,53.529188743936636
1.4548167352823769,1.0779653470953368,0.31855863045141675,-10.3092146357168,55.48216965012273
1.4988324461834133,1.096257529374851,0.3449260642177303,-10.3092146357168,55.48216965012273
1.6180186215304206,1.237429236051781,0.40864633432275776,-10.545670109834074,75.81439019873007
1.656421133585471,1.373394521741357,0.5123884894078012,-10.871225782439268,77.99011663320499
1.6180908983690971,1.343909081219505,0.48020225852226806,-10.871225782439268,77.99011663320499
1.6763385974317013,1.4286612656808408,0.788504921916829,-13.916903697196616,59.91263840911957
1.6684163319555996,1.374635376706547,0.742025711783922,-13.916903697196616,59.91263840911957
1.7775373722176708,1.418116361408793,1.0432603288183488,-14.406420870252255,58.859134260579765
1.8694153398792812,1.5318385703419732,1.1524073474324168,-14.9507600815883,59.94303296876925
1.7834505424588734,1.5221063255371194,1.1021434249062465,-14.9507600815883,59.94303296876925
1.7718967926520555,1.5951713102582668,1.0907514039399775,-14.585215985618737,61.170397530712506
1.6619832251773223,1.5938697736022371,1.0243451905901768,-14.585215985618737,61.170397530712506
1.6145114100956426,1.5757227108886447,0.6522349867091817,-13.942792132417855,63.278621432222145
1.5121863627466463,1.6012921731408336,0.49396152903623247,-13.648689393674644,65.04856772225315
1.4378181907433198,1.5731929391246777,0.4436123184009717,-13.648689393674644,65.04856772225315
1.39093503418666,1.5312069308386955,0.3819294782198981,-13.524130718552929,65.19049570086868
1.379451029599383,1.4963408405087497,0.35391962361367124,-13.504899720651558,65.24702523291988
1.3973955848913078,1.4672033729072673,0.3478097605341999,-13.504899720651558,65.24702523291988
1.4348222320596582,1.4409598297810895,0.35109366863763514,-14.778466620440797,65.23129764686782
1.4779207442832938,1.4129313198914248,0.3577163294023755,-14.778466620440797,65.23129764686782
1.5227359611092632,1.398617577461617,0.3640659293941162,-14.774420940492613,65.20144313735908
1.5663435150397156,1.407637835971347,0.3662781448763335,-14.764414826904178,65.20801363697873
1.579258511290714,1.4057107880716715,0.36354349614738846,-14.764414826904178,65.20801363697873
1.5782966873646762,1.4023311212759868,0.3601589484630998,-14.780417625253312,65.1492893646439
1.56497525719243,1.398119108580035,0.3521474252137877,-14.791062201563888,65.12062512263056
1.5466827437500799,1.3922270341175498,0.33799127938794227,-14.791062201563888,65.12062512263056
1.5271813878193696,1.385342335217854,0.3241082847196348,-14.793723504260122,65.11345863499123
1.5090779815481765,1.3775438703861558,0.3095208136610146,-14.793723504260122,65.11345863499123
1.493997821267456,1.368308841897853,0.30113771868370875,-14.908774057532156,65.05553416294487
1.4826729779339933,1.3592835660814235,0.29299011914012496,-14.919418951079912,65.02686906665953
1.4753156307369641,1.3515679652252954,0.28272142016242086,-14.919418951079912,65.02686906665953
1.4729711606221336,1.3462425728922218,0.26816432669217294,-16.754867682401525,65.06906647770406
1.4627312318273988,1.3259354577568283,0.2544593892913709,-16.75752866786058,65.0619008443367
1.4521557942121737,1.320242920112281,0.2377183645793952,-16.75752866786058,65.0619008443367
1.443906255556946,1.339524119224913,0.21782660312808755,-14.80564500601498,65.0406069081905
1.4129583069559448,1.3543927748392188,0.19214890375842053,-14.799081741635458,65.08339859871073
1.3751675981816218,1.3500206560888528,0.1692396497694597,-14.799081741635458,65.08339859871073
1.3328276556776326,1.3138191853369743,0.15100402377644118,-14.799720204357598,65.06130485631705
1.3326595356376143,1.299449959150797,0.14711962094878483,-14.799720204357598,65.06130485631705
1.3509323803570652,1.2888501217598534,0.14704473549375585,-16.785775862628647,65.1192293283634
1.374538689321966,1.2617214519766424,0.15754733892431405,-16.80961885662455,64.9735262039837
1.4011981597828291,1.2580964881500352,0.1596792600903596,-16.80961885662455,64.9735262039837
1.4253099527173578,1.2075591791251585,0.21750233473480662,-16.08351586066405,62.83061368605952
1.4228489287523884,1.2198678472405442,0.20398566068200052,-16.08351586066405,62.83061368605952
1.3312309618203457,1.1470092342829643,0.21942251740267738,-14.99441147783752,60.9104860125725
1.2668157763801897,1.108489582859296,0.2171487654407267,-14.963972715468074,59.96876896914153
1.2574743726394209,1.1117317917487268,0.21155589473281466,-14.963972715468074,59.96876896914153
1.2222046757639005,1.0695845561151307,0.21791840818201802,-14.937942187593999,59.280589121476275
1.2472341472773287,1.0719827866102465,0.22496313184426242,-14.937942187593999,59.280589121476275
1.2543403185338504,1.0794127245127725,0.24082546848240272,-14.889744327562516,77.28705191523198
1.2253318359419412,1.0500954561506424,0.2721461082616874,-14.900521220712841,76.56195908166833
1.2417358787475417,1.0289908037630053,0.2570383795127271,-14.900521220712841,76.56195908166833
1.2162405115304145,1.015789636981173,0.2662066394181748,-14.515290982450654,76.53853390070142
1.2196411734342814,0.995359231627523,0.27479937219672124,-14.515290982450654,76.53853390070142
1.222934761833777,0.969998084297703,0.27850286539273794,-12.842853759592064,76.5958632390001
1.237109120221782,0.950968801252996,0.31396383156906893,-12.890188035083854,76.45751156057187
1.2594307788193149,0.9254993539791112,0.33813628684316477,-12.890188035083854,76.45751156057187
1.2794521299088357,0.8791913649301764,0.49090119725388837,-13.216695614464207,75.54841446966586
1.3348343049795917,0.8558160540532156,0.5267844756710813,-13.216695614464207,75.54841446966586
1.420697264850526,0.7923925003258554,0.7166929451076136,-13.705432454002915,73.34641271264579
1.4898533524743929,-1.2135748162808437,0.9309514282228846,-15.476982168458001,27.850779674101904
1.6840983040333795,-1.207445999089718,0.9147456542543924,-15.476982168458001,27.850779674101904
1.7866234202430702,-0.28958094859358097,1.178335329027914,-17.46567753541582,26.66747674194812
1.8122169998116198,0.2628015997031157,1.3415673388843459,-17.438280938374845,35.92072956319541
1.7889649711106037,0.37144258603857594,1.3347208450251473,-17.438280938374845,35.92072956319541
-2.074846364256784,0.6657208777003865,1.3693279389120336,-9.701641812576774,42.15146732130043
-1.956669647342129,0.942973395228949,1.4071149761561514,-10.279255124440871,44.210093418355335
-2.066509131017174,0.998323011588826,1.356331083243104,-10.279255124440871,44.210093418355335
-1.963529377937248,1.0349126094999819,1.3778557219504357,-9.246375253616653,45.9166224174089
-1.571099169729322,1.1506086755946003,1.4707694954048636,-10.077885137790506,47.185588002303554
-1.4798003969080638,1.1542603786368235,1.5259245735904932,-10.077885137790506,47.185588002303554
-1.346895464249616,1.2519770782613464,1.6549272539854396,-10.733630091152664,32.927285635415565
-1.139246417233973,1.2891999649813122,1.7250014747099887,-10.733630091152664,32.927285635415565
-0.9821770568874455,1.4023169676850493,1.8719692492433988,-10.982643149705297,31.680319580571712
-0.6627474122352619,1.4236285524925103,1.9494831153398455,-11.368443508822166,30.51670618000029
-0.5666213493330479,1.4941410280519616,2.0076113915883242,-11.368443508822166,30.51670618000029
-0.9829211658108337,1.4494219772743908,2.051514685647863,-10.75099778687853,46.19141222203977
-1.021330257984716,1.5219313612949645,2.0883527578008545,-10.75099778687853,46.19141222203977
-1.021598943280187,1.5530165812841066,2.068251796225823,-9.724363298781249,46.16658612798808
-1.0959170372138902,1.5807682430569878,2.0635587965144184,-9.72170207539431,46.173752402059414
-1.1553934855752996,1.586723620847855,2.0583656371731704,-9.72170207539431,46.173752402059414
0.3465510839561763,1.5689255927201937,2.064179337931731,-12.723929176347369,44.88705915053464
0.31809371383016494,1.5345082646139727,2.0601468016172824,-12.723929176347369,44.88705915053464
0.49108041885363996,1.5248384418895524,2.0605651508553553,-13.115038173351836,44.73509622570995
0.6161035572741929,1.5547069223850538,2.097164751622844,-14.39494379717568,44.326976201513936
0.5605976785567697,1.5445909599246592,2.0684459292165576,-14.39494379717568,44.326976201513936
0.5785764054301916,1.5465849503332847,2.0269810806281843,-14.997420417248593,44.27809183750203
0.547475524010782,1.5516082546725547,1.97776938057538,-15.108577718883183,44.23490237164626
0.4398691277315918,1.539825221240238,1.9184411839834965,-15.108577718883183,44.23490237164626
0.3996670188373228,-0.2665723089133649,1.8690698374102541,-16.519280124754975,4.3732545548540225
0.42883726603631844,-0.2817722500279589,1.7667972735371027,-16.519280124754975,4.3732545548540225
0.44367942544686834,-0.1703444759612487,1.771770287427198,-16.59598764579207,5.6136626431207475
0.5192272710149917,-0.05013642290596487,1.7260652226243476,-16.685734234255996,7.08613538658971
0.4880098938040449,0.010039903141900508,1.6791370791317424,-16.685734234255996,7.08613538658971
0.4970971250753129,0.13932262959387076,1.6249710040212468,-16.71148073845123,8.5115323633472
0.4526025446120219,0.20062058946760142,1.5748679555855607,-16.71148073845123,8.5115323633472
0.445296076791871,0.31446690190055815,1.5237478201862538,-16.688231014216,9.855743348958164
0.4058261368798326,0.4227615860941396,1.4404387739462003,-16.53953804777543,11.519365726897178
0.3736514117561045,0.4598119495709807,1.4033145398775742,-16.53953804777543,11.519365726897178
0.3539288558176983,0.545805841895113,1.352565610900407,-15.362144975987835,12.93695898539507
0.3438273357443764,0.5760525537288674,1.3367471705384961,-15.362144975987835,12.93695898539507
0.35141905331910106,0.6599852613274912,1.3272316951503331,-15.335241585261047,14.439332151279014
-0.7283080026718638,0.7323831512581596,1.2916253776530735,-12.943957984339526,17.246025363828597
-0.6871722844272359,0.7570229221154605,1.3155270690469894,-12.943957984339526,17.246025363828597
-0.5517667327839355,0.8365033941910331,1.3172513161450081,-14.601768085355548,19.063413276202148
-0.5084588424502701,0.7956303705569874,1.3545696464075951,-14.601768085355548,19.063413276202148
-0.33859429230112603,0.8696152762386566,1.3720696720665946,-14.645467631122203,20.87840194860352
-0.17097583542337924,0.9716805927540966,1.3975509919145748,-14.695092860618892,22.672691781896003
-0.11945951645304342,0.9783346546008489,1.432489128508331,-14.695092860618892,22.672691781896003
-0.011984943938230685,1.0377579748907038,1.427075299252881,-14.742582035131562,23.98989323850293
0.05447731826833091,1.0919018079237626,1.4311777700036545,-14.804506215201863,25.165810324644887
0.04043010607296815,1.0873314554604827,1.4388305455262413,-14.804506215201863,25.165810324644887
0.06752067860770672,1.1145128042300354,1.4224553032789342,-13.929578980620851,26.02092354777869
0.039365894460657413,1.1106038294305605,1.4244079805281498,-13.929578980620851,26.02092354777869
0.05285553969117007,1.1350281281494747,1.3999932958664054,-12.835436387077952,27.037499982453966
0.07676449673314734,1.1667261427505746,1.37423569346619,-12.817943615290476,28.37649974956117
0.0718990458751061,1.1457922077201548,1.3866115379452384,-12.817943615290476,28.37649974956117
0.14247648135521596,1.196188598772792,1.345813641384559,-14.745149116977228,30.63304030948418
0.15915697582592436,1.1605696071540013,1.366723985541704,-14.745149116977228,30.63304030948418
0.28632226838330155,1.2289142701865552,1.3302676011620478,-14.752313181744034,14.871545957951525
0.46222671070907273,1.3078264032815905,1.3307016976455968,-14.897209137994702,16.125983949820508
0.47136287628121787,1.3288515347402905,1.3585935518297527,-14.897209137994702,16.125983949820508
0.5463045844975571,1.3689613711054907,1.1079900682052704,-14.354365765823763,18.45709327949215
0.5262974794455721,1.395937013234674,1.1045779472838846,-14.354365765823763,18.45709327949215
0.49883232674235556,1.438720439448713,1.0190618465948384,-14.149388977100985,37.54968661713454
0.3597521812979585,1.4445061728546982,0.9894449669038912,-13.98345577563781,37.89777196841512
0.311593368603889,1.4181499592600286,0.9459203211085936,-13.98345577563781,37.89777196841512
0.2251639700679231,1.403593166222273,0.9299041377295554,-13.920889655213903,38.146670160146286
0.19133671406667263,1.3647693628790274,0.9198336449742843,-13.920889655213903,38.146670160146286
0.16736373291806883,1.3416527670817355,0.9077297666989743,-11.862236998789054,38.608287424040185
0.17243114368026546,1.3187909637284914,0.922897319594604,-11.858084046440071,38.625615951392234
0.19593478226655536,1.2823649736771352,0.9444073598266747,-11.858084046440071,38.625615951392234
0.22036403905291957,1.2411041519250392,0.9852997957916569,-11.869050935481512,38.96896623603588
0.32993632211252555,1.2751983635265023,1.0623742971151504,-12.001825531849086,40.13498302039687
0.4028907196560416,1.2510816444883452,1.1108571063509003,-12.001825531849086,40.13498302039687
0.5496384951125668,1.3112114753973794,1.2177795754834282,-14.349040738786046,41.313016075208736
0.6002504789312466,1.2854609428806512,1.2518380418006823,-14.349040738786046,41.313016075208736
0.7397561012222411,1.341089839534511,1.3217206743895709,-14.57342166603614,24.26263231674514
0.9025953260089596,1.413610179715079,1.3540283214177793,-14.82929998077008,24.791751102818928
0.8814931497133869,1.4433344626426574,1.3672228465149014,-14.82929998077008,24.791751102818928
0.89735057442262,1.4816039818355278,1.3635643595485953,-14.960786583012933,43.29936011529872
0.7740573008883023,1.5021222143730173,1.3475316793950218,-14.960786583012933,43.29936011529872
0.6715804978372728,1.4904822511910376,1.2773012760973943,-13.528246998277847,43.03444365746744
0.5323268781696728,1.499873571565928,1.2552019809831771,-13.521172355997928,43.04907129721913
0.44532569012364664,1.4718251883870295,1.2136888595490976,-13.521172355997928,43.04907129721913
0.3810134199226738,1.4497170928345786,1.2133598081900656,-13.522159543097084,43.54425240019814
0.36043391654031254,1.4104822362336729,1.2026780991795913,-13.522159543097084,43.54425240019814
0.4039269462481929,1.429429165338756,1.2517262261328685,-13.94896269817597,26.388236936064544
0.5562394350167681,1.4779698565809785,1.303412170200824,-14.187168318450885,27.57843985483212
0.6119663881861799,1.4856398665484074,1.346609542926654,-14.187168318450885,27.57843985483212
0.7780611035680431,1.5395113673143943,1.429714217282668,-15.288485852815526,45.970993451870335
0.7621413253960512,1.551798883795126,1.4586697090951528,-15.288485852815526,45.970993451870335
0.7325310829894685,1.5480541411353133,1.4813208311947057,-15.802888716423448,45.69182723529502
0.6996610204781462,1.625454703887702,1.5168266034123983,-15.897747350390572,46.74035011698315
0.642911308082843,1.6131589721659418,1.4891628359028521,-15.897747350390572,46.74035011698315
0.42803024949041957,1.6584247448417948,1.509491897055582,-15.686777591439448,47.780076382002065
0.41602815241903857,1.6847368684915809,1.5120508364946428,-15.874803654146266,48.55669687391241
0.34793303986279867,1.6509190197770431,1.4768714030639218,-15.874803654146266,48.55669687391241
0.29018317784440084,1.6406447002409064,1.482996445677116,-15.95805147988077,30.903006627834017
0.3114484127782622,1.612832820065712,1.4419447279923947,-15.95805147988077,30.903006627834017
0.3064692370655946,1.6200666062642055,1.4575362364842306,-15.96891088049739,31.03675956325953
0.33523647440750626,1.6151762411269635,1.4574882907863684,-15.999036940977813,30.96986473379706
0.3552219496723037,1.6252201638502775,1.4526006283438448,-15.999036940977813,30.96986473379706
0.37520555439565584,1.6433300568406246,1.4499490528731651,-14.748724703497953,49.457261409487856
0.33190858230875486,1.6658819817983823,1.4654117408447687,-14.748724703497953,49.457261409487856
0.3262249214293691,1.654646537873049,1.4466458094080061,-14.679032302336783,48.99493499920118
0.2983225955270523,1.6666382185618047,1.443532138545558,-14.6560477014226,49.79030775004354
0.30295436375647355,1.6432592743998378,1.4499628135282272,-14.6560477014226,49.79030775004354
0.3212547181019252,1.666136083480132,1.5252240751713035,-15.452263571838333,50.44352531635147
0.34456293942505134,1.6350635624429573,1.5404835779164365,-15.452263571838333,50.44352531635147
0.3726533294467971,1.667174653982915,1.5550664994679688,-16.11275495684854,51.65867884345219
0.3933267293199516,1.6531391966019924,1.6492821108018956,-16.33097162634997,51.07105419373076
0.39871872706453537,1.63373261875764,1.6493658406218437,-16.33097162634997,51.07105419373076
0.3926186759551866,1.730497809546398,1.6462751499650667,-16.265210108676676,35.34670472195461
0.42346753182706864,1.7246698062022636,1.6206299443104268,-16.265210108676676,35.34670472195461
0.4087241221689899,1.7680536122359323,1.6404634278652468,-16.273306476289648,35.91576080440103
0.40456858462327183,1.7716983553288101,1.6272795449655462,-16.27394493901179,35.89366706200734
0.39152644486652255,1.7866374718535254,1.6130331281148411,-16.27394493901179,35.89366706200734
0.3771460816842609,1.8046469250603603,1.6348062405186234,-16.37443125984349,35.64344698140231
0.3625426244167329,1.820891632564221,1.6175604607300662,-16.37443125984349,35.64344698140231
0.3486964433745734,1.8383575082682273,1.6015132172646709,-16.373792806635166,35.66554039457424
0.33765775700458134,1.8547170764063807,1.5864869143081304,-16.373792806635166,35.66554039457424
0.32776363613821013,1.8684779384528165,1.57284721754502,-16.373792806635166,35.66554039457424
0.29659228280279715,1.8806337681111598,1.5612102193583755,-14.505958579094344,35.68473574451375
0.30116912855595324,1.906125233714358,1.5591823910108968,-14.508017143071987,35.683935902512225
0.3097521985778324,1.9159011511349788,1.5624427596833939,-14.508017143071987,35.683935902512225
0.2976633703916898,1.8958993233961097,1.5722122257872009,-14.549265299756847,35.634450923831956
0.34341002316364877,1.9006672755318654,1.5951888208599367,-14.549265299756847,35.634450923831956
0.33711188658803426,1.9050143670882846,1.601243468727445,-14.313450499877852,35.7604853973495
0.367246499116348,1.9195393372159724,1.6328417471040644,-14.25169652521035,35.78447951326578
0.42194456084329346,1.9351540038670108,1.6637210441239554,-14.25169652521035,35.78447951326578
0.46269841640609277,1.9503600387958904,1.6922009823537927,-14.258697990165299,35.831866175371005
0.49995035270302957,1.9655819813125226,1.7180263568839593,-14.258697990165299,35.831866175371005
0.5279671224158502,1.9820916862726048,1.7399139562965908,-14.456205036209331,35.8539599177647
0.5453142042694221,1.9962282437138987,1.756648295064898,-14.455566573487191,35.87605366015839
0.5532642672164498,2.009336027496029,1.7686211529619391,-14.455566573487191,35.87605366015839
0.5538576653552698,2.0213398477777815,1.7761551864738858,-14.836622241721695,37.317957789140536
0.5383503685250863,2.027387952629753,1.7789671808986611,-14.836622241721695,37.317957789140536
0.5208374413624344,2.034787552718115,1.77437156854007,-15.495191584752629,53.898147402552084
0.4352907133238766,2.0313966395935887,1.781121343222304,-15.48695757423054,53.90134667521407
0.38350534980462303,1.999763917798777,1.7405850152232185,-15.48695757423054,53.90134667521407
0.3188329435052859,1.9821327982036834,1.7212338769964597,-16.026279774938033,53.13043426024967
0.23694183870248553,1.9383876059980603,1.6941351710067294,-15.987168777082195,53.1456305908698
0.18028598479506464,1.89603520462305,1.6723844914215045,-15.987168777082195,53.1456305908698
0.13598253987003162,1.8588140436751766,1.6526182223865784,-15.983051894515391,48.540348561028964
0.11150869837798538,1.817945265569902,1.6292285244476568,-15.978332392193938,48.548314474973694
0.08831171703616203,1.7867530251554988,1.6218876585713042,-15.978332392193938,48.548314474973694
0.07604929000638894,1.7563559007377147,1.6118676454131617,-15.972156945649491,53.91894234115051
0.05328646175762852,1.730874032051942,1.610047166940657,-15.972156945649491,53.91894234115051
0.05091784311253278,1.7015756697508504,1.5960590356650872,-17.945308081128264,53.91654291049005
0.03583107079453063,1.66282522058798,1.5831142174240678,-17.947366399717424,53.91574316383266
0.024089010741487726,1.6386016618214052,1.5677699503932683,-17.947366399717424,53.91574316383266
0.013487834159013445,1.6435975418603066,1.5508044540063621,-17.908769626459723,53.911776173863174
-0.02111130719478993,1.6268522809169141,1.520866200910377,-17.918459090427845,53.91414357517374
-0.06972421784959248,1.6079071467328108,1.4879106764829069,-17.918459090427845,53.91414357517374
-0.12110512676638052,1.5860816196680743,1.4547722254599953,-17.43960765285918,53.91414357517374
-0.16407844119299897,1.566916271754439,1.4254581685048953,-17.43960765285918,53.91414357517374
-0.19641715808347993,1.5438754831012709,1.4005656188343818,-17.441666216836822,53.9133437331722
-0.22546544752868147,1.5101240644285303,1.3813036143579493,-16.77202278695199,53.80767388252467
-0.22576500212198702,1.4943999205803906,1.3723766473049386,-16.77202278695199,53.80767388252467
-0.2069325471634631,1.4420113481203813,1.3696050099571457,-17.945453495967403,53.03596200881913
-0.19488010718582371,1.4099704162903173,1.3671199516805865,-17.93249998312386,53.04712719542585
-0.1645186032854964,1.400066132083329,1.3727425144841456,-17.93249998312386,53.04712719542585
-0.1279737604913116,1.4102214654662029,1.3776717796007993,-17.93249998312386,53.04712719542585
-0.1413457850010631,1.341299794669185,1.3760330975590538,-17.92097505181572,51.54425671385693
-0.1328291281581766,1.3428487542021599,1.3692541171931607,-17.92097505181572,51.54425671385693
-0.16666457299365423,1.345753552289625,1.304895263878401,-15.768260057102257,51.991053845453955
-0.16573449350086333,1.3634178588693775,1.3046929592804228,-15.768260057102257,51.991053845453955
-0.20018465629271454,1.364021630654391,1.3024602178522562,-15.582340028721195,52.04851138505648
-0.22701744498146326,1.251949207843476,1.2835764714903863,-15.510598771528082,50.40692200286795
-0.17982094162798967,1.2491441535227894,1.304686024380628,-15.510598771528082,50.40692200286795
-0.12710487460852038,1.2468942461493482,1.3330856708922538,-15.596864434057228,50.37170520471843
-0.08348003535437654,1.2483897014128669,1.3601913989214927,-15.536106419562596,50.344722746805644
-0.019775221485070826,1.261759368646386,1.393962706481215,-15.536106419562596,50.344722746805644
0.031550310486366584,1.2749925446123034,1.42064567752832,-14.147178194836235,50.28821141013007
0.07890119516633565,1.3030022175473026,1.4518044605328142,-14.147178194836235,50.28821141013007
0.11204170034920669,1.3210148584186894,1.4772455027205398,-14.843040295631488,50.31210944943653
0.12411155398557261,1.3121317112634228,1.499840699827065,-14.826608393084115,50.30278070474622
0.15802202809042942,1.3249037691687429,1.525965961001,-14.826608393084115,50.30278070474622
0.19413546182247243,1.3468674479814347,1.5497450663656633,-15.460882843754911,32.27828720247033
0.27602108328719277,1.3617183928082834,1.5487978026544895,-15.475113223360456,32.22293529630374
0.3023172549379938,1.4105829900276214,1.5871105051197425,-15.475113223360456,32.22293529630374
0.33225534923257305,1.4582035750553484,1.593265662055516,-15.308830962695708,32.24206627863132
0.341578569101304,1.5101933353973425,1.59579367342356,-15.323842999862245,32.230101356807076
0.33060582818028994,1.5590469843236652,1.5884197902601302,-15.323842999862245,32.230101356807076
0.3061543714925863,1.601883037151914,1.575534826679966,-14.906320282654546,32.23806725931194
0.28245128059205404,1.6447945354820568,1.5634301531558985,-14.906320282654546,32.23806725931194
0.2529397019186681,1.6791298393661322,1.5527659693603142,-14.764533832792306,32.235699964785375
0.2354794354865133,1.7039762418893003,1.5437426805587822,-14.770709033948272,32.23330062946906
0.22725041660142153,1.7285591685584805,1.539606346884649,-14.770709033948272,32.23330062946906
0.20684026030671543,1.7484877696452306,1.541364179439281,-14.769944900406525,32.234164530170375
0.1997188612754055,1.7672771858159404,1.5457936854096728,-14.744425847975538,32.216101709352344
0.210482504595924,1.7859223695521658,1.5517945117662357,-14.744425847975538,32.216101709352344
0.19590948071056147,1.8022253171204206,1.5603258606412616,-14.774707595297999,32.20843670736489
0.20788139728488497,1.8178124835888618,1.5684064710950683,-14.774707595297999,32.20843670736489
0.20570170048689018,1.831737335548141,1.5805660852552652,-14.775742714315072,32.168075649467326
0.19253330743999397,1.8238354638338494,1.5911363339978495,-14.752486247986631,31.678111690983584
0.20000181703313125,1.8367003517588438,1.597462145325078,-14.752486247986631,31.678111690983584
0.19176698040719264,1.8207391029317235,1.6069821040709926,-14.78666914297679,31.047587548411066
0.20064841943655587,1.78680187636214,1.6141650049235117,-14.833037305349212,30.049966785578306
0.20456429419206357,1.7973929627214664,1.6180587105928095,-14.833037305349212,30.049966785578306
0.21251827342419016,1.7439245521895321,1.6236569040261646,-14.891607977117516,28.60111151559041
0.21714743511681034,1.7546782456362473,1.6243812869129903,-14.891607977117516,28.60111151559041
0.24476269421913432,1.767268121030978,1.6236930286433635,-14.940658652878207,28.606581910825007
0.2533895528910728,1.7786279417044517,1.5908284414813396,-14.873424446208325,28.835066858748284
0.24837666873647102,1.790048314313316,1.5905025904240553,-14.873424446208325,28.835066858748284
0.2380435682965385,1.1332317609404008,1.5498185749533464,-15.7487097416136,32.382049650941525
0.11388500919203448,1.0665498329510488,1.50772624388821,-15.476495928570333,31.291292224353967
0.10395266081423804,1.0690482242302948,1.4953726360090775,-15.476495928570333,31.291292224353967
-0.8107099875626096,1.0877295557406461,1.4894525835495855,-13.619262594015009,32.10028986394051
-0.8344821997125416,1.1234571092895116,1.4566934563311777,-13.51789302301391,32.86365211974656
-0.8499497845570345,1.1204089712986276,1.4561167800849173,-13.51789302301391,32.86365211974656
-0.8612275994050602,1.089302796239807,1.4584592839337596,-13.518107686940716,32.89767711994572
-0.836441887275317,1.0773324265280522,1.4772397540883722,-13.518107686940716,32.89767711994572
-0.7751927629801036,1.0736594316199544,1.5022423153187812,-12.627285501610427,32.977223389633295
-0.7196474175130003,1.0908239201509764,1.5329255180076715,-12.617779765450145,33.277174552789404
-0.6666734735897009,1.0924953954146501,1.567633434442322,-12.617779765450145,33.277174552789404
-0.6200938650492862,1.0874438479971784,1.5998001593450906,-13.254514771289665,19.816057790278542
-0.5210879569610969,1.0921841740206961,1.6188905368092295,-13.248590069113563,19.83675624801087
-0.45902381807921855,1.1253197647637805,1.6725757393767455,-13.248590069113563,19.83675624801087
-0.38978951089387914,1.166171273598881,1.6761925194853289,-13.295127207011612,15.630285999805366
-0.34169079901972244,1.208157639710088,1.6931199437051214,-13.295127207011612,15.630285999805366
-0.3245813903133734,1.2600853267056498,1.7071864076448096,-13.281111090524563,15.719665848857247
-0.32574065677378017,1.3112483709873999,1.6888608776605887,-13.206384009360331,16.01468288548088
-0.3375943997388984,1.3546390060036677,1.686671335691774,-13.206384009360331,16.01468288548088
-0.3606991909856423,1.3893258388024514,1.6779791673080577,-12.96829305138779,15.957967033809844
-0.3964210375329542,1.4250878609318167,1.6642140975065711,-12.929008479786544,16.047582312448228
-0.4190989680785413,1.4530616540556758,1.655863596733408,-12.929008479786544,16.047582312448228
-0.4431437721945011,1.4738733346566302,1.631658843465552,-13.273284843095617,34.1947007433577
-0.5195068433328851,1.4828890328272566,1.6425374053310822,-13.273284843095617,34.1947007433577
-0.5559299471418262,1.4652904131995703,1.6058019089398459,-12.127390105396094,34.24309009604156
-0.593651129742957,1.4678475958197756,1.6067722641961186,-12.139454588341534,34.235720623861766
-0.6185308908036773,1.4417200419932403,1.6048863279192862,-12.139454588341534,34.235720623861766
-0.6369180894074895,1.4001002539930292,1.607158221255699,-12.109744083564818,34.35275873213087
-0.6242740880896178,1.3824125613194358,1.6214997262277653,-12.092183580422628,34.70566248901697
-0.5992422293264825,1.3525460554457909,1.644869964680502,-12.092183580422628,34.70566248901697
-0.5604930441048599,1.3476484844398195,1.6330619802490152,-12.007116963082504,17.43077907754259
-0.4512554355002809,1.3653360950392308,1.6051698065004916,-11.912357023998258,18.383967091979173
-0.39948866223155566,1.3829664906027563,1.6606816486823834,-11.912357023998258,18.383967091979173
-0.326966278026261,1.433147696902492,1.5427252479614397,-11.614429808454256,20.301207560174007
-0.2883817714011785,1.4604075584307274,1.571257034329692,-11.614429808454256,20.301207560174007
-0.32389853496265175,1.5108550874562447,1.4484189085658286,-11.190358391933392,21.881139441476932
-0.4203462826061677,1.517029310626474,1.4026684231172697,-10.818516661430332,21.947052096596096
-0.4092019731374008,1.5423805674162514,1.413133799314543,-10.818516661430332,21.947052096596096
-0.6287719950773751,0.5544301447851379,1.423009144690806,-11.9260292031986,17.97179551522005
0.674832220052588,0.46852818950752373,1.45777641475146,-14.717293735700235,14.731065411041726
0.6859032826036429,0.4689278805428301,1.45784886422963,-14.717293735700235,14.731065411041726
0.8972550337592966,0.5054740890639264,1.4945069006775822,-15.248244888491763,14.207811388996895
0.8856802681497691,0.5668154837730288,1.468921127524888,-15.248244888491763,14.207811388996895
0.8929335127384981,0.6005670325737225,1.445341302172757,-15.485805751812238,14.01202993292529
0.8482122284832234,0.6584586967137724,1.415297491118333,-15.660305805602587,14.409499897994356
0.7282859298535864,0.6703497783191286,1.3479651587476922,-15.660305805602587,14.409499897994356
0.654986313154237,0.6771222160474166,1.3030419562108357,-15.805874519684417,14.227612156620077
0.5749850483002996,0.6783723146538172,1.2438872172097541,-15.866632492925019,14.254593511213871
0.48881958593218533,0.6688840981359985,1.1857817094098348,-15.866632492925019,14.254593511213871
0.4473861194615827,0.6606726726776362,1.1408133185442368,-13.921286444338808,14.25252263624597
0.4203072883041141,0.6790754833565418,1.1112032352020718,-13.933499671969656,14.56319457972557
0.405285277243868,0.6669536162002554,1.0926905978051793,-13.933499671969656,14.56319457972557
0.40828648202793527,0.6760086739345845,1.1250074078552252,-14.06026431910432,15.3268885443266
0.4541623241298911,0.6629746228386302,1.1397394952122983,-14.06026431910432,15.3268885443266
0.5659889601411816,0.7277823381405912,1.201104393254147,-14.21010934909877,16.608530630807635
0.6967958068378093,0.8218687399718108,1.2748875067945638,-14.394810661406915,18.32043684607383
0.7564125943392193,0.8227270192255953,1.3024573118070184,-14.394810661406915,18.32043684607383
0.8934331432112057,0.9392973427456155,1.3335631443947582,-16.47338976453478,20.6403598077586
1.0039650916456964,1.0437364030086769,0.8494367263116804,-15.26737865863896,26.647036256605208
0.9933998250512279,1.0502642646461942,0.8566809909996778,-15.26737865863896,26.647036256605208
1.0666954615755564,1.1603175739578708,0.8266047930706804,-15.330917764510687,28.78008374935916
0.9965521021645927,1.1320577582105873,0.8088789753381778,-15.330917764510687,28.78008374935916
1.0177066478186596,1.1960789181254436,0.8111485433004697,-15.494334798075782,30.545104544094716
1.0126161309992683,1.2545429366176197,0.8381492321011539,-15.66778365546006,32.16787122797959
0.9626390521793171,1.2153688295489375,0.8177665654512802,-15.66778365546006,32.16787122797959
0.9733464914599845,1.2505155339846796,0.8417520710068622,-15.835051569722365,33.41208294847696
0.9712716371018466,1.2793463620170968,0.8806957244950335,-15.99982636335314,34.46486704449509
0.9431301145825501,1.238814752624537,0.8659574523190687,-15.99982636335314,34.46486704449509
0.9242116616463267,1.2562276434532473,0.89875876732048,-16.088402138461532,35.30618937385153
0.9062228841028386,1.222471237834409,0.888810561531137,-16.088402138461532,35.30618937385153
0.9193436178913283,1.2302843341603087,0.9167828430745022,-16.218892979288555,35.93385075349055
0.8971666578206223,1.2351611574902641,0.9415505777527349,-16.26314256601662,36.50073921485312
0.8869719579455206,1.204708104444574,0.9328692574258675,-16.26314256601662,36.50073921485312
0.8807061130046168,1.2055492450947407,0.9525617025094593,-14.551522571816585,36.896615698021144
0.8807156232458255,1.2214753258578674,0.9563992509195036,-14.544928803734122,37.464482402723185
0.8831430214962781,1.197950326506331,0.9591877252174732,-14.544928803734122,37.464482402723185
0.8862317374756188,1.2092890270803098,1.0100079626244818,-16.394522872419845,38.40851093291006
0.9116847305621669,1.171639329250878,1.0226312124307446,-16.394522872419845,38.40851093291006
0.9475500424365957,1.1931403963501137,1.074750488349518,-16.47479313905421,39.027706460585236
0.9865303540432362,1.2367562731262312,1.1093325282092286,-16.5182305829021,39.56271862942329
0.9871858613857265,1.229406976175925,1.106094164095146,-16.5182305829021,39.56271862942329
0.9723673363843028,1.2435698638532633,1.0989465891190928,-16.51546768629065,26.753510844259566
0.9883474382907251,1.2389884126344246,1.0722047243744242,-16.51546768629065,26.753510844259566
0.9713982766550782,1.2588749613196457,1.0995782295447936,-16.574228235469924,40.00278193893519
0.9213833185714044,1.2589243916724073,1.098581227883642,-16.578912190980212,40.01054412085146
0.8935801360870936,1.246227028928448,1.0624582350335943,-16.578912190980212,40.01054412085146
0.8532041339259786,1.2416392289689127,1.041728471707715,-15.385280586655865,40.017710608490795
0.8282405226814626,1.2367091757502613,1.026579583246753,-15.385280586655865,40.017710608490795
0.8114333154538276,1.2233527667486073,1.0208772243826432,-16.582319119510526,40.062492239360616
0.7970265600322493,1.1811225846920785,1.0171686853138522,-16.58966421909846,40.063088360773556
0.8114327350657096,1.1621947559183197,1.0195019879893747,-16.58966421909846,40.063088360773556
0.8392851911920012,1.1877386988158256,1.0291351110061413,-14.76655498617777,40.56467219218579
0.857533796593871,1.193644867983879,1.0378086737721146,-14.76655498617777,40.56467219218579
0.8726459993035514,1.1864662486136335,1.0490999707516906,-14.774538418410701,40.54317401067578
0.8788287215559136,1.1926350525449583,1.0968685941920908,-15.060736892885863,40.660623948218515
0.9144983489419847,1.1804729607096103,1.1176960586415579,-15.060736892885863,40.660623948218515
-0.9088346201654973,1.2382725267744927,1.1855624983537023,-12.899639473945872,25.715874502441004
-0.8019532451450848,1.3151932168012632,1.2544257609513716,-12.999498437191752,26.506438749476175
-0.7385852075506345,1.345847131970405,1.3126703759063978,-12.999498437191752,26.506438749476175
-0.6699148997770235,1.3162546906035169,1.3538381504332313,-13.026104692605365,43.925432166593325
-0.644976163572395,1.34457111185775,1.417051260019274,-13.026104692605365,43.925432166593325
-1.6284730948720396,1.3291302437050259,1.4349383502870743,-9.515515443876723,44.27256182474298
-1.5863305404482702,1.3904329132089521,1.5102409049789152,-9.579813064263302,44.425408129245646
-1.5428358541957812,1.3955927534597095,1.5553999547320796,-9.579813064263302,44.425408129245646
-3.7688088639300172,1.3899811177558044,1.630300529471106,-5.173805299169208,39.662675564503324
-3.645523544586612,1.420901776467256,1.712309012085314,-5.173805299169208,39.662675564503324
-3.5763842713390974,1.4298490683211496,1.8487571727052932,-6.323121896099137,28.79422581444232
-3.467437672478669,1.37973879961902,1.9706281117683522,-6.2893175184450065,28.679351577960688
-3.2665770296217023,1.417139006886449,2.1123798917660888,-6.2893175184450065,28.679351577960688
-3.043832108601544,1.3362996013874704,2.2354889499176682,-4.694492549350521,25.548380570672357
-2.860891268425198,1.4160991860376761,2.347203091765798,-4.694492549350521,25.548380570672357
-2.727944052497819,1.2171042119895317,2.416183924357125,-6.4870120099508135,37.642815682214994
-2.6918503728909924,1.2528614522086143,2.4506503040368592,-6.353953061264122,38.00112340587772
-2.646549338461271,1.3008494540615614,2.4917065334246393,-6.353953061264122,38.00112340587772
2.687904386401805,-1.1128535286485493,2.4840787773536173,-18.78215378557651,-20.85392414876709
2.8014189720815623,-1.1551228323005012,2.396443842988689,-18.78215378557651,-20.85392414876709
2.856614173880316,-2.6435837333431205,2.421398820484465,-20.022665640182396,-56.75457561994323
3.0115660084660125,-2.447506875717336,2.276668523931143,-20.06676567195317,-58.303207049097566
2.783071405085189,-2.2286122547453067,2.160842191616472,-20.06676567195317,-58.303207049097566
2.519478871272324,-2.075637234063314,1.945426392094464,-20.100681269127772,-59.25306723927342
2.185013617412282,-1.910344897361251,1.703908228257512,-20.144797661114378,-59.40204579411096
1.823158322471846,-1.768356943033131,1.4631677330530835,-20.144797661114378,-59.40204579411096
1.4982160906936086,-1.6541843541736814,1.2202352657396234,-18.733732107721654,-59.288987133308524
1.2390743351354705,-1.5531905696098858,1.0256648648356297,-18.733732107721654,-59.288987133308524
1.0591725025945418,-1.4740249727460697,0.8447077200061441,-18.430027970826394,-58.95141736766776
0.9480629543200156,-1.3766643910756537,0.7311254395767777,-18.403713152998044,-57.73009686951271
0.9243137745139158,-1.3288298994271204,0.6614361106854538,-18.403713152998044,-57.73009686951271
0.9652191256971223,-1.2240994835136614,0.6216941938755256,-19.97660919743549,-56.289032275826116
1.0391565080696332,-1.1909112490440419,0.6119625067485783,-19.97660919743549,-56.289032275826116
1.14395321749892,-1.0913493388677842,0.6113577195981348,-19.07839082790598,-55.06414308533806
1.2677502568774535,-0.9376960349209236,0.6201037885502005,-19.034950298318453,-53.29769442472608
1.3380331835010386,-0.8896251531174254,0.6358684564858263,-19.034950298318453,-53.29769442472608
1.3994240986778896,-0.8017088229373148,0.6340454367470145,-18.008452641944263,-51.90263765640018
1.4441428050011305,-0.7608687176331514,0.6563656528601074,-18.008452641944263,-51.90263765640018
1.4846461990006325,-0.6556205770651838,0.6750200603879408,-18.49961441418852,-50.127977044813626
1.5098017041272316,-0.5663673559674938,0.6928297169718478,-18.442296064795084,-48.202454791037326
1.5394872111209092,-0.5541720784951242,0.7151738338355553,-18.442296064795084,-48.202454791037326
1.57285565326822,-0.5390788835750333,0.7001639559437831,-17.680994455278245,-47.96120472366038
1.5918457335836926,-0.5257644315494241,0.7200763517968287,-17.680994455278245,-47.96120472366038
1.6138508863770045,-0.5210756798442058,0.7373968521772603,-17.664502173675334,-47.967603173640214
1.6408724732314677,-0.5289023227443888,0.7131441788860777,-17.59862165800014,-47.690586744222514
1.6559081677108387,-0.5291100758295152,0.732453611136874,-17.59862165800014,-47.690586744222514
1.6758699342183232,-0.5302434844146748,0.7038714968409723,-19.481780126645702,-47.35697683035966
1.6818921562594493,-0.5462691344171415,0.7142436116253812,-19.481780126645702,-47.35697683035966
1.7139159502786439,2.1401189404502037,0.69303748830509,-17.756739453608304,12.488007425354747
1.5182226466747313,2.157363702019695,0.6977916625943785,-17.621269657820296,12.871780593176892
1.4126063470943042,2.0462549553712557,0.5916634481542369,-17.621269657820296,12.871780593176892
1.2707521002524667,1.932378483650068,0.5162866811102997,-17.574416050308322,14.3670697180574
1.1658940932613424,1.7897294590155886,0.4583562468192275,-17.476805388910222,14.64415051508702
1.1002196905564858,1.6396471019196726,0.4574130389466018,-17.476805388910222,14.64415051508702
1.104097615548291,1.49171616906799,0.43435144459160524,-17.433920439905968,13.382733006542692
1.1167944011848179,1.3540740967529388,0.45878741918197363,-17.433920439905968,13.382733006542692
1.1533841576152168,1.233053063329686,0.4936395855130886,-17.442154327733817,31.231502546811562
1.136160263931266,1.119647339141368,0.4835092523137705,-17.277161491496805,31.67580342365032
1.159806466439302,0.9963628195148729,0.4897887934419818,-17.277161491496805,31.67580342365032
1.1886078533799376,0.8932672044666525,0.6427365829464069,-17.668651061627713,5.1469653671334985
1.25268198316048,-0.5420091313420755,0.7467592134700021,-18.734938007341427,-25.115365702421702
1.395903052382252,-0.584440745248949,0.7790287357031485,-18.734938007341427,-25.115365702421702
1.4532064415702375,-0.5213747174826696,0.855827256809838,-16.630891801905207,-16.32943082674721
1.5352932703773527,-0.4678523954537779,0.8917932070052665,-16.630891801905207,-16.32943082674721
1.5778385607728143,-0.36821609843443104,0.8896344055497174,-18.592476662879598,-15.085017398835216
1.560005731513114,-0.2838132672210788,0.871619002162277,-18.52188277881958,-13.391957658365449
1.5548700230912922,-0.24104564103894388,0.8574880674233949,-18.52188277881958,-13.391957658365449
1.549042602816332,-0.1108032243368976,0.8127219758977415,-16.893846001627686,-11.789444909132676
1.5097201980142612,0.0023599364011941404,0.7889609506129838,-16.856284098862417,-10.404708820272774
1.4627903601408359,0.030040734491623478,0.7601201380209264,-16.856284098862417,-10.404708820272774
1.4120565182445137,0.10632317152664006,0.7251714084496861,-16.3018307490312,-8.550621933690598
1.3930733492527816,0.11713488663784088,0.7176914312211191,-16.3018307490312,-8.550621933690598
1.3982127142450302,0.21947924692668397,0.6855708550416741,-16.15751066705984,-6.104172109871597
1.4093191706467514,0.33151808783723113,0.6767845145881797,-16.031645753018015,-3.3766893799083775
1.4356241982269964,0.32847029042490783,0.6931461464378996,-16.031645753018015,-3.3766893799083775
1.4745052259658884,0.4604242474807465,0.6908642228619799,-15.895851522628254,-0.16474324749939953
1.5042479695334396,0.6100091745661013,0.6702197694133956,-15.673270150675606,3.6021605091314384
1.5286583825725075,0.6003206463459824,0.694822359509427,-15.673270150675606,3.6021605091314384
1.5680067262042283,0.7388969338172993,0.7139775077988926,-17.603127193611847,17.585610370584178
1.5431221983195265,0.8789768148994879,0.754929724746678,-17.548778027431513,21.415530237810493
1.5231334083659638,0.8338938170284893,0.7462887297002547,-17.548778027431513,21.415530237810493
1.502201716197464,0.9660389721070543,0.8866080577851356,-17.85389184739751,13.108399754728149
1.4709449967978436,0.9172736428457302,0.8626686158122463,-17.85389184739751,13.108399754728149
1.3372903450256741,1.0325001067335913,0.9519542541992108,-17.845725746066602,15.90896155077593
1.2841988364684545,1.1289462967907313,0.9875588227428755,-17.894722626814268,18.629435995878197
1.2240123841684674,1.0814153724552804,0.9656907863256152,-17.894722626814268,18.629435995878197
1.0256660871915781,1.1588477685162093,0.978250890067577,-17.611386456021513,21.237205568371607
0.9097692589122377,1.233637417250851,0.9986205354683806,-17.50071118668334,23.631102204835187
0.8687246877595141,1.1846154818858232,0.9811863864501769,-17.50071118668334,23.631102204835187
0.7811567237126957,1.2305366186609894,0.998973659357524,-17.40181431276175,25.629883056426852
0.762156967186042,1.182579494188174,0.9948864395174977,-17.40181431276175,25.629883056426852
-0.3535777189178768,1.2260731114127779,1.0191142474434702,-15.120977292051222,28.33233837966535
-0.2556797126351942,1.2803410230144499,1.0617512366077655,-15.329675505667014,29.827200437384235
-0.2361677646021243,1.2358680455936772,1.0768135549023312,-15.329675505667014,29.827200437384235
-0.1265290749010135,1.229629428124759,1.1026810723674156,-15.298931243702613,31.14135004656564
-0.016928632438480307,1.2566383175271825,1.1719359395859175,-15.439408522733196,32.279077157908446
0.049611097294894435,1.2221153997626426,1.2127072647712862,-15.439408522733196,32.279077157908446
0.17383653135013377,1.2446576272770031,1.261863080324836,-15.731682339355132,33.246018217272
0.2821284575686347,1.264808638501703,1.31900331526374,-15.866407920984338,33.94485226987007
0.32311439318475976,1.246831178102151,1.3471707868937761,-15.866407920984338,33.94485226987007
0.39624439083386065,1.2634113200025756,1.369368557306308,-15.949181311416185,16.490260293270843
0.46472525488253025,1.2586163096415446,1.3657495119023797,-15.949181311416185,16.490260293270843
0.49405774746711595,1.2796530729635707,1.400479404429798,-15.980660878849937,17.809379469203478
0.5270097845167592,1.292689094975615,1.4069133061181551,-16.012140770981464,17.791015883831406
0.5272546760442336,1.3146488004338632,1.4047119225877065,-16.012140770981464,17.791015883831406
0.5170734708716012,1.3392938869986954,1.3970057116589691,-14.04510082824007,34.45353343143883
0.44865782865052006,1.3719369263432037,1.4076358795921382,-14.043042264262429,34.454333273440355
0.4162318898910504,1.3608300750991311,1.3763165236837565,-14.043042264262429,34.454333273440355
0.36737611367305645,1.3511624106545603,1.3698461612520099,-14.375326745845983,34.99651336102914
0.3654779425363479,1.3238693832277393,1.3773911494030862,-14.375326745845983,34.99651336102914
0.4275060347322186,1.3561761934140852,1.3960776174754819,-16.052417884905303,18.229225841629514
0.5712242473869278,1.4012419752359784,1.3978119834992748,-16.12771951980553,19.723028243063766
0.6131654647906797,1.4142589497342084,1.4410158456297748,-16.12771951980553,19.723028243063766
0.7470058224797809,1.446569018519087,1.425750125497272,-16.202800185594725,21.091991331473068
0.791691001226944,1.4999072059869425,1.3529190032796037,-16.069732120576937,22.215284176978926
0.772912688237585,1.5227748526626494,1.3405669394652815,-16.069732120576937,22.215284176978926
0.7457511741603451,1.5575202039818306,1.2534637301005511,-15.899744220848877,21.852843189021407
0.7214154257180367,1.5777746450823606,1.1787435592373399,-15.795365914133802,22.38703584781333
0.6784172302042459,1.5861329051739916,1.1578834447700226,-15.795365914133802,22.38703584781333
0.6513537077848301,1.6095588538116248,1.1115154050019465,-13.779489194169802,23.074312351988304
0.6320075848944939,1.624382001084995,1.1047834125936147,-13.779489194169802,23.074312351988304
0.6284564039487859,1.6585135313945993,1.0704261609012948,-15.616552313057216,24.113335235475517
0.6238281488099187,1.6501312202680118,1.0437828145632446,-15.521966184208145,25.12049384535957
0.6576928878103843,1.6434543444882523,1.058766107221507,-15.521966184208145,25.12049384535957
0.710398254699597,1.6932283464294715,1.0762349744996635,-15.506147830021101,25.73831747349437
0.7346804144004127,1.7093197090034837,1.0870389074274103,-15.504023270691528,26.023136364730128
0.7458208806145068,1.7124129306304012,1.0923635027996212,-15.504023270691528,26.023136364730128
0.7430771889941417,1.7315529308391893,1.0986147753367508,-15.499058813082982,26.393757988882648
0.734889578714609,1.7304747221769863,1.0986432782230247,-15.499058813082982,26.393757988882648
0.7218914768123437,1.737112744715404,1.1028885361984466,-13.754802846444344,26.566131587719774
0.7041408006496805,1.7454028888590916,1.1176207921115564,-13.760012857628485,26.474806538013837
0.7018800713594806,1.74003532001016,1.1233845334627746,-13.760012857628485,26.474806538013837
0.693950030284971,1.7144836149279867,1.1439916607429188,-15.526160833293963,26.49551906760263
0.693507012512403,1.721184244324803,1.1878961767315461,-15.53335790827265,26.948414046982087
0.7249798161959764,1.7161367365586462,1.2050926586046953,-15.53335790827265,26.948414046982087
0.7474529316914849,1.742394715165511,1.2391252630312137,-15.552333252082116,26.877801622209084
0.7212962225327284,1.751118289285843,1.2487416168823375,-15.512011754951759,26.909948541363967
0.7087039729259859,1.7556725906968063,1.2434977171964352,-15.512011754951759,26.909948541363967
0.6601786923436523,1.7611509429261698,1.2437885529670432,-14.939668668750777,26.945857401572887
0.6331852643319502,1.7632599583837485,1.2336258536100217,-14.939668668750777,26.945857401572887
0.5995636819846282,1.7621323205149426,1.2206844777660018,-13.691405214411613,27.040034272578552
0.5596621495486769,1.7594868928331302,1.2377878854136846,-13.69870404016346,26.936401749963238
0.5596091941270425,1.752322683915408,1.2417410427369688,-13.69870404016346,26.936401749963238
0.5662795418450193,1.7442856982570327,1.2745279965896104,-15.51656764385842,27.11015143144997
0.4706098422449827,1.7197404257087987,1.3083155195632767,-15.317095101582133,26.977629279591618
0.5074268058995308,1.7189321880818826,1.3239171408407286,-15.317095101582133,26.977629279591618
0.39005979099672405,1.7483212430712376,1.353178597703609,-14.946442329452609,27.034326396245028
0.3947545278562177,1.7569495213811404,1.3558830154882036,-14.946442329452609,27.034326396245028
0.2771988772364633,1.761380662611269,1.3550564654376327,-14.42939188679801,27.063785969264963
0.1406273491473944,1.7619018269417812,1.3543720688162204,-14.193694803985341,27.093277251282785
0.1275720367188038,1.7636881668358106,1.352163043249674,-14.193694803985341,27.093277251282785
0.022662692234500348,1.7421111049832239,1.370688573125579,-13.565756002574348,26.74428394503262
-0.04262507943610494,1.738980456383416,1.3767706481774722,-13.422940339488763,26.75608207227306
-0.027242856246853187,1.738434065768647,1.3891638341417742,-13.422940339488763,26.75608207227306
-0.06180943960446683,1.732687014968581,1.4056760171703573,-12.187710527422364,26.859186780685704
-0.06052233333727841,1.7065394484480645,1.4352082415309155,-12.144537751962504,26.086835030005318
-0.01320995672724301,1.7108290451397288,1.4642101764633133,-12.144537751962504,26.086835030005318
0.002891765189083184,1.6366563291141092,1.5019533766948496,-12.174064007342054,24.643674753517686
0.06962742315274983,1.6438810129365375,1.539176268133736,-12.174064007342054,24.643674753517686
0.1339576947355976,1.4861451036577298,1.5835183660193457,-14.263019832093086,38.82046241449888
0.21955638039046033,0.9984056769435912,1.5820956542866877,-14.636655407557377,28.381400794249785
0.2694838406280333,0.9912744054023555,1.5669551907141472,-14.636655407557377,28.381400794249785
0.3393269460538493,0.9356655415502488,1.5642169991621762,-14.78590544807175,26.20821746494238
0.31769792267450714,0.9463124401230989,1.546408003797878,-14.78590544807175,26.20821746494238
0.32357266715833166,0.991612372770861,1.5257476026833223,-14.897962347217724,26.923145212945418
0.3207053325719571,1.0481074268698418,1.4960810807432199,-15.007363357736931,28.02619163599773
0.2425431048361113,1.0440711482888523,1.4600325068165454,-15.007363357736931,28.02619163599773
0.23211428837405323,1.0719185058100789,1.415947010154981,-15.092558400697735,28.794478778203956
0.16688217407617456,1.0611854401322927,1.3820183807830695,-15.092558400697735,28.794478778203956
0.17453828869239452,1.0890425274650366,1.3510527651167719,-15.189215345065863,29.690152850901892
0.17807125414742986,1.09753881289084,1.3241283628892968,-15.261200913580437,30.198743615482723
0.14927951132798345,1.0794014358278703,1.3023849261758866,-15.261200913580437,30.198743615482723
0.15582627163348972,1.0838155411306387,1.2758939909405855,-13.269164702168705,30.693883097836906
0.17969775389739073,1.1139699112702774,1.2706779897173748,-13.296788491522799,31.328938749577944
0.18620266448129064,1.0990938343222418,1.2737362665653116,-13.296788491522799,31.328938749577944
0.22358956514790673,1.1089634701047852,1.2897964397634358,-15.335772755886305,32.391125736347924
0.26215854163517527,1.077809128005587,1.3084281094001602,-15.335772755886305,32.391125736347924
0.3713890439590113,1.1018201068546818,1.3273792498867585,-15.434237766690327,33.13931066045862
0.46707963320572565,1.1615883914322724,1.3429620878835156,-15.49316803161102,33.95881143187953
0.47514752994592513,1.1616767947300317,1.3450942771081973,-15.49316803161102,33.95881143187953
0.5005643424522948,1.1855275888812575,1.3384213742782345,-13.554611014224202,34.45309957781358
0.4788095372355947,1.197087444158226,1.333731102244117,-13.554611014224202,34.45309957781358
0.4771096731344131,1.2160747276980646,1.3279347623396345,-15.588798321715766,35.045361732851205
0.4757770437759876,1.209443951359786,1.3206289206473056,-15.646416092315883,36.0531677174307
0.4707968299490637,1.1903139657926374,1.3185704633870134,-15.646416092315883,36.0531677174307
0.5361328900257987,1.2506449063339216,1.3194229473640227,-15.728096912441712,19.073470804771446
0.6285009513634763,1.2742729324549997,1.295544534444098,-15.813567033417016,19.595984565023883
0.6533722623079803,1.2999053424614664,1.2655444858767528,-15.750138642264664,19.95598184719747
0.6628175853289626,1.3146280635188958,1.2541046445220947,-15.750138642264664,19.95598184719747
0.6580962281303178,1.3564241894786486,1.2248475118765065,-15.6961030583522,20.452598812224757
0.6479950554968297,1.3784466772492872,1.1995812644846318,-13.676943653299675,20.477674014525768
0.6417396745803639,1.4171250993839977,1.1903461280300145,-13.676943653299675,20.477674014525768
0.637021381796357,1.4686884113224272,1.1375303447387988,-13.529414676923345,21.506554643720968
0.634157935326523,1.4921934794415646,1.061705197289653,-13.306984877797541,22.776478534958507
0.6673182832875355,1.504762470515859,1.079347598345287,-13.306984877797541,22.776478534958507
0.7416360401396878,1.5773252672653924,1.0652579847982895,-15.21915725853406,24.41990077882503
0.784927904108828,1.5727429655997887,1.089309565294613,-15.21915725853406,24.41990077882503
0.8339504214028692,1.626861828034335,1.1094051023058573,-14.66657577352308,25.339870176868793
0.8721691198422228,1.7077132058582005,1.154331411601624,-14.70454808617794,25.952122627569793
0.8708238440680354,1.722477503721985,1.157128554071333,-14.70454808617794,25.952122627569793
0.8169974453733824,1.7409284930841065,1.2111987943611537,-13.315956751109583,43.908411866436445
0.7348202414216471,1.7489456309359261,1.2266537894337208,-13.315956751109583,43.908411866436445
0.6339680396216574,1.748279520176064,1.2563985655509065,-13.38336231789036,44.29811132275591
0.572163839141739,1.781197495257196,1.3276936130114274,-13.52729721624772,45.60159300857019
0.5513851455272563,1.731900590024528,1.3336511689911115,-13.52729721624772,45.60159300857019
0.5980986020927537,1.783027688070114,1.4250222640993901,-15.718901569246045,29.20804624032685
0.661383266758806,1.7279288602546963,1.4202279248860594,-15.718901569246045,29.20804624032685
0.8069491820895651,1.7869019311235643,1.5360219086673208,-16.124465802772704,30.067240544340095
0.9089485498422638,1.8192903169349186,1.5918246625260104,-16.35392569424765,30.07696264738179
0.899695997287091,1.8235996303083577,1.5811298241688707,-16.35392569424765,30.07696264738179
0.6657777543914118,1.8413064837023225,1.590933572992408,-16.021321851868542,30.091214929174278
0.6123549410378701,1.8536110258166434,1.5594402268945533,-16.021321851868542,30.091214929174278
0.5483208461876319,1.851191524034251,1.5225189665425538,-16.024514155965427,29.980746546427575
-0.9717426096994437,1.8069200682547868,1.513337933853259,-13.126159633584757,30.105049566614902
-1.0104135834210148,1.824278487563518,1.4923396715855013,-13.126159633584757,30.105049566614902
-0.9209263869605095,1.7805875016933541,1.4831075306628456,-11.383595124013109,29.184472047210434
-0.8501633430455304,1.6900665464674192,1.490897604802512,-11.56677683096106,27.846250946578195
-0.7799395822234154,1.6808823801097799,1.526075366409927,-11.56677683096106,27.846250946578195
-0.5990143519556468,1.6580718619645414,1.5767550686931244,-13.74611405278746,27.794967056561696
-0.26662928019490995,1.6503002524686339,1.6037175680408482,-14.085000389511615,27.859524348524324
-0.14498521103620243,1.6663074484102514,1.6616563799643238,-14.085000389511615,27.859524348524324
0.4909582663757144,-0.08497217372661092,1.679928536513087,-16.23608221747837,-12.289194894273319
0.67082662946002,-0.04724269894706001,1.6619894314991732,-16.23608221747837,-12.289194894273319
0.7163302708092498,0.2019443567696424,1.6880926951253439,-16.045572806645204,-8.923761193602965
1.3186639288390496,0.39817872790284947,1.6423700538519785,-17.03067726467505,-7.263756494507861
1.2684644563178162,0.4919269414960903,1.6047773655441264,-17.03067726467505,-7.263756494507861
1.32009473953627,0.628408808386703,1.5206890776668356,-17.221508118131243,11.814168315747724
1.2363935551467078,0.723774384598658,1.430359851186389,-17.296564078992795,12.258328244977285
1.0848685472427544,0.7517773018566061,1.3204938674809243,-17.296564078992795,12.258328244977285
0.9578708640396374,0.7910839425800882,1.236522127467174,-15.363150399631387,12.560143255424734
0.8365566111230471,0.8128798245329862,1.1637991285006137,-15.363191534958382,12.796979973913773
0.7398272912256152,0.7956256366094625,1.1116580287179643,-15.363191534958382,12.796979973913773
0.6941786794920168,0.8074688674353443,1.06736987295375,-15.328086594511927,14.260479689778505
0.6940491611592212,0.7775717857465199,1.0642124793157572,-15.328086594511927,14.260479689778505
0.740123425789573,0.8441683253375722,1.0606867012458685,-15.240504564003082,16.439977559544005
0.8326950522402061,0.9455560737583124,1.0883046944265629,-15.239414007343406,19.08372333773113
0.8943408323927535,0.9281936864571587,1.1197252189544722,-15.239414007343406,19.08372333773113
0.9925274942914637,1.0547197783780766,1.088881221702823,-15.05640844571018,22.630972051095878
1.0738047897299867,1.211911440792733,1.1256657065195594,-15.02389029574204,26.291825164617723
1.1056049578034268,1.1954198917750394,1.1539171150060001,-15.02389029574204,26.291825164617723
1.170964138586791,1.3498372955564106,-1.5851418821697396,-9.653726917707765,50.23503813962471
1.1257477638381599,1.3639544867869342,-1.5216230378280078,-9.653726917707765,50.23503813962471
1.185500442698347,1.4609165152997077,-1.7354538904491856,-9.066519271673616,73.06314213356168
1.1166734617476743,1.4709247838085622,-1.6633448869923275,-9.04726558694869,76.1945479054105
1.1697616438928153,1.3463685171744995,-1.6163070644886275,-9.04726558694869,76.1945479054105
1.269180370094256,1.317752071118293,-1.24700402473715,-9.80204654579202,76.12240282964336
1.318403337792943,1.2814616894522188,-0.4898869167546476,-11.379686550130309,73.22555363754944
1.4405933804266235,1.170606778674307,-0.3991600213630091,-11.379686550130309,73.22555363754944
1.4579270138051617,1.1828668708011816,0.16962977442070182,-12.414680973183513,71.6931591551217
1.5388546047757683,1.1829849232965226,0.5383676258575214,-13.197788006797266,70.67984513932095
1.5560301940540573,1.125991991915781,0.5717591102030959,-13.197788006797266,70.67984513932095
1.569187032234321,1.0964993592831394,0.8015896980009307,-13.849899832366567,69.12108460582648
1.506324999785965,1.0608036652557158,0.7821312879243265,-13.849899832366567,69.12108460582648
1.4573533456439143,0.9794951583332847,0.9071247682360446,-12.414902271324447,66.97491562512687
1.4129900369036186,-1.0390579058103824,0.9781009937280838,-14.111004781638137,21.950877831261725
1.4518686469407198,-1.0731671572610137,0.8856875059511602,-14.111004781638137,21.950877831261725
1.4385969079641125,-0.5218583967325778,1.0425845986512425,-14.215954697046808,32.5450815324337
1.4401223956820437,-0.4781045785372031,1.0207883890148781,-14.215954697046808,32.5450815324337
1.4500184576615622,0.08948631290573372,1.1108253425469279,-16.307521599813157,25.08239331365214
1.4358943661449661,0.5471917819998593,1.1985126796227585,-16.427649563626243,33.16879750960045
1.3718998432416516,0.6083856524498212,1.1620619034068114,-16.427649563626243,33.16879750960045
1.3367547675111688,0.8922643671833801,1.2074512617066528,-16.597054284785802,37.0727435026882
1.2391482909834681,0.9387661762320727,1.1429823487054407,-16.597054284785802,37.0727435026882
-1.0839181246684784,1.0792805871397877,1.1427763343298518,-12.13198331120308,40.84768619676376
-1.1682396242694852,1.2211489478712183,1.1615520226642793,-12.245475497567748,30.448365637257155
-1.1880983513452672,1.2228323488111836,1.1113712295756994,-12.245475497567748,30.448365637257155
-0.6746022778060929,1.1921062393216493,1.1553664221048323,-13.467653394213706,24.000480519244867
-0.5714933651351561,1.1792639610850815,1.1952894756858576,-13.530775898772708,23.769377435585348
-0.45238497191992,1.2021831603436028,1.248450648908059,-13.530775898772708,23.769377435585348
-0.30541436051736603,1.212757605606511,1.299708137457391,-13.558337219091,23.346383466388218
-0.1907149594863038,1.2627708978725347,1.3441206776033434,-13.558337219091,23.346383466388218
-1.7159326818175185,1.284503658773795,1.3816851521407791,-10.263179047727043,41.475677847902794
-2.0741940280682956,1.3188939735594616,1.438652065726914,-9.536702638287291,40.921679994774216
-2.044476335341546,1.339537209679164,1.4461863274687075,-9.536702638287291,40.921679994774216
-2.143626089859933,1.3115783583559661,1.4815015461003072,-7.381480335074563,40.96040262798552
-2.0873811568267913,1.312470648631699,1.5389914138814973,-7.381480335074563,40.96040262798552
-2.010231862063756,1.3166948625495738,1.621909069221422,-7.447350330944421,41.16743180943048
-1.9113146732897883,1.3375211928319526,1.7448332365557182,-7.529577576539925,42.08557232677736
-1.7821422434732472,1.3345605184883398,1.838699506188195,-7.529577576539925,42.08557232677736
-1.5777837664142562,1.4053564389494964,1.9830568765106114,-9.70100825277716,25.081871519752198
-1.413789280565469,1.4085341804552316,2.0440525351055943,-9.70100825277716,25.081871519752198
-1.2385945844330357,1.495206635276431,2.173635373544441,-9.857676333242392,25.551107008714716
-1.0753662789353466,1.4133291857402814,2.223348467034938,-10.117764719228155,22.0735595439673
-1.0588674970131011,1.4702065325863405,2.238438656386231,-10.117764719228155,22.0735595439673
-1.0266378926043656,1.5319306370013812,2.2265234414706767,-8.89600043395943,22.11473183828658
-1.0841628460644666,1.5945634453977957,2.164483275023403,-8.770925076124259,22.451540953303308
-1.1624377441209433,1.637465908339909,2.140913902184824,-8.770925076124259,22.451540953303308
-1.2457522493391906,-0.3333877164445411,2.056178411966253,-11.290188982893042,-21.010904171844743
-1.1606736022489035,-0.31707366498114453,1.9888553279472907,-11.290188982893042,-21.010904171844743
1.8719016776512993,-0.8578580468697661,1.9674855288058652,-17.742686460104707,-37.0979094570652
2.162526569205994,-0.8213379610628555,1.8305031014039086,-17.923306577122283,-37.33978345242374
2.1504133216563313,-0.6795078088111394,1.7997747126560288,-17.923306577122283,-37.33978345242374
2.261034931668121,-0.441003977641547,1.6243486960416758,-17.913291714927098,-18.453625462863844
2.028654506064892,-0.29563519184262166,1.513729463098355,-17.913291714927098,-18.453625462863844
1.8550749133756999,-0.17285121263357694,1.2676340459662874,-17.86106576353029,-17.347950702489108
1.6148967874479363,-0.10031786470707293,1.103846102151282,-17.938296540661447,-17.331580254722333
1.368162982717041,-0.07172651209405112,0.9480948505116222,-17.938296540661447,-17.331580254722333
1.1669034891100378,-0.06301692734053765,0.8130009854756826,-15.933153124764857,-17.267497089837445
1.031183848644778,-0.054011497743247316,0.7145660374553864,-15.933153124764857,-17.267497089837445
0.9553310065758271,-0.041434435105836664,0.642384049687267,-15.909386845501398,-16.64390326926964
0.9274848711951584,-0.04523053268688815,0.6051907691196985,-15.892082148333065,-15.76335016473795
0.9718589573075529,-0.06383813480616585,0.6020027520098403,-15.892082148333065,-15.76335016473795
1.0812524311962388,0.012187115789222991,0.539225735958087,-15.671803899942944,-13.258645290466069
1.1794425209584993,0.010553543119363962,0.5756861459492253,-15.671803899942944,-13.258645290466069
1.2904596775880215,0.12746529812611812,0.5513613673420865,-15.438924749843027,-10.253870995834621
1.4149310473815393,0.26318022545452957,0.5149335543892315,-15.211210180166034,-6.816494678626266
1.4885005593252172,0.267751351345083,0.5564419356857089,-15.211210180166034,-6.816494678626266
1.5748493137212107,0.2653236979892821,0.5895595096981929,-17.264730389699928,11.162710382775305
1.5482217786016876,0.2394409083969653,0.6305420371878032,-17.264730389699928,11.162710382775305
1.5738293998320816,0.49730239256621755,0.48310255399521207,-16.768551261046824,0.6435137274250595
1.5895499296674256,0.6655406075018404,0.7337394065192915,-17.354580117219346,2.400688350608901
1.537821665550552,0.6391492122450904,0.7360976771282202,-17.354580117219346,2.400688350608901
1.3801371126987054,0.7262315081997966,0.8976329323857231,-17.536261379730618,4.047839052348443
1.1612018965604562,0.8137918403549712,0.9381921597772287,-17.28843449516382,6.294580301861568
1.0966020659696385,0.7781161747752019,0.9135049386817515,-17.28843449516382,6.294580301861568
0.9722861367062268,0.8589345216459148,0.9283467939531298,-15.218452576959448,8.648678946023058
0.9214216666780368,0.8326305876513094,0.9149863816605652,-15.218452576959448,8.648678946023058
0.8379633699621238,0.9004994213273916,0.940680643488002,-15.095754113837664,10.881521971088285
0.7357239366384678,0.9595863230115018,0.9791216042344812,-14.946647672039012,13.50535424515601
0.7600526417697431,0.9147639872690199,0.9983742462214287,-14.946647672039012,13.50535424515601
0.7530841988197325,1.014334149857516,1.055130553613028,-16.82526685639696,16.464502084359406
0.7954911200125809,0.9640201309181647,1.084819284607628,-16.82526685639696,16.464502084359406
0.8476321978450301,1.063883452029714,1.1411407944474643,-16.83413119650886,19.130051754548802
-0.2580222050881438,1.1894143675117028,1.1932845718255196,-14.481330380923986,22.59095579784242
-0.25910255078405564,1.1834531946443503,1.2053223617800062,-14.481330380923986,22.59095579784242
-0.1438418842242708,1.2669983939737268,1.2308533300219926,-14.739233197524985,24.790287334981247
-0.184981720545081,1.2009208379413476,1.2374311231106616,-14.739233197524985,24.790287334981247
-0.0809203617105867,1.2477098444543815,1.2492422161036663,-14.883501592717122,26.700339965123067
0.02897257602260339,1.301101039012406,1.3091365685805245,-15.133614194475257,28.33011307188945
0.045048944801287405,1.2613247735169746,1.3255184741629709,-15.133614194475257,28.33011307188945
0.15478896430317812,1.3074303286641469,1.3566364376884454,-13.332822708841896,29.858813442641758
0.1712001356470827,1.294840141109324,1.3783141577443372,-13.332822708841896,29.858813442641758
0.25131380595513875,1.3432401721319485,1.4120949681185122,-15.447673698090213,23.06710131122101
0.36117195604534436,1.3534435097636726,1.4328336083749655,-15.624330451784695,24.566747150429485
0.38861862937329716,1.3354190031395683,1.461693668048742,-15.624330451784695,24.566747150429485
0.5150973188611594,1.3830275921670552,1.4736995881793145,-15.764000610888013,15.623617931817464
0.5479060849608273,1.3860723451894332,1.465796431589529,-15.764000610888013,15.623617931817464
0.5949587610968967,1.4185991466062142,1.4140419174341274,-15.715916212499422,16.3352331669916
0.590598985600528,1.439338621382484,1.3147210021216962,-15.504590487110429,17.11947411723561
0.5592319227393721,1.4539528379685527,1.2967372645296091,-15.504590487110429,17.11947411723561
0.5378013633959151,1.488997956915755,1.1983280822974018,-15.313139583594543,18.20604599409934
0.5003117491263573,1.495695956427042,1.1787647163254138,-15.313139583594543,18.20604599409934
0.4832373927919402,1.5050713576595736,1.0753695054141357,-13.104295766203613,36.93336810813185
0.40763608247889627,1.5354256171007437,1.0496322877041,-12.993062949994506,37.640389294830044
0.3860394989253577,1.5011419139255948,1.0220164718900602,-12.993062949994506,37.640389294830044
0.35054614095796666,1.48481205534792,0.9936884894996849,-13.069731974225018,38.813571818871836
0.41630040684742964,1.5152034796606313,1.022096672895303,-13.115612362041304,40.453330354484336
0.46222679759143137,1.4705286504624526,1.0583291933388002,-13.115612362041304,40.453330354484336
0.6037212122680238,1.5186075801372445,1.1446215283859358,-14.482979860696874,23.97708823248567
0.8232656585527316,1.576303003787175,1.207254618521545,-14.743492281429194,25.6840694849811
0.8881096592605977,1.5779120777105933,1.268084141742992,-14.743492281429194,25.6840694849811
1.035629104578324,1.6713510649968286,1.3289161442527146,-15.59890259588768,27.054790211084473
1.0496707622821708,1.7288166088903272,1.413918675751269,-15.76979607584474,27.49581708920855
1.032655610998904,1.7425156974402456,1.4034871604108226,-15.76979607584474,27.49581708920855
0.9486678463448166,1.8008726421370935,1.4385269585733005,-15.80920299337486,27.87372409790948
0.88050851296182,1.811468173068833,1.404770362406469,-15.80920299337486,27.87372409790948
0.7181326618631809,1.8122553971160595,1.4039439475814968,-15.7413186764132,27.63296695440274
0.6427621628501732,1.8113326989125866,1.3908309809359296,-15.814554717826857,27.47650284072425
0.5762612248969359,1.8023696082816414,1.3523859793398896,-15.814554717826857,27.47650284072425
0.20535717351565852,1.7923832161705258,1.322043831016313,-15.14805886629431,27.753528896891765
0.17123012306665242,1.7864263887445768,1.29790802445828,-15.14805886629431,27.753528896891765
-0.06265222457899178,1.7765605697995064,1.3004908220339826,-12.908077411963223,27.826352142933523
-0.20942599452616184,1.765681576020874,1.305041117081347,-12.620417645818664,27.71084898922752
-0.18010129155943755,1.7585334945365518,1.3187829374461444,-12.620417645818664,27.71084898922752
-0.20968699064661322,1.6908225514240258,1.3728303128284827,-13.947311794838631,26.87887833202187
-0.12750191354081197,1.6708204226766243,1.4109212876655364,-13.947311794838631,26.87887833202187
-0.05543345965393831,1.598698024198366,1.4588959227074936,-14.447974094405161,25.233080721368978
0.05362004776717111,1.5362069060695533,1.5004901213730273,-14.519170816263621,23.276870205992978
0.12220042741115433,1.5590462858767098,1.5312206458442963,-14.519170816263621,23.276870205992978
0.21305713598252995,1.4694305945214758,1.5505832039344167,-14.690582686607808,20.54165440423607
0.23158629443827183,1.4957102962057318,1.5551601395855181,-14.690582686607808,20.54165440423607
0.22498412632035558,1.3888696600174777,1.534644003411602,-13.33734721066104,17.713461630392494
0.2224105664957725,1.4253719896322508,1.5247600887099457,-13.337597543561714,17.73176063458466
0.1985247388837721,1.450874047397812,1.5221837125784576,-13.337597543561714,17.73176063458466
0.17188967437751446,1.1221177684078687,1.487972144655117,-14.860834102819087,28.642291570891256
0.1257865467059298,1.1219060853225042,1.4936109692826887,-14.860834102819087,28.642291570891256
0.033076715084372266,1.0443178465859602,1.442327198949107,-14.66434920824091,27.329714024480122
0.022846227498907856,1.0673647418035679,1.432212682496774,-14.659026920085623,27.344046145486796
-0.006929301528803222,1.0649524724502264,1.4196497448020402,-14.659026920085623,27.344046145486796
-0.7836785236237005,1.0606439627207889,1.4033248133415075,-11.231835519159844,28.08679635243159
-0.8039657942795686,1.0966591493055162,1.4054612846326777,-11.21083253763868,28.53186906073625
-0.8102355984043967,1.0833886942383348,1.414020654102469,-11.21083253763868,28.53186906073625
-0.7914050672783408,1.0691677452091721,1.4361351517241843,-11.333167548269742,29.531179595647853
-0.7279731894884742,1.0486755614266712,1.4802050938818505,-11.333167548269742,29.531179595647853
-0.5736738198861948,1.1137879483112285,1.5524969665890782,-13.257856656304641,31.058376881487042
-0.48924179080720553,1.1707061855493173,1.6068023495446644,-13.221255244933525,32.66464585725329
-0.4171943283081656,1.1718608314595502,1.6493297401661535,-13.221255244933525,32.66464585725329
-0.356078978013165,1.2712496507014426,1.7046483939246473,-13.243730956382771,16.009957044022812
-0.2926564332864021,1.2858003309405863,1.7024514904226102,-13.243730956382771,16.009957044022812
-0.29201629009665075,1.335099442721111,1.7273324686593603,-13.22744735965723,16.31867397456503
-0.08196359743200765,1.36892637799346,1.6534169764817772,-13.470572902665788,16.878049010072537
-0.10961332375528876,1.3966771386912966,1.6437293968732343,-13.470572902665788,16.878049010072537
-0.20841096534905268,1.4275319526499823,1.5615460623704622,-12.8171091959577,17.476244114716394
-0.24653390347163606,1.4601515650579886,1.5437311163043008,-12.8171091959577,17.476244114716394
-0.32734052356244825,1.5058737069904875,1.448277204225474,-10.896277383901982,18.621733968993027
-0.38176878002009706,1.5617431240457376,1.342603230866084,-10.571149410231632,20.085632961206755
-0.39423068647918535,1.5731694100559215,1.343390288743651,-10.571149410231632,20.085632961206755
-0.43309126960038835,1.5874034890587216,1.2393157863103579,-10.318477081770867,21.69907981695072
-0.3938611517542583,1.5865930730484803,1.2696098973049603,-10.318477081770867,21.69907981695072
-0.3970399880322748,1.5682698533263149,1.2595824022248645,-11.882567551928647,21.64920192479456
-0.5205232222357117,0.6178821334089957,1.327373954785816,-12.17272459698922,0.7739188254254437
-0.3813087781327016,0.6337350014759786,1.3446244794518345,-12.17272459698922,0.7739188254254437
0.9000776362595686,0.6269388773677578,1.4653746462848152,-14.83397352831136,15.605164156768561
0.9026788146975062,0.6527931166910899,1.489036198679792,-14.83397352831136,15.605164156768561
1.111476428649226,0.633850437584845,1.483142921013241,-15.392102949904842,14.120872845803815
1.059817723171699,0.7224824752088452,1.4766358045287369,-15.453846719402856,14.362094119881263
0.9453605384649251,0.7479042047163258,1.4190175644069851,-15.453846719402856,14.362094119881263
0.8162744159813173,0.7859584691509138,1.353080334017769,-15.451722237944466,32.775302981718724
0.6112342767683321,0.7788837538616213,1.2956474886985414,-15.451722237944466,32.775302981718724
0.6894950350556233,0.7693476707669475,1.2161291854823495,-15.964173690837857,33.26528949782865
0.5407317779666561,0.7956492267197239,1.187090052843724,-16.037074030907476,34.66152466068961
0.425614582006836,0.7298970514478789,1.1253735855310332,-16.037074030907476,34.66152466068961
0.3483106630177004,0.7171355080920216,1.098374947623284,-16.06163863415054,17.609352768060667
0.35616488285606174,0.6574119174870514,1.0474671834426483,-16.06163863415054,17.609352768060667
0.34943371419963,0.6468616155265181,1.0630173989424834,-16.07196672108873,17.97480347744724
0.37844138139838757,0.6046325969345394,1.0559693063041387,-14.221323370407951,17.749899924112476
0.4216347847226265,0.6056607520388557,1.0621955153583942,-14.221323370407951,17.749899924112476
0.46709383321586806,0.642246518202835,1.0986592194230038,-14.109652701148788,18.456092499345658
0.5080449706472465,0.6871036752816548,1.1429066059498916,-14.140786247258147,19.742082262989104
0.5741733571448671,0.6889914714905792,1.1705274395337404,-14.140786247258147,19.742082262989104
0.6705570789949031,0.7968543958908176,1.2504041259732195,-14.264264993827814,21.63146538533546
0.7319509826879234,0.8069585260999983,1.2820342979746613,-14.264264993827814,21.63146538533546
0.8046080026238258,0.9443156773414185,1.3659541904862822,-16.377844985479264,23.993798584535742
0.8344745749379054,1.0666949420881993,1.439720461623636,-16.464097968698226,26.357170020889892
0.8380163109089793,1.071108961292484,1.4416850443007134,-16.464097968698226,26.357170020889892
0.7928406462749669,1.2200966651989296,1.4305227573157828,-16.303723888658297,29.019111107082356
0.7300107848790631,1.2229038443133922,1.4075510986207078,-16.303723888658297,29.019111107082356
-0.5398937762285447,1.311775883088132,1.3990916244120029,-13.855088674766687,14.438782544154115
-0.39088293601285073,1.3922401922222865,1.358705460683428,-14.156505226498687,15.981938801640403
-0.43666810199088246,1.3919741096457923,1.3619215746074667,-14.156505226498687,15.981938801640403
-0.36072582755354343,1.345604171789724,0.9484442729512375,-13.277403052308712,18.58062606269518
-0.5645044883921897,1.3172932231097814,0.8954859666650288,-12.637996433564487,18.478004435565822
-0.5114329169417915,1.3227028397409837,0.9171945089328868,-12.637996433564487,18.478004435565822
-0.4520932982200403,1.2737154011351608,0.94376410029014,-11.394379834065457,35.20747272818867
1.151669298756918,1.23367836629041,0.9791651665102044,-14.611657016342855,33.105825537753724
1.2163533081660418,1.1915004382820436,0.9893654157860334,-14.611657016342855,33.105825537753724
1.3338872013494374,1.1681616630854514,1.0405169073152274,-14.466434537533008,32.83560694525049
1.4004677866191515,1.1997734461191096,1.0689056092369102,-14.466434537533008,32.83560694525049
1.456256853687751,1.2226845636270438,1.1146982856356578,-16.275199903656585,33.15942609530494
1.466847487350694,1.2311287277444478,1.1592324308630868,-16.478931926537275,33.498014349381606
1.415842265849672,1.2145406286781901,1.140024335660721,-16.478931926537275,33.498014349381606
1.4053428681603468,1.2357860475089515,1.1348704553487652,-16.623157417351514,42.87697738647069
1.313235176573286,1.276748926800213,1.1391484993523582,-16.747054365641183,43.94411291410813
1.2012574794286053,1.2332562845895165,1.074737068926015,-16.747054365641183,43.94411291410813
1.0858396417840508,1.2586118813276985,1.0562246420759478,-16.799441311826694,36.123348887976874
1.0154985317356169,1.2091560960820198,0.9984346472032768,-16.799441311826694,36.123348887976874
0.9136594573728232,1.2041785247289822,0.9954467292772757,-16.778320671197456,36.58494065816494
0.8760605998168605,1.1862110563105537,0.9671852103026977,-16.770342741564534,37.11578396325245
0.8523565709218399,1.150697468243204,0.9442583465225285,-16.770342741564534,37.11578396325245
0.7811615404128887,1.1240543814140924,0.938732883202209,-14.849550114469324,37.169351540122726
0.7929964861935388,1.1144256846245795,0.9353519011015505,-14.849550114469324,37.169351540122726
0.8155785176403634,1.1326121313524533,0.9586188864763936,-14.793290344704314,37.8727575514191
0.8384738035730397,1.138841330123952,1.0027884875377238,-14.845140786889162,38.71110368698687
0.8977700567880942,1.1220291650648317,1.0289346988119235,-14.845140786889162,38.71110368698687
-1.862031813227404,1.2008955542463757,1.1158123176075003,-11.014291452449637,42.56087861750603
-1.787540435220368,1.2269532157512386,1.1675786874354337,-11.014291452449637,42.56087861750603
-1.4211305689745646,1.2998877194307896,1.265117950551332,-11.690991680710143,43.689169567278476
-1.3685657438371601,1.305087413755091,1.3604654207335116,-11.75657733327671,44.81652018234328
-1.2574252241710266,1.294727341261475,1.4311983540692612,-11.75657733327671,44.81652018234328
-1.1380946187235237,1.3579786178109832,1.5456756251372807,-9.881426616149522,45.77488215042383
-1.0305359192874675,1.379692471510434,1.6199586445099112,-9.881426616149522,45.77488215042383
-0.9412482373455071,1.45123476624654,1.7187001473120325,-11.880188793825164,28.908207900053092
-0.8300710095109898,1.4982043702875705,1.8075871008619004,-11.970578099914189,30.11138752128678
-0.7507253432170182,1.5364864052599563,1.8868377943134402,-11.970578099914189,30.11138752128678
-0.6606811611771573,1.6098611593173389,1.956553881724509,-12.033491482639773,30.227213059948916
-0.6366964466628633,1.6482555873965328,1.9810292282013193,-12.043814179383112,29.95492209072129
-0.6452263236929903,1.6957490177999406,1.9850250022100722,-12.043814179383112,29.95492209072129
-0.6823373277931075,1.7097746716059645,1.9794825920131158,-12.067651918220708,29.29987287283835
-0.7321650226832586,1.7442047308009367,1.9618459976246292,-12.067651918220708,29.29987287283835
-3.4762953612957466,1.7434569974897511,1.9413145958425717,-5.331069663045248,48.80823105026674
-3.633887718429608,1.7833109451339761,1.9626718075237715,-5.21720441401963,48.240793863082104
-3.6683345067942623,1.7649759973296237,1.9463984284966063,-5.21720441401963,48.240793863082104
-3.719649560220188,1.661460409350091,1.981398663682847,-4.454045982694591,48.27681087564423
-3.6161103973992192,1.6249053753298965,2.0607732157783953,-4.454045982694591,48.27681087564423
-3.4085316935084746,1.6554501776997592,2.2103248134192057,-4.631850440021381,31.282758064136637
-3.163523456293527,1.7170524425411404,2.353590860929155,-4.6859437033077445,32.80779559741236
-2.95240202700748,1.7484176401754694,2.5069451326446472,-4.6859437033077445,32.80779559741236
-2.739865324654741,1.6589867969036076,2.6571504835933415,-6.848886411785932,47.801839116243514
-2.641222017420602,1.6930343659480285,2.768564653190711,-6.848886411785932,47.801839116243514
-2.559908795198404,1.7246126645645705,2.814632658650712,-6.848886411785932,47.801839116243514
-2.54058815869369,1.7923440772281054,2.8312516130888157,-6.7876793049071695,47.96666064350021
-2.590650714985842,1.8181998472564072,2.8371801855527097,-6.7876793049071695,47.96666064350021
2.1421997780756143,1.8299344098621049,2.8244255628042825,-16.707435819713858,44.11240204785454
2.008729496142823,1.7503488972923797,2.757898425106082,-16.707435819713858,44.11240204785454
1.9197445125257382,1.7433069810216293,2.6792270038605253,-14.83917777957095,44.06121454336
1.847936173872804,1.8794943747510047,2.578509607026402,-14.937984310810888,44.02282389115306
1.557474394591369,1.8778982034764147,2.4216753375955506,-14.937984310810888,44.02282389115306
1.2719706309981345,1.8297109864963859,2.24969464046299,-15.016808763928326,43.98606505908308
0.9846094978169142,-2.2506194744511685,2.0949554892775692,-17.605029464079497,-45.153644050920875
1.0481255023926073,-2.2994629878616593,1.8632635985726949,-17.605029464079497,-45.153644050920875
0.9790683102711046,-2.1996138108666257,1.8833194275639218,-19.618938047318665,-46.531405293646
1.059050966969973,-2.1112309781169785,1.7912350712531377,-19.618938047318665,-46.531405293646
1.0757784053795354,-1.9385915275857646,1.7142454589087652,-19.634349039699575,-44.743072896672345
1.0946793679220734,-1.7050721770240194,1.6223805271305674,-19.648917834861333,-43.668722748605525
1.036605709291599,-1.5469758943217018,1.5150127695972397,-19.648917834861333,-43.668722748605525
0.9670758710672782,-1.3578185362389785,1.4097705179437474,-19.639704059788865,-42.72846066053539
0.884507958518046,-1.2302113201913558,1.3089180601194874,-19.639704059788865,-42.72846066053539
0.8356377939826753,-1.0750722377199338,1.2161480060179048,-19.6543443230532,-41.68556200679476
0.7844226523620019,-0.9362410379637384,1.138432209676183,-19.637504512438113,-40.62428928025814
0.7445666819486991,-0.8614920613305439,1.075127602176663,-19.637504512438113,-40.62428928025814
0.7469948852785779,-0.787055992284375,1.022736710390702,-18.87040800943576,-40.35447106627182
0.7479396770674387,-0.728117557953159,0.991934222679645,-18.87040800943576,-40.35447106627182
0.7807088021397348,-0.626033232329662,0.967105583000369,-17.640943809504318,-39.05696075589702
0.8185607560752133,-0.5335980306323094,0.9677384924845573,-17.627051736618867,-37.87190136205307
0.8674168349936706,-0.5019621362052001,0.9807466672189129,-17.627051736618867,-37.87190136205307
0.9212020396349212,-0.3944563955568429,0.9818196295932853,-17.50781601190149,-35.59961305757525
0.9919488327423331,-0.3695004179463476,1.019369162268378,-17.50781601190149,-35.59961305757525
1.0990930027598376,-0.24443729170658185,1.020824860694305,-17.440930445889315,-51.07424553052763
1.2499251488849341,-0.0866420870610688,1.0201196904424683,-17.33959863218085,-48.02937100608572
1.322555096714747,-0.03546176996842593,1.087395747973206,-17.33959863218085,-48.02937100608572
1.4440524658983072,2.1884632904592016,0.9510079698013167,-17.537600889124974,19.482960955257866
1.2598775131202746,2.208928287617155,1.044461782233025,-17.537600889124974,19.482960955257866
1.3602104684935847,3.134836850614934,0.9538284039720906,-17.205641976656075,41.67602502902706
1.320726944374012,3.3550453064108767,-1.905782164028242,-9.738877880726669,68.31781750020752
1.228622095405619,3.4107525742697975,-2.037000207891444,-9.476921997192372,72.70863158635224
1.0891580737920776,3.201655851193605,-2.042764548578678,-9.476921997192372,72.70863158635224
1.0475020355175642,2.997368610637335,-1.9339517194572116,-9.706695642664258,92.88248055237635
1.0581889403384181,2.736054308111516,-1.8030294742002124,-9.706695642664258,92.88248055237635
1.2007087440173487,2.5401361631359896,-1.5974370616712346,-9.902893219876077,93.82110827461081
1.438481799270824,2.2879447321661512,-1.3624276340607242,-10.270979012542305,92.58197172852888
1.6306187756678288,2.0798160469440012,-1.2131113008143375,-10.270979012542305,92.58197172852888
1.805757685567586,1.8848420603415976,-0.919923546287658,-10.683634969810221,91.01162640579878
1.9547044990814424,1.7122640828387694,-0.5967810736030525,-11.243330325332419,89.00932054494977
2.05404223000581,1.5846477140794661,-0.5007863462782995,-11.243330325332419,89.00932054494977
2.1059038492946183,1.4804713685468007,-0.42887332842897075,-11.243044138723707,88.87835836152608
2.1161309091209035,1.3983970127168805,-0.3872223826836003,-11.243044138723707,88.87835836152608
2.0819792691518195,1.3205644413853705,-0.3708027029485852,-9.243044138723707,88.87835836152608
2.030926053461481,1.2607216770852037,-0.36576584372029797,-9.245597989612273,88.78998339195132
1.9688927371908758,1.1939274582101067,-0.3704989871454796,-9.245597989612273,88.78998339195132
1.9031097527476084,1.0405373991093403,-0.3781901204178362,-9.287879527439781,69.39728077789711
1.9466183906682262,0.9856711010970525,-0.39446812046403035,-9.287879527439781,69.39728077789711
1.9703445382991127,0.8718870639024754,0.9549982638029506,-12.845428583828614,66.91890784657231
2.0205913193811273,0.8302892170336986,1.1224638791495978,-13.295167801838282,65.70782781747677
2.053845707929459,0.8394105718206908,1.1202349665068887,-13.295167801838282,65.70782781747677
2.0859003537315006,0.5481966438651447,1.307296253685828,-16.069770419948803,56.22511985907771
2.059748736194692,0.5708512847981613,1.2417880718639969,-16.069770419948803,56.22511985907771
1.9673137453997513,0.6195813737752109,1.3693966725632034,-16.569258345419314,45.782715670739584
1.8520912931193847,-1.1853386343480703,1.4285045146165303,-18.080258875396975,3.194525022771226
1.8495969574233817,-1.125564171107778,1.2929990814552088,-18.080258875396975,3.194525022771226
1.69000980828142,-0.9002364227068611,1.3158846539111546,-18.06665759844013,4.905293220459049
1.6288849570085864,-0.7822479676452159,1.2107395485970067,-18.06665759844013,4.905293220459049
1.459443859190543,-0.5723704508830014,1.1355743604099793,-17.965804252858426,6.733518886128475
1.3503545063207203,-0.3815298433871006,1.053706823558715,-17.98785605942224,8.263342621099786
1.247528907433364,-0.2838382878563075,0.9493910675117041,-17.98785605942224,8.263342621099786
1.1266246821669093,-0.13596365511270192,0.8728583180919571,-15.913374143557546,9.60800251034835
1.072421263616651,-0.04722959530285342,0.8062854877842973,-15.913374143557546,9.60800251034835
1.0192316927938725,0.0764112027752919,0.788165303406887,-15.895916366361691,10.816673969690138
0.985416136644762,0.18980644796133905,0.7960176698112007,-15.87541475979846,12.582255567239786
1.0331214135964997,0.22912113836516035,0.7956177981910626,-15.87541475979846,12.582255567239786
1.0757200131147227,0.37840686838558013,0.8297339787652813,-17.790621208085348,14.96111237770662
1.109150859008997,0.5166638562061572,0.8720749860080144,-17.695642664902856,17.42518064008926
1.1752154185764225,0.5487647816475156,0.8921995212536706,-17.695642664902856,17.42518064008926
1.208187400011334,0.6931884232235006,0.9060691419316345,-17.576427216491346,19.437605645446162
1.2147075259566402,0.7209552291620582,0.9116790277108597,-17.576427216491346,19.437605645446162
1.1705664421423507,0.8234352968710419,0.934585381040749,-16.51997133554444,21.150671687190712
1.1112708533702773,0.9282683402921934,0.9626702759956309,-16.483890879023082,22.918853730707312
1.07836252866116,0.926202939176983,0.9564855737845184,-16.483890879023082,22.918853730707312
1.0185943686510743,0.9925500356426131,0.9675299927325351,-15.423369229847626,24.807857471214597
1.0082855036337963,0.9855013754185098,0.9773890932560465,-15.423369229847626,24.807857471214597
1.0168426655033613,1.0699479670747565,1.0141802569556342,-17.424137227771705,26.904355240926087
-0.08086370123748754,1.1357696121925906,1.0343237465744175,-15.109818996617449,30.23533010530057
-0.055197208505619155,1.132165487054518,1.0601749212457734,-15.109818996617449,30.23533010530057
0.10414836771722058,1.2315789716273158,1.1038574190519412,-13.347167565320179,32.045978650319206
0.10705088892333903,1.1995526442777869,1.132485276595069,-13.347167565320179,32.045978650319206
0.24568388432103205,1.272763612897787,1.1902725818975446,-15.54881234814113,33.92377023223599
0.3759527894671608,1.3147584903069904,1.2461749990434456,-15.755289030979272,35.99898111293099
0.42840997445484774,1.2882324730533972,1.2850666168546656,-15.755289030979272,35.99898111293099
0.5989054181594113,1.3887857877534384,1.3319434157654109,-15.959456972036389,19.799907195547988
0.6715010213068577,1.3860406077808305,1.3351502687081735,-15.959456972036389,19.799907195547988
0.7749191179809531,1.4648070395008268,1.3650296813289282,-16.101763333752203,21.030058602603027
0.8443419190792427,1.5060563160217462,1.2630220205043194,-15.93556614585609,22.372034158394897
0.8215853507891526,1.524746081741346,1.257504868638177,-15.93556614585609,22.372034158394897
0.8142438105065426,1.5741880000409174,1.1668456473598368,-15.764950114660703,23.597298715436715
0.7691440425924543,1.5864516938355802,1.1500764848073484,-15.764950114660703,23.597298715436715
0.7371266630655771,1.6293673070213952,1.094533653837698,-13.663233798737751,24.63788852896883
0.7195776109894827,1.6729377222524986,1.0835148470638587,-13.666048508724979,25.201332994280264
0.7032661826636497,1.6725577507216685,1.0802444040177392,-13.666048508724979,25.201332994280264
0.7038277619096243,1.6747194271323294,1.0828267242565648,-15.657580599222863,25.9439253218264
0.7293062200915981,1.684783365307594,1.1006467732335765,-15.638355148988202,26.63819089739789
0.7710605231014371,1.6810096605383316,1.1204710126420911,-15.638355148988202,26.63819089739789
0.8236726747572511,1.7261844885713884,1.1422668361840511,-15.636087746620891,44.98591794948993
0.7733329162428833,1.727348279006669,1.1652390984269294,-15.636087746620891,44.98591794948993
0.7335660597720488,1.7293834403235304,1.1685621602575997,-15.682676479056688,45.430405337759574
0.656831096556334,1.7118215960201058,1.1753082503476766,-15.695231509081351,45.46806680720427
0.6051820532348482,1.6700226655706263,1.1590430256947886,-15.695231509081351,45.46806680720427
0.5798478315235762,1.6435969343981531,1.1545335374669978,-13.764065714465113,27.813723079672563
0.6141451645897069,1.617928155389701,1.136537477667113,-13.764065714465113,27.813723079672563
0.6186280398017328,1.6230036859305481,1.1957442747758238,-13.993140878891577,28.013360583311027
0.6685351473621708,1.6017588979910482,1.2499682341589176,-14.111275281337557,28.264864781544155
0.7297247155111561,1.597587366455497,1.2810529786337885,-14.111275281337557,28.264864781544155
0.7555807158174908,1.6307489229153895,1.3559389172252603,-15.922367795811638,28.50006632780328
0.8106517889372378,1.6340411798944576,1.3783364145731851,-15.922367795811638,28.50006632780328
0.7337671612468815,1.655360032844638,1.4352354688683553,-15.79531898455153,28.307593835687747
0.7621833479696061,1.7053888615550563,1.4439763071391107,-15.804686813064047,28.3231159928823
0.7423192243668923,1.7297474552410437,1.4324373014463352,-15.804686813064047,28.3231159928823
0.30980414716033744,1.744665937670267,1.4402815238846278,-15.07621856003416,28.384634230728643
0.2619746854674787,1.7573726542228396,1.421974561230054,-15.090055599060216,28.245501178832598
0.21468062727138104,1.7631646393545841,1.3990035232219866,-15.090055599060216,28.245501178832598
-0.1806837176050795,1.7239614662062275,1.3853874024821997,-12.401234526858325,27.79913049384119
-0.20846354974236458,1.7393522790008968,1.383348020946186,-12.362618570524926,27.72675179223222
-0.20036879747583702,1.7388508490462389,1.3929159040099495,-12.362618570524926,27.72675179223222
-0.1916014081266435,1.6259660339355113,1.4151847705564555,-14.399996460439226,26.03969734103378
-0.12085349386154931,1.607803565658469,1.4463856453958326,-14.399996460439226,26.03969734103378
-0.04114949169553972,1.5544923153603318,1.4896410977410013,-14.440147878430054,24.679248050555827
0.06952553219450719,1.5392951360130196,1.5255111143992774,-14.510716997975955,23.37865107013367
0.11788585075770808,1.5667274253124213,1.547749625492757,-14.510716997975955,23.37865107013367
0.1766795912152821,1.5957292697896175,1.5623107498999396,-14.594261115763734,41.333926169662895
0.1107002131732171,1.6144439401330817,1.580041252309002,-14.594261115763734,41.333926169662895
0.07105214109726643,1.5100999796804166,1.540682015240782,-12.652611617806464,39.341698355692344
0.040155090651766034,1.5265431992409986,1.5304117999571676,-12.700988252454904,39.51338055091357
-0.00827318980558811,1.5032310411099905,1.5241629790374556,-12.700988252454904,39.51338055091357
-0.0472485734575816,1.4494946586984798,1.5254145991749528,-14.706453540828408,29.886638294822127
0.01278825757820723,1.4266795630574967,1.524391888047386,-14.747347700272146,30.373198601611783
0.04122756398810479,1.414602751921815,1.5535056609811368,-14.747347700272146,30.373198601611783
0.11860497084806743,1.4070062577908766,1.5756856549422482,-14.829884927681995,21.423822098018384
0.16162994988906187,1.4169004345734444,1.5712658525615757,-14.829884927681995,21.423822098018384
0.17196802196175098,1.4425525160071466,1.5827212005328106,-14.843441305668668,39.406290490781714
0.1281050303624085,1.4465255142574267,1.5924649255874748,-14.894897407693415,39.133731955833724
0.08936651554580655,1.4362906426127489,1.5491343976857088,-14.894897407693415,39.133731955833724
0.02443869646194008,1.4316224035564507,1.5276288057422245,-12.896777218907843,39.0831786020759
-0.02027133660722713,1.429829130749769,1.5126402646864512,-12.89798245841714,39.0704459515043
-0.05345962373576452,1.4074301350904883,1.5038641811089173,-12.89798245841714,39.0704459515043
-0.07823442133439462,1.3749847142709801,1.5082265115274178,-12.891741015082651,39.485254615568685
-0.01531874227426444,1.3940058035268392,1.5533087763895446,-13.011806925869855,40.29977944121774
0.02726184767025952,1.369744172356895,1.579857688968458,-13.011806925869855,40.29977944121774
0.14476024025242795,1.4233927506455768,1.6509653815073115,-13.205870733368458,41.51786522853083
0.1950549280037448,1.412551400615844,1.6823361152920278,-13.205870733368458,41.51786522853083
0.33625142123588714,1.4921265574285243,1.7486580102019944,-13.456407279827939,25.091517074584118
0.5333526345800068,1.6102531863373548,1.7996831179845567,-13.719693641865105,27.25349611505544
0.5644201570281335,1.635470295310108,1.8435604926296887,-13.719693641865105,27.25349611505544
0.7266506592221731,1.3447852165517207,1.8543062957158671,-16.169990991470677,20.2784139256389
0.7519424767417915,1.361344251715622,1.8445632263358278,-16.169990991470677,20.2784139256389
0.8505964435064466,1.2914586053714951,1.7321012741603112,-16.183786706783955,18.476354707525097
0.88580525492322,1.402527014744645,1.475847211921786,-15.642674796197891,20.952427061772177
0.8090186177674412,1.4509576020844734,1.4366127671697702,-15.642674796197891,20.952427061772177
0.7274860825048233,1.5443489972709845,1.216961984443659,-15.177552176778766,23.487119337105028
0.6240341314576874,1.5636148405532115,1.1672647631941024,-15.177552176778766,23.487119337105028
0.542604403521131,1.6134859423011387,1.0911910158409452,-15.073312091279362,42.6045739508742
0.3298938977616741,1.6261991318007025,1.1081567829486536,-14.984818253939347,42.892671551152574
0.27412197539967575,1.5876145661547334,1.0511200105161391,-14.984818253939347,42.892671551152574
0.10906069303644372,1.567345991088791,1.0804715829780056,-14.879028828349233,42.911160258415464
0.004819240819968762,1.5841415783740587,1.1198440152286464,-14.793416460554798,43.99224428337656
0.005917760542260009,1.5392103322383384,1.1234165074984777,-14.793416460554798,43.99224428337656
0.055447223997294515,1.539149854629915,1.1838157579815105,-14.959462981261877,26.619886304730855
0.14607027049948407,1.503730723585708,1.1847983316746467,-14.959462981261877,26.619886304730855
0.2420333182336485,1.5314672324278407,1.2616493164574476,-15.09162378211999,27.030358207235174
0.27484637820667324,1.5301590137394885,1.2901303387424874,-15.012513366251119,27.064546071862075
0.32880195450381633,1.5445260708162236,1.3125855479714406,-15.012513366251119,27.064546071862075
0.20220441869963146,1.565092767258834,1.3525136642916018,-12.737975582511384,26.996065268424964
0.2323531027528425,1.604448098451436,1.3693067961567724,-12.737975582511384,26.996065268424964
0.07523379118971807,1.6178276321309295,1.3884267781324975,-13.595338117278786,26.910122702479626
-1.2621495680288195,1.5461601178183684,1.4249609493614637,-10.933277795026692,26.617614386058534
-1.2114422170559929,1.5818429077998433,1.4575541623843753,-10.933277795026692,26.617614386058534
-0.862095736301197,1.5432980601546693,1.4980229844905075,-12.36687273306025,24.87773265866076
-0.8168551543661442,1.5174228733329922,1.5308927312403142,-12.36687273306025,24.87773265866076
-0.5995262115188358,1.4344503224523426,1.5795957930793938,-10.720002584574782,22.462449181997812
-0.35450073286434036,1.4924231287348808,1.6265462562401631,-11.013157927415637,22.360810074534328
-0.29121196885297285,1.5268149465942764,1.6714725983425114,-11.013157927415637,22.360810074534328
-0.025847983957666854,1.5397182324942118,1.6745156780608388,-13.38643579932883,22.418136843037566
0.013436810671087374,1.5564298962845973,1.7025527978208628,-13.38643579932883,22.418136843037566
0.03650818077756446,-0.2528762977367254,1.6847871433018937,-14.465402392898222,-15.004104598960136
1.5247207466382142,0.025892655392544706,1.603718858548569,-16.97038437615301,-11.06136469759647
1.5016251313599456,0.107438799944507,1.6406014460824636,-16.97038437615301,-11.06136469759647
1.7312293964383658,0.2952385988229831,1.5494321909484523,-17.245614280537,6.41008957165908
1.604228042233627,0.4125455141332792,1.5097084123338775,-17.245614280537,6.41008957165908
1.5723576992188728,0.5280010707422624,1.3492248885538682,-15.332654155851625,8.028497423571125
1.4488778483900342,0.6260421485930956,1.2558764643003852,-15.448863802144285,8.726094485256176
1.2701242477965424,0.6385853848259544,1.1593596540027735,-15.448863802144285,8.726094485256176
1.1266627112705994,0.6540107436146353,1.0685328798762996,-15.421701362045416,9.802868855712099
1.0384386712133913,0.636019797602642,1.0162509494111256,-15.421701362045416,9.802868855712099
1.0020043258159834,0.7031892927171186,0.9709957006609784,-17.335784121400827,11.897791480102686
0.9999975765450531,0.7730803707169449,0.9496979601015072,-17.28684808158352,14.266548837836293
1.0086522601356696,0.7515333724824105,0.938736370541049,-17.28684808158352,14.266548837836293
1.0492344709868147,0.87245238751924,0.9313628398324698,-15.237309351391973,16.770068031685316
1.0514537215545343,0.9632558240591269,0.9178193088400985,-15.148587876482871,18.80667236840396
1.0481086879319612,0.9453687907406891,0.9152318804835522,-15.148587876482871,18.80667236840396
1.0421086908650006,1.0111786209686275,0.9062851913436187,-17.05614844469452,21.43800476972646
1.052288677604468,0.9667720185535376,0.9182287850468889,-17.05614844469452,21.43800476972646
1.081205435945475,1.0276266891735828,0.9243683800658626,-14.990065047453987,23.47002857073604
1.1227251426507032,1.1429833947828685,0.945572381902267,-14.934309610936111,25.610717920052863
1.1265191085048625,1.1221892431842406,0.9556121235195945,-14.934309610936111,25.610717920052863
1.1228154467745326,1.17306517954988,-1.264120042895824,-10.957116094537657,43.833426609545626
1.0939614748175996,1.1685998531766464,-1.213706426327163,-10.957116094537657,43.833426609545626
1.124815678419151,1.192296752471898,-1.2370433433274677,-8.814675178324471,45.97253903403952
1.138501028152099,1.1931253462505242,-1.2057447421573753,-8.690153190088388,48.115037750559274
1.2386869893795103,1.1267885893974372,-1.121968443469699,-8.690153190088388,48.115037750559274
1.3655629935653275,1.1288341444786214,-1.0949122177824657,-10.448682201420826,55.858524536260155
1.5035553605584586,1.0598617208898513,-0.9781275556356597,-10.448682201420826,55.858524536260155
1.6822594343143182,1.0922109707235819,-0.8341081988362435,-10.56871300293586,69.66528434871339
1.76351935994982,1.138395271499544,-0.6297044398265133,-10.778211066858681,70.31551686760676
1.8210604972446434,1.0852831285354305,-0.5840392123577758,-10.778211066858681,70.31551686760676
1.782420631155194,1.0820063021425537,-0.2693351866210052,-11.390696193430683,69.55878522809437
1.759455416601424,1.0264287452185166,-0.24782437451557104,-11.390696193430683,69.55878522809437
1.6053071693365226,1.0034760834358785,0.0027688932785818743,-11.79277318542127,68.64561401111831
1.4837394760208973,0.9780169968520254,0.15993940776853477,-12.068728644092856,68.13481428741653
1.4132959431581154,0.9213549104228913,0.14537583013886035,-12.068728644092856,68.13481428741653
1.3096787794383933,0.8994656582031428,0.22134850970748987,-10.240274759134149,68.0413282877077
1.2468710226369613,0.8672787137421549,0.20205506166260379,-10.240274759134149,68.0413282877077
1.1838710998014423,0.8253131568442593,0.2978106053289733,-12.530164674860767,67.33885368685765
1.10331372641323,0.7696652849735557,0.4472935403011198,-12.920111672497347,66.83166853415014
1.0883121537658695,0.7233660330252607,0.43520732171225096,-12.920111672497347,66.83166853415014
1.0941568570062916,0.7217208331092833,0.5448983118048094,-13.229339430240637,48.17351414759887
1.1418755690536795,0.71075317159351,0.5728099656497392,-13.407817499996446,47.743137143989685
1.1335292882208108,0.7267323286239105,0.5757090805894196,-13.407817499996446,47.743137143989685
1.140599813475668,0.7427686720697038,0.5836063808086971,-11.499932043603794,54.409705745505406
1.1081774529781496,0.7808446985657005,0.5704598087000072,-11.499932043603794,54.409705745505406
1.1025727893269028,0.8175219115121064,0.5873081049685906,-11.652059092120675,65.71951864287658
1.0629232303243819,0.8016681933184922,0.6774861888212309,-11.993701845325527,64.99540383715642
1.0546421413451843,0.782136052353537,0.6491947212106424,-11.993701845325527,64.99540383715642
1.111234673896122,-1.0519610068113026,0.8365932422157059,-13.792781194287464,23.241156034806213
1.3315192463364267,-0.2903367929109142,0.9843696703625078,-13.948752532771842,38.86800379672498
1.3366645898608651,-0.2319129418958661,1.0625048852941636,-13.948752532771842,38.86800379672498
1.4592665386960817,0.36036519107284803,1.2231745500296545,-14.370631503585733,49.68650335967407
1.4204557100051527,0.41388792807549857,1.2212817990541138,-14.370631503585733,49.68650335967407
1.1885697826504653,0.8287645878335401,1.3666379343878985,-16.0135643724561,38.99076276051937
-0.24703232421867893,1.1515691092959779,1.5050579577844754,-13.45505546132581,45.311344324768726
-0.32424933548432566,1.2023220876485365,1.485219244840514,-13.45505546132581,45.311344324768726
0.5895492474731499,1.4382821500702307,1.5805812355903222,-14.883471992529834,30.21948223289614
0.9685403348281287,1.5376313519028897,1.6261298368665542,-15.932811315508308,31.95455021819066
0.9414764791148031,1.5557586941478188,1.6179438762693525,-15.932811315508308,31.95455021819066
1.1344682381768423,1.6658970772019341,1.665249027536004,-16.64580381323212,32.79667386746948
1.1243795848275728,1.7048917598226223,1.6372156784020375,-16.64580381323212,32.79667386746948
1.1026151478324202,1.7814990176366077,1.6705949680646128,-16.822448751647336,33.29142240975026
1.0624532804741795,1.8409474846098632,1.675285339206677,-17.108512067629782,33.49919402308578
1.0065935873628509,1.8599553612664712,1.6291674780429948,-17.108512067629782,33.49919402308578
0.9510084391095321,1.8780586678891238,1.5876804626860732,-17.068981913476797,33.49262353233588
-2.4554020750054706,1.879411713801891,1.5699195854408607,-10.239071554548719,35.73088964806223
-2.4818813410970555,1.9376081106701104,1.559641840501107,-10.239071554548719,35.73088964806223
-2.5802499340061154,1.9355909003884253,1.560999879779002,-9.630714582374521,53.80687091978629
-2.625323161771575,1.6525806241039738,1.6040698859375833,-9.773142985226825,49.75033267170339
-2.490692099191877,1.6024149350105208,1.649651343326957,-9.773142985226825,49.75033267170339
-2.3403275940594557,1.5734245500764334,1.7520394315353092,-10.642399535444547,49.771831066781395
-2.1419541690421786,1.548844397197612,1.8593609284544963,-10.642399535444547,49.771831066781395
-1.9539230334940998,1.5459555863836798,1.9693869717961698,-10.642399535444547,49.771831066781395
0.5003977871190115,1.5653341311715652,2.0633130973783436,-14.044105551267318,47.98567463922337
0.6069147543909403,1.5549709604493105,2.129347933306163,-14.044105551267318,47.98567463922337
0.6545948897412077,1.5749377955375725,2.1749792976472238,-13.83155095003238,47.99127324720167
0.7324330870774776,1.6408942025167943,2.1886348068151023,-13.93823896328225,47.97434901983477
0.6566319055814742,1.6601464399157626,2.1686057514491908,-13.93823896328225,47.97434901983477
0.6068940463789101,1.6660206857581668,2.122810004519726,-14.030428918575241,44.36530703637941
0.5898357769268121,1.6640720287136124,2.064172696500656,-14.234467396147814,44.30442572119337
0.46278353005755646,1.6551724103887455,2.0126005991479254,-14.234467396147814,44.30442572119337
0.43850994562868895,-1.2690674970616838,1.9539783546554332,-16.17209609170765,-26.862771082288056
0.5880035321884904,-1.2714777257491736,1.833671271910947,-16.17209609170765,-26.862771082288056
0.598499102710623,-1.210753316633188,1.852145692941201,-17.685802139633815,-17.401387712186825
0.9646229918782989,-1.049164978813705,1.7242045371423882,-17.984936873813513,-15.52543935939537
0.9656877254037419,-0.9264477532424635,1.6715592953167877,-17.984936873813513,-15.52543935939537
1.1517659566496745,-0.6943764438317883,1.4897793197441067,-18.057477153596572,-13.110356109634541
1.1534744773355392,-0.48957263320388944,1.2953158552284183,-17.86926655937957,-10.631521148070235
1.047194383058983,-0.3847410681826602,1.2095156649567258,-17.86926655937957,-10.631521148070235
1.013479845520569,-0.2378012730385206,1.1232729444879346,-16.65624422963955,-2.1458841349616247
0.9447963162647177,-0.0772291640465066,1.0601160343658278,-16.70930164237707,-0.1785506150918117
0.8595634118172932,-0.04493018438173613,0.9911790107757517,-16.70930164237707,-0.1785506150918117
0.804293108620072,0.05496481660094865,0.7406615986511915,-17.449454936803257,8.708450411304451
0.7561745088645639,0.05457164311153784,0.7239021278958351,-17.449454936803257,8.708450411304451
0.7571826269539259,0.1418701051759026,0.7914483198009732,-17.62713757092875,-2.2142473888377783
0.7621083819743562,0.22075066226991125,0.8456587893800442,-17.652784695373242,-0.962536225664186
0.7564735139025798,0.2894231446771973,0.8747752278413499,-17.55978195659356,0.38509889211449755
0.7989963033200875,0.2915384635618168,0.885194137829787,-17.55978195659356,0.38509889211449755
0.8269934076361114,0.33566141046868614,0.9117298395601692,-15.569865406013378,1.1132023099107984
0.8570875845177683,0.3571719417397444,0.9301139080031544,-15.569865406013378,1.1132023099107984
0.8770177192077266,0.41498532954599987,0.9464684658971576,-15.663420348970442,2.2828061208101293
0.8742135667522599,0.47902815620297956,0.9723098315332823,-15.580863712544812,4.197053966627061
0.9170754272150754,0.47811018575407216,1.0044252868203194,-15.580863712544812,4.197053966627061
0.9685575991966435,0.5776254819081773,1.023415672362177,-15.383987882907206,6.4774895932275
1.0116429156925402,0.7103402410120608,1.0456666970989983,-15.265789772507631,9.449199146314957
1.044664409604064,0.7101834418662785,1.0773597201491114,-15.265789772507631,9.449199146314957
1.078731167779875,0.8309001324422302,1.0775647245874778,-15.083715537303773,12.42228958298557
1.0915298734573993,0.9898471745898066,1.0819836085959507,-14.919256747674652,16.216039434996826
1.0929803864003427,0.9779291220604543,1.103929881888412,-14.919256747674652,16.216039434996826
1.1040358392850935,1.1213881056652388,1.117629945876855,-16.27162388785054,19.831408564488274
1.0834298064379317,1.0882469806315194,1.1323282604646896,-16.27162388785054,19.831408564488274
1.0728673554601396,1.2333404384797122,1.0902720455974926,-16.606949479791485,23.991023431618604
-0.09239171016472314,1.3790020058066095,1.0922347325397959,-14.157611224753065,28.412703548380524
-0.13890031922413115,1.3627508987487142,1.0893765793469177,-14.157611224753065,28.412703548380524
0.010596337911900733,1.4758226960742478,1.0470021538341192,-14.371307528281845,31.808880929406463
0.13106390754161312,1.5357135093447507,1.0448444882288737,-14.660931215656067,34.77313364791248
0.11318279057302849,1.4739394885259267,1.0534194009848745,-14.660931215656067,34.77313364791248
0.27206792947673897,1.542199700743112,1.0489847783069286,-14.847386293071315,37.49807692425573
0.2817408546082065,1.4927680968217683,1.0705101361498297,-14.847386293071315,37.49807692425573
0.45482055563208146,1.5602611102208328,1.091054090541001,-15.107077541362257,21.938167337861636
0.6475341562559711,1.6227909771001952,1.1385354224818682,-15.418234362185906,23.72588489623252
0.6701788664938322,1.6092339715827941,1.1780597554212906,-15.418234362185906,23.72588489623252
0.8254892560842868,1.6619064303972837,1.1881912364908684,-15.61693661517679,25.0904914736498
0.8847154719804786,1.7253623822642632,1.1952786853351456,-15.67761413052179,26.427477394037645
0.8765367960915729,1.7247109410720154,1.1908799832125183,-15.67761413052179,26.427477394037645
0.8610390936870176,1.7721985309511223,1.1988188482102293,-15.708282356221472,27.275970489486795
0.828851006452842,1.7715636388749894,1.1839348865052104,-15.708282356221472,27.275970489486795
0.7984278794136239,1.8004332593881263,1.2032884457948057,-15.796536135836178,27.745277437914275
0.7623497280844909,1.8152657208736427,1.2176972618793975,-13.967258874127376,27.995654650684443
0.7397506202813613,1.820129583487922,1.2062584823486482,-13.967258874127376,27.995654650684443
0.7067032091650334,1.8441903890781908,1.2410973065872235,-13.999675040561053,28.446131730869745
0.6693889385458136,1.8312591369983928,1.2982214340335312,-14.082554790763416,28.572976084150525
0.6980795903032435,1.816781045222676,1.3122204913553124,-14.082554790763416,28.572976084150525
0.6381406731876975,1.8129827560496292,1.3866850670007143,-13.97535824430728,28.38601979100367
0.6901119695076305,1.811996649079356,1.4612981357523749,-14.107778739785646,28.049805480512887
0.739366421205581,1.8121713438062432,1.485857982303092,-14.107778739785646,28.049805480512887
0.05412045343197569,1.7182327678812597,1.5350935514977833,-12.841466856533495,26.301854787906734
0.10037719067902495,1.7368900969009538,1.55840870012549,-12.841466856533495,26.301854787906734
0.10503107080792118,1.748045938935223,1.5798218873222225,-12.791755709114117,26.352113928743897
0.17210170110779166,0.9192292087500937,1.4966533910729627,-13.12977820581542,8.907548898626679
0.26716823381632504,0.9318069302232772,1.5055219809976534,-13.12977820581542,8.907548898626679
-0.6507664679171805,1.0360312906102513,1.2433268804894273,-12.084614693738924,31.290812266817582
-0.6533562195618108,0.9232675997581417,0.8935328900806219,-11.119104924596682,30.732750702925678
-0.6273894603522026,0.9401238736352802,0.8862512214762499,-11.119104924596682,30.732750702925678
1.7621468622125689,0.2700873618443884,0.9487809636450166,-16.614330533855345,31.544444233536993
1.742144749732508,0.21422204354824625,0.9482751705830048,-16.614330533855345,31.544444233536993
1.8148819676626524,0.42499375521438965,1.0513905986645211,-16.917791251645006,35.53887230335331
1.8088740317492282,1.5426481400299104,1.1712949295491573,-16.59144471476656,57.871935054377964
1.6349848091202308,1.5314186731510446,1.1373473944183605,-16.59144471476656,57.871935054377964
-0.7072948903165295,1.6641957441874635,1.158776806849897,-12.302902324123181,37.22804120930862
-0.4647603854658584,1.7660736701220339,1.2039953344419816,-13.27354432248467,38.82121883361984
-0.5882523650384219,1.7107606150243138,1.1859980156657763,-13.27354432248467,38.82121883361984
-0.410263337226068,1.6767051194203728,1.2360538616997152,-13.939053065714367,47.691492724950805
-0.4145170584797526,1.6229152736539731,1.2543330122808416,-13.939053065714367,47.691492724950805
-0.3677464570331739,1.6387448029616376,1.3119401117117118,-14.02422741489245,30.9902120593756
-0.24708802813190278,1.6811069645277974,1.37858348461091,-14.127815306799206,32.0763520418852
-0.16912279195982194,1.6804778057990013,1.4335614335059867,-14.127815306799206,32.0763520418852
1.1440870869217332,1.7164911747214098,1.5104614541200938,-16.747376497852756,31.572482385121994
1.1986507585979655,1.755960754701142,1.5556989649358184,-16.79709687666991,32.31469247251773
1.2263615508686023,1.775975793748755,1.5595113167412409,-16.79709687666991,32.31469247251773
0.24944878654148006,1.8379657945028187,1.5726115415882973,-13.950030443382099,33.029847726590475
0.2048181401299538,1.88557408359201,1.5491128717055074,-13.950030443382099,33.029847726590475
0.12394757407092083,1.9442563616380215,1.5512784554043262,-12.860022336704631,33.74185858223338
0.01807600725552483,1.9520315760719307,1.5695874254079758,-12.898443741743623,34.1623070477649
-0.001842283295340863,1.943932992531733,1.5630027105055055,-12.898443741743623,34.1623070477649
-0.0336289998434216,1.9550942214986569,1.6473564279683637,-13.02193124745078,34.39129142655782
-0.088718701840234,1.9460969432225852,1.72853671796629,-12.970253966655163,34.00588165492385
-0.024206184664920638,1.945959778829665,1.7581979728774826,-12.970253966655163,34.00588165492385
0.04538765688031132,0.9215037984748806,1.8223362478969198,-13.708981536348348,10.990200345752907
0.18566712383449313,0.9339210340178659,1.8318171399200036,-13.708981536348348,10.990200345752907
-0.4504833632081311,0.8711674913237404,1.8286338674460865,-14.116384336914813,27.398115275276897
1.1535077027661615,0.58710650526494,1.0687956433483716,-15.438019231606765,24.515744750820083
1.1774660375038006,0.6117434622379352,1.048461639198294,-15.438019231606765,24.515744750820083
1.408797582774813,0.3667986208686185,1.019124366387477,-16.09812278460072,17.90602066840857
1.5293528906553464,0.2901869662502159,0.9892771634798396,-16.47544796368014,15.06358645075988
1.4668772950058186,0.3254732900591162,0.9548120145018717,-16.47544796368014,15.06358645075988
1.4924197047267864,0.27074681534039025,0.94333387148653,-16.81553677310853,30.406935695135274
1.436798894243597,0.5241647958908935,0.9618062323389038,-16.990556614404746,35.05144970652691
1.3114432760101007,0.5111699033221051,0.8833046922591721,-16.990556614404746,35.05144970652691
1.244705630106667,0.9775248295268706,0.9304310505349678,-17.105404835256437,45.08416869062623
1.1029363819581293,0.9430972100722714,0.880591283045677,-17.105404835256437,45.08416869062623
1.0069957371221125,1.1995163147256118,0.9186132983615991,-17.181833518718634,34.25232622688252
0.9187511232915329,1.3460978171917442,0.9478628511283462,-17.173766145466708,38.15585756957921
0.8697208164797074,1.2994739447098045,0.9389988005004408,-17.173766145466708,38.15585756957921
-4.534395349030509,1.3508121628566652,0.9677334185356852,-6.123421990271219,43.547894436241236
-4.5030136264264895,1.3952312971900926,1.009918860755926,-6.123421990271219,43.547894436241236
-2.912833591442331,1.412198472734334,1.091547053809132,-9.293182276986208,43.46492193698759
-2.3869625951309152,1.2495499877003315,1.192815624982146,-10.315250381796814,26.012912194000215
-2.0754111705694527,1.1971636552297857,1.3165057815443855,-10.315250381796814,26.012912194000215
-1.4277524111696227,1.2519316549640722,1.5083468642083202,-8.97718839810339,25.759170381599382
-1.466596258602988,1.2811268885258897,1.6622673557650025,-8.276940442634377,25.298077572103246
-1.230598279130752,1.3580344517400924,1.7958569816137717,-8.276940442634377,25.298077572103246
-1.0710181112431378,1.3535596263639653,1.9072810391836306,-10.326424024800728,23.84048867086313
-0.961563323089559,1.4032694252603233,1.986573880591045,-10.326424024800728,23.84048867086313
-3.138118478766006,1.3793877581949325,2.0473839986408464,-5.772631835949463,23.512655216321058
-3.08603393240394,1.4069367457391921,2.0975232626584677,-5.833070944904147,27.195698559733735
-3.113354393758796,1.4699885593275475,2.1314828168721096,-5.833070944904147,27.195698559733735
-3.17158625510757,1.45247714891218,2.1440382417560246,-5.825087512671216,42.11528638853684
-3.2205127952754085,1.2596434207614289,2.1799486351232558,-5.922438869308972,37.47263591274867
-3.2003560526889734,1.2535228317814051,2.1929315710334563,-5.922438869308972,37.47263591274867
-3.189754323625192,1.234683339390533,2.2347990023400026,-3.9270099084668493,34.06627059808168
-3.138541167543449,1.2642785674028079,2.2816081044226832,-3.9240324254772414,34.339153738061235
-3.0966475942720684,1.2716609710319073,2.3395981884522015,-3.9240324254772414,34.339153738061235
-3.0554001340866135,1.2979246141390417,2.4156990420582485,-3.951932177615581,35.22311819271441
-2.989852265487007,1.3033181486472454,2.4793436971923426,-3.951932177615581,35.22311819271441
-2.9212879607483804,1.3122206095021092,2.580756214467508,-6.061040353747706,39.703676488471125
-2.883924598275622,1.4520700041723031,2.6700486572748474,-6.067565629221814,42.62001962256116
-2.8626111040484408,1.458133808247116,2.7026310875673287,-6.067565629221814,42.62001962256116
-2.8527449803088736,1.6234874351218853,2.767507841215643,-6.108364098010677,40.44408743908571
-2.889607645173113,1.7509500719058544,2.7994683591553793,-6.120951867382205,42.89587014137805
-2.9593958625579218,1.7503295942298391,2.793022150526512,-6.120951867382205,42.89587014137805
-3.0323884132991665,1.8051417228079187,2.8030307321301438,-6.163332652410198,36.82780583474846
-3.087727634145171,1.791351366060135,2.7757076698607204,-6.163332652410198,36.82780583474846
-3.147439438721384,1.7812669802992498,2.786610999002318,-4.75350190091266,44.10852446393605
-3.208275013495841,1.7497044801213233,2.7830088192049307,-4.776062615969044,43.497663602851986
-3.2413050342539473,1.7267882109659731,2.7641094949471907,-4.776062615969044,43.497663602851986
-3.273665403721215,1.6926284157506406,2.762722155274897,-4.246462059192288,43.37436164559793
-3.261198479277896,1.6747255845933988,2.8224098647567266,-4.374198640414395,43.03038625650987
-3.231397265598272,1.6561089888677154,2.842804406012462,-4.374198640414395,43.03038625650987
-3.191446077256673,1.796730820859921,2.904995599645737,-6.367847250892039,28.30739685985727
-3.09616832520326,1.8112986334328185,2.947450239819425,-6.435873837994761,28.755817582947373
-3.0403452444842234,1.836022029694373,2.991415027762784,-6.435873837994761,28.755817582947373
-2.9726424181695696,1.8854078872202293,3.0067400205843344,-6.435873837994761,28.755817582947373
-2.9651497004244067,1.9246596380278824,3.0064003063459106,-6.435873837994761,28.755817582947373
2.1102170171912435,-2.1286946530216824,2.8849958886949674,-19.250328499709237,-64.91563403285588
2.5647011254230705,-2.2867696911517004,2.6624765018286425,-19.614317848511032,-67.33934149132621
2.5728613382555134,-2.086440773999361,2.7175659663369167,-19.614317848511032,-67.33934149132621
2.833672736368209,-0.18252381341892654,2.538083696496363,-18.704327480702617,-14.235939510639291
2.5359574963230473,0.05009273531796754,2.316100341365641,-18.631807706004707,-13.637470930778683
2.1684763053932996,0.17010899669494772,1.9962044624062492,-18.631807706004707,-13.637470930778683
1.7422435587798824,0.26417777343463145,1.7319269158516057,-18.75535508264221,-2.6687082593376292
1.2888826254738457,0.2840477758597499,1.48446717254054,-18.75535508264221,-2.6687082593376292
0.9479207430388041,0.25085834404062135,1.1965410232577396,-18.65317312128927,-12.279205445424424
0.713970825690696,0.204858507214276,1.0080438895583823,-18.655834265366913,-12.286371505927761
0.56154893046876,0.15383078543985673,0.8877137098534553,-18.655834265366913,-12.286371505927761
0.5078976189770206,0.09498042661627326,0.800512514039204,-16.85657666440366,-13.352680871255927
0.5378400838695647,0.06453708242641898,0.7587511523479704,-16.86953013759256,-13.363845951078641
0.6123312047866913,0.033120406821121606,0.7503264528692228,-16.86953013759256,-13.363845951078641
0.7097636327470589,-0.011474524197346403,0.7708255910587565,-16.674462432529012,-13.395677661411938
0.8581748523390544,-0.020785358197915937,0.8116514506401034,-16.674462432529012,-13.395677661411938
1.0166241301197605,-0.01909112968733684,0.8678821401012993,-16.691282614002624,-13.426741761221729
1.1611480806527932,-0.00962794558895319,0.9206173378698228,-16.67978487930289,-13.410010209554601
1.290824390876796,0.009931050061995017,0.9732278761337305,-16.67978487930289,-13.410010209554601
1.3963963309310508,0.03364467231173629,1.017659278300819,-16.681240740486288,-13.404443785382258
1.4731751824823993,0.058310284531486234,1.0505495281814272,-16.67737403220157,-13.38454476539518
1.5206795867953211,0.0820893865763842,1.0762972475188106,-16.67737403220157,-13.38454476539518
1.5485107066680905,0.10316490397072542,1.0913235576158709,-16.682946775951777,-13.361698216391156
1.5534100491448688,0.12054430970577873,1.099001675214173,-16.682946775951777,-13.361698216391156
1.544942270121303,0.1340456324915389,1.0890178321773831,-18.653673715241922,-12.242606678112256
1.5226959130967979,-0.31026920843907113,1.079542989530712,-18.95039031205743,-21.932410530417744
1.521940730737751,-0.3053685315140652,1.0500420291040053,-18.95039031205743,-21.932410530417744
1.5028616762408267,-0.11728933348242537,1.0394418162269914,-18.863881526039677,-19.871579965071103
1.4419550716207308,0.06732501064553442,1.0056112276664675,-18.74206748685503,-16.219716983128123
1.3619461044402121,0.0802964190167691,0.9647703244950567,-18.74206748685503,-16.219716983128123
1.2647464923802687,0.234260286419046,0.9181503930270853,-18.613255681958034,-12.845686270022197
1.1705542344625242,0.3604908207806848,0.8823706546514618,-18.519074581977208,-9.96571131911172
1.1008209373144981,0.34416583258740674,0.8437776145559308,-18.519074581977208,-9.96571131911172
1.0330032720650237,0.44693166544148777,0.8174857541565212,-18.400955789563902,-7.195576018593057
0.9933158829394935,0.4211976780400938,0.7996329347595679,-18.400955789563902,-7.195576018593057
0.9725273659179638,0.49812982040021553,0.80272648210076,-16.384706665584915,-4.939219514083093
0.9545078825340636,0.5898147768061985,0.8105187269649146,-16.285299648961264,-2.597219538319496
0.9691219702271843,0.5589519630007905,0.8227296168960874,-16.285299648961264,-2.597219538319496
0.9830444076316125,0.6083780750518085,0.8487844274203846,-16.216447891579875,-0.25406918435998715
1.0390196552515087,0.57601682031861,0.8887462235561423,-16.216447891579875,-0.25406918435998715
1.1035454144454642,0.6576581337226468,0.9338698737503841,-18.133580146803208,2.178465811391341
1.1573795036183716,0.74715673600821,0.9754031804886165,-18.042805859426252,4.982000227096261
1.2065129600950453,0.726529064485895,1.007357655782041,-18.042805859426252,4.982000227096261
1.2424278026920823,0.8372159001280175,1.0284787721851134,-17.96731919975099,7.271007594553696
1.2261491052586013,0.8217985968066215,1.0354553571662932,-17.96731919975099,7.271007594553696
1.1834691893793403,0.899152020561334,1.029883203370833,-15.889416037037755,9.461313522856145
1.1351245961591867,0.9785638576386073,1.034395587150882,-15.846465847889041,11.401181150296347
1.0891922523116224,0.944527374162801,1.0280950096778678,-15.846465847889041,11.401181150296347
1.029444011560245,0.9751671338174364,1.0443643036582224,-15.802764693461462,13.414545864918
1.0261930546510505,0.9326980323168002,1.0593488099483497,-15.802764693461462,13.414545864918
1.0396362030558954,1.0114555210978218,1.0853790801001817,-15.72685404815336,16.016456178314915
1.0500054256259421,1.1062526923169025,1.1172358523361057,-15.620143223011132,18.85147669235801
1.0804049262034146,1.0736112062651453,1.1433828110018345,-15.620143223011132,18.85147669235801
1.1103249338128092,1.1896989426859457,1.1707713551021834,-17.514171620929915,22.087912635524884
1.1191750405270482,1.1452838892964872,1.190638237871311,-17.514171620929915,22.087912635524884
1.1228616307229156,1.267375458251537,1.1997347385938602,-17.42597428891248,25.47524024572153
1.1163241349279263,1.4083502445940637,1.2212084338428175,-17.374591937429237,28.52714696384797
1.0682936765478561,1.3767142683058635,1.2065006051347051,-17.374591937429237,28.52714696384797
0.030738636881242343,1.4662261598312507,1.1833030632632657,-15.28295140305488,14.123816881899586
0.02591329208784998,1.4465439767254118,1.154711563273684,-15.28295140305488,14.123816881899586
0.13878796503954316,1.5237237378740758,1.122204447943436,-15.389309867212999,16.411928257526803
0.21620976206207265,1.5350338946621354,0.8606309374196588,-14.828462365498593,19.668701585548824
0.24005241237145292,1.519919396057881,0.8791252958643203,-14.828462365498593,19.668701585548824
0.2856315014230497,1.5592391414838511,0.7803560372600367,-14.481243292867717,39.6631784842892
0.26555726429040494,1.5413612780727646,0.8259212456721441,-14.481243292867717,39.6631784842892
0.25418555492119044,1.527305009459166,0.8088114452492619,-14.329397626856764,40.40399306297455
0.22182510229278174,1.548616520277111,0.8679746863169018,-14.296319712154725,41.378433517342245
0.24547302030347495,1.5075242210423867,0.8936118652959046,-14.296319712154725,41.378433517342245
0.29864976981397584,1.5065013719116456,0.9594478574213485,-14.432347425754545,42.025787989741744
0.3222388920763102,1.4643891019491155,0.9873901302578605,-14.432347425754545,42.025787989741744
0.3856205277672382,1.4625710383292467,1.04885450683618,-14.589526585315953,51.4815388529463
0.40995563339985663,1.445893079472742,1.1107539172269814,-14.741556912780384,51.68499778003571
0.4071582670984135,1.3951717240844639,1.110956544379278,-14.741556912780384,51.68499778003571
0.4099867619013229,1.379828762112468,1.123610540201423,-14.782129151725389,43.2492891938243
0.46577173140136496,1.3414849694124102,1.1424016363604546,-14.936713125621395,43.10759156145669
0.4543051687575175,1.311446077132736,1.1559168050979922,-14.936713125621395,43.10759156145669
0.47038276889837993,1.2842980468598095,1.1563697134441306,-14.97185016181935,43.15947662924091
0.46301990346537814,1.2642059052750363,1.1553105331755202,-14.97185016181935,43.15947662924091
0.45562177957091876,1.2476030088214116,1.1513966634241393,-12.980048299233117,43.17200455124906
0.446080300870102,1.2534023301655568,1.1535319727965136,-12.967804699333303,43.2580123216414
0.4439786186465904,1.2415342502860465,1.1569244288106413,-12.967804699333303,43.2580123216414
0.4568800016938419,1.2535204797349278,1.2065802969079287,-13.080586688504162,44.048920863784694
0.4895966228766997,1.239896692099493,1.2274033495466679,-13.080586688504162,44.048920863784694
0.6060997084274558,1.3083176275593023,1.3137050050423131,-15.34051099232522,42.70519259544717
0.7698531966460753,1.3669734585523572,1.3943131677483995,-15.702505587488211,43.85419681629938
0.8006016378024077,1.3677425920783037,1.4087925147517892,-15.702505587488211,43.85419681629938
0.9272693900111451,1.45874042432428,1.4615859376702414,-16.006862846277603,29.185078486903713
0.9514346379983651,1.47697320768668,1.4307803829747772,-16.006862846277603,29.185078486903713
0.9957547323467533,1.5497816903484778,1.4687650415145117,-16.263732144862942,47.667437224880445
0.9039263561650523,1.5696186421698306,1.4727946481507006,-16.33558932963695,47.598124543895885
0.8236875453844861,1.5587619576445597,1.403680258902492,-16.33558932963695,47.598124543895885
0.7218356513641453,1.5730351939040954,1.3599342550475524,-16.331901497132222,47.924559816512584
0.6354531872924243,1.5520829544465187,1.3116540792444988,-16.331901497132222,47.924559816512584
0.5647920302065756,1.5356523693789152,1.2959970558970344,-16.395489244229722,30.00256343044564
0.5750322180318843,1.5153462690263293,1.2486101741345275,-16.397619307597417,30.098699478617675
0.5653209705297293,1.5180096942273376,1.254120645292458,-16.397619307597417,30.098699478617675
0.6048174861506199,1.5143498607603165,1.2429800446029322,-14.425017742878444,30.066208643818584
0.6374103888111122,1.5429196641040794,1.246579509973377,-14.425017742878444,30.066208643818584
0.6676820888501007,1.5649460456069828,1.257049305315952,-14.416676645062378,30.116590413121706
0.7063861436163825,1.5682605742098223,1.309147520611322,-14.5297641603047,30.00826043711988
0.7710919586795169,1.587856744444084,1.3339258592555874,-14.5297641603047,30.00826043711988
0.7871471850546454,1.6391935484397775,1.3935431004779413,-14.483262188347306,30.432195574126546
0.854311209907717,1.6686431076862305,1.4236455648486004,-14.483262188347306,30.432195574126546
0.7607643007976264,1.708738707452819,1.4871258889814891,-14.2659325699855,30.53005008889302
0.8041068495331674,1.7027255600688336,1.5420389942776174,-14.371413687355117,29.512526027619806
0.8381377498752942,1.7290211202742463,1.5601705077352,-14.371413687355117,29.512526027619806
0.14705356412722392,1.7521303910946004,1.5766827723496881,-14.9099017266152,48.08038724769235
0.09385822249938114,1.7645225374780742,1.602925138200864,-14.9099017266152,48.08038724769235
0.11597637330217614,1.7488774388620036,1.551500210974739,-14.936003293582399,48.22354972208131
0.1470730426775546,1.018892664337507,1.5436750031016948,-15.557461330437468,32.11257936694369
0.15414107418467093,0.9941672326280422,1.5145252861997536,-15.557461330437468,32.11257936694369
0.22263783003746163,1.0348652041863784,1.5290577813580204,-15.729500048978638,22.217118728833995
0.34360983909883025,1.056661879514095,1.5095487660331757,-15.893335164123188,22.64632881964792
0.33511473604876585,1.075299353655201,1.5160292994218802,-15.893335164123188,22.64632881964792
0.4141038987557,1.0944247927312936,1.4589873671563796,-15.932084238376639,15.625375533522792
0.4648555171280466,1.1532844040473156,1.3712538272353534,-15.810830402712915,16.722999689088702
0.4530333037701024,1.1931033605221968,1.367041342257215,-15.810830402712915,16.722999689088702
0.4837224073771975,1.250409525186974,1.2336646633327124,-15.459745097426843,18.05572759231289
0.4675893128908264,1.2869265919481188,1.2209166389127435,-15.459745097426843,18.05572759231289
0.45939013767628945,1.3453594993465232,1.044631682286484,-15.118705779027776,19.82650216458716
0.4418383054680932,1.393949299120142,0.955619886918313,-14.884348915587978,20.916715002717822
0.43801801793877404,1.4159770901713242,0.9496409742150997,-14.884348915587978,20.916715002717822
0.4264555798033709,1.4323077326904101,0.9099753608655665,-14.753910177978007,27.232165115074373
0.41681104827419047,1.4415841703645353,0.9212043725979506,-14.753910177978007,27.232165115074373
0.41356994966088134,1.4650741155684077,0.9131364403878162,-14.449036137119,39.88897573862796
0.3784354518124453,1.4668955416129628,0.9250353940978524,-14.408372842231705,40.06574536785404
0.38188588508121146,1.43998539655778,0.9187575199758449,-14.408372842231705,40.06574536785404
0.34808599821948194,1.4193380901574253,0.9247875514232122,-12.567719415255178,40.26846652326007
0.3621546373184388,1.401306042210019,0.9472488036072608,-12.567719415255178,40.26846652326007
0.384715456885238,1.4048692997651808,0.9858426582333037,-12.573405193415157,40.99137599746504
0.4414417099446384,1.406304754985824,1.060511555911257,-12.716926471043331,41.95737183937401
0.4947197046009322,1.3724657579545834,1.1046908289478994,-12.716926471043331,41.95737183937401
0.633432433137814,1.4366200783278718,1.1990982114895072,-15.24697782439841,41.159125689036074
0.686888040671072,1.3992427054373313,1.2330030834195287,-15.24697782439841,41.159125689036074
0.83702747205021,1.472426574214414,1.3326863787365737,-15.31763290359722,26.842523759634467
1.0236424888530666,1.5708619064406741,1.3919055042287938,-15.653541473160782,27.835712332912244
1.0040464452189923,1.5930980382725712,1.4057650488694262,-15.653541473160782,27.835712332912244
1.046876420438661,1.6361214404323425,1.4284944639516364,-15.90093039171742,28.097167758416475
0.9872664901647403,1.657248889348666,1.3986193024592823,-15.90093039171742,28.097167758416475
0.917324204173934,1.6934283508541663,1.3831885447275751,-15.957530705132656,28.402474451688867
0.8130733851939138,1.710341663029713,1.3651495793970883,-15.961810593199804,28.334890142259148
0.7408110001319645,1.715566874634771,1.32087019815489,-15.961810593199804,28.334890142259148
0.6568071790205687,1.7219253686693172,1.2875745275985442,-13.932598869080124,28.390697499975026
0.5873909338007905,1.7407646401327184,1.288607231735313,-13.944862347998791,28.301614581899287
0.5645436116315015,1.7381957149395173,1.2714453401783246,-13.944862347998791,28.301614581899287
0.527460085078999,1.7334370946963154,1.298329380369061,-13.959899847531599,28.66752923823146
0.565592345312675,1.7277923067840424,1.3125022968210147,-13.959899847531599,28.66752923823146
0.6236923962209415,1.729803506728973,1.379278522112008,-14.072415110812628,28.425665031879888
0.6920446898574437,1.7343632912808145,1.407968287301681,-14.072415110812628,28.425665031879888
0.26893512125882335,1.719868919498536,1.4736225198240485,-13.17492719317525,28.013612229683865
-0.9056316809771445,1.6001567825357945,1.5062998081250578,-10.719867006337994,25.859298522344403
-0.8382919435282137,1.6368956970423953,1.5440467436734981,-10.719867006337994,25.859298522344403
-0.5172422713768539,1.6455450580315534,1.5670389487520975,-12.12787092285861,44.407156480599575
-0.5339396676818537,0.024451121856017943,1.4963923761048228,-12.797817034669706,10.268894696569456
-0.35805367096878626,0.01169851690170809,1.4840648690739562,-12.797817034669706,10.268894696569456
1.48447576397207,0.28517210461551645,1.4721813704340576,-17.08715448093842,13.347667874874258
1.5613612208768326,0.29694104351598183,1.4953987222721907,-17.08715448093842,13.347667874874258
1.7253066114696756,0.5437083275325443,1.4069294875257594,-17.022688715908085,36.10670504662649
1.7033874568681193,0.7947556295997957,1.3501821083901544,-16.916730071098648,39.624783366416885
1.551112157829387,0.8069064667912176,1.2540546250029432,-16.916730071098648,39.624783366416885
1.3729110861463976,0.8440386404532065,1.2964825301043135,-17.30524768200089,21.011989453347134
1.2334203237299888,0.81402308073801,1.1846656472233321,-17.30524768200089,21.011989453347134
0.9500687244347752,0.877064344783153,1.2747422403715065,-17.096415280571087,22.29973137342547
0.6065394551081447,0.9374830579802316,1.2700096958153804,-16.706436046151964,24.015321569283813
0.5225618462545563,0.9136485589226109,1.2172676201683368,-16.706436046151964,24.015321569283813
0.3516191188459543,0.9723664212044363,1.2032455730163014,-16.76651287714934,25.818465503620832
0.3205758202008857,0.9442967729436063,1.176717816335052,-16.76651287714934,25.818465503620832
0.2509941392032937,0.9968047368491182,1.2008401773951625,-16.050571229824733,27.23289865593321
0.24922736806665036,1.0453143881221705,1.207711232680904,-15.993022149228448,28.495093891587523
0.27901874878751975,1.0302292091598295,1.2122377355270788,-15.993022149228448,28.495093891587523
0.315122202955763,1.0647448441625185,1.2470460077233856,-14.654776125165668,29.574481858086227
0.36552815142424055,1.063469973115477,1.2717581395244557,-14.654776125165668,29.574481858086227
0.4516126676899299,1.1270626413821825,1.2909893518012137,-16.6465744109605,31.221455837326797
0.5171622316472053,1.1638139783419015,-0.20133863279866082,-12.615381222319535,43.77849645605777
0.5483302221516686,1.1821994498122788,-0.1495956290222913,-12.615381222319535,43.77849645605777
0.6589021164236373,1.2527735783875724,-0.07244320256009162,-12.812596242295513,45.816594299628974
0.7025470224508563,1.2435135513654747,-0.00614045805161112,-12.954493831968032,46.9756156583252
0.7606414277725824,1.206023737428819,0.04076617862685783,-12.954493831968032,46.9756156583252
0.8772937055321406,1.2241471515316344,0.1367547275776504,-13.140563196281231,62.27376000419574
0.8930784873634767,1.190899532523298,0.20166809331274616,-13.140563196281231,62.27376000419574
0.9819212442975731,1.1472845142178794,0.2993353345935825,-13.443289381568285,63.79064382723438
1.0257595273097868,1.0970842259122642,0.42195823738530036,-13.765558105287186,62.92918772255938
1.0289131524197113,1.04336615582077,0.4410625097140164,-13.765558105287186,62.92918772255938
1.047864049324041,0.9623285195258071,0.5210033057832102,-14.011172970803889,61.81572721628238
1.0340097914053348,0.9161463780021903,0.5282881168617619,-14.011172970803889,61.81572721628238
1.0297620680383766,0.8719422292787646,0.5675796320113922,-13.838492164196206,43.98459967063148
1.0667863285220034,0.7985946409357667,0.5531440456980907,-13.882127479659285,43.02559952353827
1.0596397870337482,0.7937953891855143,0.5758386852843891,-13.882127479659285,43.02559952353827
1.0727676493135254,0.7739892204526644,0.5958081592917912,-12.265761887198426,42.673868651193324
1.0835458479035882,0.794115405565595,0.6001889150478177,-12.265761887198426,42.673868651193324
1.1016062315808197,0.8057083057866632,0.633916782478769,-12.365400284595035,42.4074992026241
1.1529040009256182,0.7993716670268052,0.6861488421678954,-12.589884753770143,42.025933216898636
1.1845191439304115,0.813543520924163,0.6983948808745786,-12.589884753770143,42.025933216898636
1.2928381638048458,-1.6386919818374577,0.7681117127687223,-14.45865467656488,-4.565940642809025
1.568615551482987,-1.2067181812000087,0.8219941696495947,-14.605753069982523,3.6629032427068378
1.6184521599856414,-1.0972706399512941,0.9094674316323927,-14.605753069982523,3.6629032427068378
1.8084695457027617,-0.3030452287341392,1.0360066261654302,-14.679287774746586,27.161957950446208
1.8127428755288282,0.5016690735153155,1.226393546087016,-14.847343195145987,41.237667256243476
1.7186810229059428,0.5578712768990073,1.1699166178299027,-14.847343195145987,41.237667256243476
1.5957650062865183,1.1948786659072246,1.289722068594922,-16.960236363233484,35.41086203188669
1.481093196017723,1.1958591076020355,1.2185466099504423,-16.960236363233484,35.41086203188669
-2.5314244341842116,1.511470928747717,1.3184677411175505,-9.146419082884076,44.4214498828872
-2.6129368124229693,1.757928298597029,1.3998352055778671,-9.300167769492205,47.593325195529246
-2.695088948220662,1.723136664715988,1.3716112811705412,-9.300167769492205,47.593325195529246
-2.775056905091712,1.7180572914785226,1.4722576954330058,-9.480307966517199,32.46760401841244
-2.636788118568587,1.6633627865985232,1.5176250987247526,-9.480307966517199,32.46760401841244
0.3517021642502445,1.6882047947091463,1.6954775914112816,-15.42879095326537,30.300310979635434
0.5545412408693491,1.6103252819847487,1.7798042000075938,-15.453374476555634,29.704375940764976
0.7314091430789773,1.6349468014933508,1.858996767346024,-15.453374476555634,29.704375940764976
-1.422339550538479,1.6851502176887458,1.9118447107381065,-8.743683695311013,29.984072431345623
-1.3912608754661506,1.7966485305848379,1.938476663320086,-8.743683695311013,29.984072431345623
-1.496425014087335,1.6883046551764762,1.9495326275993143,-8.717037995739386,26.499891115354416
-1.5393618048276227,1.6312391250838814,1.9236502810715697,-8.73611120316146,26.633520234713473
-1.5219277835288973,1.644765573045756,1.9599825153083246,-8.73611120316146,26.633520234713473
0.6943581357461925,-1.0153468245984416,1.9221928450660777,-16.670189401520876,-33.55651870404982
0.9509398072181519,-1.0334899562825048,1.8887033391506665,-16.670189401520876,-33.55651870404982
1.6756120470654854,-1.0059214064487942,1.8567349290283373,-17.61379527641356,-17.586479328508503
2.0882872426347836,-0.7453946163707861,1.627733539182036,-17.53006717190549,-15.084222977484629
2.0208690348913385,-0.5987096689818796,1.5502224256402233,-17.53006717190549,-15.084222977484629
2.042286226415616,-0.44712622728445783,1.4425811591194793,-17.89853282401557,1.1384910848409309
1.756966772970155,-0.34990863333356204,1.3247658671219784,-17.89853282401557,1.1384910848409309
1.5744773822568296,-0.30685727802372964,0.8425593127897248,-17.220822318019614,4.967564934542233
1.3056624185440233,-0.08242260621633002,0.8561950492321624,-17.492127732837055,8.133236913214178
1.0780479086057353,-0.09969677673981059,0.7283900696126944,-17.492127732837055,8.133236913214178
0.8594679041342688,-0.09212148034769141,0.7357367277916826,-15.667648402333787,-9.513771077300262
0.7765563085371352,-0.0469734300801774,0.6544857636406918,-15.527341841723754,-8.039288815612204
0.7542968466115747,-0.05926106482397131,0.6492350850017026,-15.527341841723754,-8.039288815612204
0.737265115848361,-0.02962936266564664,0.774522729920176,-15.704563447622524,-7.2730380468779074
0.8267701053932028,-0.03646473179667242,0.8009481567877814,-15.704563447622524,-7.2730380468779074
0.9336773202939526,0.08471255126307553,0.842597959902124,-15.83643231264698,-13.709872528650717
1.0566462827420255,0.22668648749528475,0.8280793094020433,-15.578243579889001,-10.684916189016569
1.163152300967457,0.26698210702613834,0.8858273723136247,-15.578243579889001,-10.684916189016569
1.3158401986885921,0.3924121708256596,0.6477328185881102,-16.68204338792144,2.1453709655687803
1.332880291054236,0.4169507047809393,0.6888512675826104,-16.68204338792144,2.1453709655687803
1.4853978451171328,0.4300592249890397,0.6865200419766744,-16.148789280748275,2.043795798581236
1.5664467095743144,0.46527042086840587,0.6934655559792575,-16.32581756231141,1.9750125804781862
1.5352532721149506,0.4680303231283661,0.6865028834535467,-16.32581756231141,1.9750125804781862
1.5534516868118784,0.45656373814664364,-0.44947263277959504,-12.256354850780786,17.287271260826735
1.5322445497820238,2.4807134227684453,-0.46343743262513293,-10.996242755909906,61.823413730966706
1.3491475701490612,2.4304573809858976,-0.4323282631353744,-10.996242755909906,61.823413730966706
1.3007038423300838,2.2525963401077838,-0.3792033738519396,-11.367873452318532,53.79037353774903
1.2807056752113213,2.114007742051191,-0.3468103418998476,-11.367873452318532,53.79037353774903
1.362686233406972,1.981563079489013,-0.1666508853314581,-11.69609795014304,53.02509787370531
1.501560260989236,2.02753841222549,0.0030494273580341513,-11.869940890681779,56.14394303125699
1.6120350628153641,1.921674343053862,0.09666537167382927,-11.869940890681779,56.14394303125699
1.773213891068131,1.8343997843020374,0.2782083168320746,-12.58009991385706,55.38337008041627
1.8608620464366434,1.757940726154279,0.348561477740833,-12.58009991385706,55.38337008041627
1.9657216186533075,1.6960190314815184,0.541063890776418,-13.333927648587116,72.37198288819683
1.9770279390663181,1.6396813031701798,0.7330077135845334,-13.788831620162838,71.33672855906892
1.9496659792341524,1.5575606226589602,0.71900329302406,-13.788831620162838,71.33672855906892
1.8842108912313837,0.7478435869754194,0.8711737382568447,-16.050303281377534,35.55059537350895
1.9183502534492023,0.8108043064819792,0.9737576912131829,-16.404589715392483,37.38784974733824
1.851430201407628,0.7995000301185591,0.9919742549943205,-16.404589715392483,37.38784974733824
0.5801372595312153,0.9238350220962306,1.0710292509480983,-14.077459178333902,40.18110671829103
0.49844950411931066,0.9504930071834605,1.0279744714065764,-14.077459178333902,40.18110671829103
0.5772738917599378,1.0654675241956324,1.0584605719247242,-13.299142769762442,41.89280549884865
0.5987112460580706,1.1398851782907378,1.0884739356218431,-13.699359734175282,43.415580343639604
0.5500249860501487,1.1258237540256044,1.0528963277355152,-13.699359734175282,43.415580343639604
0.649360569452968,1.21538215228319,1.1201238679244816,-14.079930042309075,39.3137946631751
0.6831822339110447,1.2107083651864776,1.1085538111403972,-14.079930042309075,39.3137946631751
0.8400435058421709,1.3280897883679623,1.2165456353974813,-14.75269016461681,29.102699193970736
1.0386508367605827,1.4535560979669346,1.3163151579009091,-15.193356282377112,30.79984939169335
1.0826522443960744,1.4827103548839955,1.33724197709926,-15.193356282377112,30.79984939169335
1.2391959293034382,1.614280178972291,1.4544758609246393,-16.50497865723104,49.67194727659226
1.1875377089643573,1.6397770316006817,1.4610259798057976,-16.50497865723104,49.67194727659226
1.232226619968256,1.7263026118691405,1.5182971904410207,-17.15658325651474,50.757565340557186
1.2302534297058534,1.8304187467861277,1.584836888802644,-17.524732486429826,51.92103827633169
1.136175281501544,1.8101344404027184,1.5320244544755282,-17.524732486429826,51.92103827633169
1.1475308537027873,1.8753008762200325,1.564043892878638,-18.017172673845344,53.09236769609641
1.046714034536718,1.840674704097478,1.5089135403943037,-18.017172673845344,53.09236769609641
1.0514312149224327,1.8546653509534352,1.5165608089779061,-18.348708606038706,53.81629383652932
1.0567237580677267,1.8463193850193058,1.4906343679531426,-18.616013815611176,54.305414594930774
0.9867093529839326,1.7970341684136124,1.4426931568007322,-18.616013815611176,54.305414594930774
0.9850536612432519,1.7589759440266852,1.4008436001583768,-18.565740783536146,54.35379900633594
0.9591193656056456,1.7232442412083846,1.3652860107719187,-18.592005478697928,54.430976712282025
0.929280158647769,1.6822454084666063,1.3349332613992968,-18.592005478697928,54.430976712282025
0.9113623265271551,1.6459444689480565,1.31066708346254,-19.071613522488114,54.4751641970694
0.9069123394010288,1.6095102586148466,1.2956562677499304,-19.09251482660063,54.4582279848205
0.9068222777575494,1.5793596979869302,1.279582983515244,-19.09251482660063,54.4582279848205
0.9138298348650844,1.5572759770371225,1.267494636880877,-20.451085231564377,54.38478059035209
0.910557308404325,1.5258146408073552,1.248964252877522,-20.451085231564377,54.38478059035209
0.8799212745176974,1.481307309416795,1.224104566975122,-20.45245399527764,53.866170125866994
0.8400555225367179,1.4566824575090185,1.1654875982828874,-20.297726756264694,53.557214646197046
0.8126912036466747,1.4462824727217893,1.1370499820776234,-20.297726756264694,53.557214646197046
0.7344877023163576,1.3907579433118449,1.0666465026152663,-20.225175055298394,52.92982307771872
0.7019090544413396,1.375431335667836,1.0365137024554634,-20.225175055298394,52.92982307771872
0.6181085820004517,1.3064514825804072,0.9670611330026775,-19.976329619252486,52.075569119400896
0.5344632590059066,1.2467392761531824,0.8938339369540635,-19.72858291886373,51.45782583942968
0.5305751800381131,1.2379072933007844,0.8791643405305081,-19.72858291886373,51.45782583942968
0.4597878015371313,1.167979902660698,0.8190096901227255,-19.543615472715523,50.601050741669
0.47708362601773757,1.159663919179235,0.8147565563202033,-19.543615472715523,50.601050741669
0.4288379225208061,1.0901951975556141,0.7519676704795994,-17.26048648289368,49.65212468621543
0.3817191259746755,1.046151308071944,0.7063252361244494,-16.95858100207561,48.820488499924174
0.4311257997365274,1.0540430149057642,0.728945124565413,-16.95858100207561,48.820488499924174
0.4054717435850499,0.9871919080500295,0.7168749844774855,-15.53984077503108,48.20533117188323
0.49635072013087855,1.0014500390923962,0.7651137110620403,-15.53984077503108,48.20533117188323
0.5314831850516168,0.981627468693191,0.7813360418192707,-15.462529086777417,47.78960864678832
0.5861632501215106,0.9558428496195845,0.8184671161077137,-15.323871041570365,47.39469108528449
0.7016744161327217,0.9807651447905554,0.8850459302882481,-15.323871041570365,47.39469108528449
0.7650545685692345,0.9828556234109045,0.9494301692948994,-15.05792830962932,28.87134922327816
0.8995030274542652,1.0224045123167111,0.962370175234212,-14.939584740526861,29.09516366564044
0.9932616271974988,1.092737863455703,1.0451118377751394,-14.939584740526861,29.09516366564044
1.081917825480394,1.1480600326625927,1.0901312199488422,-14.91161072204858,29.09616713288642
1.1404009137335964,1.2173894246508645,1.1309843766686298,-14.91161072204858,29.09616713288642
1.1748321238613464,1.2858273733886567,1.1572549899187274,-14.902810004534812,29.090005429380085
1.1855853944419539,1.3523043336969747,1.1742924009127358,-14.893334802085809,29.121664760851807
1.1823788309824423,1.4120530330687178,1.1838802167167732,-14.893334802085809,29.121664760851807
1.1658336415818324,1.4634683286024683,1.1860396550069043,-14.691108161166913,29.107537202512667
1.1439254356633637,1.5101418609641561,1.1847930247025036,-14.688447017089269,29.114703263016004
1.1192590442683745,1.548439894988967,1.1826211692053819,-14.688447017089269,29.114703263016004
1.0936332624791092,1.5786837678922467,1.1890923234488722,-14.660164266450055,47.07310111938746
1.0128145472979089,1.5985334679415557,1.2042908378801083,-14.660164266450055,47.07310111938746
0.9773285152225935,1.616306864748722,1.213770776189385,-14.730342819444385,47.455633114035095
0.9486414014420776,1.654896469403229,1.263351078846807,-14.888722440628124,48.095834861739576
0.9144769182083081,1.629832573193776,1.2601081520222586,-14.888722440628124,48.095834861739576
0.9547213461102118,1.6672505886914037,1.3264042911478318,-15.16639446722341,31.01573757921995
1.0903850940291426,1.7309952894345328,1.3953122566146359,-15.509004707167643,32.29261500136001
1.0978283736830496,1.7318243496049808,1.429534214626936,-15.509004707167643,32.29261500136001
1.2374850453789126,1.8113482830672185,1.52946345057686,-16.20371831838051,33.31524524345743
1.301106802363868,1.8817347085374465,1.6127054658765916,-16.483537085265887,34.04508418661885
1.2955363735179146,1.8922991413865182,1.607126984099533,-16.483537085265887,34.04508418661885
1.2978931868387935,1.9718716670234442,1.6528210129502612,-17.08231423154912,34.87519170349648
1.259072896758362,1.9831406673423126,1.6317925842672643,-17.08231423154912,34.87519170349648
1.210874608319263,2.026361297921521,1.6427099710933195,-17.215313119528762,35.38391862598719
1.1580919059198393,1.950636351539626,1.579165521770841,-17.18240194408854,33.72034338813112
1.1055311743618224,1.9502945825307167,1.543103590247036,-17.18240194408854,33.72034338813112
-0.09707624648603153,1.920394673843801,1.513270200190187,-14.832259319636018,33.97810757676343
-0.12842194463197654,1.7689934099086135,1.4936163946028107,-14.943142424280023,30.35234229485976
-0.13725697119675573,1.763254316825333,1.4783921911263938,-14.943142424280023,30.35234229485976
-0.14100610048968987,1.7313541875807839,1.4882139919219073,-14.90069218908067,48.31251254588771
-0.15385232523517356,1.7220401446367952,1.5236928121763116,-14.90069218908067,48.31251254588771
-0.10834852746667556,1.6916245157841059,1.521665128109317,-14.906265015870467,48.31647944051305
-0.07849006615437615,1.6754997802646958,1.5435062381458646,-14.888842008908371,48.35390985416879
-0.03483493985179553,1.6525908904235505,1.5708385892351284,-14.888842008908371,48.35390985416879
0.1416295288016327,1.6306209120866204,1.6004024999653201,-15.166735385689087,36.48751805866635
0.22826340367208608,1.6122309395661407,1.6209939464736633,-15.195906175208464,36.451655299663784
0.2726091417312988,1.6165823812704794,1.6648653829177054,-15.195906175208464,36.451655299663784
0.32407865977465944,1.621865124974455,1.6890514721541336,-15.204742805485202,30.200507784906918
0.3706755672362889,1.636846616601807,1.700568622648711,-15.204742805485202,30.200507784906918
0.39007881498955044,1.6634374211481904,1.720724369654235,-15.506680451746625,30.192541870962195
0.3993266849082442,1.6851360931011024,1.7239489187634338,-15.504622133157465,30.193341617619588
0.39497408660527444,1.7121651772178519,1.7218455732336713,-15.504622133157465,30.193341617619588
0.38511705519076056,1.74198216796025,1.7140755954684046,-16.006200334693993,48.191742028960654
0.2984290079389944,1.754969209868261,1.7156416879673309,-16.008258898671638,48.19094218695913
0.24633862917236238,1.7402783533379416,1.6677133027360007,-16.008258898671638,48.19094218695913
0.17340200359873847,1.7368370534420574,1.642792066415896,-16.00208345212719,48.19334161761959
0.11257495698894404,1.7109283819857264,1.6154785052587903,-16.00208345212719,48.19334161761959
0.062484863962878556,1.6792850999243434,1.5927675742615839,-17.951944239594837,48.199708038249526
0.0140989459875982,1.6291873274789557,1.5677138558133006,-17.943107854706582,48.209273540853175
-0.019583796375186147,1.5943430420653633,1.545933878399508,-17.943107854706582,48.209273540853175
-0.03672924351032725,1.5883781164943436,1.5254311312773394,-17.8343010706944,48.20050778490692
-0.08209593756248879,1.5624342000084332,1.49625763898562,-17.8343010706944,48.20050778490692
-0.1315233189502254,1.5353863262593523,1.466544426794822,-17.849357408183437,48.19494120627851
-0.17809198193157894,1.5059022152621915,1.437379752015644,-17.849357408183437,48.19494120627851
-0.21502044067350834,1.4776608221023793,1.4115223304036122,-17.849357408183437,48.19494120627851
-0.24274574178499142,1.3380491968838197,1.3888014086347051,-17.91678382439584,45.706318604963116
-0.2518254693452522,1.313848124736725,1.364912574695269,-17.90408056514368,45.735783009329985
-0.25629745959075834,1.2968543365940048,1.355648444037274,-17.90408056514368,45.735783009329985
-0.29160205481874923,1.282471614145174,1.305549463422393,-17.727087189058157,46.06238733074727
-0.28422316231841194,1.2731374406762321,1.3002255994903114,-17.727087189058157,46.06238733074727
-0.33847741525775144,1.2649818301720557,1.2689520067670066,-17.356313910758125,46.30786067152123
-0.4280901612182193,0.558702115148213,1.2384621254818575,-17.5161348565861,31.115944007927233
-0.36024409227821597,0.558254537039991,1.225620184498673,-17.5161348565861,31.115944007927233
-0.48870405727753097,0.4402105362731743,1.2538775672656444,-15.568627330897325,28.17448715109787
-1.352740572476438,0.3728536580398294,1.1797685806694598,-13.468616584155193,27.22056080810033
-1.28675662506001,0.4289138121598719,1.213164802707035,-13.468616584155193,27.22056080810033
-1.3402101718980046,0.3759360637722571,1.2495426384900497,-13.117564342872852,25.778507380889522
-1.2542262186798117,0.39236697609761384,1.2975917398246413,-13.117564342872852,25.778507380889522
-1.2259011279682723,0.3862955550673042,1.3639203385980463,-11.524192406133427,24.72531085511546
-1.1193448870913403,0.40887977782801554,1.4101655818646153,-11.415629528188976,24.14661801149452
-0.9856202594570735,0.46801856914242435,1.4878578221978525,-11.415629528188976,24.14661801149452
-0.9128291547211282,0.498345584873259,1.5494674574379967,-11.087122974196655,24.080094259069774
-0.7932822526891201,0.5582034243166087,1.62659182692181,-11.087122974196655,24.080094259069774
-0.698859558057249,0.6097462249363819,1.6974139465104443,-11.238222708552462,23.916908925747567
-0.6225366022291667,0.6626183616415193,1.761232973643442,-11.235311310883437,23.905775768490745
-0.5620864082457846,0.7181617830299301,1.8142843223795808,-11.235311310883437,23.905775768490745
-0.5289250866371724,0.7694804137143574,1.8553748523187792,-11.438292455280102,5.872754140193436
-0.4520678719588722,0.8209839689548117,1.8694297236213648,-11.438292455280102,5.872754140193436
-0.43001125011023156,0.895972728451278,1.9192255186547749,-11.441806757746905,5.877520770036316
-0.4046721654152887,0.958279826253297,1.936367879651391,-11.441842344212718,5.861792567391319
-0.4077725724558361,1.0260581394575548,1.9477336955034792,-11.441842344212718,5.861792567391319
-0.42538807182614136,1.087940550926151,1.9248090042874697,-11.388984883172867,23.998359073313868
-0.514505520028641,1.1398244417562307,1.9377496146875721,-11.388984883172867,23.998359073313868
-0.5753232744760459,1.156319206305482,1.8535334942831587,-12.671640236601021,24.340767009876895
-0.6890550993610047,1.1920171591521513,1.813055729162642,-12.524591279990345,25.16633112271765
-0.7527839198808675,1.1900032666401748,1.7931570447030851,-12.524591279990345,25.16633112271765
-0.7922472259757658,1.2189258337149944,1.772244862512589,-12.518351668812704,25.688786526771906
-0.8521016320889736,1.2027623401477778,1.7534405292322186,-12.518351668812704,25.688786526771906
-0.8757811988390283,1.186966331169911,1.7119674936224711,-12.505488674971895,25.929155399740946
-0.9126084424146386,1.1869868866191782,1.6944643194935456,-12.486370438294484,26.44784730940646
-0.9424267569493046,1.16362885607584,1.6858523339700247,-12.486370438294484,26.44784730940646
-0.9615496882643346,1.1413456673489972,1.6813717859413793,-10.800000877789762,26.463575725619457
-0.9633047976456015,1.1333884099218097,1.6868810098608036,-10.800000877789762,26.463575725619457
-0.954035501999341,1.1138276166023888,1.69319309629865,-10.558222108013146,26.4765119785558
-0.9313574295495854,1.1126437420625288,1.7157118182642037,-10.566466881222995,27.235222680053557
-0.8863418821606253,1.096624463817762,1.7470649976233608,-10.566466881222995,27.235222680053557
-0.7876943501576603,1.1462079014131967,1.7577105418465233,-10.550251662371496,28.786815371331997
-0.7309937225151208,1.1409043403569716,1.7967286664199549,-10.550251662371496,28.786815371331997
-0.6063294614485895,1.2299945203240783,1.809307410743439,-10.577662185568206,30.914738794014887
-0.4731087617329406,1.3471256116819492,1.8160107401551102,-10.925941759208325,15.616405853954923
-0.39000904778824697,1.3483960275999787,1.824043535842577,-10.925941759208325,15.616405853954923
-0.2580071208818564,1.473105247572725,1.6584684443883946,-12.126397157812498,19.142618731009385
-0.2479829589319662,1.4749503091037321,1.4910091583888105,-11.618883187996545,20.178003355484
-0.2470582178858134,1.5031178113379529,1.4919487444288968,-11.618883187996545,20.178003355484
-0.571441968352604,0.5218725154875914,1.4781022431646411,-11.6131815337301,-2.10921833159413
-0.5397056496134478,0.5453063515790821,1.4397583945466617,-11.6131815337301,-2.10921833159413
0.9253164688633893,0.4954514049816663,1.5010899843522976,-14.853957856218619,10.662383025390977
2.0452635641728203,0.39848219571643506,1.4864223817612872,-17.34221396847841,7.330126133208164
2.004005010954614,0.4079911310466695,1.4211499470101019,-17.34221396847841,7.330126133208164
1.942125102559534,0.45492371950544186,1.3667018908598643,-17.36583700357329,10.85950530079411
1.8217145471849716,0.5189611083592267,1.284127806345856,-17.36583700357329,10.85950530079411
1.807554494573277,0.5634469952494722,1.1720165382223093,-17.671813803476407,26.323677407297602
1.5710006933335077,0.6097805594144197,1.0739880207371835,-17.64954452424464,27.446459579278166
1.3727748706247507,0.5652374763927227,0.9417862133160364,-17.64954452424464,27.446459579278166
1.1914849002234469,0.6199486203951066,0.9103113634203042,-17.77400363594537,29.16912262772039
1.047501698503039,0.5516670758788926,0.8243384408470753,-17.77400363594537,29.16912262772039
0.952019383024663,0.5764600350512987,0.8037144046298415,-17.841193773769685,31.005256523210093
0.06048364340218404,0.572859454044268,0.7912931588357925,-16.17767150287197,32.92861833462008
0.039812383803094153,0.5142145404891607,0.7651423015823933,-16.17767150287197,32.92861833462008
0.04229828295027005,0.4669899532035027,0.7597355600449536,-14.60938303753534,15.290509079518209
0.1377265327245647,0.4051817586123181,0.7559841496935169,-14.60938303753534,15.290509079518209
0.2216460626756831,0.4500893772297023,0.857708385048368,-14.220393689632347,16.440219451932478
0.3503300529936686,0.4944729754742643,0.9521391596566446,-14.272285547341442,17.90057480389632
0.4965977528945986,0.49733844965431384,1.0184471903685224,-14.272285547341442,17.90057480389632
0.6395492738421975,0.6113252877865556,1.1284653258014128,-14.337774795992496,19.83701810332998
0.7587691970213597,0.6367369869679631,1.1904397840860672,-14.337774795992496,19.83701810332998
0.904513922111843,0.8030751750175122,1.2913294170164082,-14.488877485897971,22.489844214245082
1.006365029782239,0.9857086096850791,1.3747007236405842,-14.592896520177373,25.556104804300816
1.0315761828980876,1.0061591200536109,1.3996535939673196,-14.592896520177373,25.556104804300816
1.0413857113962495,1.1934943474081001,1.4096220545547746,-14.475441223109778,29.330928004203763
1.0128896010505641,1.2040941086955128,1.4176709554922642,-14.475441223109778,29.330928004203763
0.9812874261876108,1.3783714497539288,1.118088671720073,-15.570305793372937,50.69666576581166
-0.2889460829863486,1.540927664474009,1.1878693607065545,-13.247391902234536,55.347845784345125
-0.36453447864496136,1.501378477331355,1.1507188600428555,-13.247391902234536,55.347845784345125
-0.06038157003791822,1.6747994148718641,1.2679458842192535,-14.255077864191941,43.54039512649329
0.3896276675737482,1.780886828514329,1.3908660662332188,-15.531064295904855,46.762197590174594
0.3612786136828028,1.710705090425122,1.4108910958219347,-15.531064295904855,46.762197590174594
0.8008047577299142,1.8014470552631638,1.5251729619791021,-16.599073119806924,54.01364779093604
0.7830148297552326,1.7604347831621248,1.5330226461423768,-16.599073119806924,54.01364779093604
1.0116890975596347,1.8477838914093514,1.6124931654789272,-17.29986266611267,68.95406957952218
1.1161238603462298,1.93282396457694,1.6895398987492185,-17.857274404980465,70.98451865165272
1.0247351487886207,1.8515943325105937,1.6307393537850206,-17.857274404980465,70.98451865165272
1.0850200123760434,1.8866757821834852,1.6561435014163934,-18.212320110726765,54.531625189938765
1.0386500476931144,1.8140450640573378,1.588926409723932,-18.212320110726765,54.531625189938765
1.113000823194068,1.760543664420961,1.567013925961375,-20.3028776044548,54.4170165870378
1.0601734173542026,1.6841132124101508,1.5170093217117295,-20.304792983107404,54.35073568907848
1.0048022646325627,1.6377846859520524,1.4691300436073824,-20.304792983107404,54.35073568907848
0.9647311059550785,1.6252233876312414,1.4177890291616038,-20.567602656952985,54.313714264794434
0.892557459801854,1.5923720663258645,1.3579130343593473,-20.5641241757612,54.29322013489571
0.822414027991305,1.5635212589931693,1.2971194620567146,-20.5641241757612,54.29322013489571
0.7576630983537598,1.5360884187359258,1.2396290551583897,-19.161870980355875,54.249032650108326
0.7071218146531146,1.518622163970965,1.1918584543433628,-19.161870980355875,54.249032650108326
0.6720704521744079,1.4924396625226763,1.1524468277527546,-18.644662113205946,54.27829255978935
0.6516496010264872,1.4506780412738371,1.1272607765255898,-18.643242103971126,54.25699862364314
0.6737682498456481,1.4256211458044845,1.119515398667688,-18.643242103971126,54.25699862364314
0.7123873546238491,1.3984612960242382,1.1238903994724585,-18.63976362277934,54.236504493744405
0.7748283363254282,1.3852155648849234,1.1382386425984712,-18.63976362277934,54.236504493744405
0.8412351098885509,1.3780495798759502,1.1578808891305834,-18.638343644218082,54.21521054568018
0.9064920783766217,1.3774765474306765,1.178849454823344,-18.638343644218082,54.21521054568018
0.9632428872748524,1.3811327120224979,1.198721874132184,-18.638343644218082,54.21521054568018
1.0085930291418759,1.3871780382382592,1.2155617725045182,-18.638343644218082,54.21521054568018
1.041556038444985,1.3943243978567108,1.2284518449867123,-18.638343644218082,54.21521054568018
1.0617413452593318,1.4004586674185298,1.2371080281507352,-18.636923625469443,54.19391693875572
1.0728409291360017,1.4068541258855838,1.2417597384385162,-18.636923625469443,54.19391693875572
1.0758709003052145,1.4120693192309433,1.2430582270048687,-18.636923625469443,54.19391693875572
1.0721855537050144,1.4158674081069886,1.2416796125486362,-18.634865153512486,54.19471674500319
1.0659371003965017,1.4183389463724927,1.2384750177977653,-18.634865153512486,54.19471674500319
1.057962044744838,1.4195720973709482,1.2341851787538975,-18.634865153512486,54.19471674500319
1.0496940937688182,1.4197820761608453,1.229463150288344,-18.634865153512486,54.19471674500319
1.0421957308809566,1.4192791241967675,1.2248213058714188,-18.634865153512486,54.19471674500319
1.0360641222664908,1.4182970539216848,1.2206071509768974,-18.634865153512486,54.19471674500319
1.0315828119026662,1.4170631905082112,1.2170300613474017,-18.634865153512486,54.19471674500319
1.028769848128619,1.4147611737330479,1.2141810289396169,-18.635503616234626,54.1726230026095
1.0275386996615188,1.4135288062977285,1.212035009987897,-18.635503616234626,54.1726230026095
1.0274954348243375,1.4124901698534105,1.2106023756680448,-18.635503616234626,54.1726230026095
1.0273943313826863,1.4116514360996297,1.2096886121425512,-18.633445144277665,54.173422808856984
1.0288683871609,1.411050847991688,1.2092063971566764,-18.633445144277665,54.173422808856984
1.0306474969674975,1.410636466562294,1.209020292343324,-18.633445144277665,54.173422808856984
1.0324886738450871,1.4103667353723877,1.2090263875337937,-18.633445144277665,54.173422808856984
1.0342649711154186,1.4102560032922904,1.209139907429266,-18.633445144277665,54.173422808856984
1.0358353743692548,1.4102450612329518,1.20928438131264,-18.633445144277665,54.173422808856984
1.0371348571300008,1.410298545433982,1.2094080176140878,-18.633445144277665,54.173422808856984
1.0381376950233183,1.410385385078703,1.20948076027751,-18.633445144277665,54.173422808856984
1.0398552306435604,1.4104802230661582,1.2094887634284208,-20.635503616234626,54.1726230026095
1.031760094404346,1.3946423082379682,1.2015142171452693,-20.635503616234626,54.1726230026095
1.0201422372019318,1.3721733465111812,1.1700671545588626,-20.57775554475395,53.830684596039745
0.9280088369268524,1.3178519027772082,1.110685392221117,-20.34070897249784,52.3951292818673
0.8886299499550407,1.3234250014224034,1.0823771807450462,-20.34070897249784,52.3951292818673
0.7490641351971412,1.268213939787847,0.996886741725616,-20.04629167292613,51.629569662175356
0.7000642906839252,1.2639203432254815,0.9662337789415223,-20.04629167292613,51.629569662175356
0.6589747784642817,1.20074981282793,0.9023179639902081,-17.996048622946496,50.62761522740138
0.5009648577445529,1.1586181615407942,0.8512841655370433,-17.640045716201342,49.94423785983287
0.5031729934367433,1.1573793686517715,0.8506671856385166,-17.640045716201342,49.94423785983287
0.4454350457668319,1.0871108646618213,0.8613049107005271,-17.52354987903575,49.11567666322968
0.5066552764909753,1.0805427051456573,0.888819918278986,-17.52354987903575,49.11567666322968
0.5340414599403291,1.053479184400989,0.878111166769294,-19.299161694973478,48.81654167921097
0.5796717094353907,1.023649239726438,0.909766704033796,-19.231012085008324,48.299563340248554
0.6565701972450495,1.0426445299005955,0.9432227189971134,-19.231012085008324,48.299563340248554
0.6922039816939116,1.062965087704121,0.9427171392495319,-17.114644812798552,47.92051338203847
0.7186465463329763,1.1060976705238672,0.9596819938467895,-17.114644812798552,47.92051338203847
0.6663376974731392,1.1037767288872602,0.9462634077927414,-14.954799204571223,47.53996038658736
0.6172231118532991,1.1077533591150646,0.9589920791194158,-14.864333855786326,47.5279705387061
0.6415632441289945,1.1197946037324282,0.9879231173587053,-14.864333855786326,47.5279705387061
0.6675410718520105,1.1049197366004768,1.0256350662565468,-15.599188494652653,47.61237735588044
0.7401431136511221,1.1068556233352882,1.0737958245655213,-15.599188494652653,47.61237735588044
0.8483163061999703,1.1653616359575123,1.1529885344379438,-16.951428587542296,48.37101936364082
0.989375613756422,1.2366490654959112,1.2431391853731917,-17.171782072921857,49.14542704150466
1.0367873525565048,1.2582671509171206,1.2751538410474934,-17.171782072921857,49.14542704150466
1.1282498089750903,1.3394001608452948,1.3179435956998926,-19.33773682667156,49.807599305998195
1.1560171307140599,1.3473209138713322,1.3174481050365658,-19.46425844859636,49.72777931616028
