u_q_m30,u_q_0,u_q_p30,y_q_v,y_q_delta
1.2639999985694885,-0.7880001068115234,0.7480000257492063,-1.2931683068244504,5.560522668151119
1.280974837565367,-0.7304124385350937,0.715815802674761,-1.2953242482217082,5.555602938126929
1.2929060650093651,-0.6912282702305889,0.7330534354233387,-1.2982529534480363,5.556330362490268
1.3424558109199223,-0.649797997439329,0.7786927537878697,-1.2946022000056039,5.556787442587068
1.4231830989147847,-0.6235309620855503,0.8239174851700073,-1.2873820621278904,5.568631922399103
1.5105284846404303,-0.6050509527929705,0.8443201975157316,-1.2963626774239878,5.549559875890082
1.5920100664019832,-0.5932454156064432,0.8741946317247943,-1.292020443088804,5.555300262415126
1.6544803393108798,-0.5859217490685975,0.9100846720180907,-1.2812003534524563,5.57443333997429
1.6994403485418141,-0.5809533624013034,0.9238743798336081,-1.2819121984175055,5.571882618870377
1.72468730896993,-0.5776410178823643,0.9389147572420797,-1.2794398760340724,5.581660906671276
1.7344339321674722,-0.5744322331251211,0.9331913924607835,-1.2899638920515568,5.570117618681744
1.731776889292754,-0.56812500493359,0.9446266227674136,-1.2881142275242174,5.568813775780076
1.7202568711119368,-0.5625049045374766,0.941069925903238,-1.297530905231932,5.557514866950407
1.70857738097102,-0.555874470866337,0.9489734383384467,-1.2960868948705557,5.559883734673346
1.6996252186251775,-0.5493392753080364,0.9585623016717568,-1.2910022482469696,5.564076040334197
1.6891814415060586,-0.5428986452110858,0.9642269155702166,-1.2910022482469696,5.564076040334197
1.680927032415373,-0.5356710866592327,0.9695152457768402,-1.2913085120529222,5.557851124716376
1.6747999310579955,-0.5298437548193579,0.9785020085355006,-1.28842049133017,5.562588860162255
1.6706656613279889,-0.5245444485440325,0.9832967675335931,-1.28842049133017,5.562588860162255
1.6671139758472329,-0.5196504743372088,0.9847981828246459,-1.2913187153039771,5.55921734136015
1.6666201915426402,-0.5161478610100401,0.9889039339906114,-1.2902802861016978,5.565260403596999
1.6648902407002133,-0.5121652840187101,0.9887794413165449,-1.2939004722207772,5.5607045215320925
1.6645804696338902,-0.5084032459278564,0.9983749068596723,-1.2895684411366486,5.567811124700912
1.6635856824170219,-0.5052982135777839,0.9997409862720765,-1.2917446168943516,5.565624110358945
1.6636484738666384,-0.5023127790134281,1.0028259482503445,-1.2917446168943516,5.565624110358945
1.6646148221974337,-0.4987284258780824,1.005540086162577,-1.2913187153039771,5.55921734136015
1.664410099893432,-0.49736262901755124,1.0081016853416478,-1.2910124514980246,5.565442256977972
1.6631277743887187,-0.4952292464518213,1.0033798691629294,-1.1626039942845658,5.557333002729988
1.6637136264294816,-0.4983983577086182,1.014398707936944,-1.2917446168943516,5.565624110358945
1.6633557987340408,-0.49391783240083753,1.0086246821558362,-1.2946225204368815,5.5595200170719545
1.660283469749055,-0.49257867341104616,1.0091884601122625,-1.2924463446791785,5.5617070314139205
1.6574775893734635,-0.4892687364212344,1.0116614709443377,-1.2917141792828515,5.561525178032947
1.656121278559178,-0.48495426137022607,1.0044174845525815,-1.298824723549499,5.538416855334709
1.6560379144652704,-0.4848367086197598,1.0212204363859674,-1.2192358407881878,5.568631922399103
1.657689133561722,-0.4853786283261463,1.0210100665535293,-0.4786627660687879,5.558853634598204
1.6652029468767184,-0.5140434529314215,1.0034057442917832,-0.03829002886054189,5.517096763433579
1.6751334535619928,-0.507600274956104,0.923041807107816,-0.1380686577575887,5.1761491299683895
1.6896438300583898,-0.4661282672995829,0.687751220002742,-0.37951126438715455,4.529584367995079
1.682825023669896,-0.3969803531824315,0.3446918639438558,-0.9012368968899787,16.337993502315364
1.7318729756753992,-0.2600918972989589,0.06853456430471139,-1.161759158511165,20.767596836701184
1.769621953906079,-0.032834113533704246,0.4219565509775267,-1.3380208052961609,2.1534977723568587
1.6601736801159053,0.15226065547739442,0.4744312345923265,-1.5508525412053424,1.30005754777573
1.5854602493648204,0.2758281510378005,0.9754617972057995,-1.2721049668916382,1.2796563188902685
1.57648096710378,0.3685922368502864,1.046310987218733,-1.300315309009517,0.8365569420799961
1.6105115410891064,0.4163581768088954,1.1010732540378132,-1.2493890313905454,5.502826638949999
1.6639133404518258,0.45040904878044247,1.1402217112742516,-1.1329396895631034,6.1540745954677565
1.7037618552849891,0.46628994334240975,1.1739026648693924,-1.1095329903924698,6.010903531767505
0.2009096669585141,0.4630484330946886,1.2002481004336858,-2.117102961615428,4.316762910134464
0.22386548702130743,0.5028227192655629,1.1820149216606723,-1.8598351894726233,0.6612549654569739
0.2049014965082408,0.4944573884032427,1.2064929851589665,-1.7019495213596203,-1.132574084238503
0.21248953979643648,0.5155091219139976,1.2417402386847147,-1.6647280586901971,-4.1262499422556855
0.26245231735079383,0.5378672216142779,1.271135580442635,-1.6331758600633788,-8.418080887252023
0.31157899907019965,0.5764907902445178,1.268036827270651,-1.6006029659779841,-15.013775073129924
0.3302012125307521,0.6049214156492854,1.1196632843344245,-1.7213176024447767,-11.697139042352612
0.32584877867938766,0.6309606114155821,0.892376963894821,-1.8939358190597038,-20.01333650899985
0.25214336660579656,0.6359323348636791,0.8538740060392656,-2.2932475043548983,-2.4158130045470325
0.21521554754403957,0.6398224161202882,0.8406295402922835,-2.422180076129135,-2.291627108869239
0.12126141354553044,0.6732291840997774,0.9461667727818565,-2.4634291895307934,-2.742257648478609
0.09222617719739395,0.688165078087156,1.0277437160344838,-2.4747641949525465,-2.564417065604367
0.14728938654599222,0.7057347255044241,1.103799737608156,-2.3857177097199944,-15.967446616757178
0.15024409325085286,0.6778430858987861,1.1879399753964672,-2.262599338770442,-18.923067468408867
0.15610970519798495,0.6287109466382107,1.2074826339658409,-2.239061358331647,-9.157792399267718
0.2129116941611331,0.5797940405045793,1.1946354939119725,-2.001929217611448,-7.048936558546073
0.23865022810311803,0.5459955184358214,1.221811244911596,-1.9810136714554416,-3.964118289868845
0.2584006813130496,0.5313224794746056,1.2557831210636246,-1.9635873738818168,-0.9018602902630781
0.2799091884466056,0.539502276270377,1.2943533566762477,-1.9586040866329635,3.8646624298064727
0.3488455141402648,0.5976183588249155,1.3488316176514985,-1.9383707309714406,4.729654327776839
0.4420946662894085,0.6857637009980403,1.4240716688616764,-1.8923869858922522,-1.0377088017144622
0.5178365081339067,0.7804034563381672,1.5082898713654254,-1.8529384156785775,-5.406313552200414
0.604364893974173,0.8681005992843309,1.5858362739674288,-1.7409317559654973,-22.66510683393174
0.635128443322915,0.913597659953071,1.6648955164606354,-1.6207783655430519,-23.328346052631893
0.6475006491091204,0.8831206042925126,1.6772416436873865,-1.5227299092534323,-22.367517008814577
0.5386524849770324,0.836849160722638,1.6878771739507474,-1.5256594545342397,-18.89780295289333
0.47526521044234205,0.7715460731314306,1.6598351458400633,-1.5207904306850129,-18.794121704303947
0.4236413147971176,0.6933625033979113,1.6694320903341584,-1.4860252069129893,-16.185746056235836
0.4256302308606312,0.5922705474398752,1.6608908380627754,-1.4328650618932275,-15.077388620391798
0.4512857420026001,0.4882475384373114,1.6579244738395342,-1.3935300150626222,-15.839137756875322
0.49609145834550006,0.37230054281700176,1.6606213492929318,-1.306653694258191,-12.946945693138465
0.5687964052420074,0.2744328424452668,1.6465723769898672,-1.2459164187680947,-18.927074078836714
0.6031566255859031,0.23901560259855847,1.6337128936357637,-1.2249184649005944,-20.69792864503031
0.6370156389501646,0.202285414383227,1.59215134365671,-1.2092380063052548,-19.702472667089946
0.6740168720513754,0.17926332851663662,1.5389032546021393,-1.2069187463726574,-19.506691825836675
0.7004024045600831,0.19108061119595598,1.462234774538714,-1.2382755594704598,-19.988153860246864
0.7107094104504734,0.21671471907966577,1.3779648765904278,-1.2878488333077818,-20.25711442722327
0.7178292683605683,0.2572764277612368,1.3119710832707625,-1.331029011945991,-20.57871026016185
0.7333714152316512,0.28636389331038703,1.3013513975392619,-1.3279947325663024,-20.751307293785075
0.7528098884567906,0.3202573461185737,1.2942365717872975,-1.3272337367705518,-20.953476175642326
0.7569681783200701,0.3505565028439045,1.294808230415847,-1.3362915481749207,-20.673995296675972
0.7790483232325202,0.3694561489737689,1.347561232372501,-1.3111339848566492,-18.624533409922226
0.8039603254462608,0.39552050765258706,1.397079405394724,-1.2625168970441947,-18.24162525449156
0.8203126810171061,0.4133824785968174,1.476345797476183,-1.2328067671405194,-18.950428267290228
0.8270760099913935,0.43903981219296895,1.5282558495266603,-1.2107250826058253,-18.402977069846578
0.8102203516845322,0.45235963552960423,1.5746781395749776,-1.400806237131267,-18.50688940346101
0.7690924650122115,0.45916908262730016,1.6160940011650908,-1.5016481287121197,-18.05322426672895
0.7098299830049376,0.47484175118588823,1.6237905895749674,-1.2776300843045731,-16.78883309229193
0.6640898927928092,0.47440636077560694,1.6613343894635972,-1.0339131088507463,-23.315341127569024
0.5736441836530038,0.4616533360411461,1.6846742378019963,-1.088201376975478,-23.773729159746793
0.45063225550448516,0.46009510634785433,1.7055271148137081,-1.1337048740839901,-22.658957180882272
0.21433572094781644,0.4407654019180446,1.7189463386988162,-1.456360654999918,-22.716296503627714
0.1878883779467604,0.41023541029972854,1.70926792033468,-1.4441766231282909,-19.861143518501866
-1.6996727859472118,0.35610967736753296,1.7273251305035733,-2.997479549754115,-18.29641639564244
-1.8891519904759944,0.31972678214486794,1.7118502365281227,-3.3137433344846006,-17.63352200036835
-1.8281562223792127,0.2530137744589067,1.7205397514780425,-3.2133251317849485,-19.190495538704845
-1.757293926192908,0.2901949589283146,1.7598535517958378,-2.83844796767691,-13.423526823584798
-1.6058641805356384,-0.015246466382875856,1.7995589697035275,-2.654856509370684,-17.429285781695004
-1.4800097408076882,-0.017767265490080675,1.8380585265039437,-2.653506715896315,-13.144495437896872
0.3983968585653476,-0.03067322427842256,1.8193637208723938,-1.4096107913717768,-15.731693657653967
0.7754792524557985,-1.9021166027157035,1.8228592966371713,-0.6682970750758244,-7.794143216261171
1.0964055878254984,-2.205137335425051,1.7477299009864318,-0.5365277061772586,-4.742177600637865
1.3497308460223745,-2.206805054120656,1.595403354419595,-0.48470261146956894,1.4462228977827234
1.50848113183598,-2.1819732900143602,1.3535701558677997,-0.5115575560796755,10.563126968725978
1.612637481729688,-2.096206212395268,1.1003499018486638,-0.38937060011389346,16.865126044872213
1.6557916468919274,-1.957608235373404,0.9774620539840856,-0.5697098932866234,13.654378366443183
1.6322644300194682,-1.7789939989040557,0.9162297689503136,-0.6226761976305113,12.19855610406254
1.6014867864004727,-1.6019998474635206,0.9021673726588894,-0.6136346154655683,20.631860863505203
1.6207215847700838,-1.4105767756787115,0.8776899405955785,-0.6185043637971397,20.89512124296832
1.6575490673416673,-1.1883514519895448,0.9846743156472402,-0.5484114255034636,21.734706311072703
1.6693032353557267,-0.9788009902032979,1.105052118987409,-0.5217760118417252,23.49250789677145
1.6539334302870428,-0.7892955887119228,1.2353616597493748,-0.39594460318121705,12.177992790344767
1.5655984798876728,-0.622059514568673,1.370350419572402,-0.30812187416099457,3.3418898731183306
1.4137138735379473,-0.48991242587634115,1.428815046176336,-0.42522392951126897,2.6712940254123687
1.3099260185801591,-0.3603008469806842,1.4181258611448317,-0.49494254645706115,-5.82015324309758
1.1936430332316903,-0.2683190746967923,1.3614504862904189,-0.5790992983324836,-4.1666093779165925
1.1836346414664634,-0.18335471632542233,1.242502355577317,-0.7612700314651075,3.0124029275754975
1.2471231975388157,-0.08384700799288147,1.1185617440417335,-0.7846459322460113,5.2500971679635455
1.3068461375559128,0.0022103834765433705,1.0159207583322862,-0.7887935106862707,10.65509249510479
1.3824892929404822,0.08795842085952577,0.9269491698032526,-0.8187669682746386,11.624063353239876
1.4618317727556258,0.18368470552934674,0.9455074077509042,-0.8430204984305127,18.926884177957053
1.540062294392587,0.29256270214584545,0.9504025553440606,-0.8344265668515087,18.46045637562606
1.612527715465657,0.4034443821229594,1.2083784364739265,-0.6393431132773129,3.3069408678055714
0.11351033094516177,0.46951458853374184,1.3565328905840575,-1.622738950441867,-10.02796376384013
0.18803738074131549,0.5573997120155373,1.3789612436007606,-1.5196564023382977,-17.99218573139327
0.19078751010225714,0.6039811208997243,1.2613913076393475,-1.5715472826785537,-13.364389583118463
0.1598188454093889,0.6265055997387192,1.0496205113153714,-1.7421165194973378,-5.7168700928005265
0.14916885044473116,0.654655035671028,0.8048019724988311,-2.0575559780650017,0.854256354373212
0.14400701324955856,0.6924866557284777,0.7621069212809235,-2.117785357034243,11.64347490310212
0.23231893884311494,0.7661628182710291,0.8157342245799344,-2.1104854393292123,15.094698172242072
0.441562539238077,0.8612777702515819,0.9394952401646677,-2.0022819633895255,-2.8724663155583903
0.6134436637065483,0.9304145110441822,1.0968170369266625,-1.8558695916161763,-15.175679572786393
0.7519207691679151,0.9473382430115174,1.1753238455449264,-1.710971747045496,-18.053602410810385
0.8238126032963269,0.9372743211250916,1.1652113378406876,-1.6703309229265308,-17.48073983964509
0.8092215951245817,0.9176659575188384,1.1501635249343274,-1.691887379656765,-4.2144370248199525
0.8237659895082741,0.9030950623678203,1.1699304354790372,-1.6766841709395512,7.672238867928301
0.8473244103822378,0.9349780321303526,1.2158863422363442,-1.6616520930599008,13.355609347612862
0.9307726433885808,1.0151433357222175,1.2868834344634024,-1.543860161431266,12.920915427083202
1.1109268381916881,1.09563339127474,1.3690491624743806,-1.3985827457250668,-6.975666030317098
1.189638119706443,1.16778744432296,1.483828183787257,-1.35830431907789,-23.889725666909694
1.2169619773818956,1.1915402048266839,1.541838475866263,-1.2389418788414526,-24.25113313702319
1.2183043456794278,1.1920521551150793,1.5724087502571016,-1.145778236823828,-24.53959407283365
1.1429829824051452,1.167679094470518,1.614708697399657,-1.1473884639687602,-24.679584410777313
1.0505804843084188,1.1343600470740254,1.6411991853005605,-1.1153669933079684,-24.84290007218177
0.9583819415335393,1.090157640292362,1.6759241591208518,-1.0827861014811053,-24.949655125752926
0.8542577580869086,1.0425551285606973,1.6983922809820524,-1.0649169259810982,-25.043067138266824
0.7415326212487197,1.007394960548088,1.7151222616407953,-1.0943430224934474,-25.205470810814262
0.6362230523025633,0.946841420352901,1.7425549880742932,-1.0838362070089465,-25.169681459737824
0.5015175133852059,0.8887463073466663,1.7648156820443393,-1.146542020914409,-25.13482082828382
0.49278705958666125,0.8372885802166403,1.790840328526781,-1.1258002129159679,-25.117958761650918
0.12182546074811701,0.7857096995320414,1.7932434626425675,-1.3966258132637084,-25.05783674288228
0.07958143302952103,0.7470572677104895,1.7892615090270845,-1.4002102680292285,-25.04874396543916
0.0879466128262508,0.6804647438795517,1.820070660589173,-1.374555367720672,-24.85670391960432
0.1090445742229757,0.5961921544422601,1.8285319182269082,-1.343967695046774,-24.56903935853261
0.1607526250512562,0.4943359486713139,1.8359425303234285,-1.3063922151224776,-24.178748373704124
0.226594689585455,0.3136449134613881,1.8370129675846791,-1.2376792796809961,-23.29901509687589
0.2989003294446446,0.27773751542968617,1.8149398174994213,-1.2220597835906977,-23.335625362243313
0.3526639938583781,-0.13522426591220815,1.7794756625436772,-1.121954758044424,-21.008473736883968
0.4148513684552455,-0.20425752558583699,1.7231392187414112,-1.0999875860961401,-20.82874722052445
0.4608556975419771,-0.21770538490123026,1.6489126000053203,-1.1296176506267244,-20.961471256293702
0.46395922124188527,-0.20398384871371888,1.5229451359189548,-1.2236548859948526,-21.28719440389065
0.47954195229868113,-0.15899853109752438,1.3336969923874475,-1.3555885484609733,-21.832957119875992
0.4720281275296616,-0.11275958535520525,1.232601367338705,-1.4363653141220658,-22.239914474308343
0.4597560044579022,-0.06968836579692717,1.2034263097779458,-1.4709171781905817,-22.532751722391787
0.41340559211555994,-0.0360740720034991,1.204944716016584,-1.5132379549811024,-22.730138893113338
0.38241430963669626,-0.008526302956902376,1.2407564922631193,-1.5243436618171424,-22.85877399620007
0.32785560896681504,-0.007779281707956165,1.300489014175045,-1.5327270968533782,-22.80551943122218
0.2298832085020558,-0.007607340233135806,1.3444969472394914,-1.58738113758594,-22.76889298703623
0.08423145911061986,-0.003816238961471319,1.386606586190454,-1.6788202473726257,-22.74339375570411
-0.13026254731280978,-0.011327394524180967,1.4260636608387625,-1.8167784185563538,-22.627168483271177
-0.5158996223952798,-0.04021657609741103,1.4328260665564045,-2.0953772583102843,-22.363517678446954
-1.1810462287231245,-0.07571195621280036,1.463475164900247,-2.557063635526837,-21.927161572182776
-1.9990182279920772,-0.13151535370941747,1.4702315971203543,-3.1244024103094197,-21.286659847165076
-2.0853299361906097,-0.21325895497600622,1.4804002403961751,-3.153335023726295,-20.538279617226063
-1.975118200608539,-0.19010380706684726,1.5068114266802892,-3.110828047373829,-20.55429252800097
-1.8645161044036975,-0.6279526367488919,1.5036514854885628,-2.9609913917073416,-17.796268378743466
-1.7651455127600062,-1.084231861764922,1.4897400770309086,-2.8549867224171495,-15.007622915672608
-1.6618858077775516,-2.1131457932782842,1.451132692868014,-2.5897125420072777,-8.684974205095434
1.4574758509906478,-2.5595086045859072,1.3714248201769448,-0.3048649934853733,-6.58758260452751
1.7644778515569133,-2.6001449134304364,1.2764249007862905,-0.2565140160954733,-4.944120298003838
1.9641111260015829,-2.5685137300705922,1.041884695124787,-0.3357056880972591,0.3466275521327109
2.0705756814188208,-2.579319779313324,0.6031969491409276,-0.287450754306974,27.858478122873706
2.198838263631997,-2.518869741547886,0.5216100477816866,-0.05423736153230818,27.841565541654283
2.2228147599105545,-2.4065524527811464,0.2352409887613781,-0.2434232152160467,27.475319521127382
2.1618059229925546,-2.2794806131507706,0.547997640816668,-0.07552890993580008,27.85771467630927
2.084040152773771,-1.7095417202666543,0.835283553493152,-0.07338660458188451,25.538739393692833
1.9873601074610603,-1.4305117433482861,1.061418819305469,0.0066911819646873205,25.020345663888506
1.839953858589718,-1.1488158395692691,1.2432138518556395,-0.02049565449056301,24.38718953593164
1.5995398544852755,-0.5937880199964934,1.3815697774220541,-0.21816866673896107,4.324085611880716
1.4920606642613001,0.3770249619445501,1.5371918223269072,-0.39085956999892946,-18.717201438807948
-0.6014059330846702,0.4284845578318841,1.5828684108908724,-1.7423723139865075,-18.740061608133338
-0.6289491789764369,0.49485261922583,1.4579729462486284,-1.6900424210200227,-14.04393645120956
-0.6743082876618143,-0.23157093727896344,1.3028786599792828,-1.5518044859296785,3.92157002244877
-0.6292969326313058,-0.13968840618217324,1.1502765155632275,-1.6767066671397721,17.902738181603354
1.2463265059158783,-0.008065770078920537,1.1128537185689835,-0.47210767047254154,18.73394072106371
1.4144195396907224,0.0798424359717275,1.2946348841530246,-0.4047352948109202,11.260590025997725
-0.02057901088434555,0.20043956911677194,1.4698001685519537,-1.4972191250234719,1.42044699974382
0.16996061607056573,0.36942387908166596,1.5532591964587215,-1.3358274402152133,0.6131299974941684
0.31348226225828485,0.5102818467398402,1.5941030485545487,-1.2321295942490222,-1.4213285621950096
0.4145295641539934,0.6513348252259465,1.6525608265113334,-1.1393772871379055,-14.986776372198191
0.42571505214341737,0.6585678637245911,1.6710677451286904,-1.101147227030464,-15.21320677031398
0.4394356635709473,0.607422252442285,1.5994793864590446,-1.0611742758064973,-19.28655004855248
0.40477103645259194,0.5819860280393853,1.4778334352938594,-1.136088804714027,-9.338131804457284
0.3780692122192178,0.5933584730909711,1.236207588658488,-1.2997526175949004,-2.225251361416793
0.37518700519696957,0.6474382338356032,1.0436600783117485,-1.4561816994491374,-2.754940346770664
0.3775056258174309,0.7007522227528027,1.0233649345523665,-1.4912717572039291,-3.3925697366432543
0.4133345922225224,0.7507618970414954,1.0451861956552395,-1.4845415698359117,-3.811647636717624
0.4809971827367203,0.8069373220548267,1.1059846378957037,-1.4282019220883424,-18.601437105477554
0.47778491486483027,0.840365656698064,1.2030816776442181,-1.4023599335046133,-8.527118771888011
0.5293497025132261,0.8420968892655237,1.249153955905873,-1.3526101721587847,-4.674615044193779
0.5315260946082077,0.8736458992717574,1.3320613397684378,-1.347174071724468,-4.87828680961121
0.5120248809305012,0.9029288406811857,1.4195829818040206,-1.3511045519511686,-5.103997743240416
0.5176140748494494,0.9422323191970905,1.5047123634034762,-1.3162087363789778,-19.656459654659283
0.44850968331339036,0.9578243499403903,1.583391079042768,-1.2828170248708113,-23.59612368512853
0.31981911113266714,0.9030741083219105,1.6182924391650384,-1.3112660959176798,-18.314623229891538
0.18563788564771389,0.8233137166315054,1.6146343498736013,-1.3642159468014534,-8.97269916889582
0.18816705794225652,0.7445212439034987,1.6041019854382437,-1.3453663036332475,-7.754364059093503
0.234194965694336,0.6904716100470898,1.6304220423272633,-1.3051864141237974,-4.685616463547376
0.3319007447757546,0.6164186501863829,1.6479415919486409,-1.235641331112132,-4.321656816636579
0.44638206130131614,0.549951279831488,1.6827922757501348,-1.1538706124611455,-11.234642329382059
0.507834540133606,0.4652677819395619,1.709770438946598,-1.0781292246526428,-21.485230659480916
0.5413252116578393,0.34508123730895823,1.7136467826323445,-0.9970704705684916,-20.945188066288928
0.5771667390464068,0.28937427220659945,1.6294491896060075,-1.0047392651871856,-11.569612429546181
0.6424690557577372,0.2715582524335288,1.495865667187208,-1.056069013298025,-3.5665793039628704
0.6977753073813557,0.3278913064501515,1.3798112632793154,-1.1077196183845155,-3.6272239013071275
0.7478664701623128,0.4112349084227196,1.3144654294868927,-1.1675286675475016,-16.24391244949049
0.74455126980141,0.4863448423611146,1.3052275542649185,-1.163968599515179,-22.720613463693255
0.7293942284345968,0.5182583209456904,1.2972468822137553,-1.1555796534233158,-22.621157821910053
0.7127761826151999,0.5494195703986025,1.280322735530683,-1.1661583244767553,-22.96859927100996
0.6888524271620508,0.5670051369232906,1.3346812404668396,-1.1321753827797092,-23.18176365057312
0.637410527528269,0.5665401836234648,1.394023717816864,-1.1127126189683751,-22.881130883870618
0.5584247940043026,0.5578921190320953,1.4616647261691829,-1.1109361320264166,-22.37521366204598
0.446896484219874,0.5232055273078619,1.5066803712522343,-1.1467750049116947,-21.722587274045743
0.28867616099644466,0.5134068697793762,1.546014520888523,-1.232903709262892,-21.49653337920861
-0.006589136976037413,0.476379265891015,1.5723875024757907,-1.4229942677458858,-22.8405235309158
-0.013815255190880532,0.4242907378168127,1.5975396960073962,-1.3961733198953956,-23.510811252976413
-1.870327575429627,0.33574829207782964,1.6042596683045935,-2.7339385821687774,-22.783853058157227
-2.0806929221926307,0.24705185933493412,1.5899153622194495,-2.853768855001373,-17.848278897939025
-1.9797499670972292,0.06986202554774346,1.5912179490658434,-2.7522499316932247,-12.084950243101005
-1.856296898616299,-0.2648687606569926,1.6041711398842327,-2.646979435375956,-6.936206568138958
0.15343532735323395,-0.24973647133200438,1.6015431649372118,-1.3153776637710828,-6.740699342242278
0.7911195698491644,-2.0692157409404937,1.6110395989787814,-0.45498333191585827,5.229162011011304
1.257043879068217,-2.21685659942102,1.5242537446329862,-0.29303344161921197,10.38366189372766
1.5908520604875762,-2.1430571122528868,1.3992202730778969,-0.25294083820478597,9.739762407601892
1.741423627762061,-2.07032784103124,1.2481416401075802,-0.2689566556270313,11.034221428528733
1.7913922229032366,-1.9674704765660915,1.0519439173887466,-0.3398767959051754,20.299751252527795
1.8382287745703567,-1.8038200687636157,0.9703373375882386,-0.35310311165356234,24.80212396538184
1.8116962177194558,-1.5770255165752443,1.0725379296109196,-0.29843078197286954,22.895161867787646
1.7309645355097774,-1.3601099899370241,1.2228642708899218,-0.26215601292306623,20.673314292762015
1.5929258351717013,-1.156740613984046,1.3374672569229582,-0.2759847237532467,15.375607779890526
1.4283349742337537,-0.9184706570641235,1.4402539536386216,-0.326724397822598,6.073364730035062
1.2016740617965769,-0.6789686114161875,1.5055728251336964,-0.4185851719461986,4.773183298466064
1.0037431680576012,-0.48862611148061275,1.5189921610990604,-0.5454080159302095,-0.3635483787073799
0.9393633397321562,-0.382586406546535,1.5044375738633344,-0.5417342460780981,-5.717674045354769
0.8633270854287485,-0.3326067603668999,1.483955970293914,-0.5688993699768328,-12.405544888130533
0.78102553993557,-0.3141636402153234,1.3876589667279113,-0.6345575481874823,-11.107267310467087
0.9402953267568595,-0.258763319540171,1.1941994413333032,-0.6207557190424531,-5.522533750186166
1.106309721450159,-0.22801995485076423,0.8910401792831262,-0.7430268851720638,1.8550752267004804
1.279375117249564,-0.18721524602523998,0.4829945470546416,-0.9354899139606798,1.8428801448607417
1.3900011642954666,-0.13825238023498296,0.1840831172310386,-1.1087417403098698,2.988976028016897
1.4954246984023636,-0.08881109188926942,0.15176824027624325,-1.101070525819504,3.55905675199585
1.606686116443689,-0.04277297098309987,0.17153727932384125,-1.0531058242334876,13.725718228058696
1.7718300201578276,0.05207723516261005,0.22228529214577172,-1.0189717191166334,18.192935779654807
1.9170630475713264,0.18958073558816854,0.33006830868079656,-0.9693208838766303,6.644318348354851
1.9542431052137947,0.32347584498549925,0.48072175210603013,-0.9097982938475198,17.063641888196386
2.0350166520104622,0.4428030678392871,0.5644641095405267,-0.8707310694977115,16.555386751935977
2.0537598371262695,0.5829377843455923,0.7056318217972245,-0.8426732731765965,12.977192359547539
0.4620862927788577,0.6976741453376886,0.8656999097988936,-1.9324812480578677,-1.5120959063082702
0.578933875215935,0.8327424366388416,1.0190898613484234,-1.7067539810384655,-2.3196961886365917
0.6794622681301373,0.9152359320001051,1.0741338828014113,-1.5597654426240661,-2.7390166302989716
0.7705826554823508,1.003128860559655,1.1499516861169934,-1.4529144837207943,-7.048234272145116
0.8411613813954095,1.0602147098798627,1.195161411903608,-1.3761145595737196,-10.780371929517983
0.8905944020273009,1.0966908495888052,1.200450914110921,-1.3330854069508373,-20.784407939224863
0.8901152541589921,1.118542796816844,1.2097409692721215,-1.2993350408138222,-22.637840586339564
0.8643885193764473,1.1050583987950786,1.1921861855669666,-1.2991726865638582,-23.04738718243597
0.8038499794072262,1.0887361088794987,1.2361887333991466,-1.2546742089546283,-23.361743732121504
0.7423610459511735,1.0551998708226864,1.2897423903102823,-1.2211635922438842,-23.602718132165673
0.6860664843872611,1.0073222168569784,1.3744323898636326,-1.1667901840217842,-23.72521697710711
0.6079571164170029,0.9509178066468698,1.4466635734699635,-1.14538499422346,-23.803284403247016
0.5028981345618624,0.8994792631458828,1.4963400303738688,-1.1701691519688429,-23.908910110620976
0.3604717632561866,0.8277427576130891,1.5309531370136518,-1.232234243629936,-23.861934584489735
0.13139744007443882,0.7601952024288384,1.5708245675056816,-1.3593272500605327,-23.7730887405568
-0.013316558517905364,0.6990233478154075,1.5936252510134095,-1.4421203990665372,-23.700894104055646
-0.03413297876979968,0.586513005641631,1.5997250882773606,-1.4369673682711754,-23.318722495580943
0.0030670653098002765,0.4717363877104901,1.608950293773659,-1.396593112754224,-22.91516314295191
0.08470637707225737,0.2909617867396601,1.618143265324251,-1.3112142580148363,-22.097113917263506
0.19184034557858837,0.05584995159826611,1.6240834143020209,-1.196526386865381,-20.94257446389581
0.27610625227417473,-0.11692452132356002,1.5873180441352335,-1.1481183036317761,-20.20548514312277
0.3561737058043793,-0.1784917146420325,1.54067296342956,-1.1354523455614796,-20.13055778134692
0.40714449171691286,-0.19303926027106755,1.462994571207607,-1.1680045560539591,-20.34088267909605
0.44864208537159295,-0.1601970550862235,1.3358104335910084,-1.2452754873286649,-20.85619540797554
0.44717408674312475,-0.1141817265246291,1.1582989979636678,-1.3846563650115686,-21.460706721411036
0.45273090650797665,-0.06103800315907704,1.0842954427580602,-1.4401617293324125,-21.944217530055976
0.44186965852974414,-0.012755461088837405,1.0793307153551737,-1.4593559228396913,-22.308937774776417
0.4244241432807356,0.019644427979115475,1.1180416244412348,-1.4542884658063613,-22.524334225743324
0.3763470450474939,0.04485840352831061,1.1796961729838837,-1.4596281695536106,-22.675642229428362
0.3218665971925647,0.05993375124382838,1.252312866340663,-1.4623237808161762,-22.755906304450917
0.22314629709388317,0.04597101698052031,1.3213675314995426,-1.492291532364694,-22.657089686279697
0.034659467705534186,0.03508177835020465,1.3615811186517024,-1.5759596123153812,-22.587518224146834
-0.2643329414616025,0.0173640962131818,1.4001295857158027,-1.7536067148758203,-22.43707008849033
-0.7276449102319873,-0.043142353187440086,1.427064912855949,-2.060048309057953,-21.965038834454184
-1.7850311369998728,-0.11065933097804603,1.4313034411308296,-2.8142665371127165,-21.30605738169922
-1.9756398850479264,-0.2188550618312527,1.4304705315042991,-2.9192961399938384,-20.397978992839988
-1.8612146310009392,-0.43381132988601867,1.4418097982662654,-2.7913031732842337,-18.953893707160614
-1.7962561558955015,-0.8265481757806744,1.4319936421037005,-2.7020532289515597,-11.723320512407678
-1.6785328629728258,-0.8157807553920711,1.3852915118741551,-2.754760295708451,-0.515495963364025
-1.5214559178206024,-2.280584868001849,1.3198880353400424,-2.360093328646082,10.630157772186545
1.6989241767491376,-2.2456295380164244,1.27998088028371,-0.18445570774838305,13.875146353559991
1.963937823880849,-2.187404289854106,1.2856643634372085,-0.18654178161524837,25.30178545292653
2.186931634023356,-2.071626967958524,1.3149615487777744,-0.1417102089483766,26.937653489642308
2.1943655567812437,-1.886569310698583,1.413259930385868,-0.1268895024499077,26.335852559590418
1.9862890298836706,-1.4878709644804422,1.5111632570080908,-0.2539893734815841,24.63888397421946
1.630412359556268,-1.3643214355378468,1.5903661499200206,-0.37082110879761276,24.822009589865182
1.1107427199168518,0.19361086705762676,1.6487082759303646,-1.0638968019189523,16.162462595766048
-0.4956567690404554,0.6910489077517585,1.7169782006247927,-2.1800773554802038,8.925227789418647
-0.5238163692047635,1.1238306547458452,1.7606237190599763,-2.1230004095872106,-5.3484193452887165
-0.5734878631131495,1.4127887835191995,1.8439486660625617,-2.062424309491337,-19.626833111157048
-0.6026624545327459,1.494270823364353,1.8964306558522863,-1.9871233356016944,-24.385175545085225
-0.5924315044169738,1.4891628173511582,1.8887818682307134,-1.9388404062969722,-24.39171280041326
-0.5564800501222996,1.1665654279174245,1.871223765058335,-1.8153463221143573,-22.62605875312962
-0.5342447856109154,1.1045865377348794,1.824850652531754,-1.8237360314922222,-22.67716241265691
-0.540812331438695,-0.20030357642959956,1.7736165904252315,-1.4812072942260375,-15.060394385942113
-0.5176188587659826,-0.39672047586046155,1.682055185392662,-1.5101628599757841,-14.458593589514043
-0.5392986703671458,-0.4253776052456367,1.5548569560187016,-1.64988433828572,-14.825444750764861
-0.5411462812786996,-0.43861333174957545,1.3201242067419003,-1.8347814120054415,-15.38623444929759
1.210383607560525,-0.4586981213163042,0.9013013131396659,-0.8590448733818097,-4.305364734058392
1.3975506161618005,-0.5152678211686512,0.405307607163677,-1.1283676929395015,0.9869668045067055
1.576603412615214,-0.4916488244370246,0.36815667315294676,-1.0912354202431553,16.189845281881965
1.7535034979241695,-0.43769789534802794,0.37637469473158836,-1.0295566812694439,18.42128268170386
1.8804585523632413,-0.27408064236990887,0.48021213606494445,-0.9728328408209628,17.775956582544076
1.9307778339050043,-0.08675948666273148,0.6177620420330732,-0.927509653518678,17.075132901047372
1.9606529220045705,0.10195713449151722,0.7416650328133358,-0.9095069611132023,16.434538958593375
1.991018728652657,0.28234671677124396,0.8865563446478257,-0.8553165961722773,15.915433424907878
0.4892169207525674,0.45300555687678545,1.0226258029853974,-1.8954554767995775,15.723479885330988
0.6865504898765041,0.6424401497157856,1.1429282866647932,-1.6986148071999239,15.366439697252355
0.8672410291023898,0.8118397109762754,1.3062115082193397,-1.4509902810393505,14.218298340664958
1.0331789183705506,0.9518839501426496,1.4553716804541166,-1.2823793142409694,-3.3445016602697573
1.1096271788151502,1.0750075083552837,1.6070794454284287,-1.1143600304880357,-21.21045557344345
1.1025746181104097,1.1221586571401185,1.6256109103331173,-1.0284365207648496,-22.263779887761714
1.0879495170208857,1.1321851700870855,1.4897508823446883,-1.0534641217486096,-22.76901723245805
1.0269538114797419,1.1500646355139814,1.3974211316865437,-1.0857464785923552,-23.30798324499071
0.9427230344228535,1.1439116812135361,1.3634998368688263,-1.0844071468987262,-23.719175785084236
0.8407087657131023,1.1196248259275703,1.3783673289987937,-1.071102816885128,-23.994681033244568
0.7888939463759077,1.0967614244359052,1.4283704713457857,-1.017989544921914,-24.262151768231305
0.7265428928303199,1.0701170820319357,1.4867393778141842,-0.9891782169219745,-24.50825882901159
0.667292754526293,1.027568799917708,1.5441142198201918,-0.9726928265520307,-24.64966082602783
0.6139839541638658,0.9829406150864679,1.5942819429470558,-0.9695448255280854,-24.773460498829323
0.5435893016551392,0.9148761251319341,1.6342758809222881,-0.9873041658808162,-24.736970105607327
0.3950669668536728,0.8745522808949734,1.677166924152848,-1.0729075710390936,-24.824436434223482
0.16585851792987133,0.8146836840604138,1.7069140262157423,-1.2211320103183843,-24.00093405176032
-0.05557942355413975,0.7642068859537247,1.7080824571425626,-1.3873864738606811,-24.695867057081667
-0.10075645627956939,0.665385252894025,1.7326487156594923,-1.3935854864037247,-24.30522777617332
-0.08121308050170181,0.534972741636834,1.738726484296051,-1.3644523856594373,-23.756705327625873
-0.0008681885026174119,0.35532814146167013,1.7488594705809861,-1.2827874415136549,-22.89363389236022
0.10077678314612085,0.3145952766957315,1.7319085742203704,-1.2517820715564385,-22.935429466306534
0.1876223263840779,-0.19394564221292288,1.6932367133894939,-1.0990344897255988,-20.068830609622445
0.2608421631932112,-0.2735764777086309,1.6271663856624898,-1.1067359955661238,-19.74372106292076
0.31826320440404343,-0.2946290120291807,1.5321919577269012,-1.154546275797919,-19.743450648873388
0.3303457641242933,-0.253136778888303,1.3497142413368344,-1.300565441791492,-14.398896277819716
0.3578564946820863,-0.19380357871929332,1.1291613264697888,-1.4675331328121364,-7.155407445385921
0.40255855833704496,-0.12127412240255708,1.057722729178731,-1.5322672703858435,-10.522817177328626
0.3984501683550162,-0.05142769504087119,1.0768427913877336,-1.5659840716705762,-12.416986180857442
0.3801896744381008,0.013034195281340755,1.112619100409552,-1.5900409772424147,-12.498360381854113
0.3715578315811751,0.06933981816006707,1.186817083906165,-1.5822060424791728,-15.88129496959083
0.3225531875532841,0.11495346228807068,1.2601902178366189,-1.5943284049886555,-21.02419927856053
0.20441321042877292,0.1213938988154104,1.3208008182558428,-1.636481107067314,-20.95404884488564
0.007130289899461156,0.11560232697876116,1.3513119221171161,-1.7472594561345418,-20.853082771560395
-0.0020055845742331657,0.07619419901044366,1.37111828563295,-1.716544745977406,-19.836510570275816
-0.9913374704558755,0.014882535133659336,1.3738469855198356,-2.4139305460747376,-19.464890778535917
-1.8993468889891851,-0.04778730705292755,1.3906941889272237,-3.0276308971283425,-18.603289516779046
-1.9880817702416023,-0.01788724106599482,1.3813297559655573,-3.093455489256472,-18.29926931103573
-1.890135426387732,-0.3831951293327316,1.3883331109177697,-2.9331134343628156,-13.68928372051869
-1.811252092798551,-0.3697350997429034,1.3862341856877887,-2.9605499755122935,-12.694029596079535
-1.7125661425340488,-0.35659177592153923,1.3574160317873085,-3.0118129888723923,-0.42527073052518555
1.4914296882329139,-2.2266460252836664,1.2907376519638258,-0.25507589259105523,17.536398438917615
1.7179304781696096,-2.284147291013654,1.2987302529747662,-0.29386800551435543,19.867670253708905
2.1454668740980685,-2.179951039052612,1.355130394331807,-0.11733774032168265,22.030903112281067
2.2107848226192566,-2.059331732644536,1.3768577055556,-0.1097793521180046,21.442539935294995
2.1829013851364767,-1.8624986586401469,1.3997394691705605,-0.11412130241816465,20.57161356386101
1.8995961723525854,-1.6207070618937873,1.4154848464934382,-0.2667774350633245,19.739546397530784
1.6659373789511678,-1.508069501821378,1.4462435690109956,-0.3077582797323275,19.696581584397745
1.391217498325634,-1.39048992149231,1.469295165634206,-0.38889693766729927,19.79719771161167
1.304607924307071,-0.15198779185159125,1.5055731062611142,-0.6854499171982362,12.919741012090748
1.20927384750481,0.2474976660089856,1.5469655962327158,-0.732507020681721,11.234790028946025
-0.7809140836508315,0.6077364374320382,1.5835459650488959,-2.1822516221265764,9.998189218516886
-0.7288376999984416,0.9608249229149048,1.6102301618988446,-2.1371894613942803,6.3513994738622435
-0.6625374579092942,1.2220359717342575,1.6735054000774534,-2.082993898311426,-0.9283956868884053
-0.5751199397453507,1.4374248225747202,1.7719589205074382,-2.02757239699622,-4.8185330457265625
-0.45147688303995814,1.5933195208672806,1.8478098209530662,-1.968190313379254,-12.488284879692756
-0.3538481092622359,1.6796006907291616,1.9189313812776319,-1.9113085139498958,-24.22659002542708
-0.3147141325974646,1.5883483018562776,1.9389807598560207,-1.8486471639486572,-24.016200517870118
-0.2755839184486232,1.505797414833683,1.9192300329543104,-1.8054488382321052,-24.026930008260333
-0.2755903421680499,1.4195041873149499,1.8667186245056673,-1.8138082194038214,-24.08213253229595
-0.32205569472799034,-0.027792432287631536,1.8585640905619665,-1.397731609857066,-15.655359407487465
-0.33427683193428365,-0.20985656357171517,1.7154690345200043,-1.4708567326235689,-15.300620812067775
-0.39097108095734245,-0.243370053318806,1.5884369542785688,-1.6106855922523267,-15.69348908136511
-0.48260916213124067,-0.2720034333040409,1.3243449369248257,-1.8571904108405564,-16.235271403263404
1.1679557355622443,-0.28873847462064395,1.3247850377434172,-0.6382135206682831,-16.72073630048673
1.3155599943537413,-0.38060353089382953,0.5120575933951467,-1.1305169005228766,-15.064980194775703
1.4353314255261014,-0.4349093256804495,0.46251547963319295,-1.0752729319824197,6.239133223606343
1.6177810329319104,-0.49670815942599184,0.44796116721374335,-0.9680854327363233,18.500481757749583
1.79654137807545,-0.3906446055574088,0.5257058398414258,-0.8726647812086774,18.09294139388236
1.9025229620051258,-0.21270336293300252,0.6240824192047002,-0.8377551681073914,17.318333219309338
1.9628045462358559,-0.017233586661199174,0.7164072523727919,-0.8267496304880668,16.52550034038991
2.0151246890591765,0.1752661674297692,0.7955123866423144,-0.8137733584548534,15.832977207516926
1.9550502684470366,0.3516556660478705,0.8643659422953913,-0.8671379105565804,15.280202614632362
0.43529658498641943,0.5379219430897554,0.9463114755059522,-1.9647236390546958,14.968601558402638
0.6630185060974332,0.7450775598165957,1.0099998782230617,-1.7595035269763626,14.45941172458354
0.8694980296561318,0.9092188975064776,1.101414665289528,-1.56471687606449,9.255963366733194
1.0418311912617697,1.0691613657396082,1.234499484647524,-1.3908954357982168,-13.095604267098519
1.111683172620777,1.170897098344753,1.3525400901045943,-1.249622062504851,-21.591003776477372
1.136963202179318,1.2146940722806818,1.3616828961738592,-1.1693274709526604,-23.413719717144065
1.1240315672544783,1.2296469475171832,1.3577975751972233,-1.1184462199711878,-23.800720845686588
1.0615749984344225,1.2256964724985562,1.3984077362334648,-1.0615116704804581,-24.120710799948466
0.965036742219161,1.204902060625467,1.4655741642273246,-1.0091960286016937,-24.372269831671574
0.8776165111540277,1.168516930022377,1.5338769977031403,-0.9553413576476932,-24.556794362817406
0.7958516920779442,1.1286994676381545,1.5885711681443397,-0.9216079658275769,-24.74333310684125
0.6906600799836349,1.0821681465008104,1.628936677686268,-0.9288664530659627,-24.887539446010727
0.5772536605616354,1.0191068531704341,1.6672064724488445,-0.9516189148008214,-24.901053171511958
0.401763105931012,0.9661478258459688,1.7052706891604248,-1.034456198141784,-24.93387083195774
0.38801483900111156,0.9027413579902285,1.728972498844064,-1.0142397948700195,-24.900706260244576
0.011031395924201215,0.8371268710617246,1.7332573542764318,-1.2839704300214776,-24.801692542702796
0.010871127125219981,0.7490605136209423,1.7586087259641832,-1.2552860747285197,-24.50603379851735
0.02848904733086874,0.6304507935895249,1.7618553439560325,-1.2312388314367078,-24.075946984695022
0.1063214697048277,0.43599049640704346,1.7675428377790603,-1.1486676807646206,-23.155556393763007
0.20623762501631604,0.39011456598836525,1.7516421856892772,-1.1162284612672706,-23.193616731305823
0.28215884833016136,-0.03984307516129326,1.7199369794369714,-0.9911743344376427,-20.83212457244618
0.36441981668232803,-0.10803759293691895,1.6571652685523575,-0.9925271255542782,-20.74624496783605
0.4130613618813286,-0.1351645850370593,1.5679345540304916,-1.023590181569227,-20.878796191301895
0.4505010416317457,-0.10915411888485371,1.4098386574474955,-1.1294602341675863,-21.391482886218864
0.45048451612289075,-0.05738417396580131,1.2318556977975061,-1.2572046061735442,-22.021346409116425
0.44303374118265804,-0.012468442834731364,1.1773432937687507,-1.3086827428713288,-22.423246556723946
0.43284585157693845,0.03003394019816341,1.1750278651783324,-1.3264859412044818,-22.741485302262173
0.37931230649493036,0.05858367813290111,1.2198482307594476,-1.3441100659863365,-22.911562595306314
0.3118459905152305,0.0770094484601761,1.2881265976157084,-1.357015587786138,-22.994746270178226
0.19835369466820274,0.06735820746192589,1.3535715575176168,-1.4004280149742443,-22.904345291739883
-0.016041682389621822,0.058564808432021054,1.3964263524186729,-1.5021145163832652,-22.82127099310106
-0.35851661524258926,0.04082728065843133,1.4397599554060856,-1.6931229474589897,-22.639048328298024
-0.34920579926949386,-0.027013168166223345,1.4438264398483358,-1.653928512773799,-22.218494610573416
-2.060697739875298,-0.12947724400568894,1.47303024950782,-2.8720751436454712,-21.274837114072216
-2.0926352919465536,-0.2602968170536656,1.4615367265908308,-2.870540030849992,-20.17462170668111
-2.0036718169374366,-0.5438527023892805,1.441222756631098,-2.7583652408759995,-18.341334273296933
-1.9378119730046492,-0.5216201541818422,1.425497444865238,-2.8024081593938015,-18.413585727227947
-1.850078093511848,-2.3517556963058883,1.3727014426828192,-2.3040671127478793,-3.936187846486037
1.3220343324536281,-2.4728776482889794,1.236188423393392,-0.1720634460372943,-3.774721722994622
1.689797041185117,-2.4359457600550556,1.0863844054451968,-0.20216121283809763,10.056126472438333
1.990535008180009,-2.4427089653081286,0.6747500370049594,-0.278427535227628,27.55689179909726
2.230638988363274,-2.4000803094855936,0.3587586838556475,-0.3518150955239414,27.223283755148408
2.2815643982816853,-2.3002696344227203,0.5701151069492321,-0.1844579128137518,27.459917524112534
2.218634137168449,-1.8359029478000668,0.8537230917235845,-0.13482203059164055,25.60743173893902
2.109002709130544,-1.5911175424665305,1.079063574188217,-0.08078215328796645,25.199338613561082
1.9492132988998196,-1.3450613440759498,1.2466821826678933,-0.07860742073212057,24.748222616351974
1.7166369673345425,-0.9540813837276664,1.3752290898463626,-0.18574235135803474,23.380579192652732
1.336318790450476,-0.04978217004069435,1.4935390965796413,-0.5797425562265195,18.82197822289509
-0.41949177736420046,0.6602228280206308,1.5784474775933386,-1.9357813216952868,-4.714328495256918
-0.4439937080936992,1.1586798408359336,1.667952400874293,-1.875873550971812,-22.449108117928777
-0.5151736804459517,1.3170849939680407,1.7250732311568253,-1.7832754073746562,-23.066063808406213
-0.5027556097359448,1.182901368836863,1.7057313113855812,-1.6743560698812558,-22.150853749501803
-0.4704039802299169,1.157749526986335,1.6635179579685266,-1.6601094177906333,-22.19939706700494
-0.44377385567260563,0.07814043806325272,1.6023434018969542,-1.3646375892989133,-15.901266251081108
-0.419968862477329,-0.07083529663982119,1.5112781612686983,-1.4109263396895302,-14.66095928115523
-0.39691902430240034,-0.09078271201630617,1.367284930081338,-1.5421286324574424,-11.85300989563123
-0.37023396555990595,-0.09463320464402501,1.1021190073303921,-1.7530826336006222,-11.039112439776464
1.2719171959163953,-0.09835476322097596,0.620691857493664,-0.9345486588693133,1.8522739396874794
1.5176925382959783,-0.12799165883996316,0.4592274137824244,-0.9512197915751139,17.788294566440683
1.7472505943265957,-0.03789402749304224,0.5190099785023179,-0.882313386022135,17.275946729816713
1.8572685141345449,0.10116424421106646,0.6721250986030807,-0.8182562700581282,16.64113337358973
1.9102497032362553,0.25269204014182006,0.8447609026525678,-0.7464804162335279,15.604158983207443
0.4271455850351913,0.3974555991276799,1.0265290803976932,-1.7671757434889663,-4.499780290878321
0.5686360256357939,0.5679635971905603,1.2238087417591488,-1.500939231897517,-18.171174193938285
0.6487675169771174,0.6569243153452629,1.2422056129937888,-1.3560200795618977,-14.570831732233154
0.6921060932625369,0.7302308926172449,1.1406255088765553,-1.360552514884737,-5.494767322623526
0.7291439235596829,0.7956430937651493,1.1080388104595928,-1.3547669409858898,-2.7931911943944563
0.7272583007958476,0.8642204404462729,1.1402101371841278,-1.3483451138932603,-2.635504995068681
0.7752022863939185,0.9303502597554004,1.2144940961332769,-1.26205747516777,-6.348202253491408
0.8080392553041801,0.9822267888352958,1.3075497453584004,-1.1386470866739415,-23.326488397868058
0.7871615187303294,1.0079786121124463,1.4267287952660639,-1.0470268631335542,-23.640936650882075
0.737796184116139,0.9779592459531344,1.4870576722095248,-0.9891122449070846,-23.00866944814117
0.640773816003654,0.9570533108797414,1.527759255455639,-0.9962733957153456,-23.902052186292977
0.4279339414436754,0.889912734559716,1.56197603549459,-1.0708711896574172,-23.800007454298477
0.1262075893088459,0.8299740036959273,1.5872034338843664,-1.2201158379390038,-23.724559216222627
-0.024180288390287852,0.7264524927847988,1.6011091726149191,-1.260288640512572,-23.37042605106106
-0.052593815336402255,0.576878725635307,1.5994221721768365,-1.2247590931339598,-22.764065374820113
0.03075768063324061,0.3560434874389392,1.600128825881415,-1.1045903659666663,-21.725650705537525
0.13349896230459304,0.06493716014684836,1.5716419728729374,-0.9878616575907793,-20.295326106640385
0.22799671312662967,-0.032090081442850305,1.5185003233002345,-0.9806063920535397,-11.613514510404602
0.34183715838392836,-0.03742030429070797,1.395862690938643,-1.0330112436085563,-11.19289376522218
0.43884334161502125,0.028072896115334145,1.2377749994863942,-1.1421674410731328,-13.389074491453336
0.48292866466380224,0.0928496223589741,1.1154847388910651,-1.2414027568543666,-17.583559465663228
0.4859477805775449,0.15433935366843776,1.0862390404236326,-1.2874754760445226,-22.21202624916368
0.47491535950872776,0.20103295622567652,1.111022972901007,-1.2874611352965504,-22.553723033591815
0.44288957787349514,0.22876189018169057,1.1810938743121815,-1.2642664036409221,-22.74290644383865
0.375037115579561,0.24109516605458603,1.2638200916748903,-1.2576832362705483,-22.83379051685726
0.2547231289503766,0.2196462192335672,1.3262129049186475,-1.2929525090265332,-22.75392083387806
0.03667308328118325,0.1987656851742572,1.3746825669711469,-1.409350906820105,-22.672992689228032
-0.3316168252833263,0.17539421554285772,1.4132593242807818,-1.6406522033491777,-22.5330644224482
-0.33913057663446255,0.08414860833211468,1.4374358181663354,-1.596660752663001,-20.517081777257474
-1.9733340610940777,-0.04007243209421141,1.441358299348296,-2.7659507616175296,-9.724100873808707
-1.90468908992803,0.008274952755370157,1.4176261437181432,-2.7615271576695903,-8.24319975140784
-1.7745759839701571,-0.37069454542146607,1.4220096102225022,-2.605719161682863,-5.9915927249835015
-1.678678681266157,-0.33360030188553613,1.4412918793767198,-2.632433697651653,-10.345080161555922
-1.5783221408512946,-0.30384762674824983,1.43023575323329,-2.679364636892207,-12.502596656535847
1.2743323700110714,-2.0646210694496947,1.3567120925087397,-0.18763091241268248,-2.370482690353766
1.650589154349201,-2.074028454428128,1.230769743456697,-0.16106571658544344,9.178681608820344
1.9713349474721118,-2.0205296314219248,1.2327008207134338,-0.05050901433224109,22.49563889149807
2.1756776045978183,-1.9074531532317123,0.8922813431181347,-0.20797540113160484,25.800809742961864
2.174055905697047,-1.7189737262068432,1.0449036011643709,-0.11845989935195744,25.307034011512723
2.0482977788309067,-1.5200698796363807,1.2179139330671196,-0.0643552848561404,24.894792209689896
1.984499445336335,-1.2476280654527658,1.3567413122929146,-0.001240483612096277,24.100047416646838
1.549929394662585,-1.1262103345061079,1.4728899444710155,-0.17834425495301143,24.329510218409144
1.5007050790944616,0.20800099474792497,1.5679658787605542,-0.4593547244789593,16.985497820262914
-0.35607269132254915,0.8239558713834423,1.6562855075813954,-1.8395603949134636,14.39798138157546
-0.30505466694839095,1.2985282451986075,1.7112518981538856,-1.7766464583536703,-1.8857048535456196
-0.3084429748163737,1.6159281414696898,1.8178801491638226,-1.7045592719995293,-24.731245364194468
-0.3111184680908645,1.7838014088811658,1.9283359884757274,-1.5946965345235944,-25.47303275985794
-0.20136999959326496,1.763104593381814,1.9327276818773738,-1.4567478160927978,-25.489699635642573
-0.23544255171001227,1.6703912771947562,1.9198301326326324,-1.456037896442158,-25.217614920999623
-0.22039282587055603,1.4759415948031245,1.9102012840740297,-1.388135251672315,-24.482059959150074
-0.2090499873199737,1.3871679698889752,1.8738151913898782,-1.3826951450973068,-24.52568836126064
-0.20924660995983796,0.16148023536454004,1.8343085317302057,-1.0432167845183233,-17.50782754081068
-0.19814771959605676,0.006823167780599604,1.733186675951054,-1.094463614338458,-17.254325492093702
-0.22948569266419838,-0.01969974113719139,1.5608067050334657,-1.2681741476121933,-17.746976196971392
-0.31200588525611245,-0.033823678773703014,1.5605831416372007,-1.337972034838562,-17.45650022460024
-0.4094340415186343,-0.078975300266377,0.7587764433005977,-1.9887074239547644,-17.395187693848523
-0.5993165316946475,-0.09833704287896788,0.6968029983817039,-2.1679167306008225,-10.588822954904547
-0.5602332736508547,-0.1356338453113871,0.7229008253886705,-2.156141334382418,-0.8758179593890827
1.4783163103696926,-0.15577359370308713,0.8011209010725631,-0.6863989727532172,3.1967710137351855
1.7103947361869767,-0.18542785260694078,0.9143735896909619,-0.44698725127137395,13.432904749211147
1.929823652300866,-0.07020412382253405,1.0049256293364484,-0.3620640069283523,13.052613164254756
2.014910698736289,0.10884174554256382,1.095644426746743,-0.36486948391677854,12.25042299254479
0.1132157296321179,0.30038644576768914,1.1859279085069065,-1.7891079777155583,5.318839986397682
0.20571799988433553,0.5499027578233383,1.2464943347046438,-1.7302377392028738,-6.130527345344547
0.39696584685487357,0.740523997368816,1.347350483867694,-1.4724619209202143,-21.910000524794846
0.5294378231868863,0.8385525364214206,1.4627908996148666,-1.2333152840970727,-23.190545800275782
0.4753278619389052,0.8249790553966304,1.5126601555526424,-1.165220083668403,-23.14654768627195
0.2338440604951648,0.790163346405506,1.5279676214082647,-1.2745239411217337,-23.04731168838921
0.14041208245508358,0.6752102207928659,1.5319908261250093,-1.2561157486798509,-22.55380234650888
0.144744314623162,0.5041208258069285,1.5183902617279874,-1.1733731082474175,-21.804397535015955
0.21784925880377007,0.23091111464944014,1.5051170690711544,-1.0269697957646784,-20.453084480045117
0.28976896137967073,0.10778249662739647,1.45536388235191,-0.9724056085083734,-20.097402701417774
0.35905292595006283,0.08450607367350915,1.3594996842695775,-0.9914126849484877,-20.393702757464578
0.4161967617196537,0.12747577156378287,1.2198864732213262,-1.0692581109374237,-21.121900278191898
0.44592583404490255,0.17813465898071745,1.068170234732431,-1.1743884694379023,-21.86462263332392
0.46351804501429417,0.2375762399915975,1.049155093228103,-1.1931956083218798,-22.46630275434336
0.46077238667849707,0.27086594081885074,1.0940712334806548,-1.177264243665715,-22.82332169780021
0.4603522857136646,0.29321810317944885,1.1882176251328311,-1.1269585997164175,-23.055481165952237
0.4190298124852981,0.2987416427686216,1.2806222968904528,-1.1071838815396835,-23.18828642604931
0.3511338368183916,0.29387127061547036,1.357630005173111,-1.1146498788444297,-23.264119370046423
0.21043259630838754,0.26380499709144967,1.4207247631581839,-1.1744966930445142,-23.173208709807287
-0.05293346977966734,0.23732422089230842,1.463489679108825,-1.3356166382763344,-23.076756063408638
-0.05380233462810777,0.1718643802823694,1.49257231236861,-1.2977043672116313,-22.75137061782731
-1.76437528358548,0.0675161184833255,1.4978078191487247,-2.5401281653303776,-21.918532039720475
-1.942248357194242,0.09991483026811976,1.4831170654434016,-2.6711873859906485,-21.88597988346678
-1.8517380821114253,-0.35273590328929894,1.4684665226738154,-2.4875527434952165,-19.034849368946347
-1.7922699574919152,-0.3420637315440528,1.4513775096330555,-2.5287075552194334,-19.102362946234145
0.6280090454781347,-2.109166835383575,1.3909200458610216,-0.35013575232223393,-6.238611761649674
1.1623579197440501,-2.2154147649613023,1.268767731610425,-0.19260853702620762,1.0928557134046777
1.5717832379448307,-2.1625187267835893,1.0131541786229883,-0.252693960073052,26.48113200939595
1.918518923549993,-2.148522114129806,0.6113863943090492,-0.40966207111719366,26.048231220733157
2.0701929966480193,-1.888353775645645,0.6967486103842366,-0.37940293683892623,25.0551059011739
2.059193471297209,-1.6645969548017379,0.9499999900402833,-0.2716848882270675,24.576329117097245
1.9642995895780553,-1.4340815653332277,1.1458734635399184,-0.2265244714612431,24.147082552159283
1.8483080760813064,-1.2083106127928818,1.2987308896470937,-0.2132307798644255,23.756347413485013
1.6322135907095532,-0.8839416089804937,1.4158558110668782,-0.3376648679601577,22.736047999200103
1.603794170869962,-0.7527308724101681,1.5116854133323727,-0.25535520147630764,22.87107522437437
-0.22466325703519402,-0.6334791154413849,1.5961102970100687,-1.5190551159502481,23.318590389393936
-0.12555157826728103,1.0235603144972127,1.6436220419679761,-1.8255934687658035,-14.460289182613728
-0.22481311110396085,1.3689762538150765,1.7778663561949697,-1.7686290494077999,-23.03166518777559
-0.27814203877106164,1.4677999651551983,1.7956117993853868,-1.682819485931689,-23.620366487438787
-0.24932659803538096,1.465769243717533,1.7743997218013208,-1.6264419212351302,-23.63436940372319
-0.23584525983707721,1.4222558988335896,1.7409442947951475,-1.6049955174624038,-23.668335609951182
-0.23395862709702633,0.33700242570333877,1.693482979894633,-1.3008775798403038,-17.390540215591425
-0.2245262795644861,0.1108059175784131,1.6241226761722516,-1.3021297099819678,-15.692628153054489
-0.21107196120252683,0.038250670683515675,1.5209046715640209,-1.3819265292621123,0.22643615768681957
-0.1614749797243349,0.04017387808133857,1.3077320666359475,-1.5736554617301788,0.5505406116645573
-0.1532125417007752,0.0925105570998154,1.1392625951406328,-1.7704637946850066,-0.09185628556811154
-0.11837331187613859,0.15137716028502535,0.9225223467950392,-1.9652918315899377,-1.0977512398905611
-0.07256917491182566,0.21864524206161284,0.8246544335265853,-2.0545060673353155,-1.3003488617087753
-0.01829877208296854,0.28164146287526404,0.8155958534855339,-2.0909313433551775,-1.6661116534261085
0.04023828451943401,0.3415478971167152,0.8447556036979494,-2.0982592740303625,-3.1769166087601093
0.08234760824690146,0.3984858877349945,0.9158425641206003,-2.096790247092697,1.5004906557213595
0.11945378296863968,0.45792768055548916,0.9776775806467375,-2.0911973887084185,15.501169871354644
0.23307369676722944,0.5732051877377028,1.0490505022937895,-2.0635568510001843,15.03452988939183
0.5012587521985303,0.734464998252582,1.154216261904309,-1.9088268649966174,12.106492348024528
0.8318362890776448,0.8769007448268401,1.26359775256521,-1.6725845182875516,-16.236171205297694
1.00272751655151,0.9743384474782133,1.401219928227865,-1.4528522538592015,-22.314266908411245
1.100528045259689,0.9865734605878117,1.443520043205444,-1.275861435470368,-22.661348819305093
1.075716961103907,0.980759863540304,1.4820198315566915,-1.1878499612401994,-23.016085130917368
0.9207331726555568,0.9507674786355,1.5226009398420248,-1.1693711764883143,-23.13070618674366
0.704843312936789,0.8911856863121892,1.5534146051268591,-1.1900534956100954,-23.087323004062096
0.43808191686973963,0.8454456803342159,1.573130402788723,-1.2692604110986319,-23.116951034386084
0.12394355839412262,0.7813080766659253,1.5863475806957537,-1.3999758413298558,-22.99537973977356
-0.028718053818851952,0.6954516284842602,1.599896942374004,-1.4280317196103516,-22.57618250259921
-0.0650570627538358,0.5767274946757963,1.5991004694411597,-1.4004738596324307,-22.278885344138267
-0.0153120085202752,0.43103174633174024,1.604087983709534,-1.3247842352016563,-21.522654411846467
0.08785527890208408,0.20502366150828544,1.606739923022114,-1.2072910005398185,-20.433175594506203
0.1993472775976465,0.002829227698549097,1.5726260785907618,-1.1297187582789292,-19.535439387090143
0.28864896441557086,-0.06602424103742588,1.5204553615803929,-1.1225429712863293,-19.609640651369595
0.3647573347051215,-0.09142596925206892,1.4364474495808142,-1.1673825770533497,-19.656752032930413
0.4218277107160828,-0.056157032075240254,1.3060981898771022,-1.2484275669809997,-20.3854634730031
0.44361101470017605,-0.003580954345748566,1.1545796837974345,-1.364536936398237,-20.899886834424453
0.44955917819441743,0.03297250197322554,1.0809225234664124,-1.4234601618719185,-21.479394586363924
0.4470216603770559,0.07577449155911409,1.0801950827686326,-1.4381922876784587,-21.702394600767697
0.446551526184531,0.10567829764077519,1.1168798039960062,-1.425137611864339,-22.099883886935327
0.4090562446385907,0.124171200764705,1.1935320844460329,-1.4116034066156444,-22.085450038874953
0.3564833494952998,0.13243764091800891,1.269132101371322,-1.4092246181466994,-22.308764742130393
0.2647523458068298,0.11681801219907806,1.3367306217040114,-1.4338276229118572,-22.2364807896543
0.10910955516091243,0.10244281299877289,1.3736064814431503,-1.5254960742099353,-22.187088175215198
-0.1575081468127614,0.08559485763262298,1.4098192290573621,-1.69482807584378,-22.074306303064517
-0.5615342576988075,0.03600397667575472,1.4358230775535274,-1.9590138250251359,-21.705905601912
-1.562107892321511,-0.03767603719675572,1.439166855240452,-2.6524832823773288,-21.051611308415605
-1.9317962256413217,-0.13445342244102332,1.4411655285593028,-2.856707208546141,-20.070027456826537
-1.8476656541874468,-0.29644487916367634,1.4548098576624027,-2.69391602584819,-18.948830722190483
-1.73375982786168,-0.6373142444686907,1.452605964454518,-2.5082757190192684,-15.631570422506663
-1.6382282940206094,-0.6368401158330385,1.4204249193200895,-2.538694502726986,-2.482352593984997
-1.4864304451986587,-2.210154901522549,1.3396058320698219,-2.117103351129809,11.201814672235688
1.6315746113105631,-2.1761853755303493,1.2950663522883028,-0.019489866864381478,12.928867235215895
1.885617619087051,-2.1327967415910054,1.3151117875189597,-0.007061151765844098,12.409257420733134
2.0292821145867554,-2.0095467225661654,1.281326141465081,-0.03560047942751865,12.449972410640592
2.077522872832949,-1.8647613052864642,1.1692476857307441,-0.08743066877143146,9.576843234797419
2.029846447604223,-1.6968665218836185,1.0621035657176792,-0.140670965552246,11.38109009763724
1.9620741544445535,-1.5239577082811084,0.9298533304793983,-0.19627822845757903,13.684687140850002
1.8905627066274084,-1.3189335782219094,0.8433174575323311,-0.23778776748716246,20.394922762367777
1.831192012587373,-1.0959385570004758,0.8962405217540124,-0.2034415076961662,22.92375155203291
1.7648451769449895,-0.866494675919325,1.0882027463658868,-0.11178897488839534,22.484842157452086
1.6154171230747358,-0.6275130213703153,1.256072131932549,-0.12353408849393865,7.807162181093429
1.308021060050683,-0.26921813996479327,1.4225789342322503,-0.2739805191971243,-5.68996782345579
-0.35274227865976365,0.20569638302241033,1.5134451476956576,-1.4882357393037238,-8.618034690868791
-0.2937052384227011,0.1510430316735139,1.4728435928423904,-1.3324447744462242,-3.625571431411905
-0.24799627944628294,0.1599084265855062,1.4259965451215706,-1.2769892049152536,-1.9833496232405787
-0.17259598617161012,0.21446695626330325,1.4178648512630097,-1.2495850594382971,0.6768949429032114
-0.05890175639378921,0.2863612026155828,1.3941416720970183,-1.2425782423247815,0.6995915391385664
0.061392431352913085,0.3725286528283289,1.3689967248775605,-1.2370929745412274,0.11533722352330153
0.18724545418010222,0.465301464600016,1.3265874209864386,-1.2569739683087335,-0.5789452694796755
0.29707252087358604,0.542711785688499,1.272159156035793,-1.2855460701554933,-1.2063809802947267
0.4047405225869985,0.6187201562340422,1.1973731243218944,-1.2360943008396648,-1.8608091605604644
0.4914095124800386,0.6972135234850565,1.1005264059403315,-1.2923663598078303,-2.5822244299512764
0.5739769637138259,0.7733248455398695,1.0641226986084926,-1.2781028004832131,-3.2045749620810766
0.6480720849538366,0.8470519114558619,1.0697406868545731,-1.2474246714002923,-3.7813983206992896
0.713395630306555,0.9189857146966058,1.1290444931111185,-1.179637948620065,-4.2888572640155935
0.794222455366217,0.9968441949166857,1.1882906528226078,-1.1164858578550225,-12.303358336437828
0.8315244939710007,1.0580983264977724,1.2882702520497222,-1.0001665069687933,-21.70563733409327
0.8387032364841507,1.0779758104755524,1.4056673561663635,-0.8712967064980506,-21.158924658706262
0.7830534777564191,1.0666027971526617,1.4853246944198581,-0.8230020423194628,-23.7533389606168
0.6369144428301385,1.0343263205017474,1.540348732691037,-0.8363311589977664,-22.82713346224696
0.36635638047945585,0.9631331470525689,1.5726958750427629,-0.9423434684991348,-20.642539583684353
0.03023830686400797,0.8940460706770117,1.5945304136770149,-1.1168842110234767,-20.48027322300136
-0.05917618550202164,0.7602541749883347,1.5914679637802724,-1.1187295490467468,-20.086111398136026
-0.02000616514672557,0.5418198543823605,1.5916747702605818,-1.0183498079649431,-19.040053687912717
0.08651984554191766,0.19491886195904912,1.5744554175341088,-0.8669358937701264,-17.220410755408288
0.19240777158960462,0.07394721202543081,1.5083876900112099,-0.8384092687776867,-16.86085666536349
0.289756205480886,0.08208243426096928,1.3776108424314741,-0.902541768646095,-17.191852723667957
0.3488375224097213,0.12926990736037125,1.1451307078252988,-1.0680578844865054,-17.836489337241623
0.36334941671376014,0.18962290019693107,1.0345492968827008,-1.1691349313663326,-14.18450380763534
0.387845582369717,0.24388157809572886,1.0333315346773253,-1.1855157776497416,-13.423012487281468
0.367054372447877,0.29076911981091835,1.1337124010615343,-1.1685737471825075,-15.128039376018197
0.30225410605501907,0.30495354153422116,1.2354108012471878,-1.1702376124024372,-20.21015802550683
0.11176086832615753,0.29223633440784447,1.3130807539731568,-1.2611419496789336,-18.78035115783184
-0.21514711234983838,0.27191193720019957,1.359397896042383,-1.4662272820674582,-17.88479580610063
-0.20481100234555139,0.19125982397268582,1.3846673812315073,-1.4212946455104443,-14.404065081379645
-1.902848258344959,0.06813277916066063,1.3868002478464105,-2.642522509620235,-5.793092462371175
-1.8688742777723306,-0.10259413248700655,1.3684706339587587,-2.5861811516306723,1.4545712971514013
-1.7098436630662097,-0.18873523084332766,1.3903387801900244,-2.487929485772786,4.640868342981307
-1.5984831215172823,-0.13656786441227986,1.492177650757876,-2.4573212305327665,3.9938076618717835
-1.4723402351456665,-0.056229860967522804,1.5772056942791661,-2.444125149717897,-0.6333425718188312
-1.3699631276305848,0.018482829853137484,1.6715136895458444,-2.419879724431724,0.27104200473588214
-1.2740945304024913,0.05193026360595232,1.7161268920544508,-2.401107331521336,-0.7573055960987218
-0.7682527873026013,0.08512963978718668,1.7746828098085197,-2.0328255388005427,5.470334805969549
-0.6032618515248368,0.10462664948902223,1.803830904413228,-1.9422898603730503,-0.7785184898230628
-0.5117640208016454,0.13042965136884627,1.8727388015255446,-1.846069409693534,-3.735621720586713
-0.44331211742995835,0.13670393895291444,1.8950316106024012,-1.7489746360639757,-12.93531452492676
-0.4308707265929449,0.13720141959339988,1.899411616453695,-1.6728590647957977,-13.8417835537325
-0.4457412155649324,-0.7871523867281478,1.8331816751514545,-1.364542200983574,-7.938658607607866
-0.5037604091100931,-0.8734106756171736,1.7014043088572133,-1.4167528301481258,-4.800228943761941
1.2010244982164937,-0.7946959192022741,1.4974612527427353,-0.2870264007169767,4.761176326265445
1.404992506489774,-0.7530181689721368,1.4888439379291283,-0.15580971813453903,11.977461993955359
1.5475805674872012,-0.6386091208388783,1.4843772007677605,-0.09552159000574756,8.496321356140633
1.5759282154577092,-0.5122274196964155,1.4743166038948687,-0.0855807598248628,8.388995283775271
1.5469457617234132,-0.3663509546792578,0.9732344266688309,-0.45160115168118176,3.8305542624393647
1.4932491772335001,-0.1936018041949271,0.9250007017104516,-0.4930416650651248,1.436322855785555
1.4306762439503111,-0.04229177650212346,0.8699699276699109,-0.5391270534107384,1.0390084186192845
1.3823637655385814,0.12638344102724527,0.8511430442466559,-0.5761788413541917,0.2859182755641856
-0.11644200437067989,0.2779802591441587,0.8410610628244239,-1.682419352014902,-0.13945458460803506
0.02614704057335876,0.464312420890426,0.8688734596341443,-1.5554531716594824,-0.8029390304171731
0.161307912331586,0.6181888154396507,0.9266252568906836,-1.4477303975347797,-2.982786701743654
0.33843109617896583,0.7479206473939634,1.0217827618708477,-1.3195076061996365,-10.250456631527477
0.5128920788075023,0.85111489451115,1.1083728624052127,-1.1973547170310126,-9.826499267107394
0.6783669311943801,0.9362344359071345,1.1647850431967288,-1.0983615291232742,-10.169127080217018
0.8087106359683416,1.0030894244110171,1.2521970042970314,-0.9934957099664917,-12.322317789134818
0.9128279859125805,1.0590525007389353,1.3528155234497703,-0.874434991917501,-12.831541931745047
1.0060420823788634,1.1218719529838883,1.4609327618318728,-0.7448639258094509,-24.40189132965947
1.0245580277864201,1.1387618940092494,1.5825486678881167,-0.6139433810129287,-24.771697032107284
0.9774454786781952,1.115024521631651,1.646381979535697,-0.5416928520106961,-25.006579963212616
0.8707736646895888,1.0893811091507557,1.6874310770255296,-0.5341777792709568,-25.20193432750562
0.7924739903093377,1.0449741305919031,1.714368078587179,-0.5056227955482526,-25.309572322742092
0.7198583719878309,0.9786157115409747,1.7447476691270611,-0.4543443523914328,-25.26398192764574
0.035521620859518266,0.9118202099687879,1.7638717339402565,-0.9040268603364046,-24.8015693261382
-0.02878066682605701,0.7859385816220332,1.7462100146853978,-0.8911880125081593,-23.524853560589086
-0.006226988398836675,0.5433792885312319,1.7394515830457407,-0.796887973323156,-22.299523704549678
0.08533305932443525,0.15741278874343856,1.70741190662851,-0.6579997939274376,-20.20385688244467
0.1859552901789392,0.05403088159954128,1.6325408906468704,-0.6506284586130515,-19.926921379472297
0.27289912595289273,0.04200683897127211,1.4853246688716686,-0.7351713275368958,-20.11359834149994
0.33246387037762115,0.08865229412602249,1.238426467644287,-0.9177344322425514,-20.885266787777514
0.35320676550515134,0.14728362950803242,1.1613807012252115,-0.9964921490350025,-19.380220873392695
0.35501140871407016,0.18025957096539302,1.1591629492219313,-1.0265761740932748,-17.59325550922716
0.2993541419991786,0.20917668721021143,1.2509308793212115,-1.0373357910357202,-5.05359501842665
0.2501533957939326,0.24916962200580273,1.3192501792303517,-1.0899774797288542,-4.230145041079106
0.15901089423153603,0.3277530802312931,1.4113436644568373,-1.1769593552223419,-4.436255727584251
0.12369231293428544,0.40482633131752555,1.4957881213165733,-1.2101963914407594,-4.648051423415956
0.07514185819650569,0.4917547055176851,1.5729986016548894,-1.257490626934128,-15.171918325236486
0.07416554621220835,0.5634291291909403,1.6522041831634835,-1.2344474791327351,-24.010912844469175
0.039193464701103256,0.5632056444699216,1.7067229295393307,-1.1821408002267166,-23.957914177511178
-1.7518688348296958,0.4662126581336635,1.687478543228805,-2.468880489329656,-21.47852267300097
-1.8327595316098262,0.32073475323728196,1.6544759835036984,-2.449492825269536,-19.136121976472683
-1.8112366647917568,0.3290171207800592,1.620923455244224,-2.439659660552234,-4.004414668335103
0.08436420223948635,0.3588572978322806,1.5729809196794973,-1.1540527916291037,-4.242159902063126
0.1842531426813364,-1.9941666712480253,1.5776539838641772,-0.49144627381072636,10.061756376189372
1.1221047834920679,-1.9531798993231042,1.5273197808133994,0.001029367033192452,9.465476595619664
1.3804592366229418,-1.8675780294992865,1.4337509002749997,-0.009421895322461626,8.759896613898833
1.5378389368298793,-1.7575360810871201,1.2607464414955012,0.23314190469136764,7.966645116427469
1.6211591664643552,-1.649871032978826,0.9890448318053955,0.3044892123520768,7.168525428198038
1.666271835599341,-1.524363845448529,0.5656744741019706,-0.006316483443149057,-2.1376184684732538
1.6248537399124816,0.20179610959590982,0.5382475679099892,-0.48359584620913165,-22.182564837756814
1.5088391745052827,0.715739214061919,-0.4325853732442515,-1.3001275093242857,-24.607633050162768
1.450354356478444,1.1365777667260801,-0.41327844141835474,-1.4101784971665117,7.489452629016771
1.6319204102784524,1.430512144215587,-0.49567249069164204,-1.3889442208621525,6.012191359570336
1.773198153004212,1.5612749887562452,1.7173153177729925,-1.0267524924656395,-9.753951522019733
1.763940670933347,1.574374850403084,1.8254425208848448,-0.9970991016623363,-9.71222065397098
1.8278065967219648,1.574052463836182,1.8441956846361072,-0.9862180931619675,-9.701285451903257
1.900160868389244,1.5723619880064865,1.8456865686925559,-0.9854859168553856,-9.701467307994092
1.946773834323317,1.5610201957961782,1.8458368135081675,-0.9832893879356397,-9.702012876266595
1.9693613425441054,1.5467828057781166,1.8455580548238595,-0.9832893879356397,-9.702012876266595
1.9761755141250743,1.5318626595695963,1.8458135143784815,-0.9818351958409166,-9.701010260486767
1.9723075600576139,1.5173784135814947,1.8449800713159963,-0.9811030195343342,-9.7011921165776
1.962671104146718,1.5040718343316812,1.843285066230575,-0.9810928699261487,-9.702558441829238
1.9500724658596276,1.4921339594184069,1.8418586263290253,-0.9818148751068367,-9.703742875690708
1.938054212423941,1.481543779373618,1.8407879686846988,-0.9825368802875247,-9.704927309552177
1.929093151976125,1.4721253286869993,1.8410892982036189,-0.9818047039809428,-9.705109165643012
1.9218204953146647,1.4636218254899627,1.841732639240005,-0.9818047039809428,-9.705109165643012
1.9172183088204233,1.4559052865171718,1.8435838936959306,-0.9810826988002548,-9.703924731781543
1.9148798760735344,1.4487829488540478,1.844533109816693,-0.9810826988002548,-9.703924731781543
1.914213911990887,1.4422220892992703,1.8464988337159782,-0.9803606936195668,-9.702740297920073
1.914643441209587,1.4361128641638288,1.8474099758951907,-0.9803606936195668,-9.702740297920073
1.9156484348643734,1.430480077419118,1.8482270070944915,-0.9803606936195668,-9.702740297920073
1.9168382418108367,1.425280701036284,1.8489133546277423,-0.9803606936195668,-9.702740297920073
1.9179588377150245,1.4205158040288453,1.849486643053183,-0.9803606936195668,-9.702740297920073
1.918875853289698,1.416167959677166,1.8499471140642265,-0.9803606936195668,-9.702740297920073
1.919536994241053,1.412220677693445,1.850308956403524,-0.9803606936195668,-9.702740297920073
1.9199482377509742,1.4086536520678408,1.8505871354713237,-0.9803606936195668,-9.702740297920073
1.9201492013997585,1.4054425155343249,1.8507979604107616,-0.9803606936195668,-9.702740297920073
1.9201943230060399,1.4025599485526576,1.8509561856902543,-0.9803606936195668,-9.702740297920073
1.9201391529695668,1.399977021634308,1.851074402120506,-0.9803606936195668,-9.702740297920073
1.920031971683864,1.3976645440429445,1.851162571003292,-0.9803606936195668,-9.702740297920073
1.9199097371564313,1.3955942521047393,1.8492281909932553,-0.9818047039809428,-9.705109165643012
1.9197743943528756,1.393794738893681,1.8512587490790446,-0.9803606936195668,-9.702740297920073
1.919698752949832,1.3920982198675698,1.8503150299210016,-0.9810826988002548,-9.703924731781543
1.9196684964902002,1.390638849333075,1.849367020876313,-0.9818047039809428,-9.705109165643012
1.919655874789172,1.3893135465128879,1.8503653864257863,-0.9810826988002548,-9.703924731781543
1.9196811428412772,1.3880927859561787,1.8514011256255554,-0.9803606936195668,-9.702740297920073
1.9197522469098527,1.38697722187672,1.8494378834298386,-0.9818047039809428,-9.705109165643012
1.9197987667109806,1.3860248205218744,1.851416991920816,-0.9803606936195668,-9.702740297920073
1.9198493262043095,1.3850822040467583,1.8494122334428327,-0.9818047039809428,-9.705109165643012
1.9198753010636205,1.3843337007050978,1.8504015732679535,-0.9810826988002548,-9.703924731781543
1.919903360988062,1.3835817814671643,1.8513711184122874,-0.9803606936195668,-9.702740297920073
1.9199460416699599,1.3829125530154946,1.8503820197448138,-0.9810826988002548,-9.703924731781543
1.919970941991956,1.3813341265232921,1.851341195426564,-0.9800544800058351,-9.696516402476146
1.9210136980931776,1.38076593816067,1.8513003128539929,-0.9793223036992531,-9.69669825856698
1.9200393809928626,1.3802686098741574,1.850293727808399,-0.980776485186523,-9.697700836337615
1.9200167776516333,1.3808789839366065,1.8492166905744751,-0.9818047039809428,-9.705109165643012
1.9199248652227947,1.3805486177555943,1.8501510464537978,-0.9810826988002548,-9.703924731781543
1.9198786119906297,1.3792194725863394,1.8501299297961153,-0.980776485186523,-9.697700836337615
1.920925866583429,1.378930776106401,1.8511188348181888,-0.9793223036992531,-9.69669825856698
1.9200007941510264,1.3786048733461564,1.850122909098039,-0.980776485186523,-9.697700836337615
1.920037658187744,1.3783899276582467,1.8510732649097306,-0.9800544800058351,-9.696516402476146
1.9200498551025187,1.3831393370191964,1.8510212330272577,-0.9815855435115641,-9.727635786952698
1.9198890895257807,1.408982476954292,2.0270295106624596,-0.8624725213110933,-9.680993637504724
1.9259620064852305,1.4040519026289706,2.0286398715351517,-0.8588116506884385,-9.681902915249035
1.9272592164109559,1.4015613779527256,2.029094349484073,-0.8573574584423143,-9.680900319828732
1.9243173403942997,1.4216323570187743,2.0265297084685177,-0.8636783442112779,-9.82286523167021
1.915568666621797,1.4205294628056886,2.0247475103728405,-0.8644206916437538,-9.82131708562707
1.9060970481334336,1.4220117838377986,2.022746645484099,-0.8657754423531192,-9.83221666916044
1.8622266066161541,1.4222223628975375,2.019514030483037,-0.8935879270849201,-9.826672458860003
1.815522290164096,1.4237124575415119,2.017248819163845,-0.9236071011035065,-9.819216372685089
1.7034884349250798,1.4249528217250584,2.015565791258467,-1.0023757649468048,-9.793352060078943
1.5674837994658206,1.427813284538483,2.014279085939464,-1.0998747686982029,-9.756535648168294
1.5681809007420735,1.432631628569587,2.013967783877974,-1.0992623414707394,-9.74408785728044
1.5825455338131058,1.4380031270703575,2.0176031508372727,-1.0929789792354883,-9.751948454832018
1.593201185535034,1.438915710813541,2.0231741934983845,-1.0923665542894896,-9.739500710315705
1.6067831827013415,1.4366959573950655,2.027649044150836,-1.0914479134482946,-9.720829023983923
1.620033074942026,-0.647771335397131,1.0883711665352753,-1.134159679766465,2.132807076093059
1.4289018177916848,-0.6344140861996013,1.063782442458658,-1.3288369016117756,2.170250237884289
1.4723809130957533,-0.5966636676905637,1.084801571253464,-1.3295690670081026,2.1704320912652624
1.506029685538528,-0.5687381703688444,1.106242962999931,-1.3249206418738328,2.1823959095188297
1.5494572772739048,-0.5308738429070845,1.1190493570386093,-1.3276787616182075,2.163663099393822
1.5881179838870896,-0.49738448288929377,1.1309699943581013,-1.3288369016117756,2.170250237884289
1.6214772611746189,-0.46431371142888184,1.1398654640258943,-1.3295690670081026,2.1704320912652624
1.646687809081977,-0.4327276893627321,1.1500632256417551,-1.3266810462853504,2.1751698267111412
1.6615292177523948,-0.4029465608068592,1.1584384426109262,-1.3245251485291125,2.1800895675747762
1.6692134481219045,-0.37480675022950727,1.1564531160561347,-1.3281352174679693,2.174167327668759
1.6704947562290708,-0.3480731609871284,1.155478307322539,-0.9319126518541656,2.170613955485681
1.6706850701307783,-0.33876956651837936,1.1699683878361185,-0.18381324250632547,2.178905063114638
1.6720530701202536,-0.32659422106522484,1.1753865208345038,-0.29445755105478955,2.0111617271526847
1.6563471978683273,-0.2606524974122393,1.156360901428341,-0.49681610169649004,1.615322097955689
1.6081792862106061,-0.16227559327907398,1.0998982144140284,-0.5406651850823823,1.0327880606553297
1.5670765495820336,-0.05439780419198484,1.0508331478571336,-0.7503053340424495,0.4345637200966108
1.5023955484504097,0.0721810241527514,0.9958914213643153,-1.1867973344011236,-0.22056726893893294
1.4478991777564458,0.21485078502530092,0.9512800521218174,-1.2557878636416482,-0.8959765556628084
0.0707132609278133,0.3237070970208704,0.8979442635608064,-2.3027142799123403,-1.1996189431204405
0.1377873305228103,0.4540168616458587,0.867893486481567,-1.7405391860122683,-2.552520141072449
0.2142661668690485,0.5143726453980453,0.8828224595444383,-1.6266258445512036,-1.9789768736347346
0.3310093586733127,0.5624170110039292,0.9188888294878232,-1.5679961740941417,-2.214861370306021
0.45880090467410756,0.6134998851559599,0.9369205018295417,-1.4004189556301208,-3.95335259173868
0.573084975543454,0.6624201484369387,0.9726932352135476,-1.3326250247075726,-12.701908969002197
0.6457269332967893,0.7087748142072595,1.0108475189576547,-1.3200504416309506,-15.569063047228223
0.6806173328073182,0.7372486695097762,1.028853229978882,-1.2930857251750694,-16.17265199136197
0.6737858178211399,0.7639619601444894,1.0969292000933273,-1.463142590938478,-11.790278855503692
0.6422240093947116,0.804530803984958,1.1940655434284064,-1.6466129876224445,-4.999369199369792
0.634095254026056,0.8515939874703228,1.286167586158887,-1.058983214598772,-18.510163384480258
0.5568431321783391,0.8711836306066235,1.423086087767729,-0.9347664672847465,-20.021336688602457
0.5157143667218008,0.8527448658160106,1.5042994180715858,-0.8633714265664184,-19.15818980722162
0.4013236504080218,0.8186149177861378,1.5391898501514873,-0.8954512779532152,-18.03617628927982
0.24850502811923497,0.7674108571885379,1.570627827939246,-1.2077548130725821,-15.725537644761046
0.20714157597062238,0.7128488195924003,1.5922770036738156,-1.2235946433243892,-13.15262076454314
0.24358481741242893,0.613918038531121,1.5884600955323345,-1.1558869101509655,-22.80950478037353
0.2871706152716438,0.43113950704067566,1.618308797859552,-0.9851649520324599,-21.876558591516904
0.3713535008426732,0.24293933004413637,1.6056482822163263,-0.7885633937069989,-21.03958348092019
0.46429788967173014,0.19478070487639976,1.5194556072854835,-0.701618422334565,-21.14126660689066
0.5309952556101547,0.20576306074856243,1.375603502202951,-0.7676549026888804,-21.68969935903595
0.56490726918686,0.2657668871983635,1.2251069151755432,-0.6655328234303456,-22.504308165568926
0.5749070696805192,0.3032932937072127,1.1815780585164248,-0.7893695367289412,-23.06112108228809
0.5526636976935574,0.3429429759464321,1.2299603430368888,-0.7317171566842541,-23.445306943280457
0.5310611587099634,0.37450786609602194,1.3227230804683723,-0.6917556164366552,-23.747260193545962
0.4733281807329772,0.3954342911120633,1.4188961521611425,-0.6782480922143157,-23.95580716207445
0.36420815778565074,0.3900598734770473,1.4904238184335852,-0.8303981311391004,-22.22987621447392
0.11913449910282264,0.369870072550998,1.5310396954794911,-1.1838555381049605,-16.785795185426473
0.13956767710447807,0.353525620464763,1.5616761385653897,-1.095485099049529,-20.048552565169167
-1.9614973371817574,0.259957096052011,1.5850923881528405,-2.6073043079570826,-19.70133775266617
-2.0519747801560673,0.1488349752283077,1.572303422807788,-2.4659137213232936,-21.783044209835737
-1.9720918429157628,0.16319866297667251,1.5676749323863188,-2.4121245115300236,-21.823660034194305
-1.9060535058856203,0.1787142599792937,1.5660892558629862,-2.480527430629704,-18.612297473373022
0.4355358738977424,-2.1355786031271213,1.4938887490226518,-0.30914034923881206,6.7223153843199555
1.052595647892463,-2.197644712280348,1.3572763709112676,-0.2031340512003088,16.44141043706414
1.517219121740419,-2.0923645669329676,1.2578278683347073,-0.18996785875759503,24.75145720259099
1.7462086686533187,-1.95454535012305,1.2785098703984796,-0.15428853134647613,26.30016472028222
1.773595643528716,-1.760959600782106,1.4288215823993116,-0.12547464246248619,16.99344035782157
1.5812011470455618,-1.4708001465898621,1.5718115640018582,-0.20108157466805165,6.258470875768467
1.2640024734593398,-1.3816122796767407,1.6472701780244812,-0.34378637121598477,-4.592719917652213
1.1224253752117481,-1.0918600850387605,1.610994439907236,-0.3294467723511698,-1.3049996026915185
1.0180039868938544,-1.0385315955537813,1.4910024231335899,-0.37084333520369905,-1.0127548964498052
1.0083074543686328,-0.9285884723813685,1.3812671739520876,-0.3820395205081102,-1.099055012355147
1.0566087503124295,-0.8106232237930963,1.2385406522545837,-0.39534924110224723,4.56441991097117
1.1361499710839087,-0.6965691428942766,1.0875862537324528,-0.42889213533656445,2.4766353793129494
1.202089892658465,-0.58383053041879,0.9056927052560497,-0.5674533791592553,2.5772689215039573
1.2845893058905096,-0.4794947971598297,0.9016178978566308,-0.8025934893927351,6.360989729597764
1.3884570077608955,-0.3630642009454478,0.35426846061924017,-1.1257923933077787,8.411721047724466
1.4844165282204385,-0.2532600928287229,0.20826682972814092,-1.2113219847611603,14.153617974830219
1.6009419974618315,-0.11750205326093549,0.2624445103216815,-1.1738447615288703,15.502528664337468
1.6919474121876712,0.01875866395323854,0.38151482103288625,-1.1328271814106576,14.090567559431717
1.7739397198410454,0.11751709489669454,0.5036740533984729,-0.8509484326797239,5.12407999965073
1.8104350126397002,0.18984252090420897,0.6281375392862153,-0.42409093504318296,0.16684878927107558
1.8111184056012057,0.23267071991002355,0.714697350405052,-0.36164514880570664,-0.10022599731144277
1.8119721108239424,0.31060636039715783,0.74488245444626,-0.3520550430737963,-0.5781756887829115
1.7421600739060559,0.42247208301609274,0.7291403752119561,-0.42189509941059855,-1.1775955444940573
0.1421348364963002,0.5511050177350121,0.7726978797695923,-1.5520911019119448,-1.8527890314647777
0.2503895863880605,0.7237973059990948,0.821492707558238,-1.3887287072633134,-12.920526065996848
0.3058437476762467,0.8631085192985267,0.9051440664952582,-1.3161235592264018,-21.49929955079823
0.36952225765345265,0.9463742363857413,0.9755831029626016,-1.2732819246938283,-22.152523535905534
0.34784252432330104,0.9706864590084375,1.0929232316920003,-1.1912532385279042,-20.55287570003453
0.23778935860419217,0.9381513624552145,1.214240372025589,-1.348110539655397,-14.485416273266429
0.023841110008307076,0.8797837170364393,1.2706013914219068,-1.5867589630139518,-12.420322857331056
-0.0572098323674199,0.7909416778488134,1.33043230467715,-1.6428344603279155,-15.323282221331407
0.0035231534604677206,0.6644749976371422,1.3737159463394353,-1.5152391438758714,-19.710563047333192
0.11372444424915529,0.47781419899758953,1.4002486826658016,-1.282968235554406,-17.434462503212387
0.25256191920080184,0.2619637730897723,1.4032703062367193,-1.164926095950294,-16.370701233048845
0.3655760307522404,0.14077580481188234,1.3687364881754094,-1.0545616758491536,-15.306709442000257
0.43809037052441546,0.08065794013892097,1.326436716798465,-0.9819024365923554,-14.61901264629328
0.48860041066212073,0.06005299263376501,1.2591367392671522,-1.006515974660183,-14.596051304121684
0.5162677260027441,0.10404556957278555,1.147208556428684,-1.0163443076039875,-15.10508021847148
0.5351002894350638,0.16910348874771286,0.9984952542573214,-1.2358890828475397,-16.487473536084057
0.5320557198928095,0.2409532695270844,0.9381352205064388,-1.1824372473961495,-17.123080588765582
0.5147406088768581,0.3015285105996832,0.9673551695335623,-1.2588393721560767,-16.271318802510063
0.5028134198086716,0.3578809238894717,1.0870636368848323,-1.2082747713515638,-16.420284273354852
0.46497313538102303,0.38854076343075694,1.213120747071728,-1.157911174814137,-16.12655425982647
0.3642839302517463,0.4018515968344498,1.3123941089633369,-1.1910548500431621,-14.85561736255038
0.19737148227653523,0.3893693361485121,1.3814288490779756,-1.2398934978065896,-15.792683647833716
-0.14783079097802518,0.354755509246206,1.438848071248063,-1.2361976715769885,-15.37313352241338
-0.13997519985294188,0.27545446531045026,1.4630944820648657,-1.264401554805933,-14.184661557992783
-1.7224474792293545,0.1145483938994124,1.4634512070512378,-2.386527883731477,-12.935760503604065
-1.6379662474550483,-0.1462095660648275,1.4445033960730167,-2.2416005684593365,-7.217093848588744
-1.5972231434134165,-0.12644217152913817,1.3722834943938302,-2.4292925425738074,0.6051656573079194
-1.5021319779434759,-1.545645308345932,1.353850650238208,-2.1470508852091603,18.76642854192219
1.2212443319546713,-1.5159398140355713,1.37684427952975,-0.08643216033004619,14.872240347236831
1.3815929306964339,-1.2818795058464043,1.543350490757061,-0.11907461765136684,7.198217482682231
1.334979159298122,-1.2686466327722286,1.649137965514261,-0.18389956295517584,6.396511527769819
1.362674392991699,-1.2595088415394855,1.656193380623654,-0.14418876159233518,-7.52589831283622
1.249466011106507,-1.2374971214589228,1.6562032805041305,-0.11468034066544708,-9.733713734240755
1.1020319447684988,-1.0434721113080152,1.506191394937717,-0.08728622727329949,-7.57876376815991
1.0958236201728984,-0.9682580163297415,1.2600138196728738,-0.19627671663888369,-4.466985000658473
1.2303707246830973,-0.872129647399893,1.2141592999437796,-0.1766873663409454,6.08449574678326
1.3696701399866738,-0.7700507023058789,0.21387525197562218,-0.6287438225101818,14.160049219554956
1.4705918304071728,-0.5924165333272943,0.08610905034505575,-0.6589593723419136,13.384815773847215
1.5085407677185079,-0.3782136708934664,0.21008419873996192,-0.7805705851983509,9.808905583746151
1.5330401266309486,-0.16456126715210484,0.3618630084235359,-0.8125244174625961,8.34943552641141
1.5877165170046879,0.024273124371329974,0.5007781211086761,-0.3954023898577186,-0.32966691183950153
1.6185076381820984,0.16754242881223358,0.6429307642995323,-0.3494450831067799,-0.14460667688347828
1.6581666774588228,0.30564561796154815,0.7171651963008505,-0.4258390841233628,-1.5787992432095057
0.14424198249010883,0.43972142587155444,0.7864755022339589,-1.5230816255520634,-1.9666040049418119
0.2996827003609785,0.6025000033878898,0.8380507113593401,-1.3679321447865749,-2.627674815500438
0.4456875977795681,0.7357083760042638,0.9104828511836985,-1.3208563028756997,-7.930267287891627
0.5806187465982781,0.8610721935989767,1.0138972725591509,-1.0013474996792264,-18.09412991903526
0.6785094466310668,0.9439174743922515,1.0926230638119652,-0.9135379366892936,-22.659925661791974
0.7367012401895646,0.9741969638106825,1.1492749071748072,-0.8448513998943366,-23.153655296319968
0.7080228485514369,0.9792461573125135,1.2457011535281908,-0.781867198303388,-22.591940851986468
0.6459793832109266,0.9651586122712602,1.3552910342586906,-0.8567387739909582,-21.772052088159377
0.5200046898391267,0.9288026267277818,1.4327791209361496,-0.9903572175444706,-17.247222150160592
0.2973893602921547,0.8745589976527218,1.4682255115943543,-1.2286021952503294,-12.116131613837116
0.06389850506534911,0.8371382414376054,1.5058395778900338,-1.0352206802675814,-8.283069189835924
0.08338523904984468,0.7524181565003198,1.5461232308979307,-1.0038697609438136,-18.17689151204644
0.12562020686263584,0.6619217136500053,1.5931731206454562,-0.9423494565905923,-22.860065125888816
0.2153908387441985,0.41132442468101654,1.5987102717850346,-0.80747356574125,-16.883022322600354
0.3332973324239778,0.184801960935423,1.5494294569441691,-0.8472020239913038,-18.188426974368408
0.4088823327832283,0.1420276658170614,1.4756597918836691,-0.736132840850851,-20.613361394233447
0.45686053647910563,0.14634781525155405,1.315303727259157,-0.7859242763366652,-20.5378570602507
0.478728863069164,0.21374257430795018,1.116600844259423,-0.926704595052701,-21.126284331685362
0.4671442553935914,0.28188414080462854,1.069614814374912,-0.9746418171824823,-21.03918618186914
0.4418251087531434,0.3187259093659679,1.135930553441021,-0.943303037110181,-20.168037383414863
0.38083390192197164,0.3438000391552656,1.2475517900408772,-0.930452980716927,-14.249548031339836
0.27559531619639954,0.33302840640977627,1.3348142484596934,-1.1580553055155693,-9.551254812545281
0.027290228617933177,0.35863365512190626,1.4011099094720223,-0.9663126441139696,-18.16533160003843
-0.4130647717033493,0.33101772021784337,1.476851652007432,-1.2489722965841517,-17.924447559493476
-1.7652384559636913,0.2308857942062954,1.497899931475438,-2.331270493748939,-13.773850077093465
-1.9424272156313234,0.062560369703892,1.4647369562390977,-2.4431102908060893,-7.3755153751643
-1.7945442229613102,0.10032524157699141,1.4545156940972896,-2.488551283451406,-4.441203032171922
0.22445640073548093,0.1490732143732425,1.4548559340346716,-1.1581826094997536,-2.1372571318881772
0.35212867610508336,-1.8395849406240548,1.4698174190971296,-0.5733067448754554,18.560182096224203
1.2743396369462305,-1.7766611397424634,1.4817112125331608,-0.0809603554634013,21.95880606441555
1.4371772548343988,-1.554066596705951,1.5624701697811396,-0.10487740007224167,11.287166752684408
1.355307788569565,-1.5167337705516308,1.6486198274672796,-0.14330335687093898,7.63157494212411
1.1171132536462127,-1.473504734957161,1.6694043755255539,-0.2463463639244441,-8.7661579652979
0.8142487929010032,-1.4250582378212906,1.6541512884265535,-0.4746759486388723,-10.077000997160008
0.8040971504365643,-1.154716833230748,1.5035097821863461,-0.2904090856180497,-7.512469223737311
1.006307882810769,-1.082351845281919,1.278006813001223,-0.14939014050727017,-3.5883591945350704
1.1417058279482324,-1.011584885581854,0.9218993919216416,-0.2524954391552756,5.5477098288986255
1.2969279491465802,-0.943390862200407,0.3274020656499493,-0.5832881005747041,14.015469592687694
1.4251112884675705,-0.7941077813643448,0.3128877204473825,-0.7233813380321148,18.97669073160591
1.5182563805826161,-0.5812907157271912,0.18368309654801745,-0.7790446833990818,17.23095337204962
1.5711885661254257,-0.3484177198061819,0.5181610220217947,-0.6073440410826967,15.917069597486957
1.6117862232620368,-0.14519985615083145,0.8013741945854691,-0.48727665417095767,12.85952909107045
1.6365737647730096,0.03795316973411873,1.034285249241948,-0.3735578073388066,10.116914776750495
1.5880425105040763,0.1764966400147658,1.196200324391645,-0.26373264592248735,5.2639273817206895
0.16690005581474848,0.3235068693361275,1.3314656302330987,-1.3164906153056615,5.240640124746258
0.34980522841910494,0.5343132225857994,1.41227801855065,-1.1477179275005698,3.6724453454932426
0.46844401183965517,0.7466515691972733,1.501824818105319,-0.8060006429133236,-1.701958251273175
0.5801025805459674,0.9482123613939366,1.6173265273131299,-0.7356650130953981,-20.50382552555146
0.596814472662225,0.9904643857664799,1.6734846950610558,-0.663358370106341,-21.223187085248448
0.6269263786834844,0.9240264745295097,1.5810374908451912,-0.6248563855722853,-21.293793775637376
0.6301701091113608,0.9084122432264798,1.4148329676278877,-0.756284758500692,-21.163844825994843
0.5886777988527373,0.9280317702164099,1.2050964945943567,-0.7594969205604788,-21.931995246431555
0.5181595593488111,0.9347862814846906,1.1566795527551805,-0.9065464342242741,-21.427969867876836
0.45922976903752344,0.9335000737846615,1.2072709235073957,-0.9187658665347201,-19.526735227097284
0.355446051002118,0.9034766497989336,1.3074218176778711,-0.9119193080858555,-19.602164116004285
0.19818370224533793,0.8657301832133626,1.3844291733889915,-0.9958871582819253,-17.849326029949065
-0.09224896359385246,0.8044585159970494,1.4361955576364964,-1.18385447615975,-10.412597105705231
-0.22297762608126065,0.7017741268456723,1.4654752126020556,-1.3773813693993175,-14.672590021779758
-0.1854175495251713,0.6071207269360255,1.5001775822697976,-1.3958288754466066,-16.888560813799582
-0.05066456359683161,0.4011517603185005,1.5241384014192465,-0.9967072844939686,-12.407356759100239
0.12060834681683558,0.08478618008566102,1.5106740702657901,-0.9560777537112035,-12.820621682109142
0.25731830380475573,-0.0310019368799459,1.4716565054172521,-0.9622763665583751,-14.59152578870421
0.3470156837974355,-0.0313020031109843,1.3647995883810164,-1.005239910111249,-16.432524125748333
0.38722335315602674,0.03176981561182546,1.1790157788338793,-1.136658786342256,-17.225476394493022
0.3942477049526356,0.10488372496750031,0.9662752516750205,-1.0159097669578496,-18.354734179344252
0.36721514658069787,0.14536736596732602,0.9235887921403843,-1.2161021025304994,-17.333841839792246
0.3155234801739045,0.18727837265939773,0.9784261045918686,-1.277241082004838,-17.453331247845533
0.2057418144606742,0.21183137751195613,1.0756051798569264,-1.3001220562524236,-17.263849953762836
0.04506753880837829,0.2012006760203935,1.1701003561737673,-1.3276130278412146,-17.14141608373202
-0.2730966990304937,0.18826430155627882,1.2271527168223433,-1.605154229050966,-16.272726370858372
-0.26375620195322297,0.1081607649796209,1.268986692949349,-1.766018349121148,-14.840823212666363
-1.8754872988547482,-0.000668983137237511,1.277724119673819,-2.6928804298526114,-13.997053734230184
-1.8925316925849343,-0.1723888395347658,1.2816566959239382,-2.6410543817936376,-7.325247629930767
-1.729371042804918,-0.5441188498083799,1.2615254150191821,-2.493790725433192,1.4833092607108223
-1.5988351641521925,-0.5059269809871194,1.2662902212553435,-2.5384614272961947,3.9823497402441967
-1.459117148118115,-0.4639530212859589,1.2900111252360873,-2.5909800172436555,10.043341165731736
-1.3068197245643323,-1.4751731785453723,1.326791982728838,-2.264840621525724,14.69984470971066
1.7355274870293822,-1.4252654612257722,1.4154676295721893,-0.11491055947649631,14.37719404189328
1.865195241209821,-1.4492103643988936,1.5239066181029592,-0.13773243050157236,14.421018659557008
1.7503668108407848,-1.4284010379409957,1.5734212158461613,-0.2645177879356013,14.359804828399774
1.7373522875158378,-0.721049809008968,1.5659110678725074,-0.4229082555588479,9.87356847602263
1.6210849925725024,-0.6647531206237786,1.5730386836331918,-0.3401591798991668,9.779443978259973
1.4819463510924968,-0.29139108849297674,1.5710160943901454,-0.33879912904390874,7.722427641754741
1.3404100891722233,-0.22437034527838962,1.5759141664499459,-0.3128066412912234,7.61645811674422
-0.5244427731466745,0.08110082571227076,1.5886533134181522,-1.6645533286964702,6.314639144627181
-0.5347029416213107,0.3455922488265329,1.5960327181862908,-1.6190238208844454,5.409828020298383
-0.504549851161546,0.4197834457935665,1.6283091665714897,-1.510376792222212,-6.780276495883373
-0.461583445422046,0.47589808082648616,1.7164580025657639,-1.1345970167472368,-4.5202133246841925
-0.3439471484510249,0.4778917152949722,1.7187829076844063,-1.059955805564291,-16.27341449680124
-0.265493979114625,0.25678881089160177,1.7484224241968727,-1.0294709693902193,-14.396678666325194
-0.19763805581812888,0.08097853269177802,1.6403793615634272,-1.0176897946806447,-10.585625742674383
-0.1794728028980665,0.10871827893559725,1.4220619423150929,-1.1808281995688499,-10.046149390081974
-0.2253192808126913,0.15583177791365144,0.9914563344685646,-1.6364745487913561,1.475584806478349
-0.27601580351019134,0.21290458378855204,0.6101932589960797,-2.072962682368952,15.68157042941234
1.5126560465508196,0.3678958789533783,0.650992689395997,-0.8825822321784647,16.18066460626951
-0.04837218838069379,0.5158967029134767,0.8588782383233642,-1.974350037008137,8.889456408075489
0.3605745279172295,0.7026614026477636,1.0397038866199795,-1.5898471811906858,-15.46482824198207
0.5704884276696605,0.7838456555090529,1.184860588037101,-1.356893794284125,-20.61279422876494
0.7201723640157581,0.8186049409556118,1.191750297444852,-1.2655529040703848,-21.09078623438873
0.7333768598399464,0.8207932089854919,1.1680918161993352,-1.0514820104929126,-21.569064931629807
0.6477360978273043,0.7907590978702226,1.208507918982198,-1.120157241424263,-21.74352930843758
0.49765375907292725,0.7540136340664163,1.2751987276014274,-1.1324429516882788,-21.815773142962165
0.26189693047036944,0.6878859772894118,1.322576220544444,-1.2425989201420706,-21.570606237557218
-0.0779903132846815,0.6187551604443391,1.36946972866296,-1.3862955501818512,-20.638015456349528
-0.18786766138826294,0.48411276048402857,1.3854241538015124,-1.4291147851484398,-19.324323534434818
-0.13404614614936067,0.2928142956221772,1.3861093798773192,-1.3383989655080963,-18.570745579596164
0.0033537237548470766,-0.027193679918140423,1.377840270603219,-1.3948236177245406,-15.412459335910883
0.14768936321209933,-0.1051413672665863,1.3076208015893616,-1.3343732921774332,-15.104785222827514
0.26337636107401247,-0.07962492143338312,1.216093966858919,-1.3686491409742123,-14.117411453345339
0.3538619047345446,0.0042861842592683,1.0751866304555917,-1.4395475569346097,-17.514150036013653
0.4136189990787145,0.06358700850377186,0.9422446501294918,-1.4244772611330414,-18.203527113466528
0.4330528036328757,0.10743141868662454,0.9134300706589206,-1.5475108509881186,-18.08724871407993
0.45158489892347786,0.141392069812736,0.9159215869016608,-1.5245927970250532,-19.595752060148026
0.4518133222728837,0.16326237600160654,0.9898871143347738,-1.4548173492962684,-19.791549535016856
0.4202545436391386,0.18095652810184892,1.0896859227161069,-1.4539871311191654,-19.7948963103048
0.3527539093582747,0.18533609396463413,1.1730455774406396,-1.4354938747466925,-19.714919010710187
0.24673631157292508,0.16426902574710345,1.2472901456560377,-1.4572595809340467,-12.795047383951994
0.0994565044447798,0.15407611228961238,1.2856392676041803,-1.6481328481341166,-3.7741680757999703
-0.12734583751502093,0.19394807439695438,1.3334726595050026,-1.824004969060825,0.3467144117820906
-0.07143727071012113,0.2671790657824493,1.4003471545223243,-1.7980963162196937,-1.7601196270543564
-0.02927716144007611,0.3631210147095052,1.4967998109591092,-1.786466108962329,-4.429269234851145
0.012277068064526109,0.4557634941384967,1.5725312864400407,-1.767403733576519,-18.587672721635045
-0.3183900659280606,0.5152422123855391,1.656052829255847,-1.9564066868876557,-17.697708662550184
-0.31955693959445974,0.5075439249549348,1.6629654188616887,-1.8488172953065876,-17.147885096730597
-1.1767653834249026,0.47538287853877115,1.68442108945621,-2.446286096744716,-17.204167075041575
-1.2782351518930892,0.4244028798615249,1.6755599007178534,-2.4833256488708053,-16.912451980328377
-1.2241983544841333,0.31503700002244794,1.6792066659419564,-2.393305422935991,-17.573844885650324
-1.1723986354043792,0.31243551996185603,1.6988037401890077,-2.335049128227241,-17.73418612873743
-1.1218594309944603,-0.3366822957790514,1.683313409567795,-2.1513696640508395,-13.224988208720855
-1.078963137799004,-0.35586892123648184,1.6366746893483406,-2.1738463212693837,-12.54590356061513
0.9042152882379493,-1.5247867629098342,1.572649383499438,-0.5326945996179273,-5.328016771817063
1.2531382545677532,-1.5544987641793182,1.450335484656363,-0.42708591201607127,6.709235212525104
1.5323200912354664,-1.496982019822499,1.2552173645330953,-0.467319207054798,10.215210990460866
1.7111014384679821,-1.40861885746914,1.113250267561449,-0.4903888389298279,9.561790287230291
1.7394935965931362,-1.3045207905401524,1.0154478469144772,-0.5457099978927695,19.300037637447733
1.7791403134730874,-1.15600949372823,0.9795218217899578,-0.29231956340730214,18.516306709349898
1.7654462813126652,-0.9672766555656604,1.0614899028167346,-0.4129164463370951,17.973130360079832
1.700258103387379,-0.7763034597330875,1.204174250237931,-0.39458190211498323,21.43379647163293
1.6227143708771856,-0.5854873513625486,1.3090519988395306,-0.3897412040986681,21.03743657851265
1.5011270547934445,-0.3675038715077163,1.4387873196976315,-0.4145458744336976,20.089464238227215
-0.040008834291294315,-0.06616631369217982,1.5531382594452139,-1.5130655562528044,16.1492781820279
0.09165377439965905,0.06971192438338741,1.6364897003005376,-1.3237568293070174,1.8101314921585494
0.15252046887546877,0.9603284063588914,1.7309476085279938,-1.4322989935600772,-9.731922511053666
0.20079527208136833,1.0111996211529157,1.7682494902576193,-1.3377949196711323,-15.518428329629057
0.22776943789345835,1.013006993145278,1.7543750247097463,-1.2799632065208704,-15.828646942048092
0.24417007224620174,0.6580168310515099,1.7139763048615164,-1.158308232211815,-12.757023392242857
0.2834160968174565,0.6093662918373719,1.6579436356288535,-1.144053720085443,-12.323824458807852
0.3079956653476912,0.5718025276995814,1.591401716088532,-1.0918357920729134,-11.719960796996622
0.3213162245996847,0.5673699731282049,1.5003669274300733,-0.9458738169517648,-12.135709539648275
0.32893661193645374,0.5833998016452101,1.353674226278896,-0.8080405657748758,-13.212416051879
0.3243081978475779,0.6039368291560041,1.1557070302903738,-1.0144558042118859,-14.38972880772193
0.307661339534941,0.6310022601762555,1.082899623286475,-1.1269933634559666,-14.780313886682835
0.2834730465588037,0.6571184624729538,1.0709965750486325,-1.1311637232474365,-14.921682127250627
0.26048318057840225,0.6809753252750257,1.14991429118548,-1.0944644632195097,-11.806881460995795
0.19771489120971078,0.7039313606743798,1.2622134329330823,-1.1621541176147332,-16.787227327924256
0.07096820738811505,0.712287047294613,1.3561376283488678,-1.3155643249701177,-17.380518179220058
-0.10285800931701579,0.6782352969463521,1.4300354318219268,-1.2811800398310567,-16.38395730587965
-0.11191952552751804,0.6432895940237657,1.480809943653445,-1.471461789976725,-11.564968559324909
-0.025685761107717017,0.5709112874132924,1.5172162466404182,-1.402178568887817,-16.552693710863092
0.08492781011681941,0.409081975217678,1.5422274534436573,-1.2480288713260705,-19.59339454557912
0.1982979483065376,0.14729219382900743,1.552683485510952,-0.8997604966992788,-18.247422492841153
0.3066569492760987,-0.00545400754056824,1.494602005279167,-0.664634925213932,-18.59653252841948
0.3771656606427524,-0.05261119416723026,1.40055351271457,-0.6879083491108074,-18.89905617313862
0.40764155235087673,-0.00681704665993188,1.2263219681171942,-0.8642769245165559,-19.527145635468255
0.396664834373283,0.06001280555185984,0.994992692691681,-1.0285027717161315,-20.263161751226942
0.34991543760783195,0.12171480072715624,0.9430409320288644,-1.095145261610418,-20.841601957730788
0.2863202573243781,0.1693552681359779,1.0148243854926473,-1.2702632937886786,-20.27496142595842
0.18033067426344235,0.20379256072357843,1.1275829271354716,-1.2903339558681826,-20.11476709709602
0.007212282013510152,0.1920773232047588,1.2145349167563593,-1.3176658135014554,-15.544480793425464
-0.2972878090220482,0.15749372351522262,1.2774455810888763,-1.4925577960874492,-2.5845717514833826
-0.8712240357398261,0.17183380448854102,1.316681260071768,-1.9481418222504763,-3.2926722219895224
-1.619732273059137,0.22149409169176848,1.4083426954409175,-2.5214871225564828,-3.5610831393995266
-1.6805146757236598,0.27839198488160277,1.4675472003012315,-2.585452730601717,-4.564536591092078
-1.575745600259665,0.3291331356607148,1.544920511757722,-2.45540096561544,-16.998644579070337
-1.437832954476045,0.2976258183027469,1.629539507856974,-2.34928125643355,-14.250492695090058
-1.2720517368258588,0.2960360253969331,1.6408089352646156,-2.3472780269356672,-15.74803070599681
-1.1583172123463532,-0.3532258105504883,1.615782293961872,-2.139332878507933,-11.916906487592005
0.6576564403524325,-0.37196281541436005,1.5557577552721435,-0.8888805888753575,-7.705163994492318
0.707359117391482,-1.7098247870457133,1.4734642870613006,-0.5722366261032368,21.151809776226656
1.6072494838999583,-1.6321630106166483,1.3461214448194718,-0.029793934814245304,23.953633651586273
1.7886538137841312,-1.4993764073009417,1.4058460898379959,-0.15374646233876743,23.006689932172776
1.700420842495141,-1.2681800285062788,1.5294585582801563,-0.08859270015908804,17.758095556277496
1.429343399665521,-0.9133354014892426,1.6252450945549726,-0.2675524389906727,0.5230800014838155
1.2789209036232028,-0.8366560427536258,1.7069177192701854,-0.18750300988437396,-4.722614472205191
-0.4697661659188539,-0.7890051711638435,1.666458539053811,-1.3712035103229505,-2.9329836907641216
-0.49476719075940756,-0.4706387366147119,1.5934650296581778,-1.3590504400353636,-2.391424796195625
-0.5396307010408025,-0.4110778981867264,1.5153957261460291,-1.355141381870622,-2.5812654142017744
-0.5482966465620734,-0.29925912706054236,1.4624273125939755,-1.4036466326747599,-1.2174896767216237
-0.49915323656087063,-0.1692177407180463,1.3729894216921008,-1.4718446664914833,-1.6138499771196448
-0.46261190826552057,-0.05847601372101835,1.2475391182228939,-1.4999915355390525,-6.161275488698798
-0.4319943886875174,0.042539634022024854,1.0611721967975476,-1.677729772357884,-4.590045490426088
1.3436568870816303,0.12582295879044214,1.0628846038835917,-0.4213685382225334,-1.6741638990865118
1.522354146095332,0.14644334088206595,0.6499852402384687,-0.6320084828180366,-0.6675389820044864
1.654961790488588,0.21429264270544246,0.6541737256886218,-0.5361258298558857,0.2904559201039125
1.741387190255025,0.2607476843849664,0.702655448061455,-0.49208316814357533,2.858800745489409
1.772339126916052,0.3575207266684496,0.7768229003696624,-0.5158520668383384,4.388180980943368
1.7513992423873719,0.47028198049115155,0.8713828703952327,-0.4706393487702174,2.9584910015371344
0.06641431380000098,0.605160960540937,0.9673034421789002,-1.5585915363142393,-11.852791366527725
0.15627387390698552,0.7580275697803325,1.079195753932843,-1.360185828022677,-17.794455854850835
0.21107692320863253,0.8075594924046247,1.1741586619669762,-1.2977908876281739,-17.189797457022376
0.09828781662534813,0.82830830563279,1.2524542451267489,-1.2997463934239462,-17.267843510826022
-0.00658854015915597,0.8079453578871009,1.3243376545195702,-1.2797685684300273,-16.771827362068613
0.02244839109105108,0.7658709538452491,1.3750525026502842,-1.2026877261081905,-15.820728683542084
0.10000064886019586,0.6675102980888608,1.4208379840000467,-1.0563836171871293,-15.757105048818895
0.2396548287522538,0.4997896789748778,1.4367772252541555,-0.9213684090580866,-14.603110425908415
0.37679204027298074,0.34080502216325825,1.4427471218297097,-0.6825657114799555,-14.40765614631924
0.4935305192423258,0.2876279720175606,1.4204121990662322,-0.6243400303788478,-14.321566991185165
0.5938231548771329,0.3105438790626632,1.3525626148672518,-0.6183404085523887,-14.709027278073062
0.6642140087694994,0.38398183781911,1.2168187223526177,-0.5659768604767729,-13.657735877335321
0.7224556107292147,0.48518585173777434,1.1645885934132156,-0.5628806422775886,-13.22826466015101
0.7839202650038936,0.5892476403740344,1.204406235418391,-0.40642802002761313,-14.880036500012682
0.821449104983076,0.6781767308545921,1.3179675185053112,-0.32450348181650646,-17.711154158524998
0.849391734476368,0.7674218761916751,1.4816197973620426,-0.20680476665840408,-24.796201977578924
0.8544571745591316,0.8264125124581606,1.6053993533624806,-0.07694776843049911,-25.272120707340306
0.8068469227787999,0.8479032647367181,1.692838726702156,-0.028498380878648533,-25.58008024023491
0.663552887216535,0.8586185467994826,1.7475760131129223,-1.5779120960579682,-7.8181335513979295
0.6816540369720625,0.898127769932235,1.7330043099246557,-1.3843872473899759,-7.77077774984129
-1.8737342232648864,0.9617624855987913,1.7972450914523117,-3.292511049110854,-7.493992898598263
-1.887686459180327,1.0931165564632717,1.848169667325636,-3.2069598400446355,-7.59955571262064
-1.7070078006348157,1.1494038480640547,1.8981671979272638,-2.709167058511815,-25.617408937518498
-1.5849413698232606,1.1226410650164906,2.0230680066985043,-2.3257579119196077,-25.330425941414877
-1.4240346021221,1.0802895268461248,2.058975978924779,-2.3096703975499033,-25.33169414936985
-1.2918812779813087,1.0363758090966462,2.0790293196143192,-2.163247729791832,-25.33251487244015
-1.2260468799658062,0.9720981431782978,2.085290968236136,-2.038452078997415,-25.333428948414635
-1.2187181790536075,0.9075042363925594,2.0881466964867736,-1.8391295295676269,-25.335075196814635
-1.2317789413764648,0.8404526987822348,2.0626178411619347,-1.6604785273429643,-25.367055317016664
0.42200176874102274,-1.8120410486743372,2.0144421637775314,0.3386661933082764,-9.615788959511148
0.7565936996538671,-1.929191648698748,1.8813802105066422,0.3351484164278986,-8.769424530494552
1.0572509023709122,-1.9623047011943295,1.8858701514270966,-0.46377236307700276,17.323009776361204
1.3547467424805806,-1.9455288537129962,1.781439410787741,-0.3078954685862261,25.746808427175903
1.553047012318713,-0.12680035014690372,-0.36985445490179264,-2.0407635146104584,12.674518703930978
1.5431119312202792,-1.446495636428963,-0.1657293920430773,-1.379072174799527,22.14581577829754
1.572171643547287,-1.1544539617322849,-0.17486321426105406,-1.3177536908658627,21.012705872193894
1.6542970314049221,-0.8585578637582444,0.7297683825686476,-0.3862263299864397,21.149630575537362
1.710880890628822,-0.6641049183785593,1.0488084197779797,-0.20070301398540957,20.798093193653866
1.7629790865066057,-0.47150491550901924,1.2668711429721187,-0.10473222179983388,19.9673616329646
1.7464714511980044,-0.2744069799008317,1.4203445458096393,-0.08505560740418949,10.817625020217644
1.7059586509742406,-0.0939404619473791,1.563330944848253,0.05808390200492797,-4.577645751177263
0.12743884327001997,0.08551799189149349,1.6300473536339237,-0.9820096930251223,-11.489534329472697
0.1389256686428198,0.23153633633525555,1.5376843201776251,-0.7504535105630364,-13.603615911978236
0.07315458146619945,0.3459958978487872,1.290840167568997,-1.1257532907845618,-8.111051798474621
-0.023673995446331475,0.4701783989573828,0.8551357483808759,-1.4475858796439178,-1.1234431291289126
-0.08382396678223034,0.5943366570234851,0.7497597186866991,-1.69260223874472,2.7718695598578367
-0.06632693733526171,0.7410354345454464,0.8287423742062404,-1.8430579680766614,6.142097057034965
0.10521890810110823,0.8901932895637817,0.9515941696243404,-1.732236693125154,0.29669294657687617
0.3521326529894879,1.029731324573056,1.111127773474356,-1.5298759415051026,-21.08486802825383
0.5416548699274979,1.0969280017761402,1.2681272293440924,-1.33197671925803,-22.513501178105745
0.6912551427844296,1.075657742217705,1.3464515468022917,-1.2366698887296166,-22.145933326056806
0.6610991403429998,1.0215887397631636,1.39520420202771,-1.147934032498484,-22.013738941989086
0.5334190100720515,0.9490077934739652,1.431090772441373,-1.0582226369862457,-21.105003802745458
0.32275005708039806,0.8693947618892488,1.4680889737095284,-1.0792652829486755,-20.885474035102508
0.11409979363930171,0.7934950491855131,1.487165770201282,-1.0864545202990077,-20.21523204879397
0.0036417495343862086,0.6732806716820937,1.5052322198662793,-1.3717167300688033,-18.950363919245156
-0.005043559215798923,0.542359266159359,1.497960597979426,-1.1692872719775598,-18.4241452349051
0.060525050704401576,0.2895774093867585,1.5027044357090076,-1.0554364072567983,-17.18887307674366
0.16171692344708558,0.03533955624672208,1.4753841941894477,-1.023538575722566,-15.646192295976508
0.2719196956473602,-0.0062478447634560785,1.389297337430659,-1.0334189576147754,-15.755252510579673
0.34987062234836275,0.039376431614802865,1.2388636562483468,-1.3190478173845164,-15.54328681899278
0.4092475402939051,0.1401255311868218,1.0329506846898269,-1.4641129599201057,-16.668441412149885
0.4413099720156174,0.2081454317887378,0.9926096061089832,-1.3986287675911258,-17.815808961375303
0.4452641516502087,0.2540171342076756,1.0380458749643404,-1.3765737756233147,-18.010076848820233
0.42775022181421224,0.28242991723122146,1.119927788031376,-1.3118659922557288,-15.229177342814591
0.4235508366268496,0.29437313043389857,1.1869735268268553,-1.2835620509265513,-13.701331342722728
0.38727536687953146,0.2861039599757035,1.259287463279679,-1.3030181352522858,-18.39621672088191
0.27086140337210746,0.29370972805997364,1.3360226257578707,-1.0831260511016296,-17.253957399428607
0.09792049512959855,0.2662035016892472,1.3749412158451442,-1.331015669367964,-17.61648325673719
-0.23394841659122623,0.23894449187442546,1.4147290608757837,-1.4181275163967577,-17.52107712694637
-0.9947329003612635,0.15645870423404884,1.4345249416694092,-1.9393204995983937,-16.902580328074375
-1.8269239170342386,0.02155305788101647,1.4292300069559452,-2.6071805388899167,-14.33159861581736
-1.7610355701908558,-0.2435015659145059,1.4136040257673512,-2.491784142085698,-3.723654973453682
-1.6869846599466263,-0.7310349844606282,1.3678941144933812,-2.440784885532949,0.4781061192114944
-1.5771019175613556,-1.729687353989515,1.3447298993077113,-2.1907335847819307,8.083286008856067
1.3309517007736493,-1.8361759603441836,1.2942305786719297,-0.09383175201821858,9.121633224914056
1.6833346212579952,-1.7664444757706443,1.2354384458910965,-0.08090120215451324,15.893232108807458
1.966191862154244,-1.6391638240168036,1.1480050628902883,-0.082146051453031,15.51817874039946
2.0733344047990725,-1.5065786690085559,1.1050915906725054,-0.19710954246313128,18.399119980252006
2.0466745310727923,-1.3408630526994725,1.0922331232907412,-0.21059911328755532,11.397481109827297
1.92171502472945,-1.1524615401557725,1.115628314792676,-0.1327534583937502,11.05659315330766
1.7858107885748,-0.9891355791941017,1.138560151201612,-0.040180407383999306,12.2000754781178
1.6658065681848166,-0.8304026003863783,1.157564312681397,0.044869985542048685,12.213580153894167
1.535876617075378,-0.6682137338541194,1.1962163671800017,-0.05868796063251991,12.790581330200308
1.4007848292833105,-0.48691270262024844,1.241078687709027,-0.1447487729469208,13.125279088796795
1.266046318809993,-0.28175513486382586,1.297021206140163,-0.3944567148446094,13.463006199552964
1.2393529251583115,-0.020584764880288278,1.3699013608709505,0.07599535035712113,1.870590337803601
-0.21964739741079622,0.1983575107052885,1.4687734454946968,-1.0644737704717462,-4.276993963697848
-0.128886451306254,0.39793381661407884,1.4927068640471637,-0.9575896536597875,-5.838762416693125
-0.03925268915713411,0.49492947107880547,1.471981713996136,-0.8854802563502875,-8.28713051336722
0.05331927933082006,0.573967699630466,1.4832070208511072,-0.8216767212729997,-8.440455393896126
0.15665365762860378,0.6474300489152928,1.4435259385096078,-0.8213014018997378,-9.67186836928003
0.2705489625799084,0.7273433942144589,1.3889556243470917,-0.8024227358737083,-14.897883499327797
0.3612645167194596,0.7986669694535506,1.2472497003254805,-0.8679029133975196,-17.154462609748162
0.40533278687746366,0.8514504239578665,1.0803067078032118,-0.870970034260956,-21.88795568674182
0.3961044799359897,0.8812416903180902,1.0804175359501804,-0.8782147572910161,-22.47205095226363
0.3325572732486173,0.8606059947347648,1.1463704206827834,-0.8601916393324942,-19.424776447108936
0.19906090435530324,0.8216122616975559,1.2285531193105927,-0.9066036091218166,-16.804554283252507
-0.052103648889952156,0.7604606074496731,1.295197839207545,-1.1033741348914998,-16.374465456459774
-0.24839228323050394,0.6510301777076783,1.3498492105902957,-1.1546935087574086,-15.89966734704339
-0.19210199985543827,0.4629592665155254,1.364460896580346,-1.1000698721536182,-15.159608392255205
-0.040989761033871,0.10676238175801966,1.3647603259002647,-0.9163519404772839,-12.792661957674571
0.11443130728953557,-0.03639622686357241,1.2987943843664165,-0.9228578118161432,-5.887341044888408
0.2746688324615443,0.0050573478386789494,1.160117217499572,-1.0761687138504423,2.318221676608171
0.42359951440033683,0.1446322674981942,1.061421273529412,-1.160280491418869,1.62646046062209
0.5683019060744865,0.2820785545376392,1.0270757720269743,-1.256279624397386,5.1016419032984395
0.7424825229567168,0.40987039958118093,1.0627889808133597,-0.8573265812922872,-15.463485565393649
0.8153930989344391,0.5154609696820213,1.1694750707909283,-0.9092883419031064,-18.7571113985153
0.8882273486439294,0.5980357581264397,1.1816189123391745,-0.8934867853042083,-20.58772892913329
0.9241353346862055,0.6694946892565676,1.231186556939664,-0.8366044006262445,-22.886841762397346
0.9035711001858365,0.717443890543515,1.3218834032368427,-0.6020798987553733,-23.287360083118898
0.8614539855671801,0.7449821211066455,1.4254119399202752,-0.5030521707389,-23.634232920453133
0.7920566170460313,0.7541684618219815,1.51234792537884,-0.39898545407276753,-24.62834976436482
0.6708775561852209,0.7470175479080211,1.5760275935838126,-0.3609713134232002,-24.822883889123418
0.4834059728095267,0.7248437684875066,1.6315989725177442,-0.3256797537838534,-24.900585328749813
0.043755483192220945,0.6790013805128993,1.6607732932695245,-0.5759950570111098,-24.795942462022502
-1.5275145828065622,0.6070468548100418,1.685480000426181,-1.518504030891399,-24.23235814020135
-2.050781609661983,0.4380280503361703,1.6631930696223196,-1.8855445638747579,-23.071281069450364
-1.9960020051859626,0.4425623346883084,1.6275660534400824,-1.7454525635853284,-22.529300022160534
-0.23117573056323026,-1.9303590186857056,1.5445422148070196,0.06381233051662072,8.405922628405598
0.6150924838586692,-1.912895130059148,1.2538823061148239,0.18756340168713703,17.208464230621257
1.1861926552776623,-1.7766366831862215,0.9180404864899693,0.09631299421605699,13.472559460849599
1.4422045812983182,-1.5655976919958046,0.9084851858452303,0.23059422875496827,12.075104813534395
1.516317503862496,-1.3382571759840682,0.9735482869227503,0.07919294447761782,12.784472734040055
1.5443280091368514,-1.0864769026715457,1.0279200071830736,0.04280603393407789,4.34289251024515
1.4962821684092869,-0.8468776688955494,1.0997848047348073,0.013387390398313714,1.587028332609946
1.3984662612992138,-0.6199989966623755,1.0954279503636373,0.039102526881954036,0.022424059264801954
1.3312475351027964,-0.4065815863470705,1.0904130503131173,-0.02718385248605193,-4.311337309803075
1.2485158663822664,-0.22624503727302958,1.0667783747984831,-0.08650134650853292,-6.600007819574805
-0.24225103854964553,-0.061385352673045346,1.043302621009446,-1.0601485806066024,-8.173924893616023
-0.2219482087208473,0.10765771374283273,0.6900826712223184,-1.254630795776816,-7.726195779051003
-0.20645014019205304,0.25657040616632565,0.6246001291628266,-1.37727348463384,-5.62917979144213
-0.15079129889029447,0.4012105496810926,0.6740732668333915,-1.413082184780524,-0.3950443681784517
-0.030763154066700354,0.5358759234437984,0.7812280910419586,-1.4428166857791658,-0.6439294470532819
0.11824850793863366,0.6683982406270743,0.9371095060963982,-1.2774657976091577,-10.136850409206929
0.2745736129140216,0.7754713446616031,1.1151308634741073,-1.1542885428285365,-18.86841162526701
0.3860234258649543,0.8126393532422704,1.2666448110700217,-1.0482273407509484,-20.508233864088034
0.30881595609475393,0.773646003866552,1.3411859081991322,-1.0590083023169425,-20.167171119927485
0.17109743838464617,0.7231974604285563,1.3975956426356257,-1.2375074284698382,-19.324798642098383
0.14441591154913558,0.6155394728930732,1.4185573749215872,-1.2236533564801904,-17.715542156301574
0.21634212285637322,0.4380368548292878,1.4175882428609168,-1.2329515047461765,-16.022277203362094
0.32736239868063804,0.2217153478062357,1.4173527888901825,-0.9144503778699603,-15.834729894242153
0.41486771479661333,0.13491351024654857,1.3729657050188686,-0.8014681573263172,-15.827033788861247
0.4757889463296191,0.13219563810685436,1.2971998716147055,-0.8238458512609976,-16.782467341798483
0.5280593269993098,0.17494240527061478,1.174749582561535,-0.8223730194226947,-17.441740610575778
0.5462845172661339,0.22668847321518482,1.0569753748080504,-0.9685208498272614,-17.969139136824722
0.5597170728612887,0.2952899219064986,1.0191423628245229,-0.843375354783728,-19.32822882818105
0.5438565412621928,0.3443544323043164,1.0576153444514116,-1.0137192026987543,-19.924149708957618
0.5252987850837304,0.389629287567117,1.1703725415109492,-0.9304386508844819,-20.190666751376497
0.4717138523790776,0.41605253488594096,1.2833134943974722,-0.7761904747178443,-20.679485445659477
0.3797830517007895,0.4288084796886197,1.3921240533546153,-0.7743165641734574,-20.80765110643171
0.16907075100688793,0.4005638108727757,1.4552051239841095,-0.894310063466135,-20.698238990799204
-0.28958618940955794,0.35606668554185095,1.4846586156396793,-1.1425717529941644,-19.9956877116063
-1.7346587304194052,0.23612230139218626,1.5072890039244378,-2.2225461834970663,-18.282235843730525
-1.9107517490359687,0.03376163030220414,1.489014523875628,-2.2947825811980382,-17.094155552444477
-1.82491693054992,0.05086526266519986,1.4481937428300118,-2.2997533493765467,-17.320639311806655
0.2503336702223755,-1.9596872749189804,1.3699167481282126,-0.3334153089641769,-3.7190514567628767
0.41334475064884,-1.9884602651081118,1.1814145396865594,-0.5932819645327816,9.962037027534677
1.4602504351540584,-1.9035203979442095,1.2013534917289894,0.2202791754732829,11.323104140352669
1.7470054501164687,-1.9192280635125951,0.5102012387108198,-0.4500721410527757,21.60000623190821
1.915351747573189,-1.850150831481644,0.33068055525272055,-0.4567722672092547,25.261755041890204
1.9997640035850994,-1.4218514212262277,0.6225525089690614,-0.3129469806602183,23.509878087775498
1.9518379318186205,-1.1910512476508552,0.9238500090974766,-0.1627371030500746,23.090456255601225
1.876794565934483,-0.9883834127907655,1.1294316909178101,-0.3456873285549136,16.367210680373844
1.7061508748440821,-0.778474876390274,1.29175801376938,-0.2894685143347637,13.164946258441105
1.4842543602216913,-0.540510537119148,1.3971148074089392,0.09132342460438903,11.847745749365208
1.4425196748745734,-0.19859382695248082,1.4859897180804091,0.13244012648488268,0.9010051137080897
-0.2065946577307065,0.2865360793946725,1.564185046607675,-1.1120185091105215,-9.85829903446251
-0.22381448538705317,0.21604825345120557,1.5454745916886397,-0.9562625021895838,-12.845580049608621
-0.24407927928419487,0.10941877400078451,1.4603541181626662,-1.0236512236992934,-8.575739728162787
-0.24200688349544883,0.17329527845257342,1.322639129704214,-0.6359780702250698,-7.651220516848159
-0.2316077470581882,0.29108653398769435,1.084056813565548,-1.1310371819272216,-0.137835885668331
-0.1983449420250827,0.42570385304045816,0.7075223300301351,-1.5170402131141414,16.482601029062703
-0.047085831402404923,0.6046280740636419,0.7332452652123181,-1.5024316483577407,12.933832896639956
0.2598911795271436,0.8203052627374439,0.9850388794661833,-1.2674735368128285,-20.687002861687766
0.5191246494546888,0.9541739470367596,1.2805671421184948,-0.9336276555034259,-21.887140377354804
0.7832042149723453,1.0377201546052577,1.3112204017297167,-0.7509738145523467,-22.839445034138173
0.933672645913981,1.0877166772857336,1.3070859174567635,-0.6247510810183821,-23.566619492677617
0.9461037353042092,1.0930475122994363,1.3686604371107918,-0.40298900809441207,-24.053398122487557
0.87714187569281,1.0799534773087687,1.471699488534986,-0.2725102171775833,-24.41825126347411
0.7517024481237231,1.0384961901338396,1.5480735658015485,-0.3299391774937521,-24.613503492823714
0.5410252320668886,0.9921401456849914,1.5901545592377409,-0.3646587316080554,-24.44034872429811
0.12704934402040982,0.919499029114361,1.6241733321938043,-0.6982366590441331,-23.727160639985453
-0.16815553517613385,0.8204169803569473,1.6342624029115755,-0.8610956783135297,-23.501575136731258
-0.21056546010587684,0.6230616829546944,1.6263173930330919,-0.8601205680006623,-22.550230359159467
-0.10674035288098482,0.16013508866238424,1.6065816907650605,-0.6467725751484752,-19.97464021231047
0.006337147654231268,0.005033384746116698,1.5296049811532684,-0.5820994251969605,-19.409520412177468
0.11281959079321213,0.004795553817586562,1.3656087395853953,-0.611423328773812,-6.208547697326603
0.24458469048631648,0.0872943059032335,1.0429311265975187,-0.8953079332100495,1.4196923098048098
0.35315057326112903,0.20795733460088817,1.0360042918160173,-1.1378132269229515,9.248250028512112
0.5392543680881444,0.3778855712413397,1.1339325105246483,-1.0134939586223806,1.1199869142230838
0.8013951062987772,0.550009996080907,1.2916192133300641,-0.8004263395018745,-22.50376103608816
0.9623225752574845,0.6873715840668192,1.4665527691945774,-0.6106679910487434,-24.41179580396399
1.1142952902572443,0.762959034989094,1.5241620767507178,-0.26469127212864163,-24.994086108852997
1.1892348018987873,0.8118601499890185,1.5942650826547078,0.32232317315468717,-25.434550427534848
1.1725677565047605,0.8218889656002089,1.6838178524572212,0.3901886707924813,-25.787859952287732
1.1263591225004408,0.8454121033660295,1.751685718109447,0.4652027475134817,-26.19658087613223
1.0178453262023375,0.8616656054351338,1.8012300047387424,0.3260006351083524,-26.56181114437208
0.8987914790584364,0.880717305086118,1.8255363072913728,-1.3177353212470562,-8.8680320969204
0.8616122357838636,0.8559612173596033,1.7448932660313943,-1.2935219388690409,-8.416359197855067
-2.2504997132674505,0.9783805028487818,1.7678392279226454,-3.5741094958743975,-8.325980500088338
-2.061223471408062,1.117530532857351,1.789024219156103,-3.4416060795298153,-8.356163814327209
-1.9435377543565286,1.1927417105037104,1.847110026343269,-3.4277049991743476,-8.358252745352482
-1.7564685927271138,1.2697772326752923,1.9525199189273381,-3.29205615956948,-8.357250136382872
-1.5117677129970049,1.3031653203065299,2.033599560094709,-3.4035642320488084,-8.363198786995783
-1.277303097263079,1.323301914661406,2.0993759079257,-3.419245435100756,-8.363926200519677
-1.0860650263313691,1.3285284200622502,2.149866838159302,-3.5684336966752923,-8.36292363490785
-0.9479817209713299,1.3343951878092493,2.1895180539409886,-3.381937016306685,-8.363105477449377
-0.859479341366462,1.3264694499921608,2.2249410634914404,-3.0028904027223504,-8.36292363490785
-0.8088158686723044,1.3097612140300217,2.2587658108741815,-2.426310934317449,-8.375189539896393
-0.7947900679313414,1.273878521955002,2.282619025182866,-2.3305928138288188,-8.368056481130127
-0.8451950340226052,1.2497832910584077,2.285266314237315,-2.516957159721062,-8.36141636315312
-0.8993981342754644,1.241468993336241,2.2680095472064057,-3.3697300839645585,-8.362871190200906
-0.9838591470619141,1.2752050164114417,2.2428169630364057,-3.430980467637597,-8.358283914960994
-1.0805964570696822,1.303271835197292,2.241180327433975,-3.8521003741915285,-8.350423399313053
-1.1347430145575783,1.3506955722598655,2.257689474754588,-3.4370773635538385,-8.331569963182826
-1.1687449461187918,1.3646292253967636,2.2879731630340188,-3.4580042473578008,-8.320072151071475
-1.138870469735196,1.3846115500342426,2.320148314133492,-5.095043759067787,-8.326296139258483
-1.0982759044907389,1.4545485900025978,2.3134092292418407,-5.301341222980231,-8.322072549101625
-1.0753750764371002,1.497306387994822,2.337447792058713,-5.425405848996632,-8.3136665058291
-0.9953941148457657,1.5450877466098063,2.4003028031835036,-4.445333495155849,-8.315121332876886
-0.8844074403272404,1.5265632668897517,2.472833603560084,-3.4573918201303377,-8.30762436018362
-0.7478372081668783,1.4775179743642415,2.5371650830681065,-3.4536111676977983,-8.321163293036205
-0.6553069235525015,1.4315668331477798,2.54809779303846,-3.4503762970616885,-8.315666903859253
-0.6487198511422276,1.3896857853209115,2.533521263805974,-3.455927402055643,-8.307988088624459
-0.6893952389650988,1.367170311385936,2.5194982790399316,-3.4529987404703353,-8.30871550214835
-0.7678187428185026,1.3547024474098197,2.5053639958074867,-3.4556211930048404,-8.301764285923614
-0.8520826167466986,1.353123316815455,2.49394647783302,-3.4573918201303377,-8.30762436018362
-0.926356830725695,1.3575194571475782,2.485372890516868,-3.4569659165516917,-8.314030190912156
-0.9817418449104198,1.3613750806053533,2.4799526755787036,-3.452386313242872,-8.296267711260498
-1.0373412089338583,1.3705933522443683,2.477156359769684,-3.4622108124948436,-8.300127572976518
-1.0543780269343745,1.378436233965046,2.4761820272942616,-3.4553149748281795,-8.295540297736604
-1.0676379192322036,1.3870381346706235,2.4767285050010077,-3.4563534893242283,-8.301582400024303
-1.0717804721275048,1.392763577828258,2.4781984440065683,-3.457511514658181,-8.29499472675424
-1.0654969603629225,1.3990874722582987,2.479734005296432,-3.4563534893242283,-8.301582400024303
-1.0580530827010222,1.4031963349227166,2.48142222835139,-3.4563534893242283,-8.301582400024303
-1.0447108111544765,1.4073095512212384,2.4828710142578156,-3.4529987404703353,-8.30871550214835
-1.0440400727068766,1.408497357153269,2.484072063979709,-3.457817732834842,-8.301218714941248
-1.0389115257676562,1.4094086398089833,2.484797604253017,-3.458243810977568,-8.294812840854929
-1.0346253343680605,1.4138990406388463,2.4852841154866554,-3.4591624563816925,-8.313484619929792
-1.0331285030344157,1.4132599125634777,2.4857407902432085,-3.4592821509095364,-8.30085498650041
-1.0318529881260678,1.41344331552892,2.48596153348982,-3.4589759327328755,-8.294630998313401
-1.0245024150681061,1.4145774371819284,2.486168710573205,-3.453850731317566,-8.29590398281966
-1.0337654401943803,1.415450367506998,2.486404410044261,-3.460440350807569,-8.294267269872565
-1.0214500453203144,1.4166508178566972,2.486398940541295,-3.4509220697322585,-8.296631396343553
-1.0372903789369663,1.4172822927901063,2.486550534119074,-3.4619045943181828,-8.29390358478951
-1.0381965853545707,1.4185951597847621,2.4865309179440422,-3.4619045943181828,-8.29390358478951
-1.0350467462065605,1.4195386809470378,2.4864906674304965,-3.4589759327328755,-8.294630998313401
-1.037610637913898,1.4204470721281754,2.48684528425542,-3.460440350807569,-8.294267269872565
-1.0368103013652252,1.4213017024372008,2.4870560392087153,-3.459708054488182,-8.294449155771874
-1.0378323867031167,1.4229710353901783,2.487256412999475,-3.46074656898423,-8.300491258059573
-1.032790979464161,1.423634794689319,2.487466928933933,-3.457085611079535,-8.301400557482776
-1.0346634270596473,1.423029896702494,2.4876933767026443,-3.458243810977568,-8.294812840854929
-1.0355111836124977,1.4234994035446416,2.4878344166460065,-3.4589759327328755,-8.294630998313401
-1.0354658810278599,1.4239008275616531,2.487898235611368,-3.4589759327328755,-8.294630998313401
-1.035508608369634,1.4242866747652139,2.4880114581750905,-3.4589759327328755,-8.294630998313401
-1.035559256337275,1.4256454345053866,2.4881231099577272,-3.4592821509095364,-8.30085498650041
-1.036638143390673,1.4259740505504221,2.488232735990062,-3.460014272664843,-8.300673143958882
-1.0367044135990633,1.4262872694209061,2.4883090243515493,-3.460014272664843,-8.300673143958882
-1.0397461808031818,1.4255621843293438,2.4884066934073195,-3.4619045943181828,-8.29390358478951
-1.0367412488709513,1.4278894084047649,2.488476481463316,-3.4603204817156454,-8.306896946659728
-1.0357562350983363,1.4280746083462064,2.4886437243984276,-3.459588359960339,-8.307078789201256
-1.0357014758438012,1.4282202280484197,2.488779914414963,-3.459588359960339,-8.307078789201256
-1.0316307835740388,1.4273353228451415,2.488849856236945,-3.4563534893242283,-8.301582400024303
-1.0375681709676599,1.4273079782365403,2.4889418646025803,-3.46074656898423,-8.300491258059573
-1.0366106392063983,1.4285280736881196,2.4889147291257556,-3.4603204817156454,-8.306896946659728
-1.0377712299267963,1.4276149708547048,2.4889106736814575,-3.46074656898423,-8.300491258059573
-1.0378685695971157,1.4277835630367142,2.48898380782925,-3.46074656898423,-8.300491258059573
-1.0258887266231342,1.4289113574481636,2.489054801556901,-3.4522666187150284,-8.308897344689878
-1.0388391149788587,1.4266719058662427,2.489279192184717,-3.4611724725628763,-8.294085427331037
-1.0387954869642946,1.4289500101894856,2.489133624614329,-3.4617848997903398,-8.30653321821889
-1.0379903398091497,1.4280352672570826,2.489023752434832,-3.46074656898423,-8.300491258059573
-1.0381216708719887,1.4281817245363795,2.4891449422119254,-3.46074656898423,-8.300491258059573
-1.0380811845887594,1.4272993210297709,2.4892378641670674,-3.460440350807569,-8.294267269872565
-1.0379553523903056,1.4283611931028748,2.489304664335078,-3.46074656898423,-8.300491258059573
-1.0378518691527154,1.4284348399997762,2.489385029943196,-3.46074656898423,-8.300491258059573
-1.0377584594627893,1.4294753417369677,2.489428551545452,-3.4610527780350324,-8.306715060760418
-1.0257090812845548,1.4275233137828516,2.4894821571931995,-3.451654191487565,-8.296449553802026
-1.025549343303315,1.427180459839088,2.489634864674843,-3.451654191487565,-8.296449553802026
2.507522839428181,1.5610467442561555,2.4896379474101904,-0.9059130793631125,-9.772946142098052
2.5547947335571406,1.461704716552442,2.5297450713810137,-0.8822439939455267,-9.804024817412829
2.5532623130100713,1.4121472681423766,2.5121112205091,-0.8841908597770662,-9.830104757956592
2.484132062336828,1.3548831544133582,2.430588482857128,-0.8875817620506194,-9.85855369426571
2.349229881073964,1.330632449318729,2.3031594052605797,-0.9351251262371725,-9.947990628158918
2.178430101568928,1.3252726836778108,2.164684825194882,-1.0056394719068655,-10.04587892258252
2.0342288101659207,1.3336648657821837,2.060618855627649,-1.046378492064126,-10.118431961452778
0.5290881298794708,1.3466595873757532,2.0228932710960863,-2.0634891016781993,-9.853204708339003
0.4444097525980678,1.4034886583625754,2.2176452182291353,-1.8913434387367623,-9.565081918033842
0.40487971239258336,1.3972578183256887,1.920158214130916,-2.086093896912741,-9.678590184476421
0.4626282723724836,-2.0196009250485947,1.931540306887051,-0.9939552195798025,11.84163723092689
0.6295086945097558,-2.0220298151318166,1.9194514990710176,-0.9933327214070125,11.852717817980933
0.7698572652423255,-1.9653203143574705,1.9674895269847616,-0.9983054448737971,11.799982110112897
0.8695888067649485,-1.9442797039916835,1.9660199649508738,-0.9967744178715012,11.831100752644803
0.9430763757742617,-1.897040563129945,1.964151249954012,-0.9957359450282013,11.837143804042205
0.9856383114925009,-1.8419466761954868,1.9535009859092054,-0.9957359450282013,11.837143804042205
1.00293079708878,-1.7832563182423122,1.9408735602702833,-0.9964681540655485,11.837325668262624
0.9987283562863211,-1.7229672072152584,1.9266722514007604,-1.0001290246882033,11.838234946006935
0.9907478064309339,-1.6638156890359197,1.9126785864954798,-0.9983585030964637,11.84409467097351
0.9787844769842838,-1.5984580351603963,1.8996730705449334,-0.9983054448737971,11.799982110112897
0.9628418868648431,-1.546731617542716,1.8891838813921547,-0.9963585819721907,11.826061790077086
0.9409732173821613,-1.4975061709355577,1.8769807634887319,-1.0027413788998067,11.843819514856351
0.9383018046835021,-1.447656366453753,1.8692483348250675,-0.9964681540655485,11.837325668262624
0.9331066547411491,-1.4081698009129062,1.8621153050433783,-0.9934727962705989,11.86808060403258
0.9284279205678135,-1.3615747175337576,1.8561780323794559,-0.9960422088341541,11.830918888424383
0.9270951927077321,-1.3257534572918719,1.850100281850602,-0.9964579502088893,11.835959370180735
0.9284826507058357,-1.2836402136419736,1.847676918959088,-0.9970377327868714,11.782131093436893
0.9297029989317498,-1.2618367591112674,1.8420960419844346,-0.9960320922595356,11.829552612021386
0.9317395749286964,-1.2362162914738803,1.8378040820466497,-0.9964478336342708,11.834593093777737
0.9338711942532966,-1.2122337601670419,1.834134527584884,-0.9971698603326673,11.833408624616935
0.9297074692929455,-1.1847734012098814,1.8337871603603233,-1.0019561116397928,11.79952508977532
0.9420239096049031,-1.1703601535958645,1.8317609222105926,-0.99237113435484,11.828643312598183
0.9382769726494801,-1.1614114255058021,1.8290884804137106,-0.994304352026937,11.878160083655981
0.9394496391004378,-1.1288210496162114,1.8295878268923735,-0.9980659502843534,11.774723192547569
0.94054821339562,-1.1258590133275344,1.8273347137387879,-0.9946874286171496,11.841819095147308
0.9407521737195671,-1.1094942450150254,1.8280079714808395,-0.9944682329412755,11.819292787366201
0.940741896994435,-1.102140892676789,1.8261908214284586,-0.9939654234364617,11.843003529008778
0.9336570146325899,-1.0900678155103127,1.8252833460562166,-0.9997030794568089,11.831828166168695
0.9384009638887063,-1.0806744684662082,1.8255629503742203,-0.9953201821357576,11.832103357585188
0.938170754574246,-1.0735108504775204,1.823071931162577,-0.9964579502088893,11.835959370180735
0.9381078758272309,-1.0679766980884304,1.8227374253655226,-0.9958455686107177,11.848406233637775
0.9341674613154183,-1.0533063841697228,1.8243766391273717,-0.9997799580054019,11.801712150256067
0.9359541507141289,-1.05414057527774,1.821193036767567,-0.9983380953831458,11.841362074809732
0.9400329640349445,-1.0407619026194377,1.8229103058033806,-0.9964151688497487,11.793211623512713
0.93996869508134,-1.0429221647731128,1.8230284632894826,-0.9942716142355477,11.836780097280258
0.9401780680288975,-1.038743950237294,1.8238618234904442,-0.9935495875371512,11.837964566441062
0.9403174066576322,-1.0378973878499598,1.821845098555393,-0.9940750470189781,11.85426595860435
0.9403259880421285,-1.0204221154467703,1.8237305553156857,-0.9969179783545621,11.769500881870135
0.9387925370700794,-1.0312073302853362,1.8227979863975965,-0.9940852508756373,11.855632256686238
0.937780668462327,-1.0274837394957337,1.8225596962144601,-0.9951235634300297,11.849590667499244
0.9377483684078153,-1.0187507173454389,1.8217047476908153,-0.9976828594189664,11.811062675488051
0.9384259511632298,-1.0153674174587097,1.82375443356121,-0.995812896583661,11.807026304240278
0.9382476385007044,-1.0203322086003719,1.8218284764053558,-0.9951134468554113,11.848224391096247
0.9384031715583664,-1.0174334599570822,1.8228720600926527,-0.9946976324738093,11.843185393229197
0.9394904464159894,-1.0137318298514915,1.8230149453844249,-0.9945778780415,11.830555181662437
0.9384515435307815,-1.0142366099032512,1.8221267701608994,-0.9954196376544973,11.842000959367727
0.9384655501692163,-1.011832052393195,1.824153005015498,-0.9942817965744988,11.838146430661482
0.9344322827930456,-1.0105969996911641,1.8222608439827797,-0.9986544900388905,11.8365049411631
0.9393380993666205,-1.0092937374286675,1.8222841551616022,-0.9949936194162357,11.835595663418788
0.9382915510386955,-1.0093442702605349,1.824418541438481,-0.9939756057754128,11.844369862390002
0.9333671679142415,-1.0084230739581863,1.8245901742290425,-0.9976364763980676,11.845279140134314
0.939404919707105,-1.0074799853319516,1.8235976723955811,-0.9939654234364617,11.843003529008778
0.9383917723345322,-1.0068258341969196,1.823729712510813,-0.9946976324738093,11.843185393229197
0.9383988225735836,-1.005104363795092,1.82385054488167,-0.9950038232728948,11.836961961500677
0.9383472192615203,-1.0045084422378665,1.8228802974621912,-0.9957258284535828,11.835777527639207
0.9382433092669744,-0.9999239889665661,1.8229232025973974,-0.9969507376636595,11.810880832946523
0.9370217829654232,-0.9973812793983629,1.8229990403265195,-0.998295241017138,11.798615812031008
0.9428023645776777,-1.0049107940015154,1.823036354637548,-0.9914524889507157,11.847315091673044
0.9429849685749238,-0.9977478728233465,1.8221293151211142,-0.9943179757387379,11.802563667933331
0.9369010945552474,-1.005371358842321,1.823316679495905,-0.9955393778116322,11.854629665366296
0.9369705113287489,-1.005139097801713,1.8231011001418667,-0.9955393778116322,11.854629665366296
0.9369621964355717,-1.0047522876545574,1.82322407248753,-0.9955393778116322,11.854629665366296
0.936930939956036,-1.004435632245225,1.8233141751780848,-0.9955393778116322,11.854629665366296
0.9389766362240134,-0.9961277927411436,1.823406434317895,-0.9965247194253983,11.804475536997584
