u_q_m30,u_q_0,u_q_p30,y_q_v,y_q_delta
4,4,4,213.527745560991,-75.6306799475329
117.78121576368,38.0678748675696,-28.96935405546,29.023175031084,-14.0965097209563
24.9680541307108,-6.86640752321023,-1.10625664970752,1.93141132540399,-19.1327612631202
25.1244810890387,18.5649558667659,5.0746408509694,250.873767763049,-119.816290556828
165.175068697991,62.8187059302144,-65.3563032804291,238.335749155382,-91.3583023171963
132.790443655761,21.4631865516224,-34.5419580298045,-48.1414182255788,34.6956530298584
-52.1968607803902,-13.2754523520956,35.5841233105034,-157.099596523357,66.8718829893284
-115.682221171829,18.2131347215613,35.2591191021141,48.3091960934997,-30.5493036334511
20.3421194122838,44.3658945584229,-28.8194052697355,196.836170270448,-87.039100905157
118.719848176609,8.9337771605442,-35.9848706490082,119.338393269601,-43.4005930581295
67.3296594969883,-16.4014851730356,8.71881068029959,-36.0796889265468,23.7016643022868
-40.2760588690777,7.07895891430622,33.1181692570183,-51.0443310986492,22.7793596312481
-55.0296778301474,37.813113334576,9.40003315719033,47.9627978582775,-23.3980208525598
12.0156405863171,26.9873364723468,-16.7253287047476,110.241475328238,-46.1220771759994
57.8736010926525,-2.63551144098358,-9.14244745211725,62.6898621493378,-20.6117201039025
26.8215837565925,-8.34774306363256,14.8286399426817,-9.54297456598078,10.231054597972
-25.412832060581,12.5883640369269,21.9132482538618,-13.0767144049415,8.09778130911969
-31.1234338812667,26.2213426976508,7.38163400028369,37.176182680012,-15.0123429894995
3.7695420136501,15.663450271136,-3.47162337168978,66.3316218329439,-25.1181852641968
25.7992975983728,-0.250779366389823,2.07502970254806,38.4488752154412,-10.7219735489821
7.61271468786036,-1.14404916954082,14.5676596361982,1.80451955804206,4.7059337510367
-19.1533164519518,10.8320387514909,16.8530248407535,5.95941617982967,1.26514029147742
-18.4537094015411,17.3873731538324,8.34596618754504,29.6733721337099,-9.51247586887904
-1.45691062832236,9.87922398086195,3.81655972817507,41.0437601055116,-13.1099557293094
7.73102213821191,1.83030457709736,7.98464266762936,28.3181355065111,-6.46619824655016
-0.814823004799583,2.87282740556112,13.189991776257,8.98090211004176,1.49465911106051
-14.6238132610939,8.51958917025429,14.1363412219351,12.1620890797438,-0.637199722207014
-13.4619903065803,11.3167792291998,9.84572028236148,23.5589863476616,-5.70908254555987
-5.23050416464085,7.00528885102846,7.83714828850621,25.9503021865807,-6.13098905383322
-2.54805021916032,2.69744416425536,10.6244183089641,19.6052416652459,-2.72044268132598
-6.98123096798639,3.68426539289499,12.9751061901871,9.57715624946343,1.37592310382052
-14.0263113472504,6.0574254444134,13.2678162456415,10.3487905385594,0.513326630903794
-13.4951956528927,6.86268449298672,11.3860508127155,17.8366586267285,-2.64113844708774
-8.23630719578175,4.88803612039716,10.0673641733341,18.6606547906339,-2.45452931288353
-7.45624295529733,2.51694457994463,11.6033532058613,9.97827240313446,1.47122215524334
-12.8384475829505,2.26281207235334,13.7291064022051,4.39824697489064,3.7180150249198
-16.6675556269009,3.8159370083981,13.6700089617957,7.15670996559515,2.30420977732486
-14.7505034945542,4.07823747562088,11.962447682565,10.1217191666652,1.16567397940346
-12.2936056924014,2.1236320486729,11.7932361585954,9.46765339229317,1.65408674689556
-12.3676744558856,0.901170628343897,12.8003270590071,2.0391184762347,4.67702036184314
-16.5695535269631,0.681598675751012,13.9596743103591,1.33973021859119,5.03736925021902
-17.3548210352427,1.91204943137123,13.3415324989159,1.48931144826277,4.88708316832644
-16.8942964267172,1.1111926395254,12.5378057158962,0.173749439090579,5.55497428307061
-17.1090690399294,-0.485904938933451,13.2935381790231,0.905092744323775,5.18653509005952
-16.4237059486889,-0.575804060357859,13.1138835605397,-7.81973319884326,8.40455541570204
-20.8462445826717,-1.75266556346209,14.2197749379139,-4.15429557767303,7.1511789348628
-18.7483395596551,-0.390964104385649,13.2733407473019,-0.909908783780594,6.0458719015984
-17.334960388706,-1.08280452850421,12.0076739673243,-21.0289408888524,13.6398654065509
-27.8245417210591,-5.29079519574417,16.0040318448064,-15.9777932383341,11.6651471781983
-25.3130409223291,-2.53897103266827,14.6268060162997,-15.5769945076489,11.2898951152965
-24.285179151075,-3.83956294970686,12.9376644106567,-24.3111764661398,15.2524079249605
-28.9203940643637,-6.67959462437216,15.9041836658131,-18.7905331569795,12.5975199717299
-26.5658372617307,-5.01072692447679,14.001022022829,-56.9434754543804,26.2024548140563
-46.3342710476566,-11.716893149154,19.2010913520053,-43.7510801066856,21.4879628609099
-39.162488271534,-6.96731093821876,17.127339847346,-27.0645342431343,15.2218835293806
-28.7006383103562,-8.19453479685649,11.6683427147865,-57.1529495149442,27.0469793925011
-43.8374674841883,-16.32580853506,20.1308182960556,-43.7498563055202,19.7926594307556
-32.9778022993094,-9.33945445109663,15.6783298562578,-22.9475417390746,10.7132488711575
-19.2682382473247,-6.82864950723271,8.62082951748353,-17.7969103524735,8.87942406563193
-14.7920770422699,-9.23910795540255,9.58213198202131,-27.9478189608978,13.2032970648358
-14.9445380810879,-10.1992229700613,11.4436859401345,67.4379599485002,-23.1869119218424
38.980906462477,8.87654428555968,-5.65007890504419,67.7764437985432,-26.6561682637078
44.7125965171036,2.00610731028951,-9.00826780532685,28.7583197769587,-11.9582756031698
22.5434374505782,0.397716654937542,3.33729424551485,99.0896484647336,-40.4520043288428
60.5014456361886,21.7369248106784,-16.0822907237192,78.0877315404577,-27.7186909751118
37.2327061225413,9.71209503316387,-11.1468215963425,-40.4398890284688,18.299485121192
-31.4001922252959,-7.93081147694755,15.4439453057842,-37.5044609277424,17.9750492035799
-33.4522747790516,4.66222897146318,10.2405365844913,53.0260310564065,-17.8420077774334
19.6660340645071,10.4883603438302,-9.61797214404394,-5.76555175727559,5.08539255778383
-8.99674115028679,-16.3493012791223,8.28820482564058,1.11480641008522,0.985172784278193
-1.7724250334936,-4.52418364462266,12.307782477372,52.2104979772217,-18.9071711336073
24.495693891738,10.5527779385415,-6.86369164645471,35.8291340849324,-10.3569685617709
12.8740072043272,1.46294589907664,0.724997112895865,1.4420867537049,4.35908151926478
-8.15360524426815,-4.68699074189928,8.36705377861071,29.197360285519,-9.94583137919202
11.1247611585683,5.04396638401621,0.663547934969654,71.0798033670479,-26.1400876109858
35.3509861245905,7.28629625194736,-8.87191738723514,58.9686527174802,-17.4658006583199
24.6549206732053,-1.51427461798967,0.132034881459201,23.603885012484,-4.3660264443902
3.84743119395736,-0.908273829570943,6.1142028892611,45.2341819669576,-12.5701027668682
13.3913394981712,9.28548300021965,-0.950242196053595,58.4391705474274,-15.4437711376012
17.6732693104496,5.45146168298657,-3.67115898160788,20.9917622910132,1.50528971625526
-5.62040491658462,-5.50119208475919,8.76168572451607,4.1406885409364,7.74116202598569
-15.6088876979734,-2.66834290758927,11.1095507456022,18.2691734957889,1.48933663042357
-7.59040273663419,1.56461234461441,5.36919839502409,29.1175031112307,-1.96446705654219
-1.29373780634246,-2.00821024438201,4.64313976909985,14.7059873664373,5.66479288880655
-10.7663769206552,-7.44027410095493,10.6050362832575,-2.8499500733005,13.4598408613687
-22.2852865016873,-6.66159532745814,14.0200899095501,-5.76421171174489,14.3410984661007
-24.4928555772437,-4.25304109890569,12.0336276215219,3.97831128816674,10.4680566785655
-18.163239041224,-5.38416131909864,9.66620279408547,2.53759441249259,11.7686104339744
-18.3228991920213,-9.7953005768289,11.4810718400228,-6.66757909962861,16.3103801469366
-23.8000642415597,-10.6391637592957,14.5588439003769,-12.0275353596272,19.5063687426116
-28.3846829797216,-8.92618388169249,14.4453519293604,-21.0294580167963,22.9576133299228
-33.6295696386434,-8.93870354523539,14.7663878788196,-32.5908023021977,29.4130576969432
-41.9426532179326,-12.6710189919867,17.2696968983971,-52.6977739172113,36.4517517338064
-51.1344308847261,-16.8801265215784,20.4064369133711,-40.5492297643088,29.5299780360063
-40.8516351901669,-12.9885424366239,16.473989562868,-33.8181606870005,28.7701099068704
-37.6282535605104,-15.2999147843853,15.093647966735,-69.2630708152747,43.5334230235317
-57.842931191092,-21.585413652853,23.1545875484043,-83.9914337835857,47.9181502802236
-64.1599018620012,-19.3759530757476,23.1840765404371,-60.8221209506102,36.6163100341944
-46.8600640112809,-16.0619790868151,14.8245336055096,-37.6671968109163,26.5008883671143
-25.8602203057444,-18.0847370457074,10.9855855548009,11.3572114409317,10.7958138560676
0.903599693306145,-12.761156272732,6.0890178823427,-23.6693305734522,22.9648208221906
-16.2434460327072,-17.0442603803036,10.6210312355345,-49.3749203388158,30.2616260302589
-28.9877663847665,-11.0937332385524,12.6888941151733,28.6606119118367,-1.9774343234761
16.9009181058848,3.54947942050064,-8.16363147084743,16.714555668817,5.80527578209832
3.30754592612622,-11.9622551172059,-2.66379941566436,-116.958969351671,57.6778073975051
-72.1373576863017,-30.7233474959129,26.3648286858052,-114.212878716496,57.5559640903302
-75.799370002701,-12.7764182379288,19.3859357711676,-41.9146464819464,27.6674390191607
-30.6023796214896,-9.22437693135742,-1.22250526395444,-86.1894043378737,46.2803987904423
-51.0435414594155,-35.6063807118048,15.2964713045098,-75.0768570612585,38.5461441102685
-37.6990821055835,-26.1872687458817,16.4798972285584,-61.0989562651751,31.5660893075192
-28.829372817373,-16.9738317074926,4.5077411743027,-38.4898372015192,22.9927302711197
-15.16768004986,-14.2732075204927,1.97664942818054,-54.505674856647,30.4531650912815
-24.8581104579681,-21.1279695238755,3.39445274008666,-69.6831722692219,35.3702121178873
-31.2728710533006,-20.9411040547692,8.12167013167247,-55.179896420531,27.7192687780366
-20.6881863340005,-15.4752143652478,-0.143320596160593,-32.7330534883476,17.8897260149228
-5.04554076179461,-14.9563716432779,-3.83170085421754,-29.9601372680886,16.6593349125985
-1.705984072293,-17.4293029285829,-4.16192967752798,-31.549888652385,17.6266039131731
-1.51250689092732,-15.5464355160393,-2.55934810925256,-13.4960499330868,10.0253378931287
8.81644026163727,-9.06665155649945,-8.7849375652585,-5.46325671817089,5.85444734266325
14.7966078580948,-8.84281059907542,-11.0627653754288,-9.60214402866426,7.41665214290256
17.1607454393271,-11.0377649323503,-9.8255426856364,82.1265488923758,-28.2062521684952
69.7346980734257,5.83534724227148,-25.4217228023657,82.8772015863372,-29.5930025094743
72.2408449492714,-1.73794498016941,-26.9409075953164,52.7844884552423,-20.1969050698946
56.6673035545748,0.204429599679029,-17.3706204810962,128.903061515431,-48.8744505493721
94.4391166784466,21.6146197076849,-36.9085866295015,96.2966823854983,-29.1228640391283
65.0023437952683,7.28192767097314,-27.4142293316223,16.2164869451859,4.5578361266182
14.1127636700354,-2.11089916507236,-6.20872940703498,14.0369660594846,2.68230110320712
12.1181818830833,7.25788295204379,-12.6375206178457,63.9506791853454,-18.9066816181518
43.169403040008,9.14536036496759,-23.6102818943817,67.6231671437723,-17.819183277718
44.8884724360696,-2.69268860936871,-17.5013314658747,34.9756965775759,-1.55238910994806
21.9646077465044,-4.99031799446403,-5.17523466550728,1.75154467835811,12.4850064788856
-2.13078180574291,0.621306992714456,-2.92603646565896,5.07622995362133,9.85266760165176
-0.926585513970076,3.652655519616,-7.24190941682744,24.9050011923636,1.4334709860294
12.5978496201443,-1.79380721994655,-10.6179534187024,28.4617498675604,1.65155707477109
15.2544998937375,-7.98529159724205,-5.5828501993022,8.47308853483099,11.2907547723102
1.65332622955143,-7.78133020340066,-0.17288131308321,-7.35588979014347,18.0292279689408
-10.0544504287088,-3.42129255057889,0.657434975248507,-4.80878785256218,16.3521994563229
-8.76258646165778,-2.72253132735689,-2.93071426926928,3.95322814962763,12.8794678778236
-2.27761352097742,-6.91556758888235,-3.3529354450113,4.76650676921231,13.8031576733202
-1.62804363642224,-10.1695181675647,-0.879076611281874,-10.472715955725,20.7904448268304
-11.4077899098573,-10.4061301159801,2.68251748717127,-19.6921803214788,24.3903919486997
-17.4772411743984,-7.87358167184108,2.49677821529598,-10.4874238307033,20.7399527451571
-12.1336204015049,-7.00581804483136,-0.831206305800281,-11.1568849620663,21.2253003232731
-13.5716552214886,-11.3369695119935,0.00846245442976912,-53.9391472048952,37.8058100389782
-36.8906063348915,-19.040339892368,8.6299746408352,-53.2731741027361,38.9107345197152
-38.5558106456298,-14.1064906319011,7.86816962490809,-37.9466894848307,33.3312289226047
-29.7165954590878,-13.7593088390854,2.32911648108905,-67.8677301317634,45.5977298545197
-45.2127381843447,-23.8189275751397,10.0107544886302,-62.5715636826278,41.9193672489376
-38.8547277318244,-19.9462702264356,8.55600888087311,-48.6586855864464,36.1143213223974
-29.4420434820373,-17.9894549596779,2.74504466352993,-44.2445980387999,35.085006359658
-25.8098369081011,-19.7738177503043,3.48894957756859,-56.3280536850294,40.3182770574276
-32.492081265579,-21.2564685356775,5.09884065023049,-66.6986645135635,44.5975684023537
-38.2600877284026,-20.4130751636232,6.06591957909344,-66.8278008831473,43.7879279606009
-38.6573020627314,-19.8728513464829,3.17416571726554,-89.4493863399213,50.8947306780534
-47.8995003623574,-24.9599019648872,6.06223962896745,-82.1475146843739,50.8026545148825
-45.804005076426,-24.0632829799146,5.9009178839297,-90.5919751885018,53.9763350537126
-48.5109271957433,-26.691593109185,5.98033726076358,-111.786112320056,60.8807370554879
-57.1715234863055,-29.6068119353435,9.17579344468673,-77.4501435292313,43.7527333015233
-31.1676209882672,-22.1371015209191,-0.737344470679687,-51.6821310179819,33.2416279763761
-13.1878897596248,-22.7027536919456,-6.76300534265044,-49.2096256255166,34.2970125949415
-11.9599430498431,-23.989359833407,-3.55314581959745,-81.7325741727706,47.3838704116423
-31.1336096564243,-24.2273939345572,0.185699053077792,-78.6822551405855,44.0752408127662
-27.6109645249914,-17.5842903081068,-4.04080648526678,-47.474194471984,29.5120499635536
-5.84798790515817,-15.9805753441095,-14.0560820400958,-33.4911131604916,23.94822486484
5.33289027403276,-20.8221366418371,-13.3611125129053,-37.4024171653862,26.245666395014
3.39943715213682,-20.2141748447987,-11.1644814055193,-47.3617075586585,30.3671370730675
-3.58336186480119,-15.5025533226806,-11.1700993519449,-45.5419593306429,28.7492181057548
-2.58151854355464,-12.6150402769444,-14.9786919706595,-32.1734208294158,21.7914445460147
7.87967630728405,-13.3670211144674,-18.5269390931309,-17.6366375246754,16.011494797722
17.9041487817927,-15.0626321585091,-19.8375444623053,-15.0418643206799,15.0874599887788
19.9391621045821,-14.0140679800512,-19.1229494993031,-19.2231877542209,17.4151517171022
15.7448741601451,-10.9333329047075,-19.0492342034264,-24.723094377238,19.7186878285457
11.1689077602478,-9.8037048234913,-19.5253628023591,-25.3326483455001,18.781044966893
11.9253474603475,-10.3973867296225,-20.5671063218604,-9.89953019944094,12.3425796809196
21.7835346564314,-9.65531063274811,-22.9406405258075,-7.21274016871613,12.171796548685
22.7063260518769,-10.8547099132546,-22.2471642924916,-25.5998264960211,19.9060224699869
11.0584849435758,-11.8110990973363,-17.9950017042305,-27.1465670574601,19.9370798246769
9.64659735567068,-8.0612437761064,-19.5223872087507,-19.2392963178628,16.3087669129607
14.4400742711381,-7.81494127309428,-22.4115483923528,-16.0944601682468,14.9446821536839
17.2266791915915,-10.3761414288578,-21.5374119851356,-16.3656460199383,15.0715372663333
17.4155869478695,-10.2328805558247,-20.6701662300252,-25.3408028790635,18.7615435560722
11.4555371402461,-9.51453985867446,-19.378659590703,-24.0837427227921,18.125754531159
11.5734336421775,-7.29969544957538,-20.4288245707633,-21.569581637148,16.9026437041727
13.1649822205976,-8.03383706411599,-21.7102742905465,-29.6293435450021,19.6022902441527
9.49996162384704,-10.6894216332419,-19.4319496842365,-21.0650964383031,16.0181809322447
17.2343428853091,-8.0438513915934,-21.0796249721183,15.2030219922293,3.14564263527975
36.469307977401,-2.41604455388725,-27.2666083755707,5.75265826844337,5.85646501539619
32.8240160002593,-6.06776727039728,-25.1453727018078,-11.6877021602974,11.804633911077
22.9780353867601,-4.80488099234511,-21.8415863651652,6.1073758301497,3.96812850313266
32.4828063800462,1.74510753521981,-28.137592715563,9.33074662113323,4.96677625126704
31.2880077562499,-1.49875881523939,-27.875758639293,-19.6872988923862,17.6421110290943
13.0430091829498,-7.56560284491609,-19.5796990374348,-30.9411136923984,21.4594005678585
6.2912134041298,-4.99985995478985,-18.5182577968213,-9.7021287918163,11.4371968908231
20.1125979204333,-1.71232151806369,-24.969387714614,7.67952712149418,2.92979597867021
33.4341386199228,-3.72057088333086,-27.5292648789834,22.8083814882038,-1.50387331505394
41.2022016093392,-3.03746249371673,-26.9437460733486,6.96592931078658,7.16828089609321
27.9674250009832,-2.88729546116485,-22.9012700629561,-16.5658223732535,16.8658866342108
11.6575974813691,-1.25966921065075,-19.4884361616545,-14.6125521532187,14.2736033958619
13.6946646567151,0.686768952094649,-23.0279908458613,14.712980066399,1.92981338235225
32.3824969844037,0.554700754141099,-27.7814052760898,18.4241283857839,1.23630491138047
35.1828020336078,-3.87344131353926,-25.4014030987811,2.88437879444768,8.68417864777444
24.1705146163683,-2.99291412619689,-19.8947539197989,2.12437548834325,9.15706725404823
21.2913398325577,2.96277318367867,-22.2819130132748,-1.13296454734149,9.76381938957056
19.1964477254544,1.94996387373995,-23.3528539054066,13.6438248850429,3.62958568495583
28.5413207483788,1.23816313078942,-24.6872014926981,15.9250633553397,3.17399571053365
29.874297937777,-0.934101317968842,-23.7364195926619,6.28843709288737,7.82836673033493
22.9628295996888,-0.404505109670584,-20.1121858647286,8.9483592602119,7.30829403679564
22.3798094569803,3.46697066275902,-21.8332906379918,2.82795169383229,9.41172387452673
18.5210002134584,1.89987901419757,-21.5002591643724,5.45056410277621,8.2094578504393
20.2564869137148,1.06660747576242,-20.9479750899407,16.1274932374614,4.23525223087612
26.2572270400096,1.78891250748717,-22.3820154762683,8.06807618852213,8.03157180823266
20.8482776121016,0.268913454508956,-19.7666012899619,6.01760145034021,9.40088970803053
18.2008655517868,2.20665325570137,-18.9882067417806,1.95154926244777,10.7800954866508
15.3773806058392,2.1381850152223,-19.5312432453153,4.38900006785712,9.62902127919453
16.9231943646911,1.84591379206097,-19.3439405216561,12.166901038405,7.08422455250636
20.9039291922222,1.78443425198902,-20.2619961331134,1.88962936814115,11.6706355038058
14.4285429782182,-0.261414263118216,-17.2133752291162,-0.615248375120668,12.8783783971876
12.1178681410084,1.51516491546039,-16.7357389730253,0.0510938142713582,12.3134158762552
12.3357423216951,1.96302691101419,-18.0864269698093,1.78154241857408,11.6452698126814
13.5537874047619,0.976960391834967,-17.7481462368561,5.0972742104319,11.0443771069667
14.8144226221724,0.597654549294414,-17.5438306156213,-4.26010093006865,15.1450201377723
8.86520783706674,-0.574924710702335,-15.347638397325,-8.75081202251547,16.8921691064277
5.84157657984121,0.385877895996281,-14.9741623206181,-8.85493507139892,16.6186852337483
5.92292920193159,0.287100009376056,-15.9544786040722,-4.76965680052842,15.2935085734891
8.2945919341643,-0.424910590583252,-16.2996442828506,-19.8901168917782,22.0487880873834
-1.11162438248489,-3.97288146579691,-12.8659938814073,-25.1743600709513,24.6192819926654
-7.8376382593019,-2.90617619855325,-11.4509489092936,-75.7140299951374,42.8790597996195
-35.3487743840875,-10.7833743071441,-5.1755937412987,-69.6447157123341,41.5365556546727
-33.1184593273757,-7.82881240292044,-5.27479102712821,-40.3085764933283,30.0870986870477
-14.5395163350122,-8.09717222915778,-12.8902543484041,-77.3168969392559,45.2347562201661
-33.73174709947,-19.6522663408895,-2.09470500461251,-68.2014953411645,39.162868550234
-24.5779069770965,-11.6239955002018,-5.00778590049396,-45.0789314249581,28.9362926794682
-9.5720930857849,-7.32766611411335,-14.1530437238469,-28.4921341100654,22.9250116004152
1.31687489765205,-8.88730804911564,-14.7302140512102,-46.2163121040776,30.6114731873089
-8.65917438482513,-12.6750635888934,-11.0991543393909,-50.8766629473795,31.6807283102857
-10.6929994192587,-8.23060203953069,-10.8031741816282,-34.078324187506,23.8673691644949
0.0233563319215824,-4.17181564811646,-18.0781439036259,-26.0854482884653,20.3487689076292
6.46375203075826,-6.88791963474084,-18.4521588537293,-23.6418658205337,19.7603202762987
8.44643865596626,-7.67792413356346,-17.7633663100911,-28.5622751474877,21.7878477536086
5.43569658995379,-6.06724891292261,-17.0309045922587,-30.4516897397299,22.1454184217163
4.13139154756024,-3.91833983012017,-18.3596229512136,-20.3189085293067,17.4353541131194
10.8149587250869,-2.62921492737688,-21.1709789369984,-16.1057792760115,15.6290844539535
13.9545947913875,-4.44965952514016,-21.636783655996,-17.0167139346866,16.0077041419525
13.8264976678843,-4.55223849279029,-20.3355960162195,-18.3541987758495,16.7442250987596
12.3132146351638,-2.80543301274951,-20.7588232078856,-19.0230253791395,16.9562169037058
8.48283856605739,-1.96343183509879,-21.1634986207475,-69.0889228573785,34.9647564729299
-18.7212193422508,-10.5168985963497,-13.6040161561497,-57.5956623794027,31.5109061835306
-10.2276355480691,-5.83289153296786,-14.8525862860393,35.2049559986125,-3.1923834563504
42.387378888252,4.72301913844404,-32.5220339322727,-13.9862101953644,15.0211644199061
18.5073302339049,-12.7882970377273,-20.0211578586534,-34.9729594631226,20.520087476211
8.99541447360829,-3.99731819289277,-14.3867388935721,41.902455210312,-11.2480582991392
52.0182401040065,15.419873570613,-37.896510724349,34.24387340013,-4.84697034529586
44.3134616508771,2.12337376730258,-32.4329682210142,-11.9006021608524,15.1962627972659
15.6521233880075,-4.49955795810254,-17.6672378916041,-23.3491053307072,18.3974154372319
7.63884672849301,3.65222113598093,-20.3740811690147,2.3390239366113,6.15042348333853
22.3292454643749,7.92313678120682,-28.6987994616643,-8.78101683743726,10.1142310484929
17.8045331490839,-2.44630696283541,-24.8307805834879,-13.8277335104991,14.3625272450922
12.8925566383518,-3.53027820288049,-18.8502084149819,-19.7840535441049,17.6351847950745
7.32438395619409,-0.453810731712151,-19.5627530280803,-43.6366141694026,26.6074100818418
-6.83805890740297,-2.51901653164207,-15.8832083099954,-27.2996699422519,17.8256289814156
5.53999077092799,0.47866399379541,-20.7171482387064,-5.68014644903023,8.93667036157477
19.7569596206951,-1.04700442002636,-24.4977507265346,-9.89072715220134,11.465069791245
17.5962473096035,-4.01217853541944,-20.3504323136641,-25.0841847861106,18.221285901502
7.1698853583374,-1.87971576536316,-17.6442527213669,-29.4380919945591,19.5235306730117
3.5788058003749,1.53900072948286,-19.2746838505304,-23.4924220227031,16.085468667112
8.2434138351066,0.840965732510868,-21.8946083317853,-11.1907888833788,10.6496551884372
17.2394688925239,-0.906230282879088,-22.8651440968453,-11.8244210986518,11.1841079757574
17.285175564367,-2.10669883775658,-21.3410286267913,-16.8637408078815,13.6441194192769
15.6887104942551,0.137028408408816,-20.1004758990921,17.3962756042,1.06937039215205
33.42171844526,8.09440251419335,-27.1995484058623,15.0643105408894,0.340899710716836
34.3844650149274,4.35436990684365,-27.6349806436543,2.26848799576377,4.61839058632882
27.9823983970507,3.18679021456872,-23.3104813216562,42.3060289202713,-11.6589359846808
50.4887253724019,13.1384897614,-32.3745752306226,34.0559995481989,-6.2420937337929
42.4356883141457,5.07763898748938,-30.0355879708393,34.4555270220362,-10.9864901362424
48.1867792553139,7.98854400431113,-28.8690589876778,94.5240679917665,-32.6113259095249
78.4818437622998,19.3410812788564,-41.5942046427613,76.8764668329214,-19.3315042458133
59.6997640845228,11.187105640687,-32.7655586306388,-7.12711306225032,17.3248343215547
4.07132890050516,2.95550058487768,-13.6457481542214,-19.2150552738122,18.4975765227386
-2.40890521710544,11.7314701468272,-17.5164661650097,32.4658464482177,-4.9339109330123
31.1129822170194,15.4132983024273,-31.2557331697414,53.3295204303671,-7.77926530260534
40.0697321945344,3.81233622849759,-25.6893879706669,-26.1591757449334,26.0068307536276
-7.8474506502933,-6.44641020413285,-5.23255431653831,-55.290922822881,36.7798055465147
-27.6975390597386,5.64216855908804,-3.94261879952765,-23.5346348792339,19.446232689338
-5.26083957488876,11.4218853412375,-19.5259357484308,16.102019794863,2.30629289986601
23.4652564227279,2.8968271625806,-22.7759117843156,33.4113816256108,-2.00676540229195
34.0890977288355,-1.3182322245607,-18.9725089972433,-7.81500073116674,17.2375431800424
5.66178348096611,-0.394701445237276,-9.29886930823553,-34.4187946399744,27.2174310654195
-12.9987393440512,7.80405250153894,-9.38309113722577,-13.094614764515,16.5340081683887
0.523615615946908,10.4850138576539,-18.9048537166083,11.4960271745063,6.13788906668208
16.950602193218,2.75174901635727,-20.7789637675585,-13.746622396695,17.117633251032
3.67384400950833,-6.00478845413735,-11.1187613135548,-31.2733051941947,26.0201923064092
-10.1169558308209,-0.220398697864545,-7.22788051024971,-31.1392169235483,25.7814324546957
-11.8966316250946,4.92512411594533,-12.1868489012586,-37.185306581916,27.3697581764712
-13.8720430357737,-0.531042381836544,-11.6520958078341,-22.4884333444333,20.1508087366902
-1.553360506218,-2.31001769759634,-12.9563021159099,-10.6542588992677,15.7587932867868
6.48977911747682,-2.11799660208241,-14.2035261323199,-15.2228205841715,18.3907195828779
3.15350257380664,-0.891513709161948,-12.4287262712504,-28.1492914891919,23.74429931255
-5.5895205435073,0.38538366409342,-11.6258716807716,-23.8977679374853,21.2643302967415
-2.60548517109572,2.10938537549883,-14.1051948875017,-15.698918664654,17.5038290424199
3.46440871704956,-0.864221411296588,-16.2055592526854,-3.47039505520913,10.7104089009886
14.4799239864239,-0.81616972573381,-17.4042001492195,20.5289091084387,2.78693692639667
26.7920782240866,3.36479223020942,-21.0640423679755,2.26305278713645,12.6565594021393
12.3647241894155,-0.497221475100108,-16.3168796786258,-19.5487825674674,19.0198902830122
1.34011855699839,0.777366784956913,-13.9393859883954,17.6791733549767,3.55521431075505
22.8243969571881,8.09530639049678,-23.7353451113208,28.1267724092252,1.96538714332357
26.7720930066374,2.37447390524254,-23.2480969671602,-10.0343026983505,19.7607392678742
1.88996484759105,-4.51308197885669,-11.3001072682275,-34.0901009075841,28.3744371372474
-12.7642196163063,-0.213370655295003,-9.63251256043737,-14.6405299926972,18.8286041605952
-0.328247742324763,4.48113059968136,-17.4044500241345,10.8235862823937,8.64972244053676
16.4022842769976,0.559013655428393,-20.8463891756426,1.19199597038841,14.1944365036489
10.8519216526655,-2.8685818806649,-14.4528274165216,-38.3496626864026,36.1064052707178
-21.0565738735241,-4.25894002336326,-4.41831813122195,-103.838991838616,59.1651133066612
-57.5801577103154,-7.22849727854775,2.53014792336022,-68.5817195239232,37.9692372171124
-28.0215480583423,0.115964647261393,-10.6044338890005,26.6714631974412,-1.80298760914599
34.2705426309826,1.41771083114744,-28.2684561405038,19.9009108744456,5.82781778184994
29.3145039432058,-11.2170747370148,-16.6903295807298,-45.1824460960345,35.026765855245
-14.1979003705715,-8.23650709396343,-1.65747516926107,-71.318951150183,43.1388663172096
-32.1079492656022,4.49280075252516,-7.49606996670783,-31.3841273626605,23.4340265352559
-4.83787943527187,6.410012861282,-21.2737583095469,6.50920456982909,8.10377674483091
22.3796453177219,-4.75614635925138,-23.6214123174328,-3.35252059506555,14.6889701252997
17.0230758411294,-10.5121441643874,-13.8582206135175,-35.6797804443095,28.9852772009818
-5.4785797203209,-3.44633911122281,-11.861773169177,-169.518721036344,80.0760643111606
-85.2331546615774,-16.0803592997795,4.59915068249152,-86.2990512697388,49.3058335793954
-41.0432642206671,1.02946430784109,-11.4729563523619,-66.6432670688444,43.3120633929249
-26.7149797585758,-19.8725563317043,-17.5524646244753,-135.563582890822,69.9936522684648
-58.8128263369825,-37.0385166305042,10.0690468995467,-101.415643596724,51.6816766319765
-33.849837835448,-13.6747871037974,-6.36230923015164,-45.8695564868912,28.5964595151615
-0.210245168114385,-5.05562819646093,-22.1588078159427,-46.4358557295454,30.6202612158702
0.412670392057215,-15.4905759508465,-18.5839978386419,-72.2482853280059,42.1544798858204
-14.7809007633913,-17.7961290738538,-10.2233191785259,-78.4812019045472,42.7972469835193
-17.4952279640013,-10.1482151113775,-14.6726433317227,-57.8759960743556,32.5116765025596
-3.01577718867295,-7.08988534983115,-21.8772246853681,-12.0076264849466,12.4563665587918
28.2570311066406,-6.00935376928998,-30.3246918485521,-5.69896684714959,11.5305452545829
32.2411914026869,-8.10797140370013,-27.9266739543404,-41.984735487405,31.2001972282294
3.47109698799669,-8.3956215614161,-17.7989865482671,-84.0514737559916,46.3156346306949
-22.0561568782871,-5.52673186564833,-15.1271957844525,-67.0898491255492,33.3877948434257
-5.24733130481955,-1.62639751354252,-24.7224611759594,20.2689329396637,-3.82888281954483
51.9783749685189,1.75562409802146,-40.3522010145019,29.2164855864972,-4.18505503045661
57.1784130306269,-7.54449552977068,-34.7299500620602,-23.959291848499,20.238144388787
20.9264858114684,-6.01384108492578,-19.9276015926645,-39.0096829959326,25.2647745613984
7.78639947251913,7.67266599352344,-25.4211805542061,-22.5346708584465,15.4121656338284
19.5326122348511,8.00445649594942,-34.2133765021006,18.4320313294746,-1.9796580835425
47.6262340530294,2.29538222703756,-38.1041587473948,22.1166998146247,-1.83940205155689
50.3331186095795,-2.72021910532272,-33.0762743750114,-5.12784371901459,10.7641492153278
30.7909064279302,1.25698361718406,-25.9528156393186,-9.17988361218297,11.917839448143
25.1096687649404,10.3983999744487,-30.097946078305,-2.65653892201166,7.69969966545034
29.4212045055752,8.95944926174032,-34.2486113544296,13.5360991379684,0.634394097257279
40.9527920674683,4.57418780201442,-34.2495819574974,25.3027366275392,-2.87773750912969
47.3041881039246,4.23433555236553,-33.1482831505337,6.20995957999596,5.75687637782573
33.6527666897276,2.81458449719277,-28.4199587774301,13.7931673975892,-1.54078700865864
41.3963571575419,10.5915462788601,-33.2531680085138,66.7024764157153,-21.5302564121737
68.2231879574995,16.9227143458411,-44.2435441636846,31.0143171072427,-3.06853856673002
42.3891466233109,3.62787252436159,-32.070538371686,-31.0907001064581,25.2918806740698
-0.489067625657392,0.365809909632359,-16.2544210466869,-37.5137760200407,25.0945705561595
-4.2014563649024,8.45607156217717,-21.8416566150926,-10.6416156016956,11.7412271423907
15.060433352537,6.60444799780383,-29.2165292168768,23.8977570945059,-2.52470760837474
39.2821918096133,1.75713977424743,-30.7250226379714,12.7561553268055,4.49441005535742
33.1747116650705,-1.23165792638548,-23.8082832386527,24.0102942851774,3.28030319478368
33.6478823809367,10.1199885843582,-24.5293237704849,-4.96575550270301,12.5571270006368
16.8914057397656,9.17369621510083,-25.1530099613738,-3.39358255062174,9.30625279164959
20.2766399056759,9.40146972519177,-25.2248905834154,57.3104831421777,-15.3227145301801
56.9326056605783,14.2458840016517,-37.2951649301521,40.7774337964935,-5.58017491510888
42.9015539567605,4.68173862814726,-28.4306755125742,-31.9280346371964,24.4225243443147
-2.60197356734674,0.71720090966144,-12.6580684480608,-43.9116400261652,28.7900730261125
-13.4366424507548,10.1316424202186,-16.3475373391258,-3.86163991736827,11.0888248662493
11.8900628676262,10.9159720743635,-27.3087437582598,-6.9023603395417,13.0424590171737
12.9131927660552,-3.13032972045243,-21.1034269116507,-14.1947871250171,16.075421058466
10.422964524934,-2.46683206862341,-14.9233535123262,-16.7600941063741,17.3278530763562
6.83954065055137,5.02701398070672,-18.0659442173616,-14.580272117281,15.8669555596075
7.56244759403717,7.3771605052852,-20.390607756266,-13.2983395602984,15.0701753692475
8.96194185167184,3.93930911826964,-21.0467774687617,-5.43984519402322,12.2195080281454
14.2904765087574,2.59656186368845,-20.1258062803614,-12.719867332259,15.2876332916144
10.120364151579,1.8342572682687,-18.748847110804,-15.6259514046721,16.1931048911102
8.21130233845197,4.3608485457599,-18.170391289487,-8.87531683387237,13.1176203858676
12.0114853341027,6.04419800711437,-21.3841556139176,-7.05205292756735,12.3392978594217
13.5858513841248,4.18265393235732,-20.7963050343329,-5.98457012359857,12.2454398235431
14.1137800607377,3.6794033129685,-20.1902915654636,-10.4501370896778,13.9733651305972
11.432830336654,3.99836979322223,-19.2858189572162,-10.6896287378091,13.7944987387925
11.1545148411005,5.28078856109504,-19.905622773786,-4.39050827559767,11.1058634328573
14.8970166179935,5.89046114471344,-21.3966740353727,-4.93280566194373,11.4794145270064
14.6772089053504,4.36270345447378,-20.7316786906004,-5.42350424638363,11.8346841314556
14.2106872173912,4.64825635018287,-19.9053866905376,-6.75316239485855,12.3442145445131
13.0677351232901,5.35999495664915,-20.1719132455758,-7.16419659250997,12.4375091700625
12.6925315023722,5.53920115950562,-20.1249031365696,-2.77420070772555,10.6459620338783
15.2314560412611,5.81417190999659,-20.9731921341713,-3.15670492835894,10.8681777942133
15.0727231856859,4.93623342709618,-20.4459963523822,-3.73899784388683,11.11848980285
14.601485664815,5.28449723433939,-19.9986258748819,-2.75754983123029,10.8108472336611
14.7242341208166,6.04393603090255,-20.412572101902,-4.39633224172438,11.6619970824375
13.3372177015548,5.57479401575397,-20.0177649405292,-4.7008012758078,11.7068465523443
13.1316499792046,5.45529910427965,-19.8005283053637,-3.20476326031655,11.1511977432564
13.9047152439102,5.5489995965554,-20.0107845589876,-3.0020530501294,11.291388453431
13.6864858143174,5.14932726477466,-19.7131104809823,-3.7824819711676,11.2928070450156
13.5182697703956,5.22590167747606,-19.5735956270521,-0.275005726512082,10.1189244625203
15.1378287858256,5.96853562077269,-20.1610993015875,-1.17803898095222,10.995519436314
13.8265634862784,5.42357034040557,-19.6645582881988,-7.92469743321065,13.9822105686771
9.32598049106824,4.51888189006221,-17.997371352165,-9.88394071149928,14.5714390864264
8.16293607854598,4.90848505909378,-18.0358836511184,-7.44405130058481,13.3288224574362
9.87607861972541,4.91080836332868,-18.8320867955073,-3.42084827241609,11.9783605381248
12.2133757137477,4.50494956195534,-18.9803968139927,-6.70656494730235,13.8220806180954
9.77494423585456,3.57900711813798,-17.7644850054687,-14.5609427631891,17.0318412654107
4.85510059467772,3.38341025046266,-16.2877613828049,-13.5316920546386,16.3938432288443
5.4326343800408,4.50722591179911,-17.3056845347087,-11.3953879885515,15.5295982293441
6.85334169846701,3.65382406604655,-17.8722955625872,-11.5990513589398,15.8577591408092
6.93717001419355,2.46504045644711,-16.9793462763565,-13.740526181916,16.8814173328074
5.63394034938172,2.50558675276426,-16.4857237419098,-20.1048982434395,19.4508070981196
1.72753177688343,2.27445390809822,-15.649654246361,-18.3894489291202,18.7014115801986
2.7537871752067,3.00815160310981,-16.4819885399986,-21.1234993469336,19.8095812711443
1.40870225315731,1.38785626322981,-16.2093641916522,-20.7004931671837,19.7801310925337
1.94878589389636,1.03238976888457,-15.5882753185717,-20.7872889642644,19.8018298430414
2.18154839186018,1.13263486864743,-16.0972504600839,-27.1945592611143,22.3440738630032
-1.35948100239432,0.248841777281922,-14.884239718854,-24.2150606451074,21.0733190914131
0.621505341260588,1.28103650051332,-15.8683569292679,-22.3717198140627,20.3978423317665
1.98624237493961,0.66879319104107,-16.5199880615675,-25.3052286699013,21.4183841247559
0.988209786671888,-0.352532851404812,-15.6031730144431,-23.590774773768,20.5095219296755
2.49601623587084,0.597324296840879,-16.2865671771139,-20.5845792240459,19.3597734612185
4.3623321233791,1.08579565793122,-17.2360825399378,-22.386785474036,20.1060042492176
3.57649172774596,0.386067300235688,-16.8663468704241,-22.9592316946038,20.1857992941419
3.61543773094455,0.637766715155585,-16.8568083581633,-19.7388266684664,18.861624449238
5.67398828696213,1.2970670460537,-17.8464876905649,-20.4686579489679,19.0084826492924
5.67896477779239,0.791843122238574,-17.7814105215915,-18.1771499705382,18.0375111016303
7.29403914187984,1.29249917993283,-18.1170742858429,-15.9138979472265,17.0548121908062
8.83310883667726,1.66967622777991,-18.8672630539411,-16.291332537948,17.1784675037103
8.74111133818511,1.65153010632417,-18.6817020866066,-13.53340201956,16.1708614910091
10.2430296008026,2.37569230956221,-19.2956832201488,-15.8632986740594,17.0164142552148
8.98656111959633,1.92190461703658,-19.0836999835451,-16.2080887097563,17.0263101569368
8.9414374318491,2.17123420063297,-18.9170226712683,-9.98448167863612,14.4869786262487
12.6625040202952,3.17308654524375,-20.3753577699259,-11.6323790916695,15.0735696184372
11.9109329767124,2.25607522541792,-19.8752843645844,-11.1428511211431,14.8987809384468
12.1597179356447,2.86027416708851,-19.655547274144,-11.2999932513923,14.8905851834974
11.9120287593247,3.25322175133361,-20.1714051956228,-11.5699777858338,14.9557465537155
11.7267597522414,3.23648772549624,-19.9536898757183,-8.06761655012503,13.674932946206
13.6045625304416,3.6171742054738,-20.6046691417821,-10.7740087409068,14.6862902394165
12.0538728779306,2.85293787374321,-19.9474945234923,-13.1769499723346,15.4813295269329
10.734432023054,3.02665114659207,-19.4191564760239,-7.93000968175715,13.3994927916775
13.5994805882026,4.22459842218059,-20.7040646875903,-8.51460941042094,13.6830351418114
13.0801634107384,3.33850263858302,-20.4510656778135,-12.9431611920612,15.4039398661923
10.5630420633201,2.72564042072188,-19.1907069273006,-12.3015039942851,15.0846369166468
10.6484653495595,3.6163316917769,-19.6762637209753,-11.7854612222507,14.7993399134651
10.9581500134966,3.48777075842692,-19.9375947655084,-11.1245233767015,14.6899246414794
11.2466007387413,3.10242530190877,-19.6823375404561,-12.0230787248179,14.9435674597177
10.4881424825991,2.91653249524212,-19.3957957280755,-18.4481648092655,17.1700656940581
7.04716353672806,2.25554408100848,-18.4262933861359,-15.5292015005051,16.0397296494777
8.36292451521737,3.31509578082213,-19.1054555579197,-14.6545357310352,15.7192503055457
8.96474909545489,2.6052289701879,-19.459698153229,-18.051353049467,17.2498565644774
7.0002273154773,1.58904177472827,-18.096885104387,-16.6880244436539,16.3483227110178
8.19713818394082,2.47086144242717,-18.685030122184,-16.0681453209525,15.7928179792041
8.92834304144648,2.59525932116455,-19.1902206525824,-10.8322332178822,13.6532847078605
12.1814516847837,3.20379813470929,-19.9531071393222,-11.9414313902336,14.2753986065749
11.4057907532711,2.53062232181929,-19.6196781525176,-13.5027981865992,14.8279005395362
10.5104823498417,2.9260837792779,-19.0478388341509,-12.6345162365306,14.2212641278107
11.0740558062819,3.66167309433368,-19.8947350089772,-10.0028872915505,13.0475150241363
12.7357852529588,3.83100788759187,-20.2706793489621,-7.12559709140527,12.0537089965541
14.2960840048248,3.77685592665002,-20.5535386618252,-10.280404890286,13.2887198117273
12.584493149973,3.31930590787762,-19.6530696095128,-7.64253514846455,12.1143761009663
14.0129935049424,4.66970017214318,-20.288373883063,-4.86291713080663,10.7882510324813
15.7109953310673,5.01233914030942,-21.2081137593342,-5.09350450054054,10.9329122480009
15.5726564597876,4.64922873769428,-20.6433300403775,-1.38853988096984,9.84351730322309
17.0798505960145,5.48438703515263,-20.9749572044246,-7.13744280891562,11.9800463116489
13.7036558753825,4.70183576450666,-20.0497351081628,-6.33539914184218,11.2632604581235
14.3499850315874,5.69193578562019,-20.190718224199,2.17368621809468,7.66229000950212
19.3845386490645,6.74656546087239,-22.2421507749344,1.34131152352197,8.2624753305955
18.7426884143212,5.42505931384486,-21.1886716153892,0.14785796574801,8.9738057533114
17.5192879940701,5.97031405124532,-20.3593599041944,-2.31593606182759,9.77264348931167
15.7761281048787,6.62107136257499,-20.4788766051278,-0.0329663990205586,8.62630596536793
17.0189499584167,7.25945426578514,-20.9749571822254,5.00574268235239,6.69163171041015
19.7784720708604,7.20526010055248,-21.6969770789243,0.964265931661274,8.3780825338754
17.3976214872286,6.03246580932765,-20.1996239122084,1.14978518368353,8.34942968966071
17.0545105906302,7.19368664170532,-20.0007123429881,1.373137989744,7.9822017820083
17.0393143731607,7.66916331147784,-20.6427518082357,2.20996719698549,7.47995585699845
17.6117800704443,7.45140596619328,-20.4544950763762,7.73482553768479,5.40295695790583
20.5614561481533,7.95739946151603,-21.1165674527608,4.26855016678484,6.8661847940172
18.3121447993611,7.12544625347005,-20.0502853333841,2.1954802034884,7.61792990746932
16.7483883538275,7.81930399245834,-19.4106470000953,5.98236590697851,5.94580656463462
18.6447368784124,8.88920526823841,-20.6087111895185,5.85900440195686,6.03529235503663
18.4246911576337,8.01942583391282,-20.1951298989602,6.40838111785038,5.95821079330004
18.4260635265346,7.9711113753507,-19.6226329410828,5.0611858259295,6.53733248232036
17.2569677627716,8.13191273292713,-19.319476788331,4.37764194890144,6.8070070908832
16.454827683086,8.38231502496437,-19.0513530917604,6.66250664392123,5.71770528913653
17.7025573205553,8.71746190338877,-19.544120293799,7.82308274937375,5.42736070394765
18.0407825488459,8.2989240323302,-19.3075334471539,8.10072760730139,5.48142397631654
17.80229466777,8.33560409754885,-18.8468832267139,6.55054078703242,6.31564629253437
16.2419174602837,8.46857544416089,-18.3827163513491,5.00702950015598,7.04996047814524
14.7132977766491,8.31923333564769,-18.0084004407448,4.4659895527457,6.79321352095514
14.7167436077084,8.21457418039889,-18.0888985148066,11.0609439130474,4.52338084391341
17.142606361828,8.54405360445222,-18.8277675089429,-2.945211120331,9.84391079583107
9.18557751804157,5.58837384877103,-16.1070099100284,-5.41672501647327,11.8451496888942
5.92687001775086,6.75389418401612,-14.7381831450409,-1.51600668406957,10.7530050294933
7.20679480739413,7.11932094478451,-16.3262525008949,-18.0010596982967,17.1065947186607
-1.86969794388556,2.86321268749485,-12.5554977408202,-9.16742152520498,12.8107366918326
4.40804413763597,5.41690558354052,-14.1540226983066,-0.120435368251856,9.32124944792507
9.77563794058218,5.49906823661602,-16.6678345616789,-7.99782007090118,13.0020710367699
5.01572364910537,3.12682505115075,-13.4239989596021,-14.1031138910326,15.6778760339778
0.78244395079694,4.04116606950507,-12.6931230883974,-17.5729498379636,16.72822514384
-1.25349646565511,4.455774658927,-13.1196026752954,-13.0830007441518,14.6328628756166
1.96205593395178,4.17743924064017,-14.2179944097958,-8.67864053452165,12.7926994210823
5.32633322359968,3.19336843703705,-14.6386093075359,-17.6836358803162,16.6186028872173
0.154071491916394,1.47322039271498,-12.3337971629312,-17.4013723930438,16.5967567252539
-0.0600106317717541,3.57207901420587,-12.5965351358146,-17.6225514911632,16.5630633280853
-0.208918762582301,3.49062352257307,-13.9917188443708,-28.0269061558078,20.2261793349413
-5.29235113755295,0.715374186891708,-11.7693975440134,-17.9796108904858,16.1640007266695
0.894706126459838,2.67790994174247,-13.6721024764216,-18.9714068876137,16.8631990682674
0.388978313569413,1.15327260854481,-13.6978279773238,-26.6234970933581,19.8748097102886
-3.66833310119263,0.304332211916484,-11.4155533887889,-23.4569887048025,17.9164935650723
-1.05762785775788,2.26451230387492,-13.3962096160023,-16.5142439534996,14.8132178419331
3.71011990162951,2.58769379997234,-15.1131059316755,-13.0687723764593,13.4535275795392
6.18494875369286,1.79783919907357,-15.2213447801652,-16.487397481193,14.8359523458928
4.4035028002738,1.55406659080131,-14.2542196468398,-16.6755801553431,14.7825483810891
4.19491938382366,3.03065365707542,-14.7885155510477,-13.3445032054631,13.2018536732938
6.17466630158682,2.89367824277128,-16.0634539261534,-3.37062763617093,7.3885876254694
14.7288979511708,3.76113691190664,-18.4553946219659,15.1446587323386,0.661461115909428
24.8778437459134,5.63230556523982,-21.150331225035,5.31381861029268,6.3854490505088
16.7537102826754,3.60601978839168,-17.6911658752165,-16.5854369162814,15.8832329250239
1.86191206713058,3.47518958213767,-13.3884128460439,-17.9668161012298,14.9021707758005
1.64652802454737,5.99263397319689,-15.8456971684759,-1.02722109516711,6.97353083420176
13.3363568165156,5.77937612541763,-19.7551459594476,10.8289649703923,2.56446397417404
21.2722896872646,3.38251780751219,-19.6660553629587,2.46063230772679,7.05016225482796
15.2587496349574,2.541082253167,-16.0405531218659,-8.53697285758894,11.6475792384686
7.29422415722804,5.35467623280214,-14.8436876492259,-9.44976156830826,11.188337919121
8.53323584491239,7.03441326794416,-17.0054462876048,34.7792323359168,-6.13399434959377
34.3695980855758,11.4743283768166,-24.4560581333162,36.9393329534149,-7.53480822883377
37.7059925084499,6.20030650922817,-23.4545028873191,14.0051197562979,2.03030914134616
23.6567844736108,5.89189820087191,-16.8746891510078,7.88958418410478,4.36867350736136
17.474529123016,11.7458213861119,-19.255074094888,15.4718183931232,3.36367855779043
17.9484735927064,12.0179200491764,-20.9662434297478,2.12101634053976,9.68111563459935
9.4017481001113,4.85341713022215,-16.6454822109833,-16.7906457015987,16.3985621716044
-0.190183020412703,2.01047440638351,-11.5576350508794,2.39053529045077,7.29948680191612
12.5870018887872,7.84627963746762,-16.9415684366201,21.1717323887765,0.315989456197735
23.3024934044587,8.02765766547847,-20.3423171681587,11.4550046838365,5.46207544043035
16.7231731534006,4.24624741677698,-15.7176568241427,-5.10600310249609,12.5585152312833
5.60846755517944,5.05543753941412,-12.4583760106419,-1.53831579950474,10.6985666676819
6.98701683023929,8.59137848976918,-15.1897624422128,3.05559638072378,8.27790743161523
10.4827527835747,6.77005758401106,-16.7380123612737,10.0806731358591,5.63596092526885
15.3321395605724,5.09557920699737,-16.0205132819306,7.16251547970354,7.35229862760878
13.1886172068285,4.60101024508573,-14.7438336547864,-0.225989898478747,10.6668657306306
7.8378803814421,5.90868142285581,-13.1736077586366,1.58690558864366,10.0639419246686
7.95047989203774,7.52958317263241,-14.7308217025819,-0.0791563958866093,10.3907832201414
5.76438274412135,5.69032295437497,-14.5356850847947,-27.8300446044019,20.5897756842527
-9.09293833934493,-0.00878918931451045,-9.1542903317257,-18.2353578665381,17.8188700740328
-5.04485565422512,3.65173012217562,-10.2794300397641,-9.7850938517341,14.9352235361223
-0.248504195057098,2.95649155791683,-13.0159350381322,-32.6119704587442,24.3426710963153
-12.9573935774021,-2.75042806640704,-6.5977424343596,-25.6175515959539,19.9721523452408
-6.6879852332862,1.49153973895855,-9.16801520630578,-9.38330108919403,13.0311771744938
3.63782433010854,3.23208118745389,-13.9666789082571,-0.460971672204399,10.1929315484396
9.09945162824797,1.90867155825563,-13.605062525048,-17.5570973975341,17.5050265138479
-1.1500403311466,-0.418293870976278,-9.92498753675978,-17.0952482553417,16.850886883728
-0.957775628754487,3.64049347152614,-10.7867838952981,-9.14511781515059,12.7511886245493
4.48638723796676,4.63015736976949,-14.9594393141851,-2.9468202263603,10.0008735584743
9.46569150012885,2.84066465369486,-14.5958886115986,2.49076459458416,8.53514773127755
12.3076749801515,2.91454352444162,-14.7731338638412,-8.0703678869806,12.9053755705528
5.82149378527005,2.73963222542253,-12.5589340543884,-11.2981184297944,13.7637244613632
3.68830056134826,4.78060425173335,-13.1474921398821,0.645557658485666,8.35855761722869
11.2566250469843,6.23003360454456,-16.4705445067851,3.22986617506273,7.27263397629526
13.5963818639712,3.79259325649515,-16.1541265320318,5.24665138551386,6.95406846555176
14.5220564109617,4.17816216545504,-14.9609342222813,-1.04818080772385,9.46374695907467
10.358204788626,4.92882589263166,-14.5912184044249,-1.72494141834509,9.37996239492668
9.75871990124942,6.34381252588993,-14.9040322691198,7.39279242410373,5.49847049694263
15.1944672726056,6.97641501280626,-17.2945167435496,6.57759024484994,5.98256710871686
15.0222378413096,4.85870349174524,-16.0400474176071,5.84809025682631,6.54549099994277
14.2160882324209,5.4121798633482,-15.0634973103496,6.03812779746928,6.4825937996496
13.7471665819897,6.81175002953074,-15.6491994217031,3.92825633825696,7.11126829595546
12.4587837078207,6.61796132688953,-15.5427846642525,9.36835778360586,4.78827768111196
15.703212480873,7.0874518089161,-16.3885875082,10.5768346901167,4.43345112227788
16.3497272896979,6.33326380293432,-16.2585183533202,7.70635262808939,5.876558658946
14.1506679235984,6.09352876784331,-14.9243023307253,7.06689014332258,5.98999119746665
13.4537367506511,7.06959130953096,-15.2066921461116,7.38186026236351,5.80671547523954
13.3829851396088,7.10616876751892,-15.4323169518455,10.5284524464126,4.60113521883419
15.0778048370501,6.99188710520887,-15.6664274156139,8.69258347666346,5.55005646993625
13.6973105536363,6.17014629672813,-14.8426045792145,5.58311059641175,6.93506847072503
11.4660689435627,6.1763259993271,-13.904013379269,5.79659452172857,6.68677538834851
11.3962429603129,6.82774340518941,-14.3352643928114,7.81697228572148,5.96416237621335
12.3341870765214,6.67606052233397,-14.5955375899054,7.44568432857923,6.36806085835742
11.8139977600408,5.93246200461043,-14.0151198050043,3.72584157182644,8.08673390831364
9.22091949976369,5.48767979306093,-12.9154975889901,2.04637624161365,8.84745309988215
7.70479246348201,5.9176524568531,-12.7222700110317,-0.893615848458693,10.025571877975
5.77774974082345,5.32969942054801,-12.3732556964231,-0.921646151941927,10.1304512317889
3.89120718210155,4.91309186975514,-12.067654425191,-31.1280992329862,21.3129761042946
-12.7126219189155,-0.422176029869951,-7.1284185286866,-31.349022099393,22.3820970515913
-14.4322001851641,1.63777123585556,-6.46823293737654,-16.1690201534547,16.6599153801056
-5.53946947870316,2.15327523369816,-10.7199632339323,-42.3764162614318,27.2486034709895
-19.6172024789159,-5.6594351910707,-3.93802528411677,-34.6832127868795,22.687510534905
-12.7214476304814,-1.12130342055093,-5.57963397650299,-18.537007548489,15.6922567762317
-2.37812871003524,1.07187533783023,-11.4572576966388,-19.6023247363588,16.5669996126143
-2.35816514913831,-1.71014671197351,-9.20153041621653,-28.4744789140897,20.6004529823846
-7.88414128584783,-2.12733170485481,-7.4985202125841,-31.0485685529997,21.2072061043799
-9.13857927865113,-0.14198651721916,-8.13525302598191,-29.5128798311139,19.6469965159751
-6.98601182606741,-0.0843484113153607,-10.2137440217459,-18.0194428414453,14.5364375604322
1.2159471398907,0.0452016301035125,-11.859550274968,-15.5393986185711,13.8763453593293
3.07968794951471,-1.09078993240885,-11.9039327678862,-22.6552861514879,16.8310365010136
-1.0186195743374,-0.877870923494302,-9.93454616788631,-23.3135750971189,16.503031286146
-1.1816401937311,1.44322711286732,-11.4971325975618,-15.3563579207378,12.7954873858275
4.12265529825914,2.34199084631148,-13.8016560388411,-11.405164686174,10.9234161891564
7.56437030641254,0.95432811975898,-14.2200700895842,-7.24412899365597,9.35381322360145
10.3364496518052,1.51538085504667,-14.0216147053624,-8.86485386602697,9.74065913843355
9.49498979935677,2.5181635652872,-14.3474575207161,-9.12884199455347,9.47366583845655
9.53590574203386,3.79060051240401,-14.6675772814253,3.19801356277809,4.41373946339824
16.6921337464598,5.66966005048625,-17.4612374023751,1.75824285009124,4.79566873983646
16.5247004236733,3.7870758845437,-16.7541658450677,3.52843052644075,3.95180357852631
17.6128154898208,5.01978448109614,-16.1947756498274,12.8490394588644,0.0230542030663483
22.7343424071709,7.68623937999276,-18.7397613276619,8.8168642859593,1.59602745393324
20.2070875628032,4.66666177477121,-17.7206657236293,30.7711261614704,-10.749482396029
37.4631013119869,9.46665527726558,-22.7257679405178,72.0633260849152,-25.4496071477413
59.2048214198696,14.2563201494477,-29.7847664494057,53.2666595624066,-13.2967459544392
41.8787477280574,8.96915867698189,-21.5578508427938,-3.60414979907492,10.9054680755248
4.10919939415025,6.39145389304653,-10.1377048242876,-8.89638444468485,10.08484135641
1.63520523323361,12.6547415833562,-14.3651009022219,36.9962168288664,-10.2810035627913
31.2276742312904,13.8665503979731,-25.0011124139571,55.2935948377872,-16.1779925123891
43.1354932871738,5.81040234715584,-22.3822085296033,27.3039801649037,-2.30107704560638
24.0005200513091,3.10069415880282,-12.0225339252827,5.4674958264754,6.92325643306669
7.29940524996793,10.6616593704444,-10.5378436132519,7.50683971588581,4.68790044716133
7.70581120122495,13.67606677064,-15.7365059153435,26.6226090699271,-3.79619759687785
20.7539529959674,9.54095377473479,-18.3393363657647,33.1357293436049,-5.46431960559172
25.3237124179382,4.48426303113049,-15.5224341046854,17.9387410643727,2.19594640296111
14.5378512864453,4.63470729074328,-11.8907613879695,-75.7747478246482,39.4996355378921
-42.7986321634839,-4.39363472098229,2.53215433616694,-37.29776708932,26.0765260133134
-24.8888138304854,8.79286210184247,-5.50970666297813,-30.3741056071875,24.7272550782552
-20.7637629162522,-3.55674705704505,-9.86333579921432,-73.04454337336,40.6957264860205
-39.7890428246424,-16.8810567610678,7.47282370721071,-49.5046460116943,27.752082888739
-21.0358837566058,-4.5512747157702,-2.24105588136481,-7.67382106190197,10.8497279861354
4.20796423820783,1.80113682380091,-12.216795132031,-12.0658231661977,14.4386541561758
1.08042983584517,-4.50332292554862,-9.19004575377007,-43.4094789539123,27.9443822293325
-18.0532006595755,-6.74859665488207,-1.25108978220173,-42.7678493760764,26.8145841225677
-17.9772304423105,-0.37787586059579,-5.56199078807191,-29.4532489872411,19.9181103002334
-7.4083251723607,-0.225161019299231,-10.5893261347075,-7.7347767844072,11.3527691133815
7.23572272116359,-2.14785175368413,-12.6585943285389,-9.4693969325255,12.560412816713
7.07603641637898,-4.0701958085197,-10.5359181656624,-24.2862354774471,18.9240080776767
-2.57208889863435,-1.79867660539853,-7.91212227129077,-20.1307834214415,17.0487976054135
-1.2002941165904,2.85626837087554,-11.5086561305209,-18.0911372048133,15.8497013970988
0.553419376762834,0.584530888656402,-13.0705002421761,-14.436852385832,14.1523237595067
4.19458040628345,-1.69495124762686,-12.1483625285994,-11.0445616934365,13.1935334828994
6.29957142629332,-1.22398306455128,-12.2852587894725,-15.9270245284659,15.3673497391199
3.09819282595938,-0.329160035845547,-11.4597198034084,-17.9010001874954,16.1023148322251
1.56650209774282,0.873056527258646,-12.0849368347069,-14.9796115680966,14.5773022441241
3.74293512370084,0.793486635297003,-13.307393058758,-11.6589057379023,13.2042904131252
5.87736056443042,-0.209921996805465,-13.5146042047578,-14.684584372119,14.4748769526901
4.45001412714772,-1.05301603441237,-12.4572365717301,-18.4649107034944,16.3335914306008
1.67881350091944,-0.434464636700618,-11.8466441640425,-16.8501882129243,15.6854154158538
2.44317877569503,0.55555483162513,-12.747874334992,-16.0622860416504,15.2643475465756
3.26278998620971,-0.20942239020815,-13.1352955419869,-14.6244372501731,14.3095805981046
5.00300423803866,-0.638589696160864,-13.0862559724225,-10.6033862175705,12.6523363884097
7.66709082063197,0.0996553840969987,-13.9023458567624,-10.138383604522,12.6498386813334
7.78099426299804,0.371858672482099,-13.9675720754301,-13.3536643445714,14.1308182218743
5.54792352937113,0.244186204040548,-13.362198072733,-9.87821347440398,12.6004703023333
7.66584255254135,1.27350462402091,-14.3346712383321,-9.45770348913193,12.2116877935913
8.30102719440188,0.668906553194374,-14.6937826150887,-5.0575207085485,10.4608455618445
11.0929334869797,1.19317394281454,-14.9798430991587,-5.62783985250465,10.8589993764422
10.5343824209374,1.067980294102,-15.0625689944648,-8.74208022873037,12.2892324634974
8.3308144879928,1.20313313432488,-14.0957082113629,-5.86767573636687,11.2205720954927
9.64661082196119,2.20334181570852,-15.1403077101988,-7.86651719527172,11.8572413134813
8.71522150989782,1.24800289707156,-14.8205587880298,-6.93644764927729,11.390934291658
9.47866121964459,1.31342618215061,-14.6413480545092,-1.06969114242186,9.23026898315582
12.6913684833573,2.26792389549487,-15.7454009343019,-5.23902212815172,11.0741192309115
10.0378160651414,1.33733474985388,-14.7234664136628,-6.78663685173801,11.8268856846451
8.76066053482245,1.93314259657976,-14.2301131825056,-7.0273658228637,11.7690806353602
8.55247531695196,2.14652297623412,-14.8818446079528,-6.00263794077523,11.3065198368078
9.28869618211095,1.91675182315397,-14.7593770738355,-2.47300255153905,10.2750780755397
11.0019884369145,1.9997650835336,-15.1072286057405,-8.53962757451685,12.7489596296619
7.38708823590903,1.01436363543878,-13.6908484688553,-9.40456539975991,13.0090445417177
6.76874897634935,1.94716133149338,-13.671601808289,-7.19050555922813,11.8985330505033
8.20794453462016,2.24671215723957,-14.7718380167964,-5.56033982113313,11.294929815676
9.29948733676924,1.71236503461003,-14.5838541053688,-5.2478537034599,11.6129388901468
9.0729169414437,1.46831163859744,-14.1957644371679,-11.6666033773944,14.1962443476347
5.15864310186584,1.03815887890645,-13.0083858058312,-12.8810187848522,14.4539771662851
4.48480243959514,1.7686840482051,-13.2124810941875,-6.48980787526338,11.7296426592542
8.48628970042445,2.31773448892976,-14.8202015989479,-6.05395120442353,11.588010876409
9.07701959833792,1.10593340937963,-14.3961260728501,-8.74799034309703,13.0064814874277
7.21670629451855,0.926206462451474,-13.2633656819095,-12.2037276079419,14.3681773600854
4.9713262860785,1.50878755438751,-13.1490191965796,-10.9343282811941,13.6271431417323
5.83644876644506,2.1716587663221,-13.825394253442,-5.83336162377035,11.6814504733305
8.9036445498469,2.03228425877063,-14.7524994056246,-9.22235701632252,13.0146387382764
7.35516540615995,0.651270619709734,-13.6047428392876,-8.41254211200046,12.6756092162791
7.84019580595088,1.71701705233009,-13.6082036079155,-6.41520420971851,11.7513319427522
8.97676856815906,2.49264770891993,-14.6849119164724,-6.96920069739698,11.9860343631228
8.7440610272838,2.08888221592997,-14.3927281286184,-4.47851657244653,11.2481779084374
9.92052064681719,2.34944607533119,-14.6566966233839,-7.94394166295765,12.601352510823
8.02909653216992,1.75279900902044,-14.0428594685966,-7.65124275904318,12.4187634192383
8.18501984989662,2.38396023963858,-14.0522549419338,-2.99711836997903,10.4039413511719
11.0530774037953,3.06878258261209,-15.3422520977805,-4.15070067218838,10.9009108045697
10.6175754395666,2.23989701718975,-14.7950467149943,-1.37262049096475,10.0992673195665
11.8471263381201,3.0154067006913,-14.8982665609797,-4.63979004969297,11.3770890349663
9.87985250168179,2.70383705533678,-14.6540464987428,-4.77856060889592,11.3068919571884
9.79518469722442,3.236693092661,-14.5194494154806,0.376356504815897,9.26293468833415
12.6993249293125,3.84673009193977,-15.8264385321172,-2.64375367761952,10.6175401618868
10.9910322337132,2.59196233493339,-14.7772837408695,-2.36401274718502,10.6649507666028
10.8692531332514,3.22830455106777,-14.5005325077013,-2.28362242637691,10.5718540097268
10.7575597183846,3.59891714045173,-14.9910311802657,-3.20715422827688,10.8797956701836
10.3206925488358,3.3695158878706,-14.6777417358901,1.21015880031717,9.34047601642905
12.6035054912438,3.9078241970618,-15.3440710609404,-1.88328124058418,10.6421604005967
10.8048038703087,2.96030367016693,-14.6190548331112,-3.31153805116122,11.1848976122923
9.88227509601837,3.40692782156182,-14.0982369992429,0.866178983213398,9.57240866790347
12.0376462998309,4.36889268355247,-15.3031282978137,-1.8439751992125,10.7514086728584
10.4444950256826,3.24278948500206,-14.57397590552,-2.1370629881946,10.9737923266534
10.1214391847604,3.4046812798737,-14.1518968115141,-1.939747614482,10.9115610375471
10.1207272785292,3.63017431091611,-14.4939389969208,-2.11085241457263,11.0798664152223
9.88714685268841,3.54233297683461,-14.2303067225747,-0.142272936299359,10.4638541568556
10.8104666808281,3.73808805209379,-14.5122270898135,-3.4623895231045,11.7811077381112
8.92729569725983,3.04045799342365,-13.8218194236614,-2.83939968299206,11.533195728771
9.20273905433066,3.57536976145883,-13.8718412532956,-1.38378607189042,10.9924665462529
9.93157729303429,3.67016551248764,-14.4133787393247,-2.85835303739,11.7941769192011
8.94101688257329,3.08757661962491,-13.7509821231003,-2.76489751352742,12.0402773732791
8.60992800524727,3.25898147299085,-13.6147678345835,-5.00224913113405,12.9480354384837
7.27072015813737,2.98768148804938,-13.3321945624529,-4.32687381988677,12.6375054316864
7.70690856754415,3.24055636308763,-13.4852534553978,-2.22892165609585,11.9309376194968
8.83882705792777,3.22182496899692,-13.9126215502588,-4.28271591943723,12.998723679818
7.51249263780089,2.54810509850383,-13.2080713697197,-5.96407373396483,13.8572269442053
6.26580991708105,2.65881227778781,-12.8220964274106,-6.43114915519681,14.0543522563179
5.90586933407413,2.81781133850241,-13.0433974555539,-5.99785231223472,13.8899664446296
6.31039031477306,2.62453096192695,-13.1375945744489,-3.08784082161949,12.9645810067267
7.91297738965102,2.67714963415271,-13.4573450191988,-5.58171313735004,14.0473283827704
6.55233191315562,2.05955580025978,-12.8933587999983,-6.75744884652043,14.6102165276166
5.72966685452007,2.423219101582,-12.6871464669652,-7.37281680010048,14.8224652321265
5.34149038937737,2.48408780324624,-13.0651720053261,-6.67662572782956,14.7094254460512
5.7437885976124,2.25070715473922,-13.1325153103538,-10.0073567060829,16.28705321991
3.66027577810207,1.26795114031143,-12.4370434718155,-11.8382859945584,17.1460105382297
2.58333811769334,1.26101170554154,-11.9509401729157,-11.2887819832818,16.8412111567879
3.09654276781422,1.49316886727023,-12.6039537439516,-13.0612493948867,17.5050998972769
2.37463695493682,0.738480316994908,-12.2654595398885,-11.9027595653448,17.0986039148843
3.30080738827016,0.818690592917021,-12.6730650299085,-20.9158459062648,20.784778276453
-1.91569611236016,-0.850101992881781,-11.2193542050511,-18.1525987389593,20.0071377120011
-0.60123113741161,0.33024128523921,-11.5860490409337,-18.841562272633,20.3889689696512
-0.820693863342238,-0.567835403068136,-12.5637735514076,-37.9011882575377,27.7355461912513
-11.1727737731057,-4.19616874572947,-8.63545524850092,-26.5056757813342,23.2815053409528
-4.4446525496233,-0.777223586622803,-11.2174523718572,-23.0464464080515,22.2832746403094
-2.2615511628737,-2.40274488311632,-13.5751246774809,-73.0987597213551,41.8093546549242
-30.2270053885193,-11.5061655611421,-3.41122784684902,-49.3867391804881,32.995972447961
-17.4233993033538,-2.71898810450209,-8.48540804198258,-45.3844113579451,32.1407789934649
-15.0968659189359,-6.92494378678119,-11.9965182862313,-67.7615507749309,40.5598290392471
-25.1903959898851,-13.1878546612341,-3.92858278152976,-54.349043267667,33.2507007483935
-14.3499682995321,-7.39654307739174,-9.57677560493366,-31.2432038777073,23.4520381587207
0.792382798386291,-4.62231558853371,-15.2102228538858,-29.6179754383222,23.4651728054379
2.33439203863994,-7.23714446531282,-14.4997699994941,-40.54485751832,28.2050588092416
-4.09866442467535,-7.30872504874446,-11.755261013759,-41.8447080510562,28.1303861083213
-4.68801523631222,-4.12095165985086,-13.9989486881055,-34.0594892080634,24.2900648745187
0.889433494589763,-3.44811244033156,-16.8880211497213,-23.3587745964117,19.5365445328437
8.83397681094422,-4.38772163348133,-18.6487689026172,-21.2932234361683,19.0607749509199
10.5128243733229,-5.16307750729313,-17.9971181110902,-25.2512978952742,20.8163587998472
7.91878506456564,-3.71583217776467,-17.4046883019671,-25.3037829502063,20.7905974006737
7.35580885005804,-1.63227335370994,-18.696371940222,-23.7465424649128,19.8381252398554
8.57719309549118,-2.16285032373519,-19.8241317475344,-18.5381491480817,16.9770685938275
13.1384553206158,-2.60057847242021,-20.7147443749418,-9.58227490159111,13.7117804286246
18.3967958928398,-1.73668329269335,-21.8901069990845,-13.8665752190934,16.2675209232844
14.8215009744452,-3.18406824308574,-20.511804312756,-14.703016178518,14.8006723427001
16.2533994956084,-1.08909253841899,-21.4470522468285,8.70629824872128,5.85443059053013
28.9847533628556,2.85446336688583,-26.5890640746769,7.29365660114181,8.42480145519779
25.8782120351205,-0.345854868265183,-24.5832324339146,-22.3131801298487,21.4171503148057
6.6704132547964,-3.66526040711803,-17.3565114341223,-28.3655875923759,22.7874913427901
2.95765665834868,0.061848808377567,-18.5704028656135,-13.8071231050308,15.8195760191051
12.6763343397056,0.967263511959893,-23.4428003757965,-1.50588645038316,11.3784660936266
20.6515502315993,-2.07918070909283,-23.4527079654506,-11.1880211287587,16.5926034842172
14.0931191012806,-4.573116164456,-19.3285868740015,-27.4606999191653,23.5107442777476
3.17951203156876,-2.74634151211881,-16.6403213001568,-27.1944248350309,22.6673575306926
2.92129407115643,0.17446457255901,-19.3955156030198,-20.0630790565686,19.3308975859019
8.05773597550767,-1.63913924023158,-21.2397450455218,-16.5725339314105,18.3227135220296
10.6990451064333,-4.4779022168436,-20.027883165226,-23.9776451016799,21.7499785008757
6.2841946267143,-5.0609380579247,-17.7689976314781,-34.5093977905922,26.2754468545041
-0.850437420508944,-3.80906466296518,-16.5957205669481,-31.7936928698014,24.891718063803
0.374477919366976,-2.22601964079216,-18.5909999995022,-35.2902547601268,25.9032139190662
-0.62734747701078,-5.29375812149627,-18.3535660367937,-32.0958260399801,24.7211721468204
2.08864343643684,-5.96730238282347,-17.6932602674986,-29.5406417311087,23.907769362427
3.28763901261675,-5.38628785807881,-18.686706029943,-53.9520000464214,33.4700978831916
-10.6720209756407,-8.60519846249942,-14.4385178288693,-48.3222782925869,31.4082987912127
-7.9086346431742,-5.22517039044752,-16.2022183427273,-40.6338970196377,28.3615773817673
-2.85883145708448,-6.40474957192559,-19.1588488053825,-53.3113319011037,33.2241576318318
-8.58087314485852,-10.9283240752234,-15.0874668643879,-46.5570157269491,29.8538224740514
-3.23657409163818,-7.72292432286453,-17.0590481476786,-42.492732143559,28.1260788153192
-0.46402485403708,-6.94420805803844,-19.2835481636075,-41.9506168082405,28.1223213014927
0.274881996588459,-7.49313647164315,-18.8213046404239,-44.4076961641568,29.0698488055804
-0.731469747575923,-7.76559491135606,-19.5866087245903,-74.7290567813431,40.4879602284381
-17.5118000203385,-12.0607674440496,-14.857745463737,-54.3795412729879,32.9778352869189
-6.31737574786005,-6.43014890483743,-18.8738595850001,-46.2465254216548,30.4580706537919
-1.41286003829243,-9.3147433836591,-21.5976600902493,-67.9871101087317,38.3480762978395
-11.4307899687667,-14.3271051551608,-15.0222791911886,-55.7300536720618,31.5436019700785
-1.74413371567854,-8.05679214079528,-20.3823944385778,-50.8118087102932,29.0607514332458
2.02431843533299,-8.18668918145143,-23.3293420460507,-41.993496900523,27.1809065684591
6.10227259817911,-8.56634047902515,-22.8677474300244,-58.0653882895393,34.4475650391026
-3.94708573362123,-11.3984816375643,-19.8290697048376,-62.6063733001855,35.0763822149664
-5.15201262736622,-8.85270945095216,-19.6613436543311,-46.7399095034303,26.5544685659548
7.01484238306588,-5.97238113998679,-25.9372746461749,-21.2161001684788,15.9639020993584
23.8273221603378,-5.28655015356312,-29.5548308200422,-21.3024972276675,17.0173124698474
23.5231023898515,-7.21962998154532,-28.0498249628983,-38.6413646672652,24.7051645254812
11.807140078968,-6.17131252895025,-23.8985098456178,-34.7042745007303,22.2314557091526
13.674062742998,-0.944470212794999,-27.8512286525876,-25.470302800844,17.5004287752773
20.2162690297711,-1.61776148147334,-30.9154272876367,-11.8123291908835,11.9207650392521
29.4233528392932,-2.87942768154781,-31.6674932871241,-13.1704241338802,13.2372013725618
28.0389090770815,-3.46785287952058,-30.0376145741071,-23.414786206856,17.8593511177914
20.4774600091113,-1.80468769486489,-27.8309516113533,-17.6995925167916,14.9736033048759
23.2912141331501,1.90288736156155,-30.8440836760196,-11.4767196734156,11.8896596120885
27.4604322482816,-0.0860549645424495,-32.5834745353867,1.00896929258459,5.34385197362807
37.3733082147525,0.0980360863264087,-33.5386498268798,34.6886100806268,-6.34703767606719
54.8657400875043,5.38998530457034,-38.2329153760038,9.23729357662624,5.89193831145823
36.5467355037048,0.758998764087466,-31.3086301573278,13.1781526656837,3.94605507240022
37.4513684438882,7.73385489545563,-31.5993525449322,18.0691438254183,-0.31165541664836
41.4034524037205,8.69636303559906,-37.2792580981039,33.7587191236548,-6.60317822860313
50.7631328576501,8.21782405719504,-36.2127999498436,70.0044382854893,-18.1339016913226
68.1402070388158,12.0902806661287,-40.7057114049997,17.1572995635279,3.85307082739671
35.1036782326686,3.66230166040286,-28.4413599466351,13.3020437327668,3.95968888684768
31.7170611725298,12.7385260129987,-28.5550046937256,47.6922257001561,-11.0605908387598
51.3386055927995,17.3364546973253,-40.1400057468881,50.1738876164938,-10.6499794723537
52.1478559710634,9.04814548354038,-35.0628186102544,34.2484720691933,-1.93585031581456
39.7306623227503,6.86083599141475,-28.0790574988087,7.75691276120155,9.28071555543726
20.8424338509648,9.25609350413727,-24.0665329047479,4.22854144010022,9.80685730178285
17.5591334046275,11.9263950198064,-26.0108713976377,24.6790912286523,1.25167499624357
30.0330305699353,10.5612457328197,-29.6747961175323,25.1166066269364,1.75322853158412
29.1771913442178,4.82991504920562,-26.2497390349521,-13.7179450215201,17.7733062392228
5.64963875571778,0.46379321816482,-16.9154040294984,-23.5372509276489,22.664325149716
-3.33364244378238,5.86765216045147,-16.6386972978926,-7.32597905421481,16.1117018063469
5.45243201933699,7.31726300845967,-22.1310360367331,-19.3678269088241,21.0573839944781
-0.131352886296539,-1.57217030036824,-17.5087256129929,-19.4133138542648,20.2944652389535
2.25470219536213,-1.17316870667283,-15.459151947401,-8.28676596770756,16.1019212801148
8.24270484816096,2.74863947105025,-19.0215363987586,-7.37646042231062,16.153362731199
8.32280372626542,2.64004904530338,-18.8355205414321,-19.9708418265693,21.3680634965225
0.797298266536296,0.539426132415199,-16.5995718613241,-17.1061973587914,20.1345549519003
2.44825456251908,2.1043512309144,-17.2642519542722,-15.453734786357,19.319569310885
3.86406829079633,1.27924134882583,-18.5853428751412,-14.9504279286962,19.1788084716842
4.70141052671757,0.479015807284397,-17.5478547473299,-17.8584969915078,20.6509008222058
2.76441568912532,0.168464026254553,-17.3090203919161,-22.3933806800677,22.6014876725183
0.0163234335897919,0.282802199037483,-16.4095457044294,-22.8072242662887,22.7225030819949
-0.2008030851437,0.454316362647852,-17.174203598447,-21.9819989350885,22.1745920691201
0.991002155657576,-0.276414988004864,-17.3214216351419,-20.4097637790665,21.5027452526959
2.54973161833994,-0.651050528217902,-17.6907481397695,-25.666980637902,23.9258424468343
-0.616968974455193,-1.56540248565136,-16.4845267082941,-27.6990237365815,24.9960858501648
-2.08942641562252,-0.938896185966649,-16.3425988193554,-29.8451706404671,25.8751520453552
-3.24689470346605,-1.36548369654725,-16.8585827116472,-41.2557528067441,29.9891901280122
-8.94930247943733,-3.86528880525691,-15.0032344075064,-31.7116894176241,26.248581323824
-2.99843677457973,-1.93194433476319,-16.9765493813716,-38.0886289660886,29.3129155035438
-6.74788733303948,-4.69420232848625,-16.2005684610898,-45.6887929516616,32.547526561498
-10.8245901720335,-5.38873848694641,-13.7404003685406,-43.8431781820222,31.1631372546145
-8.75052581388431,-3.9844237725969,-16.3178281880502,-53.030484766588,34.335320337682
-12.8645440607473,-6.53925582692922,-15.0300014414757,-41.902484106608,30.220881536972
-5.97146625163506,-4.88197506611239,-16.8962229329158,-46.2606588107767,32.494163973192
-8.35379375977813,-7.15251206793905,-16.4398595329808,-55.9703708355321,36.0195358049801
-12.8975494275619,-7.79472497038511,-14.1539633343163,-48.9934613309482,32.165819598952
-7.33789017110591,-5.08134589416452,-17.647825889204,-38.4388646987546,27.6157044873676
0.101173660652246,-5.01127001547236,-20.0723087128293,-37.9350818353379,27.6796868719975
1.12229652033946,-6.53400258707854,-19.4608399101708,-43.4436225724705,30.0875414639393
-1.99295195085532,-6.19179541260388,-18.2062226597321,-40.8681907888803,28.6806533466422
-0.176456141411951,-3.78725391414356,-20.1482558434117,-37.5004469551675,26.6131755847416
2.86609555100727,-3.73618617904239,-21.8334178663532,-29.9901093958148,23.3828812429304
8.27027906471508,-3.80106364009187,-22.9275346275858,-29.4585079621576,23.3042586522433
8.86513017747876,-4.19538025549959,-22.8463051659293,-33.6734855642701,25.0426440733421
6.33437388014728,-3.50152491275296,-21.9903549474167,-29.7722644198471,23.4632578340615
8.33264770977965,-1.54242790144474,-23.6941325525219,-30.2124749348178,23.1098464395653
8.99398621996319,-2.29842675994046,-24.1888442482644,-23.0071832339774,20.0158856529717
13.8830256049979,-1.65323352065688,-25.1242198941641,-20.2724839680635,18.6897127177742
16.0284445820499,-1.55269172695279,-25.8631506126239,-22.5416214227023,19.6352380929113
14.708997670133,-1.08692095027477,-25.0186910441509,-15.1184132037093,16.8762236899696
18.4160546304185,1.25221879739761,-26.8773305516298,-20.3852917380395,18.651306714847
15.6524772490246,-0.103544104836476,-26.3263604738726,-19.3686848166587,17.8421904882411
16.6746929077727,0.567832913088311,-26.0833433267437,-8.09084282976633,13.1351830658664
23.3814787142138,2.41128474399049,-28.7874278368921,-11.0389773408769,14.3716949207346
21.8723252027867,1.07855297004589,-27.5713561762794,-8.10248074373688,13.4991614635997
22.9037807170565,2.73678306535475,-27.5111481614717,-11.0392144360138,14.270174891231
21.1121404224505,2.95394280223389,-27.9238738580912,-10.8048561790755,13.7578123762433
21.4107743150999,3.42484211074397,-27.7051686686406,0.45643610198185,9.35141322512365
27.6549043929453,4.85051248764776,-29.8863675346518,-5.46685655675758,11.9106121682117
23.9493713254347,2.8182413321628,-27.9470677487803,-7.23396909754229,12.5936071482109
22.4707047106929,4.13185418426354,-27.0565101504215,-5.5804237103294,11.5854391476998
23.1085276960955,5.35947637023725,-28.4729885017327,-3.20210349973707,10.5474945497721
24.2127860206349,5.12387026615093,-28.3933615161259,-1.40622844865815,10.034565817178
24.8705134637862,4.74684909309402,-28.195213181543,-6.6991444268457,12.3067259674932
21.1112236787599,4.18285421828837,-26.6284327440969,-10.0139205984651,13.3966181529829
18.8496039424948,4.8946619687678,-26.1900475910646,-4.85959778786273,11.2779593541237
21.4627237485845,5.90385715110164,-27.4058649379247,-3.52455556535949,10.6838583168838
22.3329179004582,4.90761206334473,-27.2026970624728,-4.24848264594563,11.1315089415612
21.650128011498,4.66382728614362,-26.149932023404,-5.19165545416168,11.3649840949667
20.8510021421032,5.44950085911057,-26.125526564739,-4.81582322001568,11.1221474850053
20.6813319858181,6.0480332239506,-26.2624828216303,-0.45633202589352,9.31223891353447
23.0290107180338,6.48567299844176,-26.9700718512028,-2.67916563526058,10.2250995349928
21.6373998513223,5.45659240147848,-26.0882141491844,-1.18092454926725,9.57108139550496
22.2768831551525,6.33117604509774,-25.89437478219,-0.653355627429538,9.26094693774998
22.2285882542794,6.76621993367402,-26.3211332390419,-1.72498392215071,9.70267121530095
21.3395435713071,6.59844115382088,-25.6578254436416,1.87529827286844,8.33514462375155
23.0044878507254,7.26231353317756,-26.1767911197971,-0.0161314310671484,9.05604651656959
21.7234168119054,6.58393597647293,-25.5457425173976,0.126129750230152,8.82568126732431
21.6748415200357,7.08179706739762,-25.2301910347951,4.94360750960043,6.9699208037637
23.976104909811,8.07180020445896,-26.1692813982988,2.25548934526781,8.3194724054886
21.8588209087361,7.1084622574568,-25.1622340991857,0.242466735146529,9.15361500145424
20.2411332392467,7.32120333097983,-24.3327511523648,0.733301261762806,8.83580310869475
20.209603004738,7.828435488463,-24.701639011479,1.70495258090865,8.51263064685695
20.4090889116967,7.49548080519499,-24.5287742301622,3.09703246699966,7.763742848582
21.2962221579868,7.43452010151674,-24.4817594425523,4.39427371038373,7.53544424097186
21.4803188283689,7.43902461843604,-24.2616339614429,4.1995493053068,7.656075180851
20.949638506427,7.71506657047438,-23.9867727279041,3.67992321501775,8.23121027914433
19.7195376822784,7.9066775193716,-23.6261634488343,0.649682649183532,9.76314619690748
17.1842700946429,7.32190934272429,-22.7975913737935,-1.80326447097831,10.5975098356309
15.6097695360325,7.04824143250843,-22.2183513635739,1.79671576494327,9.14703875254138
17.5545730587656,7.47536589838077,-22.7788041400558,2.76701193850682,9.05527109790953
17.6914313715254,6.9257415877448,-22.5459601260085,-3.8782104246213,12.0554134237036
13.1906331534689,5.88832854351236,-20.6734253233166,-5.77234875316235,13.0640827869468
11.3538650444161,6.63124964033162,-20.3683135667042,-7.4968970327969,13.8682809655275
9.906510877146,6.17109986880488,-20.3590917289449,-7.82578176368501,14.0342178312596
9.80645790393516,5.3846239815356,-19.8015651699398,-6.40928885718197,13.509840937545
10.729934261586,5.22696913925658,-19.9117641463193,-10.5598910186616,15.3811176853208
8.07023641016463,4.47087992499058,-18.8089236975671,-11.3312217039386,15.9000395724268
7.26671959100926,5.05837448448167,-18.7315377693306,-17.3213813313076,18.4749729453758
3.402354749116,3.91943887493852,-17.9345099719753,-16.7285199632077,18.2869488618015
3.80560393656131,3.93713077396613,-17.735696035269,-15.2246085862057,17.600740265953
5.05829338048805,3.55172286922879,-18.52395226645,-24.2128350473758,21.2574555517198
0.0388057821420311,1.58740279618159,-16.3555037289907,-20.6951902173037,20.0684498565355
1.89557585506653,3.18675254264164,-17.0777582821231,-20.3490691101672,20.179045482231
1.96025215214309,2.5445829516756,-17.7178510383059,-27.8210100172024,22.8628423928382
-1.57786993199236,0.802708404668333,-15.9012491198486,-22.1837649921626,20.2154939616031
2.47760579256161,2.50138941599234,-17.4816421819158,-15.5927208447753,17.8522099477012
6.35364754529068,2.70116771817185,-18.9184232470016,-20.6871425121766,20.047458387667
3.69759431922234,1.17340071232342,-17.3527942674775,-22.303376114694,20.4550665462049
3.05677881430584,2.26938722042915,-17.27811089337,-13.8175034081386,16.9668610140374
8.09161604212368,4.05958160134462,-19.6889588505904,-15.3703910164502,17.3896818453508
7.88818386857633,2.51867883756197,-19.2943147488962,-9.44740004189371,15.0650672322591
11.6027258544809,3.6722566099107,-19.7582660940843,-9.55910379758351,14.9187395122908
11.7451245511163,3.82373444120543,-20.4652749105459,-10.5538885478261,15.2751701616154
11.1294113018252,4.35969530994879,-19.8381202113182,-1.22437760149469,11.8325459893793
16.03011481764,6.13754560704509,-22.0031978567503,-8.63385566777682,14.6510995109958
12.0398248180271,3.99273741799587,-20.4933052359368,-8.32198168894941,14.2641194487953
12.4210879054646,5.0908029163638,-20.1066073609107,4.02844195778282,9.17843664037492
19.6049871477075,7.29266828402117,-23.2599494823456,0.209970041318137,10.7568582080361
17.58310929845,5.35206658652883,-21.8604849246047,3.06675452221732,9.97808110361204
18.6237388056632,6.75437972395467,-21.5634423171123,-0.472003440548418,11.1821977376001
16.3410133517536,6.80506494036657,-21.8609584039316,-0.256067822818251,10.8592214198245
16.4490355843456,7.34200499747705,-21.4984864626113,10.1491175265158,6.93906872219787
22.0580123983298,8.49589557877133,-23.5990302136744,2.54429422184254,10.1055949977032
17.6220171923541,6.11032681727283,-21.2996908262268,4.66155718837188,9.27740780561701
18.4855749480595,7.98400388415873,-21.1603093630581,7.5943312111854,7.79238046679585
20.0470184605931,8.84034014405326,-22.7882594875859,7.11429417491142,7.94119909501779
19.7926970677707,8.19703176538411,-21.9353896515258,12.9792877601661,6.11495723669893
22.356044763673,9.02439100089112,-22.5692356775817,5.49487191145395,9.25619094014656
17.6016097608134,7.71621375443466,-20.8839465762079,2.95400676707341,10.2105697914159
15.67149390907,8.55310425804696,-20.118163900246,12.551760054188,6.12502094021618
21.1906224336187,10.1901849479184,-22.5735949970824,10.7743371016126,6.8232963665742
20.4277152533675,8.2972551903744,-21.5512297892166,14.5941443251299,5.81346355265475
21.9109239272903,9.27882987328481,-21.0552743543626,9.20102019413185,8.01623489570246
18.3041121645544,9.0324002673691,-20.571003323041,8.56076906261331,8.19046320723761
17.5008845341851,9.8994420507248,-20.1017898699453,16.0377921564952,5.1688846771244
21.5592640917838,10.6817960652145,-21.9894730239467,11.7619705462391,7.12855169865651
18.5495682126357,8.57738820330623,-20.1916076330208,5.54609637363894,9.6283479154384
14.5922649238836,8.3611451833276,-18.5609773867243,5.36319657033622,9.98403266335523
13.489025454829,9.38453142467562,-18.9078706839189,6.3026608267092,9.77757033151433
9.45671848700496,8.85306558834115,-19.0432106760335,-70.2436152698024,38.1490705403597
-32.8778936462062,-4.48445530048247,-6.05461405931361,-58.2354565187769,35.2662850761066
-29.4287242426968,3.02745623592463,-7.21586383975913,-24.3079630386582,22.5644649131691
-9.66873754073056,2.33333805395219,-16.8798105260601,-83.5296870432575,46.3528275223592
-41.2345280117547,-14.9137889438974,-0.25698231343049,-63.5345653411957,35.1040764419994
-24.842694871905,-3.2890634025539,-5.35628515910874,-28.4332381564324,19.972342048992
-2.76923662764052,1.37530044786391,-17.7733410163447,-20.2326441971281,17.668665743446
3.24409890916728,-3.10972786464724,-14.6731705546318,-43.2147722846221,27.8685282003693
-10.9509280814154,-5.90506914537377,-10.0348084069782,-48.0265282670604,28.2638790802465
-12.8007287504183,-0.1526810381849,-11.0491931132864,-28.719413254473,19.1295664370622
-0.212150283616922,2.95182968193421,-18.982173751331,-11.8275527998418,11.966686824717
11.8709463682838,0.254007743525448,-20.0997523044473,-14.7470892549683,13.940859819863
10.3068052453411,-1.9524433641026,-17.8262378767797,-24.9585066828667,18.271349834635
3.53845413882692,0.106891739130496,-15.6566862181443,-21.095300354506,14.7886116914427
6.9846874675479,4.44431961609338,-19.9832499609404,2.62701014114415,4.85179535512775
21.4640310958181,6.14792864565716,-24.8202049185441,5.35819135602715,4.970556798036
22.4469966167107,-0.563461365627012,-23.3153591609191,7.95438221303708,-0.552872802667369
30.0346186746039,2.41219077880074,-23.8912894187997,63.6018416607598,-20.7460662046581
58.8008133906855,14.3677880649352,-35.1440172378627,48.3844487270772,-8.77618537146241
41.6593882906699,7.77551768676958,-28.6977510348362,-34.6948964856029,26.346912811815
-11.4535448509467,-1.01901416205117,-10.3649231845631,-38.5090781176681,23.7469387843203
-11.6138322573556,8.5879332927758,-16.0255488280879,22.1378307141328,-2.69111066281414
27.0186812628177,11.2419946884954,-30.9433649448805,40.4205071080307,-8.58087900429247
40.2251652438127,0.449888720000468,-26.8161433814557,7.88540555599668,7.45192506296989
18.2267224170299,-2.21632066512911,-14.9228703948732,-17.6113084821719,17.5236994720563
-0.198010086161729,7.04877333498878,-14.0351954690027,-12.5373467322775,13.5838016729987
2.48610581576074,11.1020494402374,-20.9271781563965,17.2771736064162,0.916357033033667
22.172856920153,7.03639219706578,-25.2167517846948,19.427134986229,1.10736040287354
24.7971618444138,-0.161820162548793,-20.899242783872,3.53205452460877,8.66729451480765
13.9617588102545,2.88800946808147,-15.1626466959098,-14.8650138422162,18.067166661983
-2.11824115728739,7.16529262773031,-14.342725966681,-37.1350144010595,24.9879305196315
-13.9359930630873,4.96107683798049,-13.0111947981078,-14.850681312646,13.7901668554776
2.76677501342683,4.84481974730247,-18.0462744436235,15.3095617882647,0.982354283306523
23.7482979088209,3.14775335910159,-21.8579489960275,9.9788300400548,4.60338104669289
20.289806744397,0.471089237210325,-17.1686456872342,1.28424084835966,7.94480578042243
14.0278701633711,5.99086812337153,-16.2347983521343,4.53197212443674,6.57066940818082
13.8930238008032,9.85315322352342,-20.2116068753936,12.1861240783037,2.89030979882691
18.9311194981716,8.13097932545018,-21.7677492680535,16.5436023623024,1.80042672333984
21.3490143346348,5.26265081887001,-20.5935486960694,9.75203133540919,5.39573346892773
16.5241750591131,4.79746954214055,-17.5953844487552,1.46802354329641,9.16155820508066
9.98939236291299,6.66323308158848,-16.6047174744632,0.490903615464519,8.71296218233422
9.60140916718916,7.68335682809329,-17.8148005586544,8.08482783076822,5.16335494096775
14.7465549999826,6.9357537715826,-19.3129727544149,14.3538624639959,3.10043340684136
18.4459045858638,5.62254285546957,-18.8673389069326,4.92953073275,7.63985731119966
12.0435126561854,4.46454104573729,-16.0034764528263,-1.18490741921026,10.1387260356131
7.50862141505137,6.35782652744712,-15.2071581288897,1.03878479176088,8.77101856001008
8.67228400425013,7.27532669611205,-17.0853416876761,6.01123582948036,6.61769463627638
12.1084362837125,5.98371066127567,-17.4863062956851,4.03461118649443,7.93050742972492
10.7012783850033,4.15351998725223,-15.9082838985092,-1.28863691680911,10.4899778537064
6.90593692911948,4.52588654470954,-14.2378115661623,-5.17962751120845,12.0688270257797
3.98012466160918,5.38803848836176,-14.4577819513576,-9.33066846556244,13.2236601408672
1.9621590754698,4.45557658182512,-14.1765341046365,-1.87248380169021,10.1960111720254
6.71285678028423,4.70460766220938,-15.3753580643727,-5.13832203504817,12.1478190449278
4.40848956082931,2.62236278670996,-14.0147830412513,-13.2138480844657,15.6434716861048
-0.604945036029484,2.25183389611671,-11.7388859907127,-14.2350116551981,15.5378070083966
-0.935888258578844,3.70391972087981,-13.1284961645222,-22.0397397291234,18.2732261724422
-4.99447358708409,1.62228858761812,-12.2216571100323,-12.7911972796992,14.9839257189516
0.362013904459969,2.45688238503446,-13.4548429362505,-28.0439744476489,21.5876581915083
-8.74030212286157,-1.65282284093414,-10.6313637219429,-32.8184353293359,23.5235394923213
-11.3547981878332,-0.604860394279132,-8.83537764466426,-26.5541738845059,20.2600041795368
-6.66530086073289,0.860232947659887,-12.9484373797451,-46.6777982704031,27.7751196847572
-17.0107645451233,-4.54079411076271,-8.74917456141912,-30.592318505973,21.9425418491919
-7.84626574753926,-0.83794096621001,-11.129185777729,-33.7566236839897,23.8840125726542
-9.89492276469812,-3.40056176740391,-11.7818863904006,-62.2638176221585,34.4704613148066
-24.8163755386815,-7.53462405409345,-5.41281612144097,-43.0624710946535,25.5895935978392
-12.2355570010471,-1.15331373715924,-11.4308991133128,-27.3834950193633,19.2863184016289
-1.94823074793149,-2.40150364033156,-15.3952035989675,-36.3578319951659,23.144886909107
-5.82215359951881,-6.44154364833767,-11.118059060927,-38.4371441419219,23.4295417254445
-6.26731703791037,-3.30694884081714,-11.5049497284297,-27.017322061164,18.3243801011604
0.738271953845652,0.505617910914435,-15.747899327941,-24.3003020831074,16.55270298874
3.57067213650297,-0.971015745741952,-16.7150043350762,-19.4429030337832,14.2788469203955
7.53289685206384,-1.01665744795015,-16.7707990434124,-16.9750393648607,13.1401842864198
9.27331569021844,0.0426802052652437,-17.7105246110118,-17.036318512909,13.0704722291161
9.0834644357052,1.26648470500611,-17.7289751695176,-12.312653347586,11.0581115389341
11.6948253427416,2.63369342611938,-19.2731760860128,-14.0142114812731,11.1937477679414
11.1447868803319,1.81279863651041,-19.1622502790583,-13.6241497594104,10.4435028985703
12.1014108719072,2.08734334373382,-19.0933862735973,-2.76921242149492,6.14564697649078
18.2545167484438,4.13006143015929,-21.1974494819113,-4.22291598445685,6.73991464289885
16.9608638094928,3.29587554473969,-20.6331678462589,-12.7041299029287,9.81553967897015
12.0292609404677,2.94494036591435,-18.7060099872227,-9.15754231770972,7.94228901287883
13.6687129626924,5.00981677246254,-20.2744709971135,-6.5665104155737,6.48031742523079
15.5264693971321,4.51344550141836,-20.9717994906208,-3.28546171523772,5.45620405854275
17.2066997590781,4.10383463742772,-20.4455803302616,-4.47508663237083,5.67565291430564
15.9689854587301,4.30626050346066,-19.9860797771908,-16.8905001315183,9.89536622809256
9.07020190134815,3.50179011403513,-18.0774867966493,-9.95283947149284,6.77511765599725
12.9085517344054,5.97126215876055,-19.8198721372155,-0.324150416394102,2.8369905113307
16.897967342053,5.7138168683999,-21.7434733260425,-35.008361126158,15.7500469977679
-2.0254553174638,-1.28479516674887,-14.4192813046841,-31.330981385441,14.4190288442712
-1.11383450872471,3.50060422539381,-14.901114975494,-13.9140789901947,7.09734281807011
9.21354357546523,5.08815190000063,-20.4656377762963,-29.8353393805863,13.408885891442
1.00576775408429,-1.3111316254331,-15.0094064163846,-22.7838362138339,9.20186638128587
11.8856961536012,2.24374003871985,-16.1143275289841,74.294119098233,-27.8222245771452
66.5602697360238,18.676923473681,-34.0103867328461,70.842677975826,-28.8894416233346
69.1315886094108,10.8730634124387,-33.0274553347679,27.0259056491988,-11.9619360473747
42.6274363335018,10.8310668644391,-20.7601949931226,93.5090098219778,-39.1125729160055
77.660453109031,32.6611153010367,-39.1096020365622,74.3118829821025,-28.2774251295205
55.8601320923615,20.4113949034598,-35.404833445041,-41.870554333979,15.9575137086923
-10.2604390435246,1.72611958154577,-8.32439627590819,-32.7012006738825,13.7002371871278
-10.9973393699193,15.0153360930643,-13.7419895639532,30.2391184421959,-11.3211122055634
25.0324073327621,17.337644075323,-28.100648237698,-46.6103939134326,19.7911826670912
-16.8114816157269,-9.2527055165044,-6.64112219202684,-30.7372161183453,11.0290752828947
-4.20680033272126,4.34768924445456,-6.20157692211774,6.48704283597138,-4.46131124351857
16.3847281479993,12.5954039912662,-22.2034068799519,4.67667060770894,-2.96665343799079
15.9313828330295,6.02006798855161,-15.5227951297149,-13.881787454957,4.79115697965018
7.13988605440083,3.09664348905939,-12.2342716114666,35.8399772259306,-15.6222137090507
36.1645011115471,16.2075806729023,-20.8543341771582,52.6663545256952,-24.1048191134482
49.063935967346,15.2328819853776,-27.5261879648668,54.1055339691635,-23.7051816044258
48.7649711295198,14.5277244587998,-21.7956777871161,74.2114937368739,-32.7372882033527
59.7119904799198,22.1732316286664,-28.4549825135244,62.5641190326301,-26.3886142989401
49.1537163343256,20.0464910553894,-24.9699840450306,75.0040827157763,-31.5218529295732
54.7476297329509,24.0629982332258,-26.6720215994202,71.7098182052556,-29.2077543996582
49.869575307548,21.9364624509535,-25.8339795252074,63.3887656378451,-24.9027635712448
43.1528799944522,18.9834857176612,-21.2985632338657,77.3218754751591,-32.8740704485824
52.8023660721757,23.1761099385151,-25.1847339206581,114.219464406219,-46.0618750717305
71.5694606127073,27.390895594827,-30.2182032075162,96.9312552279094,-34.7336847247913
54.8287034195564,21.4122311539658,-22.7345144250777,43.6086252671497,-11.4742743912828
18.4606136364058,18.058947286896,-10.0997672081724,33.0296486461582,-8.56644671624953
10.4987320671837,23.1377166310385,-12.280323005978,61.5141146295867,-20.8336817655404
27.6542510819888,22.7318468002344,-18.5057128297485,70.9528039482161,-23.3168203879956
33.6496883034776,14.7398115151315,-15.1857859307809,52.0087070366911,-13.582089388218
20.2856145647963,12.3215555524624,-6.88857870696194,27.5136048451613,-2.70582546267817
2.06725682376297,15.9340895071427,-3.66553547941647,23.0429526893265,-1.30456661727798
-2.2422191661338,18.1756389445069,-5.53854623075871,33.5524755448041,-5.65775289331827
4.38331661486961,14.5037037040773,-7.303843627613,35.663044542211,-5.9475685906851
6.65471308554838,9.26272138313302,-4.25005824274195,27.1970066635882,-1.71913383756585
1.12939441695429,9.04131645874765,-0.811770316511213,17.9402835645768,2.88400609793383
-6.51756778126657,11.4203951013427,0.196418968090187,11.3630184895031,5.60179245437872
-11.3704042398854,11.1086412240251,0.00748294201105493,11.7646325984485,5.25981834470725
-10.5178530902541,8.79069174406893,0.0599388891108505,14.355457179735,4.81580272607906
-8.72675423616601,6.48714898854474,0.831686287507735,8.32268197330389,7.90299218930186
-12.4558936794549,5.21926725599574,3.05378894308509,2.21178573346448,10.8449662232295
-16.7018985471789,5.84583258563135,3.9409198813464,-1.20444948520488,12.0128225761487
-18.5245090172701,5.70702070364524,3.44011419362082,1.37204497040146,10.8520114590587
-16.4606065338097,4.80889786875188,2.88045467074255,3.73819865527261,10.5927760229771
-14.9831607813713,3.276305167462,3.10978427014791,-6.99969959911857,15.3581042273943
-21.3047771812987,1.30035480008821,5.5957461049638,-13.5674811527314,17.9163388382534
-24.9204019851273,1.86358621600226,6.18883122745872,-7.2097960588374,15.2810589047265
-20.7478171640337,2.74891007013919,3.73551371490078,-5.43825451240717,14.6144234828283
-16.5731550612843,0.740305328225026,3.62906015885423,27.7362876833525,3.33337144718448
1.60980064875467,5.12340804805498,-0.636356672923068,14.1696505231523,7.78951745930251
-4.05673188500114,1.36351651926844,0.8693619280273,-1.69433841216998,13.4323098476783
-12.7461284833453,2.99163190355284,4.27363388144463,35.952764100326,-1.33573690573793
8.08073764559999,11.3323143359593,-5.90604541986528,18.8103439546055,7.49824443468168
-3.58101004441479,2.46669158207634,-1.35934463683975,-0.488768876411505,16.1634120581064
-15.5116489258539,0.827120518579599,5.44581799983192,-7.94200720373975,18.2673463398453
-19.7165659719396,3.13654213639053,2.81685394566265,5.9572636299833,11.8571670621777
-13.9200360867437,5.06663419505428,-0.20856237061094,-54.645708868234,36.3297605177935
-48.787596273341,-9.64064086961406,10.602973465135,-76.3766446216008,47.3398725064585
-65.0537659002939,-8.48867119528085,17.662384877998,-69.4039275827858,44.1316477073996
-60.0319523717008,-7.82323309388059,10.7792182899246,-99.5101195663533,55.1093201144027
-73.2267551752529,-18.9540315722858,18.2790848297968,-64.8980855024987,38.2085404391208
-45.8982745404594,-12.564391073241,10.9330665876783,-41.4723997032269,29.6525008603468
-30.6476240122777,-12.5538197832646,5.21045105150549,-52.2395397692743,34.4389590791173
-35.1433177868785,-14.5410031298627,9.74985515589072,-68.9562589753902,40.6563911145825
-44.4733039846994,-12.1541674663683,9.61653769968632,-50.5817912016771,31.615118185696
-31.4525011242139,-6.74351895724898,2.90773396041045,-38.8535134321438,26.2845755083928
-21.8965620220316,-10.0473250195215,-0.995143317577102,-30.7286807737951,23.0669472020093
-14.7655340247087,-11.3234224551035,0.333048028068664,-35.3554403122146,25.1199551762149
-17.140596781421,-9.97136902843221,-0.26130852756647,-39.2416317846736,26.2886813157883
-18.97935797098,-7.55723963897231,-0.696670040283931,-27.402367283971,20.0005063613217
-10.0485615042847,-5.20703144156492,-6.04334427134763,-10.1459249515575,13.033615116128
1.39477583870489,-5.73830699763272,-8.6482580923877,-12.5804795613576,14.9276850759276
-0.10078146183779,-7.85808955683479,-7.01740252899037,-26.6174576313287,20.9761402887061
-9.0578938534263,-7.01685169427702,-4.17936263903913,-28.7780824142816,21.1623400041373
-10.2692169811555,-3.98078418681243,-6.55820554008605,-19.4994052146362,16.8254851420671
-3.84300382627897,-4.02438040692847,-9.39366247299569,-13.7772896742574,14.260921167628
1.15766206123266,-6.47429382615303,-9.65262632994264,-14.4178403182755,14.6526264373915
1.43249599514856,-6.58806582024972,-8.49172296234502,-20.4811066837981,17.2809370829938
-2.67679407757794,-5.16378657376109,-8.10916571283294,-22.453963886078,17.8460541696277
-3.93794143029117,-3.728329304034,-8.94553682046373,-18.6979705395425,16.0433929262716
-1.23949095662429,-4.1096840015431,-10.419051679998,-15.9247185169452,14.490349287322
1.70563394629476,-5.41391602745245,-10.4705156507093,-13.8086700416035,13.3875578982612
3.83346104703393,-4.93100738195715,-10.7796564708664,-19.4799938366226,15.9226404765358
0.0821902131911526,-4.83277556588479,-9.93288381395989,-20.4850711238268,16.3952831609501
0.0100063609289224,-3.63050100093848,-10.2188501785101,-5.38451484141617,10.5449354533509
8.70831771215527,-1.61389959256942,-13.5682354838007,-11.1680026708077,11.6824417522319
7.47343581166604,-4.53756611952567,-12.5866680453043,-9.29539050427107,10.4523150640103
9.40853706409125,-2.66115104321342,-12.5226232979148,-1.00375349519771,7.60454307242526
13.1923572931922,-0.34633040778643,-15.1493135852757,-10.4032019380765,12.2454908424921
6.46403696107622,-2.56896828726839,-12.6103879774928,-17.6485701720045,14.7221509694735
2.47840183609557,-2.46890620500695,-11.7807208328257,-28.8642417448312,18.3567128133164
-3.37271005104444,-3.83742268919255,-11.0342368890193,-11.8949961117313,11.5164719371139
6.35224178660483,-1.27158629749892,-13.963484574558,-25.1433146236966,17.1173408462715
-1.18567189425449,-6.35212399669485,-11.5832253934806,-34.932983858668,21.2804911177999
-6.95076892599024,-6.17471141859038,-7.82258904612397,-26.8061933680379,17.1322109488
-1.83626222658885,-2.92895027468882,-12.1834391584484,-28.6687459298353,17.101159272017
-1.37473637608702,-5.16615866791407,-11.6970686252372,-21.6535183828173,13.886520038468
6.34182773181346,-4.78027111887671,-12.576044204413,25.3091212695885,-3.6588392854873
32.8880604242211,2.78297727049049,-20.2143706698619,19.3689281927527,-2.39308910395263
31.4334743897816,-0.41795039268919,-19.4741775729365,-2.99101068099939,5.58965034399421
18.6844319489089,-0.0694328443490098,-14.1244381133475,45.984344272403,-15.7415344171858
47.5989185798661,12.8825615496838,-27.2916582733286,53.7279446817818,-16.5963016472161
49.3244203023291,7.34654379749059,-27.757162806407,28.3739964078332,-4.15754278696743
31.5610598518072,2.81549049923743,-17.0845695590747,10.2689813677392,2.98206543806145
18.4896166225883,6.70678014850353,-16.3308986476911,17.7394202232828,-1.76420381046485
23.4033411197072,10.1176448651942,-20.0612558065011,43.8380238152721,-12.3799414497676
39.1873094376836,9.17917247282988,-24.4466176936701,42.6917483131058,-10.7288507113
38.1086387720388,4.3215779247142,-20.0699721538188,21.6361974322643,-1.09526807883841
23.4273702822251,4.63756477733738,-14.3358127100817,21.5593502366851,-1.05036197633717
20.9620938790601,10.5418740963719,-16.3328485443887,22.2933085976194,-2.03691610104901
21.1987047085957,9.12633177140232,-18.3261251304474,29.7345554725152,-5.08102614667841
26.1898706489323,6.49642922520433,-17.2328872524115,35.4698722482161,-6.5212545272137
28.7666167856374,6.02057775467364,-16.7041816729052,22.3284350479207,-0.303301997424353
19.3441668519174,5.60610818524428,-12.9647187960061,16.5632910368876,2.17190089207782
14.2792909826628,7.9833301494716,-12.7552953006612,19.4290916950571,0.811087375726723
15.4293089095708,8.03059506636278,-14.2664375986826,22.5730461504778,-0.130826475769211
17.159296260296,5.67618099510689,-13.6353209526596,17.8167360481719,2.40301301039975
13.8423065210886,3.87461941775932,-11.1969094714946,11.5823078021157,5.59670554274354
8.90947031296384,4.53430763234741,-10.1927563701702,-18.7808537933621,17.7644450909767
-9.83108462766484,0.786024932866251,-5.60793004346057,-5.88637269214079,13.5948338021544
-3.97419343893773,4.05495968693218,-7.52671143596356,-6.88349230397402,14.821671664943
-4.75694545379064,-0.647627535904575,-7.97233376250009,-24.3078136307036,21.7036389223523
-13.4671591740808,-4.85905000747546,-1.62416315161414,-15.856828986651,17.2800966360639
-7.13361740754535,-0.43480869370913,-5.31128664081242,-3.71264055033429,12.6588301397078
0.0599859626238737,0.523833302700352,-8.06995474346943,-3.44533662677,13.3190931871919
0.167703942463589,-1.63700411268304,-6.98256692305905,-16.2097059470291,18.7125680042006
-7.33544124901011,-2.81418805008078,-4.09684123569828,-14.34652239217,17.9108993978626
-6.5102969341957,-0.0902557459036029,-5.64831546949351,-11.8683219459797,16.5683044061038
-4.42726240171722,-0.644947200451099,-7.37503554737183,-9.50579174973918,15.6389662863384
-2.17988822918164,-1.88622163696258,-6.84859588067042,-4.46329110708143,14.5057692052108
0.265363868004727,-1.50955020368809,-7.26014880325919,-17.4791715534444,19.6808171485284
-10.1493236514489,-2.89664550848945,-5.00949741628915,-68.7062793825424,38.064939807491
-37.9646950618107,-9.17999457190159,2.33894564005172,-53.3033749685851,32.8372812015137
-30.6215243457167,-3.90831192389258,-1.45050069373549,-25.9095284202826,22.711649858459
-13.7426694204967,-5.87087882048908,-7.56051979907739,-65.2248055561088,39.4393413158761
-35.1584406684021,-17.642654562641,4.22956683035879,-64.6715055429503,36.5302968102628
-29.3561568703802,-9.99269729684403,2.46123313179673,-9.65708327293406,13.9738712303489
3.55524062557218,0.121344451009408,-12.4712563478502,8.35988777485873,6.25810785322683
17.346925221073,-4.69139648367501,-13.9144656472525,-23.6510062678931,19.7391819146684
-1.16837829493647,-9.45278016506912,-5.22188561877652,-10.0258012535379,14.1022625203794
5.32616029805423,1.79553193699252,-10.0745547213565,-13.4746829443559,15.5369018676371
1.99864007043408,0.524597929571725,-13.7985662192217,-13.7923727373615,15.1481068408581
3.43832610674291,-2.49803619956456,-10.9300465860517,-6.37328980955411,12.2198744644785
8.2960834782739,-2.58869196297028,-13.1266173556664,-7.47733365959777,12.6238672813693
6.9607813466892,-2.32484727117499,-11.5537331327113,-29.9250962759121,20.963548685217
-5.93016343484062,-4.10900373665936,-9.0910887124387,-24.5064912033924,19.1543296235258
-3.81473458973095,-1.05825224823644,-10.1825944027808,-14.2903988568093,15.2160474808337
3.63457674607536,-2.11614729025112,-13.4950888129381,-5.44398357879364,12.5391421918215
9.11222516570041,-3.38771096866126,-12.1057057905993,-6.05565585818734,11.2176184566153
11.2833051747208,-2.48907246949036,-12.9980188794585,-6.46135950298801,10.80177728911
11.3023093094665,0.0448822940225027,-13.3913339851795,18.0649859008904,1.17341346856609
24.933812599389,4.80904087438962,-19.0479345346217,4.1838380600661,8.03777056067814
15.3123735442547,-0.497446605549866,-15.4553649263916,-5.80959884597719,12.1367856213636
9.01691876763412,0.240277041035164,-12.0496933432927,-5.13673281290663,11.1392157658449
9.30017144128712,2.4452798047546,-15.010730674661,5.44953232357139,6.49951416012159
16.1256836759412,2.65341800720756,-16.467817661661,10.5189725603987,4.87639457883542
19.1120006924704,0.997153624995023,-16.6774345165853,3.49390952624213,8.36242711018613
12.9915088441913,0.255393712288317,-13.6758012396808,-25.1709170437694,19.272425269272
-4.12700921204317,-1.63934274095514,-9.83673092304051,-19.3765636626671,17.3040758574683
-2.16972756531642,1.73438335159193,-11.5208736485518,-5.84401312852449,11.9684229519962
6.1552374443314,-0.015388145634526,-15.0608432206503,-21.3299925217588,18.1808061489714
-1.43834927004848,-6.08971214731552,-9.30264970682676,-15.3960469864453,15.2338092632598
2.86094533332858,-1.90651742092412,-10.5506765951139,-9.82078398947637,13.1147451772696
5.55176980867773,-0.195519546783964,-13.3772019049421,-10.3531586418271,13.3511540545554
5.49697102412655,-1.30934722930525,-12.5544381366331,-12.4791537994968,14.3776492158345
0.962265219107596,-2.06486928360481,-12.1789495759102,-67.5351305153788,34.4394753403845
-29.0929289988202,-10.3560146622414,-3.33890587570832,-57.8628668740028,32.1163250610633
-24.4926055258472,-4.56995491409038,-5.08258864510086,-0.475367512493895,10.7758494100194
8.26740055299667,-0.458239198734165,-17.1650521990001,-50.6144614522391,29.6447501221905
-16.535182346679,-16.6544830689754,-4.44071932874778,-44.664613114622,24.4540346656786
-9.15842774603036,-6.37718424740049,-5.0982489025145,11.0239802513448,1.88340105302571
22.6010596042684,4.82390955934072,-22.272771963808,0.393322064305821,8.28998831204096
15.2888243564378,-4.84640372995999,-15.8962215116431,-33.6845308781752,22.7638078911024
-5.53262201094369,-7.59774113475742,-7.38019422983143,-33.6786003812223,21.4924566231827
-5.84114947545169,-0.395827873402182,-11.2596120962205,-14.0953941258489,12.2290218321012
7.22517470490051,0.911925039864368,-17.8381313766695,-2.33458058232248,7.58810426593202
15.8453721460372,-3.27982597690241,-17.4030736270648,-10.256849363664,11.7596664437574
10.8525513354814,-5.12623499601004,-13.646367892351,-22.3750264795679,16.9013180899204
2.47151192056869,-0.932485302578668,-12.0865556412484,-32.6075560904318,22.1266106712117
-6.48624648598855,-0.00417840019581606,-12.2326425602732,-43.7213293661424,24.7463757196089
-10.6101975908378,-3.41013491858507,-11.196707224888,-26.2910450380274,15.3300404931892
4.07853658527695,-2.77056314962908,-15.1440930645043,0.181022007942374,4.57904982031404
21.3057973010399,-1.44440447183997,-19.046046980852,-3.47869485420992,7.6800657620773
17.9282001491048,-2.37145919912721,-16.1240803283199,-23.2140611916652,16.2604966972423
4.31748773177365,-0.7295006337362,-12.8487099563174,-35.0598230047342,19.4217594225658
-2.34639583752141,1.20115766023391,-14.0870026701689,-13.0268609267069,9.36237086551716
14.2560419467228,1.74833021751246,-19.4212989977644,48.4840400363198,-15.8450745377624
53.0360738571562,6.09185878548912,-29.0410664512087,55.3674623718565,-17.6475857226731
57.5831127082107,3.20315486530127,-26.9810612004321,20.4904706999199,-1.62912889275835
32.6314805986721,1.87207229218826,-18.0651294596705,46.7232198783415,-18.0593006497731
51.8536121572421,16.5914327783854,-30.0652416581444,111.996422511139,-41.5230219977625
85.4602738461639,22.7560851771199,-42.9670285356287,81.8652972546614,-19.3500755450611
55.7513694664429,7.33488221934889,-26.404459334977,-52.9349648478491,36.1000829900584
-28.0173865839749,-5.17987797163614,1.50503903195731,-48.5487694215651,26.5485613246726
-20.8755205389612,13.8061333421601,-9.876844702571,67.2367777467783,-23.2455909879918
52.1031452979603,19.8199426888667,-38.1439292919233,87.3842383150819,-27.2034202480504
65.896524131439,-1.40551056043338,-27.5881060254045,17.6110655490784,5.92219493164458
19.3435012019717,-5.87708022017513,-4.21060523344394,8.4700565828521,9.47894504754545
7.47209312131723,16.930632926418,-10.1937358341686,9.98572967439438,4.23987856280978
10.1189730244723,17.8228692078163,-21.3701791328525,56.6786658767244,-16.170501420596
42.3158278652275,11.4592808568692,-25.1074443467217,77.4216879525823,-21.3288664570499
52.3830150131282,4.56441510628417,-22.9662627685977,5.8035653478033,10.6717761047036
5.54636745634836,-0.831067750556421,-4.04915657187192,-27.2786352483467,24.6552426963053
-20.0554969373376,10.2193478217478,-3.30884108577458,-6.45765256910831,13.9428170180425
-7.24539411156087,12.6167063992047,-14.0260414805676,8.05349143059619,7.23377341268532
5.76675349015716,0.144075212657026,-13.247658751229,18.3791071856289,4.03009305070266
14.2008519825273,-3.38652883820207,-8.61241692148306,2.42337558143817,12.2779466911042
2.08169936191989,-0.0317825545204324,-5.27164822593096,-14.1459330151052,19.3194870988921
-10.4484785075337,4.95077221157911,-4.58939558129017,-17.3649173144529,19.4814793402885
-12.0714424138737,4.36141387322035,-7.73677761287981,-1.40925297947576,12.4527172463881
-0.411673091601338,1.05190806293914,-9.34623927872892,8.20678327126975,9.24228731445076
6.47297908265862,-1.77119710889123,-8.89153642711234,-4.85284560260345,15.2697239782014
-1.58344969636638,-1.79115409224439,-4.7216655395234,-11.9904013318659,18.5106633969646
-7.47769124466689,2.17416995375957,-5.32071983153382,-13.2880476293996,18.3874033862393
-7.98838116221093,2.29011813467774,-7.35264119132036,-5.94859351466341,15.0597312271058
-2.30477542228254,0.226389764200184,-8.33723787683532,1.69271422913245,12.5882611321846
2.73636225885878,-1.14432982369507,-8.26867755203713,-10.2367741785636,17.8792732663691
-4.19144670762187,-2.26349294159508,-5.39292401191772,-13.0876494507797,19.2016601420526
-6.63234844278307,0.61599271591205,-5.70818399172554,-10.6876929101629,17.7493041638566
-4.85752905285752,0.973302839815653,-8.1606385009443,-8.65044504622254,16.8249570023539
-2.46020973901522,-1.1455020530854,-7.88660244396713,-0.508846750993732,14.1155046473018
2.47718952618678,-0.95055610875348,-8.5897292189207,-7.78754822949562,17.4139810398394
-1.78820162985082,-1.7796580282046,-7.08131183700392,-13.4088016638383,19.8725571412231
-5.59329710118671,-0.648758597829657,-10.1327505565259,-178.061984004672,84.0329941915226
-101.288969983829,-27.3238568148504,16.6118832403982,-92.9936477172181,55.8983877187953
-59.9870817208684,-2.66500509833079,5.93687451672632,-23.0997667084333,33.2090614897351
-21.7963925309556,-11.3291774496589,-12.7691861720918,-171.476367454124,86.1583474355945
-92.5252598018644,-46.3904868159783,27.5788428538975,-90.195661671983,42.4047257094808
-31.4836879658709,-7.90716538074983,1.48324204342898,74.6299018948437,-22.3648891320144
64.3170016118474,11.1112254671984,-38.9101479645839,16.5138653150346,9.77890202533828
25.0217702354118,-19.4647609202803,-12.5620938093824,-100.638252982642,59.5694462338191
-49.3825066753884,-20.133403606504,13.85085063739,-101.969977488721,53.9458805084081
-49.6556404862167,2.80293901851467,-3.98424500581141,-20.1131559774729,16.1696699118854
5.65994403479475,3.96574085257473,-26.1089268467835,30.1400474277887,-1.71291220936969
40.1218264220058,-12.7151543217799,-24.7649328619709,-15.3719641947836,20.9191092755111
11.5468159737,-19.7309464542214,-6.40406017199899,-66.1522660746985,41.8111857313466
-23.6149451206446,-5.30521670996172,-2.08109498965831,-52.9522972646817,33.1152107681622
-16.4145490109051,6.21308889102694,-16.1728105046901,-12.2840702368857,14.5827161480742
12.4889958456205,-1.52055399199991,-24.5882519133152,9.03489824537646,7.68686749651609
28.1153295627786,-11.4465922249463,-20.2538164856374,-17.6106268821654,20.4409898092086
11.0736700627119,-11.2537393799456,-11.5790193560322,-41.3903785881706,29.7529882487649
-5.91322641516069,-1.27313823334301,-11.318189096416,-25.2645878300442,21.6734901714188
3.12088075723364,4.21600665463791,-20.5139271768992,-9.15988509418683,14.2932429317155
15.5432586494201,-2.94801792299832,-22.5960170464477,-0.0974306709964724,11.4331350675785
22.56598982329,-6.88118320156515,-19.4672884080308,-11.623827559624,16.8091324889354
14.8798974682186,-4.80987098218864,-16.6749881674626,-22.3442923025364,20.968332762334
6.95558004481466,0.17219590604427,-16.8395529661303,-10.8854210271288,15.9049427159113
13.0970624917661,2.63857098666667,-21.6476809481835,-7.60471630008767,14.1673593090355
16.5004451077657,-2.02854576631095,-21.484916884292,-6.71039636681453,13.9328496731509
17.9378471233446,-3.45498256441796,-19.2951000676499,-3.29342366778696,12.9018705059998
19.2474003407608,-0.457639709185198,-20.1348422776507,-10.1385594522945,15.7349422330141
14.3660831826992,0.289351310530929,-19.6877067249094,-8.89529128275276,15.0632177926648
14.7750714675718,1.06832848315056,-20.3798366293843,-6.36818930917661,13.7569193483286
16.6989506170804,0.0445133720799697,-21.1661784357178,-4.8344869129281,13.2071814333002
17.8700054083484,-0.647029420545943,-20.3773755871131,-3.17265594653165,12.7999285886411
18.4378355262784,0.213538950046273,-20.5006511196843,-8.31545958288098,14.9537425935639
14.9371807400316,0.262683945594533,-19.6467928442949,-7.36426592904741,14.455177459806
15.228871238462,1.19398142549986,-20.1544628651157,-5.8504611768647,13.6872310745117
16.2136914889736,0.768552227105169,-20.7286061160408,-5.63600674417423,13.6811492153783
16.4185755982263,0.12845577203568,-20.0591009237111,-3.7493723946587,13.1551656755672
17.170076075145,0.718396808564135,-20.1798670912789,-7.67159652188991,14.766272224839
14.5843781581282,0.470680097073656,-19.525626226273,-8.65528448263615,14.9841821764115
13.9379288377623,0.953156875957344,-19.4518400228241,-3.00603596898798,12.7511404977287
17.0830141051118,1.63118477688444,-20.7105325075774,-5.18941809361937,13.8046097903875
15.7066882625216,0.317916887971187,-19.8170334209353,-7.81773022803134,14.9805373534612
13.9258749268121,0.455540658642641,-18.8616442512088,-8.48070863030001,15.2085226218946
13.2345010096793,1.14111877739303,-19.279526764948,-8.37589168888322,15.1761114366184
13.1467029978522,1.00864971420436,-19.2898755212819,-6.70785348562496,14.6445718993122
14.0125595507784,0.759898269713721,-19.380233823162,-8.99715842204529,15.6696716089909
12.6052681151773,0.142133679676959,-18.6432377703412,-9.30904033826324,15.8503049318843
12.2462722695212,0.6584697500835,-18.5167903604075,-8.77090340165686,15.69255518531
12.3385730006029,0.924539898519924,-18.8944329998618,-9.75428190931238,16.2022696490551
11.6141973611563,0.490644127150886,-18.5178120312319,-9.87389302315252,16.3947666319632
11.3819826136783,0.414791858409482,-18.3585918054755,-11.5115342598082,17.1175859801717
10.3219593865699,0.202234736928111,-18.0620191153652,-12.1309918809416,17.4472509226902
9.83067591722387,0.273805671878869,-17.9098481699508,-10.5199635093069,16.9283386367042
10.6379092005923,0.465461367814061,-18.2625987898683,-11.7449748494266,17.535488094623
9.87257845927165,-0.0527791632317198,-17.8938406651281,-11.7007255084237,17.6385865807002
9.80564271360581,0.121491360596013,-17.758236462233,-12.1960651881833,17.9218436998305
9.39392391626944,0.145736226812082,-17.8649279987295,-12.7954799867886,18.2824490632364
8.93579398907367,0.072734326865894,-17.6373572556368,-11.1463945537741,17.8558484622194
9.67527756817741,0.263592103281503,-17.9396645993414,-13.9205190722284,19.0048748948089
8.1020774968203,-0.404006432565432,-17.4170045929192,-14.6383049980813,19.2175478614686
7.82777961701146,-0.186695543876948,-17.2860934407596,-10.8986029452145,17.7987562049032
9.97317917694291,0.414143997617761,-18.2577045925664,-12.6356256496178,18.6608225013813
8.94148140900239,-0.415520035659191,-17.7372647835747,-14.1050462067864,19.4195820198581
7.95652301697842,-0.3707788766244,-17.2480114489799,-15.4855076907896,19.9063004221322
7.18764485183097,-0.226588342894593,-17.4596066568687,-14.7688013149859,19.5653474044553
7.76267064777337,-0.135330541992968,-17.6680703482563,-11.93852648387,18.6175435301047
9.39730497457591,-0.13632041917649,-18.1745104832046,-15.2666058608239,20.0575333998438
7.54653169981361,-0.979927331178046,-17.3313691515226,-15.6061641113096,20.2210035788073
7.33879602340769,-0.376505732427802,-17.3325794470187,-15.1085457081601,19.9315145735261
7.75147366801471,-0.173247004605995,-17.9865999361873,-14.5212146688209,19.7511095103651
8.22965977810237,-0.445198251010534,-17.9403166581074,-13.2465754175539,19.4764501012006
8.88578191941083,-0.495624969173829,-18.0842303522431,-16.9890738776729,21.0333068774768
6.76660260338209,-1.01369565668171,-17.394152059802,-17.4470052526928,21.1737577324868
6.54728018655302,-0.501132871682371,-17.5004258611672,-13.5886556411534,19.594339608404
8.95033091572664,-0.0302428174186682,-18.6197319415502,-14.7583637435379,20.0974782830256
8.56879767959812,-0.933065038192415,-18.217179164673,-14.6737779041511,20.2827194624625
8.51618409504499,-0.691607660934526,-17.9655247487123,-16.5966689215626,21.07382372237
7.36820182702481,-0.621438739230241,-18.0442478946711,-17.1125465794003,21.2365482662631
7.16198325384529,-0.466210340451398,-18.0521266394347,-13.725156139126,19.9653799877191
9.19537300804208,-0.215508033551481,-18.8844481843129,-16.2322215337777,21.0180855852418
7.98542421394734,-1.16915803253025,-18.2470634119206,-15.7832066775782,20.9100340934254
8.28281194727848,-0.639171064004572,-18.2366049559399,-15.8306398478576,20.8902155392969
8.31269918774273,-0.450660698235352,-18.7485695050162,-16.4033182968178,21.1577500488083
8.10991895133859,-0.618032059988207,-18.5255188806022,-12.3900150122236,19.8034277130199
10.3019742502304,-0.0999518091480986,-19.2872074315324,-16.6204421292269,21.4452578033692
8.11436827742369,-1.11475426257471,-18.5643304929819,-17.2276165088412,21.5917302226774
7.92348213393923,-0.543546307460883,-18.4156996757843,-11.6453391351154,19.3552183763524
11.2136003913832,0.435657064638614,-20.0402725569664,-13.8800407592786,20.4152058826948
10.0031801979977,-0.745792516357117,-19.3548665361197,-15.4832953997312,21.2769022444016
8.89688692731524,-0.635792427119735,-18.7566001250688,-17.0312131424053,21.8696053148754
7.92613708296759,-0.362622786498473,-19.0401796437082,-17.0538940998864,21.8005704609301
8.07672215291639,-0.404790231878147,-19.154990206547,-12.9969736212193,20.2212251623559
10.6309514529121,-0.21052378687019,-19.9688254959531,-14.8014434090617,21.0677182415231
9.70952469345675,-1.05427029172364,-19.4211852468221,-16.4601027184832,21.8238296805949
8.68769354215469,-0.73944663098425,-19.0202411730412,-16.4843101150395,21.880311389284
8.51679772404358,-0.265706228192879,-19.5577619581631,-16.9647226174462,22.1528916003857
8.23305383242815,-0.63422379055699,-19.5239789317734,-17.0500266981833,22.2759035634704
8.29098507987052,-0.999621829747869,-19.4602608371131,-18.1991089376288,22.7789521511723
7.75729360212733,-1.26649341146238,-19.2512980672721,-18.4371167118416,22.8707796080175
7.74393200632678,-1.0846354650091,-21.622771761463,-119.671072707616,62.635760428466
-51.2668415790283,-17.7216482176382,-4.42687689639973,-69.8854365275184,46.4360958097548
-27.7315965427396,-2.18377914127067,-11.6006589416395,-72.3960038607892,49.9498692747205
-30.591488132359,-14.1688181203106,-15.7992969549667,-136.72397624318,73.1446032182021
-60.7060590759742,-28.2682602874974,4.56689578316304,-88.9403071387725,48.3842725231173
-25.175158694405,-11.2303324561253,-12.7038540340715,-18.2439143979949,19.7035447133415
19.0451594006754,-5.69794225394,-27.6712644268629,-30.3742124703208,27.7688169843059
11.3129660739581,-15.8824997892631,-19.8415274029744,-74.8527886023061,47.0743702801601
-17.0999032883505,-14.6552873765505,-9.63276756126699,-80.591156844162,46.9845216501861
-20.4997924505694,-4.87343401755337,-16.9945996539205,-49.6359152273643,32.1636118490662
0.98854173376346,-3.95501384129484,-26.2099581775143,-18.9795269359667,19.9859131400128
22.3533558078083,-9.5618936015033,-28.7591093846111,-31.3627937047179,26.5584516132329
15.3323285961856,-13.31056926272,-22.0283719677191,-51.5437266399342,34.9216224741943
1.69623274918256,-7.150470675244,-19.7457129919149,-44.1177838813716,30.8963899888323
5.1322947181747,-0.380404092540097,-26.259133282517,-31.7386704954085,24.8656929000633
14.2335979686564,-5.70407829388291,-29.7294257946076,-1.8815930087135,9.02321328526039
39.1106060948649,-5.61030078397534,-33.8831355876063,40.1088615271143,-5.04058628885005
61.2000121583118,0.182418429365796,-39.3303235313835,9.49246899199603,12.5379772020521
35.4249102258801,-2.48366754725331,-30.2598387598453,-55.5019887551961,40.0725137711363
-8.07572451290791,-3.82055863712415,-19.303922583774,-57.0344123901987,36.719937672016
-6.85738009702534,1.49915485945301,-25.7732266771071,-5.23036220554357,13.5170510898801
28.2864193300884,0.314604724810412,-36.913993136423,17.4372500550335,6.12538325973967
43.6759222831898,-7.72161834630268,-34.1142909530049,-14.193109772022,21.8726699517856
21.7718642053816,-8.99441207292897,-22.329168727739,-0.156330453250743,17.3471778241699
25.3478799853614,6.40551135287985,-27.9475205018017,-24.8536538755472,23.5115152685423
11.6190959121277,2.25380407121781,-30.4766890758239,-24.6096591475038,19.902637221249
16.8950453732047,-1.24052664416653,-28.6986310737924,24.5030458773363,3.09028855846374
