u_q_m30,u_q_0,u_q_p30,y_q_v,y_q_delta
4,4,4,213.527745560991,-75.6306799475329
117.78121576368,38.0678748675696,-28.96935405546,29.023175031084,-14.0965097209563
25.1661339551584,-6.86640752321023,-1.10625664970752,5.37970836099203,-20.4045764901655
27.2269952665702,18.2130825264572,4.48633604292773,259.943586588845,-125.115966694673
173.024389931283,63.3546325424344,-67.7371457500948,265.779841691863,-103.075554346784
150.360442902134,24.5542170581991,-39.680785101355,-26.1193832319556,27.3267976386603
-40.7041674758905,-12.0411218964628,32.900173959183,-165.813826471161,72.5905032026831
-124.100007199432,16.8681847380487,38.9576005794156,36.5992259082264,-25.0701975288357
10.5359839777477,46.2034271499063,-27.0527668622612,203.870805329579,-90.1899993082477
121.529249960599,10.9358686630486,-39.2611009647838,135.789804609537,-49.606703658922
76.4344143622943,-18.1050386213023,6.54297066975325,-30.812144589901,23.2931278416916
-38.8450799932574,3.97937388405281,35.1985189687538,-62.1942670795568,29.1374703626573
-64.6615517574966,36.9492471215744,13.4251298943771,38.4078982064199,-18.4806163250557
3.21654322755565,28.4360568166624,-15.5639779097234,111.083689722098,-45.8174230176923
56.3132149737765,-3.18017226118786,-10.1150015565966,66.8842938367381,-21.1083036027427
27.887215780995,-11.8644615371168,15.4562852724545,-13.4084498720869,13.6543445224241
-29.6108378192423,8.91922502109254,25.078653094256,-24.0203724802467,14.3890210578685
-40.2808044406398,24.7683627759676,10.7108083327735,28.7422693160654,-10.1200011215089
-3.94104819642021,15.1247978189205,-2.17996540361428,60.4777069516017,-21.4029941623779
20.3774155387027,-2.98789235658071,3.10133241779966,33.7811448210099,-7.07207103035568
3.20944590700385,-5.15451826191913,16.6237474228874,-6.89959903154458,10.3647324398363
-26.225644841411,7.00990600711964,19.7788897113156,-9.49462659492734,9.58668488356272
-29.6902758683538,14.0135512262165,11.8421481879012,17.4325466295663,-2.65698000793371
-10.7349124612097,7.26573481039388,5.88426186176982,31.175360737303,-7.19055973211943
0.38207916814086,-2.19019809834429,9.59887695457578,17.5840097254778,0.16090286697814
-8.43455763172701,-2.17116773608316,15.8727787304497,-3.72417761861127,9.14138496145377
-23.5001504815583,3.96990829898814,16.9950002464699,-4.45060654275459,8.56071969382839
-24.6474098102135,6.94068445419816,12.8147645813053,9.85559030913099,2.30768258912732
-14.4758428539223,3.0458424712586,9.8289202833759,14.7309323482268,1.07948218166493
-10.0562087626751,-2.06513063348946,12.1588165167016,6.05071430617653,5.58741037556348
-15.508946418498,-1.92088881313852,15.4034213274392,-5.22336713269421,10.1870983770992
-23.0291689670438,1.11544015667187,15.5653866803636,-2.73191814445217,8.70128689856546
-21.4835049830487,2.56256403720629,12.8026153275893,4.76430036834377,5.53993469122214
-15.8804053612529,-0.0141370793892359,11.2814009065915,4.64169492124192,6.05405899619214
-14.9618685913745,-2.82886407831899,13.0175800501804,-0.672603265492668,8.77537347112757
-18.2695258987612,-2.364026139901,14.3683445740767,-7.08463918184459,11.2971222972841
-22.1514438027476,-1.07146511028149,14.1588914712591,-5.24053921603245,10.2574601211609
-20.5749221833778,-0.749685626025146,12.5610657779268,-0.183356040286718,8.12226068451478
-16.534559978098,-2.21760962108031,11.5038981326899,-1.2876854773342,8.86013418425879
-16.4095398564377,-3.81157419741962,12.4369809025851,-6.72971131396655,11.485951819884
-19.7124299153374,-3.73576595457163,13.438819885301,-10.4427614286949,13.0264714270077
-21.8913200731545,-2.99073059679324,13.0597919210642,-9.49117906830087,12.4350750963215
-20.6810424726117,-3.15777302132372,11.8790886359002,-10.1170332523623,12.7207508397593
-20.2055317010282,-4.8792090330469,11.9538096348151,-10.2173795473875,13.0025287845201
-19.6500868755761,-5.41950574064632,12.2146539191765,-14.7473791994108,15.0266008451672
-22.027666283733,-5.82948450486789,12.5804958397025,-16.3671842534733,15.6478052433841
-22.5184746014631,-5.49031965946018,12.2924545577473,-14.7535245394282,14.8343440291304
-20.7508640778046,-5.62869004796461,11.0000321838716,-17.5904343576012,16.0251544896137
-21.6115253169895,-7.15987483295364,11.4929915115287,-16.7704514812615,15.8809295849902
-20.6009025663773,-6.99190178782685,11.2323069445622,-18.3950369626837,16.6781159390085
-21.1376748630873,-7.25852309196349,10.756514736862,-27.085504832833,19.9126584469043
-25.3369389261434,-8.61197322536816,11.8185851477176,-21.2470051922447,17.5236852043909
-21.2711206396193,-7.23997094011458,9.99807169986746,-21.8711673370872,18.0241833399068
-21.0757352751231,-8.83671449173195,9.52539163383088,-26.6431237494616,20.0272594802127
-22.9982583370842,-9.92506313104755,10.9174617891592,-25.6535448913831,19.2812269724013
-21.4371407604713,-8.8626489212848,9.44889296745951,-25.170083607261,18.8606530803124
-20.2068694878012,-9.05004248078729,8.59216490315074,-21.9762178999112,17.6295488447629
-17.5692365823196,-9.12605066100556,7.73959164205769,-23.3104241451879,18.3379700330686
-17.780142746567,-9.81436038732214,7.75621005502572,-26.203503342863,19.3672838963202
-18.7252713801731,-9.78194562368263,7.84898449083897,-24.0893614870686,18.175966448011
-16.6161158839913,-8.91338134144106,6.4278556558977,-20.5170923159245,16.6556193726546
-13.7282202436965,-8.98424236053318,5.22625518476325,-20.6901590296017,16.769680932535
-13.1033249311329,-9.6769552530908,5.2135830797511,-21.9050579331849,17.226272682696
-13.2463168709538,-9.4237372365006,5.17078944429113,-19.0835279874127,16.0577500435392
-11.1976508348814,-8.39761141575283,3.90736462331186,-19.7049089670151,16.0445352809776
-10.7960403877686,-8.81585931199787,3.40528157674341,-17.2025128659107,14.8562862395
-8.54453116927017,-8.52838941206485,2.75130681668477,-15.2879542543655,14.0526749041214
-6.96049224629077,-8.37779813272606,1.89692837684014,-16.6633676838645,14.7100819637521
-7.51618915117244,-8.47067164344108,2.15396058275383,-14.2205607588151,13.8830367289483
-6.03864052891468,-7.60289937097294,1.27610119864183,-16.262178126777,14.4803105963069
-6.67307216330885,-8.06034247961799,1.07814299415328,-15.1775575265724,13.8257481553902
-5.41100028818397,-7.76228247658681,0.732794860835973,-7.88154726287287,10.9536437374605
-0.84113581042407,-6.73983016490781,-1.02213902785683,-10.3140604969254,12.0694108093068
-2.11560146477447,-7.70438495022971,-0.451163119907715,-12.0435220318206,12.7320789884395
-2.95014799312698,-7.10611523805322,-0.168079019404748,-11.6938055345422,12.4131671624567
-2.58896995387842,-6.4240917487307,-1.21419202146627,-9.61672500647307,11.4893059675058
-1.01893285845598,-6.43923353613817,-1.68438384054401,-5.9432877337178,10.1618185418921
1.32462263325363,-6.41629530287883,-2.33388947538593,-9.2928425912316,11.4603979882401
-0.50715918252643,-7.01271488269589,-1.61430613836343,-11.6096471123207,12.1565675587341
-1.59917809984041,-6.38490267762021,-1.59117029481144,-9.11100157551553,11.1161732533511
-0.143023051577627,-5.6440462994084,-2.73067919748988,-7.38297556568837,10.5362832719706
0.795690352259872,-6.13588360525089,-2.96413053341901,-12.0600179967909,12.4699552307286
-1.72534882953246,-7.22361655204408,-1.89465202879121,-13.3265234631644,12.910303576819
-2.47564572448104,-6.53717011909615,-1.87799573739897,-11.7472734071187,12.0918981011838
-1.28817619623366,-6.06569291041281,-2.85591168753828,-9.22102697648426,11.2164888554423
0.335470681381345,-6.28644632909132,-3.17026618361365,-9.628151205741,11.3684235073282
0.0546315966162518,-6.73787369109067,-3.00507717985438,-16.5935968543435,13.823147657719
-3.51343278049442,-7.32577113864206,-1.98530760617416,-12.8393410186445,12.4046323316827
-1.99644075231124,-5.76984588777315,-3.12594979718755,-17.4341320227507,14.1818238873944
-4.44126468543446,-7.38589685269839,-2.79252809014888,-20.5655417357212,15.7379324852221
-6.32526874214842,-7.99808988631777,-1.5352443406785,-16.160104938656,13.674709959783
-3.9109463901061,-7.01385925311075,-3.08463638305111,-30.847346770595,18.8854592355478
-11.3531322979754,-9.93092029983412,-0.815546178851184,-23.9026159808825,16.1965131610362
-7.23953177981981,-7.55748551393878,-1.97796032517302,-15.9769480574801,13.293873292417
-4.43752884904525,-7.62599794922913,-4.40950810139062,-59.3484826817064,29.5083175954845
-27.8234737523376,-15.6941996355134,3.95490361443529,-50.6789641796847,26.2499893760248
-23.8433601779913,-9.95148748597233,1.84072084119905,-33.0315253843923,18.8341143142884
-12.4988622018638,-9.82597417639867,-4.34096468451146,-54.1119686502048,27.7388926765348
-23.4925924856361,-17.5182251704077,2.68176394675846,-46.2751829994706,23.4481004727487
-14.6886413828432,-12.9769773117118,0.678757446203849,-0.453545104815922,5.20271518233243
12.391710205267,-4.85990918708336,-9.90968678580168,8.2122351316811,0.484474432902444
18.575612870292,-7.48798586499143,-10.9966040201295,-46.6857713119397,21.5228995714588
-12.6144012405151,-14.4236081898586,-0.1005933103065,-17.4472399758684,10.355135515197
1.69129459571529,-0.98679176987023,-7.5623254614513,-5.8985368451753,7.07188071432795
5.76057971919026,-4.46030830275577,-12.9487947545721,-52.2226190655195,25.2128030290091
-19.1361661932085,-16.3400464814412,0.851028026573909,-42.6350103240582,19.5508180369717
-11.7471029763156,-8.59991148824309,-3.39479158224372,-9.79275272687942,5.52983658411554
8.78681588866254,-4.19014407509553,-12.2539967469458,-8.8393962355585,5.84653552007257
10.045819989733,-9.2382415301084,-9.77519439219235,-19.4381509100865,10.2350166487377
3.86983951461484,-9.0375022726707,-6.12933078254886,-22.3583367345234,10.6104520455977
1.82642022201231,-4.69962808495717,-8.19622737610051,-7.14213117759741,3.71699307709101
11.1198639688476,-1.78453425771685,-12.5009821474053,-0.879133332419768,0.980285073030361
15.8694346410938,-4.17080125888217,-13.1495108166392,1.37452901270355,0.702016427211578
16.8534973474956,-4.28480435481195,-11.2662761403062,-5.27380461622582,2.83586583771949
13.0217004527255,-2.72387820178638,-11.0129349366296,-0.774081928935512,0.119242774253153
15.7814364871427,0.694528833274966,-12.7014204673679,17.0489987872541,-7.24874889367844
26.082153298525,2.48793906218759,-16.7203560652988,11.39011467334,-5.02837053752932
23.9390986355771,-0.698513389472776,-14.0391526748642,26.753935812313,-10.7998432776512
31.9475907631555,4.05010987540725,-15.5993237238617,26.4968568738097,-11.7941103937669
32.1299617772407,4.94316179866222,-17.2616617881804,23.8772970138945,-11.492349614911
30.870228232143,5.99078500792852,-15.8072480546835,50.1033288903357,-21.3634379629229
44.3259395532667,10.8276673987991,-20.8542692014753,34.5497156695611,-14.9395073007825
34.4545859072483,6.10134869324711,-16.8758679169928,25.71568610172,-12.0381931561298
28.8361009705058,7.9153780434383,-13.7375003586446,45.0185317589644,-20.6396020156841
39.4760675977848,13.1428593460387,-19.6380446286819,49.2941305573933,-22.3491533625938
41.6729159844503,10.9585071578986,-18.9893048045316,49.1860014432277,-21.4647865882106
39.990572646742,10.5861155951288,-16.3821686731828,38.6382006529066,-17.4794698949023
32.642163991308,11.2660953673737,-14.5160323680996,40.388768332739,-18.9861499985959
32.9284764634969,14.121146173368,-15.2405084527196,56.182478249642,-25.4992993449079
41.3758579485072,15.4955885208627,-18.2468367748025,51.3280104568332,-23.3872089326647
38.1446025788682,12.1396260297013,-15.1873922588376,51.019698843964,-23.1609835256396
36.7933884196182,14.0113968272212,-13.5123880413955,51.1616308570726,-23.5871380032241
35.5883315539489,16.0854620196807,-14.4459524468113,51.9705695521009,-24.1418698636912
35.2087715547142,16.368493519323,-13.8956850458265,60.9972237758951,-27.4958478481755
39.2306093991687,17.0315692272991,-14.6265685678236,55.5984751062405,-25.3022644825836
36.6827201523957,15.394201066515,-12.3029216638569,77.3462314971225,-33.4256063281304
47.5480097858046,20.6733236885614,-14.789350529501,82.0128894188545,-36.135952014163
50.2066391964645,20.7090866637626,-16.1985985209128,68.9567588961376,-31.0191997856442
39.2501936556525,19.4321235828251,-11.6635883706406,49.6768349135781,-24.2645982731838
26.8888552967661,19.0540568859852,-9.19954845432876,46.2491472946225,-20.7561626029897
20.0942608561059,19.2663967055393,-7.49493933337422,51.5401119790291,-22.283786918143
21.7897501634212,17.7807319025221,-7.42461380026223,23.7527311401486,-11.4712026369345
5.77811008521423,10.9939330258727,-0.50738693214993,39.9895437031763,-19.937197290648
17.2432975688815,16.8613017848789,-3.13400768314038,59.7413949948406,-27.9314215633771
28.356103667692,18.1034037850069,-8.32449420257112,59.3199893164866,-26.7794010645546
27.1611666622165,15.63712430778,-4.14114777207104,41.2665374426204,-18.8358640678275
14.4309319848537,14.855026068083,-0.509976424650723,41.6917346919661,-20.007472228091
14.1585726990084,18.8747421181964,-1.29987153110356,53.5776105899544,-25.4792684784945
21.1173303077067,19.3056104985192,-5.15820975982873,62.9410521315739,-29.0325069039597
26.7333761743438,17.2504835163742,-3.91105743319488,58.1035464013551,-26.349938595723
22.6032758663248,16.2549562840047,-1.49238126493692,48.3453993440406,-22.2618624435929
15.3022339993912,17.5339718944944,0.96455239859083,53.5866503836541,-25.6704712122595
18.389519887704,20.4979946392549,-1.91491450925276,69.9867707701983,-32.2134766559818
27.5462079719563,20.759019628114,-4.19893096705589,69.1802177629008,-30.6124683461188
25.4533866925644,16.9236099711446,-1.49811218851187,58.1944980042054,-27.0639968945822
19.2646642716718,17.3490968307772,1.69348277157846,70.3257426578425,-31.6902210477481
24.3099712322795,21.4053965480626,-1.61155183996126,81.8503697316137,-37.0424345656696
31.1598714695984,21.6444059677405,-3.82377023169538,85.6477476501165,-36.6518211375204
30.5285254954172,20.0175662223319,-1.63817158665919,68.6832009441155,-27.8888835915142
16.9687115347424,18.2916777468889,3.53415432962305,43.2009738890101,-17.3936063922718
-0.385425094812541,17.6837008214253,7.95836243520207,49.0695599813426,-21.1202196334633
3.39983764924506,20.0515246631028,5.24828353252375,66.0682459690412,-28.1285621998763
13.9269975005393,18.0098517144358,2.60626027870862,63.581577558416,-26.2394382034455
12.3332217110574,13.8441267712234,6.79903767644031,50.320581099373,-19.8196618502858
4.57014568867742,14.6179691035965,10.5974690416663,74.5195111702734,-28.0167139898712
15.2759943475407,22.3953794265705,5.70035514216087,68.753319310869,-27.1936730055475
13.7056960049745,18.502593476894,5.3214018127045,65.4916852548412,-26.5055966745699
12.5811084444199,17.5435934353552,8.38183559082627,89.7891425822831,-35.7333669873329
25.3995666308001,22.3717229801062,3.27151676465826,71.0945282708688,-25.905016059538
10.8857761502512,17.4956964600908,8.67866139755751,48.1334299661608,-16.1203125650117
-4.5734137971212,16.791081964375,14.2845237840871,42.159938188138,-14.4428493779407
-8.78860949276538,17.8520770458439,12.7940293025111,57.8858443592769,-21.3845973269508
1.55093166973215,17.5966533426765,10.19573215854,57.7412673202777,-20.210285326866
1.10071115804227,12.844579192749,12.3913473061486,46.0596453412122,-14.5017869670047
-8.88676605445415,12.0125616360507,17.248217278369,-2.35156877752807,3.98127418825123
-37.5640849964261,7.76875210590164,23.4997991397449,-2.8940776721515,4.44304737125658
-39.3906900021412,10.8653620481107,22.8433969780154,26.1058063784217,-6.82852914724548
-21.612220465052,9.82690434586786,15.8146305372298,-3.6390612759472,6.15211156281947
-37.5610312481999,-2.36974931210829,26.0512282719423,-8.18769378440732,6.79152272868828
-37.8682995242793,2.17824385640951,27.4300577326053,8.46803621408078,-0.896228998352882
-27.3428787675088,7.76552178670145,19.5627842867788,11.9289678090552,-2.26650418772751
-24.136225447212,4.43845012332595,19.7366947073434,5.90345707669548,1.01982177372818
-27.4480943788501,1.63308452171157,22.268036635355,2.01497873048371,2.79682806504938
-29.6600492317947,2.85148526417109,22.7067417297376,-8.49508865878727,5.99668922551702
-34.5726666602798,2.45927382526192,22.5087364083713,5.39956506966664,-0.41088113393309
-24.6650896191833,4.60583751902143,19.1262270141227,7.95803288339081,-1.04341871741571
-22.5136848361564,1.58722279244922,18.3924001531471,1.61394118709227,2.08132918236848
-25.7652507147966,0.26194532084719,21.640977399697,-2.51923406712035,3.37383300723476
-27.789785554482,2.09751767446449,20.4800006958343,-2.37996898839787,2.47374518561672
-26.510413343175,2.72900531927219,19.2790651069817,6.83528548993509,-1.81277575591025
-19.4860150329044,2.70018129836626,16.8346089114912,15.0013447474449,-4.83901520139858
-13.8679326986113,2.02602741094024,16.2627527201477,8.78404595859478,-2.39087814427161
-16.8351147284563,1.25008448811149,17.5838822883171,6.99241899234092,-2.18358130098343
-17.3807245210242,3.53296960750153,17.1624468014596,17.6953512199555,-6.77833461804913
-10.8741148368263,5.60341101938331,13.6350999270778,17.6816077412535,-7.04973753167948
-9.8100746257657,3.40946296445095,13.9439375375856,17.954575794338,-7.18475296158134
-9.14919323618529,3.38150806043286,14.7143472271082,23.0636580639711,-9.45392397220694
-5.95405645420301,5.35288283026463,13.0958402036928,21.7315415904419,-9.24972317876713
-6.35322276187184,5.33667026341943,12.9288984955517,28.1547249277823,-11.8801843565801
-2.52839410626327,6.47671608321786,11.8660948682592,27.6100243875454,-11.8304945516266
-2.66464093396885,5.72475888856166,11.6977950976927,25.3649680265539,-11.0962136749437
-3.8153306942478,5.79835228346695,12.7313725157268,33.857139655992,-14.4243535631916
0.775556504960057,7.84053557195426,10.7163104756034,30.7371207386963,-13.3178268492159
-1.03111856475423,6.48616440925093,11.4249454482303,31.6254794003994,-13.9970141361864
-0.217149850707164,7.12894404204893,11.7015749148564,35.7302345769087,-15.7685890787479
2.01810133580523,8.03458365463538,10.4101891723674,36.3508086951893,-15.7912985561383
1.78299305215776,6.84634773551286,10.9982392199537,42.5065872359602,-19.7465827931465
7.17957831376061,8.22165881820209,9.43511555856282,57.3521676563444,-24.9801072587912
14.5621261140911,10.3433536874818,7.11310757947552,49.3301316967055,-19.9939736862597
7.24617585781336,8.22212892133953,10.2058634211959,28.0593168033937,-10.6597862661619
-7.27947730364159,6.99491855917187,14.8973880430546,25.1077047455706,-10.8075956288928
-8.62128854608982,10.5062204710552,13.4691999210521,28.5634157437074,-10.3906023186086
-9.0810069552945,8.37395238950187,13.2821205086977,6.60705772105524,-2.6954409037298
-19.620777969706,2.09334562131843,18.7218678209618,13.0109600094641,-7.64330769984719
-12.6042000099378,5.42491943476505,16.8312338507997,50.8362602209942,-23.5087308383862
10.8052607916956,10.7758109466667,8.40957998565355,48.2180389622252,-20.9369311595288
8.41904724865669,6.29297907409081,11.3956294722097,29.3323759966681,-12.3428150053972
-4.42525457094353,6.30158410562774,16.9477123386447,21.0291235745736,-9.93684721235414
-10.0319633308434,9.90649507903448,15.231895183748,33.5836680593552,-16.2998903325983
1.47693968501532,9.36779549933886,11.2604332274567,110.820861627093,-48.9984589949874
50.5924662290294,17.3786249690612,-2.02489478134069,140.875366937905,-59.5451401959044
68.2359515753658,15.4361245323023,-4.16103599405749,88.8793065105665,-34.5795120413039
30.8555890808054,12.3153749809132,10.2372942928931,35.2485338845655,-12.6264961689792
-6.97461279847013,17.7078547323388,15.5252574468765,44.709912552859,-16.1963357343589
-5.44393032648512,21.2027358364979,8.98570673322196,66.1440116720743,-25.2405460920096
9.49258345272936,11.8184618238929,6.83941980966132,56.9541258468421,-20.9475537246173
6.62660190096407,2.4639275310409,15.4518739015113,56.2813667953204,-20.1427615836926
5.3744928877383,8.43187914723897,18.3394598720768,111.137773174333,-41.0084214975291
34.3203391061064,23.0213440979797,5.94420967791542,77.6632559558424,-29.3495588962347
16.5761683263652,12.4003630908154,10.6801321116247,82.8032740109428,-32.5261432190114
20.3829068892304,16.4801226048756,13.1940216066816,117.574084604037,-44.7882977680494
36.980979189258,22.1392160287397,3.38212271385972,86.0621790030423,-28.4251841514205
13.6576205464737,12.6846423744562,14.6865946202633,46.8320986750017,-12.2099427119091
-11.7710858573637,11.252361668279,22.4024201847521,51.5509799356297,-15.1184208761981
-9.77913181934046,15.7196315198264,18.3118305185477,75.1048285759032,-24.8833061404326
5.0130716840712,13.6720608649681,12.412411470102,18.6688278917135,-0.917925019205853
-28.2455457984129,-2.11709564376782,27.049862648184,25.2991730991794,0.236073656879782
-29.7454284704761,5.68507901146777,29.1994831380947,6.11914133236927,9.69202732043038
-44.2039310059634,2.10594886233702,28.1778432532432,-25.7868701378332,20.6155848488507
-59.124970440073,-4.98265163507689,36.5082164435911,8.32523995422312,4.08271886681995
-34.0909088034528,0.0338859073210561,26.5873825140719,40.1696869290593,-7.69344744584328
-13.8070526645787,-1.40767751799641,22.5907052019742,21.2406699777495,2.62074458659649
-26.3353482781483,-6.36728290365528,29.7504117843738,-12.219319704479,17.0700542778393
-48.2067781352486,-4.45709789596795,35.2067252856555,-14.1918277743998,16.395758238527
-48.9445480634011,-0.0978073028687194,29.9838327571739,6.59742158252088,6.89932447524606
-33.9910232467401,-2.35630742719953,24.7438107495643,14.5694685793112,4.54295123800358
-27.1128932495138,-8.52299101639372,26.2792545590932,-0.966423233767328,12.2550576783517
-36.431013383632,-10.0678822286178,31.448114788643,-14.8157145375267,18.1053767505737
-45.5501166547706,-6.1741294928814,31.5306555745017,-16.6192975165737,17.9824444508589
-45.832086738059,-5.14287709306443,28.3492879441734,-4.1451789763724,12.4492751999137
-36.1116945370685,-7.39759713100339,25.5539123642102,-0.771640801261303,11.9904352839329
-32.808998019237,-11.214681298264,26.6156250970907,-12.4572748195024,17.4016494993375
-39.2494338570114,-11.9474037191384,29.6195912895252,-20.0436209221404,20.237979893045
-43.4626009855622,-9.22402364122777,28.6476344670867,-17.84387558321,19.0496155578415
-41.3894095666698,-8.84757616246579,25.97312282489,-12.8293796640842,17.0845107171305
-36.7416752878797,-11.3486662329184,24.8353856341273,-17.0641009064358,19.1949174667436
-37.8928360535038,-14.0619222240759,26.3510198683769,-19.823216274313,20.5754022265118
-38.8185333765207,-13.061643727567,26.4817939525403,-21.4635690345605,21.1727564287205
-39.0963098410733,-12.1429042598494,24.8152868381043,-24.9522518165982,22.387170455791
-39.9261447762516,-13.4555303228574,24.4830229462577,-20.1131273510556,20.6048870450835
-35.8863547931406,-17.0424196302448,23.174264598432,7.25097881867669,4.0658434765055
-10.7671411132524,-12.9648080222324,15.1655957762362,62.8586453097863,-14.959509416953
19.2159372609323,-6.52863556472731,6.09649735536965,34.7948829541491,3.95896770290073
-6.26772813697785,-12.5199015869264,16.2506471885538,-74.3419269615068,52.4945979657082
-78.8286147756766,-21.5978954017927,37.7946949412319,-106.668229092915,59.3728783395298
-93.1849947472352,-15.1321576314207,34.0153769540299,-25.5899633617685,20.5465272332282
-35.1858864561164,-10.570329496917,11.5850537635175,42.9007441836796,-4.0085811032783
9.34778515176362,-21.1535830421815,7.7506163919408,-16.0872833971341,24.995481073894
-27.6466232788158,-32.2146626568521,28.3617521289223,-75.737007394312,49.6400190545477
-67.4223798511621,-19.0104951165351,35.1313907709317,-65.3290403973548,41.1437700186488
-60.0940115254015,-7.80364508547367,18.9817749218554,-13.7198717755605,17.9963863280055
-23.2176137556518,-14.9484395572478,8.8145305646508,13.6469966126767,9.49376657845337
-3.65864737662131,-26.0041485184489,11.8666170704811,-27.1189899696029,28.724645215219
-29.0091138526032,-28.0223485382662,24.1583622010453,-58.3453729061247,40.8525721693817
-50.0522300538272,-16.5668380632801,23.9730336981589,-36.6515348813542,30.0498852135298
-36.6407687426613,-10.1887008163318,11.8087387104875,-12.8002197209396,19.9194101341137
-18.6893223277054,-19.2299373346365,8.31860388962956,-9.99474592126299,20.2810457782898
-14.6610345061878,-25.8054706340375,13.6195823273592,-29.2975585932436,29.346722982474
-27.0244576728089,-23.0039622591585,17.4128703369095,-41.8154255778207,34.2193809869541
-35.8025901290258,-18.7636997520943,15.6558047509843,-14.5205966790316,19.1056141910484
-14.3581887630837,-14.6000839327071,5.42189247126209,32.8002561462829,1.84711713825914
13.8977326871268,-15.3984576526464,-1.37831083846048,14.2203299262434,14.9705816139258
-1.83869154102352,-23.1960073114921,8.28186796181389,-60.247448320035,46.5511293570699
-49.1583785525374,-25.7455207182397,22.1956161789285,-65.8987210975041,45.3418602563623
-51.0615908015119,-14.7375418075999,15.0544484280061,-16.7127125565501,25.08135095959
-20.2287192049249,-15.2667750469277,2.08051454582702,-19.0292465440833,26.7872194931376
-17.1660155413324,-29.9242041209014,8.82488483562483,-41.5636375362598,36.6997934974626
-29.1472224275094,-30.1823620104277,16.6792349458222,-36.2045867057469,34.4383102546307
-27.3441002135163,-18.8741812589366,10.6505165376244,-35.7371603016205,33.9576041613473
-27.1718523144832,-19.7971714677059,6.57565968708469,-24.7092895251038,28.2372960913418
-16.989635696665,-23.0147879339241,5.15497588140409,-10.9175649921636,23.8564661748368
-10.1862536985829,-24.0650006423313,3.62514720740883,-57.5342740882419,43.6131313276926
-38.1018407162829,-30.6462117412606,13.1067413627146,-72.9540405484978,51.1491879528718
-49.9286792340922,-25.7849549344634,14.3202722885793,-56.3527867513286,43.7826666711517
-38.9801667093198,-23.0328110043411,6.47622106084758,-74.5861551629436,52.9177419106833
-49.0480391223694,-34.1369336994695,12.4027265770713,-87.6314632768398,56.3193593269181
-51.7196972834274,-35.7118216778663,15.6787271597659,-74.2705498677212,48.8833630237003
-39.9448793639288,-29.3581262151972,9.01473329409977,-46.7742878102337,39.7431269126753
-24.4130954688104,-26.9828851122251,3.82584147512756,-79.7261975773911,53.5768866014892
-42.3816662124999,-35.3532843170268,10.2898770109861,-92.0675831662342,56.9286554093516
-46.8550466319895,-32.0277634550803,11.6296947777781,-61.1224921122948,42.5089668138319
-25.6435885636862,-25.5978362023671,-0.0446410348783406,-45.0432585551787,36.2613489565964
-13.5867772009814,-29.1189420820411,-1.88850231851219,-52.3912258230886,40.7879126793804
-17.7332628902043,-31.768186034754,1.64122188313588,-71.4600067365803,48.537496500386
-28.9582189632555,-29.6611882945119,3.62689477197584,-69.5672160218283,46.4555773050342
-26.6793742712691,-25.2343961041193,-3.8479950506806,-183.549927317259,90.2318414392242
-90.9229868264394,-47.1982428226155,13.7051008761333,-113.8600054031,67.282772207106
-55.2361399031157,-30.5586361868527,4.80190847645598,-127.759710159419,76.6519779682355
-64.8570520329477,-46.5646011985135,2.30618063137893,-212.030027129834,107.064632919338
-104.842394286582,-60.4671399931266,26.9122521847562,-148.645244678215,73.6881308259106
-57.0684058748174,-37.5700289615279,1.5982184125393,-56.147012946073,35.7426920903431
2.30627531015984,-32.5749754904853,-17.9289118718258,-64.8605926907551,43.3154873598339
-2.34684431425685,-45.6100010081712,-8.94951695405595,-128.906741542699,70.9937502340274
-42.4072433786348,-44.5171608142491,5.31387587902,-131.143633006089,68.9955286009274
-43.9004604279413,-28.836947573722,-5.65615721108178,-93.5269369107944,50.062748416149
-16.3783063353019,-28.0279191225663,-19.1524761410445,-54.6442775294706,33.9680249028453
12.2618407588952,-35.7428699550418,-22.1701757636639,-59.6020006056584,37.7825792789092
10.5294003546421,-38.7657563369281,-16.3723465237102,-86.1591286093991,49.1766523995981
-7.29351245427387,-31.4605741396597,-13.0733857239551,-85.4306090225946,47.4474137039854
-7.81980109310284,-22.8788187055356,-20.025321434739,-68.5772144124306,38.4765929428664
5.30127625405031,-24.8844621088206,-26.309958867421,-48.5935123803812,29.9200931039864
20.6256940468449,-29.1807064417971,-27.1051824236811,-40.7539753217352,27.6016419072849
25.875561311339,-28.0801519752976,-26.274536437728,-57.2129793653296,34.3767219010433
15.2072068334853,-24.7272435268289,-24.1906336269136,-52.7190163412614,31.7063324634561
17.1547980442624,-18.5008125837747,-28.2164584014245,-42.0028731091572,26.0345976727839
24.9706956095008,-19.0617521280599,-32.6428039498175,-31.753131892369,21.6268247904813
32.6094387209887,-21.2394360490391,-32.1989459221369,-18.3314898354917,16.7964450153674
40.2723673152238,-18.6447536043816,-33.5520783613013,-32.9861370791119,22.6090044077386
31.0577462801383,-18.2682898675163,-31.033771201026,-21.2438911864337,17.0965446110308
37.5310206753161,-12.0360218503781,-34.4819765471125,-12.1256815070758,12.5467699709999
43.2837022258086,-12.0929730813997,-38.2366522348178,-10.0398379348749,11.9587117889716
44.5375744501872,-15.2809219524169,-35.7835200966247,16.183240315073,-0.645508544240386
62.2636179520266,-9.18362072996235,-41.3462021369959,34.6662452730391,-6.56417805778181
70.3695117254243,-6.11810244356714,-44.1138334137758,17.8064503383032,3.25669225403101
55.1032044063481,-7.78579529968153,-38.0647811059984,-8.90380928533399,14.9881040217402
35.5265776143346,-7.41519818768881,-33.2963027383262,-16.2606821074523,15.8638938531992
31.7338181440156,-5.95293539733298,-34.5823111484553,17.2778564784852,1.20795780521581
52.8638833444667,-3.81768128846824,-40.872762777989,29.1204159069933,-2.61986050040736
59.8594490060468,-7.97375042675204,-39.8936223266486,9.05984025409172,7.35894699788843
45.2439024233203,-9.13300278520889,-32.0492444023938,-0.167487208890173,11.6735166332734
36.2207413461889,-3.0409027461733,-32.171641669907,-6.90449231381242,13.3991384026578
31.3505466053505,-2.84100552357555,-33.5002835708109,10.5031056774828,5.72475386470786
42.462054263503,-3.56393717577802,-35.6938094008528,16.9584053589253,3.70858300797768
46.2716816249632,-6.66628367393328,-34.7616198760229,5.39815945835991,9.61142314166933
37.5585830192971,-6.85258247586462,-29.7249905438313,-2.87120165575345,13.5672561149453
29.9172795654291,-3.26764936655075,-29.4021101380701,-9.25520875712468,15.6735403382301
25.2211399794771,-3.21682379838764,-29.6454786410693,-3.59588590526404,13.0275403709555
28.8702170656186,-4.59480893518326,-30.2282786195278,5.26358206426465,9.92302607561106
34.0226495309497,-5.70757895665759,-30.2074154925482,-3.18691126793087,14.0271075976592
28.0482763895617,-6.85030661423573,-27.0983193284524,-11.4588072851625,17.7341854150968
21.6327096115697,-4.9350150717582,-25.6050392167565,-14.1644737233246,18.5842393085596
17.769340639942,-4.05378607022458,-26.6076020351699,-35.7329239193453,26.2652328285304
6.12110839182234,-9.12786792888567,-22.8951053002908,-30.4173518541312,25.3480837921025
7.75525067192745,-8.3539245053024,-22.4826682144696,-25.3781816892578,24.0422263230598
10.3262212756764,-9.17757447150852,-23.495495209519,-48.782786774999,33.5451790471528
-3.01496586151476,-13.5543050902957,-17.8187130004581,-41.4152603012279,29.1524680519872
2.95666989460955,-9.08257091898596,-20.4526875592262,-27.1304667926077,23.0982015714389
12.0480750411451,-8.23719202592087,-24.9547026608672,-25.8817333988541,23.4659921529066
12.8270801800839,-10.8079314952823,-22.7913120926178,-39.4490711892475,29.5577178778083
4.19534036887319,-11.6991912939577,-19.9357735174711,-44.7129754131445,31.3436814477686
0.864520789490486,-9.17817604617567,-20.1337904988765,-40.7529049316833,28.8825055260909
4.08481052056808,-8.59661193918122,-22.9902859436833,-31.0178593597309,24.750256295764
11.1062879483278,-9.55722273819731,-24.0500585399236,-32.4490334648988,26.0641934388968
10.1910553716056,-11.2727214856738,-22.7979070757509,-41.7099615048955,30.0747289275759
5.9351893535456,-10.6932504855408,-20.6470176727762,-17.6232509826718,20.7224021458624
19.2436808389178,-4.24093451945796,-26.5799753673539,-20.7538060134509,20.7852537702737
19.3621801416472,-7.46710623867681,-27.1290562440429,-26.38222986825,22.9591360660505
16.6550368525953,-7.97539626868387,-24.4542587085141,-10.7578328929548,17.2180799247395
24.6229487854696,-3.4931151233261,-28.5800152501563,-22.7948759770054,23.2662243006023
15.796637732682,-6.58657088027849,-25.9345500725642,-33.8823375620725,27.529321054189
9.32054889376917,-6.76583451324197,-23.3582719031129,-30.7500803056435,25.788331729438
11.2909830765516,-5.3262422840354,-25.7386990381223,-20.9889424781273,21.5433894098317
18.0176495423238,-5.44026733676523,-27.2564241451,-20.5896500099086,21.9773130088078
18.1570714810359,-7.08413160642038,-26.3158617931313,-25.2675834142827,24.1656413890155
15.0579031151674,-6.50634145562281,-24.7122066290489,-30.29871198744,26.0170613481338
11.7469614143297,-5.19778834204352,-25.0617922071768,-21.9203482185458,22.5767484527852
16.5626367473594,-3.66286320885497,-27.0190621893058,-22.3891606654013,22.6415648144238
16.8981158462699,-5.83053345949066,-27.0440604624392,-23.0140803258402,22.9691484812903
16.8339433437174,-5.85519292432447,-25.518256406555,-14.5733666263456,19.9689380214149
21.0791224898749,-3.2770247266327,-27.7080577150445,-23.0469463180742,23.2901685410184
16.118245998314,-4.69008983971109,-26.1787821320704,-18.2226279696936,21.2108522526853
18.9169954948272,-2.85175308935428,-27.0485241634199,-14.8197018631222,19.6653473539348
21.0518104158529,-2.97388440474845,-28.508550531422,-16.7054559997365,20.7269968089915
19.7108922653157,-3.8338870527063,-27.0272897923318,-15.2679640667474,20.5252836660793
19.8594603777775,-2.80689986921283,-27.3787438041339,-21.2148769700983,23.0748175081227
15.8440590547943,-3.36454515515427,-26.4572949201053,-22.3201209645997,23.3810261406825
15.1409156385799,-3.01922159403867,-26.3797103104275,-17.4260858888371,21.4726928337768
17.9441341660531,-2.71073721271313,-27.5282295836219,-18.6885155344782,22.2042202686273
17.2408013928824,-2.69329080287393,-26.7396703965353,-31.3664529830685,29.7168816356481
6.52017429265632,-4.52354049912346,-23.0992823947422,-57.6633389752712,39.1220509747704
-7.87737538513174,-6.83509139921645,-19.3252075558343,-46.4487765189782,31.9052236030614
2.07279606849344,-3.48002797777989,-23.9009383457569,-8.10902249753332,15.8349971520044
26.8354880802592,-1.61844816580926,-31.5050254787778,-9.74838066314661,18.384728650745
25.331666530969,-6.72362962123546,-27.4948410594648,-33.9027787534062,29.1472509783373
9.39890360789408,-5.91777131265104,-21.5489579909468,-43.1159995218115,32.0698538300354
2.81450933492668,-0.833387130426249,-23.8600418589101,-28.9150743016061,25.170556001053
12.2320382994541,0.185991511694509,-28.7793692384972,-15.577042323848,20.0213281140948
21.4368094988815,-3.88227868384953,-29.5515420828014,-21.4283211637465,23.1494742033898
18.3334319442911,-6.34758820161703,-25.6385221648787,-31.9294844578319,27.6205264397712
11.1551298844669,-3.40826551796975,-24.2515505120616,-29.5679019824878,26.2238915326469
11.8926859100512,0.154141621889481,-27.0895091269623,-23.948637277709,23.5642297897659
15.7668136961988,-1.22914813334285,-28.9730072104265,-22.4596521833852,23.1062107595406
17.4193704292086,-3.83614138238236,-27.6916508033123,-23.8811089275012,24.1528409470658
16.3123640201058,-3.54998963900394,-26.6615901503043,-28.6635747759074,26.2522496257656
12.8446634094265,-4.0549565991413,-26.238444021206,-11.2725263517829,15.6761181948344
27.5218173715877,0.222295178270782,-31.8114379731317,30.0773615145243,0.536619967956897
50.3662418143353,4.14698471623389,-38.8331037657071,16.5231139795765,10.5524166605557
37.0554436391135,-1.48438198935513,-31.8959450090543,-45.9817591397949,37.0846855371175
-3.28100672265723,-5.49059810645285,-19.1603857559646,-50.693203333366,36.0308546135228
-5.23429689011257,2.2173522790413,-23.943193762855,-5.83658280916452,15.8847487369204
24.2415482372638,3.44260840285335,-35.6502788441625,13.3378373485927,9.68036538700974
37.2075998962212,-5.08086710620126,-33.1891595907506,-12.9337717104642,22.8352199263219
19.6099882119414,-7.98617063399312,-23.5135270482309,-38.9621647168523,33.7755170637968
0.973106021024248,-1.13492888659073,-21.3502068256926,-37.2856414819152,31.6338143309007
1.44170780483336,2.86326416142099,-27.0255211352546,-17.515854091165,23.1692443905318
14.8786704100889,-1.29050356981779,-30.333628303023,-14.9043816285667,22.7762229869225
18.1436682820695,-7.48778537016987,-27.0632010187031,-26.6691481113528,28.3993625209762
10.6839082176853,-6.37007550649757,-22.8036895101885,-31.5474119946585,30.8959428801425
5.65557506070959,-1.2354164101515,-24.2290389504813,-37.3517953512332,32.4687791937016
2.38444303246709,-1.82420525052318,-25.4316549373157,-28.8250491444354,28.3592054995414
9.06857074208788,-3.55229948082559,-26.7622143995373,-19.5388886491809,24.856366892031
15.5671587649371,-4.9961391386076,-27.3946372383721,-25.5999722537563,28.1128060449995
9.45932743081821,-5.47539339657598,-24.9185786106698,-70.4972585296271,45.4356282644281
-16.8639207131424,-9.46979112029972,-18.2542923087324,-69.5889749348916,45.6803600944667
-18.1618829051433,-5.32550218668408,-19.8534708211713,-45.7403922902331,36.1762024877363
-3.22896108262605,-6.28711039677069,-26.1838235662314,-67.9817563170265,45.1882162348751
-13.6438302365654,-16.2353234988418,-18.6422495246568,-63.0545148488724,41.8565316395051
-7.93212720146271,-11.2314128701415,-19.3419870597571,-46.4636441543091,34.9307851713813
1.98770803878826,-6.53058454431697,-25.9965576674971,-43.7308939215499,34.1731762686979
4.16977991489353,-8.28203571588982,-25.6107195217561,-53.6785789505892,38.534684876461
-1.518976122183,-10.2801428334441,-23.5902978356067,-52.3483486170247,37.5567034664862
-0.0683077452906238,-7.89150975842906,-24.5349090659724,-49.026894500072,35.611510475129
2.89626480440728,-7.29063813861666,-27.1083463977001,-41.4550499846443,32.3764317620456
8.41280144572456,-7.30432480161156,-27.9040061210665,-39.294064610821,31.656556685249
10.1419218213084,-7.71812592880668,-28.4933022145604,-44.3000866983954,33.6275902472327
7.57457734231671,-7.50736611476696,-27.3183485409417,-41.8173831323764,32.3182663137636
9.19660936280331,-5.47263213261259,-29.1232213914221,-37.9785165560568,30.4541779408213
12.0436832943733,-5.33601186361845,-30.4804564722715,-36.4199548643951,29.8187396278011
13.4490387467265,-6.14554987597608,-30.5179679665181,-35.3294331014242,29.3906501479272
14.3677157575011,-5.74926272819158,-30.5222417992929,-37.0439756430328,30.0610557805067
13.3303161949042,-5.28341386141971,-30.679473966215,-35.4030758732641,29.1342628331517
14.5446748969213,-4.3648100102631,-31.4227824136597,-32.6485756233959,27.9981267021072
16.174119922158,-4.29616829683212,-32.3138628647052,-34.4354621623644,28.8072008122354
15.1916623164037,-5.08394487429872,-31.6550081693623,-37.9743419091959,30.1995472198109
13.1302129681115,-5.08120197747389,-31.1267092160511,-35.8010213998084,29.3035212625083
13.8601370385053,-4.03671118046554,-31.9041979617074,-43.5852314525026,32.1767978931996
9.6417540238755,-5.76033332460303,-30.9563759227412,-44.7942865073214,32.7695137199765
8.90460655914159,-5.61564986981362,-30.3627115905569,-39.2472521085732,30.5139512462174
12.2898413584038,-4.86885904928445,-32.0508668582484,-47.9310625720884,34.0193700838198
7.56293523934551,-7.13246654954088,-30.0682156500935,-46.8246450223159,33.2142849375297
8.85802325693734,-5.77572664010716,-30.3701456074474,-40.6627166024438,30.4615770058268
12.9255646150836,-4.72230415940315,-32.6165463354301,-42.2592705633594,31.0937572786076
12.4595075451278,-5.94902414546138,-31.843528140672,-43.4010321570633,31.5136495077989
12.0263232405319,-5.54609221549715,-31.6465115644302,-44.9983025339397,32.0269675051625
11.1737568452382,-5.06061690201594,-31.9363080848417,-43.6795145244585,31.2200370519234
12.3542130280573,-4.65170465798448,-32.5708574125597,-40.5520074966066,29.6410465716553
16.0943664752995,-4.51210147864571,-33.4957225070195,-21.7531854763496,22.7550809042538
26.6971377867362,-1.82789688994241,-36.2974166332697,-23.5762393399754,22.8709267510837
26.7761929107902,-2.84017851149586,-36.1942300060031,-33.3587886143903,26.4810444047201
21.0312265798037,-2.36169280574256,-34.0433253439098,-17.4369299022772,19.6598420921576
30.0674274710006,2.45030551155256,-38.6282043901422,-18.703409837064,20.764434933224
28.5026186922103,-0.0983917536078556,-38.3196848458118,-23.3552233814872,22.9573185140784
25.4808771471518,-0.934479595457846,-35.578251272553,-28.332663556259,24.6502476686267
20.9734873972244,-0.0532481158361895,-35.8089917690226,-45.5541158448381,30.2993019994919
11.8744229962298,-1.98563559583284,-33.3546427854143,-33.7433104363424,26.2396930719896
17.5989057652997,0.221505279443336,-35.5079755627978,-26.0850134238433,23.6892801920252
21.9964479706438,-1.4697062684922,-36.4395362957893,-46.6019981836321,31.9766845126791
10.4243545495599,-5.53226692298687,-30.9588095703976,-40.0777717751541,28.0901692707629
15.3386619499066,-0.527149291573584,-33.275624176948,-26.9634001029061,22.4471842717645
23.1631624494174,0.262862602135693,-37.5902853045991,-14.1711493733451,16.5674446518996
32.5111386440792,-0.123154981872883,-38.331144193304,-12.0626468986798,16.657694667754
32.5979942590987,-0.165765782449381,-37.9308812726705,-21.8975667607713,21.5003551718764
24.8755651823958,0.854636446456744,-35.2177930860746,-30.5431450484276,25.0726487069945
18.2559724746797,2.10746301515569,-35.1945573800414,-28.0651387799911,23.0835850079936
20.3820357335767,2.2451291654157,-36.3927062231421,-18.4981113934943,18.8072142025172
26.9834684740825,1.20108051946211,-37.8892063940898,-14.5636861310363,17.5481403074487
29.3629443891096,0.438274393056974,-36.8554966272473,-22.9486450904528,21.3939247094012
23.4264444426809,0.707590624873217,-34.87603442093,-27.5978067749681,23.356028049599
19.5155254996815,2.66474464345181,-34.5981873517205,-26.1894638678076,22.3407382604019
20.0798482565264,2.90626852941091,-36.0572554744001,-25.5563378227879,21.6739764841737
21.2203506675408,1.06350222191979,-35.5619534501335,-21.5306633244645,20.2471240759951
23.6281401372247,1.02992165964774,-35.3935923856741,-22.4915522247029,20.9587146669473
22.5181301582069,1.47654218454957,-34.967897938909,-35.3767229176968,26.0820362066347
14.4443902850961,0.620695173099646,-32.8156120630052,-31.2800039500645,24.1538252231296
16.6096722002624,3.45236519642797,-34.0851945525511,-33.9888921123546,26.5845029605121
13.2335515340029,1.07158696120785,-33.8410221564884,-70.745427718204,40.2199146814703
-6.64858520105487,-5.45635244686046,-26.2474470688937,-52.6073872774921,31.4136820336318
5.71171776220428,1.02027128927586,-31.0510264056962,-26.6923198821755,20.8446930032185
21.8987060108479,1.45117517450321,-37.3953957611801,-36.7481954135176,25.6000829828756
16.7951337308522,-3.83417540637083,-31.7411451615474,-44.6172715798778,28.4640598490556
12.1857133525182,-0.813613669618128,-30.5477179706473,-39.8443300995303,25.6751216022795
14.9064084094471,3.37661807897784,-34.1654541384152,-30.2597666046177,21.1255117081034
23.387331249532,2.98930511030233,-36.6639709407057,11.2391870117977,5.28093739957595
47.7423456400086,7.02087785265619,-42.2531573882363,7.42930932300063,6.1230492408503
47.0507817795997,4.25497844283001,-40.9527119044139,-13.1202736328833,14.1296100281794
34.095279128807,5.32198148538128,-35.9062832644097,23.3962179848592,-2.56252914509029
55.7812702204172,16.7328418192833,-46.878849897785,38.4745515855868,-6.66991125353595
61.7588339308101,13.2948706531061,-48.9766264803823,18.988034171423,3.48400775335411
47.4505015235921,7.99804923284493,-39.8600811543873,-10.5756697343568,15.8385628136277
27.1795789308117,8.96071180460114,-35.2364812483328,-6.00042795173892,12.5466393238704
29.5077023356782,13.7905588650643,-37.9885985132133,44.3902408234784,-8.21711329189737
59.8469634310553,17.3564518972188,-47.823696635784,38.3638021076992,-5.64567606155949
57.8263047223171,8.57518982196606,-42.6365289231655,23.748059324215,1.29001526456842
47.046663418309,11.1261246136683,-36.1988034509519,29.4347197940154,-0.212841226659881
46.0722237216364,19.1903921050487,-40.669270739487,17.5477534433961,5.23308846376077
36.4770596785284,15.8137384073837,-38.7572553963575,15.5447689148365,5.99975020712177
35.0276283815528,12.9790530448208,-36.5465775294692,18.3167596083599,4.99222940429377
36.3890631572605,11.9386943998355,-36.1375744032827,17.7402346099996,5.85954076066695
34.9714528481219,12.0578029314549,-34.4417048990886,12.2979954128719,8.94811568095635
29.701112411477,12.3486345588869,-32.9591915815947,3.85037367928387,12.6334595475638
23.4202091581815,11.8154512541783,-31.2410981075968,1.86806907564857,13.4478690580284
21.6237051314057,11.2549230187141,-30.9044370935567,4.4064254767222,12.5086011890786
22.9784012529209,10.2947166541084,-30.7443899728136,3.03471836046552,13.5350503859112
21.6852832692691,9.1609473483529,-29.4059118177444,-1.67046578162815,16.1802603508033
17.7143326351554,8.88910817086613,-27.6873310098506,-10.0204201388096,19.6213100403459
12.1341091275827,8.46151384427828,-26.4420627754084,-10.5573911129413,19.5288172705419
11.9086194546876,8.64986112594374,-26.6123652740983,-3.81809733359729,17.0916696830666
15.7367246199728,8.25800216291067,-27.6496958204581,-8.37032951273879,19.3089086912667
11.1372172197713,6.04600217480768,-25.7046112157199,-46.9546759632557,33.9812905561909
-10.7482367305354,0.876770224556064,-18.8995190985998,-43.2266648994979,33.3374336070955
-10.4955307871958,4.97806368345125,-20.1471179960596,-26.5225647072656,27.0363324756957
-2.13033980095616,4.17637167540061,-25.4135789022297,-106.242020133168,58.2153756367219
-46.3637661385606,-13.5534175927269,-8.70754114913446,-84.5055582186007,49.8785254069347
-34.0897775929994,-2.36066748516758,-12.1374411822828,-58.797764698738,40.129928166441
-18.8141422809823,-3.05994743750079,-22.2826821385739,-91.9156970701331,53.1275223939331
-34.3800942167257,-14.7931557949951,-10.351599001354,-82.6603943318452,47.1600265958319
-25.0758029865395,-8.05629876904321,-14.6165507089981,-55.5597224161758,35.586735443397
-7.70014506558788,-3.02301623739787,-22.7576514391339,-51.1742750524374,34.4117280901032
-4.0836823619679,-6.10348418629991,-22.6151623189136,-65.2244306161905,40.4654538529339
-11.9066472189961,-7.75664047367474,-18.9971458529506,-68.6754230436985,41.0626388961169
-13.232164985947,-4.42469018410034,-20.7420596026898,-59.2606347101963,36.1765964220224
-6.07413238736348,-2.66883546136292,-24.8815802055662,-49.3506524109277,31.7897366015444
1.58123515277857,-4.22945597745903,-26.5714091690966,-47.9045502100288,31.3764588235176
3.47438409757247,-5.28889593133691,-25.7865002975745,-51.7529245557398,32.8437984560288
1.51770239752952,-3.69074937948291,-25.5820181363629,-55.4484957868716,33.905473830189
-0.500398938478086,-2.1556412852979,-26.5258715459392,-49.4756461967247,30.842263627058
3.97490740169626,-1.31142750525186,-28.7366229827835,-43.0773106712751,27.9538669752332
8.92757223883908,-2.33093314158967,-30.0133545965647,-45.9501454381428,28.8222788977848
8.33574479459548,-3.39096293157196,-28.8513511266267,-43.1894400222904,27.5213086376073
10.16075192771,-1.02719189376854,-29.8190217506209,-42.3474591370315,27.017754422074
10.6416281847962,-0.210823830753945,-31.0302852043208,-42.7396385106187,26.7610035260092
11.0643527128698,-0.564159102421754,-31.0583226296592,-37.9426738789992,24.2375608440281
14.8536553535401,0.0501223798154018,-32.2561463337695,-31.3055627343048,21.3121732686237
19.3259443627923,0.855445139222855,-33.4406909040879,-30.790052666391,20.8755460934023
20.0532389120661,1.08312840361238,-33.439283264936,-27.3963547850239,19.2812020948374
22.0725223440149,2.7014085295727,-34.1421246137911,-23.8012316893725,17.424007148447
24.3539017032374,3.68049659062582,-35.4331113383799,-22.5506932115371,16.5947464030011
25.5001379006479,2.00397512958186,-35.4231080047334,2.73720577934028,3.16535778198116
44.5851962344361,6.82167850135559,-41.255663227973,38.8641407511101,-9.77602554358311
63.9376221053014,10.8575461259456,-47.0017674598356,21.9699326033013,1.06769632821513
48.2747692763103,7.02903882137403,-39.7572900722656,-24.3684686026681,20.7014507491559
17.1569263517367,5.99682982722833,-30.8052394994578,-29.5080706036814,19.8091243775814
15.2342391699453,11.1049437686789,-34.6646234559072,17.5680177088262,-0.843810318994357
45.2512215739508,13.3045157501314,-44.826214038746,34.4206382383553,-6.46041992484996
56.3567447359136,6.12786036771569,-42.8513239776771,9.822797521234,5.75709036885467
39.0967510944349,4.48357975180374,-33.16432174347,-8.1401815023435,13.2270817540259
24.8154857458046,12.0105765350251,-32.6297377126207,-9.19748107241404,12.3492015531093
23.340853289019,14.2296984083394,-36.4887105222233,13.2016073034417,2.64571609052934
37.8283658212755,11.6641018921102,-39.5833243032741,20.066827765727,0.624375440443595
42.481134421012,6.87369837851444,-37.2159519752861,5.02681970047251,7.77671021745672
32.2143281940116,7.01296567099348,-31.6879622326623,-3.14047179733081,11.2477048657694
24.8376168653134,12.0808640072169,-32.0804416323441,-1.14626909515318,9.8824977344308
25.2084276846801,12.9869443580513,-34.3935011675292,5.63060161380149,7.05861415043479
29.5413915562023,9.94698016625466,-36.1816409043496,-67.3027140229079,36.0397681771445
-12.8574829346368,-4.46961003358496,-21.3492194162645,-37.2211219011104,27.2918798789769
-0.495479266818541,7.73182573312281,-24.4468215998432,-42.7152069968628,31.4647868221286
-6.27724681411472,1.17444422685405,-27.4398659753373,-89.6044515000378,48.2032062383089
-28.8073477705296,-9.22434887752287,-13.1529623861266,-51.213895337733,28.7219356229942
-0.822383543418443,1.94978139616539,-25.524104092128,-0.843526971174848,8.61986137004976
30.3408084811885,4.689640962164,-35.0113785005685,-14.6109917811633,16.7013415794955
21.8924005503381,-2.41760091068355,-27.7627718728324,-38.1137663812335,27.7776914601316
4.93005033563138,1.16203153378737,-21.9825646347255,-43.2295303305958,27.6730136557384
2.13969655157192,6.98831645867012,-27.3084393733177,-26.1970459548774,18.910621258515
14.7805713868208,6.84015784784976,-32.0355819227073,5.84613429502174,6.93533825352758
34.4704331187192,5.09994869404848,-35.3982046403306,-13.4775969355024,16.3520538159064
22.3620679225936,-0.165823574298783,-28.2638665672286,-34.4710292950878,24.7430629796461
8.57108965227494,4.61697206150938,-24.7283747082644,-26.5707253819007,20.7128829642573
12.0683212999377,10.1901751767193,-30.9345768166749,-16.1792812588246,15.9355920851993
19.4788348220676,6.73161224360219,-32.8100263002461,-10.7209549752759,14.2187825620581
23.6727627107079,3.03369683785851,-30.8623318239519,-16.7696338148138,17.1335951329293
19.7897523627505,3.49019589427947,-28.4518291477278,-23.0961716547234,19.6750909468518
14.9924977273334,6.76079916167671,-28.4550929667181,-18.8449627189487,17.9234099573612
16.6075324644262,8.38280722894673,-30.6611793825087,-18.1357973771944,17.3995007537406
17.6156961539914,5.78138035991348,-30.5559528847477,-16.9467592123764,16.9552009343847
18.8569987896,4.6372252169373,-29.3344392860552,-13.3150937630986,15.6360156063195
20.7950077728996,6.08519602211334,-29.8781349939692,-16.4430863989288,16.9823528218165
18.4453712469063,6.55602651993887,-29.4460654883824,-15.6754336870431,16.7986340029879
18.3235045232576,7.27352866797386,-29.6933674539784,-16.5801526669764,17.0515771055175
17.7348249473949,6.54252961002228,-29.7514677295468,-16.1235590624085,16.7770531826089
18.1813461223015,6.22843892196838,-29.2646399314636,-11.0198726737917,14.9644917196517
20.8406438244397,7.02613468133714,-30.0406738869416,-14.5777538357891,16.5072851700637
17.9406585943663,6.27704751503921,-29.0633736474021,-23.8699989013182,19.8322826982303
12.6665638206795,5.58052201726215,-27.4665830873491,-20.5704988131462,18.6491741013332
14.00303035684,6.83440896409578,-28.4625529007459,-15.316916471804,16.7916867873883
16.8589436221548,6.28613243155587,-29.245496259111,-20.1852969780373,18.9462431098989
14.1159974178979,4.4007754253807,-27.3281082055778,-21.7915434383074,19.1576615768924
13.6085771127294,5.34058363003339,-27.1033061633459,-16.9944157278379,16.9480067081287
16.4848746610914,6.75541142819827,-28.7132529687853,-8.65378086807862,13.880659438031
21.1436802607776,7.13025274862311,-29.8539215549406,-15.1438887883837,16.7780137518261
17.1032079620559,5.0821063027293,-27.9839566187171,-16.7640727344407,17.2134040115305
16.1242032843803,6.41269038770111,-27.4474520410374,-12.4771723041758,15.3113632566349
18.3856670090011,7.70644507499286,-29.3848320519618,-10.8421520943315,14.8837533886255
19.1053774520219,6.84884236600321,-28.941582742905,-9.86815150980787,14.8631701048625
19.2676114557827,6.54508282487791,-28.5226121659093,-15.5917783929993,17.0666697435555
15.7870230324687,6.16419604173672,-27.312839557778,-13.0389079284872,15.8399775869176
17.1506435475605,7.60447917880097,-28.1102359544213,-9.99666838587339,14.551500876805
18.8748405451506,7.42927257854349,-28.9840149174342,-10.7551590791458,15.1050801024717
18.2044900170573,6.5357414497615,-27.915155607997,-11.1734246083057,15.6719039949756
17.3047898995621,6.82437081733817,-27.4931081937461,-16.8255313496103,17.8224558943184
13.7884752849991,6.54910512129269,-26.6668902095254,-16.1953464995559,17.3367217747769
14.1762819075232,7.09084463981153,-26.9446011791514,-9.37723722011275,14.5775749104213
18.246847917996,7.38281876324983,-28.2769576923562,-11.1541225947668,15.4307361380992
17.2156585368719,6.10202509565202,-27.1887959757074,-14.6547044023639,17.1839292178256
14.5769728116811,6.29385963917878,-26.0058942712186,-18.1883893528674,18.4835647052336
12.1389237334025,6.7558496224866,-25.999579347798,-17.2095140284422,17.7649579460691
12.9438224916071,6.9671689910802,-26.4295853727183,-11.7403107894779,15.8257325649471
16.0143198976092,6.71775650401735,-27.13083141379,-15.8915477379732,17.5700415418289
13.7210561956764,5.29709623999206,-25.6735031417829,-18.0177667586579,18.3695312992933
12.3855117206348,6.07317446464457,-25.1541830001569,-15.9764295969688,17.2823356214141
13.6044271474587,7.02451714569085,-26.3325253266201,-13.8292427412318,16.4006385755673
14.9666049610006,6.68854019050171,-26.5356220269255,-11.9980218720181,16.0588743836911
15.7085757276737,6.30765193432854,-26.2860037121872,-17.8702710586561,18.3878611884198
12.2929475062387,5.63731235434418,-25.0384642270717,-18.1100221713919,18.280190309116
12.1175599387506,6.68540824458024,-25.2363261973446,-11.9281916803544,15.5768069933025
15.922269719874,7.41751071965862,-26.9265914278547,-11.9088430696023,15.6025678591648
16.2470654272062,6.21662502737602,-26.3610574160147,-10.8317329923726,15.5127375868905
16.4982103817832,6.6019152943314,-25.8992840251353,-14.5357288671313,16.9424060668231
14.1981088129598,6.70704426410963,-25.6016553371726,-13.5647096103314,16.3589913278816
14.7291357608064,7.53298225711063,-25.8988824616655,-7.79346564863467,14.039372799664
18.0657688847463,7.85846505787212,-27.1920861872452,-10.9949927055738,15.4115725650275
16.3699402844987,6.40978313946313,-25.9222136115741,-8.98906807825639,14.7479298608977
17.2433722718115,7.50806926554812,-25.9219298417457,-9.84664861786581,14.9558220119632
16.5915675673107,7.72226560586651,-26.3349616314353,-10.4418512845562,15.1085144036788
16.3167715841949,7.69330542768643,-25.9734801779993,-5.62842682050451,13.437836464689
18.6962251076226,8.21884510976393,-26.8079887952333,-9.13075584036813,14.942330479548
16.5811787979887,7.11919440459735,-25.7766001696577,-11.2850934360037,15.8006390850712
15.1193800945671,7.44205930293507,-25.0928416293676,-6.46000990017838,13.7053398797833
17.873851533234,8.61560621059548,-26.4487206543011,-6.93522083876544,13.8952796851858
17.6874474575117,7.73830659113466,-26.152019850024,-4.9571090890403,13.4019556069681
18.4603457038536,8.00107749774982,-25.8124623090609,-8.14295356528893,14.7263647276967
16.3568799311012,7.71124417374288,-25.402546299156,-8.95553208600418,14.9858662821804
15.6892948633661,8.20492381622561,-25.1148832199821,-6.37905875464663,13.9702142115627
16.9635546782035,8.45042500148186,-25.9119877540988,-8.08225142549487,14.8056239376433
15.8833364641577,7.48933390138371,-25.047069093406,-7.61230375972776,14.8103146418653
15.8462911583784,7.72570119126628,-24.803485366951,-9.56781391138581,15.5204426694509
14.6096611490261,7.61491625344921,-24.592252133425,-9.54525318523233,15.4052485080149
14.6874815851383,7.83348283678873,-24.5515625371366,-5.33876858529383,13.9332217413807
16.8246479191548,8.194749723403,-25.2515130624545,-8.4029426199314,15.285692089702
14.9682462173365,7.12230640210226,-24.3184588461658,-10.5983459867866,16.194365421429
13.5041637082237,7.33080557362792,-23.6971359968226,-10.1817189756893,15.9093722275546
13.6407182339222,7.7699227521137,-24.247057693191,-9.15044878506192,15.6342726772295
14.1183314404595,7.48836114888897,-24.2346499476346,-9.08337191947149,15.9129637936538
13.8521300683763,6.99151750409042,-23.8541413647579,-12.9799864815081,17.4923349413159
11.5542597028817,6.46267355853799,-22.9551337502986,-12.6556379610764,17.1849704528542
11.8181064953228,7.12465008648975,-23.3272007762127,-13.2858967401895,17.4054469316468
11.4377994591227,6.67548074709885,-23.4627410073635,-12.3836292648889,17.3610004697091
11.7504402462568,6.38770239904879,-23.1656526087697,-16.4347891372389,19.2601419616529
9.07900631146416,5.50258383262157,-22.3163264671064,-19.1446640170363,20.274246854213
7.55666329798569,5.57221636820481,-21.7430140094933,-17.050094774485,19.1678109886478
9.16000717857895,5.98951522703808,-22.8544465539645,-19.5397362791557,20.1423297926938
7.97607284933707,4.73275440506586,-22.2211875138843,-17.2165628181756,19.5608398480698
9.1503355305133,5.03997693789789,-22.2135947625299,-19.7077176009135,20.8133465533052
7.46566730181001,4.5176196175788,-22.1340775405857,-34.2466501394324,26.3196409220363
-0.658401387090191,2.51937983368838,-19.5879470524918,-25.3491715627073,22.7667735259706
4.51583208551831,4.98678384241604,-21.958159588638,-33.6204124626991,26.2970129473229
-0.192161662203846,1.44163951844367,-20.9697768382456,-35.7115436042714,27.5732744165769
-1.28937754575034,1.09307287524928,-18.9272822658324,-34.7759963859008,26.9853569966512
-0.278514932799199,1.64919557215749,-21.5254803064944,-78.2900825919421,43.5545365768485
-24.4805153380017,-5.81987222930151,-13.8321472085063,-50.2842375279049,33.3632974647262
-9.31424934772489,1.68132505252624,-19.0475240797642,-54.2630505150586,36.0124516461758
-11.7961083901309,-4.60025330904155,-20.089791147375,-79.9553783097811,45.7508449314204
-24.1872513740749,-9.62019060213018,-11.4635598272257,-63.8921496128551,37.1370724750463
-11.8639514451446,-2.81949471815546,-18.6472697766297,-39.238820705636,26.572885964271
4.57630052965652,-1.09577798803677,-24.2736613166234,-35.9775386993407,25.959306458963
7.35585398999087,-4.15410590244868,-23.2982305248667,-49.101687139161,31.7692074116969
-0.60585093225797,-4.24906541399318,-19.8477270645071,-49.8632258410854,31.4523482341305
-1.08546228813003,-0.0606639963132407,-22.3705101378358,-42.3348050889709,27.391349208227
4.61620119083608,0.640009305932094,-25.7241039052494,-29.8644403829346,21.9488204611692
13.6402157768134,-0.50026978227621,-27.4848656706751,-27.5310966250738,21.3564361726905
15.5649103435865,-1.45603297432885,-26.7580427658318,-33.7127870949271,24.1558787142906
11.4120348149566,-0.19687425608923,-25.451874090127,-33.4765541417954,23.6577049309427
11.2970845532702,2.48715257006656,-27.1443481521538,-28.7445479896083,21.1623131220705
14.6745253546449,2.44757642041195,-29.090611805754,-21.7844166302695,17.9487997380993
19.8974949786121,1.63544799434747,-29.8604927172637,-18.4571635573391,17.0130365222783
21.7367979006275,1.64768630823516,-29.6633721788479,-23.3894289235698,19.4832407668825
17.9137600772977,1.99002346219366,-28.4714803077349,-26.1770869263089,20.0462519827988
16.3238897370643,3.40876186686622,-28.9435455161983,-18.0667640164004,16.4758926340931
21.170862858338,4.54756619958128,-31.1534613665811,-13.4659868060938,14.9633118145202
23.7690158791785,2.320396993124,-31.270845034828,-10.3063597012475,12.330444912791
27.6725062727614,2.92616320835631,-31.476792453134,6.88001713602347,6.40975130019281
36.0457851747159,6.43915113440106,-34.5285351727786,0.358892476218145,10.2612015109388
30.131099106164,5.00382440232645,-32.6635652183554,-17.817453483039,18.6356498114655
17.0806019982767,3.81378912883127,-28.3589621489515,-22.5117470540124,20.1027640384395
13.6821676665954,4.98257183423977,-28.9397254567774,-16.9977478487491,17.1577276284796
17.7786963033314,4.2468574181712,-30.5441771552032,-7.15374874053665,13.2174320864248
24.2731646171333,3.10973392479301,-30.9993721423945,-11.9455172763929,16.0050452319478
20.7399797354791,1.67386260681665,-28.6981848410248,-24.4701634617304,21.515025103517
12.1211564557644,2.2953093829815,-26.1714395669255,-26.6189371957757,22.1857316293584
10.0115414426408,4.08993910120886,-27.3333891021601,-26.226225393504,21.7668933057706
10.5771482872497,2.4265718725166,-27.8388907766866,-23.8316175670294,20.897495376583
12.5335025557542,0.649228188844787,-27.1160847638572,-24.8297347180923,21.4548505305584
12.2081314538798,0.300625734828146,-26.3166687321301,-28.0706671506812,23.0505120064463
9.81772003962504,1.05246433207237,-25.6990852370081,-29.773890145688,23.5280817231721
8.62583931083883,1.68747757982498,-26.1589234640225,-32.0654381812897,24.1748781378127
7.69113863203102,0.737206645085436,-26.0885667441989,-28.8224590273624,22.8680606213804
9.9759956775815,0.507961125955248,-26.4076932248791,-27.6835928378671,22.6125495194874
10.668055298462,0.199677774714402,-26.3119612574341,-29.7071755915334,23.6894039311901
9.31355892503357,0.22613024142686,-25.6221768135826,-33.9363197947664,25.0363703897262
7.11039509747601,0.379685844575748,-25.4878282408758,-31.3371999872131,23.6493103917483
9.0865350673335,1.02369615188552,-26.3088023830371,-20.8729413134344,19.5649073537576
15.4568225830296,1.71047055314578,-28.2527431104891,-25.2649709042796,21.3951543803188
13.2387393215811,-0.0301919210857409,-26.8122531509075,-27.3718772114662,22.3490704354907
11.776478221197,1.15090863642617,-26.137991915318,-26.9386112285396,21.9297397755604
11.9296434679561,2.23504053713904,-27.4873414475998,-25.3728850916529,21.1814179437689
13.0666646141928,1.95048622687482,-27.5979537688264,-17.2986370758904,18.2687958850965
17.7048004064126,2.38247802705933,-28.7078754934977,-24.6333262843106,21.1264258387487
13.6970609668405,0.772620092711207,-27.0047538485626,-23.3485044109022,20.457491670955
14.407753146749,2.71184587489158,-27.2235643876475,-19.0468524296777,18.5650563588363
16.8312128529132,3.56738823082659,-29.171877582775,-19.029680254589,18.7954849513396
16.6192147004688,2.58121758327411,-28.2373100202749,-15.9864860090199,18.0116261028635
17.9151587057048,3.03980855375597,-28.404862635458,-24.2425807769456,21.1215895648307
13.1192695270988,2.13458077251839,-27.0583147585903,-23.1698810376094,20.3107700759057
13.921749188411,3.50811815049229,-27.5157118317981,-14.1981099339498,16.7712334371804
19.0473704358428,4.30509435865942,-29.7102658855618,-16.6969222677058,18.1134422853633
17.4321238684558,2.44504102768899,-28.223345740365,-22.8027113934919,20.8529535085747
13.3834739972054,2.32891426212222,-26.579904254099,-24.7950832995043,21.4363973790257
11.9809442314825,3.47464438985408,-27.0488953802397,-21.4370800117196,19.8012397051403
14.1913787612653,3.76690938087442,-28.1155494810033,-16.8556832931029,18.154078906664
16.9848947559936,3.07029071744862,-28.4268502083101,-20.7753117124024,19.8400131877354
14.815284692419,2.01612853034862,-27.1671399449026,-27.2944232430647,22.3956600738532
10.7957274253875,2.32227826710817,-26.0842429948387,-23.3435095037757,20.7820474877336
12.7629158219404,3.90868572963039,-27.5444748239786,-22.3227946989301,20.458660560325
13.4496374470225,2.78165289513076,-27.7963208710283,-23.8212592632012,21.1891833601522
12.7821560804988,1.78413514313686,-26.6409474679407,-24.898325691873,21.3937040993783
12.5076179656663,2.27552091286711,-26.6953217705705,-22.2993994200945,20.2422175498451
14.0594306549579,3.25134697605326,-27.5907007256144,-25.9287175149555,21.6077974694156
12.0326672979917,2.24628090774933,-27.1691186156911,-24.6229282977576,21.4018594301396
12.5320616660698,2.56337468813016,-27.0294720377354,-29.2244606161079,23.4809002649942
9.52193634573766,1.57814575681688,-26.4673883998281,-31.751264556013,24.4089268490482
8.25773127632192,1.54622050484363,-25.7044043367669,-28.205076654527,22.6269644105454
10.8580609199718,2.13456408540192,-27.2708202389668,-32.1120286606886,23.9480913120223
9.19436535962671,0.658315664741688,-26.3766335702425,-27.5832207720721,22.456251173611
11.6981162833769,1.6944476550539,-28.226440778085,-89.9971854638371,47.3060694532646
-25.0854024494301,-8.79080640537741,-17.6989660163219,-65.6774425407948,39.4870542263373
-13.8272721248458,0.147633771428596,-20.8952065888331,-66.2153222524969,40.5263886416209
-14.2255907483299,-6.26772386391817,-23.5423344918838,-51.9012686922745,33.5549713719535
-1.14378604041115,-6.79287421797626,-20.5165032362289,-44.1379299547396,25.9269619355236
10.2511399679926,-4.53103204565864,-27.2669442425771,-9.39680984739384,10.9237522661822
32.6511408229346,3.31336300404007,-32.113769994835,16.3163452699735,3.23755381610412
44.1896761381383,6.06982142213827,-38.252180616651,-30.4278796482448,24.6391572801964
12.9857373990309,-1.42942186713687,-26.2846004870695,-82.8142580555984,44.0308438111242
-18.3117348573552,-1.89614606557781,-20.2231050512393,-44.0281704665817,27.0002802760934
4.85282985956326,7.02880653002121,-31.3468030612269,-17.2391898337913,16.6644708039079
22.5386223838489,-0.688400935511746,-35.747799351255,-33.6427890399611,24.2379328418634
14.822057823522,-8.04912966115708,-25.1624182485935,-43.8001995099781,27.6697280854376
8.68908276903583,-1.1390942831631,-25.4562140747195,-30.3539579413508,21.3175906065519
15.8937270325918,6.2696143269398,-31.7635020101709,-18.6344471062929,16.3362948635037
23.2590861808891,3.84799502774967,-34.9889965846574,-21.6306979494715,18.138891433285
22.0360849090244,-0.88932077822922,-31.0811186199373,-22.1818339658109,18.4270875715178
21.6337244456323,1.24694316611012,-30.645755807917,-24.0034167132177,18.925450791654
19.9144130536001,3.80274925477061,-31.6119880512201,-20.0070759260093,16.9086509868421
22.1815875179509,4.81818253141557,-33.1444021526729,-11.701074605014,13.8158938952916
26.8641123169317,4.31251300105284,-34.187774019993,-16.3763627323092,15.9719570205237
23.9837915040105,0.86443157340138,-32.1299356518709,-4.55714333912446,8.35195725525023
34.4306332779365,5.09240595671161,-35.2107511555513,29.0819865822965,-3.96478324558875
52.1355037558424,10.3059378147704,-41.8488297115123,16.2637661996425,4.75673610888747
39.8144291709426,6.40119850291479,-35.8743626337388,-24.9398687177754,24.3758697795444
10.0171524806948,3.61882661062568,-26.0110467498184,-54.8785955031417,33.0263942380909
-5.70514526505536,3.98379843835119,-24.8624330147047,-4.79349487071428,8.08278230147343
29.8847677098913,10.5357901820484,-37.7188942772689,53.7417692994022,-14.4356338369529
65.9240357274734,8.47365251178414,-45.5948326929213,26.3294850500402,1.69518878197806
45.0526346905022,0.390415633242971,-31.3560526104087,-15.05844726964,20.7346172773852
14.3147710771811,7.1809281483982,-23.6817025240103,-39.7924699541838,27.2864493130658
-0.534403168480202,12.0551742173743,-27.6989389019428,0.768542876370637,7.79656729701771
27.2966256969351,12.8289583523228,-36.8448198624758,59.03238841063,-14.0566797628603
63.1309874858712,8.86468145049651,-42.819642832118,21.9949829719633,3.89796454941165
39.4151830666388,-0.280598932469459,-28.2951375282307,-16.8588479447445,20.2492539882197
12.1685665958082,8.65685929271443,-21.896497111827,-12.6360501981268,16.7199374756696
12.3658646699233,17.1047555130534,-31.2334851042359,8.58077434990652,7.29085715225304
26.4677953725825,11.3524720781255,-34.7645691927445,23.9295990018754,2.65533379161779
36.444135093816,4.30096656728259,-31.8507212057864,-0.45692913895467,13.7804142945905
20.2442381218852,2.12290975724379,-23.8765648198834,-29.0392753488555,24.729628346732
1.59813510203863,6.9301595434135,-21.0468497751306,-19.6126509003184,20.3829171099641
5.63813533174014,11.2489780131042,-26.8238316517228,-3.316868598305,14.0405152816752
15.4996878245704,6.22441401370388,-28.9361703511769,-23.3693555876945,22.8939453810596
4.76678230731673,-2.40581780143351,-21.0786893812161,-34.1123266202746,27.4574132983831
-1.91717787916584,0.907729406810678,-18.3059689428618,-27.4325433401856,24.5093663535203
1.15570158546691,5.5577217871756,-22.858590663516,-24.7681990930081,23.1580863991799
3.49944996393247,3.01805222560897,-23.4465432112403,-24.6465717763924,22.9350699307177
5.03598522499952,0.326074704822671,-22.2644070003257,-24.189716407105,23.1753843516405
5.30225308264552,0.788501387226246,-21.6719647801941,-28.1998497577321,25.0037505727246
2.58841492809709,1.69327848947472,-21.5290588289011,-31.4548597503487,26.1739010269892
0.662739744957086,2.04357018679502,-21.6492014965022,-29.6418479929648,25.2775825507532
2.16169767317066,1.5698105982289,-22.4887908208915,-29.2436807270693,25.0318827780726
3.20970778726121,0.320235965334587,-22.3132649036259,-29.4639461998308,25.2330874800111
3.43424785660504,0.137786879357363,-21.940410838415,-29.1931655448872,25.1954395705286
3.67187678623875,0.800709038751303,-22.2859785987433,-31.0409252148335,25.8492393424844
2.85084451257018,0.805778107841275,-22.5528574344115,-36.0641577370334,27.8757477780792
0.0604247424792048,-0.180691667937464,-21.8504824388305,-33.5766416085709,26.9982048382792
1.66008588866568,0.220234785733194,-22.4070865199558,-34.6974231759027,27.6008940581837
1.24207424655855,-0.745914732355006,-22.588186420429,-46.2532805038668,31.9196465893703
-4.73590959438253,-2.65580364018872,-20.3931592801127,-39.1019848597169,28.9921499403536
-0.300782202376201,-0.339317239010111,-22.4179866395727,-42.1971039305902,30.4814618785799
-1.96137366545761,-2.33609427235892,-22.473324178208,-46.8217055316272,32.483618800841
-4.14463922398691,-3.38062084043919,-20.627814721264,-45.4439154508511,31.5059073008016
-2.49156717261152,-2.4337385176803,-22.2383754152013,-49.614848880384,32.8050930018631
-3.9933938484616,-3.46417987719048,-21.8538778608562,-42.9604863105396,30.1623831744429
0.416376014072235,-2.42647118896034,-23.2266863502479,-43.4291783302905,30.590224025971
0.447645771174255,-3.45356965492123,-23.350853787024,-48.7027641247372,32.4612701573652
-1.82953287401601,-3.93762881329527,-22.2115723123292,-45.3111626358299,30.4464487237324
1.11209143709439,-2.30816401484698,-24.0411576364747,-38.5138623218997,27.491883653542
5.84142587797207,-1.89389305982323,-25.8248566072371,-38.0893464901364,27.4232296113504
6.58777784046522,-2.86579098702278,-25.5793970717216,-41.0310098927397,28.5881045303236
5.16199432011546,-2.65572558797185,-24.9058557194209,-37.5405323962427,27.0708501153794
7.3062585712339,-0.951879639806986,-26.3472783554048,-37.4081268905332,26.5257673311333
8.10286637308332,-1.27879392138249,-27.0129006501198,-32.5005184733151,24.2330120099012
11.7757381652729,-0.855893681852376,-27.8028019045029,-29.8393587780089,23.0908626294278
14.5861678701278,-0.735239406384854,-28.5121991980697,-15.4550297404202,17.9278097888148
22.1278283033639,2.0284393020961,-30.4713277816054,-20.7317975180045,19.4726684769849
19.7571666035468,0.880698286043473,-30.2424053601245,-29.4545992084225,22.6032077403507
15.8447656286531,1.10324820365234,-28.3267176006109,7.78889329539905,8.03945532962163
36.781373583136,8.34272467003106,-36.0698320160228,4.04170190255414,9.74602915850197
34.7968772942339,3.58503818307113,-34.9818125856472,-14.9257349050591,17.2047858647463
23.8280079510795,2.5781616298868,-28.970058274597,4.29889641381279,9.32526438141307
33.6595987088097,10.1376080110521,-35.1859299951938,4.37997302293928,9.73292239875182
32.7540707929208,7.45575628353812,-35.4484292704684,-4.07638016509397,13.562214606435
27.3550578025781,4.82978629198428,-31.4080024091069,-2.52024571915246,12.9624400214401
27.5319434405674,6.80564497914527,-32.1255960454047,-3.23879437983541,13.2881233460033
26.5053271357922,7.09127987064672,-32.2135335253137,-0.542098312703666,12.498190149342
27.40599039371,7.09338903682369,-32.1424447967019,-3.14000529382542,13.8433448644623
25.2746573671571,6.0164166296076,-31.1781101598007,-7.3306806215801,15.7934786087223
22.2090639344908,5.76096410006075,-29.7390903996318,-3.74520209237146,14.5261540425947
23.6210264277562,6.99150398138158,-30.5566949098958,-5.48806495983334,15.3658778983771
22.2453216045269,6.01660727631906,-30.0671404798983,-7.51272732231362,16.4773959155998
20.550973301829,5.53218828866307,-28.8905464214024,-6.47915700008113,16.3409561282378
20.5262835520298,5.97830429779287,-29.0398555471569,-10.2887844538909,18.0347181842043
17.9136631500978,5.24209831614561,-28.1146791808682,-9.25581623942761,17.7824467100203
18.1402326628396,5.59105648780865,-28.0416420589576,-10.3805448685271,18.3347080678765
17.2571217017843,5.01532240369636,-27.9008549177118,-12.098565581031,19.2261234278486
15.9747341707669,4.64966852567582,-27.0213423575104,-10.9253404856019,19.1095318650111
16.0973031276144,4.93935320913768,-27.1919820626589,-15.7688434086657,21.167486947893
13.0470128750475,3.98613427754212,-26.1399355893941,-15.7731365301887,21.2354857408316
12.8955740340334,4.27892842658475,-26.0336448879965,-15.5440335764098,21.1520193135637
13.0320107394025,3.9583649053618,-26.3415517364269,-16.3177981315752,21.6492771569435
10.3066966643421,3.43954404583075,-25.7117176269944,-53.9449321332276,35.8844390947552
-10.8624329786424,-2.64379198833564,-19.5253385142155,-53.695648099356,36.9275320514018
-12.6475120240261,0.245892089553453,-19.222720851565,-35.5703846125521,30.0323757884719
-1.89745978558294,0.40295940705864,-24.3541116149204,-61.4985280007787,40.4367036574501
-15.2248923632113,-8.32200354542914,-17.0895108690027,-53.4576554508231,35.5843982773953
-7.59786617994975,-3.40800208208935,-18.8178538581277,-33.4206153358778,27.3866473844247
4.57781779379456,-0.145058397781116,-25.395142501111,-32.7072998340151,27.5590881232051
5.70322884436434,-2.76257672779333,-23.70989245013,-45.4778730722555,33.0171185163985
-1.87714172989483,-3.86697938045727,-21.2258214845683,-42.9130600095537,31.568981683522
-0.180923905481426,-0.506115711140286,-22.9023101457063,-40.2044579820816,29.7793135992075
2.45909773359144,-0.782011922294776,-25.3759556763575,-31.2614387342924,25.9327194986405
9.0153982950054,-1.2108694812289,-25.9579552918318,-30.4749358757455,25.670451152943
10.0753570615077,-1.95288247907339,-26.2335803275267,-34.4190601708773,27.324391174451
7.86913991452391,-1.07676739392732,-25.0093855460112,-31.1592256201147,25.9095370955465
9.50760164045465,1.04895929676804,-27.1048343161169,-30.9092396169038,25.4226315896506
10.2984000679445,0.331038046073674,-27.542119769621,-28.0559553989378,24.0230818749181
12.6843671394564,0.000631092593417648,-27.8994934479667,-22.2738315664809,21.7455168198254
16.3133353981671,0.805240973975391,-28.7778218464946,-25.6327717660102,23.2459441023629
14.2497915447071,0.432121862371259,-28.1955415603107,-25.8568565950299,23.1746508478795
14.089732899305,1.57192607399117,-28.3086926595797,-22.9152316929769,21.8306498162555
15.8757943302815,2.14717132873624,-29.6648120219793,-21.0598852755517,21.1920516062553
16.9924166151453,1.55244309694452,-29.5491942672995,-21.189216501002,21.1367929334404
17.1562241754319,1.40628785095582,-29.3993080409773,-21.3666524454268,21.2647518149674
16.9008762147907,1.89014769076619,-29.3332314183819,-19.4908091458036,20.4758584034953
17.829740136993,2.61189101802244,-29.9830540965994,-19.5151037331319,20.6111711036729
17.5616122240409,2.33808546509959,-29.9015695155396,-21.2190720241518,21.3966274698688
16.4567280739631,1.85979140935706,-29.3632024862586,-20.0072529504738,20.6921963380628
17.3360631078569,2.3923337932736,-29.7053788140009,-16.7004040483047,19.3911569099511
19.187129981271,2.80183187886497,-30.3866849029657,-17.3572989934545,19.895155553651
18.4807736732516,2.37502576279234,-29.9566758660773,-22.0847674026242,21.9569435888245
15.3140646081867,1.97737311238488,-28.8987125150131,-22.9061256134834,22.3366917873879
14.5468574383713,2.55062801226571,-28.9903025685057,-22.2942822841419,22.1010946680001
14.8003938442676,2.33502189652792,-29.3114289395181,-22.2354513324485,22.0266228514431
15.1083122962755,1.72534608750687,-28.9790973786782,-21.6042690086045,21.7801062402599
15.5639757354268,1.84220523289961,-28.9984978511841,-24.6263850856812,23.0979348867048
13.5868044131519,1.59425979269114,-28.4201380664765,-25.4920381017285,23.5530020412291
12.8352442902765,1.96163425458463,-28.3783077074629,-28.2931705537078,24.7041252514143
11.0946076532568,1.32526511196936,-28.1071529248181,-27.9545243817501,24.5033878850287
11.505045781003,1.19422125344238,-27.9831638631151,-26.5293992491306,23.8162127486233
12.7219298129613,1.1998005126913,-28.5104282605288,-30.2756486541559,25.447116039556
10.5153008211567,0.406553197173296,-27.5458544130351,-29.8572711176822,25.3244503283083
10.7200275650146,1.10711076269739,-27.7031568916703,-30.3536681350318,25.5565157240473
10.4122594280878,0.90529236045678,-28.079229849182,-36.0738503472895,27.5178737203699
7.65717007484002,-0.274330028419366,-27.0215682926753,-30.8246840112883,25.3246409480291
11.0018621117826,0.988538926590746,-28.1499954684038,-28.7424091648678,24.7788153583538
12.1171065340669,0.511926321470263,-28.6365571038794,-34.5997453385824,27.1015933212288
9.03348686358104,-0.538812649429131,-27.0377382331536,-33.2724048614876,26.1264134876774
10.2999638285655,0.864008476423804,-27.9161079735878,-26.6150848348243,23.2889592604586
14.4955992898086,1.70736493183853,-29.6838142876952,-26.7578804252108,23.3503631760266
14.8118560897432,0.68577477975282,-29.2680271631229,-26.7334068353104,23.4909678425628
14.7558590555112,1.10572431913684,-28.8786310988917,-28.2398177290861,23.8649385458839
13.9653807037365,1.6699857792019,-29.2431239897848,-26.903294557844,23.0425891444503
14.9995677993284,2.24190648939231,-29.6936984346506,-19.437115416639,20.1003472683292
19.4092347678979,2.93093170909871,-31.1400571140017,-22.8462757517008,21.4518862494528
17.6491096945731,1.64197080620438,-30.1400441992273,-24.558365620853,22.0617670703466
16.5895357888101,2.44589970342144,-29.5106543385532,-17.3671195658081,19.0965067729117
20.5711066426552,4.35394896749288,-31.5811833570612,-18.6399754922644,19.4771838812344
19.9977338465991,3.253785721658,-31.2077773715961,-16.4182141356378,18.6575021185433
21.2122632426944,3.75841722951222,-31.0028404082683,-16.6758511293081,18.761221673873
20.8160668574151,4.0517247400973,-31.3030271705048,-17.3634050376276,19.0276468741178
20.1763214503756,4.40816034040361,-30.8585615871373,-12.7127140169831,17.2943423363488
22.4845221794775,5.27433568838743,-31.8636066855495,-16.5795615888911,18.6785213127351
20.3120800138352,4.15103976946099,-30.913604884289,-14.1049173958707,17.4926498493563
21.8229134812339,5.15260156710194,-31.1264315016003,-11.5609819154757,16.3896954988417
23.1511758071744,5.54884607512345,-31.9785431336297,-12.2690759990016,16.8412058236672
22.3286768807648,5.27274634272589,-31.1725710415712,-11.9451989861603,16.9467621727738
21.9223713996473,5.66038385846601,-31.1006107460417,-16.2929568242904,18.5365445104902
19.2188792439986,5.23304774441255,-30.3517345218799,-14.9814162285783,17.7362744775761
20.0474023144556,5.82978865594803,-30.6122070069083,-8.72037326006459,15.2307652835855
23.611636502173,6.34142849129754,-31.7647123521989,-10.643076370137,16.1359916175473
22.2585619317014,5.33349967375163,-30.7168274427069,-13.4228951859875,17.3659139182502
20.1865864788821,5.71286965493091,-29.8145691789246,-14.7097380453148,17.7373478908572
18.9450552007231,6.35448701613508,-30.1104369196476,-15.0666469541543,17.6375802678045
18.7856443882953,6.10063754971034,-30.0731433225192,-10.9257734535438,16.1375509339466
20.9962523908525,6.13562341081112,-30.4440456629992,-12.3963768236005,16.8049211724674
19.6528584182539,5.44411674065557,-29.6937475497276,-21.6020006124465,20.2841796293592
14.2368549879911,4.67523549396045,-27.8599266091666,-18.9869246958888,19.1761707380719
15.3534679951659,6.27086422528564,-28.7422301762685,-14.052203021929,17.1704258741707
17.2376061463264,6.03530257962688,-29.9094834701518,-35.093343193843,25.1312092301015
5.68891137807546,1.44234449003923,-25.4401119197367,-32.8889462468801,24.521888369946
4.97089290875353,3.99485573863135,-25.5296608157568,-45.445817142291,28.8820951741337
-1.74902420521421,1.17119607740748,-25.0276054459767,-53.0251633248635,32.5086112318276
-6.55827669552044,-0.57033810113352,-21.9774003059531,-38.8731944191083,26.212912780923
2.09222346096824,1.37712101307879,-25.6696196642022,-64.0032375541752,35.393181782803
-10.6936801659229,-4.81410486895868,-20.9663955639709,-52.6566806856931,30.3220930361082
-3.0246911750798,-0.186077943195428,-22.5575389806293,-37.2620453053168,24.1878099863576
6.2333156232404,0.892696623584297,-27.7059309741888,-47.7922066526921,28.260301521365
1.39563644374631,-2.92113597091828,-23.5642897964415,-46.7590249469343,26.9145981467592
3.26011371750515,-0.296527521958473,-24.7707065419262,-34.2175893557391,21.1154213563618
11.4308268479069,2.7143726093546,-28.5806866365021,-27.579002854341,18.256399368511
16.0082076296878,2.11507105652171,-29.7609801989774,-30.1555115337604,19.2882632523044
14.8701064126307,1.29713105037788,-28.3553132288309,-28.479237116179,18.0246190322958
16.2142348061845,3.51462949052224,-29.3706364134423,-21.7143983430109,14.8301953566676
20.321141195306,5.35946173567708,-31.4938673721478,-18.2474632416449,13.2838143118815
22.4709965431385,4.87821874003546,-31.9610555208014,-17.4683395581863,12.5424015700366
23.3895246217904,4.95688415571969,-31.6616762901614,-13.0744071174091,10.6695411615986
25.6648613098872,6.5024730411206,-32.5192986309853,-10.9199167919377,9.64619851596114
26.6053490260251,7.27292722350697,-32.9973761674294,-11.0740739178873,9.58052935767853
26.187420905639,7.47586123696886,-32.7252506330107,-9.36465680088042,8.61659745846643
27.0880226416742,8.03250270169205,-32.9444541454394,-4.7485121890839,6.31417292396437
29.8982073889692,8.92550239569915,-33.7467687114592,-0.704138858571361,4.47438708957886
32.1471373239285,9.49689021989085,-34.1268356594085,-0.260814696769273,4.43953816962459
31.6493309105048,9.82131728936531,-33.5762214639873,-1.02747258502781,4.65483984392546
30.5211757960815,10.5520684205952,-33.1891106356923,-0.997777452627372,4.27162490088748
30.2390232739175,11.1231571668725,-33.2608440857538,5.66709354395455,1.2288510181902
34.0068985147061,12.171192852196,-34.2343903285144,9.18862123478327,-0.239749476298325
35.7581809030757,12.0742100782101,-34.2813483936733,8.93684125324588,0.0274264859741503
34.7688183545562,12.3446234407907,-33.1966752832446,8.52980563947739,-0.0205584053539687
33.7921606689758,13.4794104617323,-33.1007530336298,9.99462694841637,-0.802631778909652
33.9963372649842,14.292001394035,-33.2384917456252,15.3346611008642,-2.90006862263668
36.3543476411772,14.8162459205624,-33.6647546242535,13.5963543087198,-2.26855072114211
34.8175540873025,14.0546167503382,-32.5323474902527,12.70255517298,-2.12816957990267
33.8214815363432,14.7230489799112,-31.7098017495519,18.9279332940677,-4.90969222372513
36.8484367295495,16.4802179263932,-32.93515483314,21.4996033135621,-5.89242838133771
37.6496228406627,16.3345903187945,-32.7458102190461,20.205429193203,-5.10338469351633
35.7957652557406,16.1282222663838,-31.3535845888711,18.2911300347046,-4.4573609444352
33.7942760158433,16.7494794335381,-30.6598239435826,18.5146263501352,-4.86222440074129
33.3570375041712,16.9710485854798,-30.579206922995,27.956304023692,-9.55433168529092
39.3460089874687,18.3167313234391,-32.1277519361271,37.5055189034011,-12.876384980267
43.7754087974016,18.7320008619283,-32.7415417814469,30.858039952614,-9.1013712886463
37.6390117351114,15.7328691841276,-29.6888129059238,32.2492295433884,-12.9833917657637
41.4337396378955,18.8887915004612,-31.1122275236113,74.7173955212205,-28.7167188069472
63.4468340485361,25.663843723476,-38.8780829161572,66.2103400074615,-21.3566533764068
52.9322676660348,19.6309501362924,-33.4747834904176,10.4501818135564,2.94763491366453
15.8885416912864,14.2338150914305,-19.651826576849,1.46783386339395,4.39669634025594
9.97876306362999,20.8274730232209,-22.187874386465,30.9546436659695,-9.4226683865905
28.9919943062678,21.7542623108926,-30.3714010952365,53.4596587164027,-17.3810193097884
42.9721636570463,15.8912456496273,-29.4095289459993,33.3754010003767,-6.71595541885233
28.5578842435552,11.656526233059,-20.8381822065623,-1.91254236684307,7.95245867136206
4.639809760441,14.7147412149437,-14.9009631540736,1.97728033993176,5.15908159415523
5.62847090063364,20.5867816754363,-20.1666221974083,17.6174153953217,-1.60476299917306
15.6882594097709,16.369693811845,-23.2964191204674,20.8231454005271,-2.10606557105451
18.6160981756471,10.180294024853,-19.1751466237661,10.464096424818,2.86041146341987
11.7688034644133,10.5530096070573,-15.4672114682072,-9.35403947648335,10.9967749747748
-1.80781271543979,12.6987487893416,-13.2430867410597,-3.33821781343616,8.31031751545445
0.895902197996172,15.5233820986163,-16.3301519858523,-0.281393932311887,7.14440625752315
3.13797548453074,11.0934204574133,-16.7570084301841,-1.11596820291887,7.56232263028202
3.88608505300627,8.10372767296991,-13.7029007756289,-2.06555926667383,7.81792126951452
3.79870476172927,9.68568482642051,-13.8721622962948,-8.99893152179069,10.7407489282228
-1.02328364683861,10.4460931133068,-13.0692432506845,-5.99051545736321,9.55999343437952
0.441589594674387,11.4039677821787,-14.2571730097245,-5.29149854565207,9.38817229749663
1.02733303372585,9.49279512772193,-14.3801625967678,-14.8031585560063,12.5872220175209
-3.24943597675719,7.0426721294619,-11.9715014435575,-6.58956632314592,9.06183619580613
2.16325637624291,9.87598310962488,-13.866267478022,-5.06163600892694,9.03742989425487
2.35808025579905,9.23464777083539,-14.5212875779165,-12.8292928159257,12.2571559887107
-1.93796397838548,7.58950706409253,-12.0622681824218,-12.6196841161566,11.4864649102289
-1.06005486584,8.83581354109695,-13.311131895481,-17.8841569548769,13.0214506470222
-3.38671410127932,7.54627091483591,-12.9678116477415,-9.41230475955731,9.89649899300856
1.72808738776061,8.59456393148136,-14.2285104636655,-18.9714726812596,14.1705553242434
-4.11885985421746,5.67364307424785,-12.4316537404608,-23.7899942986103,15.9074818210597
-6.54018024876026,6.12970116325826,-10.8145821171342,-18.3445948689537,12.831274306169
-2.1114837188996,7.72006194825552,-13.7041249017945,-7.06220397580867,8.10551502470969
5.40622128049091,7.93004687073284,-15.2094361987378,-5.76260418515804,7.27609218627333
7.24309140890758,6.89468547964403,-15.1592194497909,-8.24570362476763,8.28457505553193
5.78418451447606,7.72781333049668,-14.035630871303,-1.35347278678116,5.20457768570806
9.71527187293276,10.4992969354286,-16.5130872128138,-1.62280939658431,4.9086090270977
10.0051430417244,9.84233579165971,-16.6871170352343,8.14263935565509,1.07220034513358
15.7435719849112,10.9820249244732,-17.7640407873309,4.80909707842381,2.01321104880871
14.3340049642527,9.92044853805321,-17.3609766870883,6.24815098973729,1.03756472599162
15.3372346223699,11.6533528410762,-16.967339927281,20.8694490333852,-4.66706087868902
23.1562745701821,14.4509128700168,-20.4111106941589,11.7334746873432,-1.17646513971897
17.9467416392851,11.5986799786663,-17.939103430581,17.2121189133491,-3.62932060916047
21.0044318133974,14.0385236993701,-18.2499562903145,21.5141999062829,-5.86678860690085
23.4700769296535,14.8585492062571,-20.2438697025114,21.9080906637293,-6.02060164372604
23.5276217648005,14.5389970751692,-18.9294178750537,32.0705754602098,-9.48461848794256
28.1606257576021,16.4266408736468,-20.3646662896295,20.8426079037952,-5.241140454954
21.300957594418,14.4120971332749,-17.9705912599627,18.8059065760322,-4.99155584358519
19.9213240510472,15.9220162103134,-17.2138326513442,36.8270528536401,-12.3971373797158
29.9576630017869,18.8074747325063,-21.2913761658656,33.5520046448065,-10.8180148324097
27.6287733324438,15.7339864623594,-19.1968537897739,29.2871124173007,-8.70706537638816
24.0842236168376,16.1904881919345,-16.6768472812141,25.1457233740585,-7.35202433217225
20.8228813281656,17.5356784179872,-16.9990813356904,29.410030253954,-9.42065311853971
22.9258381226387,18.5099260945459,-17.5523540971818,39.870186259362,-13.3988777133745
28.5148934943843,18.4536669886142,-18.8835666923821,31.4629408689933,-9.95838577878489
23.281766917042,15.9478930396979,-15.7082657898159,30.277295369408,-9.58179954566118
21.8007076899094,18.0018037750481,-14.9970382054575,32.3294030557561,-10.6210559660886
22.1389579099866,19.1779546198539,-16.3071870671464,33.2329664734985,-10.939950793863
21.9322646656783,18.2873768266213,-15.4694494156388,33.052071765944,-10.5901450574566
21.1116521811923,17.4875570227378,-14.5121636613017,26.4106395366304,-7.94634455616667
16.5575745090691,16.8407725053581,-12.6230748123819,25.5522468584164,-7.84953695061656
15.5575273274935,17.7865784996966,-12.4087108081334,32.4703586355473,-10.6088816625518
19.0558453239358,18.4884170066017,-13.5998169270286,31.5176403631497,-10.2288734790351
17.6956027991966,16.9588766323266,-12.4775794281437,18.0491963143536,-5.01643584270913
9.57669533041574,15.1406570798976,-9.22741925539487,18.990275413516,-5.158167615604
8.28320177282276,17.1058527337647,-9.46936248721045,13.7367972096178,-3.33046739926876
5.04838386683855,15.384754367939,-8.99659728860346,10.6683116308704,-1.66514247091905
2.71314473907521,13.8482366063487,-6.93037964661021,15.1102927569402,-3.91840461659398
4.17156877530183,14.3327118769715,-7.76440125813798,-16.9451183663145,7.63131492413991
-13.1478515440259,8.68726269399505,-2.19748047104893,-6.08376234086084,3.69086843811471
-7.84951090083975,13.1666099250571,-3.63435136835913,9.89293775088335,-2.22730786410992
1.00411105294748,12.8280532003911,-7.9300448815663,-15.69460325371,8.06712276363552
-12.907190133674,5.6219846377213,-0.185298570364674,-11.0154463537319,4.59255798334568
-8.28215392643237,10.4984577844712,-1.93395454396141,9.37665831660781,-4.34186385894307
4.33982766806048,13.763208687911,-8.05343701138955,17.6376181676723,-7.47387375579147
9.87308724162029,11.704799253705,-7.71068858960654,7.42630912160541,-3.16236244302931
3.870437259614,10.1090039005566,-4.67290693545825,8.17911495937047,-4.05988105107744
4.14621837710666,13.8818851674395,-5.53812860716688,15.6801232479766,-7.79803548885161
8.63098504591082,15.5451352966812,-8.79691849141707,20.9413106603907,-10.1843712511117
12.2486553933765,14.1590853793787,-8.65762447654353,23.923695530971,-11.3409695566883
14.0320267479551,13.9012633632026,-8.28661415664233,21.3645009704408,-10.440202583454
11.4498444258334,14.6713427949608,-7.41571727025838,10.0714348303062,-6.85086222159984
5.02337546952444,14.4579669214439,-6.23483608828632,18.6178764098794,-10.2937999867079
9.26173624860194,16.5003455583076,-7.86242278550299,26.8239861953505,-13.4964322819947
13.8778014006659,15.3205051528731,-9.14886435530729,15.2178774798183,-9.18169762780113
7.66960701745288,12.3857402978483,-5.28511298466183,22.4246148900506,-12.6485040373511
11.9019297909412,16.1275625576408,-6.80344460239698,31.2401121249107,-16.4584707212716
16.6832517448139,17.4742047219795,-9.35123364677952,32.4522345892996,-16.7478104717262
16.9809598080105,16.3375696495484,-8.05215157437903,28.6349106832762,-15.209102833251
16.7814677796555,15.7133104812209,-6.80028502900683,77.7288582044487,-34.6806559401642
44.7700402432705,25.2184233139319,-15.1842193649487,86.4267683081967,-39.4079531715517
54.3542427347816,23.0049928543719,-17.353766081168,115.400741486904,-48.9134371888319
67.9301999895562,28.6349559998544,-17.7513465660699,137.169421325473,-60.7591637287545
82.5702155071542,34.7942703382443,-25.2775568571044,123.023906052562,-53.1397051879115
69.3226859535289,32.2484258086511,-19.9435583452123,153.067234877203,-64.5980267418878
83.204090324861,40.8119953225964,-24.8482406887814,127.231386083233,-50.3267091751746
60.230205190402,33.5996275859421,-18.7998492026259,98.8528582351438,-37.2574069422896
39.2444526435022,30.8636545848965,-8.6692461289185,89.4384220218743,-35.0860672288511
32.6644917900209,31.9944065659024,-10.5516716182936,124.538621656049,-49.0319839196102
52.342954862818,34.6774928994356,-14.4924680470738,120.990707658341,-44.2749134978308
46.1434652209475,27.3041359727204,-10.3802784894474,77.695917645198,-24.0448996983853
16.0073199737719,22.7199674313177,3.70280098768217,53.5491841116427,-14.3777033200069
-1.61499058119327,26.7203613866145,4.60331198756241,65.910083426581,-20.2489848323532
5.2515045279742,27.7136611121641,0.75882134213079,79.4714752603616,-25.2795540307203
14.1194698310052,21.2036246522903,0.422390375627931,72.8853656742025,-20.7687044671934
7.52595639848498,16.6319815570973,7.15563407378983,16.2842161001014,2.60466080770248
-27.7968211306962,11.9712987377684,17.359818419514,5.99217603193856,7.79856773309926
-37.5980016101387,17.5831880686486,17.7971417167253,26.3554189141934,-0.262302488145319
-25.746261305958,15.9784659123298,10.7745806081956,1.81107755614896,9.73786389613202
-37.2466545620976,2.4785643829056,19.8687385618704,8.67869302740764,6.50517075222091
-30.8391539316119,5.8334323915636,20.43715044466,16.508482633987,4.35446917731459
-27.4260302379852,8.86046031252864,16.6337449591964,5.33978729603978,9.42493874214502
-34.1024253921206,6.31663205007074,19.4677908425,-4.41747269118561,13.2034529347709
-39.2072751455322,4.93199382586701,20.2697174209107,1.79898999592318,10.7097703444568
-34.734048454683,5.2929992756048,18.6147165122043,1.80215666126181,10.9030533076135
-33.7635359616167,3.03944460807274,18.3755304393579,-2.2165382316845,12.8719859400843
-35.3106058132061,1.80593087956632,20.02307096048,-6.45268712050612,14.5692807665683
-37.1881138636333,1.94599336590435,19.5714187237006,-4.69197340050045,13.7146749944695
-35.5041705702463,2.53158930826721,18.5427710715597,-6.30153722782021,14.8024765409093
-36.0157606040538,0.711418127528186,18.2654420597719,-13.6761856347966,17.8755244085964
-41.4362257255865,-1.13731694417806,19.9316367785192,-50.7863121680347,31.5124207651573
-61.0230779472448,-6.71442777925085,24.9704160804915,-43.8189503718188,29.4122860867392
-57.3239651380599,-3.50093747424758,23.1351872776118,-23.8625711751867,21.5740126731151
-43.7573505720661,-4.25088445769521,17.4409697951668,-46.6267036677337,31.3303025468005
-55.0818560728485,-12.5119584377289,24.3918201805397,-44.6251722852943,28.6708151282168
-50.1498604227475,-8.1503387732132,22.7178346011183,-27.1720975807042,20.7044298393776
-38.0257334655357,-4.31162658412199,15.605853755283,-13.7973320293931,15.7665924222729
-28.789462125013,-5.53635474469096,13.9494859474394,-29.525034213027,22.7526971062764
-37.2339996304412,-9.36896963252066,17.2713182950881,-33.6821435084853,24.0492655417706
-38.8443316823537,-6.32572474302613,17.2443217344101,-27.4913511321498,20.4174165317645
-33.5579465806713,-4.49494883055245,12.3887163340425,-17.1454814301526,15.6265295476451
-24.9867118579281,-5.54101594831007,10.6298133855247,-12.7678593179902,14.3766787855861
-21.5143388452862,-6.95574581375484,10.1887318290506,-19.936967492118,17.5371408377663
-25.3354212252586,-6.83248755997353,11.8982549980947,-26.6701411404218,19.920040762942
-29.0109343089735,-5.34815956380365,11.0223782658748,-25.3976322388512,18.4804004562031
-26.8068357664578,-4.9737646495363,9.11860373454076,-13.7919289348865,13.5652288847716
-18.3599636336861,-5.22458446759027,6.48193407348945,-12.9254025470018,13.9341852038804
-17.3742203227312,-7.21514232855067,7.39526434036484,-22.9624009954913,17.8954983102568
-22.5759892063623,-7.3953637797324,9.2364634032844,-22.3675053287421,16.7555338526043
-21.2212205203531,-4.51919828646676,6.91592460625668,-20.7669546186176,15.6376629883523
-19.3351506430674,-5.21024253224192,5.12469393821372,-14.6716369933674,13.5001370152554
-14.9361218108516,-6.07141860510416,4.69985026370489,-20.9750897665723,16.4042301937211
-18.2634984675891,-7.85162746279329,5.98690793940888,-25.7668475901159,17.8124420132749
-20.0989420862823,-6.76913380280699,6.5105439536461,-18.6683024629378,13.9956732826584
-14.5226086523265,-4.56984841137198,2.78484899923023,-23.0719485111216,15.562604778378
-16.1244610390206,-7.16972074134348,3.45377564289302,-17.7334976911645,13.950834614692
-12.8790551017589,-6.41380757626284,3.2362480727473,-22.4204651235264,16.0818941277337
-15.5372460323547,-7.18548364084631,3.11288422701513,-41.0756220275096,22.4622960596929
-24.8364161469545,-9.11761507432349,5.96563472416572,-22.7789286787399,14.2948385662304
-12.7740195321627,-4.56528661231786,0.958871277331038,-11.3703303748518,10.1145036640289
-5.49336046847453,-6.31435702936483,-1.50864360872264,-23.4855542563673,14.9855591678387
-11.357095547611,-9.48826542531623,2.79451758702356,-25.1328247001886,14.6314420782151
-11.2515289728539,-5.96917303126883,1.59027348169583,-7.688754625082,6.90123479463522
-0.304007328503549,-2.07206311155434,-3.66355046531062,-3.92375318053706,5.05063741274689
3.09645807764567,-4.46608489209079,-4.20784013393488,-1.45405978286031,3.93903746469802
5.33771196099788,-4.2060816120108,-3.29733558806559,-1.08026884134688,3.48378839255305
5.5832970278886,-2.24968888638421,-4.51539436366709,-0.272233831735551,2.86877015425431
5.98779999086718,-1.5091479212004,-4.99772955714499,17.1068147590336,-5.5642862493626
17.9483605698611,1.28513620503657,-9.2979714091636,29.4261423362521,-10.2075089878608
24.9660058670952,1.26519966897159,-10.8718078347475,20.9929974749233,-5.54440332771348
18.165447801066,0.125549229333696,-7.31827893287181,10.8746329493938,-0.953154441582231
10.1854229626799,2.04418041056919,-5.7538180912189,6.46854203219527,-0.328262161465988
7.7596950503468,3.12993604126321,-6.82394002651899,21.9164405505958,-7.29846855961325
17.7117848736196,3.88843063978202,-9.738986327876,30.2107838262223,-10.578374806242
23.0728598072806,1.97542918500229,-9.95236448641215,22.0799828556118,-6.64564139289394
17.4013664874801,1.30148008739653,-6.28777336338842,21.2950743022074,-5.91741735681972
15.0641431549876,4.94637329317687,-6.74617077277634,16.321046639967,-4.46793668878031
14.7033848735266,4.95462590184926,-7.13396765758565,76.8129248223426,-27.5646967072705
48.8265015113888,13.5485861368407,-16.567163452526,75.9747504558797,-28.7595950912069
51.1843290344652,7.60018516086389,-16.297898755192,47.6546793063655,-17.4641103471208
31.9262324172299,7.59075986604555,-7.03380004031762,56.4199517907184,-21.5322129948347
34.1630375175661,16.8730128568383,-13.3287006688056,41.8364603880326,-12.578118683856
21.5650800140356,11.5308339210768,-9.98248080835634,66.0548550865798,-20.6021955281039
33.7595636484431,12.9113244882728,-10.6230188319887,34.5478149512203,-9.47998608132824
17.1857160353691,4.90530311627017,-5.51084400112903,42.780597617959,-14.5677660600959
20.8006289934798,11.4161328821512,-5.59786162421608,6.99773481975289,-1.14551768269117
-0.914826118179347,5.21179003450353,-3.87459448435889,7.13093670779174,3.86702510006033
-7.79825169433715,5.46458301334251,2.46253309555489,-3.36003364185466,10.0548069482508
-16.6717436387829,0.912374138536801,2.35894225725382,-57.9851118444308,30.2831789338559
-45.6481020947723,-8.84141323329407,15.3542078081989,-16.669310046599,9.15816236258584
-14.4562575694091,2.46389283400564,3.33855536697901,47.8058558908795,-16.0323259791105
24.6562718123583,5.12460230438592,-8.87641229431488,35.7672730449747,-9.07963955693205
17.8277917586583,-3.43178062620376,-0.171262455492205,-12.9281234341826,11.4788458584894
-13.3984760099129,-2.01795029209847,9.71595710482648,3.28440082155982,3.43077034513146
-5.47681198082605,11.0774755313736,0.260791117905971,18.179920951358,-3.98703050380659
5.11140173920307,6.72317521470611,-5.84967982602235,29.6106385458825,-8.41956291194213
14.3770807023425,0.574117064754896,-2.13503965924927,29.6993600536258,-7.4274483357115
13.8592636173854,1.37519851215339,-0.727866149384244,13.4319139557237,-0.582954386729955
2.54810102257124,4.56903287940546,1.9807893248515,12.8491674529859,-1.00804428141597
1.13918452404335,8.11980312806679,-1.04789103245982,22.4681927652079,-5.45301577039422
6.64899348892448,6.50155525287695,-3.31817793754448,13.2026981908123,-1.88143778695017
2.40879292211004,0.800886519848225,0.162800375825284,12.0272403309462,-0.448533965575631
0.646887602109366,2.15775594324567,2.27047291598204,10.826678388279,0.31028037281288
-1.18463138038516,3.9459236650772,1.04829509408906,0.0693944306595129,4.110069114849
-7.14363471793605,2.21583688169275,2.847877631023,10.0848320697379,-0.656073207346225
-0.211947691375991,3.50015828511267,0.560040638625049,17.7252180970609,-3.44882665745588
1.39053367908763,2.27989851977962,-0.414774570534207,-39.7868354599987,18.1777057309688
-30.4041115487036,-7.34723927958673,10.4168903972971,-36.844078938508,18.7118441243818
-32.0254763224112,-0.844440543370735,9.97719049447165,-8.06098339428119,7.53843074571156
-15.3274848461092,0.482849500765048,1.38373986912796,-48.3606123387686,23.5456645062118
-36.2773859245661,-13.1494293620333,12.5375677429817,-33.7370410768142,15.2660251861405
-21.9431017367903,-5.82791943269543,9.8673310108371,24.3902204934884,-8.04400748319539
12.4688817220369,3.57782362264569,-4.69587790103875,29.1240144100488,-9.821753132924
17.370587260808,-1.44067777030495,-2.57130321398429,-0.305323664454138,2.87786207509258
-1.31808366383148,-2.91245423039022,4.55454039748203,12.4352189017325,-3.24828565589119
5.20497061671491,7.02423594853215,-1.19311299709411,15.3897941431697,-4.41470782622741
6.04816890550202,4.98445235012865,-4.67373401759615,19.345996672462,-5.91677985926621
9.32665585467125,1.80012519011547,-1.83197724520591,14.071717515472,-3.45838270216998
5.92963496250237,0.681259216729077,-0.918727396266525,12.7349079282734,-3.10771930095086
7.65992888161797,3.42506979828226,-0.0727155077957544,57.6501942262728,-19.6255344366463
31.4761297249789,11.6595050310812,-9.23258075238512,54.2120826652205,-19.6471288112255
32.0402120518932,6.76702614802578,-8.03063026930358,33.3937415634941,-11.5404028886445
19.5219669753192,5.90599750324319,-2.21381759085254,64.0733187276109,-24.0878304842614
35.7966959691211,16.0456568926714,-10.1974676675465,53.5635706785394,-17.7712972189544
26.1886890590836,10.4814892863277,-8.28533123708345,33.8428937623945,-8.97998604790399
13.1571446406294,7.45593852715156,-0.656606222493727,25.4579761532443,-6.03903561086058
7.30744311178916,8.83926215826251,-1.55236046710965,39.0409602505665,-12.2060277033186
