u_q_m30,u_q_0,u_q_p30,y_q_v,y_q_delta
4,4,4,213.527745560991,-75.6306799475329
117.78121576368,38.0678748675696,-28.96935405546,29.023175031084,-14.0965097209563
24.6240473539011,-6.86640752321023,-1.10625664970752,-4.05727304466257,-16.9239898338572
21.4730283102095,15.525916638714,6.21398423421476,270.860836498722,-131.591609910099
181.632757872612,64.9760271070601,-70.4564581276601,301.366776415668,-118.482287091894
172.612469873502,27.6583454164556,-46.9625233198824,-9.89985609705202,22.2245673907725
-32.772709232493,-13.5345701971096,32.5728075198467,-178.550051290649,79.8469333188069
-135.625145386025,15.9090594116565,43.7415662051169,23.5784168829093,-19.0500309207371
-2.22921208118903,48.6261712201094,-25.6700713840295,193.577089757437,-86.9119879657717
112.974203508173,9.36828799995652,-39.5885131322844,137.256349255557,-49.7834120788095
74.8799508502341,-22.139317451699,7.43643125218246,-31.79328363714,25.5949610782006
-42.9369876898641,-0.699256956820987,37.9711252711554,-94.2654725849001,44.1753225973526
-87.961664960384,30.7871252131932,21.7140012837779,12.7563028441642,-7.55984007326364
-15.3752484297373,27.3717454954627,-11.2773387390473,104.348593846414,-43.1746913781797
50.3682087857535,-5.42801831443758,-11.0553032391247,64.3404243155102,-19.6399855275862
25.8982480741163,-18.4131927308204,17.1445901671416,-26.2044008874594,19.9187110812251
-37.993420300973,2.44563287643496,29.5969830184804,-42.4029593229354,22.6426212084822
-52.5772435134826,22.0677973452343,14.6770028424026,13.3172140136667,-3.83037897631551
-14.0743511002481,13.4224758746988,-1.20016521862952,53.9779724180945,-19.0588869838404
16.7687157403799,-6.37627128207074,2.99411561835193,29.1137438922728,-5.19979793107657
1.37014025232341,-10.3308894290453,17.284859979384,-17.113806696346,14.743207897014
-31.5394727750175,2.4828284519215,22.0847189284251,-23.4174626558012,15.2244924581437
-37.5278027714612,11.3717474342451,13.3923495753809,6.33975507614582,1.43353613743216
-16.6206659775729,5.07575281372731,5.99192514878606,24.1211886849122,-4.89084969318406
-2.40767850397033,-5.66898217777273,9.05836314845925,9.0566218480561,3.22392127944819
-11.729307907235,-6.77128640030814,16.5060787024572,-13.5598792422988,12.8859259163695
-27.746619194467,0.375087816198451,17.851321018252,-13.898741955252,12.0940709480128
-28.8527461862264,4.3861711383244,12.898603196221,1.19767234818206,5.29088932489921
-17.8963139714182,0.260698993339754,9.42301777284498,8.21721188856409,3.0036559824746
-11.6835072514916,-5.18399491603512,11.4753694596148,0.506046253645348,7.12689841671015
-16.3586293030603,-5.06947986749577,14.695604821588,-11.9197111816639,12.3036243470186
-24.6741007550721,-1.75934066338329,15.11094394258,-10.2653504195963,11.2053418013691
-23.8426736428769,0.0946184492466782,12.2417448184771,-2.2990355556922,7.71128004188614
-17.823280413432,-2.41085418526602,10.3780871543191,-0.285048994329329,7.32007811023495
-15.4735390138309,-5.27286175814382,11.7290306850573,-5.55977046360929,10.1318672596982
-18.7489036442925,-5.07755582303748,13.2867226201599,-11.9739927455591,12.8998632545963
-22.9428811758561,-3.44073732811143,13.2573007024945,-10.8630240521121,12.2761169312142
-22.0695560743423,-2.89841556755557,11.611006893259,-6.50448162551673,10.2611582404466
-18.2739112726829,-4.4044809252779,10.5441371143617,-5.35054135038298,9.91773591118921
-16.5014485316052,-5.78730411263483,10.9673821415175,-6.62856228624442,10.8973953587184
-17.2425037825875,-5.3886306772354,11.3484679895998,-11.6322269634434,12.9744837748067
-20.0824681011358,-4.98376975996947,11.3759800417932,-11.4893378014222,12.6901713912809
-19.4905308176464,-4.53578726894691,10.4138606605346,-8.72029010842076,11.5512277168645
-17.1704220128636,-5.33344769804057,9.43817160268979,-10.0792508319051,12.2166212653995
-17.126213375853,-6.6323694062146,10.0263858224386,-9.40535723065182,12.0812634642911
-16.3361821199758,-6.09147558697508,9.77941571505308,-9.10919633917905,11.8420167562692
-15.6618745684061,-5.60987337674005,8.93334215031412,-10.0688067456706,12.0431760373197
-15.5180003441158,-5.82807844360858,8.5776636517555,-8.41416653286009,11.4910518389886
-14.1962086428506,-5.89005112644576,7.99611788513488,-9.89192121929272,12.186901220397
-14.6030513393424,-6.49414778299921,8.04392641617881,-11.8058043925442,13.0295415340273
-15.3845836141807,-6.63178401816041,8.15956694185443,-13.9995280122412,13.6467649405596
-15.9908517132157,-6.7782806921115,7.8295516934104,-11.6195634002775,12.6013666626746
-13.9806584938744,-6.49420887359632,6.98245775561441,-10.2570702137036,12.3235887879491
-12.9289516780959,-7.0219076715103,6.5586300176791,-14.6376187994207,14.1693431724809
-15.0497810712522,-7.90370526237241,7.43087733493921,-15.4635393921168,14.2724624719778
-14.9432868854421,-7.22060878249086,6.74525179703755,-20.5654711757512,16.1968120460272
-17.4776697609576,-8.18152629341,6.87950193388862,-16.5857959307653,14.9174473421113
-15.0505389609687,-7.73838475379159,6.22235017030175,-19.6353427220748,16.3981025982028
-16.5122782136051,-9.23105125506794,6.18226942091191,-34.2983394543791,21.9406772852728
-24.1232809204524,-11.3394101108787,8.92270508683257,-24.673636880441,17.8563123959396
-17.99564224405,-8.34145578825584,5.75476943240384,-33.1511867591367,21.3330919548983
-22.3264269766225,-11.8098069099082,6.41915960258046,-34.1812345794745,22.2027313909661
-22.5614929921883,-12.036782457187,7.9152546257676,-34.3772446016147,22.0710008233612
-21.8524489293076,-11.8147651861333,5.74542649473436,-59.7074073439403,31.528796341504
-35.1579958851064,-16.1139091065419,10.0838079998262,-40.4550125640791,23.9811709814823
-23.7116123315156,-11.2834911137939,5.6713658200533,-44.400680444299,25.9703840940641
-25.3091837403711,-15.5495148978968,5.13545614743878,-56.6226027640081,30.7267030154225
-30.8835163488938,-17.7134425793265,9.48032819567726,-50.5562550309525,27.03415932405
-25.3720749428563,-14.3042272452717,5.2789280204654,-43.0747455858844,23.4309597843928
-19.2867741099739,-14.0143659274748,2.97080247698006,-34.9936858369568,20.3191148589804
-13.5078880612133,-14.3302696218093,1.59639897187482,-41.9993257920585,23.3539333581387
-17.0139325478472,-15.560391155734,3.11490046788888,-43.0366458476092,23.3462308171067
-16.8870149547655,-13.3591879773069,2.24692192389635,-37.237703996648,20.1303231935015
-12.4383216065974,-11.924534931233,-0.795242640475881,-32.130829170261,17.4248119823716
-7.71331326447087,-12.6584274883411,-2.0161892300024,-28.2706739191968,16.012935548827
-3.25538970853977,-12.7254071406801,-2.43257964534819,-2.1165578798827,6.53649751597236
11.3131658062784,-7.64690638765942,-6.7525995367182,-7.65221768743889,7.70013529037325
9.7327144230838,-9.09097613170854,-6.9672253945475,-16.5554344584393,10.2954376517387
5.39619389605064,-7.89996248897193,-5.13707105368223,13.1711570071449,-1.88824474716842
22.4129153562563,-1.20326245037409,-12.8524176034425,7.85530154971623,1.55725066842799
17.8871528045926,-5.92340681043338,-10.9708364333744,-8.49615307824674,8.55921929576492
9.77507853103663,-7.2126330543131,-5.61488235603724,28.3503098498762,-5.66727909026029
29.6433769546595,2.4241241345022,-14.1314339214489,34.0869127850613,-9.60604812904263
35.338420977916,-0.107438333389902,-16.3256965937862,21.6118330865689,-4.64157636565187
28.0691356629015,-2.10570675719536,-11.2680886724796,48.1588009360392,-14.5745572395799
41.3162801339551,6.07068065193233,-17.0746501572459,29.5217594741392,-5.22941065869907
21.6973800238936,1.33788986477839,-13.6232690779046,-76.8014400676044,34.6860654552975
-38.7319031173529,-13.7164515901705,6.1085111667966,-63.4392961871637,31.0327289162578
-35.7567195920759,-3.60991062193103,1.64894970832546,-7.59957878892878,9.31806168688794
-2.26211225636454,-4.32875608831952,-11.2935171918805,-76.4276681162395,37.9984968426887
-39.4949208719294,-27.7054076559958,9.39338341873341,-66.1435101160603,30.467642501105
-28.1403192950541,-14.1491889155481,7.95732994298902,-22.1305470640968,11.8635149252432
-2.28501160607337,-4.4375202527562,-9.10076324651028,-10.0526107219984,7.41855146076932
6.76502889629023,-10.0469138189586,-6.75667859854328,-35.492086260289,18.6404194810695
-5.65057159859935,-14.8635264804033,-0.808471282279604,14.9889854047887,-0.673717497169046
22.1585487238812,0.564995262819807,-9.68367854018045,12.6437722918618,-2.33255282625839
23.7592432971703,-2.40333594798155,-14.9462975366898,2.1197905471203,0.522370111371127
19.6817496969636,-3.4951987101688,-8.69448605369477,49.638340000885,-18.3244048864629
46.0482576944624,6.9656976814103,-21.0272922161677,30.1516302440332,-8.01748700576824
31.2900164754268,-0.203607024015562,-14.7667310317468,3.40047247804768,3.22895991371618
13.7106503125177,-0.289581547611581,-7.84382216786884,1.59883110981307,2.50347267866597
12.1963138640502,3.86029059579164,-11.5947621789534,23.7376246290006,-7.43984485195535
26.3724874815346,4.53304858611391,-16.0748331903996,34.324016925522,-10.828010817046
32.6541919463418,0.717233923292438,-15.34908517585,20.0898978239093,-3.84469261616773
22.7907214978674,-0.793979027381947,-9.59304282336471,7.11239005000354,1.57716850353552
12.9660382198286,2.91609213544547,-8.56268140681366,9.15788907171675,-0.0159416010645772
13.4955283344233,5.11009051969492,-11.1678690476089,18.6142879796666,-4.18795629555373
19.5329274927142,2.90167069881473,-12.5950922171683,21.3820255277962,-4.86848473095661
21.4491383141729,0.248440869040261,-10.6354762593431,13.2531151769337,-0.896276797432055
11.6299469671279,0.367605393179757,-7.95380512108907,-60.673468329837,26.6031906941257
-30.7009431443321,-8.16905901302144,3.35320917680974,-48.4415118919095,23.3053976905793
-27.43722677764,-0.79661455049538,0.595149244355577,-12.1049715976238,9.31881002421054
-6.09637722325606,-3.03172988904564,-8.48335219067936,-74.2048909155954,34.0946101168544
-38.9773586469908,-21.5340370896833,9.0146317888782,-56.3137390329257,24.3743500627501
-24.9679645753711,-8.92322015201808,5.13054953485679,-22.1071596148248,10.077089636368
-4.62187915707533,-3.53594906772063,-7.64036569707386,-21.9752063568223,10.4675725356625
-2.85977459687069,-9.51117715897776,-3.21154401469403,-35.7594462517996,16.3543609035487
-10.7146824100066,-10.6841483376751,-0.451979047417855,-32.6068151181277,14.0768956930997
-8.28940484757141,-5.17305890354862,-2.58369840809754,-20.9485085424179,8.5485340027043
-0.750203373200626,-3.32304752874001,-7.73078722927937,-14.1249520408736,5.63370393542978
4.39479521983696,-5.52969471180425,-7.3638558721649,-14.6834884630568,5.5989456951579
4.94359977807264,-6.01693578551589,-6.96592313862829,-13.1414800053338,4.91798959273025
4.81333021469776,-3.62402593843236,-7.19721549507955,-23.6949830460983,8.02873303554552
-0.693712539508911,-3.90383763324666,-7.30908900758605,-19.5446731024883,6.59194875396251
1.07320734061611,-2.81693032180216,-7.75731352106526,-9.88169614429462,3.10246287485119
11.2467196889061,-3.31587395606185,-9.81992233363115,58.6361770558465,-22.327439367405
49.8794662913063,6.65157474946342,-19.3941506531245,58.1508667061038,-25.2195123697348
54.8881156791123,3.35768367621041,-20.5799595276401,37.1610494108662,-17.3427241118197
41.6864050369949,5.68863112919252,-14.0989620889208,99.674030779855,-43.4904341906295
76.3856970665612,22.9917994690529,-30.5946269022636,83.0200083090738,-32.5652660317317
60.7119839867804,12.0528676484323,-25.6399215044722,63.105041655323,-22.9957946287982
46.0273336149195,10.9835016030879,-15.3736065133161,47.3335676122219,-17.0403153897849
33.8367043039897,13.6692340610295,-16.9711053482087,58.781770372791,-22.4528660407108
39.929185043084,15.7175610169732,-18.1213727314577,72.6017182710445,-27.6076955817424
47.2382423796054,12.9516183573253,-20.4624080983128,67.2744290193296,-23.3631612142979
41.7526819583243,12.413616961764,-13.9635561285107,23.1056328807023,1.20903278345309
4.84035305288712,8.20586978740437,-3.29574603975545,-52.7866799219516,28.7436840275673
-38.7155814031023,2.53386233143461,8.66464561636444,-18.8984466427429,8.06711502052999
-11.0324114279735,10.6305629524022,-4.63092591389494,79.5698925012948,-33.010337205752
52.40294133654,12.4598129905237,-21.951929651096,74.1801571178294,-25.2329218251824
46.5488722641178,-0.993860534852703,-9.87691178611008,-1.61267859217805,8.847301185971
-4.56951213999711,-2.71106689751424,8.82642240804749,-7.16655139970381,4.08877491756089
-5.11246550495382,15.5344848898679,-2.74164072621131,90.5780151426505,-36.1121477612944
51.9901420709426,24.104802504209,-25.8957218268731,96.0000474007639,-32.1151431960395
51.9014043803963,2.96078213093381,-16.2011712569415,2.07698959737645,10.7483860945868
-9.18088137938874,-7.73243191901878,11.7130201330379,-35.8211235775405,23.7768977582408
-34.7239417671796,8.58586426189338,9.854276292498,5.53607279238908,3.56244205858777
-8.70996650428666,15.2638511817266,-7.15721556274165,49.254900730428,-14.1595508885401
21.5099295819996,2.86316389167511,-10.3257118453999,32.5339841475951,-3.67652531930205
11.2807660995703,-8.18289136400293,2.78160941054209,-8.01559567793989,14.7679129046113
-16.8614480546873,-1.99706881843195,11.095007394542,-24.0349117534898,19.8101679565944
-28.9039803313495,7.03549358272582,6.26278681264865,-4.68085874733597,10.2567958446391
-15.603640121827,5.08656854338465,-0.65366998201927,13.5929653531719,3.28751971119028
-1.96910531535701,-3.96511708837357,-0.1931647233397,3.91780159221746,8.85157359813159
-7.16476976977404,-7.50416985073443,6.54026655998547,-18.3019764628565,19.6174251070446
-23.5369784296211,-3.39057415110725,10.0496957926515,-32.2593703326332,24.226974068887
-32.9829594723988,-0.271420198841215,8.27952924252045,-30.3829399004363,21.509968896525
-28.9990193936627,-3.27108146185294,5.36829755299656,-6.89286624907984,12.4347626017222
-13.1191488063932,-5.91475501645095,3.10644479395883,-6.52247784922816,14.0190082255765
-12.8673089121657,-8.78994423237514,5.69167847528903,-34.2605142803053,26.4288853090325
-30.6543009076856,-9.04179734843903,11.5621151349456,-44.0064737130375,28.9499255225309
-36.586934418317,-4.52711177608916,9.27583763764226,-41.1979831890554,26.3971808835542
-32.7935204564816,-6.40395415988318,5.80914078619357,-24.1270406874508,19.8083708124835
-20.6719946399603,-9.3514348337386,4.48029777446496,-25.2324025647873,20.8655632116354
-20.3673840140859,-11.9638129195568,6.18275293421779,-50.2946212696869,31.0633007087942
-34.8440508730083,-12.5119677256606,10.753728950395,-48.5537909456889,29.5844802370462
-33.0138372767221,-7.5325974606728,7.11786542030763,-24.8945042997224,19.6858820961168
-17.7454990435256,-6.6658410325662,0.707726643436711,-22.7926899330996,18.5396006943873
-13.6604552911964,-11.9502526007596,2.00863965908674,-28.2334562660124,20.8743514486865
-15.9688235069805,-11.6686457768185,4.28123505718241,-25.3324675898803,19.5588617848351
-14.4614015231492,-7.06730935315266,1.48110147895478,-25.8843724594086,19.9589554071629
-15.1469732132218,-6.95040822793502,-0.0139625091863325,-26.1146038314909,19.8985146374518
-13.8879596230477,-8.84369587513123,0.0288463243721218,-17.8045266211661,16.3323647144114
-7.76582111396841,-8.43004431032517,-1.56431343526372,-11.7593929140691,13.6915825481384
-3.04964395980568,-7.70521421411854,-2.86150976555817,-14.808871636404,15.359862643889
-5.13553110080971,-7.53041897789934,-2.31978995841394,-15.4157199825927,15.6690521430661
-5.69149175050238,-6.22599506828648,-2.89017578648037,-18.9103689063711,17.029476140483
-7.56666859404998,-7.03269931060842,-3.22504357283163,-11.0050166982987,13.3208068782042
-1.74975560423803,-6.20964452641638,-4.77844629145342,-6.12245587806461,11.4832353295089
1.60354466842399,-6.70655373946393,-5.92872579562019,-8.88209377871277,13.1463246816486
-0.308476521881518,-7.44465671676582,-4.46585699526951,-12.0299125572373,13.8987894900182
-1.69786314499621,-6.32692697653602,-4.98689946281976,-5.72729313855916,11.5239067690973
1.95539176090004,-4.91513789124434,-6.74771472546552,0.571023567724168,9.66694159599272
5.14108700003877,-5.35361635652195,-7.76029325999912,-9.11121404755972,13.9609446991898
-0.669243001515152,-7.62747461032916,-5.12011535496537,-15.1646356717476,16.3434636954869
-3.82126462881855,-6.96063016929177,-4.48386841033404,-1.1601373163245,10.3084574696764
4.78483900760502,-3.98365301030888,-8.37777603213501,6.86524460732547,7.51240422606511
9.80752670390622,-5.30573826006715,-9.51447895216922,-0.931115950340335,11.807541087786
4.26171833840078,-3.77232948810165,-6.39525793918101,-44.8464196215073,36.0681539409185
-31.1108052376467,-9.13802856467552,3.79919543724088,-120.363258869654,62.7269542384276
-71.5973457766495,-16.383313128751,14.3996541669922,-76.9256052919845,37.2146851397482
-35.3999905273342,-6.9467057756095,-0.885504746333303,33.1707187851941,-9.2497867321919
37.1414608726218,-3.2198522775575,-21.931108127976,33.4365444859457,-3.64350911581161
35.6110413556367,-18.8832775599936,-11.1331079595442,-24.5718306438248,17.1287687478264
3.66618076320094,-13.1264777438352,0.475586085678574,14.6163952486779,2.59806510658128
19.1297289077044,10.5980802746233,-16.4954733147608,29.5826066758119,0.112927511877036
22.2286245692473,3.57463199170172,-21.484586582875,-51.0521347090805,34.1045163019223
-24.9672476517602,-19.3520071094288,0.868135849454433,-50.6181856148402,31.7596614512769
-22.228858387481,-10.8463447881973,-0.226712764432462,-11.9549557260015,13.4477050304577
3.67628001377506,-4.36002073306869,-14.461033820743,17.7515209552486,3.52013336749711
21.4490805101731,-8.00353022286436,-14.7430929646964,-8.12262665837171,17.5244077452666
2.96653802381647,-14.3592668547189,-6.90601901546519,-77.2367786343162,45.5179407600047
-39.7480675499453,-16.6690084848832,5.2945866959406,-59.6099019382558,37.1166456391522
-30.0884087357624,-5.9280060182657,-4.83525899228673,-47.2465629954971,31.5559291940605
-20.3146379716889,-14.3993038591807,-9.27629734508104,-45.0621483939657,32.1989692936044
-16.6877856962998,-22.319997556168,-2.59655279433189,-56.7056648746191,37.7748754180597
-23.1296692082873,-18.6775897254972,2.54509992073216,41.1849019513535,4.1223509476736
27.2142796405429,3.29956654698059,-14.0682822098045,-67.8984996446817,39.1371322170647
-24.7186440564512,-20.7989480085666,-1.85602846285618,-20.7331386623059,11.284481105245
14.2378678175638,-0.398753412390186,-12.0136970922618,-0.83029788474901,3.72234449165123
23.9152400633703,-4.29246815707,-28.5545049953464,-0.159496584961945,19.5663343721786
6.38255273246405,-11.2100231401449,-7.48193713615321,-138.819611581008,82.1993213347172
-85.9873010613132,-29.3740939678084,14.6736898216067,-244.21505941941,114.574503226497
-137.850574380457,-28.9514215533822,29.6981815421313,-80.7846762463363,35.3042774008094
-23.4601476112133,-3.60662313358,-20.0599751809938,64.3698391584712,-20.8060978084028
70.6213010084834,-16.8167721502828,-36.1784386765087,1.2806207358135,14.4787861900012
29.0278351252417,-36.8128850036192,-4.69207056939757,-125.466150451871,68.6115714727315
-56.2790226758569,-20.7858716803973,15.9440997127456,-130.012289086514,63.5170653889612
-60.4773184227176,4.08638390135122,-6.73371843520417,-38.6140673341906,20.9057934493187
2.89501670344698,-2.38573901915963,-29.9523506304287,23.7371952109424,-2.04645890726463
47.5279930466054,-23.5191318938963,-27.3342565911983,-22.9756405499875,21.6090241628514
18.4143483904266,-28.7026212273662,-7.04115265672128,-80.8450602876184,45.3440267711332
-22.2085292590446,-9.5414617474795,-3.08070461128852,-67.6680785589165,36.3333526653626
-15.9646710273223,3.99229072296398,-19.5271569410122,-21.3586531833899,15.2274450051044
16.7168669912769,-5.94149448015171,-29.1542850482679,1.40880058035597,7.11534009744032
34.9407563864518,-18.1784918504331,-23.9896255999375,-18.989296812895,17.7398361336954
21.2971415441127,-16.0817248196278,-15.6030898584338,-46.1510451709611,29.0096470421133
1.03405418385326,-5.39718551427655,-15.1258491382705,-38.7441969771684,23.951626092566
4.91749596660203,0.0789000279074688,-23.2045994538408,-13.2494647243077,12.4488862317158
22.8426669894913,-5.59529637876035,-27.8839562727753,-0.0962740304045588,7.67843086944118
32.9690068195103,-11.0446086493236,-25.287382467909,-10.5269132959737,13.4558185080238
25.1374528280635,-9.17607742877771,-21.0323885195375,-27.6885733263881,20.8204918456874
12.0326153357151,-6.04149298045666,-20.1127285364079,-8.07909815764159,7.93608047891681
28.3951146001275,0.0053558237122458,-28.8597471696301,51.393441545844,-14.5925023080707
62.4594943173837,2.70705158905031,-38.8056036147412,36.631862973561,-3.01558252991351
48.144573172555,-6.80186030777129,-28.83472699123,-36.1568599143688,28.7306128053111
0.0817564394690207,-9.72865266177752,-12.5596173955918,-50.4939961675566,31.0426839395127
-8.47629227375414,0.705215791545909,-17.77004920091,-1.09306560693109,8.50703995918821
23.6492238613072,2.69109791156809,-31.4299167422738,26.4098710082546,-1.33128645283561
42.4412632954724,-7.91072305263074,-30.0596448498471,-0.158902721603883,12.4046075910707
24.8514298898275,-12.3982513377215,-18.186379696755,-28.4076481218873,25.0319383077495
3.58221289869688,-3.86721639801712,-15.1083613949815,-37.2264641381223,26.6611809640812
-2.5013440001388,0.69604719480292,-19.9845328957212,-12.8770044707617,15.676694179011
13.9853648912434,-2.19779285301764,-24.9442278004682,-1.41056949174612,11.4559803380197
23.1295445450028,-9.31617773255836,-23.3747145961691,-12.7699256784077,17.35503118035
15.8371346787931,-9.30511490790978,-17.3029420434624,-21.1008302590878,22.3108966594032
7.09766531222832,-3.20408467503043,-17.4482448163928,-41.4816352155287,29.1786005394097
-4.83360191125908,-4.09233948751514,-17.0570026110154,-27.9277074592584,21.8777670095818
5.77725420452142,-4.0502386342189,-20.443392662666,0.861713749444588,10.4004449359682
24.3582518895465,-4.98552508557054,-24.8013695128546,-7.91368175392512,15.6395612168571
18.4332661358928,-8.54858907351371,-19.5329256212511,-29.2594068242108,25.2895415519553
3.50390020578246,-6.09062237923748,-15.4367150094841,-38.1965809360299,27.9356301744312
-2.59283442850456,-2.76499278197468,-17.6450889676766,-26.1696781163437,21.8243732502213
6.1540905504117,-3.25752981122868,-21.3162271278816,-6.90000964196865,14.7174784116354
18.4749260638725,-5.85354272022892,-22.7842061759568,-18.7430217098807,20.2773306321157
11.693931393449,-9.06576345078019,-18.1292451018835,-32.2127664788335,25.7918531797277
2.8219200399295,-5.74195875459738,-16.1312483840563,-28.5922921331213,23.5703200954056
4.60779464128096,-2.10099972129504,-20.1755455182212,-20.2530568503478,19.9388006450696
10.0718318274746,-3.99953606286458,-21.8228114744313,-16.8108746492045,19.0694198075959
12.7173838223971,-6.78900012010043,-20.5688902050499,-28.1587149549392,23.9618860275517
6.02199591541881,-7.60683120003178,-17.6723518102205,-30.0481027931037,24.5116561162902
4.51044036150327,-4.36596191827277,-18.5151648304346,-26.5761886462228,22.791576313153
6.60618149486418,-3.80187048530054,-20.8674800089545,-23.3854628956123,21.5751664619687
9.07930301555098,-5.53527841165662,-20.7018452826795,-26.0403035439468,23.1622102589597
7.47031868479149,-6.88812671282615,-19.4301887456773,-32.1037380715862,25.6715595713511
1.95935363730226,-6.40774216376017,-18.3025066603283,-65.0084290913149,37.4350596044753
-16.0107644751363,-10.2651000043371,-14.2140864114882,-53.6860487829743,33.6944639451311
-10.6074116279575,-6.8632022734426,-16.3649407435134,-38.4071603517119,27.9608921630719
-0.896985485426324,-8.66925214424513,-20.2113747751646,-64.9194726498099,38.829934375176
-14.921537631815,-15.9443613014886,-12.3550520671202,-58.0089497558018,34.3622634641065
-8.53279597567503,-9.8357364509093,-15.117350832774,-41.3159179628051,27.0021439679907
2.20796940433708,-7.00708493693181,-21.3267019305688,-29.8694388105247,22.9839364651603
9.56320259887453,-8.37666886134316,-21.5781080477649,-44.1379679506953,29.0643932060987
1.47552208830738,-11.0421795584959,-18.5288838467511,-47.9172896314186,30.0236865021129
-0.439796496358154,-7.59670290781256,-18.3788154620874,-34.4114721388945,23.7479781824313
8.14358853956014,-4.46871753256021,-23.8716487062035,-28.8304017285831,21.1496216168351
12.8506593303476,-6.64629944542749,-24.0767660313651,-24.421463918372,19.7748320233911
15.6793859363995,-6.67752709492589,-23.7751774573301,-30.2554277342686,22.0914664941671
12.1790280800344,-5.83307976737264,-22.9932387429823,-31.3436935636278,22.1182177820252
11.3944564149717,-3.59154204564489,-23.8145647785512,-19.5515786280692,17.123138638505
18.4246497690087,-1.95006627661726,-26.9047286758383,-21.4958392249565,17.6924102597494
18.0996369352494,-4.46959189406584,-25.9706927591978,-16.3916195188572,15.6276009281279
21.2889970970076,-2.8547397943319,-25.9164096633247,-16.3289286943908,15.3774837327635
21.1339972716416,-1.71820845259204,-27.0117305768389,-17.4510971389664,15.7182000073669
20.2601146737826,-1.04769451681869,-26.4477245027102,-6.71472796068174,11.5811117819371
25.9836681836875,0.790005022963693,-28.7976223946811,-12.4427032531133,13.6596456734628
22.9389470179641,-1.21756011136852,-27.371914489066,-12.9402932959825,13.6461433265671
22.5762790252017,-0.0193103484740313,-26.6170790950101,-0.693368778259848,8.65288857814849
29.288555336373,2.77850125930262,-29.6758769013514,-5.24955028531523,10.4396458614779
26.5718580565437,0.891174999871609,-28.3161729301272,-2.435942672214,9.33799026260614
27.8101908728215,2.33500685845485,-27.9842671709548,-2.45033430922529,9.15586812011599
27.3987519389718,2.9002028496181,-28.7979374323524,-2.64764214430193,9.22519210129704
26.8263186805979,3.10732586801956,-27.9611668183174,4.93945517430609,6.30317889409845
30.6582462250593,4.39249653532906,-29.3757975826411,-1.22946076295253,8.71371202192631
26.8597755328594,2.58470942585935,-27.6388444332199,5.54733643897845,5.38411778911705
31.0930756971226,5.02499375986176,-28.5925511775397,15.4071988213523,1.64116520635231
36.0043891391988,6.37889146976164,-30.8061190267688,9.31807351320896,4.89300929267337
31.0276477631579,4.50461960097828,-28.0282896914412,5.38692037953918,6.58575928536539
27.6847902667818,5.56294589236687,-27.0100706387583,4.884072869935,6.57323507327174
26.6364191886888,6.4393247970291,-27.6043764867417,7.02298196586331,5.78282199535494
27.3420607698078,6.04931399382325,-27.4604417176966,10.2154356251451,4.94259747800299
28.4621361477086,5.64640800036248,-27.0873662027746,3.4259955146404,7.8735126602799
23.8314119074508,4.65508951692375,-25.0617105379257,2.34684184971339,8.30925888413444
22.4534022827321,6.00362631625192,-24.7294649075467,3.7317043638626,7.63900505561368
22.7541649086399,6.30294950906684,-25.4969532135296,3.67211368411233,7.82691403833174
22.3334578383986,5.38966032069555,-24.6478590470686,2.24876716277966,8.81409285980311
20.7459258069888,4.91296646109064,-23.7037554551081,-2.77508286041542,10.9944736635336
17.1250735453298,4.71504538810102,-22.4401974420454,-5.12258914643654,11.8538781992159
15.3343564246673,5.01977750959525,-22.2234373596641,-5.04548730428291,11.7190078226276
15.2443867910531,4.69202279511489,-22.2772440031197,-3.04402748762324,11.0951234576854
16.0673317666088,4.27047126233687,-22.3426359172147,-19.5781276155948,17.8747429591396
6.05381571491488,1.24396967377138,-18.9248458433123,-17.7771216569746,17.6623568013552
5.99711022102341,3.30657275339931,-18.8371519305373,-17.7597192294586,17.7172419253858
5.80509556457947,2.39189820155812,-20.1062887482245,-31.567882895323,22.9458702253217
-1.42120323130583,-1.10912679055327,-16.4061550062154,-22.109419231544,18.8423791655728
4.43736500405508,1.47873695858063,-18.5279473576029,-22.0957574759209,18.9250855715953
4.6594055580549,0.177418404471904,-18.9735346313705,-27.2168154566363,21.1963021820397
1.62125644051602,-0.802893121637705,-16.8793373513742,-29.8022436507742,21.8496497404701
0.564957176795413,-0.145739183175284,-17.3663419151907,-26.2019560905583,20.2285955653345
2.99680958709988,0.531180022769837,-18.3709123991302,-21.3400197111398,18.0294839032452
6.54196870819885,0.27104117741575,-19.4495527550466,-24.7092663747011,19.3596880512097
5.03360424068757,-0.856078251877492,-18.2554647884208,-20.7107120910492,17.6767857917006
7.5120687657112,0.934555552713101,-19.1484253990361,-21.0630743786324,17.6195315987923
7.49656460428135,0.996382747948611,-19.8281785764583,-18.514796426448,16.3390697840848
9.44491142966334,1.3797423000775,-20.1117771618608,-15.8441172542385,15.1182324650877
11.3559547468041,1.53041316190641,-20.9665630852166,-14.4768612938185,14.6606158797443
12.139022542879,1.67871356754102,-20.763586747084,-13.2826637194039,14.0621531337968
12.8817356323507,2.30869687726945,-21.2545262006759,-14.0484671811226,14.2273331310287
12.5388491127932,2.43205166547838,-21.2006298488208,-9.12956517177687,12.1114661011387
15.4745177206583,3.42213244287842,-22.2476787138528,-8.00115356023701,11.6789976377657
16.0758483351425,3.10921629628639,-22.389574609922,-10.2566406556577,12.683987621278
14.5288210450731,2.84719263487999,-21.519675467368,-9.31068262339325,12.1113141554171
14.9914722678376,3.77915628106523,-22.0041592166827,-7.20801564087534,11.2556414683735
15.9589526933529,4.00304121426326,-22.5177586774985,-7.39750445570021,11.3026717790082
15.8128375974344,3.56818790411327,-22.1820029262585,-7.36062924532684,11.4537492624007
15.4635173456986,3.70830487832671,-21.8689745647369,-8.5108163875749,11.9767248853423
13.565447326532,3.63275433724031,-21.6521808952398,-23.6621487741946,17.0924622388516
5.57255149978611,1.47413832786981,-19.3797201257252,-15.4004563841325,14.2822197066623
8.75429696042034,3.73667313136364,-20.6725555494444,-20.5704728153374,16.6570665495356
5.45391120894202,0.682132721233324,-20.104209924638,-37.8182584268712,23.6050656479894
-4.42559532795755,-2.19177776887608,-15.4215445264541,-22.9537723332861,17.0670032707516
5.24167629377317,2.12814936289875,-19.4169484364492,-16.9455550218283,14.99526556467
8.78358403005417,0.708485441716847,-20.7608552186112,-18.9794145169026,15.5764978860913
8.65331919016148,-0.451413050824335,-18.6995059229131,-23.1693588912503,17.0375678673298
6.31472950744909,0.536759321285688,-18.8314914624747,-15.8284952607244,13.7842229330408
10.6606404389081,3.07057103780112,-20.7112310103531,-14.2348213943586,13.2834195397867
11.4472877846404,2.08360211845608,-21.4934235874464,-16.9214430876337,14.5139464721732
9.95028734807962,1.10776790923111,-19.8446343411084,-24.4110131249582,17.2002626653299
5.68977343029723,0.835533619874557,-19.1825334276902,-18.5162745095487,14.5895270009594
11.8207189260625,2.95486426795323,-20.4756192497702,28.0542008043447,-2.4350340437963
37.3873980491174,9.15958446034031,-28.4882613335045,17.1948503988693,0.632213692477332
33.7799042625275,3.55813248777029,-25.6851177928303,-1.16266612260051,7.12531909771185
23.2494788628384,5.45964458323247,-21.1566712405079,31.9066875742071,-6.5092106470797
40.9575661983002,15.5956861492526,-30.8769907020803,24.0896237538787,-1.06785498839554
33.151814068283,9.09571995890615,-28.4623400383648,-0.425129985666016,9.61028416556464
17.6203243061576,5.02552402731609,-20.1031778471334,-8.12936138628834,12.0539642290095
12.3524682009236,7.77975616687347,-21.0647303514557,7.42210191523293,4.82853992724318
22.3139623833681,9.01263985735557,-24.9705234555135,19.2862950000912,-1.48714972349476
32.0654719074548,6.78207834038419,-26.9312817777469,39.2887909815927,-7.21924405287326
41.5768621027453,6.47808666444265,-26.9083950141869,34.7000755605502,-6.07509076701557
39.15578241142,7.594565530184,-26.445333069223,41.2618414147647,-6.21126196793507
38.0235702176588,12.3292918002204,-26.5598709052867,26.1349422357027,2.69118072744891
23.865537659848,11.6497644668978,-23.9418174074414,-24.2831965229921,27.3020709203294
-12.639299694481,3.07564824148877,-11.433533948155,-62.824356214266,39.1211416091325
-31.5282538573211,-0.0556624939598387,-7.12686611256705,-20.869452003251,17.4090579763277
0.0348484004298335,5.62904600836546,-18.4606106364846,50.8551130493538,-10.8367773333361
44.9840420971169,6.67889563343483,-29.2706120563526,22.4360776020162,5.06198716374216
25.3460599656083,-3.60624946496675,-16.3334171073436,-29.7491592838295,27.9351640230931
-10.2440849268769,1.23619114089082,-5.76422619339172,-39.4102499856376,29.6233183115146
-17.5575158349337,9.88549979862737,-13.2878412149834,-6.42185207563271,14.2188245870203
5.09067354872189,7.73506643830263,-21.4253082757046,20.0002220778459,4.74119581438736
23.1767971759772,-0.795427140486303,-21.1779728742749,-1.5840746205616,15.6195621106456
9.80005756429868,-4.66795271079694,-11.6741556328859,-28.7226414859494,27.2069415029015
-9.25012270262561,2.02333347318535,-8.79620006482278,-23.6498612082623,23.9860676453752
-7.23506915528917,7.78901631021146,-15.1981669538952,-9.29626302543504,17.3203889270448
3.30916938983114,2.89504400641915,-18.5664853110728,0.486312995454685,14.1202821457214
10.8349883187459,-2.2097469244702,-16.2012559822581,-10.5299711855414,19.7857272494018
3.63592121213098,-2.55699871419974,-12.5034123797937,-24.747852005684,25.8848160105956
-6.41534223082207,1.16969048427073,-11.1740347356125,-20.6920821732838,23.9179802659511
-4.65038511845418,3.53753483078542,-14.9056648610503,-16.5893280470892,21.8433093279653
-0.833074466856656,-0.228638534805398,-15.6201648103915,-12.7596638027073,20.6257159165027
2.59869375037127,-2.60842393040445,-14.3730022729453,-16.7313656814401,22.8721782896809
-0.00134894395850305,-2.29629542530027,-13.1733328961561,-24.1827457524756,26.262727711692
-6.86911271190198,-1.05999362527052,-12.4856744015931,-49.9473292679588,35.4561973190621
-20.9219730745406,-4.53601688045375,-9.84138738208772,-43.5439276916995,33.577220137641
-17.7826683939815,-5.22600159607533,-10.9710783000808,-17.252902403001,20.9426852776344
2.00093498567105,-4.4360058316877,-17.1548577859614,-7.16013149499853,19.018446024177
7.16260997537358,-6.53151821699363,-16.0857674567261,-22.4848132886452,27.4862066209823
-4.52502995615451,-6.67232794521645,-11.4708440083839,-57.6491261190979,42.322533612703
-27.5141897530772,-7.23506783665443,-7.10616285100504,-54.9383565807034,39.1215234546278
-23.9336462712431,-4.45144977937436,-11.0619731004144,-31.4117383994789,28.560339179732
-7.00402001970456,-6.63824596009311,-16.7817428427146,-17.3341767870248,24.1921748462425
2.66927700011714,-10.3135737086692,-15.2800302937026,-39.5012145276027,34.5563889014103
-11.2272826872973,-12.0319518910973,-9.89647578100444,-52.1088287850257,39.5622541911476
-19.7299637037563,-6.92222549147349,-9.57437221217744,-46.3064110108179,36.0276063800225
-15.4510039063772,-5.26728309119718,-15.1304797834975,-33.5843425694902,30.564034894989
-5.64055969770461,-8.68719587180541,-16.4371589186948,-26.6011442797671,28.8569716287975
-0.835174847270605,-11.0230424000308,-15.7267032699834,-42.5004254093577,35.9189242061784
-10.3360214948356,-11.437920625007,-12.0779982850238,-50.7708197036011,39.0092250055008
-15.64602312707,-8.08976569017701,-12.8081096070986,-39.2631924408501,33.7474950007957
-8.08187669365909,-6.43347424779701,-17.367026235486,-34.8659781865285,31.9523737414177
-3.81279538032831,-8.71787864729013,-17.6673652304032,-47.3465995668627,40.4935266554998
-14.4020149191206,-12.332734385121,-12.3334436749896,-88.0678226217024,55.5946915310724
-36.6877749145319,-15.3015623703916,-6.48863827489094,-76.1671067089623,47.0429018125194
-25.0929116514948,-8.94408678789531,-13.0128904873462,-21.5512933253721,24.1361285578428
10.1977458611729,-6.01706440250921,-25.2591851950305,-24.2078651609007,27.4505361456747
9.27217475327604,-14.646494939699,-19.7383280719044,-56.1913091134213,41.991108775339
-11.3482109412493,-14.1618383070656,-11.4881916785153,-70.3929287199199,46.4418684205517
-20.5021544984343,-7.08582615193622,-14.7100207121002,-51.4647857733165,36.8663108019036
-7.10599722087533,-5.09105232137407,-22.1635643249894,-28.2451338871251,27.6819305139054
9.00634454373565,-10.058011024055,-24.7359557935863,-35.4057194656075,31.778033731027
5.74622252738277,-14.2703180451233,-19.5835456782073,-52.2472214612741,39.1070533251976
-5.302235938871,-10.6448524701156,-17.0639530907152,-54.3759090867876,39.0438940442886
-6.89179255964691,-5.86055920463594,-20.7680509627334,-42.4501418299877,33.4345907757433
1.52121988794108,-6.59892085274729,-27.5608186563308,-160.615771693407,80.0670421156419
-65.934216185042,-31.2283754966904,-5.51530566430737,-104.826839039108,62.8301316052983
-39.8036777670683,-12.8126711288081,-11.8687935798705,-119.690354033445,71.7082963313726
-50.6572028064827,-25.3850803658189,-15.9322970092656,-183.997922292051,94.0620539511134
-79.3750303191729,-38.2483137761878,4.61221669472387,-124.431108174379,62.6623968350249
-33.736094163844,-20.8076553127704,-17.4307688474383,-29.825419955261,23.8878927577355
26.7442772109492,-13.8498448622923,-35.0839776450143,-31.471339553562,28.3887620919483
25.2237256984437,-23.2080948289815,-28.9549635130731,-98.9895999232087,57.3894171860584
-17.591489478845,-24.4359681274365,-13.5897791295305,-82.885411534273,45.5541297596867
-5.63073307428233,-5.73657326014148,-28.4377819865113,-15.5704392495577,16.8116574108369
36.3453903649539,-1.48968829692098,-45.877936420228,-9.53041649713611,19.6541459210903
37.4621356181848,-16.1958256727629,-37.6514764921133,-67.32213215936,45.0545534933298
1.59846485083067,-20.7816144547735,-21.615532398462,-94.0481838806718,51.5083768991722
-12.4015622597785,-9.63582528361798,-24.7710403183628,-18.6987076263277,15.7269115483704
37.5233314743619,3.41870187875858,-46.7763163001706,40.6664346664218,-6.13747288980225
73.7522827850832,-4.61317223650356,-53.5967694628034,1.08707776253533,15.4535345929389
46.0094469716568,-15.5797944944314,-34.7902532884562,-56.9944887658414,40.4368310281291
5.65904655625332,-7.25662994566906,-26.0249503958973,-65.0347221423797,39.729735284188
0.728019012977589,2.80713740739718,-34.9033135779116,-13.757582866039,16.0974579842179
35.3293446034045,1.19246338685738,-46.847279867406,27.7716768144382,1.05859419995154
62.3687077665129,-7.54823668844391,-47.0367670409334,-7.2909323934766,18.1803427616078
39.535313231779,-12.4288412421129,-33.7680797993329,-40.6334270227649,32.0333323020556
15.3645440405265,-1.55187847187441,-30.3530439550495,-35.3430478872897,27.8563957950065
15.3532859221425,5.37093692526331,-39.5016780177646,-38.2834559534545,27.0440550403509
16.9268441667702,-4.82395054295579,-38.8581308468699,-19.2364269890975,21.6282707823092
27.8547106513631,-8.61944446934771,-36.4667389085149,-29.7478782509302,27.4073184104821
21.5100057910765,-9.57877919146963,-32.5687912977059,-47.1530895847529,34.7996270616606
9.46269240827609,-5.56386089460184,-29.5986098445902,-35.2541516614302,26.9603727467326
18.8587424882441,-0.221514020747845,-36.687463617405,-17.0127327540045,18.7469443869745
30.6595765912498,-2.2495049121599,-40.1034773508175,-7.36300721736324,16.2400349173569
36.0897218393413,-4.85153994377669,-38.2699940377233,-40.1055774247491,31.2911099803815
14.0687689028509,-7.66894853031149,-30.709982410362,-51.0542679686539,35.1319405129427
6.36983567124339,-2.11381679763757,-30.4225623257508,-43.4756337278918,30.3161307413733
12.0548141855911,-1.35516311897608,-36.100043626555,-22.5833226109705,20.8444496455832
27.4582860603402,-3.7232052659571,-37.8403576000582,-13.2037566688992,18.1694183989166
33.0767496611833,-5.43600904499816,-37.2854020150662,-28.8119357287052,25.3092358411351
22.6129940415848,-4.62417530139814,-32.7591227989707,-40.4167303705512,29.5998389419843
14.3060136863037,-0.724032838545149,-33.2962872368994,-28.6092758305608,23.8490464712705
21.5666638809509,1.41980602613301,-37.5017690087971,-20.4597714149533,20.2521070040005
27.7004205272698,-2.30121735135357,-38.3837281279247,-17.7217600552873,19.5838062835162
29.7662127027212,-3.42849522278561,-36.0370368903585,-23.7054067547334,22.4252361435438
25.1158267718664,-1.60653108392338,-35.2241041547641,-29.0682117596374,24.5000112273617
20.9494675689514,0.493953770522002,-35.1248074602268,-24.8806083109347,22.3531433749
23.3200380413033,1.04335656452428,-37.1796030751218,-19.0353935478678,19.9244463583174
27.2623117229378,-0.45754778479846,-37.3751016692491,-19.2777623720225,20.4246609207876
26.9418927729174,-1.39995064751782,-36.1551258054304,-25.7236270868729,23.1930636834028
22.5055068145133,-0.727787923776101,-34.6509082847232,-27.2502728559679,23.7047041331674
20.9694755539607,0.958130153445668,-35.2912627330935,-24.5182051700072,22.5411195937033
22.3102468921042,0.863977898756185,-36.1390138671836,-23.9991297529623,22.2860490481913
22.9250388356014,-0.535365384010576,-35.590926558938,-24.1058067976433,22.3362314739838
22.9489289675468,-0.449698324210491,-35.013199426377,-28.1936503213721,24.1407535672071
19.992683469436,-0.199046205098059,-34.3483759264541,-29.2785725360176,24.6146337689968
18.9455484877597,0.550919297934667,-34.3645261775713,-30.5350733478525,25.0866920974413
18.0499705520842,-0.0240516535932924,-34.4190344339549,-29.695152422986,24.5535051844667
18.9215475967448,-0.412812243153814,-34.1585086839374,-27.7384269230725,23.6016458948508
20.4230104623727,-0.14384163309527,-34.658288293066,-32.7408791889188,25.7738919167466
17.1995996514882,-0.798265569460762,-33.4555486496583,-32.4267137967209,25.8006972138964
16.9540776661456,0.219029115158609,-33.537608637861,-33.4604425641267,26.2466075334107
16.1565184355618,-0.13553561635125,-33.8351866999721,-39.289054777471,28.0916506609873
13.468283718846,-1.4038966827045,-32.6144291667546,-32.1611598510518,24.9654790894874
18.1078854203656,0.213258900811065,-34.0892621573595,-27.3121700475187,23.3740673427566
20.6905431988357,0.128909542577046,-34.8942679544119,-34.3065491813546,26.1995279066577
16.7159966492653,-1.07295211854191,-32.9143213316182,-35.0602101566051,26.0022841854574
16.5566324985583,0.552396884177957,-33.335758102398,-26.3837497319558,22.3241147809202
21.6746799653013,2.07197730923461,-35.6713809343925,-26.3657539894375,22.2583533614722
22.0559161538108,0.641316215483182,-35.178419900513,-25.2324881966682,21.881645424109
22.6976393350882,1.16470349469774,-34.638539923273,-26.1078838353885,21.9523142922311
22.1632643667062,2.0259029992996,-35.1284282328358,-24.7384188484898,21.1517205785773
22.9834741988227,2.89637433028311,-35.3872988581881,-15.0148752179944,17.435145431464
28.3016554452109,4.11905702463059,-37.1839262612074,-20.6663610447863,19.5617932732828
25.1723931669662,2.32121448293077,-35.700041075147,-22.4974055929893,20.0198159975295
24.071856754825,3.46170699730566,-34.889672554278,-10.4788742500108,15.1045235408673
30.6770680138968,6.22149318196767,-37.9505963969486,-13.253044377602,16.2088504109021
29.0031925938532,4.40207729395387,-36.9343046655137,-13.3288526803537,16.3710719005995
28.5417037426115,5.01634354586142,-35.9191791893409,-13.7438107234106,16.3587134020706
27.8344867039852,5.8779685225339,-36.5531844277503,-13.9159809859504,16.3002680750828
27.4266563745121,6.12702443708557,-36.1578718849943,-7.04368339525493,13.7172532796374
30.9160147428147,6.97062622599371,-37.2516478135772,-11.666806417954,15.5367712764169
28.016907299261,5.58945035705345,-35.8023496229524,-11.3180970322215,15.2651106054732
27.9295688624463,6.74951378387253,-35.4320385272042,-9.01398045236838,14.1725431750956
28.8756495163766,7.56419174328219,-36.4328715915871,-8.45205925906343,14.0402465192618
28.7950745947702,7.26849240538175,-35.825542998606,-5.80815251474349,13.3037547282102
29.6147542157542,7.60047108438004,-35.8111316604341,-11.2953263720127,15.3777107225397
26.0241457183495,6.91601484680174,-34.5546645767017,-13.0788594726599,15.7332735695845
24.8559612863237,7.59886152998578,-34.1861238593287,-4.58793507248033,12.3551442331206
29.3587429237697,8.92811096253951,-35.9126721626755,-5.87464260231211,13.0862521667722
28.1069566749739,7.43646472959383,-34.8893754264437,-12.0480725600617,15.6803211799575
24.0167574867885,6.99889540652052,-32.8677068646701,-12.9341889448326,15.8498623333216
22.8873793581919,8.27416301876756,-33.2410820596298,-11.0609307626913,14.868403801257
23.8402049711936,8.41708984809925,-33.7335365442741,-7.83065311111228,13.8011899533741
25.3993849679214,7.88948246230259,-33.6215676095249,-10.6883295644744,14.9739398383797
23.3375019686201,7.10943757648078,-32.4114056472043,-16.1080579114329,16.8670295923427
20.0542969098733,7.28674417406586,-31.3794894573981,-12.8028733099476,15.4419915202723
21.5503787158025,8.61945418913207,-32.3598904772602,-9.40091209807247,14.1814537151586
23.3013019912919,8.18106934678308,-32.7615913150583,-11.1487753519076,15.0987017531011
22.0427752042003,7.1593754432646,-31.469060684185,-13.7311237457184,15.8651053817713
20.5575580798324,7.53896720076808,-30.9072017665663,-11.4676195422223,14.6247589169821
21.8277488711712,8.70529795264713,-31.6756845302099,-5.07398502214481,12.0813656505664
25.3351983236663,9.23606424108672,-32.7479285848473,-7.59100173965056,13.3153163107944
23.5684417983465,7.9419100602337,-31.5519251803111,-9.40308155204889,14.0586146883426
22.1293281085379,8.52510305663471,-30.7244432631552,-8.63308665440837,13.5398813319922
22.3175927041688,9.44420711092533,-31.4264789756738,-6.03089448502996,12.4391832106724
23.619696631816,9.47255287626005,-31.6558607973126,-3.79120008067432,11.4788012126875
24.8919810747219,9.22701430825551,-31.6863736028577,-5.01808381689,12.1084974411895
23.8369875547882,9.00716732510312,-30.8852730325698,-4.08621531823954,11.7744821121756
23.8611481951407,9.92021426960309,-30.9430982794026,-4.47554052223424,11.93785318927
23.1390911592739,10.0164228337226,-30.937485163663,-5.26916242865622,12.2654382525456
22.3248828056412,9.59619336140067,-30.4291034754426,-3.75214477632496,11.4084138177319
23.2564421225965,9.79881381025626,-30.5832107525016,-1.09738715621727,10.5315217291644
24.2992669679257,9.96927198718988,-30.6819446066943,-2.60317919060766,11.3142512979046
22.8921874175611,9.68324378223879,-29.9547586531373,-5.23646346962464,12.5787237633882
20.622043256202,9.7539051933757,-29.1609316921575,-6.18155052672746,12.9452827006204
18.8782113302108,9.67798550381594,-29.0682821197827,-17.6912040639199,16.5961561281626
13.0422640186958,7.56919256601847,-27.2976875829902,-8.75890732957269,13.6345875884372
17.1979346350706,9.36933853212802,-28.2751621238987,-5.99385069159229,13.3847565631565
17.785522573909,8.08223921275442,-28.5587053602578,-27.3692191650355,22.0414876879337
5.19660151169869,4.42633201236775,-23.2767577481772,-21.5778455294548,18.8616244515615
9.11962111891132,8.21149905167496,-25.3885077005521,-11.610429936528,14.6142950865872
15.2365488019449,8.21733432572655,-28.4538626548007,-10.3852422957364,14.5565540275197
16.2086315577829,5.93975531702595,-26.5414335958605,-17.5761581121974,17.7996875764457
11.5260814049491,5.55951154920372,-24.8486554328935,-25.4030667670606,20.726677275384
6.54209570396978,6.60418688601623,-23.9818600779788,-20.463055168523,18.3904336649056
9.44875530625933,7.93825726829913,-26.0537222143644,-15.4568470856554,16.3574671451821
12.8499609934616,6.42189248714269,-26.6669466685955,-22.8137968425934,19.2834104594328
9.10875879610447,4.0396244880792,-24.2581249920633,-21.1929951179812,18.6797850463643
9.83842832721015,6.18668074446051,-24.553382686919,-25.5358979952574,20.5003604925292
6.79855276433117,5.9041798625653,-24.7797691395461,-26.0136198173983,20.6596392427433
6.61480380702966,5.56833395241784,-24.2016610766352,-23.4035084324163,19.3002229812873
8.7616138873406,5.29003862392705,-25.2955837958204,-29.1996553307614,21.444892047543
5.92348546640498,3.76651446873084,-23.6882771064663,-24.0981879837474,19.4859602569138
8.84641228871562,5.51025783304634,-24.6512317427105,-23.5204326528069,19.4184831777184
9.01410363212873,5.19724207202593,-25.0889704800058,-26.4365635880287,20.2753120549218
7.90075882643804,4.60606455430733,-24.1839115740147,-22.7252902682222,18.1843547921371
10.9420036467219,5.74947892268748,-25.4501617385532,-13.7539519215411,14.5532095876006
16.39309281549,6.78284302277624,-27.1055982132414,-15.0153623643788,15.090461101383
15.9245330130394,5.95139266581725,-26.5186451966292,-17.2443324308718,16.0743744663054
14.2974446778941,6.59384506841057,-25.671442195333,-12.465062345465,13.7160608826419
17.2317728971528,8.35248633570094,-27.4423025635054,-11.4705963206434,12.8459074248722
18.4720291956585,7.93065065187693,-27.7582377534867,-2.4301054959613,9.36922171533512
23.6336984379867,9.04311404067321,-28.7230503588685,-5.42175541520774,10.5633959975903
21.8600156785675,8.25240043956717,-28.1038992975327,-7.02345039811945,11.068185060511
20.6278312087598,9.45234092762683,-27.2890659330688,0.819927159415786,7.82087535503206
24.71692576158,11.3931600673665,-29.5554507955444,-2.5478629480589,8.982199883776
22.9606878839729,9.76019413199421,-28.5097639672255,1.00013918732057,7.51992333118014
24.8497794050829,10.6927688527077,-28.3659294108613,6.65518334614328,5.18873655603314
27.8105643946918,11.8232902842194,-29.6386153954696,2.72393440486266,6.64524287533272
25.4175311774786,11.2014456203715,-28.3598107671049,8.40187269910388,4.54792910537535
27.9231603747525,12.9838164428241,-29.0689447989869,6.55507365894064,5.09567974602944
26.6537630666126,12.3581143167486,-28.964603060459,6.52362957144388,4.95740877892472
26.4015009912148,12.6918711647459,-28.0749013179529,14.445672430541,1.87647621651629
30.3832255051302,14.1473061498303,-29.6023840910508,8.27392774694645,4.31099815315071
26.5480009124245,12.5975611638044,-27.8149583544582,11.6924678758764,2.89514669877412
27.9994998444099,14.2444756913524,-27.8619825833579,12.9887314915919,2.1230024608937
28.4640460205731,14.4116902751796,-28.6326630754376,13.2112614919977,2.0596880479049
28.1984493617084,14.2387793032314,-27.57247184751,18.9712718583298,0.0693104229123405
30.6364273416705,15.2729340408566,-28.2918833958334,11.4357407654991,3.0154631933263
25.8367187816742,13.9518872769498,-26.4317947206583,11.7124300719305,2.7246325002363
25.4810171559407,15.1731919297887,-26.0414833315977,21.463391884099,-1.24351565424597
30.6551493130416,16.5774009304988,-28.1348207507985,17.9161824904015,0.268776194944763
28.3159323719149,14.6511348371243,-26.382086119814,18.9083938422813,0.194230049642144
27.9598090037313,15.6611592536222,-25.4988545460188,16.0006066678608,1.29562377978944
25.4614349712552,15.9347223347475,-25.4176014751755,14.9589014550043,1.59972291761289
24.3337611745847,16.0862021446151,-24.6403019385494,22.3229773118123,-1.11480603994096
27.8799113711837,16.7823751755034,-25.7422965048505,16.7170310999693,1.22155889391864
24.2898982094451,14.8845107234509,-23.7633831402726,16.9147538619178,1.16827823906385
23.821980301108,15.9866659865877,-23.0816351613965,18.3395279535237,0.455484094927423
24.096031890292,16.6256519105288,-23.8547751432983,17.9038468257126,0.747978192851756
23.3004158013354,15.9922609792631,-23.0244668159516,17.6973221189241,0.997467321567054
22.566869810992,15.7158651600374,-22.5002587373385,15.6544400459372,2.09206668860898
20.6078066014954,15.4835332056001,-21.538521560467,14.2198247748132,2.81005089360739
19.0628728462231,15.5510798326177,-21.0109950685668,13.1021515493576,3.19901411108474
18.0492515871059,15.3111904137007,-20.6060722742688,13.7421965945333,2.90119409711472
18.118086991643,15.0678068044999,-20.3843415700425,13.5658693148806,3.00599723597734
17.745375687035,14.6857587783117,-19.9156285337583,12.7014932317448,3.63626251748766
16.5010686418179,14.5449606099538,-19.2289530660479,9.30048139228732,5.13698527020741
13.9450915281481,14.1492444647472,-18.3805209571594,7.06365876078861,6.01702117350845
12.2854896315044,13.9693170258223,-17.8287129457267,9.45802349027623,4.99925748772153
13.6295606917649,14.0356436636671,-18.1874254789868,10.2211334011913,4.78598733319534
13.9503694084974,13.3831659466367,-17.8670192405212,9.66621416639721,5.14838606353905
13.3725997772952,13.2038801015393,-17.1812853605094,7.4220195894383,6.1749108334718
11.4610144784368,12.4483973125771,-16.6852170099131,11.7225343481828,2.93231987668971
15.7276217081726,13.6056392118767,-18.0993946841915,28.7448543835598,-3.05718263983631
24.3768399696725,15.366750599071,-20.7951452510312,19.0971551830361,2.56414869223527
16.4894860729868,12.1670945380377,-17.2346848133701,-7.89358581613227,14.2015840815586
-1.24707602512183,10.217863651893,-11.3656457938497,-7.48741574440426,12.94671240518
-0.897963417661986,13.4612169204737,-13.7479097778763,2.01191668381977,8.37446696652548
5.86350485669715,11.8633477432389,-16.5463045604718,10.8136255960638,5.2999969654332
11.7506235298464,9.28356609567117,-15.4908784203018,1.34763082365858,9.98488794663998
5.52769408561328,7.77742899299655,-12.8719952691006,-28.3647735170022,21.9858633534408
-12.9432117519704,6.61039932984988,-7.87230894781185,-17.8085290592664,17.7985598996998
-8.0047179829627,11.1710536078681,-11.7655715150145,-16.6508990581621,17.2896560978654
-6.50912157274123,6.38670392716807,-12.7532532785542,-23.0442108642,19.7461764338006
-8.39390157027838,2.47016725533265,-8.5415323213166,-17.254576955238,16.9257335727866
-4.16625734388571,5.23448230764525,-10.4984490974527,-18.9726258364521,17.4023893594427
-4.84525191739364,5.77051346586023,-10.9754650708835,-17.5472882393536,17.0231964635946
-4.21933074521356,5.98795069020512,-11.4016483301341,-19.743822554117,17.8892759063092
-5.13525719356949,4.77931302855246,-11.2182295242781,-21.4325629077028,18.4216851944458
-5.50047301856123,4.31874137931392,-10.7716374176531,-17.4830296014365,16.4096682657619
-2.27570029360874,5.15202293994148,-12.0316201806885,-13.5108003350585,14.6894448440666
0.628854329777207,5.29621751579806,-12.9311756148268,-12.5075911917202,14.217465111327
1.72174952358722,5.15596287514152,-13.0021824676697,-13.252513533317,14.5125105333268
1.41047575885376,5.37631072926726,-12.9859703171716,-10.8514457571669,13.3165122537621
3.13268888023058,6.23091739784298,-13.8639305638673,-9.71962932615368,12.7132919694204
4.18937192323317,6.01947077082699,-14.3768643114063,-5.86241137498982,11.0708504883241
6.80160996099392,6.3828335098065,-14.8836947741726,-5.25741003307343,10.8404468395397
7.24708726400753,6.30801910886738,-15.0955021755949,-6.88958665644333,11.5216373587704
6.26991240719921,6.35656795834297,-14.6070713991893,-3.8419504480285,10.1005973428445
8.15756658673812,7.32586654717075,-15.6169744827074,-1.98843034694888,9.26693996856377
9.33831390807011,7.03540921148953,-16.0341013182963,-1.84975539604632,9.05385810434093
9.70912259842394,6.78061906022457,-15.8237739858629,-0.930786213433414,8.88984215834474
9.87721555787389,7.18652603626954,-15.8858410789392,-2.23757585630302,9.69236651353417
6.72976870218096,6.92189499721263,-15.585011626212,-36.297786403103,21.8728252759589
-11.721651991212,1.63592454816973,-10.2495319976146,-25.8096523418829,18.5422391519013
-7.19854807107112,5.59939164069488,-11.9162622672395,-8.9762272360065,12.5847318546693
2.27076130449207,4.4147377114135,-16.0571723086616,-39.9311621368488,24.6679977561861
-14.0188965346799,-3.75712862485722,-7.62333588241573,-25.5733101627939,17.6246565856568
-4.1313216930645,3.31152981973505,-11.1488145258973,-12.8990312523049,12.4112347040809
3.35408721171221,4.2971126697337,-16.3027882302398,-15.0325576294005,14.1133908286469
2.07657834165742,1.35683017544505,-13.0226594718256,-25.8198985113638,18.6953778441356
-4.52792782952045,0.687317453275183,-11.4397608597961,-30.123480851582,19.6768924558205
-6.50519311398216,2.43061150714629,-11.5157689082649,-19.3220539233807,14.5027419730392
0.882587163214993,3.94337827710395,-15.2701506008086,-11.6971490046664,11.4536938021305
6.27858845085889,2.30062247205786,-15.7083084427228,-17.4359171440055,13.9825960963592
3.23782429476796,0.80825452846276,-13.6910385400527,-20.2339609639299,14.9929846412813
1.49068930849481,3.04232626239685,-13.5123480782771,-18.8556891494546,14.160598998586
2.12020928702309,4.32357266185497,-15.3403823670861,-15.7049176211762,12.4165830253419
4.87437402229382,3.56900860945676,-15.8679327469737,-11.167849522525,10.292583818449
8.41664012393129,3.20392861378901,-16.4269820605214,-9.83986404132796,9.80742485562696
9.3595176203077,3.5266169775003,-16.1595129297713,-12.3701491940422,10.71702293588
7.82787618705011,4.32010667402753,-16.0659675792259,-13.0683875176113,10.7626832651655
7.308291260141,5.0614365748025,-16.4193196508236,-8.77033452910249,8.72170287618166
10.1207510996243,5.39914507733538,-17.5519288194716,-6.16775733274017,7.51722145195142
12.1264112252341,4.94143164843251,-17.7089680547587,-7.04052250527122,7.9879505945667
11.477919899232,4.85700167069068,-17.0278601696683,-7.63027437289317,8.04286717162643
11.0730699999827,5.82977787910763,-17.0860585138806,-6.19717295901382,7.21019147518159
11.872299592659,6.49307997823775,-17.7541014377162,-2.88641205160826,5.45947231538808
14.2554950274916,6.61637629291435,-18.3659837324257,-0.175744920341118,4.13032184832242
16.2540338134522,6.71711695478224,-18.6095092236006,2.08542831229145,3.43118072398638
17.1226712164883,7.30068806345633,-18.5470962870733,-0.718915051853756,4.41045246312187
15.3198094677838,7.4502733183187,-18.0821856307375,0.622367927534313,3.47247287755538
16.1186054743497,8.50381079676849,-18.4348286036115,8.14383596237435,0.23041990786181
20.5107985375854,9.42226236673174,-19.9698137416965,7.00294151054434,0.529843306655914
20.094357923594,8.4310762789436,-19.1394040511845,10.2497572535002,-0.784548047964305
21.6392540695317,9.76342305803639,-19.1347894104105,10.4457819246184,-1.16153821988863
21.4862311878464,10.3884062634755,-19.6227836279353,10.2792593570652,-1.37131107462336
21.305450201402,10.7530627597784,-19.2002620779185,18.2474917092211,-4.46790723847416
25.3548847037908,12.0299251404851,-20.4968374352251,14.4993575134225,-3.16830933546104
23.1536394208373,10.8328639871153,-19.3327020856843,14.3070160335462,-3.31754468838958
22.7285378572684,11.8212535477373,-18.6674465284374,21.6598747238225,-6.57696648314116
26.6861967232657,13.5856930738353,-20.4881832793908,20.8538757702428,-6.34103995648708
25.9345669712775,12.7434096409287,-19.705314977406,22.4254847041503,-6.7664520297262
26.0431852637504,13.3479088081081,-19.080066894016,19.698895341745,-5.78715744573713
23.7996193286686,13.4427546693243,-18.6194626331693,19.8844370675572,-6.1428903711264
23.5199277071947,14.1462586862743,-18.2554997925356,26.0534620296861,-8.56146382225077
26.4472645679914,14.9101200319929,-19.2248625990819,23.0921112606181,-7.40831479444622
24.3850580905342,13.7009242043691,-17.7793949610847,24.2128687223197,-7.94441026792787
24.5184872867321,14.6989939670189,-17.3005423959811,26.9585663674501,-9.26979110279152
25.6154502219623,15.6155659460485,-17.9994602108227,27.1750252908191,-9.43204455811389
25.3344170996157,15.4647217124182,-17.3550343198889,32.4123734653495,-11.2833666568587
27.4874880875393,16.343686604753,-17.6258146420326,28.3322389233925,-9.72749277942918
24.641036214066,15.587470102349,-16.4568904790669,28.1936030895218,-9.80587413147533
23.9308565689546,16.4835673442823,-15.743213747342,37.4164811177658,-13.6329469477043
28.7318515707234,18.1421488528734,-17.5703812117516,34.3049963516613,-12.3907990185079
26.6880210612057,16.5176754947876,-16.0929969407933,39.53686631934,-14.3354449682593
28.911012292473,18.1529735069693,-15.9426533162695,39.0615456467012,-14.1880979073143
27.8933300159937,18.3623765066237,-16.0980585500764,37.8619462012509,-13.5677111377805
26.1930483001485,16.6301963623874,-14.7670268034296,59.3359684151179,-25.664679590293
42.6897021677904,20.8034467921465,-20.1424399144131,95.5762822451712,-38.1673199172462
61.196176689723,24.3358046130098,-25.0416249844293,79.9623898287727,-27.2417733774821
45.3411073780464,19.9633048616392,-17.5051012566354,20.8776157115222,-2.02125328897502
5.91593353756716,16.4806427996283,-5.36743500857885,14.327226543612,-2.26604756890866
2.48705082854493,22.5222227869929,-8.85524599757804,60.3203336481326,-22.5819611964432
31.7742228401949,23.7801814591313,-19.4843247415859,78.33232938512,-28.2312557564129
43.3160780648987,15.4265252411642,-16.4833826405871,50.4438766701873,-14.2816021690188
23.8058955911598,12.5500233286708,-5.8861176820062,23.3024040094351,-3.08986742932451
4.04628274931113,19.1534869719216,-3.33871699970008,24.6716095165856,-4.96211875586987
3.75919393975891,22.4475547126633,-8.31318001787456,44.3000099582893,-13.4945091734455
16.8120123441917,17.963985129335,-11.0461788942388,48.4281442006862,-14.0435477315412
19.9768606989007,11.8942012051561,-7.24749401697215,33.2987980144427,-6.57087556378539
9.37746883106714,12.107874595626,-3.45913412587926,-55.7930593757909,28.5642357474092
-44.8173390143381,3.80870663941818,9.93725713031564,-16.5464942347424,14.8829602654683
-26.5181144264923,16.5305107799167,1.93280248181009,-11.2236083462208,14.4809529759735
-23.7593676273284,3.8745867080388,-1.63472083189918,-57.2942778580641,32.0034391779663
-45.2939882112592,-9.52560909418417,16.1755555944148,-32.6920487957394,18.8994157050173
-26.5205810732213,3.10585476824396,6.36714834500988,8.45452704091828,2.41358798457884
-1.8125632830159,8.61060925052603,-3.45903786716381,1.83844616529734,6.94771395818571
-6.0867725386458,1.56725887596154,0.480039508486569,-27.0583318283412,19.5209026882271
-23.9865336145103,-0.147621925825757,7.88652670240687,-29.4519110190407,19.5050421151473
-25.5153234316015,5.43011254960692,4.05058088940389,-15.9587898799488,12.8467302158824
-15.6767153008183,5.63816872161667,-0.660599265645928,-0.745712249066558,6.78584098317064
-4.72888170490134,2.426708496375,-1.84850787910571,-4.75765781009611,9.22912837026165
-6.60264151620122,0.30051779441617,1.03894666166818,-15.6649438144086,13.9830451875958
-13.7256144896016,2.78093150568711,2.57486969448518,-14.8318892594181,13.4153550809991
-13.8306119894191,5.84899568617367,-0.0768821412539977,-10.5127132150006,11.066514800495
-10.120887366876,4.30403839744337,-1.91759141775406,-5.19380022370199,8.87454865043177
-5.62069824374628,2.14069272039984,-1.68083945708313,-1.07969764999061,7.6024581839347
-2.82864707237473,2.54779450862562,-1.69786006545933,-7.41541725041319,10.3303809142528
-6.74567540488625,3.10461292357578,-0.856360389062174,-6.56383948480279,9.81585988329377
-6.35605282518107,4.93157689471334,-1.98298456794751,-3.47091945791114,8.27009507810217
-4.01453324073698,4.47071801246507,-3.53396493931331,-1.13172647434674,7.38452460494148
-2.01554504666761,3.24592866626716,-3.14914294210538,2.10845225117813,6.41470217522134
-0.0827434943247995,3.603259271471,-3.41781001779669,-3.56748391992249,8.73912050467991
-3.42319361517217,3.38479737144218,-2.50099039273621,-1.60959094015254,7.81776017388228
-2.26463102154735,4.80419066786591,-3.38680690053742,0.867509474332072,6.63355400331533
-0.466783874350759,4.46246263015787,-4.54593008181879,1.41997833479126,6.53747775061184
0.162243920371162,3.59019580418948,-3.91859159288752,3.58373953809467,6.09177189587702
1.10890565588025,4.0023909617278,-4.11454860877424,-2.56128783793548,8.54509149092223
-2.49221948607428,3.4404515204208,-3.18268145898256,-3.18013192886782,8.57684555613394
-2.69378259838667,4.11237417410695,-3.39985351331334,4.47888834968627,5.43308835576853
2.0376745902892,4.76957664798659,-5.29799056268803,3.20218127263688,6.08989077526948
1.57465645962941,3.24262026859129,-4.48089973568383,0.647941379659181,7.57517281386477
-0.345197510034759,3.29705501580649,-3.38027544103972,-4.07830883464977,9.34136093246274
-3.20612084189533,3.55108520280384,-3.29669350832904,-2.81421357017945,8.47008859394713
-2.04369827054875,4.0981393408305,-3.93031029052036,5.01084674635973,5.58279596120464
2.57227312297895,4.15526297089382,-5.37655461358124,-0.220049438406057,7.8136160407569
-0.172644887808759,2.18343050001369,-3.69599541172769,-3.39571926188275,9.10979034390416
-2.05798008049784,2.94512331769525,-2.96595532412529,-1.64098103659625,8.1615826442608
-0.963125810496766,4.05462016926125,-4.40505534407489,0.557797182752507,7.24490107933432
0.52539800694219,3.5942176238223,-4.75844371282139,1.47907100368054,7.225913571563
1.01001810507692,2.81316606169341,-4.44131753133089,-4.216730384506,9.55990553994774
-2.22097902572011,2.1397388593988,-3.22834255993302,-4.64267371375407,9.57594455551034
-2.38824014710837,3.11925720239681,-3.55264879344249,0.544747870070798,7.32461098362968
0.94757614059327,3.66307079528968,-5.11458362641533,0.834969117533537,7.18552612419067
1.62719784446912,2.55940119961682,-4.80138557852129,1.25221216689974,7.36008994126116
1.69358675493098,2.66769789736811,-4.37186168724172,-2.3278278396217,8.77115441905207
-0.409159104388056,2.73768886368021,-4.12683454663385,-2.21047940619091,8.52215876259375
-0.177320330400735,3.37966624396857,-4.44234581583736,4.0768816116838,6.06048857648783
3.57498090344803,3.81674561018472,-5.87674107661704,0.754646819389565,7.42168072838389
2.06834173820735,2.24378081035223,-4.83857909835166,1.81555281585513,7.08930601639278
2.66259248457827,3.1337619211594,-4.7211276136939,2.2478124907678,6.78153745397805
2.94294066514077,3.62191991766556,-5.56473050663803,1.68739547519484,6.98808184940587
2.8629051429795,3.42003347225812,-5.29745327703549,7.41207003239697,5.03349070218514
5.88333608078823,4.08551600628085,-6.27613518874635,2.96989631144768,6.78849058654346
3.55464403763195,2.85756966320956,-5.34853323790837,1.73135882848619,7.19700556647758
2.87436585695656,3.47792963364718,-4.96807696053922,7.8391528718676,4.60408883203029
6.50457395162968,4.71975731815427,-6.80037422099063,6.52027551396229,5.3038990356464
5.81676217794714,3.52751161103467,-6.20082656785098,8.25509773845716,4.98070260215272
6.44981318888386,3.96234474888924,-5.91707030165378,4.17423656318929,6.56222355000309
4.03529157966626,3.63379531457348,-5.62182453885501,4.65397477753179,6.20971548263118
4.38334987002995,4.31806205722639,-5.68742836544142,9.64306318104644,4.24325921454144
7.2547392467833,4.66319732356054,-7.00175515041961,5.6236284675016,6.00598633121421
5.02865956567079,3.13254691216171,-5.64619782274423,5.497073779612,6.12211497526662
4.82395498386754,3.80951989829124,-5.44715650578556,4.89077141914693,6.17654095591736
4.51840735319813,4.03895812859746,-5.95113727163938,4.8550031181298,6.18336320731086
4.60207363729381,3.80774230603489,-5.80100623348847,8.11571810857606,5.15640295756209
6.25034385898243,3.93697306263911,-6.24091336881142,4.54262729656077,6.76160876867596
4.0732238413727,3.03366807333963,-5.32302597842742,2.14640080444111,7.76108806955201
2.52438399773675,3.29989502627805,-4.79959306643287,5.05912175413414,6.52064225929812
4.20606926936,4.00817013614852,-5.83052590495672,4.8634020811337,6.67519429052579
4.20685939107378,3.19727495746094,-5.64599151980879,4.9754660589554,6.91079535788074
4.0936003604849,2.99356332966362,-5.18703655637238,2.1893354049225,8.13021167181003
2.34644664662714,2.8044368520006,-4.81187709503502,1.51223785251897,8.39164212537514
1.89568247117805,3.13217305285329,-4.80345298774975,2.88760178762574,7.8819193378058
2.68873683644506,3.07867251367214,-5.32229343830262,1.7348255908601,8.49014744549382
2.09660471811597,2.30495312274125,-4.79318478896228,2.19791613792158,8.48199399641375
2.28758709609157,2.43650654429813,-4.72425100811188,0.374197494413531,9.21853045121289
1.25568422047614,2.25773332175837,-4.59189884496933,-0.0650415425544588,9.37614668948507
1.12809465387714,2.36026578517043,-4.57604226918015,2.74777592516063,8.43931512558746
2.65427591119218,2.56661354137174,-5.19556415415636,0.311018363670036,9.53894342852866
1.32560081557849,1.66474008298933,-4.58562319851114,-1.53117100708229,10.3405829662191
0.262232740107071,1.69630054137997,-4.17523119083403,-1.10302052819847,10.1394206561583
0.558379555852305,2.00508655337178,-4.69194856729345,-0.910771949444555,10.1906055671663
0.718464423295041,1.65262225960671,-4.70437691394624,-0.59463210064,10.2827166081742
0.872265164357109,1.3567922673902,-4.59822965273335,-3.31348230562405,11.4203124428985
-0.575708265163521,0.901803661441366,-4.13656778621871,-3.179764089611,11.3243957979978
-0.353081544152791,1.29403962726408,-4.37573604578072,-2.55477323814932,11.1203383851573
0.0986618496199982,1.15911832432881,-4.79863515582206,-3.33487775572925,11.630962605995
-0.299967651260625,0.637744598211245,-4.4324798617732,-3.76062956719274,12.0037939926527
-0.601499080945349,0.56675673068806,-4.3551905345389,-6.00228283908469,12.8544813025317
-1.70275926781319,0.307130297776216,-4.16752978698313,-5.48124700046903,12.5401426611498
-1.06390342554235,0.51473279192527,-4.53869594616906,-3.79990834118097,11.9965965618594
0.0136560530073977,0.384123700796089,-4.98927464007688,-5.19940280223243,12.7808197354287
-0.740925977753283,-0.231737503890434,-4.53875222388382,-7.34562214282686,13.7466243318348
-1.95949125301392,-0.309935741891352,-4.25380617363964,-8.83089511821627,14.2516977329545
-2.61446279680365,-0.275376625937195,-4.41369224083176,-7.16997360710895,13.6139405824342
-1.42092547565383,-0.206262701017835,-4.92777236828368,-6.32636054185736,13.4929289059003
-0.819440735670819,-0.704818856859297,-5.02306857579093,-9.457643454961,14.8330621205687
-2.40888899476965,-1.32728718269035,-4.33769574458227,-9.79258239995785,14.886957759108
-2.36206586073521,-0.805232381976758,-4.64860480219953,-8.814450602797,14.4692721802025
-1.57301804597252,-0.74431198640257,-5.30220448937586,-8.58566964120849,14.5219599019528
-1.22101301393988,-1.23650776744419,-5.31576860205852,-11.8708415946407,15.9899371786463
-3.02866379358212,-1.94022511014631,-4.75196021453836,-13.8724927760804,16.862096061212
-4.11302392867536,-1.83880277054265,-4.5786794332262,-13.0552880515299,16.5629163846082
-3.43996659478749,-1.68026794411039,-5.23620395708061,-13.9565053935576,16.9506019459753
-3.58472782856428,-2.42069376966015,-5.13469620745198,-13.9375826411391,16.9326327458048
-3.11786559445046,-2.58846893214165,-5.16039528200038,-13.3716926492194,16.7272738229666
-2.48112480581539,-2.45102204716635,-5.57000932861768,-15.0537844290978,17.4010386027672
-3.16912334876603,-2.72770950467998,-5.49834496138336,-14.5247601754406,17.2542209820875
-2.64351524986071,-2.52876303203788,-5.95561002637473,-20.3007780688082,19.6036535851921
-5.80224219641059,-3.71939636313297,-5.24942465416133,-18.3157567819451,19.0870579506056
-4.66793790858852,-3.12534233585747,-5.54060503137584,-17.9059129418026,19.0739832703588
-4.22003820016633,-3.61876127806901,-6.2299986726783,-23.5432291302053,21.2681827201784
-6.91468974097628,-4.84334437384831,-4.940302897829,-19.54496563988,19.6023164036222
-4.1553352743063,-3.60291152344618,-6.21104571094477,-16.3070137288477,18.3678287223979
-1.87877419816825,-3.68539093421355,-7.79102835791517,-43.3953384854927,29.08677589901
-17.2241438171333,-8.6065744624465,-2.86959745209599,-31.9999103101289,25.330676107609
-11.5520878779019,-4.26551701864231,-5.32140480204898,-51.7057758697481,33.5565848451236
-23.0978822158484,-10.0381283166746,-3.72351913557903,-55.7759554665481,35.2868755556192
-24.4144458288095,-10.4916029530948,-0.688994366886051,-45.6582285053808,30.3922581988408
-16.615176643308,-9.24734519489058,-5.8402382120822,-54.0390615430256,33.0609102778018
-19.1015805020408,-12.5191669522592,-3.31718856398991,-40.9553309010041,27.8532236231369
-10.5409819761192,-9.38511828364461,-6.41930008254684,-44.2393529538885,29.583482582304
-12.2665049554562,-10.6051599002941,-6.56315765686614,-50.9098693708822,32.1934206066795
-15.4395583935016,-10.8480107339663,-5.23952912627386,-47.2952781354063,29.9640285113507
-11.9776766151088,-9.33119726351866,-7.78572424090081,-38.2040485623376,25.6581854627163
-4.89402296246103,-8.96609445429167,-10.1693622585238,-32.2559524229791,23.2133366206814
-0.210352186115174,-9.36386827787294,-11.1121040344548,-33.5420076082557,23.9546171434184
-0.642074364127122,-9.06087896982618,-10.6632192049602,-35.0494500981525,24.4832085203508
-1.45437406259285,-7.51690960374041,-11.3625823983609,-34.2832849669587,23.7006948953575
-0.387697608268418,-6.83797348410688,-12.6922859829406,-26.555232821911,20.1096633622517
5.26116215628777,-6.37890791575832,-14.6015863060585,-22.1869342758454,18.3234316915331
8.56350700554692,-6.82345899861163,-15.2483364316343,-23.5311600855357,19.0953626347571
7.79913562392753,-6.63331647343841,-14.6025379436182,-23.7703503579907,19.0424143187967
7.63853941336745,-5.08656733445946,-15.3382170747959,-22.2681874729494,18.1848700864238
8.65950629095726,-4.50900228112695,-16.4432738472887,-18.6859948291484,16.449726479566
11.3575499952663,-4.56778473496082,-17.2764384865093,-15.9188428918149,15.5189272176389
13.0465942629593,-4.66583824263553,-17.4970903941912,-17.8752728345228,16.569852159312
11.5902086166541,-4.8485490015992,-16.9060596279347,-18.744517015219,16.3920085441242
11.5408249007653,-3.84158626704556,-17.3415182061546,-11.8558544698688,13.5717637567642
15.4800468353734,-2.85161177326797,-19.1204901973404,-8.0522950615595,11.8781363366889
18.1365766195992,-3.20350238982253,-19.6832293638407,-7.73758587503389,12.4309828513318
17.5083694284015,-3.20572392225513,-18.9489946606041,-13.3539605602735,15.2251210381839
13.1118452766121,-3.8118817920601,-17.8915749782421,-14.7766166298739,14.3062760819424
13.7685246597453,-2.70051912534687,-18.752408355431,5.30263080237716,6.56143874136718
25.0435137521022,-0.025746568539218,-22.7068557065308,3.23316622608597,9.11665613541606
22.0212309485156,-3.14011381317589,-20.7033664279486,-21.0547765979869,19.6234557265135
6.47104996132577,-5.37219796702098,-14.7356785393809,-23.9486798434698,20.0206022036551
4.40091495304977,-1.7609634993667,-16.3979489026621,-13.4338872924858,15.0753369493211
11.3144003187838,-1.55963957182805,-19.9368093140244,-6.10850282805023,12.6540222347423
16.1263867244299,-4.42096685575801,-19.3285208729527,-13.0191412532074,16.374534302372
11.3974770154011,-5.93824737625512,-16.3511445032164,-26.015178562718,21.8425298909916
2.8023727415926,-4.68993628764818,-14.3855633117541,-26.075182609758,21.3819832398653
2.48381934845872,-2.60311272399609,-16.2928357303342,-19.0954798768199,18.2544763957806
7.32808853374313,-3.75001051276198,-18.1369541893976,-20.7826200975182,19.2482286175094
6.96687354016195,-6.7502674788788,-16.416279314067,-22.9731049320886,20.7104539350216
5.17286663038655,-6.17087754087849,-15.1800383527756,-33.3890442251376,25.0516699332271
-1.52107632136856,-6.03332978379469,-14.2818243262696,-34.5060137431488,25.2660174682111
-2.23903809943527,-5.26762012183346,-14.7848597154114,-30.588390181339,23.2823069920786
1.04357183744842,-6.17991523717452,-16.3464607597049,-30.4185478783262,23.4580216478614
1.78945785021174,-7.90821981523871,-15.3147333272851,-30.6543240533255,23.7915294589857
1.49389862600503,-7.44729950751352,-15.2529901990068,-48.1578347941285,30.591140518971
-8.56310409178265,-9.14847913985798,-12.8559834486905,-42.7279661589402,28.519590705695
-5.60860358610513,-6.6887386588705,-14.4562873824483,-36.6402822009976,26.151053280831
-1.95409073889802,-7.91634990432229,-16.6651527888903,-54.1110951148387,32.8490647065016
-10.6590304138024,-12.5338471836822,-12.1615118780486,-49.5681591049536,30.7994236860275
-7.48246027852201,-9.34570468671568,-13.6100153572489,-40.973584615061,27.2833695137892
-2.0177687260252,-8.26316356175434,-17.0334487550037,-57.4944592717962,33.8895925708399
-10.8182430067347,-12.6367517789753,-13.3708873969,-51.6363933069488,31.5338102763243
-7.0110203939648,-9.97807251317527,-16.0676665248183,-118.167274854973,57.48339278375
-45.2298408963791,-21.5538180541257,-6.37167455092407,-86.4538057213861,46.9043180683281
-29.0997478699778,-11.9431802748745,-10.1562527848817,-86.0143529657314,47.8473814905395
-28.673243582401,-19.2041056256272,-14.2536312296625,-112.755025664412,56.8257428882769
-38.7317376198806,-25.8855223395214,-3.56064861012404,-84.7422851427096,41.5433051208374
-16.3673928841545,-16.225878616801,-14.9606361997493,-38.5977580848561,22.4055164742069
13.1764860564551,-11.0662395066362,-24.1682989610129,-38.7125440107027,24.2253439320601
12.7721861585231,-15.4112993232021,-22.4284940104681,-70.9537973888612,38.2301871121257
-7.61010989235275,-16.0767240786536,-14.4702926128101,-64.6402645895203,34.1741901336705
-3.86406349053402,-7.61716652259212,-20.9985384359141,-48.5137529082992,25.5532550066583
8.54128912984148,-7.93927787902149,-26.9729273092194,-29.6249777207703,17.5344576887677
22.3107847106385,-10.5790882796196,-28.0983052477957,-23.0506766354246,16.0487034748882
25.8475788204893,-10.084272623024,-27.2313602896006,-41.9595901361652,24.2085048323481
13.2005170152108,-8.5442299422221,-24.0556801568195,-44.6907395940966,24.4313981589888
10.9632876295434,-3.98283816121623,-26.2357042202746,-31.1282312629353,17.7608902196572
20.1107649247942,-3.52973203089728,-30.9763516892406,-20.2610804370019,13.351356942162
27.8115311510038,-6.35741768032968,-30.9242095752988,-19.1027889279026,13.6535681482297
28.1439097270896,-6.43161451675332,-29.2282124399535,-30.8941097652429,18.5346359621481
20.16628509209,-4.57447546617993,-27.4373864996223,-30.2770932970026,17.7700309000711
19.798962880385,-1.29988592771853,-29.3384491330578,-21.0977496620917,13.493935767666
25.6133524214611,-1.42302149389079,-31.9813515287758,-15.8409830843841,11.5103530903671
29.2328062947031,-3.39036735698511,-31.2343879601873,-13.4691830894935,11.0673770495639
30.0833723946163,-2.57954516752282,-30.4125475126955,-21.1445795732082,14.0686819315565
24.8907806326796,-1.37771668166087,-29.4346903674996,-20.8188372084578,13.5747062307891
24.49744664254,0.630064446177778,-30.28591358511,-12.7494827178898,9.96158368296432
29.3113886907808,0.97005096820796,-32.3128949075482,-11.5101084975393,9.5135579634384
30.2676852834014,-0.635187715996734,-31.2892696046763,-10.3287107390052,9.38529415080652
30.3085768749993,0.266659446942858,-30.5288474101384,-14.6376206438896,11.0168957678591
27.1301072146914,1.18389650598844,-30.1576034297868,-13.8274767884722,10.362790777238
27.2256192581073,2.4414915532857,-30.5209593391123,-4.82568585448678,6.73340336616788
32.1495927517789,3.20564602377617,-32.2162295297658,-7.96701717901394,8.05303865987466
30.2331430813867,1.48475695931857,-30.6445251462764,-8.51717985482618,8.4039633368491
29.2650591200122,2.65646045807092,-29.77339711407,-8.0214056270321,8.09236485003869
28.8392167158909,3.91703261432706,-30.5276697981745,-7.70214137900552,7.92298104710242
28.5932915767289,3.9791920450076,-30.22955944343,-2.46414091393554,6.07099006189655
31.0037963229426,4.415405791373,-30.7050031278501,-6.36371380845679,7.62103093041391
28.4557294428891,3.46340209003464,-29.4331607162354,-6.99015023767624,7.7376953423572
27.6726961978466,4.50833149909612,-28.8529229328093,2.63378263347501,3.8536122540904
32.7138592581547,6.56664994710124,-30.9346726162411,-0.514833124423649,5.15974709984932
30.5497759736343,4.99820950995527,-29.7416341277058,0.721849376560495,4.75723546194867
30.6933991725285,5.96364731032086,-29.0173867463701,0.721280750400648,4.70701867642332
29.9984343601778,6.62119100657753,-29.5038836161021,-0.0317797841539408,5.08777289255088
28.8747467089005,6.59827597135175,-28.6200808474243,6.98747305940072,2.29870643273365
32.4601487427633,7.74778451829368,-29.7609616093822,3.78426795705778,3.61575186193583
30.1750033119091,6.58672595190522,-28.5391636992563,6.01961061210807,2.76272666952234
30.8623379908131,7.87072921752576,-28.2584803365486,6.14796667285868,2.82925320539547
30.020276293001,8.2308591580375,-28.5575281807564,3.56811645689348,4.11140868900486
27.6259887759378,7.74506120373449,-27.1760010643081,7.69348190982945,2.51337327529518
29.4093227332295,8.65458608125014,-27.769125951797,5.5724020735453,3.37331942060066
27.7255105341603,7.76180493607688,-26.9854423475135,5.76899767212022,3.19890519391599
27.4883918144395,8.22702747140513,-26.3606259511684,11.9787127947503,1.13431178793364
30.0001070040036,9.45725718299379,-27.319148402047,5.88603768383124,4.01096370392596
25.3945972380961,6.38346134078805,-25.4449624621001,14.5782023019152,-2.26352564611285
33.6833825585308,9.13148922134512,-27.7012796185484,48.9505584746247,-14.6061505807354
51.5484902515737,13.7569863187601,-33.7431912396389,35.122317222333,-5.28366166174267
38.3904195626374,8.86617987870884,-27.394492552926,-9.71683197205172,14.7202011840734
7.75491875040116,5.98948432539543,-17.1118906969506,-24.7775548063569,18.096064640567
-0.312424122438648,9.65443785618237,-18.5706532070618,14.9300269211993,0.00804643462859016
25.7022088896112,12.5453075020964,-27.8135941814356,49.6465912766331,-13.0341563242058
47.5867076503206,8.35010139463649,-30.273718991035,22.1126477675997,0.194860934328081
29.7667242120195,2.90566218904618,-19.8453404148155,-2.5254667826008,10.9877800918083
11.3409841721169,9.71536338778978,-16.3006315495091,-3.8949084076725,10.7232932643066
8.44074025263082,14.0439907087342,-21.4603997232699,6.65012486361764,6.03230827758875
15.5578104962179,9.38028752526311,-22.8260188161934,13.12186623546,4.02248364836935
20.5332349909926,4.16101228346834,-20.5629743592297,3.48592039738057,8.87932941481079
14.1783384985523,3.73974658280099,-16.1768016184541,1.65702449540011,10.2836473699332
10.9527047104576,8.58837146564202,-16.8342372885234,-6.39693643122433,12.9096910704831
5.86903205240945,8.06652701082651,-17.4935559851958,-1.2526624130384,10.346939190411
9.71307432820096,6.91127857485702,-17.8967033878583,11.2159437801453,6.1189036299015
16.8066144699175,6.12035537652878,-19.1879766211051,-1.89361199179786,12.3512887861151
8.3378547592681,3.33124495423007,-14.9635969836541,-14.5143049028372,17.6412531518824
-0.109938267806636,4.78924251262638,-12.7232623986081,-3.54852413761295,12.9116947587197
5.99080976175906,7.98763426565363,-16.7173755512065,-2.18237014795763,12.0381203452589
7.83526134492321,4.63568544452751,-16.9437435553921,-3.40172691882636,13.035495594052
7.3547076699864,2.92866589113795,-14.609046549537,-6.46866640229266,15.046762982212
4.44313983389778,3.79100368969329,-14.1626571698436,-14.6682946479637,18.8011968341416
-1.38188740462715,3.91379380902801,-12.9329853970619,-15.2295677514622,19.1637138027161
-2.04538540643615,3.8985049605484,-13.4809494862472,-15.4524276778433,19.0002559461322
-1.3421816057569,2.23633283166781,-13.4289475793005,-9.37246548883843,16.7615233710231
2.74661380906852,2.13674603443295,-13.8345186805748,-12.7654377860947,18.3303635085188
0.944583383717171,1.29697266084085,-13.1583446347741,-17.2664934714888,20.3416555585099
-1.98626987846717,1.8297424873241,-12.2476591759818,-16.5584415171735,20.3666405301397
-2.08170315782624,2.42553696445454,-13.2884885643325,-21.1552956831848,22.3049354354478
-6.0725100136681,0.624910533831947,-12.4667486947233,-49.2453850180631,32.6695856212693
-21.0507483153796,-4.37681101989281,-7.74577869196145,-42.8160741202728,30.8328994697858
-18.1230387102917,-1.58879255542406,-8.9702221675222,-31.1717763725957,26.515166758966
-10.6720229907581,-2.23435628180766,-12.3423801780618,-50.2894811858413,34.5970959345453
-20.8129547342547,-8.07213404154721,-6.78001581204763,-47.9666846423311,32.248188252675
-16.9800779533996,-4.71538806197184,-8.27544944927535,-34.293367316824,26.1775931590676
-7.83757430704257,-2.36650628453815,-13.3332948730133,-29.0824899647737,24.5356105639319
-4.06239944047376,-4.15115798543117,-13.2644186963713,-40.5870803278474,29.9263972803
-10.9546372468378,-6.21164729272907,-10.6392365166831,-47.1832699683529,32.4089052597088
-14.6565251814657,-4.55977899580584,-10.2808890891829,-43.9448532778317,30.3645855979756
-11.7499607320606,-3.49977073532262,-13.1713732596147,-35.2244673019448,26.3887986848154
-4.88851598933457,-4.32343268272852,-14.8170556431179,-34.9367055321104,26.6566507769312
-3.99594039387825,-6.13045864756213,-14.2565874741627,-39.7381689671183,28.8961961971562
-6.64864925040073,-5.59428715470029,-13.0102466211648,-43.1263385331366,30.116704429342
-8.60476952296284,-4.2458280605619,-13.9825899979708,-40.4527681119597,28.3980245663274
-5.93050753870713,-3.92488538930115,-15.5175045705213,-34.3144719995804,25.5705967205956
-0.96206176098966,-4.57620164735112,-16.961521562295,-29.2266301715115,23.8565454031491
2.55514196582733,-4.76586534801651,-17.1631942841649,-35.3112231834655,26.3856366148188
-0.771544092411687,-5.02886751154828,-16.2860350005396,-37.6665439841357,26.964130614008
-1.82195638033642,-3.44077270272034,-16.6399990043277,-29.5158821332799,23.4456530287611
3.33537528639392,-2.14826270940534,-19.4405557899826,-29.0746116365125,23.1401891487789
4.50619234934956,-3.95736323414026,-19.1827211833347,-26.9497294393939,22.3786487934266
6.19346309836957,-3.59331814979125,-19.0242030489232,-28.4694675398765,22.7788217720501
5.59687023064846,-2.88614710546826,-19.5032959779649,-28.1323820325589,22.4189625661881
6.06418924283668,-1.99472967785966,-19.9577367017562,-20.1793203708794,19.3255348489988
10.727230150405,-1.01983552079831,-21.8499158605508,-24.1182503823182,20.8151480592901
8.89928584873435,-2.70855500003923,-20.932544305288,-26.1269688156803,21.4428623415178
8.02374315370344,-2.11353152256226,-20.2966433618596,-18.0669117738942,18.0956903512207
12.7326708768104,-0.0235597155586058,-22.6823159666381,-19.5070241298963,18.6088433525325
12.1823776137998,-1.15146706001231,-22.3676448264299,-17.7076174847269,18.0201490584333
13.1958559235918,-0.642808105286913,-22.1567370097519,-19.2056051087005,18.4219951871527
12.4071313176194,-0.473802957202107,-22.5204797861443,-19.4096233313907,18.3160340560407
12.4146007102216,-0.0113120386668517,-22.3804945057239,-12.1966806864485,15.5683668068357
16.4015804885473,1.06036820091739,-23.9716308512939,-16.7463829273245,17.3856470101855
13.923592688099,-0.428783483781607,-22.7924515298502,-15.5293084761322,16.781556945261
14.6766597497554,0.711732673245021,-22.7664375252419,-13.5531895426061,15.6904171658936
15.9398005461285,1.37026432095346,-23.9789808952463,-13.2090899726877,15.5223855756657
16.1220823726852,1.14255423020038,-23.6027326185416,-9.99497093441351,14.4845020653814
17.6137615340134,1.61603589165138,-24.0457224808,-15.3955900410044,16.6372933405286
14.2129137499994,0.784665542538441,-22.9493391490812,-17.6102287777338,17.203673745618
13.0209194174704,1.35197292349712,-22.627019534504,-9.82598346514494,14.0552205327107
17.4127796798152,2.64868207922472,-24.4907101561962,-10.3373586919627,14.3426400395917
17.0153150296743,1.30390426679573,-23.9207775274295,-15.7282761882322,16.5250224870098
13.7910628427081,0.809018177804691,-22.3015246122967,-15.5663187572446,16.3839039619205
13.4261931160779,2.13245115589822,-22.8807821741089,-14.96997192233,16.042423916139
13.6720702353163,2.07677004440936,-23.2850722031662,-13.6406837587765,15.6361750410357
14.3826967858857,1.55145380156293,-23.0742931200747,-14.8301678986782,16.0253535320538
13.8516720993096,1.15145540703607,-22.5958194191677,-14.2588348734751,15.6570373170789
14.2381060052985,1.83003444490443,-22.6872657910909,-12.275788906289,14.7330446187837
15.3722888993486,2.40058749887372,-23.350937065576,-12.1859023145016,14.7731466580538
15.3255538608001,2.14222283265836,-23.1390007316606,-10.187293006906,14.0743302750292
16.2853606007298,2.51600684143501,-23.2815172554288,-12.0895722639278,14.7431797642852
15.1881461661649,2.24973516722442,-22.9881717791649,-11.0120277825956,14.1157767621085
15.8696883431316,2.88548121695805,-23.132259063145,-6.55521823580854,12.3329884666276
18.3050743794664,3.53110945591841,-24.1255995230529,-8.59553394422944,13.34433830389
16.9277068913262,2.64952472772198,-23.2912821880612,-7.92879996571185,13.0489344862402
17.1412913119807,3.35930586139338,-23.1896446909577,-6.78477852349349,12.5055057747239
17.6535734126872,3.84547468913471,-23.7502553647417,-6.32711764053528,12.4351587950662
17.6001973551376,3.67536636995206,-23.5099319810564,-5.48137130321618,12.0182178646415
18.0323940784632,3.78519537777675,-23.5712468121224,-5.99159084348548,12.349962589703
17.4390475182904,3.64426597893336,-23.2754322198419,-4.46183973626016,11.6851767489976
18.1624771623291,4.17824387753298,-23.4757947386523,-3.85079555736816,11.6437757120586
18.0180050764843,4.20426645751415,-23.4835902764909,-6.41348440157181,12.9219414728801
16.0664451900981,3.58733350241799,-22.6307639381829,-6.237543419181,12.609715291858
16.2148092135835,4.03326762629629,-22.737839309181,-2.23484426507937,11.068818496363
18.3271060020843,4.42307149835491,-23.4876549685394,-1.73546977873419,11.0516299727878
18.3406854040794,3.97369029258064,-23.1787545402966,-5.81636267272936,13.0633148428392
15.2456662052548,3.54089352634821,-21.9517928936401,-8.81875486013033,14.574072200821
12.7148308774083,3.83970995477386,-21.4439955180575,-11.5995438365825,15.6863953137212
10.7782719434379,3.45291500724674,-21.1842226150718,-10.4075799395114,15.1189612338169
11.6561037684568,3.14365553263027,-21.2222805915195,-8.33981106792082,14.382661884709
12.9199035946068,2.83053908582355,-21.3770572694641,-12.5025884667802,16.2827380601996
10.2550007947182,2.02143773490684,-20.1405701905977,-14.7856765418734,17.3629909990384
8.54306482170813,2.56111782978869,-19.800584499,-17.9193133364527,18.6879205554287
6.41092654101686,2.18767029157898,-19.6458195374596,-17.6075403381583,18.5260186894419
6.75369618564478,1.8241164887327,-19.5529298187367,-16.5804940499883,18.0465961718538
7.73677540115913,1.4383184640888,-19.8501013309637,-21.8492047266261,20.349387751153
4.61432664416762,0.348734487944402,-18.5044246648386,-21.9489061897686,20.5029267885264
4.43391649956375,1.15006767643001,-18.5760525761359,-22.1190538946317,20.6144543351383
4.32643935959107,0.948245372477756,-19.1886555165092,-30.886422059289,23.7795975680121
-0.106291876616641,-0.992744213795785,-17.5427820167428,-24.310030453837,21.1726871694209
3.93886358028012,0.636611181783631,-18.8982578218294,-26.7925905934895,22.5749408503872
2.29034811620826,-0.883914202926066,-18.7316483410718,-33.2233508050898,25.2387972798732
-1.17439343214092,-1.77975694571016,-16.7484584452632,-31.4169662871722,23.9849426068767
0.603775219441142,-0.501765543386096,-18.2784560061832,-27.1351304385621,22.0032531771513
3.83178836566473,-0.473415918240027,-19.3564452544946,-24.7918274792273,21.0329466775342
5.85801929441577,-0.995577528897272,-19.561211758103,-24.8995566223267,21.2620841908806
5.89090561878791,-0.860701774599509,-19.2638442323146,-27.1686512340093,21.990679383232
4.78045348289712,-0.369219758727307,-19.3952323893234,-25.9494346563337,21.1721622559157
5.86266081474646,0.362625554227088,-20.1166945352128,-18.8315418970079,18.2845335166955
10.3195994218454,0.920673813078442,-21.6631470635367,-21.295671960801,19.2185459478489
9.34531145540355,-0.360870117799292,-20.9279355688054,-22.5122296168374,19.6352991224148
8.77339074868827,0.343334974014943,-20.4216340356456,-15.4950595824257,16.7155861231742
12.8450732079603,2.25422147416429,-22.5029351849958,-17.0680968308227,17.1101813565708
12.3024848260099,1.26657243447471,-22.2676656728815,-14.0249593917048,15.8647070037748
14.2185831776365,1.93476236873803,-22.4020001227886,-13.9996983913722,15.7763075223915
14.1967798731499,2.09008377626234,-22.8715872479851,-15.160256803886,16.2132497262789
13.4375846176306,2.31091714797436,-22.3295295470826,-10.2287214648633,14.3778562764233
15.9673118775345,3.35672508733905,-23.4949239040879,-13.8639448134888,15.6703042828697
14.0005282128565,2.27006138017084,-22.7107909927605,-11.9162022208134,14.6665718666816
15.3363523880339,3.12052523826797,-22.8541551738374,-7.58870604788074,12.8211607535958
17.8469843156126,3.83782979652419,-24.0857821439146,-8.47715765044955,13.2905012330483
16.9912508691186,3.35496791800699,-23.3950255549792,-11.1081561440198,14.4489117157976
15.0783957013674,3.38065125892943,-22.7853242702695,-13.4865889438824,15.3770204592027
13.289149095384,3.59270026739277,-22.5471317141067,-12.708615560753,14.8794181991355
13.7849608166888,3.71598213749694,-22.8155967588521,-9.06008922028218,13.4247713739811
15.9614332588487,3.70812491660944,-23.2656007906161,-9.55541990127003,13.5475675294102
15.6062574847135,3.23925437551356,-22.7957561764664,-13.7573995104546,15.1358656611452
13.0750848829649,3.15124441173788,-21.8990249687901,-13.0548031751578,14.8711925679305
12.9192467124389,4.06994510194864,-22.3197857890686,-13.9868277736171,15.1566753557693
12.3351188155426,3.50704801986922,-22.2923510585211,-13.4453724157206,15.0317877943608
12.6043593003569,3.15816711059421,-21.8955709775808,-12.7245855720154,14.5432454764758
12.6955192509574,3.24045955641335,-22.0493733824779,-23.9253917921598,18.5731882623563
6.56966986882954,1.63962553008754,-20.1032905326444,-17.8808141080188,16.3614037009752
9.56994239717033,3.69412274851294,-21.1765151825286,-13.9462162434185,14.8952844900558
10.4738404420679,3.03227523235862,-22.3562616575906,-45.653585176053,26.7179090318769
-6.77547679279631,-2.87225373297332,-15.950910585958,-38.0770888645075,23.7678920463484
-3.73524882712574,1.58033987682229,-17.6444872529874,-35.0971129911473,22.2574055890262
-1.42339764933119,-0.15175047861638,-20.165857354089,-50.3987302027242,28.7961510003612
-9.83142450862845,-4.90616356109012,-14.8144810025937,-39.9115318585876,23.6971825041847
-2.24097977471945,-1.32898523455672,-17.6024090475392,-39.2405169470566,22.8478077727704
-0.771395485180583,-1.91322135871651,-18.9529040098824,-31.0429995817952,18.9905302510044
8.25793881609901,-0.732770082113723,-19.7170554231325,20.3293805761363,-0.0412752056725803
36.9499605668938,7.14350050865462,-28.7918151748818,14.0192284793955,0.728410684486196
36.3326497987662,3.32563769787128,-27.6555840231953,-7.38562089828716,8.46362407319645
21.1025392369652,4.70307124058946,-22.6843190841296,-10.6811076478594,7.83151077821448
19.101980038881,9.41969724827178,-26.7130862140367,-14.9612327801095,12.9887401006574
11.077104157979,5.98333004058077,-24.8396138716234,-15.9747810826005,14.4453586799653
9.77430484636723,2.45187598551263,-22.0861300479776,-57.0250603696549,29.5581829288752
-12.4657065214742,-4.50363172532275,-14.8476914177763,-21.2850516596558,12.3015522298947
12.0510014179268,6.17708109851443,-22.3735419811065,6.86662753615271,1.43079275246905
28.5679029679449,4.87771054626977,-30.1147094445443,-0.862219981632538,5.38621740590654
24.6274765912147,0.406355836366014,-22.419384931334,-16.5561824035172,12.5923104680479
12.8627373765706,2.79588595121303,-20.9979988451775,-16.3950313850038,11.4025225938384
12.5431802028895,7.61416119421339,-22.8541269058127,-4.48630046571714,6.19868920612361
19.4614321348085,7.25704075434803,-27.1153695759347,2.44414529429826,3.78129428713533
26.947540335706,3.19867007903831,-25.2428328764733,46.3734029666192,-13.2098471045405
52.4923412813709,10.6432557002521,-31.8077906014378,53.8544679760056,-16.9293540438972
57.5661118379359,11.6702523000701,-33.2512198296056,27.2129146467684,-5.56543817922731
39.1773861414065,11.282109648242,-27.033009826861,47.9755694229616,-13.4677994388357
47.9506386838116,19.952826864293,-32.633594066232,34.2890465834095,-6.59084226040967
36.8302099144126,12.7716009466785,-30.6360322881178,29.743053958818,-6.08081294746707
35.7971723205087,11.4165066108038,-26.2534424674299,46.1540323875043,-12.1872885969774
43.8125548655363,14.7672613502362,-30.5999257388611,47.8301742924744,-10.9028997392062
41.7702998703586,13.8028153196171,-27.8696481260401,19.5487220946573,1.7884435312816
22.1638915388349,10.1440427264966,-21.7616989008812,9.56884631859652,5.34471134529452
15.1325759297596,12.4704187672073,-19.9951597599578,18.0447973923466,1.92042788361065
19.1872837105646,12.5517444399179,-23.3536233623605,18.367857694282,2.04129946994448
19.8589932172599,8.24995025457416,-20.6188493479579,12.9126184042122,4.67640534285387
16.4128145228279,6.49448862573237,-18.1204413533606,13.8659013162206,3.96881889091108
16.7886882955423,9.13386008326234,-18.2856309511631,18.6128821793856,2.75690290378372
18.0794115674387,10.2829772974277,-19.864250212409,15.2383969959267,5.21303908452368
14.5537857184376,8.22806287836174,-17.8455623138819,1.07575442572939,11.3171644016371
5.46017316049541,5.78464098978882,-14.6672510728461,-1.99429328924289,12.3418339701074
3.5173136082717,6.68989176153985,-14.2638837413563,3.81126541404277,10.0605770611679
6.76981525181505,6.81839293534827,-16.013933565698,3.19405340587343,10.902476541473
6.39316031455751,4.57265067109435,-14.5357125885865,-0.922447818437063,13.2682051857699
3.32012511672021,3.93806108053132,-13.0092483712903,-12.0018838679769,17.9524045116945
-3.7603130935746,3.31329075131576,-11.2619117860121,-12.9903025597414,18.4361218761148
-4.46000463286834,3.97221747918283,-11.7390152077429,-9.93071601441768,17.5370145663226
-2.69701200544591,2.80354101066202,-12.4933937602443,-12.8185937541711,19.0524716457829
-3.99073169456337,0.586952207256083,-10.9262153072821,-17.6520985036011,21.1886746151132
-6.4968969844122,0.306864059314847,-10.1405926387023,-27.6474129734904,25.4038902048797
-12.6161886553268,-0.448944903694475,-8.93225408625506,-23.7178064195587,24.3220261143974
-10.5796759925154,2.52537160168097,-9.95611978242912,-42.7948544630717,36.399900810146
-26.986490785732,-3.17877422713106,-5.18996211495836,-105.541824138938,59.07420362619
-60.007827426592,-12.1748262554162,5.87994565704428,-76.0585861807445,42.2360996482729
-35.7990007182819,-5.04315123312335,-4.83830406288037,3.39484907867704,5.25795115391616
20.6128972109702,-0.299493031528228,-23.5045643219658,47.496424444818,-6.16584273701537
43.0724722575103,-3.76584529148687,-22.7430551600763,-21.6364077691888,28.8821272162144
-6.93903549447365,-10.0788058069803,-5.12692432198024,-147.37674777337,78.5336465091549
-85.2215058163365,-11.9132852412665,12.0317277416098,-96.9692560565821,53.0012507733257
-52.2865519901139,4.69471648068919,-9.7324209040476,-53.2193740478333,33.7300053946255
-19.2130577934634,-12.8578587952859,-19.6658871869544,-43.4834483234391,34.043017598822
-10.4898480948706,-25.53567872881,-5.3378316386428,-87.6477556465646,54.623561303644
-39.2581538725096,-22.2307722467345,2.06724994031818,-124.673722071184,67.5516381111089
-61.8345944293723,-11.7822983496498,2.60928189674383,-85.8801946283532,48.114513484111
-35.0394096908408,-5.67911310537836,-14.3670072864028,-42.6274328543401,30.4408956280647
-4.16770186290267,-15.2751375681878,-18.974203480706,-48.0823721597088,34.9398950417129
-5.37267665920019,-22.9503583171486,-11.248046155929,-80.3089090467826,49.1304051502867
-26.1426551081115,-17.2400534816166,-5.25899966932786,-84.8285052053787,49.8046473297296
-30.1507265238579,-7.57716273712137,-11.9548223493947,-67.5469276925565,40.9338800355966
-17.1286187803769,-9.10685677487515,-18.9871683883564,-47.5082305413882,32.5852709540918
-1.44514664209141,-15.2084212265252,-19.995737989961,-43.3474811490535,32.3681568863945
1.79566699568531,-16.3655888081482,-17.4945482479775,-64.3489813428117,41.2619780254711
-11.3695560672616,-13.6017820535684,-14.6585032619578,-66.2691150599528,41.1738073541172
-12.8156540667641,-8.08140696035355,-18.1166101851399,-52.4257343855984,34.413184116268
-2.83899597320361,-8.58389142837122,-23.5534763834319,-42.1519720264417,30.3075386959998
5.3917191751139,-12.4540398665807,-23.1816955950565,-35.3756362203238,28.7932855296468
9.31917855808201,-11.7874744703757,-22.6169993016852,-54.6816483822043,36.3735536136872
-2.03793362200109,-11.3004391375598,-20.1896332320537,-54.9775276831197,35.4622833405666
-1.81009018157073,-7.21417382898262,-22.3000156243699,-26.4624321162209,23.5568729991401
15.8160857598166,-4.65659103847226,-29.5852267666008,-29.1020512780223,24.8688780774982
15.6660075011002,-8.57741864172477,-26.8785493174547,-41.2642245668028,33.7564819233045
3.73941925405305,-8.89789901490275,-21.2428693866712,-88.2827176597501,50.2635414008194
-22.1307123458603,-11.4280209264888,-16.3252141403069,-68.8510524695865,37.576276312938
-5.10480828472834,-6.09184942387658,-23.7087747997831,37.0097607067748,-8.95047287276655
64.6861729571469,3.61208367830917,-46.2410697069052,58.7622555533566,-13.1024929655444
72.7710085063233,-5.3064280433733,-42.2065603185399,-46.8946094220189,33.5659750294434
3.91291333137515,-13.7429173463148,-16.6958802990567,-104.664663164108,57.7375436103953
-38.5675416662695,-1.25271057511828,-13.7533108109225,-61.4085904087142,36.3798499032023
-10.623778322671,4.82490327709295,-31.6631540657505,-26.4039397410753,21.0196635853268
17.0959931357589,-11.6610924755012,-33.5468163861204,-13.8919165593168,16.0286096948719
30.2712384626651,-16.9464626883864,-26.3282066623478,-29.5962190472894,24.2719779879633
17.7163381040552,-8.64692135467028,-23.6284621983007,-30.5274966594747,24.8338698565731
13.2684565802354,2.81909496528622,-27.8959757280422,-41.9339253407778,28.0330180298197
8.49102683478908,-0.900457393635384,-30.5438301153033,14.3338307103642,5.30752736396301
43.4746386172954,2.25172833264184,-37.4237323119916,20.4907451883842,2.24387929735441
50.0305657400781,-3.77110246979133,-37.9151060618646,-5.21903461846603,13.2515130287166
33.8002397271159,-2.24755123472452,-28.3268957168482,11.8586234053302,6.80222343381886
39.756713785846,9.95595519468327,-36.8889921477196,-0.880395044856663,12.6244595628525
28.191554884903,5.07815585919509,-35.4735474925966,-36.1172756738207,25.5937149581989
9.02618122345453,-3.47792100369224,-27.285591498657,-28.3149615483721,22.9546705809051
12.5199459730764,-0.5702212285782,-28.3741744940185,-9.61095514749104,15.9688605808545
23.215640346036,0.496672831011621,-32.269820755907,-38.1421827693707,28.2341393930733
6.16771809970862,-6.72018516907109,-24.5073298502551,-38.863792229799,27.4706602325581
6.68021996281394,-2.25970282439701,-24.5328135549975,-26.2433516989503,21.9611626795163
14.0624447413245,-0.106691040832727,-30.031930804192,-23.8965897996846,21.0546060091468
16.3792272116912,-3.13450669729048,-28.4349044608309,-29.1725643630114,23.8033908478566
12.9311000841494,-4.23913429731257,-26.7392442743812,-39.4685479447077,28.1453465825827
6.19883045244978,-3.54272384376408,-24.9034847759545,-40.5391270283741,28.3329875776283
5.29401873405359,-2.13703746992543,-26.236581162001,-34.0732498032513,25.1939781018272
10.092330013919,-2.48511852027194,-27.9865112366999,-40.8336264521707,27.8631032865323
6.94957094268711,-5.792237124044,-26.0990115499386,-37.5944512602866,26.8624259254187
8.82559864682681,-4.12755934622353,-25.9575149262552,-47.12581990667,30.7558657295635
2.93427388264584,-4.99449237684377,-25.5098228231327,-46.2315599481005,30.1940670642281
3.77770831076272,-3.97288900045992,-25.3798258126025,-40.8910734279851,27.5357421469328
7.84159641767593,-4.03339998308701,-27.8397080882775,-43.1556300484142,28.2369489402462
7.55057587675289,-5.69822168387101,-26.3694210444155,-39.6157955732772,26.7802927606268
9.92321352284799,-4.27248904456737,-27.2845291171204,-39.8666691184807,26.9343063487402
9.72722385149268,-3.78149560113262,-27.5851754958274,-40.602476084098,26.9184208583573
9.7403007445311,-3.55590002972261,-27.8349949787183,-37.6376542003423,25.1840532412671
14.0377230936041,-2.99870489294407,-28.8010947777557,0.522886401354763,10.7402126994686
35.8075125730402,2.73451923285994,-35.1726501688523,-4.76495904626846,11.9536802521582
34.5469378742551,-0.712685732871636,-34.3169059720422,-20.3729796079381,17.7528782038095
25.3384665701519,0.476014185914758,-29.9385782000673,11.5929643156951,4.90525077791486
42.4099654722751,9.70254253598878,-38.7444879849665,0.971876942354358,10.2924168153897
34.4869082546279,3.64887869335985,-36.3562654068977,-11.9695292525383,15.6557460470391
26.5690225914352,2.28408002130892,-30.8636730176641,-6.17553765093449,12.9579190933534
29.1593090900831,5.95745071009186,-34.2428844569013,-0.984769166098246,10.5317678394403
32.3200347521515,5.87663536629778,-34.8886223423117,2.56330011454071,9.54840887277705
33.8369328087794,4.91951560462292,-34.5314178455887,-2.01947461633346,11.8162116811011
30.3197127193441,4.40477123253027,-32.5483418908165,-8.10960918377729,14.4693446393239
25.576552455374,5.24383083735655,-31.5439559609245,-3.22886725298925,12.50327743348
27.6666410654998,6.84237136703401,-32.7553735697996,-4.89171195829944,13.0716705456997
26.652205961421,5.04403687552059,-32.3398951195453,-1.74839984727825,11.9809307161713
28.2968309282277,5.16085011400867,-31.5397115037295,-3.09019394968354,12.7404126071806
26.8701870971966,5.23078066761717,-31.408771056677,-6.44077029910207,14.3563940883562
24.0504169308964,5.54013214035756,-30.092544091553,-4.04734232293991,13.5946906321458
24.6198103802378,6.3553573099093,-30.8886815325869,-7.72349845315013,15.0482658682378
22.3055176479143,5.02358933880209,-29.8368661225435,-7.22740654414336,14.8872078259597
22.3760374706529,5.13533011656548,-29.38022722075,-2.93110891003573,13.3579181970327
24.4252662666465,5.82742172587863,-30.0544893367328,-7.49270665908818,15.3676039420422
21.3592040747216,4.79580523214609,-28.780058427456,-8.06717769405485,15.7414450501475
20.4864757310528,5.43284246586635,-28.3362628515416,-8.33376549598169,15.8783188123171
19.9433920469924,5.44111027980695,-28.6694914174005,-8.90247680776132,16.2791688418346
19.2884822301912,4.8707213700515,-27.9869758407913,-7.32449904298918,15.7797986788286
19.9544133457738,4.95477545563252,-28.0824150068988,-9.71393850185109,16.9677270042457
18.1769096394572,4.48115450326274,-27.2878163933746,-9.55145187610501,17.141947561228
17.7451813985707,4.91571280062229,-27.1156914427801,-11.7412435833788,18.1179659307895
16.123577300019,4.49660495596595,-26.836627323676,-13.1743160528552,18.7828831626606
15.1224390084501,4.08850468256236,-26.2674770405714,-10.1616733804025,17.6171560623359
16.8062025326732,4.43024653478607,-26.8360079913806,-10.7817889244368,18.1481067797935
16.1660633556403,3.77687768780577,-26.3949737249249,-13.3370348873773,19.4296710120239
14.2881181467615,3.56155546452665,-25.5628969751226,-14.5556491622128,20.1364322530058
13.0879247862029,3.79918677009593,-25.4890066541994,-16.4504180449832,21.0497946896162
11.7472637826764,3.17576569724542,-25.1847892572231,-15.2727906563383,20.4218284885642
12.7493268555562,3.06457504285111,-25.3599130360038,-12.5371004806159,19.609271590543
14.1834550897623,3.01960250233935,-25.6818090955585,-15.2933031516618,21.2883293104437
11.9498157969636,2.0952795122677,-24.7042607489487,-20.5128640052894,23.2735965842385
8.93143078127634,1.91859455650601,-23.888674024201,-17.0483948734578,22.1136257163262
10.5816293689878,2.77837619925663,-24.8978650487816,-15.734660717172,21.9921810502322
11.0727155431296,1.87840939401631,-25.0202377460733,-20.9266374525347,24.6126331488963
7.65729993590878,0.484009848829941,-23.2981996689257,-25.1075041650057,26.5044203132138
4.95313050809561,0.315214452814302,-22.7063653288546,-23.2076713459027,25.2166780513473
6.77492042803924,0.992865421896469,-23.8559607965059,-14.9624777247694,22.3500700341929
11.4755018698406,1.06591425461788,-25.2560832535233,-17.7309046953513,24.2916703833157
9.33757453681133,-0.657869118682555,-23.8651208360932,-27.5153808656666,28.8874483258186
2.77272570815031,-1.21590833217354,-21.6314903819769,-31.7461052407456,30.5961056882497
-0.0194791127045089,-0.421545693329087,-21.9194472381336,-28.0819224501666,28.9244175664996
2.6147301679243,-0.569524197363057,-23.3205917645796,-24.4929580661193,27.7126637492345
5.28713790211396,-2.08660089702578,-23.4961083449359,-27.8612281365833,29.688823216383
3.24003082864298,-3.27266650864399,-22.0171976204945,-32.6580674763487,32.059028489432
-0.0341957427397346,-2.7165545733768,-21.3427637248461,-36.0823843097655,33.4237025213514
-2.0830063693899,-2.18588591342498,-21.6632196548631,-34.1300321803255,33.1111794651687
-1.13586637508531,-2.71451294571346,-22.2132958675511,-40.0716076062938,35.2943711283439
-3.5646126903884,-5.09581702162283,-21.1613846749627,-39.353716499957,34.6630476027581
-2.12017864906051,-4.27463707976098,-21.2338217502225,-33.0782185123033,32.9968609719255
0.928578055394236,-3.39692901778064,-22.8628110188811,-46.5103468247967,38.4917754386739
-12.4308885455918,-6.0672220571491,-20.3155957311115,-154.163644537987,78.0607590828957
-71.3989464642963,-22.1043152214205,-3.28661453716336,-127.51896324792,69.6755097040935
-59.6502486518091,-10.4829170012419,-8.74878810521453,-75.6087087724422,49.787991503401
-27.2965743632744,-12.8231855891449,-22.6086071605306,-153.711452489376,82.1176979623585
-68.832883932408,-36.507169340812,0.472089876818241,-137.762481811249,70.6852305927803
-51.9073814922159,-20.5845266757707,-5.45811566785732,-87.494408782255,48.2942833081689
-19.4535991335402,-11.3169424283862,-24.471746334339,-59.3621155880669,38.377124563858
-0.711639891388871,-16.0815135528784,-24.5485197891327,-98.7786936252579,55.584710939017
-23.406245399455,-23.5555622799806,-15.8170609855121,-105.865148459815,56.893435758259
-26.5102099611897,-13.8356594635418,-16.3982503842736,-84.7395282596313,45.478458738468
-11.3393731864309,-8.42733199570569,-28.8591240616361,-58.2651984439875,33.6231017818097
10.7538622166495,-11.3089048459,-31.467609346234,-6.15032563469316,15.2203467118033
40.7781622094061,-6.93145488739761,-38.2026553100555,-33.5598149860701,25.3414175861593
26.9279259182663,-9.91131055268931,-32.3511145067666,-53.5151983218805,31.5943011979191
14.9356910472284,-2.27522726085534,-31.2065442446178,2.62229608572739,7.10154285912752
48.1296548369081,10.1686240122124,-47.6479176271044,3.14690779166191,8.2753565802168
48.4079893790459,-0.547088460065293,-45.6795303212964,-3.73091014751983,12.5335168983958
43.4326761854283,-1.47194122316527,-37.8497029596945,-21.7404197498576,19.0359216269197
31.2844308239788,2.64503914895333,-38.5378744915178,-16.7344276380908,15.2651609950852
34.4025957476912,7.57147422609027,-41.0353169839449,9.60778413892251,4.42102758356107
49.7679093320987,7.88056709500622,-47.3563033400267,6.79066836892122,6.62120324220657
47.2045822561852,2.17743059554329,-42.2967404249158,-19.8757896266738,17.6047594899623
30.3483778034871,1.15420486636437,-36.2072611049126,-22.1436985424339,18.1467635437667
27.090434842581,7.16562299149284,-37.6307590435963,-7.92561816174798,11.8025600496025
33.33405111814,8.15941784202323,-42.4460829148082,-37.6063619711338,22.7961564861647
17.6945788305355,-1.82629178051874,-34.8901974869202,-35.1991532996846,22.7021038655597
17.2713368757837,0.949452948531918,-33.1616828255927,-30.7785327422061,20.9362227327458
19.1729447992998,2.36497768431415,-35.9423029872324,-51.5981368035538,29.310635695061
6.96597490621529,-2.09274037366383,-30.6000407753026,-38.3949103330516,22.4913115186506
16.5872764176174,1.74264122760671,-33.7361306142111,-26.8886437794477,17.3475520401727
24.278106371834,1.49069947663832,-36.7594814019996,-20.8728040779828,14.8318824648915
28.7066467719473,1.35310542894765,-35.6329793100496,-25.4866010733142,16.8987240303259
25.2113864550153,2.14699114750578,-35.0260182895206,-24.4572033562183,15.8655112344926
25.6483972469323,4.96673784256429,-35.6045509420648,-20.5812766257724,13.6367542156563
27.9300820255361,5.57879870818577,-37.7363337683512,-13.4240486081765,10.2205010726901
32.8194932980371,5.45912208317896,-38.0132226625442,-10.9054087581794,9.30170132090389
33.9774821527617,5.38703012943269,-37.9973109345768,-12.5424443210978,9.95911211128542
31.4170479555917,6.26259266812731,-36.867818469388,-30.0011479899858,15.6305694211008
21.6865609909657,5.10546677365088,-35.0117666832695,-18.2078525715523,10.9706847415506
27.5101387698697,8.25740172026212,-36.9153389877916,-6.19976763605846,6.27416071564419
34.302024258127,7.48164799675197,-39.3670388886314,-22.4356991505773,13.0028270824669
24.7321672307457,3.40825797265276,-33.6634597924757,-20.0697150655538,11.1068772912654
26.2912561523266,7.07199085916424,-34.6796905336649,-7.56701367839649,4.31712453957847
34.9175357125857,9.88910983566711,-39.0743994119916,12.0009060448684,-3.14802660227929
48.3732420189342,10.705130392798,-41.0936456599361,47.5772533804979,-14.5945253073163
65.6823414042981,13.8643584975032,-44.5710604884442,28.7202958212651,-10.3176212331355
58.1269268874179,11.7743781210943,-41.6212650701129,37.2940616857763,-14.2746842194865
61.6307559323278,17.7979479931144,-43.2655513670322,96.0867021685934,-38.9137897361963
95.4082514469095,27.8902107436571,-56.6177074024191,90.6231162084132,-31.8120049996093
85.308040458072,19.8252503896946,-50.3891155578394,40.4015500995972,-8.29319975640351
49.8495353634532,15.9486867207281,-35.567495445006,8.57443812821592,3.96976056292455
26.9506994622032,20.557941200479,-33.8952727693258,36.2356492857619,-10.0054405937464
44.8536241567893,24.601541946502,-42.0145369788946,64.2488606576643,-20.8362174202961
62.2068666220985,17.8311018256074,-44.3487124032386,53.0624374154791,-14.0742556120868
54.1856049490286,11.9860510522037,-34.6144602620931,22.0064903047285,0.569436236593602
30.8934539593125,15.1408355968486,-28.454581535167,4.82741100310214,7.28877035027814
17.2735785211302,19.5558722502912,-28.4007591569107,14.2695721539368,2.7110651872053
22.7164458094587,17.9651677206637,-31.9744888443105,29.7686408548953,-3.28626817934743
33.1171154164078,12.9205580474154,-31.5807644018106,7.2726565573101,7.49339916959126
18.6392206092481,6.83439457278343,-23.5558875954769,-8.83373653718485,14.8717137040415
6.75168908638779,10.8522047272275,-19.8915844332184,-15.1839330366968,16.9522411091392
1.67185716188269,12.7254184297747,-22.5730791118987,-8.35310485315717,13.5403183628882
6.88326829690074,10.1561120695857,-23.1817778262678,0.682516413878366,10.12114905367
13.4797326584659,6.99459392158013,-23.5149351214691,-11.5945612979975,15.9573723359055
5.90648593499019,4.55295060286355,-18.8132580748665,-17.5605433311206,19.0540609552435
0.759581718380376,7.69941483226737,-18.2240722638458,-21.576031246207,20.6808884839461
-2.40278950328449,8.03127719586504,-19.4098837174073,-28.5894732807284,22.8436197293941
-5.28549918225043,4.66328187955505,-18.1622856215931,-17.7071384707733,18.4915641205855
2.08035287515574,4.76355307958614,-19.6467660989006,-25.986290141256,22.3969337592924
-2.75761924854505,1.90683676337357,-17.6683914825988,-31.1981454257483,25.3097138047691
-6.65019974154293,2.8576859927364,-15.6844123181649,-34.5561260174162,26.6119999730998
-8.80242874033886,2.12378246054812,-17.3264125734591,-41.2536507265643,26.5071828678934
-8.54009031670786,0.205838088693297,-17.2042037673025,-0.0315736944988969,11.3867430187266
14.85639301411,5.60930182584059,-24.1813286300445,-7.98859505469359,18.368115459967
6.55195911487844,-0.209367289844686,-20.418666181191,-69.3240770876125,43.8650249624239
-30.8607066160785,-6.26001338612627,-6.9896084866086,-64.6914267110077,39.5111497804081
-26.7818371071051,2.7842260069259,-13.752541964695,-41.6684776523345,28.8499587702449
-10.5960587069732,0.473645959102073,-21.5685637075767,-24.4113323093856,23.7629526081842
0.86845952733773,-5.6071266843777,-19.0586922518177,-45.3270530865583,34.2164131964299
-12.3978486820091,-8.72618661135628,-13.2644845383856,-85.9076235199839,50.2470756422459
-37.0336459654323,-7.26507314440347,-7.52357569043678,-68.3204960620431,41.7021983185917
-25.9481910304216,-0.0408032550731234,-16.1004242742623,-41.0695004199616,30.5125673471407
-7.45827594201063,-4.24582075696505,-21.8266342659755,-46.2419605227008,33.2000557890761
-7.61057262404934,-11.7846249651456,-16.2644402180708,-54.0090688762406,36.5586118913231
-11.6903109137373,-8.15469389470316,-14.4404032773261,-51.531872153283,35.4444391419262
-11.1048300872303,-2.31482344062693,-18.5309975441529,-51.2322956444042,34.7787618113904
-10.0709850643118,-3.42213068585236,-20.5256720556616,-45.8358238380818,32.487081200973
-5.3490546938305,-5.90949930092953,-20.7725965920945,-39.659857536475,30.1131699560294
-0.480443991114388,-6.2502619267359,-21.3797559580181,-44.1371772066742,31.8753640133571
-2.37489294792315,-5.6847316506555,-20.6545118841399,-37.9156568193554,29.6119326621788
0.92536225996994,-2.57467227548317,-22.7424746910759,-40.1569270681036,30.1720384977579
0.271182928810766,-3.63843440457268,-23.7116427541704,-39.1305886595059,29.4973359033757
1.85069068469738,-2.96588245857323,-23.3656636476844,-34.5898006038251,29.9542640913933
1.97289256090547,-2.83015820267135,-23.7829081414406,-66.0433205335772,41.5752983209062
-14.7720740800243,-7.55486136800386,-18.2623274446345,-54.9850624060326,34.8459382212595
-5.37648570751004,-2.46514639500605,-22.2869403101169,-21.0548271328483,19.8623063720535
17.2413669156703,-0.0766464387713301,-31.0734143995102,-17.0874272149806,19.5785413129772
19.9221143316983,-5.24581199017506,-28.1591525449521,-18.5015010411485,19.929451735361
19.6557867349191,-2.29941605737151,-27.1274573702751,-19.5872459617389,20.6868446984544
17.1719459983782,2.10817077334406,-29.3599171723274,-21.1012578694014,22.0112512104441
14.4905526552435,2.18456221347573,-29.6617365991449,-25.8698919153038,24.0343989180102
11.6365098798002,-0.574311969956743,-28.63829025305,-28.6892033880196,24.2505161146724
11.6123595994852,-1.59034388966666,-27.7286908287839,-15.7721984544912,19.0230020605681
19.4656857367395,0.833954340640641,-30.2597455934298,-15.7625209637202,19.2785010473503
19.3661595694699,0.00611003190661319,-30.0978242384546,-23.1339532513595,22.605938402395
14.4284604454979,-0.129502636936616,-27.9226922862228,-19.2891156474756,21.5354253120676
15.5307174874959,1.91788954496529,-29.31606330934,-26.9029287250718,24.1929355489797
11.4761169388789,0.0617572569505678,-28.385152669734,-21.5109701986122,21.8835939715909
15.0352242945044,0.803109792490535,-28.8078021319875,-18.6493603402432,20.5057841123846
17.2173682571111,0.411707138058376,-29.8750035922523,-19.8419226785275,21.1599203968278
16.4848857064067,0.421455161359408,-28.5796054560613,-15.8788916310648,20.3331977509479
17.58319573925,1.88736552441998,-29.4814485707902,-27.7220295551847,24.8987329911817
10.663422053022,0.473078183477972,-27.5501815922541,-30.5445621144209,26.1938888747162
8.53337487317875,0.880879707253059,-26.9011450953732,-22.6257863345019,22.4468893149076
14.0133596576669,1.59583679076846,-29.2211378092147,-21.7392069091866,21.4482627730485
13.8655863185162,0.394764780883936,-28.9615375177938,-51.3626514265102,32.858651667191
-2.86883397770741,-4.19531386605755,-23.3809764726386,-56.125947420309,35.9425794790668
-7.75997975085777,-1.67139802460696,-22.5882039412811,-40.1564666805243,29.4730341327097
1.84625574025778,-0.142952918137571,-27.2714375534593,-54.2766780835305,35.0083390264424
-4.76231150379213,-6.79130793064286,-23.1522989680458,-49.801202245187,31.3437942327599
2.42780467727563,-4.15918624722292,-23.5967774233145,-7.55385280982725,14.6934689536409
27.1095118300479,3.53790911075146,-33.0848290594376,-6.95029385851476,14.1498365947064
28.8541585120169,0.326195932266702,-32.4062255701874,-29.3646678021266,23.2247951023167
14.5063934209677,-0.50282528655884,-26.8305394239322,-20.0195896199282,18.872670783312
19.0641195443705,6.11239258565981,-31.3571051142397,-25.3892356336323,21.363184356936
15.0282333267157,3.02987710649489,-31.7250418113738,-20.1021277858323,19.0788990342837
19.0485758549904,1.95767321968122,-30.2420798308472,-18.1737115924442,18.0248924159187
20.7457227720007,1.70908310080928,-31.2247088215396,-16.6422894620442,16.5691894406666
22.9056297876823,3.39991401075254,-30.7343224307578,-3.9423241771736,11.6948032462076
29.5115344649866,6.44016812535189,-34.0896525276652,-6.64031121595594,12.7057157409669
27.9198194120511,5.08043238933879,-33.0181578093679,-12.3812844805441,14.9050064552753
24.1977268956699,5.12288137736664,-31.483646337436,2.03114670350143,9.08728331584127
32.0542848755943,8.69179137575732,-34.4395063514293,-4.90535338784713,11.5150275724225
28.2728143357968,6.14175332504518,-33.3527116022693,3.51463549531873,7.97545792767107
33.1642997481548,8.48682280798668,-33.3850636455399,5.98524855760003,6.74238833980423
34.227115662133,8.87641507536233,-35.1152160331707,3.13935432441583,8.04816834643371
32.0200128254298,8.80866031609765,-32.8322627387712,13.6359196666119,4.38261780405657
36.6408251212778,11.372160837292,-35.0865170863252,3.66152525728104,8.13183326933296
30.5991794687925,9.07389208890485,-32.8007902855493,2.8318555566385,7.99142751895933
29.9815268615169,10.2810536681082,-32.0716019867017,20.9000222513204,0.729356892458504
39.9162645880744,13.3088174286298,-35.8585320934913,14.7867673242304,3.52722740336499
35.8339681472962,10.2481929892546,-33.4732721177391,13.1398120254476,4.53560066740341
33.7573001682759,11.6322898261081,-31.605007913318,11.4804742512595,4.96337235875868
31.8530348223271,12.869500930608,-32.6132759489518,12.4115158375904,4.50151012387454
31.7858445981994,12.3649203569712,-32.0203031485013,24.8116080361475,-1.15472503464416
39.6070914746951,13.5249178658613,-34.2469543837901,28.6296394231569,-1.91608606900588
40.683835295191,12.8757246166146,-33.399492093115,23.614362329966,1.35770272328046
35.319782778427,13.12612394639,-30.9456762451871,8.07414049131348,7.85931175102946
24.3675628919336,12.7636742386761,-28.4187403564476,7.0680912560118,7.61609994924931
23.5422843334175,13.9080067307857,-28.8353818920813,21.690723639236,1.75186106965476
31.9095127824674,14.0533649128397,-31.4323162625496,19.8817502290134,2.90424320247792
30.8354245352833,10.8829162658891,-28.9448264503611,10.9532040115158,7.07558390773348
24.3897796873925,11.0241826168648,-25.8991215776846,7.13459791722458,8.57486863049269
20.8540485550797,13.2258606120418,-26.2257177689107,7.85217161497952,8.24766532058628
20.6250568389117,13.1578916866762,-27.0400208793891,1.09767917141855,11.2434518958852
16.2803071874244,9.90352226320073,-24.8603535141875,0.64879619034633,11.9456188834585
15.4701234755714,9.59636454140405,-23.4693401299744,-1.29410056412869,12.9163161780172
13.8460845056581,9.68034552382844,-23.2741407906751,-6.63428983840768,14.9677024012783
10.6272532974422,9.0438722278175,-21.9770314011272,-4.70406552620409,13.8542687636612
12.1613462090851,9.52656883626061,-22.6357685033839,2.44128457006321,11.1909141618646
16.2446124953037,9.69337473358103,-23.5958644264653,-0.609206743576397,12.5588372995314
14.5056696494404,8.28154686963437,-22.3758612036235,-5.14280491029284,14.3853584250407
11.6908308211522,8.71933467656704,-21.1310553702504,1.33610196777153,11.9693554855526
14.8100694721701,10.6712484743394,-22.9247920745911,-2.34188951121035,13.3064545697337
12.9286667760871,8.93217387164026,-22.271021587105,-2.02003904874805,13.160163427976
13.2268068987705,8.88787925425693,-21.4769185635254,5.19839910979846,10.2387520965094
17.3966250182338,10.1932611190121,-23.1488884572026,1.20026771987961,11.8897958752936
15.1046448207571,9.12730475906634,-21.9883192934193,4.99625683465512,10.7098604450114
16.6660881392389,10.4859037464049,-22.2328489379976,1.4501498633461,12.0101917331503
14.5349487959308,9.77701420159284,-22.1510852763642,1.66273684131943,11.8070163922497
14.6687489936869,10.1090378815155,-21.5853677667321,9.77720125355936,8.81240477752424
18.9551006167071,11.1150331046248,-23.29403118941,2.24505718652529,11.9593053154842
14.5836726499383,8.9901413631092,-21.2336003886598,3.75982401235087,11.3106089726283
15.2402725433259,10.4569582268607,-21.2137073667107,6.86270999077238,9.96010042804453
16.8230405821188,10.9839521838013,-22.5922806906185,5.11067852127713,10.899938370967
15.3191911189159,9.8542451221924,-21.4727539534098,1.14655906752093,12.6158264093481
12.6713205740007,9.2890853466498,-20.5436334512194,-1.20814513269469,13.8476434875395
10.1896739402077,9.36739148079477,-19.9938793950107,-8.33404814705259,16.4773875672508
6.09135190808416,8.11041116714818,-19.0414464148081,-9.79047541682198,17.3050457442307
4.89595689699261,7.70302871673344,-18.4294438491012,-4.98470813108469,15.4884258722862
6.71206599890667,7.69850868539867,-19.3357741483139,-30.1453154434208,25.0610639637746
-7.14746727408099,2.66315528736731,-14.625010563438,-26.3380645612094,23.8436141736419
-5.54863097586939,5.56256356815565,-14.996499749027,-16.0654695362923,19.8892114974227
0.51680584571834,5.50474323030844,-18.5214727820409,-30.3945998022653,25.5664706473643
-6.66613713334066,0.607544798463217,-14.0456745062387,-24.5311100005169,22.5454636124737
-2.13613357208804,3.35771205962225,-15.4971126656443,-18.4035142524479,19.7098485849879
2.07882274637264,4.27884281163864,-18.1211073306049,-15.6194036324629,18.9614842019036
3.83780830056577,3.65718330485836,-17.7137250287139,-20.433001812499,21.2394407357118
-0.695859984979445,2.5419375340713,-16.8418719677979,-49.3770944553299,31.1164379511363
-15.6373553085411,-0.854453322400911,-12.6899293323638,-35.3630254567727,25.844610101415
-8.09867321107059,3.3111991066288,-16.1137234853917,-16.1563995730859,18.5428501029975
3.6483437679931,2.45072824973476,-20.3338317319079,-42.1280442473427,29.4564971682295
-10.6931248150017,-4.87908584202824,-12.7720518384513,-41.261181179148,27.9090836016628
-8.64592679814789,-0.0422840936154794,-13.7146887623004,-22.1260319532617,18.9217486194878
3.92496642941607,3.86759997651537,-20.9542076476366,-7.43911915152117,13.3389901047391
13.4770824023932,2.3206312183043,-22.0177466999765,-16.2350546366964,18.0751562047741
7.53357418902769,-0.51363154081156,-18.7833147835247,-28.3282379235375,22.6519278533128
0.205741354478996,1.51386614220984,-16.7983411888408,-24.2546286506309,20.1298223264196
2.81253036331276,4.7186223416172,-20.4871679579886,-9.99811566923655,14.0977013615588
11.9861020223944,4.37383329313618,-23.1638932758436,-11.1717691323522,14.8447012991147
11.9827170281166,0.987345547817687,-21.53043748677,-17.1510178187704,17.447141072038
8.43492252966546,1.73066656325523,-19.3060839050459,-18.1488320776117,17.6907532014661
7.18713927763087,4.40866402155175,-20.8337369358585,-15.574502734786,16.2397087837465
8.95764896812926,4.67552885510156,-21.9893361133385,-11.2062784980137,14.2479099268247
12.1874043238696,3.61019840962912,-22.6617370874261,-13.3402398586217,15.1779772519039
11.2354703308106,2.45534429033424,-21.3611051235898,-14.6781207310181,15.8534799644389
10.174132721803,3.60839619992057,-21.1088645608918,-16.7202797602304,16.6277149843361
8.59884986751568,4.20272075234231,-21.3710638671882,-15.9535570746836,15.9606012216564
9.477998235065,4.12732483031592,-21.7438108031769,-10.8710367161989,13.6095272975962
13.1017999942555,4.2274899144657,-22.8184847169656,-16.5300140755971,15.8867894787691
9.94119342194432,2.70229977106223,-21.3497309728771,-15.4972462729662,15.7056570819541
10.1562156850682,4.17017141199281,-21.1946587565655,-14.7385099099961,15.5021073486364
10.1756405952882,4.50789113644463,-22.1914398936703,-24.3876641989293,18.7338572486817
5.35769489607268,2.51583934457947,-20.2787725916218,-15.5153649028979,14.7323384911439
11.3050736328791,4.63273481859056,-22.1358688227125,-5.64355252983401,11.1429012165856
16.8664171577916,4.90853803014866,-23.9514538191489,-13.719830211916,14.3919005607721
12.5597510217068,2.97339054712235,-21.3449114324968,-14.0641708817302,14.0115925392474
12.5553506361262,5.26986285919919,-21.6973821986672,-4.01854236128694,9.58494609346151
18.4767838022956,7.41674401416871,-24.7135356338052,-3.86180733688722,9.45997007817452
19.0356271039715,5.7577077230139,-24.1483751749742,1.38798890041651,7.56487586490997
21.8792388161475,6.76756454484218,-24.0823385247613,-0.956050624540572,8.20237585403839
20.4413843886813,7.12602947364895,-24.1887651222503,-1.64599811260114,8.12148913977321
20.1345848024125,8.14222495388103,-23.8830281270803,13.1164472323964,2.27067508345389
28.2538563661471,10.569046585311,-26.9411086975466,9.24403240515366,3.81245074286942
26.0703576610597,8.26087148542256,-25.531232054565,6.14852409183405,5.01394213331438
23.8604007335505,9.04688831224406,-23.8341963773383,15.9886360749009,0.903539074809462
28.927157632581,12.1161778028051,-26.5884403575534,13.1912099371848,1.98086796512719
27.0549878728138,9.04515865192711,-25.6976886253701,31.4979295071376,-8.10426583428416
41.1800482388584,12.6228725118472,-29.1758740539777,63.7860964822508,-19.503200351797
57.8473507490575,16.5313246477734,-34.5712430925772,47.3453567245854,-9.12519267105341
42.7381165684291,12.5315803409275,-27.5542008603783,2.27342441729387,10.238445284518
12.2542830006461,10.6428569396596,-18.4934742687843,-4.15994502051826,10.4708647098874
8.86464136946405,15.0023743784709,-21.2755910192617,32.4928019355132,-5.75132102941591
32.3395063129496,15.9442939205334,-29.4972760400457,47.4278314151466,-10.6369550045326
41.9925327279882,9.48051999349502,-27.4526460445666,24.8683737103232,0.560392255282621
26.4603448248664,7.29802961190122,-18.9299176859501,5.44948623398583,8.99364581162364
11.4689118576019,13.0092016279128,-17.1866051256911,4.24523984280249,8.42666193129507
9.87828250644068,15.2699390958749,-20.6963287064298,18.7957453945757,2.03441497857614
19.6270614086683,11.8865549868239,-24.2498203964765,-46.6609174813153,28.1758156333032
-17.5813663904956,-4.09978591979591,-9.85913436250764,-21.3740607170468,21.6234872105372
-7.7890993728034,7.24303461644794,-10.8693018874116,-28.0954605716716,26.802615997763
-15.3245831725884,2.90704777647639,-13.9248871567705,-79.4882359971437,44.9886429413193
-40.5518834881016,-7.4291907361748,-0.180333808449389,-38.4355919836426,23.9831393077107
-10.3179097799029,3.51761784640871,-13.09360757285,21.9319603441044,0.266306191929671
26.7570531400275,6.27179684257929,-24.0687578100144,0.569483333116653,11.8033988584221
13.1340765175368,-2.94048209585213,-14.4545373611924,-37.7135109565206,28.3308696421728
-12.1878867160149,0.385673602560884,-6.31536862839692,-38.3726358756626,26.3675982998938
-12.8351058226375,8.5518596832493,-13.9103851617916,-11.5474212259835,13.8219787458959
5.79207044662446,7.4172865329467,-20.5855943305323,12.6089463585877,5.10836663250587
21.7408481357443,2.05224586625317,-21.1242765520546,-6.69687878124391,14.3351832846157
10.0488471760048,-1.24097492229483,-13.7818516929503,-25.1978253803901,21.8527147325422
-2.74660957783315,4.77527648750598,-12.0194818457655,-12.922813488325,15.7009319917485
4.07999042643303,10.3436248600446,-18.9592045756012,-0.899696152241001,10.146570024532
13.0292752461844,6.08924453253332,-21.1714315346763,8.5014721436479,7.10888118987887
19.4692076567471,3.21832489746843,-19.3139311527011,-1.71199187220286,11.8001968383489
12.9275989550748,3.50305327311389,-16.6870777299925,-10.6994214825465,15.269347162796
6.48068922997689,7.14734466631435,-16.1408492253124,-0.242553520732939,10.5791769605098
12.2322361964418,9.69643827108711,-20.4174684602927,1.06255257305451,9.6474738690752
14.2206780783745,5.82995383561608,-19.9844107684067,6.94171417510269,7.48873393752666
18.2179922469148,5.51383190633139,-19.1067251873924,3.58072208403487,8.966119668514
15.8615085317477,6.2636060397222,-18.7262592796108,-1.76687922690493,11.1214334747235
12.0132003585472,7.60057509089489,-17.8826828254047,5.10468210100378,8.42240576156472
15.3634372279171,9.06831214655286,-20.0599324326296,1.47206673957829,9.67157192322611
13.6983506586298,6.44302430786333,-19.0241029026344,0.629007160907541,9.92122156478544
13.4890112197362,6.21746359106819,-17.8364566942231,6.99156073074826,7.41952225239266
16.9163810222818,7.980521475199,-19.363522287955,2.60921677714545,9.24215076594555
14.0896217455673,7.04387121410617,-18.3944259784604,1.77077732227151,9.64652121172122
13.2444708948295,7.44419199985008,-17.9056380463312,1.0763531893235,9.81417840524532
12.713801370709,7.30693931322184,-18.2412950036561,1.04776173777249,9.80682020247266
12.6882102338827,6.99231300855097,-17.7493715466386,3.55548532550893,8.99315851392211
13.8777537127971,7.1525591106869,-18.0376164577166,-1.32532590237676,10.9389319108709
10.9732437333454,6.24219051386133,-16.850767045168,-1.10901328598606,10.7454370607631
11.0114006907752,6.97979940755519,-16.8876581086682,0.191380804579378,10.1216641873143
11.7387547626615,6.99144670391476,-17.5004109435655,-0.656759598556349,10.5677737177293
11.1803993190804,6.28462683501643,-16.8081241312134,-1.05839641792382,10.9414855951714
10.643109084336,6.23582672169864,-16.4863268226235,-4.71112911594561,12.4562753937052
8.30331040680775,5.88787633573989,-15.8054125769162,-5.05228599543689,12.5278007422889
8.04761285623258,6.13272678533307,-15.8084916039884,-2.095466700604,11.3718960844494
9.76995377415557,6.19388585827435,-16.4244956781223,-3.16055512231322,11.9682412832204
9.13217393390988,5.35304392412038,-15.7873030469508,-4.55641731152524,12.7532655295965
8.04528098607263,5.38638626402649,-15.203318050882,-6.26932278951495,13.5422423460142
6.75890284762933,5.53085819150175,-15.1221323443779,-6.18812179501358,13.5550652187152
6.70992751414487,5.53624749835677,-15.1758252002967,-4.59700470455848,13.1041709998391
7.52924490337698,5.28246422032429,-15.3621468233677,-5.93149154603087,13.8774463517715
6.64272964898524,4.67619050044368,-14.7368888236788,-6.34774715646693,14.2606991263517
6.16484485085603,4.8980952694219,-14.5231882985246,-7.32852043446466,14.6886746417422
5.51872503407314,4.89973774645087,-14.5816361458759,-6.7682074874437,14.5191279096978
5.88821996884796,4.89141635575073,-14.6405881850558,-3.98128382413343,13.7074758662512
7.30068789609731,4.93779721752499,-15.0189149179667,-7.00105956498292,15.0850081976346
5.5188967499791,4.15547070967161,-14.2489872781423,-8.51678527943875,15.8141278381916
4.4793695645508,4.4230897146939,-13.8839796388706,-5.3581693233284,14.4922977663879
6.40139900606961,5.07078145998947,-14.910965331802,-6.06761170379394,14.771454659126
6.28161347454405,4.29775009016773,-14.6797352523972,-3.80238395333274,14.155929374099
7.44872830074301,4.56109806623418,-14.6867578554159,-6.95639032403758,15.4813602528266
5.61653608576089,4.07886455601597,-14.3460983740723,-7.14614612769189,15.5371962409502
5.52507823351016,4.61607839022563,-14.2279234550124,-1.59199798772561,13.5520685335424
8.51748401809035,5.2917059282971,-15.5899233497271,-5.75699172827447,15.3953150033604
6.21582813966436,3.75985957027773,-14.3968578315092,-3.62641198075602,14.6971494825014
7.35133958258367,4.69347725599997,-14.5208490240333,-3.24490704453821,14.4683988219224
7.62766758615697,4.80172353075538,-15.240513930096,-3.49415063574145,14.6758623422302
7.57857809690076,4.65284075101079,-14.7709228194532,3.8996567531168,12.2620551667843
11.3027220363655,5.7114351944635,-16.0454908968468,-3.26962989813886,15.1793057538841
7.29138411267502,4.01157424357939,-14.629929480986,-4.07006045176988,15.473866332899
6.74841368443234,4.97408624492701,-14.1807951166898,7.83895895262938,10.6757834427355
13.6697426621214,6.95364521537942,-17.2337751214006,3.73902016548442,12.48666608601
11.417424934511,4.56313446398621,-15.9845737119216,-0.151937359885491,14.2373011636938
8.90794339048256,4.72034114954025,-14.5616830945219,1.7153887448933,13.9161787129785
9.03777004515625,6.05538304814189,-15.6856361580066,-0.857982529169051,15.3447805142303
6.9764626029537,5.0335743549583,-15.102986577281,-6.10129250017885,17.5207578980487
3.9373875070198,3.72030727439243,-13.9168588447712,-4.01927099495533,16.6680436024222
5.29030245545946,4.17022529087741,-16.6401509115923,-104.639383824535,56.1531195303136
-53.2150572398404,-12.9339329353451,0.468678821791282,-53.3411526347956,39.5500195141437
-28.9455788432882,2.72487684970593,-6.57476462380376,-64.006515579365,46.3800178418177
-36.7856235940516,-10.518930448051,-9.38139797114579,-123.054445021745,67.6055512215999
-64.1491506127151,-22.9420744268727,10.2189534109712,-75.2299415381555,42.73945938076
-28.4372332873699,-6.92910450688089,-7.8868292253074,-13.5149305294429,17.5540455201414
10.9032260132911,-3.3365113337333,-20.2987908410593,-23.0119623500647,24.6533223120896
4.43251532690948,-12.0942563168892,-13.5363345581156,-70.6472862252379,45.6234056605248
-26.3221284850786,-12.0578800332856,-2.84943527946034,-79.6059505082887,47.0034824638542
-31.5771536270126,-3.15614606385769,-9.08148715738804,-49.4385789098216,32.1356428265444
-9.90364904907534,-2.29591660651122,-18.7342229100082,-20.5002686432102,20.2719021342442
11.2016367637005,-8.48252437584582,-21.0972706552601,-23.2727088857593,23.0811022461985
10.0553170281427,-10.8271288482795,-16.044899147892,-45.8901093542983,32.7455792917822
-5.04903418515987,-6.16935486958878,-13.3287731338088,-49.7034345947709,32.928959951929
-7.73866326768639,-0.383437102568776,-17.3319613958726,-24.308925217306,21.4703608799623
9.02361650478965,0.0628421692081478,-24.3980874984506,-14.6651321974162,17.5935574229262
17.1137852013249,-5.87540802532118,-23.5066338310727,-16.0387285354794,18.8417978078339
16.6574768686331,-5.40229077145824,-20.5521410180763,-24.5525228763729,22.3202604007003
10.419241338163,-1.22236663163484,-20.928881655682,-25.6092542942709,22.1858350462354
9.20998395313791,-0.475250630947856,-22.7219816222417,9.86009465887772,4.21125793239977
35.23829409534,3.36593077848146,-31.4396866971519,47.3136123037501,-9.17324577889558
56.5530873511174,3.72819779402085,-36.0393153848045,24.2666629601074,4.54910400389775
37.4961941500624,-0.546225662175063,-26.6964605561733,-31.7663816091969,28.6251694576005
-0.496074981153792,-0.343992331376961,-16.9850714662201,-37.1021320427663,28.0880812484966
-3.52526185691018,5.66377548997305,-21.8234495614377,7.15279825320632,8.24686672338818
25.8743599477573,5.24990576828013,-32.1011647092727,24.8563949234714,1.99360377084398
38.7128546674074,-3.2244135723742,-29.5564949870528,2.02592034640366,13.369203958078
23.4101515256338,-4.6372207659408,-20.4716982567411,-11.6859102164829,19.6867255085258
11.4024850772683,4.06793122740559,-20.6355893133945,-17.6263746496617,20.7274358752532
5.83216687772546,5.63659974357526,-24.2207595291292,-21.9449535002213,20.7674905172285
6.02971204552229,-0.741062082705628,-23.2524711589326,-9.60664659448492,16.7911167265524
13.7206195206885,-3.0412546587698,-22.7752289658204,-6.69159658270044,17.1336869575627
14.3882670337159,-2.75035077617022,-21.2873256270477,-32.8897429827555,28.4043227800004
-2.54203852875761,-3.84082648751655,-16.4298244217268,-37.0867983592791,28.2802417493351
-3.68475270269602,-0.224235837332892,-18.1000384662544,-11.1966606422716,16.9669643297968
12.8974390972474,1.42713018415676,-25.0041998996145,-1.34061735294726,13.3452120370277
20.2004933692825,-2.92629997629839,-24.1762871973236,-15.6459510776199,20.1318770450869
11.301812924437,-4.350264514532,-19.2014017362719,-20.3182562121605,22.5287660859599
6.58699042999394,0.645659881278833,-19.6048442874142,-25.7179696898408,23.8111829844546
3.55113294907548,1.01250810171155,-21.5552466010374,-16.6932012187388,19.4880777744931
10.2659237881761,-0.143970313162726,-22.7855290224144,-6.05753073139034,15.2412342843301
17.5900874137179,-1.48610715490548,-23.9845597475761,-11.3909070950056,18.0647195453841
14.2948052773567,-2.04905035370031,-21.2689997040972,-16.1313901388244,20.7103630447398
9.81730438235845,0.473072944489763,-20.9050413139464,-23.4644914928619,23.0376159428165
5.60110635841065,0.63927499896451,-21.2436842953925,-16.0477535850234,19.2296667352382
11.118864811817,1.00367894327867,-23.016725741819,-0.976171153235505,13.5260473059944
20.3308701541426,0.819636333199245,-25.0746336601197,-11.6912386535037,18.2181067124487
14.2855636001015,-1.77957784498539,-21.6168726337359,-13.096145783959,18.8697500226755
12.7599561299751,1.52156786720164,-21.4134862847114,-12.5155051116299,17.8680512792345
13.2594610016105,2.76000215657959,-23.887716993657,-8.71834932522731,15.9498448392556
16.3262738273378,1.98442344243921,-23.9475495915288,6.17532509155001,10.702766285585
24.5941648772395,2.89894778516508,-25.8592056294338,-8.30648783697895,16.5518069953164
16.3034067042214,0.15651575287177,-22.4835631499086,-13.6171137447336,18.2700974921652
12.9480245557747,2.73816432877973,-21.5317163870213,5.19986073526827,10.2684999050093
23.8446533362421,6.54616888856951,-27.0527998569543,2.28635987753819,11.4521690455312
22.7421577529587,2.63050343199678,-25.4473200716947,5.27020773422659,10.8270324152497
23.9827904560788,3.51507381432103,-24.0291728965963,-1.66365417616799,13.4598447398313
19.4270843207556,4.05852307625146,-23.9706415449943,-3.34543802240933,13.8264513307528
18.1277973878108,5.37590245502657,-23.5305326048428,10.239518684231,8.55405699211218
25.5434162786468,6.82879064828268,-26.667753770585,1.24002457963209,12.2620393799732
20.5510452044519,3.10104062466675,-23.7090556152062,2.74713250825757,11.6788703873857
21.178003216157,5.02143742439318,-23.109236764352,3.71654590363372,11.0300201939019
21.3659788802804,6.12967296568383,-24.644613080314,2.13164978086339,11.7635652697925
20.1423308335593,5.57985699440641,-23.5827362880889,8.08803971716494,9.90427733266131
22.763102014415,6.18976902112179,-24.3671280848181,-1.28843239961576,13.6808064855907
17.1623340348673,4.13587578445544,-22.2191577605607,-3.47786236723474,14.2312872237205
15.8805303819373,5.19869369083479,-21.6595302157887,5.0915145081722,10.7084069986912
20.6283933519744,6.66613589665358,-24.0228611450084,2.3815053587383,12.2115641280552
18.6340058432033,4.57445675356476,-22.6091046333685,-4.48756847303344,15.3154776353064
14.0544014535774,3.87795633983056,-20.4739519007569,-8.24123235993959,16.7931297772107
11.3416985500622,4.6256972421834,-20.3685475059303,-7.28873546527521,16.2241596872196
11.8966546359614,4.70489982477577,-20.9200065974278,-5.78550997330986,15.7253390240593
12.8635052132031,3.66980502748987,-20.8325733868909,-7.11920860957251,16.5647258750268
11.9478630359338,2.86004933750556,-19.8392326109843,-11.2604321438169,18.4659152092408
9.1294122341728,2.83577731159481,-18.9665510254866,-13.0214431203084,19.2614146320748
7.74487753311205,3.30000670415455,-18.9381704392398,-12.8206636222682,19.1960989514037
7.83383111979556,2.96797275185728,-19.2337180794874,-12.850609209652,19.2923423445449
8.00821499264862,2.13457921763184,-18.8939890418302,-13.7449529013427,19.8000571227195
7.5381266556855,1.76598537250647,-18.4790382694973,-15.3056010188843,20.5490570070697
6.54177236415844,1.86026986788595,-18.2156088179782,-16.3537806837522,21.0706763139392
5.81439201278313,1.92031774730101,-18.249424611862,-16.9068622303749,21.3709439660292
5.52131942247881,1.59748185518223,-18.2409496589884,-17.7705251544387,21.7831452871468
5.17886375236121,1.10097857092329,-18.053921684797,-18.249389116945,22.0637360938147
5.02848829092107,0.925311201386442,-17.9326386532027,-18.902222494163,22.4216077440934
4.71760518784935,0.83835950915764,-17.9239491620309,-19.8899423306313,22.897877945826
4.22729289568164,0.666843644516101,-17.8448933948976,-20.4813150958084,23.1848569844206
4.01529053059872,0.497390807329399,-17.8799328428926,-20.951916675238,23.4181903739115
3.93567327628519,0.263327104968844,-17.904067949238,-21.3600961976889,23.6523203947839
3.87724316433825,0.0678583738222645,-17.9109898006508,-21.8706623716463,23.9287492913613
3.74762685362758,-0.0802566846613533,-17.928834900988,-22.5551735696522,24.2536117611126
3.53062673251928,-0.22114954489952,-17.956313756643,-22.8736565756612,24.4212963172055
3.54037577269863,-0.320114213092054,-18.0652375369259,-23.3041676925648,24.642937903765
3.50039534517071,-0.51226974145242,-18.1517743486033,-24.0907320027696,25.0122801563031
3.25437421664316,-0.734204073268153,-18.131061125227,-24.3556064254765,25.1747849552155
3.28237158743841,-0.809013966237417,-18.2465362474054,-24.9664313006263,25.4381498198236
3.1832395087372,-0.993666614520049,-18.3369086891643,-25.2260349444415,25.5789278348171
3.28868831550582,-1.10639840785702,-18.4391691148238,-25.0796922724737,25.5660128045579
3.61562797336207,-1.16832504323715,-18.6580524556422,-25.9348811351208,25.9574664677684
3.35488517843526,-1.41120763366971,-18.6510822112936,-26.3623401829122,26.150084503643
3.36222045564145,-1.44494028679208,-18.7538564542348,-26.1543537305682,26.0853141429937
3.73982076179555,-1.45420744201623,-19.0482512113562,-26.3652578227447,26.1874389574033
3.91076401698663,-1.64101091607444,-19.1721518275037,-26.6525598184032,26.3281962271103
4.009052876597,-1.75014888227561,-19.2716213378639,-26.5277129710364,26.2918594565496
4.34584960751054,-1.71729763497838,-19.5114025471656,-26.7881689228421,26.4281820206099
4.42270271122668,-1.81012307670647,-19.6760815204334,-27.2307730437902,26.6389736407782
4.3993841451778,-1.91703404382708,-19.7655220482208,-27.6031454694707,26.8152530210863
4.41522234725255,-1.99512540013191,-19.9152510792441,-27.696415767013,26.8634007153403
4.62222588206516,-2.05482321186221,-20.0970908283812,-27.797841369568,26.9117579420172
4.84394111744736,-2.14937599041652,-20.2811782083315,-27.8892225183044,26.9658194959651
5.04602275488742,-2.21334250933955,-20.4352808512131,-28.2548161249898,27.1299659471965
5.08195688655947,-2.29020494514081,-20.5830885201699,-28.8405762883845,27.3855756206243
4.97215158393389,-2.37764033957018,-20.6759104493105,-28.6963156135664,27.3545633807435
5.27715735333647,-2.37038625726414,-20.9148641397081,-28.8873430116062,27.4303980329825
5.453488060736,-2.50685447063301,-21.0866049919118,-29.0117897663251,27.4827721780543
5.66685351059046,-2.56474032311133,-21.2206249273685,-28.8764348706228,27.4390328225672
5.98335606673204,-2.53378541072465,-21.4781150202148,-29.9170342759199,27.8693965011566
5.61124241329472,-2.72676145487912,-21.4881025248473,-29.8782311417903,27.8880992530544
5.83146234246684,-2.66071493477016,-21.6805519069259,-29.8301133408416,27.8634548606658
6.12981632708228,-2.73666974415555,-21.9393550254709,-29.4234987361747,27.7007896342124
6.66773015338883,-2.75956465282789,-22.1327746162587,-29.4988313857068,27.6963863842409
6.926046407218,-2.80597482768506,-22.3486801917824,-29.818764761028,27.8024832028147
7.00693408566204,-2.78692406454554,-22.471982981069,-29.3344279932415,27.6521516714319
7.4293329972503,-2.65084148336066,-22.7978228952931,-30.071435111427,27.9913664988376
7.17713916129557,-2.85607392133754,-22.8321231164983,-30.8443600456121,28.3046874270384
6.94874259541869,-2.93362090433824,-22.8454549414114,-30.4195900470478,28.086986914827
7.46452224405251,-2.80691707034594,-23.2022808225697,-30.5864581280531,28.1345215999236
7.64913858501939,-2.96014992079856,-23.3641064138815,-30.3379873152379,28.0631156617295
8.01979750302105,-2.94341855591988,-23.5078519279322,-30.5257711808727,28.1592922789136
8.07022376189129,-2.95816689102985,-23.6759339637149,-31.1786523200451,28.3709776518864
7.96174551930152,-2.98656682165876,-23.7501995089514,-30.7669821171082,28.1784000767313
8.42431298246313,-2.86636523211474,-24.0770484570746,-30.249394457231,27.9596966451666
8.9804748942528,-2.88755000394275,-24.3553056966244,-30.8950177597419,28.2607053912432
8.78519387692127,-3.05944877984153,-24.3345589308672,-31.0305720021371,28.3274624411774
8.84407959839245,-2.93414280346279,-24.4737247556163,-31.9446903227419,28.6327805906804
8.55156369993728,-3.01595057116826,-24.608658488562,-31.2584364310857,28.3459665976351
