u_q_m30,u_q_0,u_q_p30,y_q_v,y_q_delta
4,4,4,213.527745560991,-75.6306799475329
117.78121576368,38.0678748675696,-28.96935405546,29.023175031084,-14.0965097209563
25.7809328586237,-6.86640752321023,-1.10625664970752,16.0825108408203,-24.352028529657
33.7527654426657,19.7463984697121,3.16500263744781,288.941413691255,-136.884405975138
191.226599487794,67.1583942126161,-72.4577038182086,284.675774553196,-111.35389112711
163.417559879383,26.0735300980553,-42.2967137552271,0.955349510684832,15.8368773577287
-23.7069215903209,-6.23785017627629,29.2274143073116,-137.212006004782,61.5466732476056
-108.591617926377,22.8630610792661,33.7221105376954,51.195761458599,-29.6491053014634
16.3733680131375,49.234221577702,-27.8002530366041,211.075136112481,-92.0404572867
122.624749088118,13.9940078042046,-39.3496750669699,149.582467290323,-54.5028855695063
81.643945937363,-14.0515736666343,4.95735214056488,-10.9306257499393,16.2432387416486
-30.10565005769,6.92347911004003,32.9782460719806,-46.8226279986207,24.6085311032493
-59.181510727167,38.4166753229476,13.7296022843305,46.3196761029365,-19.6331053768863
3.33822876599325,30.4783412688042,-13.9717802711307,118.154208412743,-46.7346214737114
55.4340827985519,-0.0119172822336626,-9.10902180559946,76.3885070506667,-23.1655082033707
28.5987774924854,-9.48556038280729,15.6710565619502,-2.93055984656535,11.3807090000181
-28.0907016502803,9.9034703006051,26.0926090402539,-15.5821076333988,13.3839648335517
-40.3705446003369,25.4406391918126,12.6679400208325,32.4673663761409,-9.00540097514488
-7.32469482680506,16.0807005090238,0.583764441922306,62.8728927325404,-19.8251694491383
16.0286109795174,-1.69983670219476,5.54813993837844,38.097453081384,-6.35141242396639
0.226176651499522,-4.36413246835004,18.5974376027504,-1.76099035134673,10.9303192583699
-28.5461052594985,6.88933421512215,22.0831111228158,-5.94387215419239,11.116417746676
-33.1391224562281,13.6354770038807,14.8655586052082,17.2782092741326,0.445478470422991
-16.5507195149872,7.00482636476878,9.34686230014758,30.00228371269,-3.755635934195
-6.01742669751076,-2.27141281521229,12.815672415608,16.9312639626903,3.3233925996766
-14.2602288553561,-2.80425807393535,18.7837142956804,-4.00124501457005,12.2868777077755
-28.8884803954973,2.67958427858099,20.1822689611297,-5.7113898456499,12.3001620193587
-30.6050603073754,5.43435678287029,16.3174769189869,5.52597560802224,7.27651569180427
-22.1612971856323,1.43644682911459,13.6960897475491,10.0997276277906,6.04213490186128
-17.694806573518,-3.46392422710332,15.6577846826991,2.37134729049779,10.1762684400119
-22.3533951893392,-3.67995547048459,18.5266460439417,-9.34125082833563,15.1538254056756
-30.0502411303511,-1.29317662418888,19.0067308952825,-10.1810261338723,15.11829146852
-30.3622252256669,-0.31036762194562,16.8525569327279,-3.88065351760171,12.4463548541528
-25.3658975089078,-2.61555114270052,15.2506215160192,-2.9278445131187,12.5291859029633
-23.6011873568968,-5.45933499201465,16.3754515835814,-8.85274176192464,15.567443478052
-26.9491491308781,-5.74932106915935,17.9088921081413,-15.1903264692584,18.2502008702286
-30.7025708721324,-4.57142397086921,17.7865128205241,-14.9821119481332,18.0197358344064
-30.0448149044892,-4.39006208945696,16.2743095226429,-11.087939474294,16.4522708868946
-26.606743757751,-5.88236435691328,15.2346816583647,-11.3999377794131,16.9365503601636
-25.8473652582993,-7.54645139315021,15.7319735455924,-16.6860412357302,19.5180938633065
-28.6742732141206,-7.89042981382851,16.6295669401542,-20.0948599153119,21.0562839337751
-30.4475213716306,-7.23601186426826,16.1754465000531,-19.5546021853431,20.7827410613956
-29.3942641935461,-7.41215684925066,11.8960508535607,-156.590032309166,74.617467508348
-108.301535916765,-31.4443563039786,35.1816708755434,-89.2144789375107,52.6537720595312
-75.4167853336945,-10.8699117258085,25.299444809381,-98.1890420655636,59.6814035815803
-82.0151940280095,-27.7096655217965,20.1383673037442,-181.457390629428,89.7998695825956
-120.380987251173,-45.5987915295719,46.5272580811744,-118.643893993189,57.080936137327
-72.7178199198561,-23.7632106194539,22.5085161882094,-33.1263110260557,22.2517905605662
-17.9035042163678,-18.3885972448895,4.29885041633388,-44.0645211134915,30.8617290705515
-24.4242187625755,-30.4581625074753,12.8711338387399,-108.120989448536,58.6955638339492
-64.5425458463034,-30.6974680650494,26.7022127368771,-114.922411088714,58.3173702025851
-67.7465223786169,-17.557802841418,17.0383438460822,-73.1058450310269,37.9996602692684
-37.5536695102006,-16.3309167964832,3.23375506284861,-35.3003289385276,22.882107520839
-9.87700038242153,-24.617907423461,0.315900377087561,-47.3431277214713,29.8490389581549
-15.8975955985384,-28.6767510250939,7.72661862296859,-75.1504781211936,41.5963212408572
-34.1166786253801,-21.2492547522996,10.4648585327155,-73.6312045314984,39.405288416007
-33.5095709374626,-13.5222052310245,2.99978913941464,-53.0109757908002,29.3579194118773
-17.9712280656243,-16.1752150187748,-3.49231107957291,-36.9467467738415,22.9314934592931
-5.03775680100808,-21.7416084704524,-3.31664177935651,-38.8239367723456,24.6121298911412
-5.369429821107,-21.4715919791321,-0.863901194308189,-52.3363334363615,30.1171418574578
-14.1044739081079,-16.9705484003383,-0.375848098317996,-50.6239139321072,28.5814125986013
-13.1309704340153,-13.0122003169594,-4.35985009177227,-39.5590313026513,23.1769060958553
-4.76002991646989,-14.5327449230315,-7.94423902218811,-32.2851440309241,20.1141413703959
1.57888725919295,-17.2679912198313,-7.66950287532374,-31.6601093415178,20.4791697453603
2.10572352669901,-16.4607949152939,-6.87027249948272,-40.0736958348132,23.7742934246047
-3.15953261032532,-14.3821749905116,-6.55764585956549,-40.4605089953868,23.1858807803942
-2.9963832235119,-12.3654349590889,-8.51417570674404,-30.4804437428158,18.5494977814668
4.01552435703341,-12.3277799552639,-11.3812191820834,-25.2182100545121,16.4759029727982
8.10971164995672,-13.9237254739413,-11.4230651577411,-27.4782820205595,17.7655034161132
6.80598757697082,-13.7126128073792,-10.2627285444728,-32.3875730097041,19.5464283336485
3.72727272677733,-11.9158278530748,-10.3677064600515,-30.1509167349667,18.0518507636582
5.39055860902569,-10.3428116045282,-12.1630395995474,-20.6363207081731,13.8797880444267
11.736609871199,-10.1370589882308,-14.3140004968837,-19.0019979253677,13.2259350072588
13.353362247968,-11.3832818799312,-13.7508687161754,-15.5243109106015,12.0217230527498
15.2670478711255,-9.65960300688081,-13.8966364600971,-19.7582538452198,13.2687477881878
12.9125445662335,-8.81600311603179,-14.2651849652973,-16.5036293297171,11.4637960937884
15.0482103262695,-7.27193330885678,-15.1975613847218,-2.75249519763153,5.89529629758573
23.1507907282367,-5.8450760320086,-18.1758896968343,-7.66719670819581,8.00432251606675
20.4017376412567,-8.05982586798113,-16.2180053812888,-5.70280174080791,7.16721408617664
21.246407083586,-5.70815784606196,-16.1302110905885,-4.72779742220595,6.422222462598
21.4602105952158,-4.30751298515356,-17.7236618783401,-3.45160288970343,5.85794502543811
21.9746394911425,-4.15217670743882,-17.578723523629,-1.43594993523298,5.48493907915521
22.3302374559324,-4.27226281797799,-17.7038830293444,-6.4914076036849,7.72929779784442
18.8681903214712,-4.93232140801616,-16.1259786677309,-7.72005787771544,8.07662280471699
17.7995631275221,-3.93400567958785,-16.0916400837446,-2.27353370598398,5.6537636376435
20.9014460078252,-2.82247034981066,-17.4378102994171,-0.272854497438815,4.94506295534836
21.9613903840103,-3.32578029210867,-17.3736821902713,0.354411568329781,5.21931244937916
21.5090136126164,-3.1432685993187,-16.5513296135133,-4.93398861189231,7.37557496585963
17.8950534057992,-3.04431379202097,-15.730958456957,-4.24799820121126,6.84655548103619
18.0364331796617,-1.76051661342396,-16.0372187831449,2.98849662202953,3.99694582501576
21.9235390110153,-1.07284395327195,-17.6016198998751,0.449554272165256,5.19542335687217
20.3584886002437,-2.57716350170221,-16.1822938041679,3.41866186678578,4.20437051057944
21.5725128263101,-1.14007417575808,-16.1368510275794,2.38711997424265,4.46647276951863
20.5944781256686,-0.605691240857277,-16.5288339586438,2.51710262782809,4.37839888339302
20.4329339865624,-0.206709278072449,-16.1674424946222,12.2611942192732,0.811895102872132
25.3897777058667,1.22952179417772,-17.8569735530683,7.26360623278784,2.95468326045217
22.2164472057604,-1.9496578398716,-16.3661531130295,17.4563642277264,-3.93847020625604
31.5273297963475,1.4441455377158,-18.670694562657,64.1395305940971,-21.0498024555948
56.4164087553267,8.549112900944,-27.1723834178855,43.2057880510148,-9.07042657076843
39.5116038507729,1.70051354701625,-19.7419434755505,4.08777598189975,8.20571157104632
12.624093165384,1.27979435460141,-10.1719926716019,-2.02738647705366,8.1039208597466
9.43590292241134,6.21755415168509,-14.6600502787241,28.7231016260864,-5.8324953143465
29.4854683023236,6.93378841224384,-20.9886706889518,60.5770818731373,-16.9268093367147
48.1363268672239,3.81497349359914,-22.7309498290203,26.6211611934719,-1.08066219182347
26.0176187242965,-2.16814765589202,-11.700482701431,11.3194400228803,5.31497690830319
13.9630318176622,5.95341129021254,-9.95206888733571,15.7224556745096,2.00994914754264
15.8057466269106,9.36975630475433,-16.4806401124995,30.6704815333533,-4.36742881664863
25.7379310616503,5.38478715600759,-17.2175665602882,42.7142824590691,-7.57442502061858
32.1865603099976,2.29463554938291,-15.9816739288317,17.4644807216124,3.8152601154009
15.5920638267184,0.149827080802854,-8.96141096152311,2.02189977698847,9.76170151474814
4.68937741609042,4.59747489002256,-7.78865782820564,20.9168487336207,1.52110005509223
15.2561120517469,8.24412244145855,-14.1428389193721,24.3224193073209,0.103699169653688
16.9162381100767,2.16374780234608,-13.2795250020904,-2.72958304184133,11.0888292518261
1.77410372207268,-3.79312772173541,-5.24607773315753,-9.65881056557457,15.1188820939966
-4.95231819341411,0.291762277100621,-4.37621859446285,-3.46367183486264,12.9717933047529
-2.57784746486293,2.19977187890776,-7.54950906404807,-17.8691839079012,18.7545183019644
-10.2939007376839,-3.99094577569366,-4.08349268311185,-14.6284967356215,16.4022868406112
-5.97430416180686,-3.70463894028797,-3.79241321646536,-1.74553472773233,11.3478178189481
1.94683016597666,-1.90440726469556,-7.09823381644722,-2.85481082368131,12.3601437732591
1.2179328629309,-2.87485695907186,-5.79161249942794,-15.1650869041725,17.7544389874231
-6.57407471830756,-3.55273857189872,-3.65236382048956,-13.4628652530763,17.0761849393456
-5.92289816283894,-1.51227419025716,-4.80998700895444,-13.6799129293069,16.7075010905671
-5.15581576551913,-2.81000085532446,-6.01982964721349,-10.7587340261452,15.5282625686883
-2.55510987913901,-3.81780168794948,-5.50228300821898,-11.2912679862831,15.8706453930598
-2.51737480205323,-4.16906216107211,-5.64845088696192,-14.7205664420211,17.5258446762576
-4.61974719836503,-3.72742258809587,-4.85955146939764,-17.6419463595284,18.9643159031854
-6.74925792677638,-3.51720882356558,-5.21260606447712,-19.9078995531509,19.7315590587035
-7.5528408210188,-4.24287086632053,-5.06102334342815,-17.0647106292185,18.3564531627544
-5.0356426100228,-4.36598214063142,-5.99581247945353,-17.8296507014756,18.8818037776477
-5.13158510901145,-5.25850014937823,-5.63673532616781,-21.0183564708158,20.3738029318951
-6.81092030169225,-5.34335670668226,-5.04721581571211,-22.299485553596,20.9726643894107
-7.50276294687911,-4.90489800158636,-5.39726422450244,-22.7695310227277,20.8507601632069
-7.03705647834354,-5.1733154394539,-5.96438269200342,-20.1117959603395,19.5383033839917
-4.49178189186287,-5.25208749514121,-6.61699719036823,-13.7777747250051,17.3592468566747
-0.617631172171671,-4.77965489814274,-7.66313898401691,-19.7273186533405,19.7770478279244
-3.66692828097213,-5.81306429335564,-6.64976531644909,-22.5298269295067,20.7870349623636
-5.10615014324651,-4.92675870393538,-6.39001243213019,-12.9840130988468,16.701657799606
0.93659472036305,-3.11853250210559,-9.31661420431538,-14.0165354802745,16.9780299634657
1.19708061225417,-4.90316934957268,-8.99581412906249,-9.43514318265581,15.4535726266619
3.98309084276657,-3.96322832399388,-9.10925358492408,-13.6073942321325,17.0580227957473
1.6862214062691,-4.0803482928962,-9.24710603538188,-14.6986407259255,17.3344200897323
1.20919120269006,-3.18719941785303,-9.01241952288786,-3.79136080777901,13.1340084037769
7.45409797489535,-1.62570268010916,-11.816236888753,-10.6173230531944,15.8272084891186
4.05411377585136,-4.2510751595205,-10.0616981685673,-7.00952256265309,14.3054737102879
6.42130465983264,-2.47563277827152,-10.3573394365132,-5.59569143045634,13.4833237357745
7.41127093210643,-1.87962570520618,-11.9195528416971,-6.84749544713903,14.0661137667992
6.73741422720326,-2.2125636756935,-11.0854047713568,-0.0973377714615988,11.7979316007348
10.1682611217697,-1.08740461202268,-12.4742884224919,-8.74092456922815,15.1758252127759
5.35618329472748,-2.92852252842326,-10.878933274888,-9.84284831851346,15.3683180482528
4.90130294439727,-1.87271134686428,-10.6040111348036,1.5209317716424,10.7622589727288
11.5518847990384,-0.0409871324052267,-13.6066001946513,-2.13330446881105,12.4427718793004
9.57712299353163,-2.26790005121495,-12.2501233958092,-3.13225863102164,13.2011750999691
8.60190282309216,-1.60389663210499,-11.3065810691094,-6.26681838398753,14.3658121538259
6.5256115610106,-1.09367628328236,-11.7704382214468,-5.99522901495061,14.1368746940761
6.72272094221807,-0.814674919764228,-11.8191197236759,0.192703670834778,11.889262182365
10.2061902366047,-0.618800895067461,-13.0651030873334,-5.36391945847971,14.2836126703623
7.07977323734844,-2.38845943455084,-11.3806151501563,-4.9023457940409,14.1490764832
7.22630775070481,-1.13482359680716,-11.3409220854199,-4.56156010751163,13.8608938556347
7.40058677701979,-0.702770676926331,-12.3157401039851,-4.53558623921304,13.9200785406004
7.42323133996664,-1.09471698290244,-11.9608970136483,-1.44947491019816,13.0680811378534
8.88088248660384,-0.94954679932873,-12.3795520375185,-7.81696568638518,15.7133821467737
5.16410975448404,-2.0710856412031,-11.0595358006035,-8.98415369324128,16.0986945371469
4.4623297194785,-1.2739887071272,-10.9399489438426,-2.78250514993808,13.5398233702803
8.17221660213164,-0.352933990975596,-12.7335159345587,-4.57927367304102,14.3390017504288
7.36798540617515,-1.80295769631506,-11.9958026176095,-4.99559217671778,14.7810413870095
6.93462748917793,-1.54978322396493,-11.4212540853663,-7.84348619608327,15.9794832773451
4.99973458149683,-1.37015331076335,-11.4540573870666,-9.62150267907709,16.6170032371481
3.98947634701538,-1.3083151741994,-11.237683065929,-5.33143272156241,15.0589506910601
6.41707367865234,-1.00172597602794,-12.2271959108606,-8.26360127375742,16.2818997027376
4.87049075203489,-2.32763136996229,-11.4137606052642,-10.9286530618658,17.3037343480027
3.50081026929821,-2.24774814051305,-10.7514526143624,-8.59696703192057,16.3843437260984
4.78383737478402,-1.30821169494686,-11.7616413833714,-8.69327257810469,16.5294228230574
4.47659616922161,-1.80614221256864,-11.7810550895257,-14.8764308929455,19.0660457297931
0.98033914253709,-3.08825930779226,-10.4885962503687,-16.5596334434329,19.8182194384453
-0.344581724766284,-2.71626801027963,-10.3465680539616,-18.8590313331713,20.5761997959714
-1.36771607625095,-3.21067756597238,-10.504531980051,-18.9539786724601,20.7603266550611
-1.24991683974638,-3.6860660167149,-10.2852824494603,-16.9746250287233,19.857934329144
0.358255658118117,-3.6986309019796,-10.8151971640671,-20.9168475182404,21.4137695990138
-1.55853269548098,-4.51946719685901,-10.1122245435994,-19.9186327461526,20.8720969810655
-0.598484380621038,-3.71281512984922,-10.5621001799463,-18.1382498710653,20.1184948701749
0.706635802233905,-3.58589550211791,-11.4632991813059,-17.2014886671938,19.775992512359
1.63030015274392,-3.89732750545397,-11.4543945166405,-18.7382855089733,20.3000782849425
1.15158628983213,-4.10834781204959,-11.410433098721,-17.9965263026141,19.9043228631525
1.87419290217109,-3.51480626872803,-11.7693124316039,-16.2062632836914,19.1104345181143
3.18160113776318,-3.23204393741037,-12.6018168716832,-16.5569561818951,19.2293868372768
3.29167230761492,-3.70183062582157,-12.517127469257,-15.7303587869052,18.6651586519767
4.28915734898144,-3.41374149655855,-12.9155572795652,-13.179090230533,17.709643356129
5.87241184357753,-2.88567332971443,-13.5891084671892,-13.5794523171404,18.0886733958733
5.50410413150238,-3.19323978180676,-13.5390978008041,-15.7982254751265,18.7429934902369
4.59267926594028,-3.25490235627721,-13.3135688344024,-12.9355236516964,17.517232981406
6.38279165377912,-2.55309124879614,-14.2315479800752,-10.9394387691369,16.7022037387173
7.75217726264034,-2.65686295942147,-14.7412006752335,-12.1392403694237,17.4541615301112
6.75633098404155,-3.05059835107226,-14.2116580827388,-16.9018505725759,19.4125968427883
3.80320683440731,-3.74604693472305,-13.5201528354732,-16.4982017412034,18.3432447383886
5.14445911072944,-2.94569865600479,-14.3822964274705,-3.37765550485893,13.4331526018398
11.8710928291519,-1.57137161222754,-16.9418508614507,-18.5161866520765,19.9325827218378
2.81262036620452,-5.63366276437609,-13.5851857955399,-31.4589533509338,25.9175966930928
-6.08415907938664,-5.50162022504052,-10.3914020098516,-26.355943209321,23.6520204014697
-3.30023700731352,-3.32352509155769,-13.3865371680038,-31.4850340958667,25.2016392748059
-5.01508493355977,-6.62432105450028,-12.563627236445,-23.2798940504542,21.4625384889401
1.34404395107437,-6.1529164471382,-13.2338885860129,-19.6367218788168,20.2759991116698
3.68359575909942,-5.97512256778136,-14.3075010579318,-28.3684369418051,24.0873620541687
-1.62223686214393,-6.54574634306107,-12.1722842781995,-30.9408094926145,25.083752164523
-3.40122857587816,-5.17221556528171,-12.8984895679248,-32.0771977884189,25.1509745208891
-3.48253857710863,-5.74452570482282,-13.6245692175884,-27.7492335026487,23.2272872933979
-0.0239489372732737,-6.32693007339513,-14.249801279788,-25.0927529666607,22.1341997942591
2.23281788131323,-6.64071497469005,-14.7401848242741,-38.5761050050427,27.55524553811
-5.44173979477764,-8.29303401131041,-12.277381912217,-34.9869890519067,26.1988759389447
-3.62802668816043,-5.57252639718977,-13.5247714380655,-33.0965910260882,25.3751263348946
-2.2080722829038,-6.34960948557659,-15.3264079245079,-43.6298896799225,29.0807484320284
-6.90673778776792,-9.37358685145872,-12.6317565090245,-34.2256416091101,24.9495387162898
-0.624741216441381,-6.73392725157092,-14.9240821879503,-31.9052223618555,24.0862501927712
1.09875349554969,-7.13862919245317,-16.0387041268927,-36.8281413054745,26.1051143430031
-1.44572310051506,-7.95552043497143,-14.4822793861393,-37.6104868511911,25.8682559222701
-1.15536668288654,-6.88746395440637,-15.4359137953791,-33.4886309160085,23.8098220532036
1.97982135146539,-6.14516282977475,-16.9070070861324,-27.7715135004316,21.3272191645723
6.79818765113839,-6.11853160740051,-18.0463172487328,-15.726973755387,16.8998910013058
13.8991981420764,-4.54138624606037,-19.6826728887214,-18.373122575886,17.3752217402854
13.3102500735192,-4.7665037094442,-19.626327953011,-22.1849651095281,18.4182545973307
11.3508817614297,-4.46105233413622,-19.1818274841497,1.83700573177825,6.78856505395092
27.707597989895,0.661909773580983,-25.5411361520603,19.3427283356324,1.17577642137231
35.2086495780899,0.473712360177196,-27.9426432808457,-18.3576734395855,17.8631546818512
10.9404741823687,-6.07338431710665,-18.3342370371698,-42.291159575143,28.5335711293063
-6.47254960125629,-3.37270856463146,-14.4613078545357,-29.6195146342765,21.8671433969801
1.76825716162766,0.109329595855627,-20.8340080361514,-22.9390455641777,18.1944648362427
8.39836865683019,-5.41156173934617,-21.2735546411732,-8.11388521669556,12.0055279886428
21.2891555293198,-5.76594244903165,-20.9342199635338,21.8163298438594,2.14894539687379
36.4231139400743,0.68900958989237,-25.3466228147698,7.7956436426867,7.14883814393235
28.3826791874368,0.259668815331876,-23.3563721190855,-12.5915027552949,14.4598219538402
15.9753730516946,1.30022081991806,-20.646607878441,27.0603606029343,-2.03755431771927
38.7303554882906,9.19415641623695,-30.1758727409196,24.4260635002077,0.677145914502691
35.6623176314301,1.66966152532526,-28.2678617440403,2.81170187866815,10.3200986241672
22.1815862243909,-0.914464189683734,-20.3168765488815,-35.4752583344135,25.0240240226991
-1.79799710908536,-1.27888579130458,-16.9540246942356,-6.79958760522218,14.1525019800754
12.9733667640615,5.94238713926777,-22.6517822850605,-2.93579495357454,13.737757258152
14.7795101523989,-1.71954961556156,-24.1070482207179,-30.7260542272982,24.985348774242
0.184597480753318,-8.55655947903675,-13.0712794729501,-24.2045194421608,21.4787636844604
4.39234773670559,-1.60848530826734,-17.3711841491299,-5.55109241380602,13.6482092252694
15.428894660658,1.54022828745554,-22.2855331812998,-4.14413029617055,13.8689346953772
16.1693877076778,-2.22718763457795,-21.3726302390663,-14.4096502894882,18.8516323605338
9.47120908050819,-4.11442456145713,-17.307810368959,-18.6814310174018,19.8946013629907
7.08905467664521,-1.49699447025043,-18.3064360946173,-8.76967554969894,15.7979740617776
12.7547419565319,1.62840761234224,-21.1424801104721,-12.3657611220361,19.7775848956464
7.70522666925473,-1.98762193813512,-19.1550421117649,-43.8987798910356,32.1545267873123
-10.1140446885942,-7.02547821783359,-12.1057724426555,-41.0571333488815,28.6268852786636
-5.72630178934106,-2.642999223762,-15.2452833392552,-5.52412592252267,13.4994842367188
16.8516586047046,0.832676633327521,-23.6167246378394,-1.35640978669446,13.3106352307267
19.3540574532863,-3.48517197075615,-21.3937076113122,-29.5156555687406,27.4328582876894
-0.600603110622374,-6.02292749729054,-13.1910282561883,-60.161927309123,38.3654344571985
-18.6788804158321,-3.8897781079832,-11.0042313330911,-40.8570762932396,27.6627176986987
-4.20704053684704,0.919869873185917,-18.8792399368102,-2.42714307908276,11.9978288108986
20.8133763038587,-1.12587407960388,-25.4816564475385,-8.62921892535486,16.3217154769498
17.5954971279126,-7.71272320897473,-19.1558782355906,-33.1992144695912,27.0376352655391
1.5344467819056,-4.81827243724967,-13.8607933567312,-37.418410459966,27.9154901428356
-2.29887651355159,1.83042931135275,-17.7723027940397,-25.2117147183844,21.6220044157039
6.48185920377601,1.35570800312375,-22.5203404954623,-8.84081530921871,15.0527145233678
18.0413075709882,-2.48481309669141,-23.3054684562995,-11.3880413519823,16.7417631816909
17.1025024109136,-4.38997648028574,-20.4217205935188,-22.562264418548,21.5540381280193
9.55986539911995,-1.28619228433597,-18.4827575468994,-15.3208367121603,18.4788336316183
12.6385295059844,3.54747469278905,-22.3461671672474,-14.2541128405166,17.2671429004074
14.3004445946127,1.19975430926452,-23.6168968755566,-8.74909894975724,14.8920875113905
18.6076678545559,-0.255521229093241,-22.9682775065068,-4.79617800228642,13.6036727872972
20.8186415129357,0.481941861893321,-23.3887264697317,-10.8740156888595,16.5147315528344
16.2291694722828,1.03634931575358,-21.9583812531207,-12.8670987098162,17.0632362644793
14.6375058149584,2.48439275873528,-22.5711539830825,-9.98623426890392,15.5992605893214
16.4393152877391,2.43657744812365,-23.7165816818317,-5.5627511707559,13.8172549118984
19.3624572472738,-0.200183868091899,-23.7477611898644,16.6152488688088,1.97053289202955
36.6982839648384,3.48118717821024,-28.3900213032428,47.7194441244158,-8.83101302255079
52.8339602382174,7.63425507427712,-33.2150527726608,32.5399625242588,1.32109183678022
38.118716215516,4.75334426868302,-27.1189388900711,-21.2804212341218,24.0928651730953
2.6889742084383,1.44437755987217,-17.0830440701371,-24.4252822385281,22.8221771063301
1.52470314386618,6.80508937029756,-20.5733915398077,18.3776965488128,4.34797434851373
28.819276506068,7.65531634313801,-30.4418024814469,25.6117915039298,2.45433029632496
34.6305747486322,-0.715016697446008,-26.3954822974531,0.900251102640942,14.2859401850824
18.0935649748801,-1.8125422386847,-17.8695523085688,-11.4448074144104,19.5615798761641
7.73717095112346,5.48120765190961,-18.5948290452099,-11.6033413467143,18.4735093140316
6.69950692374018,6.57454830728006,-22.2784544912151,-9.31115582112964,16.8349049396226
9.87753713935091,1.05224882664115,-21.7121777396176,-6.15664511502858,16.3556049885449
12.2257642000954,-1.8983561742262,-19.6044923580031,-10.1085589169158,18.7706736100527
9.16886104467785,-0.869027527424752,-17.7788286842983,-23.1238379026634,24.352828999816
0.272754634835599,0.0876298222061984,-16.3468513797047,-24.8198539266708,24.0043311388149
-0.59770661602676,1.06736990987803,-17.6159230768401,-23.9571075082396,22.7472209397735
1.5350090414133,-1.31430721138639,-18.6122905708868,-16.9743674742833,20.5440391357978
5.96650326296484,-2.38337322602619,-18.1703861228273,-19.9923910485557,22.558775903433
3.81944226313014,-2.92992404672154,-17.0556467547726,-32.7667275053143,27.9317231379771
-4.16469123677204,-2.97468632167405,-14.7375849687988,-32.4153470155734,26.6842591828585
-2.85404229319442,-1.13392419051262,-16.7668006307942,-21.2493095884266,21.6816660280579
4.88844464497812,-1.22400748904779,-19.5088729723031,-14.1566882852994,19.1046770695207
9.89913483806545,-2.75764613008602,-19.5962447314359,-22.7568877990911,23.1231449994134
4.63905145178416,-3.68265571533001,-17.1410660543948,-28.9247458135222,25.636185166471
0.436783844667799,-1.59169600727851,-16.8502340866739,-28.1587048463764,24.8263799924305
1.12300493105731,-0.725609496126068,-18.8078170806476,-22.3737664515698,22.1354460023712
5.58461439880483,-1.77348580335953,-19.8503065672691,-21.57346116729,22.0554105574962
6.60932098588928,-3.39150192306403,-19.2070899804554,-25.7621783958728,24.0006797251495
3.97813635083964,-3.15430522012689,-17.9676734592385,-32.5966709294771,26.5821603630795
-0.142899238019116,-2.51970536532379,-17.7902582868033,-31.0365365650228,25.6422817379524
1.0909281915659,-1.87396832787096,-18.8759362070982,-25.6347992233958,23.2673562807711
3.4504850753697,-2.53176023205665,-20.1861331014633,-56.3574898207375,34.9052323405809
-13.131134900179,-8.7509208256024,-14.3166781247468,-55.3413857434897,35.2145705319204
-13.6215269950557,-5.34242955078419,-14.2892997405796,-41.7103620452127,29.826548801978
-5.39616210647859,-4.37113435294813,-19.0403194326829,-61.1897639096804,37.3199973264301
-14.9154177937368,-10.9370756262328,-13.877332999444,-51.4972302384713,31.9863684572436
-6.61716564256085,-6.98725749070586,-16.0637822669308,-37.2157586560191,26.0437769986042
2.46083093455015,-5.03038660916352,-20.7827997840849,-36.9596299622929,26.2668452813451
3.20853229563959,-6.45174931972683,-19.4091701060982,-45.3541143650976,29.6788387996672
-1.60708680011959,-6.56156808595346,-18.2984396770694,-42.6300262326979,28.0262931577827
0.49742134850842,-4.01469944312999,-19.8782452305789,-37.414787890444,25.1951887693301
4.65429800210349,-3.83703695949452,-22.3676872163781,-32.0023283546698,22.7203874675136
9.0114260986255,-4.44100861911006,-22.5464092047935,-28.8913706396228,21.5511853754637
11.1595192039885,-3.97484470005869,-23.1032258847432,-31.6573669770706,22.5531521566092
9.56891543569469,-3.14026104246375,-22.6350302496024,-30.8843283522778,21.8819852271958
10.1220311953688,-1.70180006242037,-23.7788245020213,-27.4395818437033,19.9946135304932
12.7278198060325,-1.41244821563722,-24.9621310929524,-23.4524095571552,18.1284865538999
15.6808749899382,-1.59182401459022,-25.4858279622597,-19.3321089672794,16.5494541141337
18.1676332409069,-0.945426624023087,-25.817581560915,-22.4133166011193,17.6196526301791
16.3763161481129,-0.688020177295108,-25.3844264475467,-19.6372753828731,16.1469092345769
18.0477761278223,1.00432709070258,-26.2304501952196,-15.6887511468674,14.1522329755894
20.6714128202967,1.44570612316539,-27.6050018237272,-12.67572235556,12.8807007881406
22.571977506777,1.33369642239743,-27.4463599401829,-8.37164503587,11.1894451088881
24.8791325867406,2.30098115912616,-28.0110615752049,-11.8153783571952,12.3956095510375
22.7281930747502,2.30979929411405,-27.3597248553814,-9.03701623212901,10.8895780163203
24.2741299524191,3.88878630263826,-28.0138638534448,-0.994334884413064,7.57277907864053
28.6898250290161,4.96182329126913,-29.7397489930414,-3.2695139762599,8.59446878994908
29.4418394041705,1.96454281303344,-28.4797411548279,52.168589725767,-15.5963787895317
64.5267803217757,12.4412630558111,-38.6177489526028,84.8844057178902,-28.2341457443074
83.2437160351203,14.0749322680616,-44.6736959303437,49.8579051636588,-10.500725124592
56.8407799234304,9.4358035518409,-32.604093622976,27.8269223764391,-0.312801582927747
38.1146696384045,15.533453300534,-30.076697447895,12.8483383641523,4.93663109384649
26.9665311660474,15.1756478159762,-31.2638143628185,31.389818587337,-3.80229546241484
39.4892200907107,13.1410522746273,-33.4441579170593,44.2516199634626,-8.2195773294313
47.3722205297251,8.70686646214093,-32.8666273524448,33.4573946831466,-2.03062671233546
38.8527111289426,7.61747578576961,-26.5291524515614,12.405084412903,7.39910254758928
22.9262816793648,10.3360647276364,-23.7035744626116,7.18292838035818,9.14327110947946
18.094915802746,12.4215484195518,-24.5924171989299,14.8461226016341,5.72163699683341
22.7823802545699,9.83754790021388,-26.4622779144808,17.8185693409957,5.11792527781501
24.9072818137445,5.75724964288311,-23.8752752322534,10.6139995861599,9.12359572357612
17.8032592534593,4.97331803035696,-20.7892854626364,-31.7683303654038,25.57771626517
-7.64342806489619,1.57777308983121,-13.9747685823347,-27.7989652556953,24.8885235322563
-7.83726613529923,5.78706178630674,-15.7294053251586,-9.61660061008547,18.1684617318779
2.75972646549615,3.53305127602039,-21.7203160559024,-108.667744317214,57.5979322377725
-53.3864108854377,-18.2573727036037,-0.566299952457647,-69.341708718881,43.4034552093056
-32.5179337907135,0.109675606097944,-6.30085970011955,-77.4187253561672,52.2907689871105
-44.0112457055804,-8.79461975959005,-9.54394011702893,-166.782316330099,84.7711712129999
-88.6014458206369,-26.5444041986051,13.6151346418108,-123.114772488286,58.7729078864509
-51.3364740301521,-10.7052179159558,-4.31498671776235,-10.8370213923256,11.764708351266
20.8870485028627,-1.59380014881302,-27.8072926883632,-12.2494026200296,17.4014981150645
19.2022719297484,-15.3535336700659,-19.0842009782014,-85.1599669738263,49.7814786475317
-27.8944569989165,-15.7266002244596,-0.865351465133667,-107.321970434533,55.6912343084997
-42.4032994979048,-0.891991985809858,-8.72902090880646,-61.8048967304731,33.1471981245228
-10.7778131095671,0.66275084061951,-24.368417237868,0.495042754079589,4.36643697421646
36.1844242248109,-6.50811798632404,-33.0648186156277,31.5308829576247,-3.6420283753355
53.2362959236512,-7.85419099706855,-29.7451340314698,-20.1282670311867,22.6559840078977
14.0083777983983,-5.29471989878059,-16.2206306312467,-8.74647701093629,18.5820458938184
14.9210677717606,13.11228313114,-23.6036000077441,-26.9265040785116,18.0578849793118
12.2563389700509,6.11351847640821,-30.7388955887263,43.8509189578666,-14.2777226335513
61.6088803697326,9.45855447163418,-38.8705936371231,103.63716814174,-33.9751328535272
93.5777073153105,9.93827702964905,-47.141134818606,27.2200146628589,3.73369450025904
39.1451904597127,0.782407921188749,-22.9722106326211,-45.4377564250099,32.8814669309775
-10.1424431898667,9.11192689201694,-15.3656952696788,-27.5851530173702,21.0206728232951
1.63787026117803,17.1304708296551,-28.7832476566524,35.9869702235576,-6.55015507083981
44.6435202853463,9.5716854691442,-39.4605928967971,46.3655114757015,-7.71940674580118
52.3194728349644,-2.86983672706003,-30.1308772026694,3.88587970988151,12.6161644422272
22.7187387798624,-0.52768725765707,-17.8101095448946,-28.3132347311671,25.2452124030387
-1.15863489529586,10.5926729648258,-18.280797616711,-14.1988994436281,17.2682719955907
7.24521940346436,13.3135285356038,-27.1858527332967,14.509415166785,5.12076577684518
27.3756595218788,4.75509240770683,-31.3940152796226,-50.6760488209459,32.3347435491144
-9.52198247499862,-12.9809176289896,-13.5745516978198,-40.4139714363182,32.2017017681508
-9.82145825605671,0.568476296216277,-12.5230847754154,-57.416828171527,40.4264900152305
-23.545793764383,-1.00887527603884,-16.4625665219426,-91.2604126763304,51.2398340915871
-38.4014309075937,-9.90168017335798,-7.50108671557982,-46.843625114023,29.5645786234259
-5.67094890796595,-4.07471671164876,-19.409840954634,-2.74163078535695,12.6034729503877
22.4394019882557,-3.90164026008755,-25.2115336351602,-22.4041437909979,23.2574067452242
9.16922396743424,-8.24260723204856,-17.5478856407721,-60.6792809805046,39.4238619631197
-16.1888183240316,-4.80799593686762,-11.3489597256802,-55.8153246641323,35.4382276512944
-13.1867783356217,2.03044980319106,-18.9363968094381,-30.7194031751945,23.6158297810107
4.94242766464632,-0.811315022528705,-24.9989210740425,-15.1688240401294,18.052568799939
16.3991558382875,-6.27117490229085,-23.6834212905807,-28.9118094360186,24.8851355713301
7.75557413791957,-6.88369165526196,-18.6450092963669,-44.7125196224045,31.236101889938
-3.14982370559076,-1.52214563578659,-17.925525951066,-38.3529382095187,27.836771261994
0.235888121420066,1.94176852120219,-22.8868327394452,-28.6976276182202,23.114018091973
7.92317744378764,-1.6543501998595,-24.8327104096297,-22.4423371880331,20.8229127787647
13.1272223565549,-4.39473698998367,-23.4732138890166,-26.7207312641384,22.9737289611877
10.497857654167,-3.41062446433788,-22.0477638526409,-32.7646594251431,25.3987995744924
6.05455591890504,-0.495485776203986,-22.1317962052661,-30.7732120111899,24.3276929730598
6.91963579829743,0.691318429704765,-24.2039756232139,-28.7331382116899,23.0899072458001
9.1092462671045,-1.28179951462359,-24.6165586044478,-25.3657897520456,21.6862340020508
11.9507698674065,-2.17492475294494,-24.2640850267028,-23.6042810944524,21.0852887720049
13.1208246184423,-1.28359303097125,-24.4140007082856,-26.4131520714404,22.1351296149646
11.372873367182,-0.34028021144659,-24.3127727258528,-24.3324877131742,21.288902615088
12.320164866532,0.710038884802012,-25.2355829579673,-24.2213138604493,20.9494432084529
12.8635060857699,-0.0155150541442737,-25.6160152027062,-22.052594674316,19.8836575411066
14.6484590724588,-0.0117745416482746,-25.60343916604,-17.8993006549153,18.3773364345954
16.9596911092037,0.748561496907045,-26.361967600106,-22.1149485059714,20.0885110431496
14.4797439855954,0.364730250159314,-25.4882157212683,-20.0521821016028,19.157600318125
15.5699104430014,1.64644753365671,-26.0588143206122,-18.0554006933622,18.0247773555395
17.0321628692789,1.73111323166125,-27.0337654513453,-16.7636542787803,17.4198259442638
18.1534953423348,1.52177334410508,-26.7683277463723,-10.9548408340174,15.442954571672
21.0815324326418,2.55926743133574,-27.5963067313658,-16.3005916683586,17.5446444094263
17.9460034284375,1.83401041813185,-26.5837821786691,-16.7438740893421,17.5309796281646
17.5566402393868,2.90646558915359,-26.5128402491708,-9.89605080512381,14.5104504818206
21.6356183370973,4.04149212963568,-28.4686378996177,-10.2229470399719,14.7491211491869
21.5226649978358,2.9041349631543,-27.7841874622334,-8.29575900474534,14.35135877256
22.0844037847552,3.56411657564485,-27.4175203184698,-12.8045513557935,16.0772723489678
19.1877339285617,3.53478121536136,-26.9728096847311,-12.0730855312915,15.5182307589162
19.5400851361343,4.48913835800453,-27.1588391072101,-6.13599204235455,13.1064590289167
22.85210343764,4.95423916249797,-28.5608681785237,-8.37770157109036,14.2248594507404
21.433433568326,3.64604207174835,-27.2820082690588,-8.21035989669874,14.3820871216384
21.0127768229638,4.4247319622812,-26.8614419250787,-10.156697606161,14.9913964391639
19.6193125709861,4.80102605269509,-26.9836471338555,-9.51726748635947,14.5526901814928
20.0038307936372,5.09996829418403,-27.0459370850029,-3.77781605685081,12.4780068042019
22.9628131831339,5.50618234438655,-27.9087918896845,-7.5322790269415,14.1450436569237
20.5995259237784,4.30240463118888,-26.6365879224221,-10.1129446945566,15.2151783838334
18.7084452632648,4.87377048794953,-25.8236669999975,-6.61717196327408,13.6487195928934
20.5057995181027,6.08592109780764,-27.0577670028227,-6.45798078545773,13.5783336116679
20.5679476499481,5.37144522868222,-26.8706287630822,-5.0576021979983,13.2687074315441
21.0297350549452,5.32086649745437,-26.4477896739316,-7.7408243117394,14.4512085293038
19.1245384862762,5.139975902968,-25.8811067401963,-8.7959247664107,14.8533910762379
18.1807647573269,5.68572361478314,-25.5902046723417,-6.45867090066453,13.9317744702882
19.2443538797149,6.05368617072746,-26.2461789000401,-7.90196711565604,14.5592026598594
18.3602582642103,5.20230706999684,-25.5905094763127,-7.35128506771417,14.4521505415084
18.4383342478459,5.40880459425855,-25.3251491566204,-8.48776508390252,14.9288522421314
17.5177615880063,5.43743291706816,-25.1852885290016,-9.27231063378041,15.2943912405995
16.8349827248705,5.54177880971224,-24.866645549621,-7.13603884258763,14.6157331616527
17.6987029424211,5.80636062217954,-25.1988527545608,-9.60336640472412,15.6010820712363
16.2434578879035,5.06114235123563,-24.532760143352,-9.90352350887756,15.7035821973889
15.9644681326135,5.31946146363307,-24.2947133004589,-9.3614934557754,15.4508378296038
16.1483058218759,5.49777457448541,-24.5986843098093,-9.43359670375641,15.6583424705168
15.8638859734757,5.29183761673895,-24.2768767322839,-9.50193732120667,15.9259948905889
15.4452217593759,5.19991590781277,-24.0469417106333,-12.5150755899846,17.0926932928191
13.6588973979808,4.80286583974826,-23.4402178281708,-11.4950492060859,16.5319733105576
14.3224266595637,5.31328554705814,-23.7246101028225,-9.06418378310136,15.6190210421914
15.6453238555354,5.34552822027164,-24.2240060070784,-10.7146836655294,16.4748993903833
14.5431705699462,4.66597741022641,-23.4776151185777,-12.1699180086683,17.1919015514644
13.4180279815319,4.82160439091483,-23.1767651392825,-18.0324328629451,19.4179452658643
9.91798758441622,4.19380578105453,-22.4349201413271,-14.70781241431,18.190220880304
11.6891232106982,4.96463956015709,-23.0366687213162,-15.1802215083973,18.6295180795323
11.243322082823,3.85763854918739,-22.9974958766095,-19.1011511063696,20.2727931768124
9.12876838186181,3.0219417708353,-21.5400297785838,-18.2055358371083,19.7016016880142
9.86329327022863,3.88351291327429,-22.3111734956622,-19.5343934936189,20.0900933233334
9.29589732422154,3.48944893209642,-22.3056703683244,-16.8753614673391,19.2497610693609
10.7598280159529,3.62046332299917,-22.8187614150798,-30.2836788925651,24.7700640447666
2.79088964988097,0.983650841940018,-20.391452721966,-28.0215780696364,24.2109188321285
3.64881460971388,2.6049731970521,-20.4698215119839,-26.6783419777842,23.6662247137859
4.60376805494707,1.98183707843355,-22.1226228596702,-43.1474290211875,29.8432007264509
-3.94311525719172,-1.72629919066964,-18.3246899976621,-31.6583156795944,25.2107510442672
3.03452281439695,1.51552935622117,-20.8202061914536,-27.5257778967286,23.8978536971742
5.5290690025121,0.472929463357382,-23.089514070164,-74.739613827989,42.4464413206102
-21.2248596579727,-7.88502058445704,-13.5882435533446,-53.7541409927417,34.7645255851468
-10.2197223754801,0.199733480961182,-18.0031822925582,-51.7058236605448,34.488697757644
-8.97497348435441,-3.98090287963778,-21.0919998868298,-70.2100284222242,41.3180787292327
-16.9662902112165,-9.46858682088742,-13.8942163229604,-56.7438206450104,34.1675546494611
-6.34082946005192,-4.30841292561894,-19.3269148930141,-39.547719644415,26.7994825579374
5.15919801340202,-2.39523013155218,-23.4355657931198,-36.7314461118186,26.3309293197028
7.08985858044843,-3.87894663978451,-23.1088696128142,-46.2906791826509,30.5992150833109
1.23007205883088,-4.13748317230473,-20.8348347837944,-49.8561804510323,31.2996472822677
-0.38788831586179,-1.91554660044099,-22.1713433059204,-40.5686670389156,26.6667329443532
6.30569232523224,-0.598442093842066,-25.3264770854512,-27.5862272368525,21.2280036852781
15.2002246474261,-1.14780432837867,-27.4675879721095,-28.2080312324857,21.8960532070381
15.1710835685868,-2.42635395626684,-26.0986145732385,-33.446960976041,24.0901440717316
11.7597393551956,-0.776081443536752,-25.2605696947359,-31.2397364283489,22.9299071547793
12.6902880895181,1.75159323207828,-27.2567756659899,-27.2719015273765,20.9584020686677
15.4630788311734,1.28107015877214,-28.6293155077926,-22.1741524984104,18.5910606273833
19.4056242296731,0.569478524412287,-28.9767047581093,-19.1553665787701,17.5607182958208
21.1958576819553,0.983587044015408,-29.0630905976254,-21.7016727829552,18.8774473880933
19.0454329556282,1.55862492609508,-28.5038352129803,-22.0478196361125,18.5856211313499
18.8770661072159,2.8129064203713,-29.1680458417707,-16.275710022431,16.0968940488148
22.2295080190474,3.19649375232966,-30.6378960518243,-10.5303761540063,13.4880889336537
26.1841015797993,3.01045890841969,-31.3306969052676,-8.59470485643225,13.255734572347
26.6239633380505,3.14807220914727,-30.8772942817153,-14.1152830682142,16.0417581769309
22.147167466526,3.14792491220256,-29.4844518658813,-16.3853569585201,16.4931273242857
20.6930921231662,4.26091839729505,-29.7131107802785,-10.1505441190188,13.5810811988086
24.5319373194825,4.96260647672677,-31.4312725862423,-5.51122184920421,11.9820305072743
27.0873348408733,4.10827806941867,-31.3782533440785,-5.74218719346583,12.6762137379982
26.1856074218683,3.91518634325605,-30.21942307349,-14.4095591190494,16.1621430118768
20.5039043753485,4.11908083708571,-28.6649883227205,-12.1232808134395,15.1949618869901
21.1524298517688,5.94856969468937,-29.5540395572991,-10.7301350485787,14.2297338770478
22.2805764263428,5.05783590741674,-30.3400744134353,-8.87282745503112,13.4148809838478
23.6851063305384,4.45923133944864,-29.4088792761863,-1.15441096220176,11.0616910191293
27.182204073472,5.8318949921561,-30.2552245780509,-13.6739215934244,16.067589951549
19.5170912739726,4.08250250238301,-27.7756227040707,-12.5442524343703,14.9135120478368
20.4126558310366,6.32345214622483,-28.3139799341283,0.150615807292455,9.72604440694975
27.6095304643314,7.6576761365339,-31.6452345591972,-0.867450964763315,10.9917291785378
26.1955962761582,5.16784284569142,-29.6197632187544,-10.9579500663825,15.6515293891083
19.227981853224,4.48235590958399,-26.7635244366404,-16.1300066717921,17.6107641976861
15.3675596076223,5.3757974059759,-26.623758665822,-5.73546943759785,11.795125278079
23.1980240554929,7.16108341573048,-29.9857478660885,12.6992058265173,5.29027245135076
33.3249454408482,7.23388220774362,-32.2408895254822,4.67243773676753,10.709561690682
26.1647306257228,4.37651760795142,-27.9212715479072,-17.4106478427419,20.7912904061043
10.624484964502,4.36180338723451,-23.0746831794917,-26.6241377550425,22.941033643949
5.71326023174889,6.46959522604472,-24.2696616765097,-6.0589389666824,13.3601744273097
19.4855372837842,7.98598854245916,-29.1012863552134,20.0187653603453,4.16780267794645
34.7254459916073,6.49681647153168,-31.4371072972383,-5.31316470802311,15.5224350950675
19.1975376678408,1.31726867101357,-23.6571327565273,-16.847448985285,20.2513613604703
10.7075774943981,6.82389011107872,-22.0180340583661,-10.4199478029605,16.4455080410712
14.3024088456739,10.07081977767,-27.6774478956022,0.384590666079011,11.8212841479225
21.665120929017,6.96218627601508,-28.3634343567314,8.88877883175089,9.27771031913502
26.7623041208268,4.84576374575264,-27.5911667065151,-5.51789948023541,16.0262163935016
17.0739511554256,4.0118873376497,-23.4446015045581,-15.4841714349762,20.1364314175626
9.69987500332061,6.99744398937545,-22.6764953608369,-5.66767318784435,15.7443165997581
15.1502594857903,9.11158364494375,-26.4286487810881,-2.27817565175682,14.0056530005542
18.3032616548076,5.58044072634607,-26.3954370700227,1.6346535738543,12.9466313583086
20.7910729792143,4.77488722217807,-24.8988618039818,-4.28612313722926,15.8357335752316
16.3530194878179,5.38137472522155,-23.8759404669256,-11.899324040614,19.041498860024
10.868019525981,6.52771276953771,-22.7941144865731,-6.25985380576289,16.8330192918609
13.5873435799677,7.57344872537639,-24.8391006679103,-8.23662326455666,17.4300179561714
13.0384638271817,4.82034801693455,-23.9799123134956,-6.01152938084721,16.6324414259655
14.694637822203,4.6791063078949,-23.2736237172713,-7.51310105662072,17.3341532591955
13.5990654533668,5.0584307106935,-23.3211903822343,-10.4233953826696,18.6754922119878
11.2797924807319,5.45406170382079,-22.6576243043641,-10.6655641126522,18.9891921119051
10.6394001876741,5.44388333010127,-23.0262759199845,-15.4890165902395,20.9133782082869
7.87546905467543,3.95282936017236,-21.9675270701627,-16.3036360979813,21.1522283517856
7.67417340503437,3.74220172476162,-21.5979507795388,-10.7992815863307,19.0345373140572
10.975895403681,4.43958308612501,-22.7113626172096,-13.71675718129,20.1544948201839
9.58876694357611,3.38061557244404,-22.0077624459112,-13.8187336161653,20.3680767813191
9.3810335839277,3.8789722423557,-21.6893183503403,-15.3376367199058,20.8990945989792
8.51051678360163,3.85587230350279,-22.0699614212462,-16.3078657317096,21.2657036228382
8.06792116685574,3.62171195268907,-21.7339039166806,-13.3606488991483,20.326927486951
9.6490560476156,3.7398656374012,-22.3472035303456,-18.4059804482468,22.3804196949734
6.91215155208421,2.48989466890552,-21.1729486697262,-15.9958872864039,21.3669071864518
8.47332981472948,3.51031348246279,-21.6318490135329,-15.8484690312483,21.0619136819283
8.9568233472557,3.25699779927054,-22.3371623226151,-15.7594052845334,21.0338790981577
9.2966530751632,3.03266745762336,-21.8976646522229,-11.4094021132596,19.7159649531813
11.4340319448678,3.67454999917948,-22.7396773615667,-18.7803471965701,22.7022509463277
7.21720244367829,2.275415445832,-21.3451992940336,-20.6841818778973,23.2221044264223
6.34082701225722,2.91592583037439,-21.1680279641705,-13.7672036558975,20.2931118220182
10.6320007340189,3.86594716959544,-23.2136227298743,-14.7603381631101,20.8801447622156
10.3228253744531,2.32641996127867,-22.5097082903141,-15.7089914027281,21.6871811463099
9.46447902032145,2.3919531026362,-21.7020153035953,-20.306019186773,23.4487752620527
6.75806186341355,2.45932112240305,-21.5045061327818,-19.7079819098307,22.9774757709387
7.34821712162197,3.03577279506455,-21.9476587010803,-13.6241184061836,20.6289365508663
11.0439697168513,3.16121310696808,-23.3283102629751,-16.9761996479619,22.2375264582463
9.2626854926061,1.53901867791145,-22.0447811430541,-18.4304580506737,23.0407762964411
8.22284865768947,2.14551900534632,-21.5421757359581,-19.9471921603482,23.4975492956098
7.37041483299875,2.57980260579484,-22.1109744449553,-19.1877613711774,23.0836281575083
8.11253853644742,2.47655307144807,-22.3439470491322,-13.9881961866357,21.2419193814741
11.182027358116,2.54440880584068,-23.2005517397907,-18.397827751259,23.1740650328029
8.76991877913858,1.26435941792884,-22.0608126265437,-21.096321470675,24.2997892746522
7.12840638635886,1.83680346671969,-21.5056073544884,-16.7261732534708,22.4723385315549
9.69259570822123,3.00471029243145,-23.12610930653,-17.7701910756775,22.8883467615149
9.37137515117785,1.79476977647118,-22.8816588514888,-17.2799071817588,22.8332719729335
9.79474071882234,1.66972419989718,-22.5314262156727,-18.7331844189986,23.5551582528363
8.82206354792813,1.69211714352591,-22.5558465779493,-20.7399646189361,24.438993776548
7.57421034624882,1.69234352985176,-22.3059090093811,-22.8954634633836,25.3007030989864
6.36325893453021,1.30852679933676,-22.3030847090428,-21.7763378091421,25.0055406414239
7.06391997638961,1.1601035167568,-22.5090229973916,-26.4241320944919,26.9896763432663
4.47013100692443,-0.114333258782165,-21.8882283868775,-33.3943010473002,29.903729059345
0.414039738852091,-0.914832870683417,-20.4747665950799,-30.2027854953121,28.8838582279173
2.07959107500052,-0.04067014210912,-21.6763823271942,-37.2777315258498,31.7179079775777
-1.60602570197833,-2.31725185338355,-20.6172765632243,-36.6458199950964,31.4394998620311
-0.650156203872046,-2.12707312183714,-20.3665748291414,-33.2808438323882,29.984008489817
1.91240244199574,-1.87213100836938,-22.3081649110148,-56.2389286308396,38.9809669888469
-10.8300250787348,-6.17330430175774,-18.063890724979,-44.8538541003946,35.1252340268243
-4.89973817145041,-2.40780160717346,-22.3506490739372,-144.911491715424,74.794301404938
-63.1529845878968,-21.1743820012664,-6.58300232828558,-107.655530454866,62.9202851561804
-45.0088798066942,-8.50839452198421,-10.0160944167415,-105.168046622413,63.1456775432887
-43.1219483115397,-17.8201172034412,-16.9885290811481,-149.832471996244,78.4713874500314
-61.1920574917106,-29.4531013613114,-0.734953262053391,-104.246020516272,55.3656098089484
-27.0457445874717,-15.2308342854372,-16.9294261678092,-53.5416688740679,34.7492322939783
5.50940761611872,-11.2779084311897,-27.4067580503676,-59.7616718888112,39.879828463236
1.24199349501009,-17.0448384698188,-23.0118014721829,-99.4595530185175,56.8605827458034
-23.5760075566262,-17.1971331296192,-14.9594699470751,-101.329030644578,55.1711385216752
-23.4522015055019,-9.26924577922337,-21.4556080602089,-69.540403940357,40.112694825982
-1.03167128164508,-7.98118302792338,-30.808863245443,-47.2698422341887,31.2942194547896
15.286408151895,-13.3977830566877,-32.0514832264661,-50.9649204941343,33.9307919985687
13.6639878025901,-14.1419040209372,-28.0756436291402,-66.8247816718144,40.4262859990179
3.05232578751927,-9.35162730055214,-27.1876164071498,-59.8548514567267,36.1860422738175
7.41222577622131,-3.59850850822668,-32.54642506288,-42.0063116867296,28.1167991249096
19.5094808996743,-4.78454240603864,-37.4458914808908,-35.2786049108483,25.9111746077169
24.631540520784,-9.34844902784605,-35.6037261975805,-26.0221689251542,21.4524393100243
31.6500424310812,-5.92098930221164,-36.7124050100563,-20.5746698306829,19.6489860218337
33.4131057101859,-3.03790161455908,-39.0281312177194,-12.7764089524099,14.9284406793163
39.193395469873,-0.0855149475929158,-41.3537721274045,26.2771720271027,1.32624593295124
59.0758476508413,5.11347328622223,-47.7895617332513,0.386748204884286,13.7133228035337
41.1739593990181,-2.21698497508232,-40.6307213428943,-24.6823930068785,24.048700942444
24.5270533432423,-0.295759315179965,-34.3729460041828,-15.1145167118669,18.2819842896108
30.1960601574594,5.28477093328027,-41.3390681564731,2.2180945989459,11.0612115612054
40.9540096859661,3.22843408661143,-43.3679760581229,17.9822970777366,6.544807870477
49.0903597984699,1.27226111287805,-42.6231907122063,-11.5264675728108,19.5260130820735
29.8129079915472,-2.05490434615973,-34.9857783332773,-19.7807015247967,22.276005959934
23.4918053476818,3.98401369463703,-34.9034109660901,-8.21076874053533,16.6370835138403
30.0034796657088,5.97170265566744,-40.6402271338027,1.29978831478111,13.2202610923912
35.6449788431915,1.86424370693401,-39.6123022233173,-2.58007484084485,16.0619396137717
32.4476821166165,-0.749138804418508,-36.2322236656835,-22.5221987575785,24.5964639291543
18.8642153516449,-0.355599858878227,-31.9916464309678,-30.0592161112315,26.9247433673615
13.682915393974,2.37833744656204,-32.7365676761896,-14.665873556504,20.6600454733709
22.4890687455596,3.12442748174027,-36.4093034774115,-12.5726988808827,20.1015016650217
23.1058195871192,-1.3078202918969,-34.9591509372744,-45.2846815284754,33.2714870757558
4.23430660025873,-6.40300242220776,-27.1074230931227,-48.4540321147104,35.0564248912092
0.552685178570315,-1.45041061363179,-27.5725242518265,-34.9771704286129,29.614051465346
8.13258376776189,-0.0728400333942927,-32.3992548159427,-46.3807927507373,34.3977365574517
2.55918923354163,-6.83720455150485,-28.3035515080997,-46.91148709604,33.8022228419366
4.28840718154324,-6.06477980555076,-27.235926224929,-35.5303105851941,29.1122848162539
11.1401315107567,-2.70151262282721,-30.8792933662461,-34.1010314670043,28.5908592966795
12.2785694354849,-3.21065512094681,-31.0319135703375,-40.9857097063783,31.5322045401159
8.28582932164228,-4.26018346502036,-29.5432728001398,-38.1732708834728,30.4262945834328
9.82535628886678,-2.66118565100693,-30.4534299610573,-39.5488625116372,30.7119248591545
9.50297555090942,-3.245507761698,-31.0791777758577,-37.7987147306727,29.8169478698706
11.1604503978821,-3.30545952567922,-30.9758324852042,-35.5371766760252,28.81255715288
12.8520010229768,-3.13147899375683,-31.8480020323277,-36.4049457414557,29.2951931345201
12.4620032771253,-3.07766795841231,-31.4247874563131,-38.7385363729381,30.4876381841317
10.7217749193519,-2.95352011593584,-31.304823453663,-41.0114535904622,31.2521232574179
9.61347497688494,-2.981786452828,-31.1636250335148,-39.0127351894967,30.1359427710776
11.3349517812053,-2.66344190285078,-32.0681131506611,-38.5649196728417,30.0182257819406
11.8502699723378,-3.26409850345187,-32.0244950623047,-40.066247383006,30.7290619257832
11.1598228252821,-3.41623476262686,-31.6130032033587,-42.9455781192623,31.9332263528883
9.43621129641105,-3.33545143985338,-31.3483109313271,-42.5875333416206,31.5214119371989
10.0369483658027,-2.90771227137582,-31.8788555559944,-39.9229231427436,30.1679515507426
12.2790083128899,-2.78604843195142,-32.9086020284673,-45.5445604812883,32.5545926729113
9.1287071490237,-4.2982801097153,-31.6566878075086,-44.6031721396477,32.4091875827818
9.53173548128746,-3.31300725430385,-31.6840344709953,-46.0783871816544,33.0134348457341
8.71633966576517,-3.54167465192142,-32.2111081226325,-50.8870900872874,34.3759734122088
6.91632166128372,-4.44198517318171,-31.3648210285143,-43.2251161774839,30.8938243147511
12.2637786489314,-2.90648611249707,-33.3494570566092,-38.8163949155714,29.4439196471281
14.899554083649,-3.23146988659825,-34.0582376803937,-44.8939635838012,31.9800577371932
11.558930147197,-4.19639118966231,-32.4178705860126,-46.4615549458255,32.1674794595916
11.0194783777446,-2.70850856834581,-32.8240117020632,-38.7116909995021,28.7825870018886
15.8534616201583,-1.23644887426078,-35.170315696789,-37.8010912780614,28.2023451384454
17.11503006135,-2.4969662210198,-35.1255402891528,-34.7858462997197,27.0143513550444
19.1782510780215,-1.91558532668774,-35.0597825080055,-35.7099842918525,27.1450690452752
18.8066804729193,-1.25707067106334,-35.5188148451215,-35.1752695334277,26.6970828293268
19.2325911999626,-0.265777265261524,-35.6849414390692,-24.9853064857727,22.7574601935281
24.9163414952601,1.307725577465,-37.8711704807122,-30.5289742165721,24.7321478047977
22.1252309394461,-0.599368658553075,-36.6270388987949,-31.4375946511918,24.7702754545741
21.8188477902051,0.524012106191034,-36.0036239506484,-18.6451822808519,19.5511265492132
29.030846203367,3.34554259060133,-39.2736179866188,-22.1224990363857,20.9539940323903
26.9836832820779,1.50642399954013,-38.1572213550252,-22.053063897668,20.9923890238407
26.729836795698,2.38398088005754,-37.3586282402244,-22.2650227254293,20.8358125122486
26.315252762643,3.24885359940972,-38.2393998870146,-21.0862621257259,20.2261860917023
26.8442563016399,3.60990472276639,-38.0843883375883,-14.4277081903677,17.7794675128851
30.2587590652741,4.30119827089941,-39.1670909056392,-20.2443335425143,20.0464048655799
26.7474674015341,2.92778192262697,-37.5100789019892,-19.3703680964077,19.467961223894
27.0825317747102,4.41986267956131,-37.5105098783,-15.9971350711783,17.9095432732142
28.7806568974094,5.24701181369119,-38.8130095820206,-15.3276550117089,17.762719543493
28.8284936539372,4.75080853523457,-38.1506497212106,-13.6827249190007,17.4208003846935
29.1279428376712,5.0425131317292,-37.9524423907081,-19.2470511659332,19.5020137582876
25.5251354288845,4.63163859676612,-36.8446839980078,-20.0643202223722,19.4554549517095
24.9693444625359,5.44885303373747,-36.7773834262897,-11.0159977186738,15.8232772199357
29.9481321086338,6.65013557409436,-38.5893545615551,-12.6686288747807,16.6304188683639
28.6169250546539,5.088503274665,-37.4943985082628,-18.9106565720174,19.1712076450153
24.5885373812046,4.86862186806885,-35.5777307631522,-18.9501341401109,19.0621777871251
23.9082119279083,6.36193545836035,-36.2020860374578,-16.6888612770335,18.0164176233241
25.0132950191139,6.41804702438337,-36.7220250912997,-14.4625374702906,17.2618946175738
26.1403436319068,5.73637228816475,-36.4385243307659,-16.7055119533569,18.0809641924066
24.8173781618181,5.30244110585107,-35.4470534335663,-16.0038431242179,17.7238810366229
24.9009893321964,6.41473196256587,-35.514247596048,-14.7383963801613,17.0462129902478
25.4007648422265,6.92049878473913,-36.0550744738378,-14.3801036213522,16.8972412261776
25.3426856950524,6.6168121123302,-35.717886829303,-12.5902035188715,16.2164574004378
26.1231747646793,6.81472198556879,-35.7029889842715,-14.5526588259386,17.0187881641272
24.6948913723043,6.63291051730733,-35.1101921056912,-14.0026898996098,16.763854295145
24.6563458447667,7.27797533124872,-34.9993874641709,-11.6886535046092,15.7626096128136
25.7416301806561,7.67000149336065,-35.5110743258683,-12.5747627005126,16.0392953483871
25.1962181495121,7.14309392012351,-34.9326574003428,-8.75855407335135,14.4577924847358
27.2275939794602,8.02637175182243,-35.3214383043667,-8.26481722235872,14.2778364308569
27.2120531303629,8.06987102409583,-35.3426830718797,-9.46623132320912,14.9063683541263
25.9332295829369,8.14302745982487,-34.5913564492274,-8.6875233756982,14.5486317780618
25.9570116089049,8.69250974316182,-34.8004058431482,-9.62434495183972,14.9026997857132
25.1459233175059,8.35290115039113,-34.4398065066862,-6.40704945705581,13.5094104720186
26.8825652125194,8.87175720801734,-34.7157600800403,-5.24520336985003,13.1748060139129
27.1131971029465,8.78895666667217,-34.6557614192315,-7.99045568425174,14.5116665942891
24.9367010810712,8.40031905695034,-33.5479911698387,-7.16674254228365,14.0403786846932
25.089624331573,9.22831623445697,-33.7589687089842,-4.80571054223292,13.1023780168912
26.1243880205467,9.35724283719243,-34.1653008348655,-3.87251251190346,12.8081816635707
26.3641033349501,9.04024600549307,-33.7988690146495,-4.99262609892302,13.5313754463283
25.0346097353269,8.93493807719167,-33.0942389627382,-8.14129025924801,15.0614598230182
22.4243185675057,8.81176847301531,-32.2687816640382,-8.63189716924626,15.0815024841969
21.8971794396642,9.13051919599778,-32.25615526337,-5.62601106463652,13.8868036726227
23.4567936728892,9.20226148347656,-32.6745873789018,-4.96547503293997,13.956985014431
23.3431151477597,8.61025674418366,-32.1455689110459,-10.9637578447561,16.5813279199839
19.2896210275661,7.83102928277242,-30.53163662298,-12.8826068052392,17.3982847120652
17.6586751977233,8.54969414701423,-30.2539514871436,-11.8426816008816,16.9743579387318
17.9489684655002,8.54476684947935,-30.7569006849061,-12.5934135019328,17.3200225527148
17.5064384026976,7.47949601088819,-30.0675812923445,-13.0443080954942,17.6111810099644
17.1871064374398,7.27697510616757,-29.5931672587276,-16.2138828987677,19.1010843934286
14.8641112964513,7.05594375642858,-28.8533593659805,-17.2759222151343,19.5675236340788
14.0078431938411,7.36967654704831,-28.6597916104321,-17.2711746630741,19.6277306887272
13.8336804069547,7.06904212920291,-28.8794704420644,-23.5560977692725,21.9134919985692
10.5177920683317,5.53802810345726,-27.5368707506731,-19.4979231931616,20.3826540698301
12.8356312674608,6.63233631208728,-28.1641501128505,-21.4595700336056,21.5554617456535
11.2474573012011,5.62306025215888,-27.8916428384265,-27.0895265630583,23.8400007917983
8.0894527278786,4.78295117332514,-26.225492575429,-25.4879155751957,22.7576154731264
9.51274807012681,5.74195070947896,-27.3015469210693,-23.5308639461229,21.7846900385072
11.0814112090292,5.40302377652915,-27.7855749709541,-22.3374587881616,21.3778570686161
12.0651559070835,5.01140627499283,-27.605711357506,-23.1099009130758,21.916804618014
11.4417701748795,4.98540328151838,-27.2128535190038,-24.5299583559909,22.3101352433784
10.7734232508724,5.32948004163227,-27.2110439332759,-23.6607470295202,21.5293004755988
11.8042000891196,5.74373344596593,-27.813186748913,-17.5938096274023,19.066558341255
15.5545663453603,6.21641671150799,-28.9121111549,-19.1402717799968,19.7744370503823
14.8018232908441,5.21909354719877,-28.3264574871296,-21.154788344893,20.573388671171
13.5829825023361,5.67928964619905,-27.6081140805006,-17.1818690570838,18.9687583878268
15.6555517141053,7.02558676666204,-28.9312472139399,-19.0978336902863,19.4923416900315
14.8562402444514,6.15915011084122,-28.6183513246269,-15.2858629186461,17.8505278865002
17.3127557434322,6.71982692475872,-28.9891579986831,-14.7949608861629,17.5236716732024
17.7326479988294,6.58369694321566,-29.2987961691066,-15.9599272140406,18.0232739676315
16.9531316855475,6.73816886251999,-28.6130677954482,-11.1244211685598,16.2909259001999
19.2803082737714,7.93644446180942,-29.6822978827403,-15.2216234088431,17.7908287961652
16.9460842086468,6.86566987747034,-28.9220898936924,-15.9361000684516,17.8905134828886
16.6108422231182,7.19362454327037,-28.4826120632446,-8.72047742914973,14.9684200921218
20.6997114445944,8.42532538555637,-30.1419937053915,-10.7793626724714,15.8888506473119
19.3869265756425,7.25174522591404,-29.2880465314773,-11.6452625511133,16.3453230835734
18.584856850988,7.66567046038845,-28.5994463892288,-12.6721951214926,16.6397889681661
17.6894362762685,8.08277114880268,-28.9340166960148,-12.4168218267908,16.4200429321909
17.7805844519254,8.11081527345741,-28.8072104302471,-8.25149825880174,14.9205076158852
19.9426971897133,8.32307094059087,-29.3921774613987,-11.414353035859,16.2266023405448
18.0068212968344,7.36576290070204,-28.3410855997123,-12.2700300620597,16.5171963301979
17.3346297975622,7.9717006189772,-27.9936192671188,-10.8835579769447,15.8176470401626
18.0023567874506,8.50740473630581,-28.6846225718611,-9.98794567997628,15.4954610795632
18.2602610831887,8.19259963861977,-28.5144112004432,-11.0541447897035,16.0477143719578
17.4191596040209,7.72044573376352,-27.9791269173921,-14.1418118706145,17.3463977224218
15.264765015321,7.55007891574641,-27.2129862661807,-14.7661053344329,17.4773503259045
14.7870713907084,7.87660454356546,-27.2342321245508,-12.4363214966225,16.5206101074947
16.0847277753214,7.96665028754057,-27.6731220080237,-11.9367635563582,16.2406561412274
16.2395459059135,7.44345136801907,-27.4385136259594,-17.0367858232582,18.1566101349488
13.3600629417742,6.67347176605224,-26.281213694212,-16.6190788911882,18.0942981681004
12.6881852390482,7.51338667191754,-26.3854676624317,-23.246667564516,20.5086106404661
8.92426428981999,6.1699947762477,-25.5957161602918,-24.3900098495948,21.2068570099975
7.94640992697899,5.93402522932657,-24.8506391773287,-19.5878607951357,19.1173291163233
10.0560359222094,6.26429603316102,-26.0288780162624,-42.1174867043873,27.473837271057
-2.10734499134648,1.81467801083291,-21.8605081482853,-36.6147977208302,25.3778994166823
0.801425166701225,4.80951274426211,-22.6478684538115,-24.8113135986118,20.7561239425436
5.80219074765715,5.15609360361343,-26.1933089590403,-72.3043313276386,38.6698741255576
-19.8823805374228,-4.79737173444698,-16.4347231012277,-64.5673434464089,35.6397805090187
-15.898281074345,1.16262144596375,-17.9483193835021,-39.4022650448445,25.3839164038714
-0.495752801251663,2.75715454675322,-25.6981501362187,-61.3738611538449,34.3474192201743
-11.5283358568933,-5.87833298223529,-18.3592008343451,-55.9663428156136,30.786875990587
-5.96668393576581,-1.27627735353236,-19.5344660471645,-40.1407469728056,23.6476033483538
4.14281789946875,2.54648606956781,-25.5885475924936,-31.7044058644519,20.0993821807471
10.1828435302231,1.81304936573956,-26.1786798322596,-36.5445786964621,22.2070274093008
7.56789104350767,0.451937525921562,-24.9282612740912,-36.1117573808569,21.3344599530997
8.4702091301971,2.93237703487414,-25.4062918746808,-29.1373128894576,17.9338399202904
16.6067151257382,4.83517524557861,-28.4613121566859,43.1687537223347,-9.44786038836101
57.6474137946638,15.2811508617916,-39.8968055314539,36.1509216153278,-8.36758022070216
56.8333313114375,8.68436504211063,-38.8331016781331,3.93997370862031,3.79748865990956
33.8788663360918,9.67776922102788,-29.617817630579,-8.05050077683891,5.48584772480851
26.7882203550594,16.1813865824225,-34.8367185472737,-3.17278995195255,8.20008304493398
24.2530556006514,13.4322547769174,-33.9960670788567,45.0201700566515,-8.70127054629571
50.659504771637,15.0499054565077,-39.035341850538,-18.187551401172,15.4085019003001
16.121414599004,0.296782676003319,-25.6040226660362,-7.11699974828282,7.4872803880802
25.8651564230646,11.1592870803383,-27.1071666582228,82.9925853102155,-33.4617420589027
83.2024114401321,26.0724673557283,-53.0347101077393,128.82512436606,-45.9719866411151
105.034077767243,20.3255589519138,-52.0714394916867,58.4844144335089,-9.67941108598153
52.461835140306,9.41498159155484,-30.6354156012504,-33.4117354992416,26.9778816484631
-7.59436378585966,13.4642487424296,-16.4189550484774,-7.17057783268739,11.2995901389015
9.21557289606597,25.9416124104928,-32.947608312875,64.9262781103948,-18.8695678611402
55.7743803140744,18.6930699762311,-44.8093786116421,66.5552921527395,-15.6093261762234
57.2635958261495,2.88019202060661,-32.4844472381092,10.7681242370735,10.2545668202732
19.4234590412759,4.4740877710058,-16.9656866324043,-22.9342685046885,23.3314956093941
-5.90550064602834,16.9234753101906,-18.4471797274088,-2.48607310766117,12.902827665653
6.32800216151517,22.5827996395574,-28.3672813228767,-1.43240057386445,18.5632726586609
1.74423716860849,6.32039663670674,-22.5830233032517,-92.3319927148042,53.294403989775
-46.4555871037483,-12.2296779462499,-0.0692297892775127,-76.677773472055,41.1914907964731
-30.7934767949801,4.42989362761003,-8.63175013503789,5.26701063324429,6.09238263280874
20.5675655979895,13.8731204253578,-31.0190286699312,11.5560661324834,8.00604828989138
23.0848392108495,-0.0173113926532684,-23.2860043246847,-43.461004863636,33.0573804986139
-12.1067357456954,-8.18982428480817,-8.6063917649922,-76.224463941643,37.9299726686011
-24.0882886467827,2.17097425157962,-11.9860503928591,44.9643548131684,-10.0241329205924
45.002163551725,22.0198565655739,-40.6786437897341,5.86328300405025,13.4001772477537
15.8493162881741,-6.2569146021432,-26.4390388155747,-99.574988266869,61.4780747152295
-52.4600713035721,-16.6386052319157,5.68302997524037,-125.773223356379,67.8429279022481
-67.4610452841625,-1.48251036759927,-4.40237698948531,-105.905904418126,53.6279260596876
-47.6133745429386,-3.4293917617076,-15.3836029539239,-17.5070351730735,18.5437782903621
10.2634947672681,-4.16190319649941,-26.7369018797872,-53.7460450124134,43.6980623257268
-19.1061913164717,-21.7956327211856,-8.69956692214598,-191.075623646678,97.6605768152805
-99.3827236543382,-26.3916002742398,17.4974691697699,-168.860827527007,78.3678769966249
-77.9566094962315,-1.34209308438071,-1.68932309974591,119.010657929119,-40.6394584119346
100.253066371657,27.807135194026,-60.5572735372707,74.4756639495743,-22.8475531151467
86.0752596385418,-19.4512928218346,-39.8799872145771,4.03936418002501,7.08889997185253
42.783814457451,-4.13935490512601,-9.91844231860491,44.3470099999632,-7.27528624686793
50.9865498969684,36.890703319102,-42.628602401675,12.8213811604288,7.51698356505687
25.6286681086389,22.5018385515152,-37.8347544099214,-9.7298720349586,15.3652814051129
15.9532793139326,4.81023638001531,-29.0711603115433,9.37284767010728,5.91374156249138
31.5807614974826,5.02614623209157,-29.0752845263364,33.8216577822342,-3.57356431818901
45.9211733699241,11.0034478294052,-36.5435573643234,-104.46707915873,52.9153720678891
-38.5442884497373,-9.36196117304717,-10.5140898299517,-65.453832931911,42.7014535416587
-26.0665819880515,10.2268826972153,-16.3274293496818,-79.3458159158101,50.386969027828
-36.4605008642953,-5.25825287965056,-21.0617777210504,-134.98292881612,68.8698121593864
-58.8023255863315,-22.0186182586637,-0.0898740847670603,-70.4389317875104,36.5040317883033
-11.0094824554894,-7.6937937463207,-20.0324233480636,21.8178567404014,-4.66188481429061
51.6981481336213,2.02516749814904,-38.5476723789688,55.6250608318872,-11.5239467794677
65.7640551544391,0.424035570949926,-38.2898249831301,-29.1396136932164,29.9048891612889
4.69410757622381,-5.78012236176507,-16.7592377829648,-106.597097575047,60.2895763185327
-46.1102355254388,0.0732303975655125,-9.93826075977442,-76.4566812280621,41.1037620358559
-22.0392909525711,6.96254928111733,-26.3048083713995,10.6887178123915,3.51991147654514
37.6591437846876,0.788003198211518,-40.7031995803935,25.8962587311895,0.983534536129088
48.6920448681943,-10.9915031016452,-31.6698347171107,-31.9530024956275,28.1571360874089
8.93036323332817,-7.58413107656515,-16.5942911895841,-59.0510479484316,38.6125657396396
-12.684148039925,7.79805423237356,-20.338590083422,-46.784930183166,29.956194195307
-3.2968950998428,8.13711646716481,-30.9681543845423,-6.89467651058432,12.4688002830431
25.7626966164119,-0.72134421852504,-34.4574317195601,12.5847592350074,6.688275514827
38.7192589025785,-5.47490741823026,-31.3791487082195,-21.5474338683647,22.446739147784
15.7585513714914,-3.53131309977097,-22.5826692445431,-42.9123484631856,30.75226593864
-0.310761560384451,5.48828081772076,-23.5591200130792,-31.3453766485399,24.1950645370218
6.99657791555778,7.15538609598639,-31.0015458477576,-10.0149587125238,15.0357556348159
22.445370166178,0.73634361148247,-32.770841285687,-5.84882043009541,14.8084476738636
25.5585864249629,-3.47712549271503,-28.8097121766439,-26.9927309814817,24.2834619374614
11.481662423207,-1.68781288349718,-23.8964953348422,-35.6952279560097,27.2727455284199
4.79592252738183,3.98592806628179,-25.5484127746036,-24.8855649859525,21.8291693846387
11.7658578129228,4.57547789968244,-30.3278182352664,-13.7214154281653,17.1915374047183
17.2742058767783,0.340136142589549,-30.5545966423851,-60.69626043407,35.5298344798254
-8.66285041397662,-9.14159851661411,-20.2544910053101,-68.1267751753025,40.2493490162709
-16.3972927739585,-3.1621191255441,-18.4387712959028,-49.9864832918421,33.0900479784121
-6.46770663020558,-0.352245593855922,-25.7922834230159,-71.9944598901107,41.3486683607417
-16.6847472536305,-10.3138247976144,-19.6177600375992,-57.197147667139,33.0233516849981
-3.40115730900997,-6.71087450638988,-21.8354795871658,-31.8858582408788,22.7545484081547
12.3157232841935,-2.82483319161181,-28.5162910691616,-33.0345414960898,24.0084577714368
11.5560440537966,-4.15921709859677,-26.4566500541085,-51.3255136032208,31.7458829323571
-0.103449671687006,-4.47248071922575,-23.4173153413522,-43.539002554662,27.9245596615711
4.55045472556828,0.0553705964555802,-26.6798219901662,-38.2782958746632,24.6511517088938
9.25190690844934,-1.44612099847049,-29.6680594930871,-31.3971881089026,21.409317295746
15.0980562516332,-2.65701095047841,-28.8287126468492,-21.2060511876981,17.8310198753603
20.7912626324067,-0.682936014408738,-30.6810629140921,-30.3543731828329,21.677798859113
14.7531295277516,-0.687903790725302,-28.7025774628412,-35.5043447023469,23.2230921933792
11.54499143442,0.99860040426779,-28.9436303886323,-28.1509717485658,19.5230158034867
16.3273746566553,2.13134709485672,-31.5528533774147,-21.5853089717972,16.7051522536106
20.8985296542684,0.844339355594262,-32.132874340894,-17.8263990710858,15.6878349878576
22.9042942553023,0.80940006732626,-31.3729929582086,-25.7536230391395,18.6884026691715
17.7233956830618,1.15532568433976,-30.0936778602522,-28.9657188735569,19.1931759455454
15.9967422664941,2.89754780427752,-30.4273347292898,-20.1570749858896,15.2829031882452
20.8774699710259,3.99588894085357,-33.0020016454855,-20.3911930168689,15.3816152981297
20.9608604130147,1.69938453486322,-31.9458565956941,-24.2433241368546,17.3169476927733
18.2301786445863,1.35324105921953,-30.0830794620818,-25.5929759722581,17.5031878939924
17.0004160639523,2.99101054658548,-30.453407427875,-30.1871726912592,18.6383892373912
14.6796480534237,2.70880405035851,-30.3509378503388,-19.6458026758624,14.1554436403158
21.118410002336,3.99686853448761,-32.0499499634465,-16.1339320809596,12.774592298828
22.3407049651419,2.90104275892185,-32.3177132079168,-37.6181012794907,20.778829823223
10.3789022339877,-0.0596661085681796,-27.5819047526082,-34.3052434541763,19.4650536511608
10.6173420352078,3.77210826227116,-28.9141423202297,-33.4351927389796,18.570117717792
11.4548904940586,2.62223511034817,-30.4789887369171,-38.8267271957639,20.8021647452485
8.72518569722961,-0.223429199393546,-27.7390131584071,-28.8562813298606,16.0594670573151
19.3198058662381,1.9357628933924,-29.6289212143118,32.7906938476183,-7.05453461271115
53.8368890716788,11.7613714249079,-39.8743803948708,29.7355369462273,-8.06418299565911
55.6361697805291,7.69858698914024,-39.5069245225752,1.61367734109967,2.41665459233987
35.382177596023,8.32877987060789,-32.2527103406384,-4.62627373516558,2.62909920484439
31.2022650011475,14.2297227352887,-36.3837294437106,-10.9842898261735,9.44714064568598
20.2072091738035,10.362942267793,-33.9696055413727,-10.0073889959992,10.1543451288296
19.8384674934416,6.64289782835218,-30.9966378137503,-60.4622473230761,29.432278056188
-8.54027559258622,-2.64142625346151,-21.4566920592769,-25.2393124360328,11.6850701023416
15.6105149463561,8.8122322598763,-28.6139423872458,-0.778457840413781,0.798867545764877
31.5606186822174,7.34653975273967,-37.2037454039302,4.31557938996793,1.14126498801014
33.1516658091588,4.23186866871847,-30.1829863324854,-24.1093144462649,14.3214512887886
12.8979567915856,3.11354927760049,-26.0210125813242,-46.1251205506448,21.4334187580381
-0.0298684477260305,6.49293316289202,-23.0434636592498,-17.622980531119,7.74031405145762
21.2968981714956,10.9800132584699,-33.1798186336114,59.9357528825549,-21.9074658526313
67.1428159160968,15.0910644683732,-43.1358889231776,45.9735189219063,-16.1794861059193
60.8287096921967,6.41469158040465,-36.9652016522884,1.66681848430767,1.63686493031008
33.1641595210745,9.63169102827891,-25.9790207592845,55.2326375532163,-22.01278755204
62.4860685875557,29.5856715976053,-44.1100550986738,74.3347977839547,-27.9077766449864
71.2851013554219,21.5361611584363,-47.2612502931238,64.3261641766208,-22.61613582535
64.9120259686829,14.5255121478611,-37.2958391087062,51.7312372898716,-16.3706646869258
53.6155113073964,18.6709147851812,-34.9809836724151,42.9904720308078,-12.0097734905103
44.4362160680128,22.3197600711286,-34.4516119120903,50.1807632256922,-15.6058389855277
47.5791755370998,22.5647039645513,-36.9805989830146,63.1341462855845,-20.1410363174636
54.4430227295221,19.6129095868094,-36.5801159077457,56.5540389566978,-15.4002037319055
47.7215605889634,16.6433643899347,-31.876936707999,27.3722217728986,-2.32908725192519
27.0478086438999,15.7004767201606,-24.9331491333085,17.3249510174298,1.7301083329841
18.7537601638375,21.6764049926423,-24.8014277300594,0.835872200270816,13.8594516565404
0.653298597241304,15.6710661113141,-20.054366380829,-62.0174503278586,36.3572840986243
-32.2446707018165,2.71891702516022,-7.18412728912944,-37.6913676740023,20.2211304165529
-9.20892295323676,7.22621374903523,-15.2458113931694,69.4280543126478,-29.655012015782
65.0525500652699,18.6095337563832,-39.184040102196,134.638891658872,-47.4345532834675
96.3636562026152,16.9155454268406,-41.2274787536935,38.5723928974787,1.65280364008251
25.2473554610536,5.80136408053722,-14.025403168405,-98.3120706844037,56.4112870417953
-62.9528449362779,7.80745183323205,5.20426173618826,-55.3339356468167,31.0718899798822
-32.9187014312752,23.5600472648548,-18.1063889096237,50.1378782082166,-15.2221081884219
39.5625682153809,12.9207726742245,-38.115639883164,78.810415249986,-20.8659439354074
58.3862195644088,-4.61824346824333,-24.6449966246778,0.998452020195916,17.1382706039923
3.69551056394252,-3.45191395189748,-4.03301213449956,-88.2924219423211,52.2927672779403
-56.2359581084579,9.39820162910791,2.34412285098588,-51.7094131189688,33.2757334172466
-33.71932179543,18.9502963343704,-17.3279248079013,-5.26643695235288,13.6000977579969
0.301513340610627,0.240300024512961,-23.1984670463743,-3.37216754656652,16.4312443923448
4.39022889095119,-13.4257449431639,-9.53500950712802,-44.0657700671017,35.3736528687122
-22.6895354619749,-7.61379337599275,-1.07769848645892,-82.7288480841296,50.0838598931581
-48.7010632546556,1.95014853655602,-1.44350797649751,-56.2438289552591,37.1229421924895
-31.4277576613441,7.64855138857467,-13.1598912365612,-45.7456699072126,37.2129568390782
-26.8353665031937,-7.06942137989587,-10.8884596944677,-113.608279391518,63.4134000699398
-61.1254834753048,-22.4387216035682,7.15790291492558,-104.258960468107,55.2712771203927
-50.0913293729494,-8.20405140852756,3.12977844978711,90.690478155255,-24.2652380820701
67.6034815855465,22.74070027077,-38.871770360553,40.2845315425575,-5.63202954857291
45.5118314746108,-7.58294695305548,-26.5158296432811,9.87295383877284,6.11621937433854
28.1322172768448,1.56340037236718,-10.4146326798753,81.2305762108015,-23.7273077804361
64.7159405895772,29.5560343109868,-40.849809526358,79.2575186076078,-17.6424910208529
55.8827130135405,18.689240227963,-35.5913507467311,23.6893024130289,8.73707902176822
18.0761194724903,5.28315208941861,-19.1931370092839,-21.9705334409606,26.0370471979453
-9.89884088981026,6.1684693812536,-11.8080778937646,7.39669963740909,10.9944577743178
9.5976979481978,14.7772568374737,-25.8521728810864,-66.990735945198,40.465399038828
-32.5123458910031,-8.29018665129622,-11.5345699807749,-27.1285140121726,31.4047412948662
-16.435917594874,-0.116851282478678,-9.82171543566093,-73.7902705870437,54.6439714306798
-49.0110517642566,-12.671490688925,-4.7607065771423,-146.054909792381,79.9180610312785
-85.1529506132981,-19.5991630497745,12.8634391551585,-79.9724389473843,45.8019618107872
-36.4632720126111,-3.53906808235159,-11.5045016667643,8.33095238995832,10.6737968707266
20.1446755530343,-4.41568549714922,-25.3909547054003,-13.8936685968263,24.4620806882048
6.10535417672927,-17.8465647379704,-12.4474386721901,-84.8424862977874,55.1708873676459
-39.9010542575673,-14.1021965188912,2.51559638154211,-85.331440917942,52.8361959052553
-41.8040139840041,1.1294479220836,-9.51788276647253,-52.6234248237098,36.3170111138224
-17.3801051672244,-2.49562327297847,-20.3951873724129,-15.1782512608536,21.4441303762744
10.0014324640531,-11.6240188149879,-21.3823720352938,-26.5854461782284,28.1846970790072
3.87331943266589,-15.2106091998482,-14.1889200123649,-57.4423442248615,41.6084952531857
-17.1584056375369,-7.88890532337318,-9.90288504557327,-53.56155215913,39.318198993635
-16.7936226794495,0.291193099313837,-17.3759231874276,-45.1963957269158,34.2338175080099
-8.83524405523026,-5.02323725542859,-21.2671967726885,-31.1418947013344,28.4061589738407
2.83628891518893,-10.2237434138075,-20.2027231598637,-20.6961500749369,25.3308818811658
9.35144658205428,-8.63707647303025,-20.347437835263,-40.2378288362728,33.8093562112824
-3.2822142092717,-7.14596399326446,-17.3757702490593,-42.268442941314,34.4651496803449
-5.54860570512317,-2.75489799666965,-19.4857295138226,-37.3038173361726,31.4834966234116
-1.30727263841571,-4.18535264919947,-23.0148576893843,-29.1302308310489,28.0024159221612
5.45060478467999,-6.93113983457015,-22.6395748416294,-19.552203139846,25.2555540858633
10.8987178498836,-6.32261037176338,-23.2164266498152,-37.6049557110994,32.8348333431205
-0.0300605946610233,-7.22230553266525,-19.8357923577766,-36.6743268122152,32.0295469571745
0.34106642343253,-3.24219817425212,-21.6265861108,-28.4542269570349,27.9506117783971
6.17960113471549,-3.30278708000742,-25.4728382772603,-23.8520519059179,26.3120984256699
9.92963619126647,-5.73421925202759,-24.4969282098465,-16.7153736506444,24.6277249501381
13.3880535236192,-4.85504454112365,-24.759981622972,-35.1159970048048,31.9908649677934
2.51425154221894,-6.10208548734335,-21.884816562826,-37.5025798998432,32.2635852903775
1.35268152797238,-3.39194890036996,-22.6299679217567,-15.5845916609522,23.1179982052519
14.8065842469929,-1.16231234473845,-28.4320098956167,-18.5043049713311,24.6131114918099
14.0835167914238,-5.82637372966053,-26.2029694611447,-20.6645137827327,26.3133453196623
12.2486944920514,-4.81225010503418,-24.083717284534,-29.0751897687798,29.4894697580609
6.86248979639201,-3.339741734714,-24.6123356540195,-28.422542364426,28.7537969798541
7.4728670187956,-2.10614985091858,-25.424088412284,-13.3942648241652,23.1151795083428
16.2175199847691,-1.76803949149918,-28.5541573936469,-23.9170935848542,27.5782712922256
10.7494319281578,-5.96105558093511,-25.1795365784325,-25.1132073908152,28.1304563873199
9.99929906876455,-3.70795215497575,-24.4769747743735,-20.994951041298,26.180370442271
12.3083505573705,-1.64276754326213,-27.3016420080364,-21.192630179468,26.3402073595193
12.3204346115787,-2.72152853796622,-26.8989174457381,-18.188866814342,25.886630722552
13.491543722523,-3.0823200068654,-26.8823303613881,-28.7286503072387,30.2675314626614
5.06809904872644,-4.64919335760415,-24.8567157789281,-70.2287769169155,45.4621308131709
-17.8573402447553,-9.73670563089585,-18.5870984786004,-60.1495751524863,42.2233641220973
-13.4812893840736,-5.53597340965133,-21.2341442313749,-39.6150816867487,34.711965665631
-1.00897574652688,-7.06573482870831,-26.2063219943281,-79.3864978187716,51.3186347649575
-22.9763376371424,-18.0007238516685,-15.4541556656244,-74.4903743598445,47.7327044468746
-17.6699892949616,-10.9937926492006,-17.3106375682136,-53.8886171274372,38.5958672954132
-4.38633767716132,-7.53468577986675,-25.8562441719611,-49.871618787737,37.3782101471715
-0.527101270787918,-11.5242934514308,-24.1283800253223,-60.6773799329431,42.2531152658436
-6.37246013884833,-13.2950630005709,-21.6448475027583,-63.1051753010037,42.95716506887
-7.49892657754419,-9.9990871425311,-22.0893977553037,-55.0209305064001,38.7005043319118
-1.46248294090268,-7.89050399015141,-26.4853840468082,-47.6714738260522,34.8436801393401
5.24916691741776,-9.08740859882976,-27.6906748783018,-35.7297026411442,30.377828712977
12.9759136186315,-8.43912991693399,-29.2810411878396,-42.5790973809819,33.212713165946
9.38895456580552,-8.82188249149939,-27.9772261852821,-46.7464139005747,34.5256809591384
6.96338784692579,-6.35386561242662,-28.0725193108712,-32.6111118817701,28.4933203433621
15.4185689852287,-3.3744785277477,-32.4319607466819,-35.6240212710147,29.220907668915
14.9810204215771,-6.50816486895729,-31.7880241869466,-28.3045114146156,26.1391426255796
20.0036305947293,-4.95653901943562,-31.9970090331732,-27.4103846333784,25.5579155665619
20.6747714932998,-3.9486197556281,-33.4389345665393,-28.9344558815041,26.1307905266106
19.6314431675639,-3.03077325544901,-32.7200713796326,-21.0291634633621,23.1406824388985
23.6791938303471,-1.29988374578584,-34.9823443330822,-27.8169697702705,25.5004221066778
20.2667973238088,-3.26518554729998,-33.5966874453828,-25.9184370196746,24.354198010668
21.7394708300058,-2.01661043088273,-33.6751187233915,-13.9152327128977,19.3856887052385
28.7667793261043,0.137960478562576,-36.5588020384778,-18.2632687342791,21.1491709816548
26.301871840327,-1.48781799573097,-35.1751301390084,-17.1463565908026,20.8761294317171
26.3984378021843,-0.00690805506533643,-34.7755309641211,-19.0939227316612,21.3699823422317
24.9946177663573,0.464214572403678,-35.4726736759032,-18.6315086412834,20.9053670684217
25.3095565009879,0.747973228849936,-35.18065171137,-10.6998345566452,17.8962357270023
29.5650306588972,1.59931269301808,-36.6464966358091,-16.8126082283941,20.3488764108478
25.9426094376263,0.00446521564249647,-34.8209982806998,-16.4585873911578,20.0558578509073
25.8950819225429,1.54952296546967,-34.6590769384758,-14.1534612260806,18.8056308353747
27.0819804133814,2.41776177731843,-35.9599879009875,-13.2329396384077,18.4194385178131
27.3284178930846,2.05107471587035,-35.5017650124442,-12.5687294315145,18.3952487414102
27.2007828160656,1.98948957858564,-35.2083977402945,-18.7019353395995,20.8500061729278
23.1508646226665,1.50381211958763,-33.836610178846,-19.9967174413526,21.0668841533829
22.2478300256064,2.32629318030507,-33.7864865286138,-14.5531634928569,18.7277724984537
25.3395942129295,2.98943358738794,-35.0586700559686,-14.0331532439197,18.4399727756138
25.7806665562764,2.0217796733256,-34.5526265527545,-15.4817444410006,19.1173581631536
24.6712021223849,2.08938139323855,-33.6412829456282,-16.9036072531606,19.5812170506441
23.4559632312879,2.9007769455304,-33.6409724313452,-17.0510775873868,19.4780058142368
23.1213483984451,3.3037133382329,-33.7704682654653,-13.9281096461394,18.2217575676431
24.7554118964359,3.42367440439616,-34.1786264729588,-15.8103935914172,18.9000419221818
23.7003606236056,2.64416825855624,-33.4308837482675,-15.5543510983424,18.7272176198204
23.68859172812,3.28519088289007,-33.1483779643109,-14.8534739301544,18.2839126803719
23.9084145354083,3.84352973709574,-33.5895993158878,-14.8952320224224,18.2369477597185
23.7571812248399,3.80119650639892,-33.3198702073228,-11.9744535470107,17.1006338140833
25.2033169108902,4.24235770575085,-33.6539901071381,-13.9029227909418,17.7897857983111
23.9735727800678,3.82979194231807,-33.0975254331486,-14.623703017943,17.945034866156
23.3819710930728,4.28758670686712,-32.7618714668843,-12.0754028424324,16.83932175028
24.5990683664865,4.9834476895001,-33.4146674778705,-12.7998233754822,17.1647106401968
23.9730121719687,4.49556759597647,-32.9611210627141,-12.5061853400714,17.0440474218604
23.9157550250778,4.71134425314663,-32.6438045131185,-12.8357439802802,17.1054383676007
23.4942313878432,4.9334729567751,-32.6051730988419,-12.606881187879,16.9856364121684
23.3530915211892,5.11335053690926,-32.4481667619238,-11.1203034278557,16.3034424338706
24.0635269640394,5.36829433928954,-32.6491649217151,-11.0111282499997,16.3707872639691
23.8012473779561,5.21988481019661,-32.3327769131836,-10.9551881479912,16.4012693785726
23.4883269868591,5.44665029046856,-32.067420145259,-11.6650246879684,16.7269435684199
22.671182836434,5.58745505808604,-31.8483563425076,-12.3126019496278,16.9979015186388
21.9493258342682,5.43440507944593,-31.5862063159102,-11.3955088397415,16.2438236266437
22.7404285209306,5.63042816309029,-31.7919034592647,-6.77418988679841,14.6384002714981
24.9026532363163,5.91625320491148,-32.284305663998,-7.76418612286258,15.0481717761443
24.1467328966034,5.51464543928319,-31.7607643381832,-10.278530152573,16.4919873591888
21.7157354021105,5.69999825615663,-30.8148840784672,-12.1491793927998,17.5443302361763
18.0426184692855,5.82402001891483,-30.5665496769998,-45.5617554197055,29.683910764165
-0.461346422802302,0.365489647322367,-25.18851233093,-35.879427081106,26.5363092316418
3.85417987514097,3.87420395879247,-26.4564019665889,-19.0315341507028,20.5207875391752
13.3187860050306,3.1454526905543,-30.4682846367685,-50.2401106939387,33.1662291647121
-3.89231681256095,-4.90024729593055,-21.8023874405345,-43.5477265919535,29.1077193588949
1.54075984915979,1.13930397652101,-23.9139659893959,-27.8868359975664,22.364128563837
11.0411897247495,3.23726338351515,-29.8104999303653,-24.8264054963916,21.648198261358
13.3424017093192,0.325302063561708,-27.9184316586081,-34.8499654049352,26.0850111697055
7.2872254757338,-1.01638952403906,-25.6186074386394,-41.8214654889157,28.405355748673
3.26611141690855,0.961363388074127,-25.036327438826,-33.903360850638,24.5960642197223
8.28927664186269,3.03094430828651,-28.461835845437,-26.6273755537306,21.5058492055581
13.446854281535,1.51142415576222,-29.4038688861078,-34.3245015753702,24.6534163151038
9.5415223982606,-1.03572323339027,-26.9570269429667,-33.4961456345825,24.4293569868586
9.83013446836921,1.44784175713104,-27.0778786796862,-37.3670224494268,25.8572268726599
7.23462066891255,1.68130916928724,-27.908543669054,-35.4549594668446,24.7708322950864
8.98769165911549,1.62161775309818,-27.934714343995,-29.5894253333565,22.0713874151058
13.2368809332163,1.51693087026091,-29.5448709789479,-32.4202611559221,22.9968049713027
12.2839000350886,0.496723202685292,-28.271055324741,-30.5609183390084,22.1974952491037
13.5976685834976,2.089652247719,-28.871378953527,-25.7835994878505,20.2679975775418
16.202839807582,3.34927427222952,-30.246477571126,-26.068408551142,20.028081690557
16.5367125059221,2.78468906909841,-30.2589052220477,-25.3312032524224,19.341966783889
17.6013215298099,3.06876772953502,-30.2728634046468,-17.5728487643398,16.0913285599618
22.2016315225674,4.68998649826075,-31.9071281132519,-17.2705411013533,15.9937178346163
22.3873184466744,4.33863906688914,-31.8144961117212,-17.515171571858,15.9940518080574
22.1155731413177,4.93671574557193,-31.4056264400639,-14.5094377203707,14.5143111211669
23.7694032514829,6.10886160007847,-32.4510659943743,-13.6386455231889,14.067737181242
24.2778998765963,4.42504407826669,-32.4696539013472,5.01024275403335,3.64947974307587
39.0142675055311,7.84818113682962,-36.7654448062946,38.6263143973316,-8.21018923130476
56.6829606552715,11.771722376535,-41.9891298409697,22.3779875980484,2.10521440691997
41.8519551256889,7.82407156626007,-35.4066943465858,-25.2230651766279,22.4287754828539
10.1008619324909,5.77321377213702,-25.8631733235957,-29.1952952989416,21.4992591571186
8.42420475740873,10.8416653011452,-29.5692337712112,10.3170135063589,3.86938876556993
34.1484844976132,11.8622720542174,-38.5737801596795,27.7774401614345,-1.97470135401779
45.5067365470356,5.48072440963127,-36.8006408814414,4.79898831983786,9.52292840772013
29.6867801314056,3.40281777775944,-28.1069135495839,-13.7352464707212,17.5012489067285
15.2702881683816,9.93291547622551,-26.7743258802508,-14.1828009267879,16.3472830896179
14.418360693158,12.4381215993434,-30.9073922293078,2.7009857195918,8.86107875010543
25.815246296552,9.23978507959548,-33.3027065805101,9.96358180587843,6.58674227270944
30.9453260021151,4.99659098421224,-31.3602011591306,-2.05112961473562,12.6236774746548
22.6355434210824,5.16323464148885,-26.852290866814,-15.8320708227061,18.8267906148921
11.8655228482347,8.4114498345709,-25.6880417513251,-18.5663492125476,19.2486933253613
9.88759154020942,9.26452390749721,-27.2654065648192,-8.14997255111285,14.4188731529209
17.2494604719168,7.52458876425948,-30.6595797282226,-72.0348812359813,39.9855260696501
-19.5133456189713,-6.5930972920433,-17.5019743473831,-47.9452923744798,33.4415247541064
-9.37042535328873,3.70173236656018,-19.1496716993474,-47.161506713759,35.2457614645154
-11.4706567112339,-0.365287826616065,-23.1366083487204,-91.818400069001,50.5358248180088
-32.1065895764212,-10.2640868603673,-10.7580860104988,-56.5692868458451,32.0647794574768
-5.14672921612756,0.187142595021074,-22.200620332962,4.01767374798117,8.3235832870136
31.5059749571559,4.86210326104464,-33.7730886396536,-14.9189627694253,18.8052277229013
19.0618191191691,-3.92363973659736,-25.5110253942987,-59.0906930009948,37.5484494954316
-9.34875548278253,-2.64281284779653,-15.9839289448008,-55.7220998293246,33.9051799164887
-7.4223153240544,6.5080623145292,-24.035224059118,-27.0623276284237,20.6611541612136
12.2563135813793,5.46111937879618,-31.5122605250914,-8.59328212794084,14.1551449483116
25.0291917362497,-0.756190081635205,-30.5910858859698,-25.5797988960435,22.382146257612
14.5906067644495,-2.89574351176385,-24.0695482513951,-41.3816562504374,28.6341512686389
3.6320869010023,3.2746525896239,-23.1528390687413,-29.1172068638468,22.7501819110069
10.3190664649337,8.24578049764657,-29.5510736414891,-20.0320152488282,18.2795508406212
17.606279521442,3.85915796609775,-31.191660917781,-11.6297707142045,15.2569279293322
23.7731298509713,1.59242874101848,-29.563848137642,-14.6424140988828,17.0272600684611
21.4025613601197,2.98541409156933,-28.5100976086465,-23.6632723695641,20.7080779403202
14.936434689522,5.56941089073997,-27.6541194869324,-16.8631362069458,17.755082700635
18.2140521528287,7.92852165584665,-30.6089687006213,-14.7588051932969,16.5192667858531
20.2224471736368,5.32706763165991,-30.9395048400382,-13.3177910927673,16.0329137588658
21.5673943660714,4.1499687099541,-29.5108064544211,-9.37096587140274,14.7547664054427
23.365499028092,5.91758980993261,-30.0884722546887,-14.7455014705008,17.0164487914817
19.4618053994957,6.21861240218433,-29.3358928977691,-15.1273948858517,17.0885226708789
18.7995326014411,6.97365782404844,-29.5175091849672,-13.4627575970892,16.2496682479653
19.6346148875722,6.51031648246443,-30.1638558591915,-14.2676990677303,16.4970005455112
19.4109188112167,5.525251218584,-29.2883637167723,-12.8226003588087,16.3265112017897
19.6599283118882,5.97347353571158,-29.1100645948918,-16.0615415442952,17.6716770283474
17.3821809204201,5.91101589761578,-28.5430869980128,-19.9572055318922,19.030218372113
15.0441535299686,5.77314357289139,-27.9681354858073,-14.9332206589148,16.7898677651551
18.1310751660923,6.55601672295103,-29.1175041949278,-12.574375905322,15.933334758858
19.5379905473183,5.8460338610378,-29.2545693142476,-14.4152031024378,16.9440767693297
18.2022715375506,5.41272199225962,-28.0833081857699,-17.7946469072378,18.2530438240033
15.9479229516192,5.84838018388452,-27.7150501336419,-16.5807099230464,17.5291872730229
16.6180958686385,6.65494840272527,-28.2535169081948,-10.5957906315283,15.1213248161294
20.1249262040122,6.89559835620577,-29.3932455166964,-12.3591714344751,15.8629260371899
19.2640482864183,5.65047508770661,-28.4344503656883,-12.9591577989124,16.1214275500791
18.7456000299005,6.31820128637563,-27.9677316859231,-12.4755909190824,15.8367992766936
18.761870478203,7.1303927320567,-28.5875783657434,-12.3028741488666,15.7608587550849
18.6790369148627,6.98418857689914,-28.474506870231,-8.80105845371249,14.3841286798834
20.649019979379,7.16545279905677,-28.8944272600909,-11.3790707050652,15.3271089392266
19.2156940994349,6.43400876130094,-28.2051266937782,-11.203278078593,15.2134032085174
19.1360628147909,7.12432131266485,-27.9602356660905,-6.63279556292127,13.4757023069693
21.396228385445,8.05356730202005,-29.0628401269369,-9.41094941982592,14.6614552207456
19.6176421137198,6.986787558833,-28.1543610198005,-8.20204023018035,14.1830332566524
20.1355395595346,7.57604908598811,-28.0185346442839,-7.5662039214985,13.8464511615558
20.3356964901925,7.79062551355107,-28.4268761678822,-8.1746108472227,14.2123164878851
19.6436788896356,7.58158134009442,-27.8322472532437,-5.20130207659287,13.1648210320745
20.9992000101797,8.12049596646628,-28.2524036886672,-8.2776592376697,14.4261372206271
18.999123704642,7.35723799098431,-27.4661693819951,-6.0582884921726,13.4752094726043
20.1527223729334,8.17847842768397,-27.6246246426743,-4.87054289638291,13.0401332534985
20.5516661211,8.17157175238078,-28.0476250260905,-6.46418263059967,13.9192311688325
19.1940057244945,7.68503825756332,-27.0560161611335,-5.13954664490906,13.5843677282026
19.460995457878,8.19526151329654,-27.2123925581664,-8.04554526772546,14.7393969084056
17.5253418667295,7.62994063871547,-26.6335326525599,-7.94999781424281,14.5704260610823
17.5473468613127,7.8413527773627,-26.4723469062665,-3.02811625334163,12.797800325599
20.042915918204,8.3781444509688,-27.3132242450531,-6.27341994018679,14.4048447371264
17.725614683961,7.22887085658851,-26.1605433501269,-9.52512185980865,15.8748188213785
15.3743618993595,7.33986013472066,-25.1743724760234,-10.0668106616205,15.9896970291939
14.813647103376,7.76347185926634,-25.5692562894551,-8.89994283383499,15.5125952312639
15.4408999101505,7.49869499697217,-25.6101730228895,-6.4936376193706,14.8210544995181
16.6113744802214,7.18858405802274,-25.6058515188861,-10.6894151813008,16.6488761019163
13.9690898612715,6.35866772541694,-24.4522301905536,-13.2157450689078,17.6417174290782
12.271581633619,6.79068241019236,-24.0139464034891,-11.3167581093082,16.8747471187683
13.1714447365085,7.2410013863945,-24.7813781676969,-11.1226279879737,16.957672350963
13.1549836720398,6.4395513895907,-24.4864637202667,-13.4387372212468,18.1548759728677
11.588886763371,5.70974063706048,-23.5589807018906,-16.6631022658994,19.4349113205119
9.62189406602306,5.69434301052774,-23.0146402547682,-16.2648005371355,19.1780978094498
9.87280701554769,6.07420590065237,-23.4707142414003,-18.1765515349067,19.909427274153
8.88494845626674,5.17458732240641,-23.2098097981509,-16.6463502184277,19.5520499988866
9.64074478436275,5.14607608015682,-24.9365391035687,-104.677456551804,54.3989494895644
-41.9699459991417,-9.57080903387924,-9.75668767646262,-66.7106926641248,42.1168591103923
-24.2642034123858,3.4143266345444,-15.0870350132848,-69.9167604444906,45.063864321109
-26.9067569246947,-6.47313561082239,-19.0736103703551,-118.1271033569,62.4630715608592
-48.9677788752842,-18.0235549663999,-2.7349396712934,-80.1767912464095,42.8409171863775
-20.4663963179026,-5.0786502753074,-16.5614877016462,-32.5292006238465,23.3858679985397
9.88022014683902,-1.74011313168275,-26.5694833023116,-37.6750711838216,27.7932214722178
6.4758887095209,-7.96751020909399,-21.856372581074,-73.4952667804711,43.2335447164989
-16.0661825948157,-8.09300926214723,-14.0789740335908,-75.5064666931738,42.3146627167529
-17.0353611063857,-0.543852160364855,-19.4794262801947,-52.5783144433729,30.9362833827752
-0.380621362942554,0.0130184991319231,-27.0206358787598,-31.6856847028435,22.3654959714591
14.9349463939688,-4.36732479555391,-28.3206207742629,-31.0819058914352,23.2734293200902
15.6249693049121,-5.24833147965467,-25.4699853971849,-48.5202385948971,30.5313520726817
4.27309650883183,-2.01400003886328,-23.2528509772923,-44.1429608126921,27.8445092285493
6.41720668736365,3.53387099926818,-27.4143451944951,-32.079480702394,21.7462490304025
15.2646473493921,2.34362725043547,-31.6354193815993,-22.0501989292746,17.6320034051643
22.8352347635739,-0.411709620668734,-30.9442901156849,-13.0452207795905,14.7684173715806
27.8245082837376,1.39721391104111,-31.2849638692956,-27.8307556001113,20.6863121141683
18.4897150378424,2.0464242734698,-29.0457347432145,-22.2796214712028,17.7231350199089
21.4327844983196,6.50437851286857,-31.5862049361285,-11.6081814908759,12.7340160416576
28.2461307962695,6.32278382973446,-35.1801879233012,-8.75810404281568,11.8551539910676
30.338924702773,3.89717066790195,-33.1963801453774,1.18315493702558,8.54632315196334
35.2685257462695,6.41097710240938,-34.068510057895,-11.6118487624933,13.3868886586636
27.3315850484142,5.9985634045368,-32.2780947570452,-10.6182169580756,12.2912227449156
27.6825010891973,8.72281217243625,-32.8649242114173,8.19580993308622,4.68767664244746
38.2210401436632,10.7245664853909,-37.3031459866401,3.09738350714019,7.28496682135638
34.8835098681137,4.77791386202895,-34.2474565062996,16.5568790540775,-1.47931133284057
46.9465275936159,9.36079526934639,-36.8817798728764,57.0474376228271,-15.9968665533141
67.5027428344276,16.5052804088095,-44.8141652221911,40.1501358918007,-4.69394448129596
51.0621323471551,11.127183149861,-37.6245338022097,-14.1896040231929,18.8866278687512
14.6302881577032,7.18985280990717,-25.763293121637,-23.2236259519241,19.7412107612039
9.89278141079581,12.3118024786619,-28.6403601013631,18.8674861229611,0.845613740129149
37.1574714116314,14.1464495060634,-38.5888280412974,39.031818980094,-5.91267750471248
49.998478250757,7.10725112237433,-37.073382192882,13.1290047684911,7.2671277729876
31.8461450175904,3.86554409730756,-26.8708903943402,-9.40911374055922,17.1506030975731
14.545213121099,10.5109878905243,-24.6241840106486,-14.2171190789522,17.6029295323679
10.9136159334568,12.9911434854915,-28.512486622669,4.21670737841673,9.24081736503281
23.5423032941144,9.79199464670903,-31.3382561430287,18.6288709295486,4.42866939769781
32.8017063746092,5.52078160758322,-30.3875313523153,1.70510587401973,12.6780738859225
21.4208868434135,3.98056588576941,-24.1768701809469,-15.0691747212879,19.9354277294393
8.9813697574577,8.13108431892101,-22.4286308123981,-16.6665419517169,19.7704628820986
5.71548283653214,9.85906866288027,-25.2668760427755,-35.082922237371,25.7065638191854
-2.86590386036555,2.46536981121632,-22.1818256031471,-23.7903050424096,22.9206226335456
2.6351727933784,2.09772248875874,-21.2755702180267,-24.2686625967146,24.1527624718225
1.8874769965629,0.686611468757958,-20.9023006135675,-54.9437828509478,36.4598340937
-15.8842919057486,-2.80809105190175,-14.2944093027919,-43.4021447558686,29.8675297888004
-7.06675673640383,2.90452908588732,-19.1544488575287,-23.3803060773705,21.4080761061785
6.07634077130553,2.36133524366158,-24.4627068260282,-17.4037016257371,20.0646971885955
10.2196930530796,-0.953429422800299,-22.1059330410187,-36.3526069661494,28.4259520290128
-1.52196725960027,-2.19155872486126,-18.0879302743805,-43.2050885328831,30.6772311865087
-5.92815747672757,1.88133365491221,-18.443277718407,-31.3350900196867,24.9899755073053
1.82026774701211,3.61660893557644,-23.6550637976978,-23.5445188526935,21.5964972192485
8.19401981181033,0.246722928522741,-23.7982149988791,-22.4395960948046,21.7501318759452
9.2714139449936,-0.988537167281918,-22.3431947593296,-30.0382862766797,25.1200021822429
4.35694224847714,0.339996123349512,-21.0421442143554,-33.4876361162081,26.2807453723342
1.88414877689536,2.34926077124423,-22.0450095307209,-27.1220251293036,23.2130436740198
6.25818553709214,2.61670021159338,-24.2714378209865,-23.2808682222661,21.6883299055438
9.39309965932549,0.535896817491053,-24.4029935421552,-22.9104762439687,21.9149665981993
9.81141952788137,0.143094275959948,-23.3377954809878,-27.6851983515775,24.0400866567147
6.60394625989598,0.948760504601749,-22.8835471265838,-30.0735617112085,24.8464378040889
5.10508018340399,1.91540946946117,-23.2451604522479,-26.1965129532544,23.1352015122455
7.62861886182393,1.93820784464515,-24.6210364377009,-24.4105051280029,22.4255608067125
9.29922975791963,0.658630774526381,-24.4813379370013,-25.5304372442067,23.1174284354483
8.74204796492561,0.306487517159943,-23.7575149949135,-27.5201367391077,23.9287006007069
7.52045108285471,1.01920586973181,-23.6902566039833,-28.3032518093236,24.1378184824188
7.13263326221931,1.51325795115477,-24.2007376826164,-26.8381293092316,23.6440819484817
8.02192219812109,1.23003643613894,-24.5843911732371,-27.834600336473,24.0734474046218
7.80076135870037,0.329228340550621,-24.2383207889957,-28.1817557061292,24.1728188755273
7.89725569124079,0.541706174979964,-24.1207506311416,-29.9117726575113,24.9705738527983
6.8034635074693,0.563131595429751,-24.1199205692538,-31.2421505170599,25.4934502801151
6.18541736465903,0.541584025862869,-24.042893734823,-31.3378159318956,25.5073851259736
6.34232399388644,0.294160402841555,-24.2966001467034,-30.7439505647697,25.1352646364351
7.1834118082604,0.0474089199687118,-24.4098953634207,-29.8180411337814,24.6694805989025
8.18808846602362,0.165878927400938,-24.7574722125061,-31.2332477099712,25.4376523538232
7.28768403042809,-0.0331119610862021,-24.480458977208,-32.8192486076667,26.0889959903374
6.48156732184875,0.0814344266825127,-24.3825104795892,-32.9918418781782,26.1033387735102
6.57228739352541,0.105276404329852,-24.7151307451492,-33.1269256524141,25.8412371356281
7.16938782391295,-0.215324300620683,-24.9361657258778,-30.2378629520936,24.562189681017
9.37052482978966,0.130909027728491,-25.5147708280682,-27.9782634984002,23.9498207342733
10.5912924494076,0.255006931575548,-25.8540807923012,-32.8262857646356,25.8774621287153
7.94412903061141,-0.364641023786846,-24.9810097773344,-32.6043512410587,25.4425616992941
8.47828626824369,0.608558390429932,-25.4493762125276,-25.7966659225059,22.6275284078043
12.6954588034341,1.42816872895483,-27.239705816171,-27.1837926921855,23.1593882998329
12.3621629690406,0.160731992490484,-26.6640549373222,-28.1203275836875,23.5816969749191
11.8949431665037,0.540073589032713,-26.1106682216767,-23.7737920994757,21.7452213418152
14.4325990471899,2.02797733739213,-27.5479159403374,-25.2178583777816,22.0948203493502
13.9496533229339,1.50946112384252,-27.4570050128107,-19.8457213048954,19.999155548948
17.1274574099553,2.42278005517527,-28.1626331833223,-21.2638880377313,20.4747216588442
16.4552397495258,1.87900224069516,-28.2085603511407,-22.5396124784341,20.9190638357394
15.7281139802562,2.3095634242056,-27.5096915660141,-14.689100801249,17.9244489852022
19.9270914510783,4.01320087429054,-29.4376664753811,-19.8123595843397,19.8659247001368
17.1391624497415,2.40822319272352,-28.3010870864925,-16.5423508128649,18.4363897994489
19.1232320588759,3.68430139367734,-28.5274972083913,-14.2430137944243,17.3350473612713
20.4737746251525,4.0663297003238,-29.6862455306605,-15.0849056604705,17.8075918319658
19.8036344365011,3.78740875177316,-28.7787105765543,-10.4662717473568,16.3173765011393
21.8407662594027,4.8455219406028,-29.5905441824977,-16.9134095519887,18.7938647082324
18.0031676108646,3.6999244190098,-28.4037897376849,-17.3335014984453,18.6835049204323
17.815623048966,4.49172013008269,-28.204913850122,-7.70391343321009,14.8034665584687
23.2914903647717,5.88217505702457,-30.429064674709,-10.5893278965791,16.1562751929419
21.5187002458199,4.13169213128773,-29.1479321911434,-11.9866290949648,16.9606696077678
20.213521493446,4.7501160436449,-28.1708048537327,-13.9209877759971,17.5931133561918
18.7350153634755,5.39245129462541,-28.6051911929781,-12.9236326102229,17.0729355508704
19.2022993645748,5.60829515380725,-28.652811047399,-7.3328979497547,15.0318019232572
22.2057921973802,5.7596721552955,-29.5028151394343,-12.2347971220826,17.1137977285341
19.2300175740611,4.35314256401918,-27.9136260856452,-12.4681443380192,17.2020266253992
18.7999511029153,5.47660772926066,-27.6732082100419,-11.5929945756015,16.7151801411145
19.0686463878733,5.99251099378822,-28.5130404181593,-11.1314345408073,16.5873261163325
19.1940158654157,5.56848101003418,-28.1210908918341,-8.61237254904987,15.8850486354953
20.2456006855983,5.62173751871594,-28.2180921960564,-13.6554179069304,17.9301724076859
17.1507280340966,4.83511582465018,-27.0460348752776,-14.4121681180359,18.0861685969602
16.576756140971,5.6082168413883,-26.9248373729058,-8.68955248086464,15.7640765613853
19.7525032688142,6.4429410851266,-28.3443597493548,-10.2954196513174,16.5542547907574
18.703695362003,5.15617644510329,-27.4911519548855,-11.8599579078332,17.3984381299024
17.4368426596225,5.2439666612366,-26.6170619178269,-14.1215007588924,18.2643999300481
15.7689950075192,5.57207867044945,-26.6133620386342,-14.369976395548,18.2377737128851
15.5640999975862,5.70297891334407,-26.5877447904038,-10.4093996937577,16.7985272987823
17.6878099635747,5.79622452095375,-27.2163755780374,-13.078328895856,17.9567172327858
16.1064571413,4.72331782643103,-26.2507554958534,-14.8418610022412,18.6787808296197
14.9300313521623,5.07296457920802,-25.6958018354524,-14.0189294661575,18.26639517879
15.2448130048949,5.68606440203772,-26.3026158696991,-13.5099337289218,18.1116986972732
15.376292003379,5.3780494483437,-26.2412833765303,-13.2421913342372,18.1520184567351
15.399889445988,5.02680568294934,-25.9788480659881,-16.1976058807624,19.3645737599533
13.4311556283773,4.62670486612114,-25.3009936138271,-18.9347231059107,20.2920679698154
11.8758025634309,4.68056693305541,-24.9186724278377,-15.4912385717666,18.996552589721
13.6868880653884,5.27513974743936,-25.7085067580114,-15.2747054183795,18.9683423245594
13.7414895210146,4.50472661882231,-25.5741812499165,-21.0492444423429,21.2887127556362
10.4390391807698,3.49940043356938,-24.1179407151716,-20.4085787794912,20.9708596556726
10.396303474972,4.48397550670612,-24.4942204336631,-23.7424741742209,22.1048050367156
8.63391480221467,3.65981131221898,-24.361926324923,-22.9522432652363,22.0000196555164
8.99462652480854,3.45562397226667,-24.0150694002151,-21.4654613149493,21.3761466926364
10.0135428426979,3.29887317084204,-24.4318539120871,-25.8186085559685,23.0038836501615
7.80061516405305,2.48085934624361,-23.4067656910847,-23.440493561837,21.7845050762008
9.53845193558465,3.53769192742248,-24.1572685566906,-20.4535015254724,20.5577210706928
11.3891364864059,3.65555904389721,-25.0381331169815,-21.1618830748134,20.9298281129154
11.1090440521982,3.01947201498939,-24.4916171942035,-23.1805012343068,21.7490696940374
9.90231090126065,3.02670564829763,-24.1477527615779,-22.7314502712897,21.3650022784867
10.3399493765924,3.6255093399781,-24.5637665546868,-19.5460148752452,20.0361225678782
12.3167757588754,3.91362817769895,-25.3740255335837,-18.771329106183,19.7713196759463
12.9413873934891,3.41220028281401,-25.2555516950899,-19.0725945101684,19.885610899745
12.8486923531307,3.52207875350068,-25.0421141053606,-18.1749645241446,19.4769660839275
13.3619427123914,4.16596445880259,-25.4277249129094,-17.2283892097596,19.089231927977
13.8435442116071,4.31574499192675,-25.7480283325478,-16.5283067508075,18.6833206394383
14.4298510692058,4.24390473652672,-25.8521300211477,-16.1591549040642,18.5199023460159
14.6991015015106,4.16999098576253,-25.8617014041631,-14.264238358846,17.6610719769097
15.89145677605,4.64276182550455,-26.2042888883644,-13.6393837253428,17.4762918092789
16.082911865921,4.73559053076517,-26.3423535812613,-14.8631759064945,18.0582701474983
15.146450688159,4.49316223400292,-25.9559175595582,-15.1332121686823,17.929671482252
15.1314475839913,4.73092731576183,-26.0929457382668,-11.4037248984904,16.5178782670299
17.0167574061221,5.02173420888373,-26.755672983933,-11.2031343234076,16.223690260391
17.4314375081779,4.63340988171907,-26.7506764961208,-10.9051259012803,16.5581093845052
16.9117173468661,4.84714351634495,-26.3122538324305,-12.6436911485286,17.7243069505031
14.2168999914273,4.68096507887872,-25.9400083984965,-32.5920242204451,24.887430878766
3.24778847294374,1.78523707450233,-22.7923300874211,-24.1642142313498,21.7052784760955
7.56504370194058,4.39136309171182,-24.4040803952747,-14.9108378149735,18.5148905575768
12.7070880318102,3.33206477015326,-26.5613519780322,-33.7624510701175,26.3028978864463
2.1204708113202,-1.38273884464216,-21.1087859833462,-29.9848766905778,24.241574493235
4.76475093291166,2.39280107425549,-22.4718681154291,-25.6496085379832,22.3353337483961
7.28902309943446,2.82769746780391,-25.0354430887797,-23.8259729034555,21.8187896578847
8.7370374071987,1.35852435346402,-24.0241102404593,-27.2505231500095,23.3162434077866
6.90591955864884,0.546866574486628,-23.44876826655,-34.4507339456895,26.0226358005915
2.85401001843783,0.591047177915722,-22.1654686966191,-29.3419888174823,23.7409121255468
5.91773939272598,2.38229328256728,-24.1250079360415,-26.3324638215811,22.5110700328577
8.07880467638635,1.38439576260549,-24.9950577205621,-39.3913595270161,27.5560915769029
1.12904056160095,-1.58578666623389,-22.0443533352765,-32.6931718785387,24.9617948998407
4.8630796222665,1.33612286832575,-23.4383491728764,-37.0457646372925,26.8233866535476
2.20768605758381,-0.15384451460347,-23.7903541271112,-41.1850695030819,28.2548830901557
0.513594917565266,-1.0205666371569,-22.0493608149087,-35.7870010433003,25.3677157407293
4.82859675218094,0.125573600487557,-24.3511843652764,-31.1846878538848,23.2417718526114
8.42153886857905,0.0670127872429607,-24.9642275847487,-28.489959148914,22.0966173477331
10.3757280171376,0.25796053877862,-25.39826097513,-30.9991013653906,22.9586224767184
9.13997647333744,0.486882522509584,-25.0068815517417,-30.0326009213063,22.3157459132433
9.84130153377813,1.6048529507413,-25.8266930239655,-26.4417689393719,20.5844940591055
12.1505543421991,1.1526784853186,-26.8768456601428,-18.0375819435387,15.3866534319315
19.7859558201336,2.04265126813177,-28.9846409399257,0.533571345962456,8.6399210938315
29.9148687924462,4.45248864089238,-31.8092269133445,-7.08005020521196,13.4820834959196
23.017821780565,2.74869675405365,-28.9574078661141,-29.7487369056015,23.1562760452307
7.93272230002808,2.08946439213397,-24.4042153579469,-30.773828226774,21.9172911950011
8.00108881003758,4.85162965184079,-26.8259873725551,-12.6361442343211,13.4414632488883
20.390202937755,5.06810478214095,-31.1399297751377,-1.36007457408344,9.36748169401344
27.7582092584103,2.55963150420456,-30.8672832157507,-10.5699957052424,14.1663263831413
21.2061927602337,1.7157576827141,-27.0529766735535,-21.8909032717519,18.8383013556003
13.0338801349948,4.59411863055277,-25.8903714896932,-21.5017157951973,17.7210915700343
14.9978753469744,6.47519115357074,-28.2893004350918,21.5467091935983,0.749704308350881
40.3008538982814,10.5557956968611,-35.538000332158,23.6993761458647,-0.643828594482597
43.5809624846273,5.48995709561478,-34.3910811769074,2.06061341441001,8.39437865850835
30.3473595599954,5.50337014683561,-27.690355929286,19.8017631230279,1.40567098632738
38.0276903852395,15.154565788443,-34.043536652938,16.4437441375031,3.76615909364775
33.6293206063758,11.9565189119927,-34.1841515198417,5.28173959030296,8.58611656902404
26.7072289027802,7.93540045199293,-29.7689504785462,-22.3026539962043,19.0890228543331
10.4060671065282,4.51775247247832,-25.3822190932024,-2.77345048423071,12.0732748651338
20.1280273250688,10.1678750269195,-28.3708117100829,-2.06764660159907,12.9216633427524
19.2040840725526,6.27584745897187,-29.1715946177598,-23.0880231649466,21.3555670254097
7.66069997462546,1.78291969341881,-21.6622110207023,-16.9545611134063,17.7866381616442
11.9845396199805,6.27834164945157,-24.9706758238353,1.14117754222132,10.4339942691626
22.6684114349995,8.24341782027968,-28.7611444504118,-1.69708647375988,12.2234308645749
20.8530822433309,4.75392844867685,-26.7966616159703,-9.1157431500503,15.8183160785931
15.6501209139701,4.88311916813486,-23.750471475622,-11.4636774595372,16.4664831361489
13.6883397400648,7.07123892479249,-25.0814082279835,-8.88242040015389,14.9745292947489
15.4107573923509,7.40351928206392,-25.9613226145383,-1.72884414481682,12.4222641281448
19.480971699502,6.58291721498702,-26.7819231176911,-7.38388349786595,15.0768488570048
14.2697085951841,4.69811959493587,-24.4935376029818,-44.0745108144467,28.9913595073015
-6.81028030388179,0.546345719559989,-18.2084156301526,-35.3051034793797,26.0100945745726
-3.34215409000645,5.45387712472434,-20.5646313031779,-19.1318513588076,19.4680299933355
6.85857918374131,4.20286588618874,-25.0803410552018,-37.4354309531429,27.1743005544277
-2.5902886287608,-3.04679133392384,-18.2790012258362,-34.2708300252407,24.6051469598875
1.24855089363467,1.05758840004069,-19.3023065448924,-22.5623355938426,19.3956575585149
8.40562725976386,4.31527601554409,-23.882400081787,-12.8020004265332,15.8350811649139
14.2760311279179,3.90001063658248,-24.7153206145867,-24.8990171787533,21.0440363593179
7.20517027443951,0.948159026462752,-21.9055144237462,-26.5260231240549,21.3245523095436
6.41524056383651,3.37974361354007,-21.5352822323961,-17.2921600777112,16.9521438649013
12.2627048259545,5.49659736165969,-25.4021181384185,-13.4051230511067,15.0261887306028
15.6263066065463,4.04865725658472,-25.3349177389612,-8.5849086230348,13.308357608664
18.5357071752874,4.29686133810475,-25.523602314373,-11.6885268389567,14.7156379419494
16.3732841419073,4.7466274236167,-24.8137116371735,-14.5105519589063,15.7749472285237
14.2011197224896,5.82328267722286,-24.7658200948324,-9.30143827405346,13.2901387305233
17.3699555450772,6.85911459149531,-26.3737604909479,-7.19242085524874,12.3509894967382
18.8985239343498,5.71219947488205,-26.5001201642387,-4.19939402919333,11.2635022326052
20.6460241059898,5.92282692336825,-26.1117222545389,-6.22769762895577,12.2293527132598
18.9308066215222,6.27823590337922,-25.8270143136079,-8.59935086094607,13.1761093023794
17.0412202175122,6.77427371951995,-25.3614288324847,-6.06377733233725,11.8145499943058
18.5554974548483,7.34227598631795,-26.3661968741782,-2.2673779418709,10.3583692601547
20.6457097361676,6.95469301846099,-26.6146695191561,-3.09773337090669,10.8759582522334
19.9069282699521,6.36067951698822,-25.8350776454837,-6.33455199896244,12.4168300833079
17.3346212946053,6.62776837264153,-24.8827594144261,-7.60483937410282,12.9400574670715
14.3212324167344,7.10466494195958,-24.9568982483102,-35.5853960614371,22.8397678437421
-0.858429769461354,2.34972883430166,-20.6483973793761,-27.1909556447856,20.323177416787
2.65243755155127,5.04070749721689,-21.4952854617386,-12.4835845232113,15.162380992636
10.8032827946227,4.58017870258168,-24.8037241092795,-42.9735832110562,27.620602211192
-6.39296126597183,-2.79034481660248,-16.7300247342348,-37.2727291413156,23.7759449568184
-1.31271744249934,2.83423131125131,-18.6956704411324,-19.313135987907,15.9993394502625
9.7552793678987,5.00904035865397,-24.9125733879359,-14.5089136524942,14.4441783303548
13.3471457510219,2.10581133193504,-23.2835910003404,-24.6745050942161,18.9697454347629
7.15798347943495,0.924653427131795,-20.7531971554672,-30.6613089458724,21.1009528051491
3.27025099114011,3.44345690396135,-20.3212617925429,-25.8744780586469,18.4624713315982
6.40640882996127,5.10410777076523,-23.3283309225521,-17.9810998504713,14.959522911036
12.0185287770758,3.85788375876343,-24.340891093733,-21.9991688031671,16.4706884626342
10.463828063396,1.57562922054562,-22.7507278346924,-20.84189130693,16.1265340546773
10.9335211473614,3.70341594836895,-22.4527228426525,-23.7778310210121,17.3900744373639
8.51673017368463,4.40959777632792,-23.1767519280522,-26.0316779032665,17.8362699965488
7.60790568852242,4.07168816650571,-22.682309757266,-20.5217242763677,14.8880274083168
11.8958680160504,4.39067402564073,-24.3757675053546,-16.6870715669322,13.2047291671627
14.7011099090848,3.98937714205187,-24.4534011115096,-15.7225200049957,12.9334910613955
15.2630727586797,4.47378935663038,-24.2113788356008,-16.3904999015372,13.2337371500427
14.4742641280187,5.45291105080122,-24.1737733873029,-17.147612322234,12.9211245728294
14.4042286691927,5.98384144576837,-24.6926644789546,-11.9067371843935,10.212643563394
18.2532413200987,6.64635676078418,-25.8039015697432,0.420720680382247,5.27380410015728
25.5737837067504,7.79919030071775,-27.676614647658,-2.68961869661136,6.55605953463645
23.9123806510088,6.64712084946332,-26.4154182822844,-2.28427024961645,6.13596131037595
23.8534343639771,8.69736147260181,-26.1165951882205,8.98966395267134,1.28584556716967
30.046121136168,11.5100671652793,-29.2280140834378,6.72219663492075,2.14326037537492
28.68529009623,8.16342861003989,-28.1616620564433,28.4435888165307,-9.42237432432113
44.946490181456,12.6265063794088,-32.3136446171111,61.1483617245866,-21.1013526601911
61.9930036489396,16.7283596123483,-37.9675648893977,45.6796796117438,-11.1190728154427
47.3234542851889,13.1713530375775,-30.9700584849386,2.45208208771691,7.42009657643914
17.8554856862601,11.6983313993944,-22.4367655434143,-5.75731018308709,8.20452645798981
13.5925877251637,15.6762743583489,-24.803830466583,34.8800981134107,-9.77565375722244
39.4490842075623,17.6080086417535,-33.7268207023384,51.1344691488673,-15.2374223130586
49.7910632592075,11.0945600076296,-32.0211658028293,26.6298704826477,-3.19548306231813
32.9102505425827,8.63155187948259,-22.6237121938344,9.94844241651936,4.03808055752775
19.3326186524423,15.3861810211121,-21.5445739690315,8.56913032263119,3.43347137396834
17.571746374178,17.3629141294811,-25.0992583750772,24.5041150885145,-3.64794565039419
28.1420581908958,14.2229025005815,-27.0148130376438,31.9849867664241,-5.94798522310269
33.0051142994008,10.2213527900622,-25.086247618571,19.5369934621503,0.408222607758564
23.9759378920216,9.95289836817067,-20.2247199798221,6.41891424026902,6.12216744891444
13.736202809882,13.2250842478868,-19.0259078213166,6.22110925846814,5.7865925043524
12.7335730327017,14.3488022286773,-20.7918443316701,14.8335790223034,2.16964174238046
18.2285693396379,11.9054555081258,-23.3903863784937,-55.0761937740313,29.9894682065492
-22.1641502240376,-2.7273717588353,-9.04850569081607,-26.2172776257205,21.7003987189642
-10.1000171617183,8.7194471577957,-11.721868393199,-32.5062662440366,26.4271266987918
-16.5252501075605,2.40019690981164,-14.4088723979286,-79.733268510762,43.4273484125945
-39.5665416667457,-7.71105041383968,-0.427326256089961,-44.8447493999824,25.3492527292238
-13.5225583334763,2.70507051224972,-12.2834798914319,7.01242877012531,4.74709363774383
18.5808981344716,5.54205301606508,-22.0388275927754,-5.81637068355289,12.5263941713679
10.1626914469638,-1.99671692477852,-15.0591000624054,-44.0364570840234,29.1202120773981
-14.7178827018675,-1.00307991109983,-6.59324950546008,-43.9003825563059,27.2686049709272
-14.9138922597724,6.97048619754007,-12.9665146617409,-21.4521804362458,16.4516622202746
0.928102828237184,6.09085695002287,-19.531869005796,-1.02375906315584,8.65511507987716
15.2121638010164,1.16612364351769,-19.8743606562992,-11.9007088628447,14.4288215011567
8.5328853574627,-1.17410495340337,-14.729212575204,-28.4910987672037,21.4486804650287
-2.95749374859299,3.41153565381399,-12.7153285269164,-24.6759497199678,19.1847428042248
-1.48715723329019,7.69033086087756,-17.2624001204367,-15.7828610223697,14.7380856473443
5.40955097910017,4.83653056659204,-19.5179473406595,-5.3296705543081,10.7419128774776
12.9800693388347,2.25209567668868,-19.0487804670906,-9.16560073596323,12.8202112532564
10.6783321096722,2.09290531318548,-17.1966715905383,-17.71274994151,16.4507650733333
4.58165517272056,4.67065793310414,-16.1579144289549,-13.8670809955683,14.7558687936068
6.09126986109545,7.02740491551587,-18.7412899019996,-13.4139791604292,14.1047903683615
7.19612245095382,4.65704782624555,-19.1043710599031,-10.4027785685803,12.8442181877089
9.7933873805188,3.42164265866842,-18.3207696703142,-5.79749791376885,11.2414247248458
12.4384392661838,4.50485771961494,-18.9056161131203,-10.9451297512229,13.384948172855
9.06130238210941,4.81657792932686,-18.035560571503,-12.2351150705589,14.0521308362237
7.66711542116321,5.72195924142813,-18.1455365078368,-13.2463678034441,14.1280218391164
7.31995113048127,5.10756363192891,-18.5992205237326,-10.7656402509483,12.8273552858191
9.45087431977792,4.78274292905289,-18.6522028767985,-5.29319260185743,11.062181279104
12.3690972362941,5.10462499862659,-19.2514407276969,-12.1920716416668,13.9057367572551
8.16446544964497,4.12979582574891,-17.6077478159159,-14.3743556841529,14.5340965332298
6.86729465139903,5.22205551313829,-17.511490745491,-10.4360403689829,12.5451944958835
9.47938248571216,5.87537845352574,-19.177468597635,-6.33797162571935,10.8899839526618
12.1812388500744,5.29199095912647,-19.3753840914894,-6.02631342388013,11.2987954128542
11.9319491328722,4.76534672987912,-18.6688765512925,-13.923993933241,14.4098659638175
7.20185152300236,4.4979270312187,-17.1812433822803,-13.4538560364812,13.8552554564239
7.50003255250962,5.94020419950508,-17.9472289569817,-5.05288588215338,10.1746966350024
12.8236910990337,6.50045184914446,-20.0361295412153,-4.35443475457103,9.93505589469235
13.7508208401443,4.97034751670238,-19.3270377968374,-3.53243024816149,10.069373387995
13.7200840795565,5.57181475763333,-18.6269766399106,-8.48486215736819,11.9198395491669
10.6583927011625,5.97098199892389,-18.3494084534884,-6.66945839604506,10.8524732333802
11.7621569490691,7.13289691447884,-18.9971455068118,1.42101833746151,7.58227924674919
16.526104088785,7.45689577178758,-20.7371958498472,-2.45613757330634,9.2762646867271
14.5512553612153,5.57371684573596,-19.0567163060661,0.542893633042963,8.27100610369731
15.8836348297846,7.21857267048892,-19.1260433123862,-0.507067129426888,8.43634676146561
15.1311821959594,7.63383066131617,-19.7770777346576,-0.917427365695959,8.4303297209041
15.0188468138734,7.6889156337467,-19.3822103719771,7.61399880168195,5.3416717612696
19.4515951769371,8.70255185122217,-20.8673730228471,2.20671202506696,7.64163324851004
16.2129803244048,6.99467390712961,-19.3201467741033,-0.736831576538272,8.80746669179071
14.1609814095527,7.70041967775636,-18.3288258535021,4.58039494273479,6.42735764462404
17.0825820832881,9.24140244422123,-20.1549096103864,4.74738661865982,6.41854631026405
17.1741244498325,8.21289690795253,-19.7858668586761,7.33160788337172,5.79276573778639
18.1523667311033,8.34107774984289,-19.370674414203,2.51072099473912,7.76994091250115
15.0441986356764,7.86562370421398,-18.509612514984,1.94439371517196,7.84784636308138
14.4708586423647,8.80883562379596,-18.3154280743284,7.45488996636734,5.70035654976729
17.3113871756896,9.4607180490613,-19.7003704373163,4.17516159390928,7.16391276709787
15.3585659053178,7.81374628506607,-18.3698236335326,4.3857698076815,7.22445301322181
15.1437123062259,8.3278445359238,-17.8817623497343,3.89942357998997,7.36808479293672
14.5540082866137,8.67734602239659,-18.1630058791225,3.24031924836881,7.67191039728902
13.9816562420376,8.58005173417596,-17.7748955908614,6.43462171571573,6.68797438522911
15.3322404320138,8.81014265901642,-18.1319531538502,2.58423905251609,8.28936668552882
12.9955014541276,7.7770001936642,-17.0989407675245,1.51597298580556,8.70837844929234
12.1650235503871,8.16785907093051,-16.6790279574712,3.22119626387419,7.93208385661032
13.0249745735376,8.56129701407108,-17.3553484312725,3.23883386421778,8.12034046872158
12.8392349458861,8.02962522971758,-16.9248933235145,4.03476903536556,8.17371209138716
12.7953061551785,7.97020634167084,-16.6072614397614,-0.569767293256675,9.99850548267202
10.0144138299929,7.36236344255741,-15.7223855364568,0.0283834193224092,9.56307640219422
10.3958426477205,8.07244271876265,-15.9332488945997,3.3252360904447,8.31263380931586
12.1539941548116,8.13967275330742,-16.7370666523234,1.3181723987716,9.41124895739589
10.7953876569963,7.05522310434657,-15.6955125787063,-0.707116182008556,10.4392971692497
9.24941592969077,7.09656574772424,-15.1338800020019,-6.31511438534999,12.5491894056781
5.88169713623342,6.64767067085378,-14.4709716470118,-3.1877229158677,11.3239928189361
7.64930964320904,7.33788508950063,-15.0961891940551,-1.1138607505955,10.8048797953193
8.65219201413049,6.52429112938251,-15.3953158517338,-5.93121674235226,12.8474464749229
5.99340297410118,5.25443819926182,-13.7403148569096,-6.60512920653667,12.938439063217
5.7247471341921,6.1074064553305,-14.0700202592629,-9.37534168811586,13.9290977663187
4.12905990493321,5.71901928584825,-14.0646981035057,-6.21247874887345,13.0253542983059
5.72051798550424,5.81307256210821,-14.5132744364897,-17.6674266527935,17.8991131987729
-1.17157460245882,3.06968009655324,-12.3501705302869,-18.2470222727227,18.3230468080828
-1.64484904537574,3.96833167843993,-11.7609032970514,-15.6376425945982,17.094637159483
0.249645008134128,4.0288141241735,-13.7509193354758,-29.9473627173393,22.47086383643
-7.15378961021972,0.534810558963505,-10.6005157312311,-19.6816814868555,18.6510260580826
-1.20811135177695,3.1636156368322,-12.4499209790162,-18.6226705907245,18.7136335344156
-0.737259673848452,1.82336470331291,-13.6903892023077,-50.1387759052599,30.9699219989896
-18.254373122491,-3.56805475054266,-7.12916235956829,-35.2041639734107,24.9404502278201
-9.577886987014,2.02517444296593,-10.9407506189829,-28.2071758909244,22.3814806250932
-5.06586007679098,-0.133365081771924,-13.8879574741927,-38.8013291569425,26.5716969407674
-9.6001688607062,-4.07739435766141,-9.30686821549593,-35.2950814761334,24.3668489351159
-6.19865917245664,-1.19903999938774,-11.368778749657,-24.0644579902603,19.4626171622253
1.15248514649519,1.13699495813899,-14.6294401988448,-21.4104329978268,18.4822215373357
3.3045630942148,-0.0442585515825029,-15.1158315237942,-23.279183868745,19.4011161474087
2.49931198221258,-0.348953066076762,-14.1230729852342,-24.3945806606438,19.682549572323
1.99991238847093,0.761014207005935,-14.8684141005289,-22.3036154508903,18.5773879903541
3.58156002488085,1.48214839486666,-15.8219257580365,-14.2314673393063,15.1340745530626
8.9221573517385,2.04274938004523,-17.6458955318388,-13.5847089174963,14.9509935314919
9.69411478979498,1.02007638732082,-17.374198647334,-14.4414076699098,15.2700581990581
9.32937774545538,1.68623003033291,-16.9721654268436,-9.98964003487369,13.6054865382956
11.524435116967,3.45569255602843,-18.4372061843305,-12.0142896680087,14.4393445409741
10.242778710922,2.60024379466827,-18.2770161497542,-10.8633455632864,13.6089906940622
11.4678006420873,2.8000592253168,-18.386722455135,-5.53856575474865,11.5107829377273
14.5457114063682,3.532881905303,-19.6216475382546,-6.19205133532957,12.2097362986324
13.6726537136541,2.49273479974007,-18.9284975597165,-3.25241732188091,10.3116872190005
16.24638706494,3.71163603061134,-19.7024471537261,5.61066541185672,7.10164324065979
20.7619399507511,4.80061394951104,-21.5719479508666,5.7222766985683,7.31616278742617
20.4676281538575,4.19584366732485,-21.0577024807798,1.7556436027952,9.95953435595668
16.4159628613015,4.13930280811541,-19.599165029711,-5.26773821845105,13.383532758666
10.8120535261847,3.98509771288428,-18.3569420077877,-9.83673995546321,14.9870901399699
8.01517664044864,3.58338438832766,-17.9487979773608,-5.40725536087817,12.7167296908623
11.2844780435908,3.52983831824415,-18.9879720462702,-1.02596487039548,11.2025889686957
13.986634485192,2.70736893090307,-19.1372556411024,-3.93648994310902,13.0417379938739
11.6471332590601,2.03468833743765,-17.6121159330535,-11.4836920563969,16.3814759090233
6.30202871453238,2.30382867699042,-16.3331192912404,-16.4274853521806,18.2466910426301
3.09148937187524,2.46979708310437,-16.1997174282502,-14.1876393321303,17.1469827062042
4.61944966196385,2.03022536778053,-16.9754682676824,-12.1857270341263,16.3237337208914
6.41383057701591,0.781919177525217,-16.8160805533951,-11.6936866022945,16.7531317382667
6.36816643120432,0.464979411895754,-16.042590724871,-18.0279411324181,19.2862927423199
2.38258242452974,0.375548927109149,-15.1784766549264,-27.4740929280173,22.6547254274431
-2.86885061561086,-0.107405093390608,-14.2227853602294,-19.7335187588921,19.5290983959513
1.76186933688725,1.10899800076098,-16.1919329947681,-16.345685831161,18.5287718634875
3.71922591489704,-0.578946957828149,-16.5298031895964,-27.4770684278177,23.2601082225704
-2.48694568180366,-2.92776214434689,-13.3261515883818,-31.0705595135331,24.3533861421013
-4.29206964466078,-1.23122967955479,-13.5314796027332,-23.7504316456506,21.0671351880276
0.462356079465346,0.175308205200511,-16.237912953931,-23.9196931821255,21.133828333749
1.10064813524628,-2.02545376271499,-15.9509389419979,-24.2611970429246,21.4732217384238
1.34711775257743,-2.3479572458328,-15.1002517910284,-27.7268505734682,23.0713953614525
-0.862672033888723,-1.98664938368306,-15.037222728199,-29.4778671640151,23.5663406306309
-1.53361784660624,-1.46700228145336,-15.2279720272569,-25.6639731684312,21.6885610115495
1.41464627789379,-1.18165951357071,-16.7404218619372,-23.6951926350384,20.865858967727
3.23457488814451,-2.06329150734617,-16.8590269988601,-24.584662103606,21.3367641590335
3.13862756574984,-2.25431638856444,-16.4908123765331,-24.850116192376,21.5446161426395
2.95010239063962,-1.45359224289166,-16.7360130088803,-25.3462490169525,21.4922728405608
3.0277257349238,-1.17729897080926,-17.3444057779791,-23.6464041343298,20.5355209979049
4.72562337681929,-1.160955090482,-18.2001980055499,-30.2089040829125,23.1317225886869
1.20887357199006,-2.79235336254302,-17.1288765123967,-25.8994119035483,21.898370437597
3.35443729088904,-1.44659189381118,-17.5720753030185,-29.0476826137445,23.5078941106783
1.25729532912188,-2.4605943463422,-18.9520018748765,-96.3019183334254,49.3776119016195
-36.9141861326378,-13.2741264719004,-7.07922368731219,-58.3783964599437,35.5346794262387
-16.7671547788648,-1.99932799179474,-14.0353490525743,-45.5383900508203,31.8872282668445
-9.54424627561633,-8.16560797489164,-19.0536613259751,-87.6290315765246,47.5555465512202
-29.5446638626438,-18.3546097029624,-5.38500171835697,-65.1551317893946,35.2678198727974
-12.261309469565,-6.99035483464075,-14.2222811418345,-17.230280057256,15.5771554829933
17.1441780390878,-1.01547253733819,-25.8109557073648,-23.7073506435863,19.6739568099762
13.5965885300474,-8.33103133795182,-21.4994401332985,-44.5765074293804,28.8578814487588
0.411237200369998,-7.59032176439752,-15.6172641607675,-47.5390898528517,28.6922881536742
-1.41582868077315,-1.65214492653193,-20.0029909330755,-32.2134912528654,21.2026428115531
9.16095807534696,-0.481650265575761,-22.5351465432382,86.1783007263182,-25.3820403611155
79.8302255082405,13.5144263325161,-41.9041843945641,30.5668837105119,-5.75469013087203
52.8725457262054,-4.55450607199772,-30.8724440986547,26.1585692566332,-6.11417571568857
50.6331123352455,11.0287705682381,-25.8839184697042,90.4268974533097,-30.1914712816525
80.7560759166948,28.1660157850565,-49.1280905835401,51.22226882037,-9.82502495163879
51.6329643679091,10.6576799783098,-34.2080899552394,0.584503677024186,10.9548896179216
20.0714628996034,5.38566506763517,-21.742676831495,5.79967847074488,6.34845656338911
23.4883248754312,13.4748984353583,-26.9289256937978,43.627484216336,-9.97646672362193
46.8235977233321,15.1968499256072,-35.6076989437834,52.5730346436701,-11.7596797839289
51.5796814330164,8.31033972211814,-31.5699803227333,26.1750756847183,1.01693989141971
33.0076295593546,5.98561850463004,-22.8986258538134,6.86954892023735,8.88519353768746
18.5541784051411,11.484197499998,-21.3001159811544,12.4238920667276,5.56756739450081
20.9864844703034,13.9384842242691,-25.8773000595156,26.1048419467433,-0.0721971663961992
29.8488438349781,9.55235346575941,-28.754646616294,-57.9473884855761,33.7940407950344
-19.0107315148606,-8.49331479061899,-10.6836042943286,-27.7338462698004,25.970268255434
-8.08893599387616,4.29378363924028,-12.9743901584637,-33.3157211074967,27.9672907245813
-11.3306075819761,-1.33546057332216,-18.3068218938434,-46.6540734908398,32.4782610571763
-15.4697044386487,-7.42629396458982,-9.0105526524484,-19.4881058011345,19.896662307128
3.38242118511283,-1.66567224468905,-17.8725739927781,-10.0403604936862,17.461789649761
8.36644095224138,-2.03371114269865,-17.3393921889296,-24.399966985841,24.1515984100524
-1.02975987525102,-3.50092976170825,-14.6079762812316,-41.4756262960666,30.8869773349733
-11.6183757321097,-2.67978516937575,-11.9003799644256,-20.1589980377647,21.7616627336869
1.32857753435589,1.64105523821492,-18.4850212998104,-20.1950517266971,21.1662158132093
3.40128243946521,-3.39851599359025,-18.0700838884041,-14.6453227895721,19.0936440134001
7.76156246548662,-3.04346936760422,-16.7916269870037,-16.4251457902682,20.1508206231719
6.12675843934443,-1.40394912863819,-17.7652838718358,-23.0724576160695,23.1281525691543
1.36465014358265,-0.557555569513716,-16.5185461817732,-15.6397472293928,20.4039004448933
5.18353087614238,0.791726066475867,-19.0193206929349,-22.7849639499197,22.7539561280388
2.19967138797134,-2.50175587769321,-17.6918552181344,-20.9781614428922,21.6932335176628
4.21670681503285,-1.96959518026027,-17.3904219887607,-9.50047626001742,17.4164398852175
10.7120489966337,0.149685783870889,-20.1629665799867,-17.2743860358267,21.0128055284109
5.83744012327634,-1.81444857562284,-18.334008902167,-27.551825902455,25.3742038876257
-0.634907565508914,-2.13885083453902,-16.3147881380719,-26.516778724634,24.7052499332241
0.0427471829357193,-0.972313023422856,-17.8644003302835,-22.6378983369545,23.0298485833943
2.95069709768407,-1.78630889624605,-17.3806944262242,41.5320644372567,-1.72117217135487
40.6668664062353,7.20423300926832,-27.5429307941269,4.0462534680039,11.1706128550067
22.3699150141575,-3.15376059720145,-21.5722939000475,8.12542655332048,7.94789308870188
25.7375058810198,6.22071795957384,-20.0998403589109,48.7988929937981,-7.09375254343613
45.5732210493976,14.6257951326775,-34.0145274482288,20.9331188286995,7.47722265841164
24.0372460320334,3.52151667113861,-23.1338564747419,-38.2821337372436,31.3114061768524
-11.8825537996773,-2.70024540612376,-11.4985880378378,-37.6116443059804,29.8167966744094
-11.977175586212,4.16611817146342,-14.865764921618,0.92746248317837,13.5500457565421
12.277690062871,4.99973070138373,-24.6341851239406,-7.81471472816303,18.1702557288777
8.79949260135545,-5.79384577475675,-17.6027081799635,-21.0609949685163,24.0472777137733
1.175888516981,-4.27153843359905,-12.6895956498129,-25.9043568453922,26.2033238761564
-3.62032779846752,1.32951773564299,-15.2425922394689,-24.1120239140441,24.8570671816179
-2.2630369744125,1.49101717170549,-17.421422192735,-19.3886211600808,22.7004142787566
1.87938619995093,-1.8623912525177,-19.1110697586353,-71.1294398280701,43.3556994775923
-27.4393983647157,-12.5168787219877,-8.45751785561839,-51.423861604539,37.9072924574423
-19.2246731998754,-3.6629457411209,-10.9578934693287,-59.0273510791219,42.3073897516932
-24.9884972590431,-8.50816626892443,-12.854492303803,-85.4753168399621,51.2337392381412
-36.2121982631007,-14.7523214091779,-4.73693084175414,-58.681129287804,37.0633347348742
-15.1096718427129,-8.09784040844578,-13.9955989602484,-18.4675928977502,20.9500940220765
10.4743548599201,-5.33593417175305,-21.2951510462065,-26.4542930474317,26.0331981795191
5.30374548213931,-9.90613237780019,-17.3531608428964,-56.2149596497428,38.818144361386
-13.7278348989912,-9.0129195595128,-11.0783576996069,-51.6559770464196,35.8216033113304
-11.2739196724653,-2.33256567318628,-16.9800001626973,-39.0875807240512,29.1610075240334
-1.22652514202082,-4.17497902858682,-21.3771771106763,-21.6852388046471,22.0541599380163
11.4705036827856,-6.82346154688669,-22.1900007471321,-24.2456965173756,23.9173748331763
10.1164621613709,-7.66262056712598,-20.2040379323882,-37.8357350873012,29.8189986897667
0.970460325441703,-4.94643268642761,-18.0820661771324,-34.3854219646874,28.1040709661311
2.21068771327798,-1.05865445499673,-21.5891505747205,-30.8640010538204,25.7423599198782
5.75706616016108,-3.18139398440606,-23.4004015901654,-24.9763249162127,23.0971791587089
10.8313950962238,-5.10828484363058,-22.9921479160837,-16.8020841926048,20.2260257300365
15.7703530876547,-3.65676854969515,-23.8615457767772,-25.9339431584683,24.1252089227934
9.85644015767379,-3.45435012033313,-22.4083773707458,-29.0484222563983,25.1055984374306
7.70527286503338,-1.55998251425964,-22.7471947806952,-25.2055901382839,22.9662346835696
10.5122157693321,-1.35834155817323,-24.932254755141,-19.614469947746,20.5712020503711
14.6201961001726,-2.46091124084742,-25.1513451381266,-15.9100394905087,19.4844711837978
16.7910770885175,-2.50684656602783,-25.0775687479553,-23.7037136686688,22.6152947629764
11.8637225304221,-2.5107396337938,-23.5642874402832,-27.1533829445619,23.5426898374174
9.82583262192418,-1.04709643812279,-23.9167288311632,-22.2569742542586,21.3088133787767
12.8050885783708,-0.50549775075489,-25.7200648661673,-18.6461070093386,19.9280907675362
15.2713840625095,-1.75526191424812,-25.7243110598707,-20.8896493619812,21.079513269617
13.9891114489996,-2.49163973016071,-24.5053572459857,-25.2163826769492,22.5481289268317
11.5525043341342,-1.64305648815296,-24.0346957780165,-23.1964952205582,21.3607731954414
12.8266797660507,-0.27007504466682,-25.2695311364553,-16.9551466249628,18.7271376921853
16.7316879091893,-0.151994332618743,-26.5929821719809,-18.4543569735433,19.3969638770788
16.1238951182895,-1.55390609717293,-25.6657903383732,-19.2265061594618,19.7318908360431
15.5981907294634,-0.796935958988723,-25.1713871494044,-19.1846331659734,19.5728213666895
15.4307881381707,0.219700237703415,-25.9000633028726,-18.1200771142772,19.053392144208
15.995676490542,0.38048099143948,-26.1588463028087,-15.6392593240044,18.0640136981904
17.4664888122528,0.279185253899116,-26.5178926738283,-17.1499432343063,18.680675664375
16.66207498819,-0.176547498052017,-25.9066597746182,-16.2821854759577,18.2946143612729
17.0455475395813,0.646877112590003,-26.0458661115557,-15.4566099396205,17.8765249625545
17.4001337609412,1.05872943117791,-26.5082046291674,-15.7635159205771,18.000126217745
17.1869740903083,0.828040489607314,-26.2751530354281,-12.6429819249355,16.7093803411007
18.9825146133189,1.3752560737382,-26.7588865832049,-12.6549729550876,16.7251052286758
18.9064384726125,1.17724071882073,-26.6829134437248,-12.7501370371529,16.7001654830442
18.7559885504916,1.54614825017011,-26.4658023325182,-10.9234374991947,16.0441332211206
19.4459258741178,2.16999361381647,-26.9462916034303,-12.5365350709853,16.8682006135896
18.152969817294,1.67918413506484,-26.4439568748363,-12.3493050077507,16.6792388802492
18.2265185031686,1.95290613531723,-26.3573337040791,-10.4183403825931,15.8791668346116
19.2342459257813,2.31622655813333,-26.7943669790612,-10.2570675915114,16.0082653010582
18.9639051754727,1.94233768859777,-26.516922870579,-11.5358000198337,16.2308355176504
18.4165240945273,1.97896747690938,-26.2587542502395,-8.07174722466773,15.096215514006
19.9264364182175,2.77993759462853,-26.8180326098516,-8.21021903673847,15.5066966363072
19.2210165977022,2.45090862864217,-26.5630162881896,-13.3749764179042,17.8292161177052
15.666146891808,1.7677694584249,-25.1649682422189,-15.1544540251198,18.4421193189503
14.4601508688957,2.14949012131129,-25.0994789936003,-13.5588575022771,17.6001832263113
15.4902949293945,2.26745320336946,-25.6626449666834,-10.2501752067567,16.4455690369574
17.3426468877996,2.05040110305928,-25.8357796681613,-12.8464328333043,17.8846410734707
15.37296682523,1.28733394608552,-24.8645193047777,-19.9648478122561,20.8078029349385
10.8584121362374,1.00174245779304,-23.4524866566536,-18.9463028393126,20.298720634243
11.2746735841406,2.09358590072936,-24.2490168042583,-18.3529414274804,20.1065644709064
11.6079457336937,1.24815822327918,-24.5150089301189,-18.949087624354,20.484208190085
11.4379746629543,0.332624669693096,-23.6660843011827,-20.0158809558409,20.9525946670005
10.8537083245541,0.474980593625661,-23.5491583136108,-26.2881846652973,23.4527271909505
7.07645037759317,-0.0177775247195946,-22.5804910778947,-23.9598692661362,22.5913834233195
8.28451142670624,0.897558843242178,-23.3447101684072,-28.6383044661112,24.5704100688055
5.56885087427399,-0.829580439912854,-22.7244912046307,-29.2548946798196,24.8715496848357
5.47217419375975,-1.00054843373435,-21.9748534214541,-27.8640279052357,24.1377968038512
6.73513605588534,-0.675915950918125,-22.9358262203637,-30.0918535928579,24.998002330769
5.75688322666883,-1.26096849609625,-22.300955025168,-28.2642379698691,24.1629983929554
7.14135448349505,-0.679945397099598,-22.9028129153847,-27.9577519863107,24.0707932006359
7.48636813613277,-0.850372065882739,-23.1519855408151,-30.1311989236457,24.7811064232101
6.64009685009107,-1.22921882075712,-22.8023575775354,-28.1946556838926,23.8604849557779
8.12132143581223,-0.537886914629678,-23.4239171044201,-25.7154960579966,22.9559563397387
9.64772626406256,-0.394278598624494,-24.0726436032101,-27.9438694183733,23.7739744539188
8.66007165353463,-0.984689180700227,-23.5582509345644,-28.0866867485047,23.5739300126124
8.97386484052197,-0.426080411233711,-23.7387199060277,-22.6662000702167,21.3910260967549
12.2272535641227,0.571129362117357,-25.0850864924358,-24.04621831125,21.8512736059943
11.7140809720529,-0.256954797610197,-24.7830657176625,-23.5003679535442,21.5029084810751
12.3006975562673,0.242087216297364,-24.7006159430356,-21.916116852982,20.6962999415652
13.3611435270064,0.869989365927838,-25.5693075351645,-20.8592718506654,20.2564482018017
14.0726232047065,1.01760620711978,-25.6048623756688,-16.9523579125852,18.9052148856961
16.1253639811932,1.56900337213609,-26.252951148247,-21.1363217392744,20.3784693144149
13.8853085723954,0.827063022465061,-25.5205421112562,-21.7330973867522,20.2988185046862
13.7757752526213,1.55413817819559,-25.4841950973665,-13.3112296024654,16.8838002791554
18.638840852394,2.98544554824302,-27.4889626047604,-14.9345523409581,17.6597461892433
17.6398285471427,1.66763728765998,-26.7500147792684,-17.5500099012991,18.7905963956132
15.9351358870035,1.85986797775512,-25.7175874923749,-18.0453382604286,18.783754315723
15.4628092019731,2.76362560750077,-26.3554596156163,-16.3377511201846,17.9139150870587
16.5308935246934,2.99439210669885,-26.7395079282788,-11.9482954541899,16.2972381472577
18.9903701742093,3.02021885263012,-27.2977779851119,-15.0757193293203,17.5716467195293
17.0488582752752,2.18001629528353,-26.2577182256004,-17.5717328094656,18.4003206074322
15.5394659584212,2.78787017917879,-25.8112098524467,-15.3819058073079,17.3986579927639
16.6145628295254,3.69545712005967,-26.7629303995466,-13.2705765794369,16.5942315569984
17.5018422395594,3.36767641923551,-26.9408371291758,-18.2954742635942,18.6073489189764
14.5950883480728,2.09551089250086,-25.6189834521786,-19.9328218973809,19.2777009960248
13.2001619912114,2.68518249434323,-25.1893663269245,-20.3241461896065,19.2080972802189
13.0106147173485,2.89701887544497,-25.6498290093191,-19.0417701300913,18.7546387769106
13.7224196576184,2.63461686414867,-25.5799270030082,-17.4740440270395,17.9677440891421
14.2166087382083,2.49440485267883,-25.7382086761687,-31.5984292969342,23.156183579752
6.47240836781882,0.295757421460472,-23.2220830348651,-28.141157049149,21.9495391996377
7.15664002780871,2.39889137482598,-23.8793479265725,-34.7355169338625,24.2546447580191
3.68352701519564,0.242253004784157,-23.7187796481682,-41.426997362788,27.2559423683393
-0.282046250305531,-1.34083211310239,-21.1762372826897,-32.0458635497977,22.995533928513
4.29612011743325,0.486865760885518,-23.7193767827861,-65.9687634546648,35.2509587017789
-13.591501558926,-6.18945248571994,-18.1809330103835,-54.790861907277,31.131021234231
-7.54897908592743,-1.48257063757495,-19.549182700724,-36.6627055716154,24.2379954194768
3.02376511965093,-1.18020380425988,-25.024819439319,-62.2785867275971,34.3278247950564
-10.2677939396856,-8.3491919207003,-17.5456816073786,-54.1966163544627,29.4787373644901
-3.36851806676017,-2.79674040074012,-20.2596500042444,-33.5670605768983,20.4283026169523
9.71688993881376,0.433609136549939,-26.7546754921022,-27.7360903531388,18.2994593152063
13.9841192270368,-1.66530923443074,-26.1178979231384,-36.1964702651717,21.918420926168
9.03302301139449,-2.51676911586013,-23.8748316454404,-35.8511167537319,20.8689839569696
9.69249389503001,1.03214970302023,-25.2104204188811,-24.8169873109202,15.7257169727706
16.6040441483869,3.22204476660126,-29.0653042943724,-17.2349375233399,12.6141025086264
21.5725286555678,1.85239300956543,-29.5976443681092,-18.669096216724,12.7871952031727
21.4940794594291,1.26720112730885,-28.6068902389799,-14.5577893269582,11.116939948051
23.3349064340838,3.78565405822958,-29.4084633044674,-11.4665947353293,9.28794624161215
25.1293068660255,5.30267388690071,-31.0563485249587,-6.84670108628081,7.60904666639479
27.1837428491202,5.70056153110687,-31.3771309072639,-6.90218029709891,7.90454847167965
29.3487283892031,4.10528599738034,-30.9180903805886,45.940732426545,-13.9079429059278
61.1012874865226,13.6990457371446,-39.9133100202146,67.5878682546001,-23.3108022185915
75.060049485659,12.3728722003149,-44.2862671096077,55.3068601167408,-19.1392326601156
67.8803197955324,12.7445794180429,-38.8171908452398,89.8281451807184,-30.6259817505831
81.7810796893744,24.7928324765919,-46.3037143054839,57.5679807683826,-13.4131374693922
54.8906760710167,16.8669909039047,-39.2274344386724,17.2157682267504,2.54859523087806
29.315891419107,13.3068199768545,-28.9650794566455,32.1160403564749,-5.17548097025994
37.9524641317599,18.2014783734647,-35.4499346781272,60.7773420265918,-16.3361284685193
54.6923148718445,16.6659924965771,-38.6647351771503,49.2667775469254,-9.22276721878752
45.5772003298082,9.95063353086516,-31.4832729392839,20.6006073882045,3.87681926860009
25.1178249499162,10.7055591228435,-23.723546608179,8.13009998100414,8.79417707149621
14.8824799032692,14.6576436276247,-24.7221568256098,17.7937516270199,4.15514532980806
20.6149681738355,13.9272014924952,-27.3947900678339,27.2970572903456,0.530670717282642
27.0631291015621,9.1743702239234,-26.873112807225,21.4441516896793,4.52096441209414
22.3999883190332,6.53664252011853,-21.9649631448805,3.50902046773112,12.6374211329975
6.94877120728721,7.73479741684365,-18.5827076586948,-49.6826406845391,32.169739008284
-23.8707188763692,3.19198466794281,-11.5743349135817,-37.5501690017949,29.4275604592115
-20.4338147546279,6.11778694945975,-13.7890227318861,-25.5047735830908,24.8510656892095
-11.5573172428663,1.14488611921967,-16.254295060235,-63.7205111589556,41.65186755101
-33.265533169848,-9.59653671717106,-4.07374972321239,-62.854859533438,37.8720380518029
-27.8644113769153,-2.61980203491732,-6.57341527151056,-31.4574024649054,23.1676347564378
-6.48951393637882,3.62311533950069,-17.2087784194688,-1.78461119160161,13.1929871046727
10.7368179395054,1.98120761202859,-19.5768302211405,-42.4529476364495,30.8152750801498
-13.2975690757959,-6.22113134115662,-9.83642343113948,-57.2045846805867,35.6174287233597
-21.709394635336,0.448013427384511,-8.18199351290629,-32.6662281176028,23.1531473847507
-5.1015008293084,6.30842590397301,-19.6830330852021,-10.218886830684,13.2021643580735
11.6710668090675,2.3613994805542,-21.8943615336824,-1.92931524420518,11.3796425691853
16.6915345688107,-0.0211372226962907,-20.13894732294,-23.4880757891616,20.6212491133601
3.11849963439472,0.829644932592799,-15.4553317431667,-30.7860677316193,22.4087649301941
-1.69307263263925,6.29540141396836,-17.6113705715837,-9.01435905800619,12.0406981565479
12.5670835285219,8.83781894521311,-24.5082649320437,3.55766227907942,7.00173784565061
21.6149103394774,4.20084997832451,-25.1081237020624,3.02088072171056,8.02839712016702
21.3582870930332,3.15263859714415,-21.79419599505,-8.1742688231274,12.7774702217241
13.3844800998984,5.93873836340037,-20.6519418251049,-11.109933392075,13.286382002021
11.0732903257066,8.5179993109611,-22.0846572687553,5.23454327496843,5.21308926983634
22.2788137941935,9.54549368540968,-26.6473957067216,21.1343410141036,-0.739203494545954
32.0889520419386,7.3042328778053,-27.63552781195,18.363840668867,0.998082735166542
30.0205459654209,6.49562358706514,-24.9634736636019,9.17751240486772,5.53753741103963
22.1690208490253,9.14394256672935,-23.2477829340164,3.10956165707331,8.163578725979
16.7346297906254,10.3679687777205,-23.6912113058316,8.30158487277428,4.95406490160386
20.6815189447171,9.93098253562681,-25.2912715364067,22.8332858293101,-0.876751167784196
29.7758614405732,9.17784837956107,-26.7921058216831,22.3164833480839,0.588123510800333
28.1674523807005,7.8820438424669,-24.4780522168449,3.11123548819609,9.2409246095419
14.7052400419031,7.50777526190276,-20.1523775247163,-5.51748583974123,12.2256882689852
8.77627752765963,9.76013686540572,-20.1977585413656,4.71610011721028,7.48889614131205
15.0422730016629,10.1184928816196,-23.2958010685914,12.516177433045,4.28617412274495
20.6261578246038,7.11021633193937,-23.1024120917578,8.99159690267557,6.24041799548399
18.5671546074752,5.90095729028352,-20.481601565246,0.469175149201336,10.3550295263998
11.8687707923227,7.47543707574619,-18.8121443267589,-4.34785804768216,12.1336762416011
8.18474823101333,8.89857020914565,-19.1996952034645,-1.63095930066808,10.7370792805124
9.90114797138285,8.10542891989959,-20.2707818138876,-3.54280180796255,11.0684090636594
9.86316413613722,5.36814226486933,-19.1767723528401,1.19505763147751,9.51522134779129
12.7169608163171,6.21081912298526,-19.0430771162129,-5.02131832654521,12.8222994210856
7.77993865040911,5.72593575878953,-17.8493779015231,-14.4422841525416,16.549143879689
1.96972085827429,5.51457985990497,-16.0218507396129,-11.3286670736667,14.4699025027412
4.55520081341657,6.56645966263387,-18.1157884180058,-12.7069400033247,14.6850456421924
4.57312727359753,4.33902777707534,-17.7087119608616,-8.18751000907165,13.3422051561526
7.34088374987884,4.4525186321212,-17.5351124249987,-18.5623171764665,18.0339002235446
0.610797432900141,2.88612680714406,-15.6032100654734,-23.3413676255109,19.6857471638255
-2.08183943153553,3.85522247314545,-14.7753311820443,-17.8784112783698,16.682054576848
2.20284380560755,4.82030678834406,-17.5812072794528,-15.8338306781579,15.7668561556022
4.20906482529815,3.02393094296743,-17.2413695958091,-13.1244524891883,14.9416566152516
6.10422611548571,3.04754191696679,-16.9951471399781,-16.9184407591258,16.7449668615298
3.53981732965264,3.24309674095935,-16.2325195835895,-16.0562871800731,15.8439171838106
4.55931309253051,4.65794860084738,-17.0769084614663,-11.7212217083262,13.2659699919339
8.37238480674033,5.13636016003867,-18.7601448980331,2.7048003045,7.68743389765301
17.0283481990531,6.27931666769655,-20.7078058087787,-1.82410868834901,9.60979587866685
14.5950748590766,4.59340879183876,-19.4849460260022,-7.29392465302173,11.6580315524042
11.1706465722024,6.03403853546452,-17.9094141829624,5.07369598620082,6.63336211950224
17.7458980746032,9.52557952510377,-21.6898848534393,0.817658957043026,8.00607035035713
15.8320054023644,6.90657490862835,-20.6823290160715,8.39799711410713,4.88745580159781
20.5039191115713,8.21123679955567,-20.9103358867803,9.9687578592175,4.00662455297523
21.4336581155455,8.58075053454507,-21.8953818390361,7.87231994647399,4.89758040989648
19.9549508600744,9.10849566463252,-20.5707158231683,19.8369485752345,0.676991875069785
25.6180831458782,11.7384095421892,-23.0046090353344,9.98932843240795,4.33331642248761
19.9818371383332,9.09683813681899,-21.0015795877403,8.7505793206274,4.38206549735564
19.3448821429247,10.1915060098893,-20.0364470128844,26.2279051606109,-2.75620762355749
29.1949485711065,13.3056676082838,-24.1185324027844,21.4346687837886,-0.500677833453641
26.1537029356485,10.5816010665779,-22.0294333343441,22.2040880874981,-0.171564723151865
25.3290002349861,12.0025396608445,-20.650218471737,16.6909040836203,1.65345337097532
21.6369250362718,12.3763242464033,-20.882510609241,18.8709653280348,0.365193001019089
