u_q_m60,u_q_m30,u_q_0,u_q_p30,u_q_p60,y_q_v,y_q_delta
1.56700000166893,0.10899996757507324,0.37199997901916504,1.5099999904632568,1.68299999833107,1.7500209118001884,0.23173582378066027
1.4864269127944563,0.12317959967496833,0.3024282731313737,1.531743955273894,1.6418089997524068,1.751054308081203,0.23154611898188313
1.466480099243029,0.1290784810028367,0.27553385101934885,1.519233634205851,1.6688138185751527,1.751054308081203,0.23154611898188313
1.4515970486522556,0.09090125010489125,0.24171289236190308,1.4623657723826196,1.6454642719759818,1.7506863847599128,0.179160244907222
1.4015747488193568,0.011264557260908303,0.23505874036437546,1.416314581286977,1.6309931041372363,1.7473500950501677,0.15719514483704855
1.3351405823566922,-0.07758667634595964,0.24219944866626328,1.380632282518045,1.6050417097606517,1.7473500950501677,0.15719514483704855
1.2724833799183886,-0.15912307214081628,0.2615162785347942,1.3529457691371178,1.5810164417119619,1.7536164818658193,0.14113018534688326
1.2184070823934687,-0.22148855127810374,0.2873370855164114,1.3332719831276152,1.5526016112133416,1.7569137047800627,0.11640157565601518
1.176128823868728,-0.2602288147729654,0.3148896850913315,1.3196552847403897,1.5258955830281606,1.7569137047800627,0.11640157565601518
1.1499898806871485,-0.27567459858123206,0.34157159891956523,1.3154543195123631,1.5039879124752233,1.76358849986842,0.1373246268198753
1.1380495516105182,-0.27164469631126725,0.36475389778234346,1.311632575445783,1.4818612883647169,1.76358849986842,0.1373246268198753
1.1328593504903306,-0.2539548717016598,0.3843150974073032,1.3195002481292502,1.4652012217304182,1.7666845305896395,0.14772689138963288
1.14059000155109,-0.22860821807965043,0.39732388461900814,1.3196926927359423,1.4494400590582637,1.7666845305896395,0.14772689138963288
1.1419832006397699,-0.1930226437572652,0.4042919646642153,1.3293392160947277,1.4436972821678629,1.776258913003538,0.20865108020150774
1.1489180139646695,-0.1579173296980303,0.4083976292447161,1.3377374732668308,1.4379387147724176,1.7863139564945474,0.20628568821293883
1.162364953960513,-0.13632518190685383,0.40788375421049355,1.3377756975846005,1.4294652719973502,1.7863139564945474,0.20628568821293883
1.1745059114907972,-0.12068314775391864,0.40398303342192027,1.3336923867912573,1.4216589276097764,1.7834524452714744,0.21726990988274617
1.1843452196577013,-0.11111700818578074,0.3997588432578262,1.33185054598019,1.4157859942427393,1.7834524452714744,0.21726990988274617
1.196430925589026,-0.11280392767729078,0.3949343175510446,1.328801804815915,1.4106482870594186,1.7840963448850777,0.2283598729115088
1.202290721404599,-0.11521600233105861,0.38906528711371374,1.3206641851798455,1.4051021415523575,1.7782789085522799,0.2457809989887476
1.2058870493873795,-0.11695478073941262,0.38477553871424175,1.3184903003110167,1.4011411412925912,1.7782789085522799,0.2457809989887476
1.2111667912008182,-0.12083951359082898,0.3808635321495381,1.3156942831933967,1.3973488695020597,1.7800660197946447,0.2424299311711433
1.2126828755942909,-0.12376102653762583,0.3774679189691455,1.3143281139036773,1.3939878120934022,1.7800660197946447,0.2424299311711433
1.2190609814065838,-0.12407228770023593,0.3745646847862759,1.308162292256486,1.3879196517815933,1.7791908758925388,0.20289608824390587
1.221302136656479,-0.12578905829685733,0.37106482549250475,1.305285294043279,1.3861804215364297,1.7806731826196671,0.2242991157357107
1.222535528674431,-0.12649684994332996,0.3688082418568033,1.3045060679942395,1.3834718901077094,1.7806731826196671,0.2242991157357107
1.2239023313311292,-0.1264517246908337,0.3659163245275791,1.303987411425857,1.3810907122094946,1.7811822206904893,0.24372418338336177
1.2253748609766277,-0.12581072333505033,0.36417643832029484,1.3035198192396074,1.3788482355845124,1.7811822206904893,0.24372418338336177
1.2268350260018388,-0.11785365849988183,0.3626590315115089,1.3062046977196151,1.3778495909660555,1.7890640374352502,0.22617715993535442
1.226764057169149,-0.11678082270280896,0.36192929743037255,1.3080479436303274,1.3768355671219012,1.7901985928485082,0.2163742840241536
1.2277501534927504,-0.11573886187974011,0.36044466569381406,1.3077077929429783,1.3751971560589844,1.7901985928485082,0.2163742840241536
1.2266363656415686,-0.12396568561136193,0.35806604572069894,1.309152110153056,1.3734565686279727,1.7842029032894882,0.27509435935717086
1.227750154892405,-0.12332436239005717,0.35722038427768443,1.3084692991318967,1.3718605199579916,1.7842029032894882,0.27509435935717086
1.2254501019319068,-0.12398785431576406,0.3574943194540249,1.311161883537933,1.3702228548862163,1.7819926009485405,0.2682051810621662
1.2240703643421147,-0.12372075733168911,0.35599698042655714,1.3109764860866617,1.3689250412498875,1.7804223833366555,0.29175253023135284
1.2247859820498586,-0.12318316446050137,0.3555863736522153,1.3107499160057399,1.3675204506252525,1.7804223833366555,0.29175253023135284
1.2254520923207535,-0.12156903776139799,0.3542438682320912,1.3087256499811595,1.366284929672292,1.7802011189353149,0.3057026955074402
1.226197904488382,-0.12082156732891122,0.35391085967322555,1.3086898846736867,1.3651446940155827,1.7802011189353149,0.3057026955074402
1.2259371082873352,-0.12106867180196773,0.35558498248422776,1.3097054862995794,1.364107941562375,1.7781863399634759,0.27350872310537966
1.2306049069622549,-0.12055388053243246,0.35428867850402385,1.3067269223963132,1.3632697734249168,1.7807917625210967,0.28204944240525975
1.231030109113294,-0.1200040933418351,0.35380253516125537,1.3066901404876465,1.3622520764995518,1.7807917625210967,0.28204944240525975
1.2334933367006276,-0.11752406665462084,0.35442653987008715,1.3066811023193896,1.3614610019947837,1.7836509085679983,0.25107705840293626
1.2336806803230949,-0.1173368589685119,0.35385055520845216,1.306687250213718,1.3606568506520085,1.7836509085679983,0.25107705840293626
1.233880188934286,-0.11724650461865496,0.35334703916074073,1.3045504257992206,1.3599650857505556,1.7822761641440037,0.2493172102743788
1.2341037971780162,-0.1182978236624021,0.3539361253211529,1.30536123355591,1.3592524718596057,1.7818101434030806,0.23448669147361123
1.2341788456544864,-0.11853500617597124,0.35355798326972093,1.3052621129341757,1.3586070574296003,1.7818101434030806,0.23448669147361123
1.2352194028626213,-0.11171483392440257,0.35320819221340394,1.3061839796725239,1.3569714858617403,1.786739944248482,0.2015164156160026
1.2349516850941762,-0.11190637254109514,0.35266386151515583,1.3062813847178634,1.3563321101954537,1.786739944248482,0.2015164156160026
1.231925876639873,-0.11797530673429729,0.3522033593003845,1.3071840796121956,1.35686392628131,1.7817500579483205,0.23665652499326484
1.2323470517419397,-0.11992174789636184,0.35099395047307047,1.304901635934328,1.3563518590970642,1.7795953624809009,0.26174446380519534
1.2327576017228266,-0.11986419724065805,0.3509013126410626,1.3048462589892733,1.3558330579530018,1.7795953624809009,0.26174446380519534
1.2320679696442571,-0.11971876348391289,0.3498365106957409,1.3070335067611474,1.3554614311890185,1.7804395326259943,0.2849904896288429
1.2324797684477666,-0.11924171043982076,0.34973341487062476,1.3072027811521938,1.3550969070501817,1.7804395326259943,0.2849904896288429
1.230970566396413,-0.11867613301857544,0.35065353211668515,1.307407769015127,1.3548520318530812,1.7778512388724659,0.2696877035027274
1.230502018282395,-0.11824266998402438,0.349615247593936,1.3075298571532203,1.354715150193759,1.7773206336103033,0.29117394262447327
1.2309563853824148,-0.11775069675021113,0.34954241631587246,1.3075785033253247,1.3544183793454119,1.7773206336103033,0.29117394262447327
1.232310234234641,-0.1173384271273121,0.349510065196193,1.307741095995473,1.3542226577212058,1.7783602769432871,0.2891127711503785
1.23255781163028,-0.11701732680396651,0.34938281829598666,1.3078721835161302,1.3540318158569729,1.7783602769432871,0.2891127711503785
1.2327843324207997,-0.11677127406068635,0.34927430688174826,1.3069464836577256,1.353881171831292,1.777672894488667,0.2882328339742344
1.233981553132012,-0.11665206221481311,0.35018905539401357,1.3079632316197338,1.3537246882351914,1.7788908512221884,0.2676265934552884
1.2339435407571189,-0.11672587689140468,0.3500363267098924,1.3080342774699398,1.3535573036211463,1.7788908512221884,0.2676265934552884
1.235896854880032,-0.1158218260887901,0.34890655094895845,1.3070117227358748,1.3534011135455348,1.78143626515216,0.2783367037025606
1.2357648531625318,-0.1158775286657791,0.34870384358072926,1.306994894590795,1.3531237530707876,1.78143626515216,0.2783367037025606
1.2357149673390264,-0.11700449027040202,0.3516003735601835,1.3079783356654002,1.3530028822467972,1.7799520914424827,0.22465649217874883
1.237537723543105,-0.11745783274896565,0.34849746596896075,1.3069753419665413,1.3529523401890249,1.7828710182038048,0.27792716088372593
1.2373229591624129,-0.11754642558881875,0.3482837218753202,1.3068080217813998,1.3525630943620466,1.7828710182038048,0.27792716088372593
1.2372621149042018,-0.11761647613210363,0.3472881198023214,1.306847043545457,1.3524296135171918,1.7833799955953955,0.2973499129910717
1.2372984594098422,-0.11765770952461624,0.34721702275435296,1.3067791664440094,1.3522364577351045,1.7833799955953955,0.2973499129910717
1.2363286527788624,-0.11768599847433725,0.34725277023540285,1.3058094880665658,1.3521157392587844,1.7816529902930371,0.29853117351275316
1.237433180525954,-0.11671141024926479,0.3473628714630656,1.305781927189278,1.3530252125506204,1.7846455586723646,0.29855832400910315
1.2373090142641667,-0.11667222910041208,0.3473382392219669,1.3058473865256788,1.3527937429274053,1.7846455586723646,0.29855832400910315
1.2362861883055305,-0.11758917078200154,0.3484005769644062,1.3058770983228458,1.3527247594000371,1.782452435316726,0.2849094820785513
1.2363475454861153,-0.11761882936200113,0.34849514772663004,1.3058169801810071,1.3526434793084874,1.782452435316726,0.2849094820785513
1.2372881235297721,-0.11767331035563905,0.34754721530631183,1.3057799998717647,1.3524716054625816,1.7840010560413013,0.3022710627118023
1.2352159522867132,-0.11658784661404098,0.3485795413942665,1.3067938996345954,1.3522710401983864,1.7827446875674404,0.2841377643757063
1.2352468501979474,-0.11660191106313114,0.3486661622341273,1.3068405703992054,1.3522482877756392,1.7827446875674404,0.2841377643757063
1.2362528179380634,-0.11761055801202394,0.34865844280421904,1.305815242107602,1.3511181955208493,1.7811440129014464,0.2791084214054056
1.2363141175958097,-0.11761675581360187,0.3487409870360328,1.305825294066654,1.3510705230929951,1.7811440129014464,0.2791084214054056
1.2373471878912103,-0.1175965687544997,0.3487458957489355,1.3068441084717186,1.3509555325422773,1.7828710182038048,0.27792716088372593
1.2373128030571021,-0.11751596636004977,0.3486773047480708,1.3069372507869366,1.35086261071203,1.7828710182038048,0.27792716088372593
1.2363855695502348,-0.11640492440051692,0.3476107338724714,1.305976263956496,1.3508407207430477,1.7822974929241004,0.294818434810054
1.2365659217849396,-0.1172532381692731,0.3505578264526248,1.3079437757769568,1.3507772960002928,1.7815007418630282,0.24202044977896442
1.2365393085811909,-0.11743445752824971,0.35050257914504546,1.3080616823553837,1.3508654922798067,1.7815007418630282,0.24202044977896442
1.2374444141200498,-0.11755206929851086,0.34735044384905667,1.308005728401622,1.350810788066512,1.7840673780500156,0.2982298501672158
1.2374546557826314,-0.11730529531474379,0.3472036938247121,1.3079479953146285,1.3505799707854003,1.7840673780500156,0.2982298501672158
1.2366060658910163,-0.11718733111784976,0.3481697681345126,1.3080323980740376,1.3506260965889414,1.782518757325441,0.2808682695339648
1.2367492555288995,-0.11527160528402824,0.3481276929538669,1.3070375578172297,1.3507090325901152,1.7831203033058358,0.2725632975246821
1.2366956480876214,-0.1153642411246246,0.3480598444169794,1.3070472964891373,1.3506732542662303,1.7831203033058358,0.2725632975246821
1.2366280216179628,-0.11540866134971284,0.3470395187152068,1.3080418302882384,1.3506529564257375,1.7843166631520475,0.292865986808172
1.2365940215823423,-0.11534263357379718,0.3469845578919601,1.3080041071091564,1.3505409188458883,1.7843166631520475,0.292865986808172
1.236608026341053,-0.11732664575182919,0.3469974131547693,1.3080222858630182,1.3505388872570143,1.7830277347170318,0.3002910216413124
1.237704055382917,-0.11732905568097968,0.3470563591612969,1.3079713343455106,1.3505277879602953,1.7840673780500156,0.2982298501672158
1.2376644816524558,-0.11734504161035969,0.34708246872051257,1.3080024935116898,1.3504592903759471,1.7840673780500156,0.2982298501672158
1.2376426417025723,-0.11733923176439909,0.3481426995255416,1.3070201863058706,1.3504546031764257,1.7828710182038048,0.27792716088372593
1.2376162043702417,-0.11742875562142235,0.3482148086536515,1.307020931296453,1.3504712153641436,1.7828710182038048,0.27792716088372593
1.2375341862801414,-0.11549192631171734,0.3482378142194882,1.3049836507748274,1.3504008849180376,1.7827852022148258,0.2687422779220281
1.237437981565483,-0.11655340703045225,0.3482719664464213,1.306000149810163,1.3503643050884977,1.7828281588654935,0.27333451122861163
1.2373973279195953,-0.1165604240544757,0.34826387993853425,1.3059799333994337,1.3503046917473984,1.7828281588654935,0.27333451122861163
1.2373972766026726,-0.1175453822555182,0.3502556737934942,1.306994948498329,1.3502699617279994,1.781853002741392,0.23907934112872553
1.2373474182630297,-0.11769347533783442,0.3502289279296245,1.3070515216208225,1.350337559967743,1.781853002741392,0.23907934112872553
1.2352768613765774,-0.11576160839512195,0.34912186173271786,1.3070148141038622,1.3502894677893023,1.7815716528852912,0.2551993399244701
1.2353171129610654,-0.11668811614380073,0.34906449839794046,1.3049966438970906,1.350237941101092,1.7795524826573441,0.25715178792635385
1.235504737691659,-0.11664060495752132,0.3490717297609298,1.3050101262998182,1.3502862680859717,1.7795524826573441,0.25715178792635385
1.2356354202172009,-0.11657817811316518,0.35001405856619894,1.3070809041267024,1.3502933902599652,1.7804182496897472,0.23948888394756018
1.2356645359114333,-0.11651616450776497,0.34991052487699176,1.3072296180554959,1.350367458632159,1.7804182496897472,0.23948888394756018
1.2367525793880694,-0.11738149970010958,0.34877121505730435,1.306271651599959,1.3504265688240633,1.7806349748306243,0.2596833537577563
1.2369142233608277,-0.11515903009919404,0.3476409437730109,1.3062671434922397,1.350423663266807,1.7824329413364621,0.271683386572267
1.2370190994827386,-0.11496277115017889,0.3474872348045148,1.306329835411502,1.3504286762974165,1.7824329413364621,0.271683386572267
1.23614485207813,-0.11586766696386089,0.34938868985694327,1.3073660917529666,1.3505327028910001,1.7804182496897472,0.23948888394756018
1.2361880621407875,-0.11603087123586675,0.34934755854626487,1.3073640502300248,1.350682580708332,1.7804182496897472,0.23948888394756018
1.2370724377627382,-0.11719718746523236,0.34726625136623335,1.307290745869825,1.3506594823974005,1.78183137487082,0.2799883323578207
1.2370144855428775,-0.11711551260317854,0.3492366619549477,1.3082328280097184,1.350542573283708,1.7815007418630282,0.24202044977896442
1.2369273883216763,-0.11727852290537089,0.3492535798334802,1.3083368909344864,1.3506594506240286,1.7815007418630282,0.24202044977896442
1.2368272008617054,-0.11741802617769825,0.3471795434046138,1.307269280892991,1.3506561012421516,1.78183137487082,0.2799883323578207
1.2368507164241014,-0.11730414038240078,0.34720270736911474,1.3071894042735455,1.3505479834161176,1.78183137487082,0.2799883323578207
1.2349121971053174,-0.11526312407939782,0.3492772016132532,1.3082334999561909,1.350560872366279,1.780710445598598,0.2387176350407021
1.2348624002365514,-0.11545538254899967,0.3513266870609991,1.3083027917400383,1.35068478165148,1.7796923694569537,0.19986749974539286
1.2346545211545672,-0.11572950719270803,0.3513132760750737,1.3082962330122494,1.350733650917141,1.7796923694569537,0.19986749974539286
1.2354305705107036,-0.1178566191798747,0.3482556862228397,1.3072227059867916,1.350649609922486,1.7802827244502755,0.26262437475761047
1.2354938804185214,-0.11761438589387396,0.34823582825370775,1.3071107967266422,1.3504653056224791,1.7802827244502755,0.26262437475761047
1.235672829976246,-0.11546297012733447,0.34727403578770555,1.3072255501928611,1.3504984475710349,1.7820806909561133,0.27462440757212114
1.2368200396655928,-0.11727986901273502,0.3461902293011151,1.3073069906890304,1.3505062465229967,1.7823403522624108,0.2994110844651683
1.2370806623108166,-0.11695876226108443,0.3462075343778268,1.3073474593361156,1.3505411817394921,1.7823403522624108,0.2994110844651683
1.2373027764369497,-0.1167555910423898,0.34924918120111326,1.3073926619082956,1.3505999902135302,1.7808133594084072,0.24114051260282032
1.2372712634247962,-0.11695077388156508,0.34930501677542664,1.3074728439963719,1.3507919414571612,1.7808133594084072,0.24114051260282032
1.236088268064128,-0.11709821973552115,0.3462754520578269,1.308356541227856,1.3507348497957063,1.7819881223673084,0.3023521316887514
1.2370598843055132,-0.11390944069846187,0.347330934055172,1.3062235152088002,1.350533216259829,1.7830774439675263,0.2679706478695625
1.2369448372556087,-0.11402138415684732,0.34738539190664147,1.3063508533916484,1.350582463375611,1.7830774439675263,0.2679706478695625
1.2358594422406783,-0.11515450810584127,0.34636604617678407,1.308285862943321,1.3505964422662156,1.7832770508023241,0.294927096855611
1.2358563237788223,-0.11511227200030688,0.3464265167961591,1.3081897870125574,1.3504827850865635,1.7832770508023241,0.294927096855611
1.2368541110824358,-0.11715188306783936,0.3465355450161767,1.3061891573099875,1.3504644898652873,1.7816529902930371,0.29853117351275316
1.236924230178653,-0.11721142340720736,0.34969818183499457,1.3071443885449907,1.3504757117277535,1.7808133594084072,0.24114051260282032
1.2367500757233028,-0.11751771203730502,0.3498168485293451,1.3072315561612433,1.3505422553232047,1.7808133594084072,0.24114051260282032
1.2345404332453347,-0.11766457596721322,0.34783805222283276,1.3071665670380472,1.3504732587000792,1.7797521501713742,0.2841105524526988
1.2346217689844594,-0.11748335123770332,0.3479600663847112,1.3070699023508079,1.350335982624703,1.7797521501713742,0.2841105524526988
1.2377554096906223,-0.1173613910372838,0.34805763224175984,1.3071593506879071,1.3503143594514495,1.7828710182038048,0.27792716088372593
1.2357396991153609,-0.11522975021107618,0.34696984237968537,1.3083143737145935,1.3502990781338469,1.7832770508023241,0.294927096855611
1.2358972906759986,-0.11495241805966394,0.34693122355991385,1.3083423808273698,1.3503372945685033,1.7832770508023241,0.294927096855611
1.2380644656157278,-0.11678472556775726,0.34789314954316863,1.307338573882482,1.3503571971734032,1.7828710182038048,0.27792716088372593
1.2380919618609914,-0.1168412178497186,0.347869365265127,1.3073396214345603,1.3504294164088033,1.7828710182038048,0.27792716088372593
1.2360241089179562,-0.11693676088065974,0.3478417287508702,1.3072759365943136,1.3504098125807675,1.7807917625210967,0.28204944240525975
1.23403483165777,-0.11605242304873298,0.3479372037468864,1.307191397077387,1.3494253816411903,1.778048548059644,0.2766577516636442
1.2340813606556882,-0.11623215278340238,0.3480959186526963,1.3071383730764439,1.3494412897543433,1.778048548059644,0.2766577516636442
1.2360376320625317,-0.11732668623722525,0.3501970015036362,1.3061834726049295,1.350395836322902,1.7790863850893102,0.24232171169784422
1.2358806725233171,-0.1174196321293898,0.35020930311682413,1.3063566086076688,1.3504499052201417,1.7790863850893102,0.24232171169784422
1.2358543231681358,-0.11635027278296628,0.34913601093018115,1.307373056146337,1.3504674841569995,1.7809272270813379,0.2589116360549113
1.2358752682841825,-0.11713622514709121,0.34798746773249,1.306392993280781,1.3503898966408827,1.780104400551723,0.2811695314528446
1.2361107307376158,-0.11690314321775197,0.34793481426601863,1.3063874665001578,1.3504439044719356,1.780104400551723,0.2811695314528446
1.2363059999593617,-0.11479269047870666,0.3478609552121567,1.306426168966672,1.3504855848048039,1.7813933289867387,0.273744496619706
1.2363342943081146,-0.11476670276406639,0.34775133969055827,1.3065023504528679,1.350550092281242,1.7813933289867387,0.273744496619706
1.2343613379978806,-0.11674320942721247,0.3486785399199209,1.3064988534231583,1.3506115262359861,1.7775161067981937,0.26586674532672916
1.235509903147642,-0.11684270364172544,0.3477669189834422,1.307415181418809,1.3507359818335496,1.7797521501713742,0.2841105524526988
1.235427484242019,-0.11686328387550299,0.34771228049955205,1.3073965326034505,1.3505970933317055,1.7797521501713742,0.2841105524526988
1.2354101759319889,-0.11584306028370064,0.347783758443427,1.3064825623399652,1.3506790095872359,1.779709290833063,0.2795179027975845
1.2354343309630822,-0.11583570450215985,0.3477833066422084,1.306489534093946,1.3506980265513353,1.779709290833063,0.2795179027975845
1.2354372926388517,-0.1148223152603558,0.34680190017053836,1.3054998106110567,1.3507234867048188,1.780175311573986,0.2943484215983485
1.2364661506607124,-0.11473368467548561,0.3468222641921858,1.3074836934782907,1.3506898860955818,1.782589668347704,0.29404715967946693
1.2363872490546375,-0.11466855992158997,0.34677659514582715,1.307544802695443,1.350658503329539,1.782589668347704,0.29404715967946693
1.2353780420483802,-0.11665108496748489,0.3467767025231009,1.3075262939465604,1.3507088795874427,1.780261127562965,0.30353330456004457
1.2354890698882024,-0.11667948944533163,0.3468833812706403,1.307404056888024,1.3507211795934295,1.780261127562965,0.30353330456004457
1.2334545550783877,-0.11578160138758764,0.34698884372100736,1.305379560952203,1.3506685669604228,1.7774516300873264,0.30218299925032355
1.2345167433038173,-0.11588524385548157,0.3482287731966687,1.3063592426329549,1.3507322146997394,1.7786696475000792,0.28157907427168105
1.2343730744405046,-0.1159972251557424,0.34830967973691185,1.3064373772401885,1.3506693108298085,1.7786696475000792,0.28157907427168105
1.234299873357652,-0.11697211208449107,0.3493932208302385,1.307482878277431,1.3506892414631904,1.7782034687675683,0.2667466562791443
1.2342849943185594,-0.11694667105150158,0.34942662621992954,1.3075125404027896,1.3506905649173468,1.7782034687675683,0.2667466562791443
1.2362830548284744,-0.11690785586771943,0.34940058281304776,1.3065151668459296,1.350682285796067,1.7795953624809009,0.26174446380519534
1.2362243199702991,-0.11686228973142593,0.3483018159312338,1.3065657128268775,1.350654640259175,1.780104400551723,0.2811695314528446
1.2362882914659612,-0.11673040690715675,0.3482017975509323,1.3065449524970556,1.3506449713451558,1.780104400551723,0.2811695314528446
1.2373843898126704,-0.11467298424811787,0.3481253729637221,1.3075566610935254,1.3506726460187533,1.7831203033058358,0.2725632975246821
1.2372647793743423,-0.11470834411653039,0.3479187454061509,1.307611123444074,1.3506571950284616,1.7831203033058358,0.2725632975246821
1.2362124928863407,-0.11476206570040326,0.34780002038589425,1.3065658583812005,1.3507211057640314,1.7813933289867387,0.273744496619706
1.236226140787744,-0.11490625037825036,0.3467621057505605,1.306429023640055,1.3507309942285213,1.7819023063783295,0.2931672487270518
1.2361592041169733,-0.11502434876296463,0.3467448210176606,1.3063370192589452,1.3506402224032414,1.7819023063783295,0.2931672487270518
1.2350897019542049,-0.11714347075120396,0.34781115466880447,1.3083460600110266,1.350641536576877,1.7804395326259943,0.2849904896288429
1.2350804713848071,-0.11727806232667168,0.34791402410792105,1.3083235970044962,1.3506770647092625,1.7804395326259943,0.2849904896288429
1.236025674866724,-0.11733470575336885,0.34799137426317783,1.3063160681884378,1.3506292884224507,1.780104400551723,0.2811695314528446
1.2339945425864889,-0.11732914680431653,0.3480923638453571,1.306346466973217,1.3506265230145444,1.7780251448690159,0.2852918129743802
1.2341131057991288,-0.11726059487785628,0.34823615515364725,1.3063260718544303,1.3506415263203009,1.7780251448690159,0.2852918129743802
1.2351856466536975,-0.11715458633259862,0.3473208584594114,1.3063792888738983,1.350604238902965,1.7795737655935913,0.30265339360762944
1.2352671822675152,-0.11689770022526036,0.3473440468234543,1.3064642285175416,1.3505632154076566,1.7795737655935913,0.30265339360762944
1.2344458383299726,-0.11664036063445474,0.3483802182925679,1.3075545410932439,1.3506225960354414,1.7787125068383896,0.28617172392679535
1.236595883220469,-0.11453863623644847,0.3483854595002031,1.3066005165897578,1.3507146878496374,1.7813933289867387,0.273744496619706
1.2364785067529622,-0.11450724018742722,0.34823717265547766,1.3066580272458006,1.350685464603817,1.7813933289867387,0.273744496619706
1.2364203440185968,-0.11649693456109708,0.3481521755959089,1.3076237913631954,1.3507339058920078,1.7807917625210967,0.28204944240525975
1.236419794141486,-0.11655348136611743,0.34808109661880654,1.307507595939443,1.3507016874054563,1.7807917625210967,0.28204944240525975
1.2353492896420328,-0.11671592796246716,0.3480460160037897,1.3074604916705412,1.350688936020215,1.7797521501713742,0.2841105524526988
1.2343159546020765,-0.11588999894065377,0.3470761460957075,1.3064095292206248,1.3507006518606248,1.77917862489167,0.30100182637902684
1.2343446354534766,-0.11595008970392157,0.34714100163306044,1.3063634370737778,1.3506551322883444,1.77917862489167,0.30100182637902684
1.2343707230027883,-0.11696868729611715,0.3472298557014577,1.3074198576763691,1.3506595618873298,1.7792214842299803,0.30559447603414114
1.2344361432310695,-0.1168990627617747,0.34730205467040554,1.3074673755093689,1.350672879760781,1.7792214842299803,0.30559447603414114
1.233522069840635,-0.11577613806384124,0.3463719909801263,1.3065232315828985,1.3506932939380603,1.7786480506127686,0.3224880040741205
1.2346971999276324,-0.11656913618356884,0.3484660040084985,1.3075277956870344,1.3506994550192857,1.7787125068383896,0.28617172392679535
1.2346999883990122,-0.11657299593957948,0.34851787820741115,1.3076509709632402,1.3507840048387374,1.7787125068383896,0.28617172392679535
1.2356690356810596,-0.11554835615411135,0.3485017149549626,1.307631831709906,1.350800340927445,1.7803966528024375,0.2803978137499996
1.2355392592897614,-0.11551864618510882,0.3484282795525976,1.3076555753577235,1.3507487825073423,1.7803966528024375,0.2803978137499996
1.2344769962074507,-0.11554454440969719,0.3483655273122087,1.306619446234925,1.3507723246343974,1.7786696475000792,0.28157907427168105
1.2355106421790545,-0.11663841092425228,0.34936329359619617,1.3075302305189473,1.3507848403739164,1.779243112100552,0.2646854848050477
1.235372208858398,-0.11684915594237683,0.3493037551769709,1.3075392955216925,1.350768168091649,1.779243112100552,0.2646854848050477
1.235253829821664,-0.11599075000713993,0.34925398677091435,1.307521523097337,1.350771889185622,1.7798876147316154,0.26097274610234855
1.2351469475887957,-0.11607924505946654,0.3491687756361719,1.3075189625128796,1.3507394542071476,1.7798876147316154,0.26097274610234855
1.2360987076127903,-0.11714102905788934,0.34909092497871136,1.306506608627716,1.3507503346626537,1.7795953624809009,0.26174446380519534
1.235099314832006,-0.1171787321328914,0.3480233981424844,1.3064861756842623,1.3507497641930002,1.7790647882020005,0.28323064150028365
1.2352054177254073,-0.11710651054844826,0.34800289797926226,1.3064450152844733,1.3507291969261883,1.7790647882020005,0.28323064150028365
1.2333016491750481,-0.11604432956277916,0.3480057455909517,1.3065001469189224,1.3507499415600501,1.7776300351503558,0.2836401843191201
1.2334602386368747,-0.11597926991813265,0.34805572288112374,1.306527442532175,1.3508312392469422,1.7776300351503558,0.2836401843191201
1.232558576604051,-0.11587597947253059,0.3470757144668999,1.307575994883116,1.3508409887720156,1.7777867311783364,0.3060040188529758
1.231716175476997,-0.11463601080312982,0.3471198861951439,1.307608786338221,1.3508452321706776,1.7773915446325663,0.3043528327699754
1.2318980806725914,-0.11443774215968952,0.3471907167253818,1.3076897980406217,1.3509092640872191,1.7773915446325663,0.3043528327699754
1.2320333813683995,-0.11528631970130268,0.34722482608991495,1.3067413660372549,1.3509641722623469,1.7760597568592393,0.3071852179479997
1.2321994923927835,-0.11515172431444148,0.3473241977707382,1.3077586680604014,1.3510335738979276,1.776747118828614,0.3080651289004148
1.2322528282589045,-0.11505090184324657,0.34736203692742396,1.3078017592268998,1.3510297802961557,1.776747118828614,0.3080651289004148
1.2352948746221755,-0.11497391534114293,0.34842001357407854,1.3058463720580065,1.3510837858304052,1.7779822650454582,0.28069913709553873
1.2351698749646158,-0.11504697364450184,0.348376694744101,1.3059167504719382,1.3511221412319288,1.7779822650454582,0.28069913709553873
1.235063287667568,-0.11611947196158134,0.3483275810622256,1.3078619624646408,1.3511446543225853,1.7787125068383896,0.28617172392679535
1.2339473161448713,-0.11619157731572824,0.3482671457250119,1.3057971563266326,1.3510816253836073,1.7762981500646724,0.28647298584567693
1.2339680885682929,-0.11635309298719143,0.3483372600698287,1.3057166519044698,1.3511416489837935,1.7762981500646724,0.28647298584567693
1.230905201249377,-0.114525757078597,0.34735158645286335,1.3066848558944124,1.3510832921371025,1.775664539330208,0.30553409329165504
1.231945096766876,-0.1155374802907328,0.3484453242465346,1.3076848180456493,1.3510795425142268,1.7762381414370232,0.28864237679306903
1.2319330932083727,-0.11556329569910417,0.3484813459065851,1.307791950836466,1.3511005509821479,1.7762381414370232,0.28864237679306903
1.2329626476666031,-0.11651115879122065,0.3474843052847536,1.3068339219779153,1.3511486648753561,1.7764548665778994,0.30883684660325983
1.2360850374081687,-0.11630532935460963,0.3484930016811552,1.3078328742245753,1.351115897336325,1.7797521501713742,0.2841105524526988
1.2359654752439433,-0.11624791982065419,0.3483635195090732,1.3079827129749506,1.3511300013366023,1.7797521501713742,0.2841105524526988
1.2359377411677095,-0.11621227718944582,0.35025506518485955,1.3079439376567048,1.3512090085606894,1.7787341347089614,0.24526273269769838
1.2357979795668768,-0.1164508425065166,0.3501572784066182,1.307889682973659,1.3512682989469211,1.7787341347089614,0.24526273269769838
1.2345512823199232,-0.11573789154175251,0.34802458393800695,1.3077420595255522,1.3512141440961003,1.7793570094694529,0.2824589852240962
1.2344171656035074,-0.11681372939393184,0.34796713693473635,1.3066051522543058,1.3510622236158358,1.7780251448690159,0.2852918129743802
1.2344393287243522,-0.11694000774529945,0.3480280506603684,1.3065830152184643,1.3510799993421827,1.7780251448690159,0.2852918129743802
1.2354416506321524,-0.11505268564619067,0.34704199636034183,1.307590207745422,1.3510639266097977,1.7815500559979807,0.29610826972690596
1.2333231737645307,-0.11697312762009862,0.34696292986566457,1.307674238373266,1.3509730071989547,1.7781818718802578,0.30765558608158017
1.233573673945409,-0.1168199945545551,0.3471172336348975,1.3076353168455983,1.3510978560750444,1.7781818718802578,0.30765558608158017
1.2357045794910562,-0.11673671652680048,0.34717311286049674,1.3076232425549081,1.35103381236424,1.780261127562965,0.30353330456004457
1.2356348571445563,-0.11665568795977047,0.3471997277210909,1.3077272710741332,1.3510321159925167,1.780261127562965,0.30353330456004457
1.2366479820263063,-0.11553917014451623,0.348240986248202,1.3077294537269226,1.351050686831542,1.78143626515216,0.2783367037025606
1.2365049658210479,-0.11559449203422553,0.34819175472314784,1.3077432896213363,1.3510430770986022,1.78143626515216,0.2783367037025606
1.236358907475431,-0.11568627168845833,0.34815504626056215,1.307647203339541,1.351017886914788,1.78143626515216,0.2783367037025606
1.2362100816708526,-0.1168232052750483,0.3481375033434888,1.3065442897199433,1.3509360204098184,1.780104400551723,0.2811695314528446
1.2351308273448707,-0.1170127100382849,0.34818999927352406,1.3074404691744133,1.3509026107995776,1.7797521501713742,0.2841105524526988
1.2350493688133424,-0.11717874642334297,0.3482429241465972,1.3073866023399052,1.3508224461628107,1.7797521501713742,0.2841105524526988
1.2369857555959882,-0.11627621996773263,0.3473037659900807,1.3063988873881742,1.350784218523637,1.7822974929241004,0.294818434810054
1.2368965663925726,-0.11620937868029302,0.34725531414607436,1.3064427797859597,1.3506754348180254,1.7822974929241004,0.294818434810054
1.2369468344965708,-0.1171052232604993,0.3472659374345034,1.306474130847567,1.3507078705185376,1.7816529902930371,0.29853117351275316
1.2370586594252728,-0.11702816642637667,0.34726969558028653,1.305425435934439,1.3506924360194033,1.7809656078384162,0.29765123633661084
1.2371278917773891,-0.11700900212997367,0.3473192651228402,1.3054079740194753,1.3506907985994563,1.7809656078384162,0.29765123633661084
1.2361380854115587,-0.11700221154913737,0.3473594762879957,1.3054045807977508,1.3506636461698387,3.7799259954886937,0.29971234638404987
1.139709643957981,-0.10088868382429642,0.2716515786479188,1.3372377468290555,1.302929711379792,3.7792647089878617,0.22377655500260474
1.11577403052682,-0.09527808148054562,0.24030172284791348,1.3225437535105642,1.3337516130818567,3.7792647089878617,0.22377655500260474
1.0919431115477904,-0.13773173747761674,0.2339192242037237,1.2640288014167862,1.3089599586253757,1.7649312468257214,-0.4498445265769284
1.1245039754630222,-0.2484901418917113,0.30534035883820854,1.1924188424488917,1.3425572251027682,1.7649312468257214,-0.4498445265769284
1.0668612163213962,-0.3221609025611025,0.376669146485083,1.164357014681635,1.2813445915634207,1.767019591063943,-1.2386133257019143
1.008819061720045,-0.3377606651606455,0.44334016347483285,1.189237645760415,1.2772814802057977,1.782651551401675,-1.5298890912377061
1.0008607019652995,-0.32205531880895466,0.4750927464603579,1.2071323048114062,1.2601404362399058,1.782651551401675,-1.5298890912377061
1.02478203550364,-0.24516607103588428,0.5147480152662801,1.231882219439918,1.258689668126444,2.8616830388313703,-1.9971076097498255
1.0156901000071177,-0.16041710943604798,0.4777896298791126,1.2701345282958392,1.2344922473435185,2.8643963602616447,-2.0350954857664654
1.0516908773864344,-0.0848449527581791,0.4537559164999685,1.2805447604405862,1.2581991724424944,2.8643963602616447,-2.0350954857664654
1.0839023916126043,-0.039757112010364914,0.43867083689367603,1.2609104436238832,1.2549041835579353,3.7812178208849314,-2.4823115933355373
1.0421400596325818,-0.01838342925179226,0.4197108197384828,1.2627190110544704,1.2364449618027629,3.771867423495797,-3.3888603242518043
1.01381949645963,-0.04946528446062909,0.3852631023462215,1.2397261381360214,1.247106277464431,3.771867423495797,-3.3888603242518043
0.9735369581293797,-0.06434185624185323,0.4111466564785208,1.19388028629325,1.2290463365993212,1.7721537885684508,-4.700790127699968
1.0068997424527277,-0.17303120974028208,0.47920556549665544,1.1326233460343225,1.2627199834059726,1.7721537885684508,-4.700790127699968
0.963506112726394,-0.19506378136607405,0.5678449500258863,1.1159300873880078,1.209381754190051,3.112504565475332,-6.109971162611165
0.8595597776398678,-0.1616060082971561,0.6074225859881006,1.172947633631517,1.1835653078231587,3.129062752171034,-7.198574930951807
0.8507818303437515,-0.12659644911081513,0.6021612791661696,1.1893625287425686,1.196827079423744,3.129062752171034,-7.198574930951807
0.8720040347951036,-0.029818552982641577,0.6277578435986688,1.1792992380973635,1.1884975354714227,1.8196798330067416,-8.389992836885796
0.9423068223481891,0.042752779041425715,0.7139977945752889,1.153891054761349,1.220088645818562,1.8300133036026178,-9.665550582756463
0.9563171968706687,0.03908508791717047,0.7117234148731576,1.157644829496428,1.1967116997875826,1.8300133036026178,-9.665550582756463
0.939246935669194,0.12130955644531338,0.7612841002378552,1.1858256318986662,1.2090620928937716,1.8170383312345493,-28.69439425864751
0.903021595667219,0.08072689378820219,0.7275591284220165,1.2360494773215063,1.2482931880887962,1.8170383312345493,-28.69439425864751
0.8757309931987605,0.12415978236762082,0.6735040372298955,1.1945641722807065,1.2470186662800584,1.817251899121489,-29.196815748498334
0.841390766632519,0.1600468374929247,0.6239950195015653,1.1515537836321519,1.2414224787457377,1.7736561587232522,-29.524160894203042
0.8468630374492605,0.1531715691915232,0.5510049178767267,1.1496543798283396,1.2526956156606266,1.7736561587232522,-29.524160894203042
0.8683480893469613,0.14419036386492423,0.47802453059683453,1.1360806124832563,1.2650734348743748,3.158780845570398,-20.37904211294255
0.8622620596190107,0.1948833594896453,0.3629270798706645,1.1201588256669588,1.2055787540496947,3.109885330406458,-20.63390551986287
0.9019818486181863,0.22463212933807275,0.2975644171029399,1.1346997606442901,1.2560197233609,3.109885330406458,-20.63390551986287
0.9326152406407419,0.21376479145949084,0.25097586646580883,1.069503634235107,1.2660582192861782,3.673693653740628,-12.442204775096092
0.9281889056027226,0.22555840228075563,0.2468775722872506,1.0043779287607895,1.230028101553902,3.5918743493405136,-13.605407282121405
0.9210836415500618,0.1985462160075796,0.23736383065791733,0.995794963380551,1.2502658616749809,3.5918743493405136,-13.605407282121405
0.8838405096469095,0.20710846294237895,0.29645055112406704,0.9547434922542918,1.2478390560162629,1.579559428682896,-15.081970068646267
0.9261583733205454,0.13245466058002198,0.3948295199610268,0.9051599482211166,1.2880757607239777,1.579559428682896,-15.081970068646267
0.7798109353709197,0.15166080489122913,0.5203635348399249,0.9120259517402137,1.2073570872362118,1.4521134868471632,-16.5995446075921
-0.8459358811882149,0.22407192430740297,0.653408957438463,0.9763895557095355,1.2087566051844916,-0.17499400929207098,-14.648038411162373
-0.7471231416099444,0.2782809578168175,0.7643948612907836,0.9742334266511995,1.2311381061251168,-0.17499400929207098,-14.648038411162373
-0.58883670762601,0.42656875600893285,0.8619944009286749,1.0331220091275233,1.188997180487347,-0.0835952485525544,-33.92022054231691
-0.4975936693864238,0.5137380287047943,0.9193590669423963,1.1552085241288959,1.2473126242766028,0.01932810616267089,-34.9379270359601
-0.4657352531481248,0.6155748518910849,0.8725075392914929,1.1792358325842225,1.260677252149146,0.01932810616267089,-34.9379270359601
-0.4070841987174395,0.7617470623813738,0.8210270759950715,1.2034633741381249,1.253577616562488,0.01484947684721094,-35.29171787048034
-0.34666945098733426,0.8262965735685368,0.7429498705674256,1.2197673828081559,1.2819061693953608,0.01484947684721094,-35.29171787048034
-0.33958811605398753,0.8552790930381631,0.6816649898993213,1.2391948648210034,1.3134208979092068,-0.044618811345756626,-35.6649243364741
-0.3362943188069007,0.8566984272454309,0.5993450297034286,1.2483516316614338,1.3508672553156615,-0.08913644385127739,-35.58467579073762
-0.3060744626970479,0.8433040049454711,0.5220502076990496,1.2561708399094966,1.3876354964787052,-0.08913644385127739,-35.58467579073762
-0.2976779678469632,0.8235194928638647,0.45294147193203615,1.2665871536858195,1.421857994828661,1.3250021706948525,-35.57759187419087
-0.36376592534295116,0.8108756100471914,0.3367716000642046,1.293908508664296,1.4219075350237582,1.3170374603108952,-35.564043891957894
-0.37698447282099073,0.7924022117243912,0.26478718435609316,1.2889564555065136,1.4743982602335917,1.3170374603108952,-35.564043891957894
-0.4229016932714473,0.7426177847611977,0.2009640354692046,1.2542073081839054,1.4840569090635662,-0.13305380183679327,-35.611179226496446
-0.4020611840588264,0.6502612891685202,0.22157740601534104,1.206161770949178,1.531396225821292,-0.13305380183679327,-35.611179226496446
-0.54024850437838,0.5659742409528246,0.2538765460310155,1.1936952508490126,1.4750964445050165,-0.18239912260101931,-36.16495653073903
-0.6408997454874522,0.5212573863376411,0.28283101408435996,1.2177031951837605,1.4879617388665538,-0.24367774781660412,-36.084600336722104
-0.6496558121209901,0.5294010747426556,0.29905516946843147,1.2312142824730592,1.490268330358153,-0.24367774781660412,-36.084600336722104
-0.6672191813709587,0.570421687154294,0.30989241194296824,1.2538013131754904,1.497322243766807,0.5505174092318561,-36.04789624738167
-0.6863937554515119,0.6328183823879119,0.28576028907992246,1.286789417912621,1.4863017298975185,0.5386534582217029,-36.1268086320309
-0.6635095235316246,0.6935714688377264,0.27031774490137916,1.2973485742648652,1.512534922331716,0.5386534582217029,-36.1268086320309
-0.6647774450505847,0.7288736912559447,0.24877621983659326,1.287440332722428,1.5023587671383398,-0.42886351706900294,-36.22749786331188
-0.6554037098297405,0.7239156374880147,0.27566690089504986,1.265767820147586,1.5282192836153479,-0.4740672817072258,-36.24134559829449
-0.6552885265306414,0.7036302277344841,0.2827993108922984,1.2606562187178492,1.5152647248437654,-0.4740672817072258,-36.24134559829449
-0.6742230420914173,0.6987689548024668,0.3009308722943167,1.2784586508538585,1.5260167024894165,0.9373029299422058,-36.263295968341325
-0.7354885501720974,0.7249757361453547,0.25024287475358764,1.3118345329208214,1.4972836905685953,0.9373029299422058,-36.263295968341325
-0.746229380628765,0.7531742031842008,0.23415356806676368,1.3165278046786497,1.526582452898668,-0.4321826697312856,-36.355448636985116
-0.6875808672133968,0.7395410346774053,0.2810545155897153,1.269904314210491,1.5461465832448034,-0.45796306337787573,-36.84344182829558
-0.6961955762956875,0.6920928667746497,0.2907991681568567,1.2591842783535099,1.5270639067517147,-0.45796306337787573,-36.84344182829558
-0.7323017943786612,0.6665256523867205,0.31563086318674993,1.2790879611620538,1.5162167598866594,1.2564321179594553,-36.92627677029581
-0.8650134185170908,0.6866240366892358,0.2609767381655992,1.3191613032023992,1.471623862012184,1.2007917368864836,-36.90411871715
-0.8698658312412462,0.7137823672969578,0.24155851416350282,1.3191585371076977,1.5064073720294548,1.2007917368864836,-36.90411871715
-0.8693239192524731,0.7063763992978013,0.24577460283223607,1.3196046855455135,1.4938108314831706,1.2438547838883176,-37.600909914955096
-0.9033962249703931,0.6570407905187475,0.2327941904239874,1.2970202434177245,1.4911791362328566,1.2438547838883176,-37.600909914955096
-0.9519004095362824,0.596370314134652,0.25827456910382907,1.3256805324151943,1.4813071747010231,-0.4132267233339717,-38.07974550318283
-0.8816492914237336,0.48761899258694164,0.3546641947176026,1.3323807871172328,1.534036748616606,-0.3308834444423816,-38.3219871237327
-0.9132518546915601,0.4286291661287749,0.3880825339761458,1.3278161167768894,1.4887772756114641,-0.3308834444423816,-38.3219871237327
-0.8765322678625553,0.33679987543118417,0.4395506738200724,1.3965518211725954,1.5483940831675826,-0.4054719832634559,-37.83984578710532
-0.8465497086150395,0.3907672875817788,0.4633711721373477,1.419414483779823,1.5442280342518215,-0.4054719832634559,-37.83984578710532
-0.7975591483665826,0.46667768035073476,0.47609920995963884,1.4776658138343666,1.6026059840996263,-0.32164329473300013,-37.58254407880143
-0.7427784878509466,0.5511388449898028,0.47115282113944945,1.5081960458641805,1.6472788551512667,-0.27360746464872543,-37.395408601775856
-0.6877465389246219,0.6284322959229818,0.455689086026173,1.5289171166900812,1.663253525300222,-0.27360746464872543,-37.395408601775856
-0.6399202219103846,-0.16559075432369003,0.4326893939020451,1.569058013606246,1.7083034637427412,-0.7651528979262969,-34.01009676996645
-0.5704234237058214,-0.12103851538204707,0.43334042167838616,1.5623011101493198,1.7298496125134928,-0.7651528979262969,-34.01009676996645
1.1630648146299327,-0.18233643213914336,0.3975986356047516,1.5750549531869957,1.7427024618783238,2.9692348830262407,-36.584608118119164
1.0304428835488908,-0.16725352770426902,0.2173006967576323,1.6515768417019439,1.6839089192117997,3.0172603927160937,-36.06288874348633
0.9936829071345761,-0.1494885348259543,0.14736694299370834,1.6289486591519948,1.7518735785009492,3.0172603927160937,-36.06288874348633
0.9870997808303474,-0.23166032225767946,0.014241886857001784,1.527249160659261,1.741800417317762,1.1083521861666839,-35.00137582718638
0.9976177850198762,-0.40523108253868073,-0.04043180785471012,1.420431710725413,1.7681737503210753,1.2016340562498975,-32.977661636941846
0.8843315194566304,-0.5965104511968595,-0.0007381513564272968,1.3603740928904138,1.6879508238993406,1.2016340562498975,-32.977661636941846
0.8056363513498241,-0.6875950382788373,-0.03315465946269436,1.3593856088767189,1.6696698436776691,1.3204405961447003,-31.048137837109532
0.7466454507195956,-0.7309967084386289,0.027078191330582424,1.3553223340480334,1.6267846815659028,1.3204405961447003,-31.048137837109532
0.7593959545480164,-0.6907851092694717,0.0879966533105776,1.368311313003455,1.6087809681328133,1.3689038037174495,-31.204000237378025
0.7732554074805165,-0.6237236581486754,0.1328583231337095,1.3563539093056924,1.5889182967772795,1.3690791479190576,-31.296039275792726
0.7996606800810011,-0.5573442947024791,0.16817762279043946,1.3686524176064156,1.5762459789994387,1.3690791479190576,-31.296039275792726
0.8519749685277307,-0.48413855144198026,0.19147493413554817,1.3738309111880942,1.5653619290910277,2.996113673786625,-31.352663474931575
0.8039344540015996,-0.4128677946617672,0.14068520397208772,1.4039512469099884,1.5183409601886486,2.996113673786625,-31.352663474931575
0.8190285027018247,-0.36380741321311877,-0.38808326416459216,1.3723208223505998,1.5365219412060505,1.6468165885937918,-21.487963334492356
0.9242094444023066,-0.3218255401076383,-0.4774778940481017,1.285919376663161,1.5225205643235573,1.7189476304323117,-19.188541136877248
0.9433905972657698,-0.347168429075463,-0.4397725014689753,1.2756270489375148,1.4857353132115847,1.7189476304323117,-19.188541136877248
0.963916408605699,-0.35781158274079294,-0.4273180614515393,1.2596412635126906,1.486600069682209,1.748447858603579,-11.256980694881538
0.996907143643883,-0.31584690585495456,-0.3756393639362259,1.2549562095046882,1.4606528850236424,1.748447858603579,-11.256980694881538
1.048682158320256,-0.2716050089020376,-0.3226338303089764,1.2775567654732642,1.4597944306057924,1.768872645754758,-0.40029038504454134
1.1264406837357566,-0.17931509763512798,-0.26268802067620645,1.268917461516618,1.4310460513321341,1.7642003405632316,-0.4311630835648337
1.189731353239388,-0.10777384853689492,-0.18640733871078385,1.2976847113367203,1.4339588093253441,1.7642003405632316,-0.4311630835648337
1.2329373980674658,-0.05822731587788843,-0.12782978201134065,1.310414900351382,1.4328948247157536,3.7407198820387455,-0.3676680600129475
1.1617180194697503,-0.0017068783042165914,-0.14302357252046027,1.3466072440187524,1.3808804085588675,3.7407198820387455,-0.3676680600129475
1.1481209513246953,0.02783986322181739,-0.10926458566290065,1.33140925203718,1.4028084013144904,1.7579908988865904,-0.4763360835252807
1.2151545787706384,-0.025249406047423262,0.018197112044444574,1.2397231554016943,1.4146311529075055,1.746763864640097,-1.132155898729846
1.1621003648699029,-0.13633012198528377,0.09197088662992736,1.2066448299285302,1.3558795447838339,1.746763864640097,-1.132155898729846
1.0900686248310678,-0.1724023720387679,0.20273060681937694,1.2167532672971526,1.3360256488845204,1.8650691174735403,-1.6277955097680858
1.050317100740326,-0.20021832166190023,0.2670778235242687,1.2248513852295608,1.3048068026435673,1.8650691174735403,-1.6277955097680858
1.0426378269561527,-0.17936557812572673,0.32742865041797053,1.2384684255364737,1.2929507010923782,1.8754335293481628,-1.7982281749286795
1.0557303590333942,-0.12543929387184455,0.3863073146941085,1.2497438230806779,1.2791702473045157,3.3361248356710336,-2.302225542979847
1.0080999986234431,-0.08194646812966189,0.3531937600395064,1.2846049916507118,1.2384196860419263,3.3361248356710336,-2.302225542979847
1.016723690668521,-0.03805915315443442,0.3766090778681119,1.2866427201444033,1.2576533586476435,1.7712881281621948,-20.954996202948184
1.0281121353977554,-0.09633468667550227,0.4186595817434211,1.261188551504027,1.3111933225179155,1.7878866796680501,-21.579859336510747
0.9527853622087255,-0.2054768120605237,0.3880639989569552,1.2142755059486807,1.2653575517992162,1.7878866796680501,-21.579859336510747
0.8786343523285745,-0.24286995401738198,0.3832098264041962,1.21399286449803,1.2456855811479233,1.8050256575430845,-21.65075282288571
0.8496776049647325,-0.2800560718206,0.3531800533832317,1.2136374697382264,1.2317211332043865,1.8050256575430845,-21.65075282288571
0.8537803790528846,-0.2870444927585093,0.31285205958046686,1.1942821326625706,1.2307147864810428,3.7685079584661594,-3.640845981254301
0.8548008969522256,-0.16848397147689653,0.21047110367786975,1.209161758420688,1.15909314440959,3.772228392964232,-3.655334318608831
0.9365018403233106,-0.0781625331352846,0.1764695139220352,1.246398321784744,1.2171408984862837,3.772228392964232,-3.655334318608831
1.0079210224204582,-0.05048961822024084,0.13122242978124904,1.209496921639754,1.2288365266182932,1.7701427386590005,-3.9310102691069937
1.11349953121226,-0.07976769681751006,0.19298382835957806,1.1645018335062027,1.2903858837854343,1.7701427386590005,-3.9310102691069937
1.1114236607322177,-0.0918791715602379,0.2600122917306128,1.1506577093866914,1.2525733955177576,1.8069399100378094,-4.773991985544009
1.0904569506232638,-0.07948753766088579,0.32257824663527995,1.1845062734381724,1.264838606839826,1.8288472923823305,-5.075462365598174
1.0878271171582288,-0.05158349229035342,0.35468349809419175,1.2007605360030764,1.2601009407809431,1.8288472923823305,-5.075462365598174
1.098803145951145,0.01535916352825517,0.39262423755698705,1.2158067767808487,1.2626230666219525,1.7931364599239634,-5.414768668199992
1.1234809906719234,0.061580599569315664,0.4097673569100999,1.228920309837573,1.266380471658667,1.7931364599239634,-5.414768668199992
1.1499746546137528,0.10816987485915625,0.4204188019053791,1.2365586024727713,1.2700744165728028,3.7946939164466746,-5.488456983046658
1.0717428694489275,0.15723123215058665,0.34891028124190177,1.2699064752378513,1.2268580477339448,3.785573672453552,-5.597020616810725
1.0648686644647614,0.18216994988815385,0.3168390712088272,1.2605136030537638,1.2639779762069574,3.785573672453552,-5.597020616810725
1.0513459615868577,0.15910463203143105,0.31036415954316016,1.2032446090154574,1.2448896465795947,1.774387984984589,-7.5766230101547505
1.0850796445891548,0.04162441424549623,0.3765155794237347,1.1356995089532975,1.2864301867017227,1.774387984984589,-7.5766230101547505
1.024631992330276,-0.044707346183958996,0.4359117206170613,1.1090778440346558,1.2294533746609762,1.7797945049995638,-25.051034473369004
0.899470918591633,-0.15531671939264136,0.48518507474331163,1.161698627402663,1.2574361931187865,1.7894656565724762,-25.44969607957856
0.8248149199193694,-0.20445920964598974,0.47062200760194495,1.1473654185359599,1.2323183707048062,1.7894656565724762,-25.44969607957856
0.7952684354056012,-0.1920407538453165,0.45604558282875485,1.1510971858382202,1.2143506318626343,3.786905495667378,-25.45641028345026
0.7105817229115716,-0.1514344944154189,0.3416918919014401,1.191076339280128,1.1633725716197905,3.786905495667378,-25.45641028345026
0.7198550924053371,-0.10408964660299902,0.2655749904369925,1.187907366676,1.201362647537743,3.783853394512289,-25.489311560369195
0.7397184535774488,-0.10339297531275748,0.17352466457438998,1.0698981201962983,1.1876992753021378,1.7247879109324602,-25.60134688008205
0.8241545845905436,-0.16725165284171062,0.19058358887418636,1.0127168332222616,1.241297211096755,1.7247879109324602,-25.60134688008205
0.82826477190409,-0.23414451026207184,0.2029206629371576,0.9369771810938017,1.1691314801242476,1.638483175328897,-26.468875747623414
0.827036256751508,-0.2547147290082038,0.2143339861446868,0.9267845209608434,1.1882367707535895,1.6170342182825141,-26.607356907683045
0.8490921087479724,-0.219323643740315,0.20051898581295757,0.9513377149020337,1.192422535525377,1.6170342182825141,-26.607356907683045
0.8944439140560523,-0.15351084290421735,0.18338440009355494,0.9496867389303707,1.2076242771368597,2.6657423225112558,-26.72111412125726
0.8987871173411759,-0.06811898091625146,0.11270662530108388,0.990802490335502,1.2019463075188812,2.6657423225112558,-26.72111412125726
0.9430114569666385,0.006186960479896975,0.06482274580589831,0.9466417872981563,1.2191777454369819,1.522298760343502,-8.957577438503122
1.0972722871860419,0.11909399548996769,0.0935973944060613,0.8289560612359237,1.218847796789708,1.4686433347776902,-9.478039621287417
1.1788682165735398,0.1558022442879311,0.1169174147578309,0.8576770962593702,1.2294175407967933,1.4686433347776902,-9.478039621287417
1.2402891506179792,0.1778014104752932,0.14850953101286246,0.8892126297266975,1.2525733807256152,1.4632777205815506,-9.71182880170976
1.274234480273388,0.22212524723716448,0.17553605169533248,0.9115948716142137,1.2704674682325314,1.4632777205815506,-9.71182880170976
1.3090537166184912,0.26169296672349784,0.2022713543185466,0.9240367139952808,1.287094211032446,3.473381823571483,-9.73166893418685
1.2210755650980127,0.3037984576109283,0.1478848355992759,0.9505993487385574,1.2413541031364321,3.451257105614716,-9.761693755400938
1.200916387310103,0.3228698131914056,0.1423726775025762,0.937249420554034,1.2787607962112884,3.451257105614716,-9.761693755400938
1.1697641256003322,0.2775768160616242,0.15765318379126514,0.8713811623659309,1.2606631641980457,1.9019376184410897,-10.341768563671408
1.169064090774512,0.1599202407513458,0.23501410448218385,0.8042794714924146,1.2830301883753985,1.9019376184410897,-10.341768563671408
1.0945833239100415,0.07227763291489475,0.3247297109048235,0.7712053456439649,1.2110824032113436,3.404598968041226,-11.269157795918462
0.9313213330439151,0.04440079656664764,0.3835211743527347,0.8060504236021199,1.152136201527532,3.37775593952351,-12.370917752559581
0.8775909250682701,0.022001342008327263,0.4113181649364114,0.8021648273306603,1.1538198256916077,3.37775593952351,-12.370917752559581
0.815945096360726,0.05701524654736656,0.49694216926490586,0.8021703964681786,1.1037805289606792,3.346753591903104,-14.0716778467709
0.783124267940569,0.021527404663640226,0.5163760948450371,0.7877240678848817,1.0870301684150758,3.346753591903104,-14.0716778467709
0.6350854092646967,0.08099927694339892,0.6362920867410367,0.8168676501080063,1.0304662316919417,1.2207737142751638,-23.490495004633335
-4.369764349555072,0.12173072136534446,0.8400974832208319,0.8604145672020446,1.0397481644311983,-4.005623511282445,-15.909044791199412
-4.11470689630858,0.06971934734877683,1.0784683487762237,0.7608243512836006,1.0925098856636029,-4.005623511282445,-15.909044791199412
-4.031480247038816,0.23592822600002372,1.3188383926632257,0.9233410428820834,0.9895093767145332,-3.9693507771975773,-29.392147737972266
-3.9469918802718245,0.3866988434516141,1.4147420849857362,1.1434604382708315,1.0865581620159248,-3.9693507771975773,-29.392147737972266
-4.533733216686965,0.7913036906577406,1.455445186637716,1.3307148402980293,1.1359339902951215,-4.739536561896105,-29.306914532086452
-1.1382611454994502,1.1867945540157594,1.4619074741003502,1.514721263269035,1.242723555336884,-1.4644830417007924,-18.714952153174462
-0.9887345111133958,1.5690512304878301,1.234059750837075,1.652550307580535,1.23596420403518,-1.4644830417007924,-18.714952153174462
-0.6039615739040998,1.8570348640024168,1.121833938566958,1.80458763186763,1.4260558640771686,-1.2724458930113718,-37.75900190473721
-0.4396607017850309,1.8966287422161563,0.9370931090546566,1.8595402425577754,1.59157148963212,-1.129611678066159,-38.400540531185854
-0.4691379705564669,1.8004626695831627,0.7420521115879158,1.8096350231219918,1.6727454206485133,-1.129611678066159,-38.400540531185854
-0.5089938231387867,1.6720127422263427,0.630179567475703,1.7734292679069292,1.7451530242101125,-0.9864689989203232,-39.032582381088474
-0.5725243446802929,1.4286396379675166,0.5226451696760077,1.7485667241221838,1.8076580717557187,-0.8357007187517094,-39.08151680379291
-0.7314412000068953,1.1805388200445894,0.44628110674061183,1.7005364232809956,1.821014451641907,-0.8357007187517094,-39.08151680379291
-0.7471909254018365,0.965408001337138,0.4062745731810722,1.6655752029830952,1.8568468181665305,-0.6676701399453289,-39.17900846768251
-0.8723234750455436,0.8018556629082336,0.38392276121307445,1.6417182872092089,1.853361874471774,-0.6676701399453289,-39.17900846768251
-0.8091177396376119,0.6558966802679533,0.412660618039969,1.6534782237762962,1.8582438290767482,1.4743528729130637,-39.86142673660869
-0.9758515011274447,0.5998536667839338,0.3356821175146558,1.6792963034847528,1.825124659766324,1.4917164000823413,-39.68551986738214
-1.0413100299315525,0.5956402418921085,0.3137940205955072,1.6616991435004183,1.8530125718161785,1.4917164000823413,-39.68551986738214
-1.0867930144253788,0.5683094569040452,0.2876069296845005,1.6066174712028536,1.8461075188770009,-0.4754802824527249,-39.619589872424214
-1.0625542262606689,0.4327925445957833,0.37145293188346673,1.567271192765052,1.9091810373392597,-0.44772949809897833,-39.23382154124807
-1.1160220924087072,0.36644747233188113,0.41653458115821484,1.5419814358860606,1.8435963894330218,-0.44772949809897833,-39.23382154124807
-1.163362906967845,0.24948346597771498,0.5027494432348298,1.573911233228069,1.8597399676790323,0.03730313317488809,-39.0971450958325
-1.184221611503645,0.3061443453889783,0.5220307460519151,1.5981224260807263,1.8280954830052134,0.03730313317488809,-39.0971450958325
0.1220151670446577,0.38929864209638765,0.5407448145334521,1.6433218468120725,1.8347392032582166,2.842378442021321,-41.714542000998165
0.019348925439709452,0.47994382568310895,0.42779287119788423,1.699283547301737,1.7895343519316604,2.878017220264962,-41.58453863684951
0.011689308710522539,0.5437509455366353,0.3727715969440575,1.6792139965598978,1.8298678909236796,2.878017220264962,-41.58453863684951
0.20603312278062402,0.5186727450674742,0.3030849680840946,1.6170132929836358,1.79125968799353,1.1258294888865912,-41.993896901002536
0.34975671157387733,-1.3045832878718375,0.3166115198925288,1.5280720860738533,1.8545360454711426,0.2446250341886711,-35.17357215673588
0.3365632269505643,-1.4268883101136167,0.3800801928761497,1.4537991909037475,1.792840368950256,0.2446250341886711,-35.17357215673588
0.3834788513372007,-1.394526053504039,0.4216848424663946,1.477328874540382,1.767821183564153,2.4464903765093036,-35.028622634509205
0.33501417386382815,-1.308262572993703,0.34062730062169155,1.5437579971365862,1.7030475827835663,2.59257969933697,-34.30028574000039
0.34053317940273364,-1.2284787578522172,0.3470483388120593,1.561994571557597,1.724133988747106,2.59257969933697,-34.30028574000039
0.43813567261002584,-1.0394622445625346,0.33096721403136664,1.5253309990829358,1.7013432494905771,0.7439076489184,-34.92118983059308
0.5273500662232676,-1.0522485994581643,0.4059943008230007,1.4745719527832721,1.732963820870586,0.7439076489184,-34.92118983059308
0.5991932076914791,-0.7951613641353562,0.4424079317605567,1.4320548374992512,1.680379777480502,0.9888217608960406,-36.149314529329004
0.6265354059976533,-0.2687947358949959,-1.4280760148573466,1.4307641729396048,1.672567838208887,2.3357218112352083,-1.1440610299012306
0.7015372687663883,-0.05367050214427116,-1.424619509025191,1.4072951069790522,1.5659695120363435,2.3357218112352083,-1.1440610299012306
0.8789884836508634,0.35982505518835306,-1.2489037638111793,1.4461287136522318,1.602729198512692,2.46065128553764,-4.200316966533087
1.0089216489653225,0.5918363379466316,-1.159400458238646,1.4231782400304063,1.6019201235738012,2.5079143333147424,-6.263698890514927
1.0383233593090857,0.6293494651587977,-1.1074328630082741,1.425061900792211,1.6106111820934839,2.5079143333147424,-6.263698890514927
1.0355569984465987,0.7380053668579761,-1.0397719440187356,1.3999100045276383,1.5938153588829012,2.579695494864243,11.143598907003083
1.053030957259957,0.7861357010461234,-0.9586345097624713,1.3440209028351706,1.5351191595137368,2.579695494864243,11.143598907003083
1.082041804805297,0.838299976364052,-0.8209253528368945,1.3129468344351753,1.5128400672701172,2.6038241249142287,10.316967456822061
1.0659870083550758,0.8185109419604135,-0.7205070498928746,1.3047687653582194,1.4953108409516223,2.6160192182630055,10.204627786833392
1.0339007097398574,0.7901586995195204,-0.6151505651186765,1.294664239869478,1.465326743172384,2.6160192182630055,10.204627786833392
0.994502445769547,0.771932341257226,-0.5136944438525042,1.2809982888294793,1.4296073970721193,2.6118927077744196,10.199598546217207
0.966040390499016,0.7515436534780661,-0.41647110093848017,1.2696148135984677,1.3919392385697695,2.6130608831626265,10.137193446023137
0.938553642179095,0.7341853513145444,-0.33030736647673264,1.2609182546640967,1.3570818961148974,2.6130608831626265,10.137193446023137
0.9197779273601294,0.7175440984714045,-0.25269696046125834,1.2570296307385733,1.3235679543399443,4.609926362381059,10.110803710061134
0.8120742599317503,0.7278407981244748,-0.26806233013235936,1.2838684329385897,1.246964029391587,4.609926362381059,10.110803710061134
0.7829978268984581,0.7384345288897386,-0.24345103680663746,1.2675619732815961,1.25187136426895,4.6075465573157866,10.031409272944742
0.764590282221836,0.6947998953097083,-0.17957385277410967,1.2118186185420055,1.2070486359084027,4.578504929434554,8.829232613343471
0.7077768352792867,0.6041996809635232,-0.15590729508577253,1.1735069532544058,1.1782380820868839,4.578504929434554,8.829232613343471
0.6422465425871726,0.5319475638465434,-0.02368054770069554,1.1054638392356402,1.1341225536901374,4.523556048198908,6.678806208908341
0.5733391371497837,0.4633787379633014,0.1117142037008336,1.080153528460995,1.096223835764672,4.4876807388715,4.581973627651485
0.5079630425405078,0.3807188557151193,0.14160952683406725,1.0593712772946053,1.0604594085320596,4.4876807388715,4.581973627651485
0.48062287609213517,0.3648137458567471,0.2986953949424911,0.9895427821605918,1.0002040517490112,2.3958478250805113,1.692728315591278
0.5564690535117858,0.3555138543985874,0.540398156802822,0.9282945810322583,1.019836861999634,2.3369253725251413,-1.2473224906984468
0.5585869227729605,0.3290018712188224,0.5784036804505444,0.9415345499889509,0.9682522465010076,2.3369253725251413,-1.2473224906984468
0.594254404124039,0.41501143906832116,0.7266041402682739,0.9628258673898464,0.9677311315297208,2.292182120293198,-3.6227818650122763
0.6609149923399025,0.5184025312075315,0.7224302744289095,1.01222027366111,0.9728914517058531,2.292182120293198,-3.6227818650122763
0.7759441623647969,0.6704732582905855,0.7921301849351541,-1.6795062593372565,0.9700482618424098,0.3746923400543296,7.312609412352026
1.0095809952229091,0.8563228344102936,0.919663501659857,-1.7605797874440565,1.0204386058024446,0.30002387343898285,5.41243084955938
1.1610188367638585,0.9710034313623935,0.9154204526455195,-1.6945726896332367,1.0363932812525147,0.30002387343898285,5.41243084955938
1.2856315346797682,1.1022066478795,0.9468219265984305,-1.2401907418637357,1.1013471126108005,0.5332878360945594,-10.784172361487537
1.3394469989756592,1.098904556320979,0.9293164143979715,-0.834946152629332,1.200105469853869,0.7055009825074752,-10.967626047164316
1.3816801161507084,1.1740731363150854,0.831273631752724,-0.8161148013188323,1.249969460193701,0.7055009825074752,-10.967626047164316
1.3870078504185155,1.1311261306804892,0.7942015890252028,-0.6952177783843599,1.2876626015870776,0.6664103111002122,-11.456193789613934
1.408176708959173,1.1194377304859198,0.7040808589093043,-0.6962314807821459,1.3300844708896014,0.6664103111002122,-11.456193789613934
1.4026373771580347,1.0466635841378935,0.6585093800504767,-0.6554165410568299,1.3686881758587182,0.6572850650813167,-11.98390521095875
1.3792235488474958,0.9807788172503047,0.6222487125342462,-0.6220074953850085,1.404838138118192,0.6527014464434,-12.53429943143925
1.3577086959331828,0.9159379761281181,0.5649692456657853,-0.622690214281074,1.4356417107394415,0.6527014464434,-12.53429943143925
1.3336622250476247,0.8606291222109954,0.5225817539492076,-0.6030565530465206,1.4626539950943558,2.665190606245172,-12.567111719283186
1.214661621800054,0.8334533737911407,0.431698894508622,-0.5533504949973423,1.4394413763721317,2.666279867867301,-13.000075553898
1.1719551885600614,0.8088293276178846,0.37352794395997346,-0.5645753954418108,1.491320855460958,2.666279867867301,-13.000075553898
1.128358565336494,0.7484543193990254,0.3657707079047896,-0.5972910657247767,1.4838049580460988,0.6522420715952544,-14.008497770524457
1.148456885553897,0.629642787962353,0.42221474831587175,-0.6649492741400174,1.5328585111704467,0.6522420715952544,-14.008497770524457
1.0812064975338134,0.5235133882155276,0.49107156465162827,-0.6613480862164312,1.46130809054765,0.6189655952132087,-14.961193876583412
1.0099098940941431,0.5061077173732454,0.5768201184950917,-0.6301872953801967,1.451995691257696,0.591369506066509,-15.800725298898016
0.9959845720657305,0.5243325813383894,0.60391089258814,-0.6100893029679058,1.4453658837316847,0.591369506066509,-15.800725298898016
1.0153501909989089,0.5893083330996233,0.6281578242577999,-0.5797376562441601,1.4507756225444348,0.5944872500759724,-2.3197337268558407
1.1006476885907528,0.7503104451656231,0.6641398256878366,-0.5656490374632377,1.399590225942165,0.555375168594173,-2.930340243853024
1.1977942318289045,0.867615604156098,0.6897582406622259,-0.5189156125148574,1.4245120239442657,0.555375168594173,-2.930340243853024
1.2774090868167631,0.9702808779991223,0.697183562220635,-0.4786341445010216,1.4461339818653447,1.6647348515698586,-2.5736710322826575
1.2841323194099958,1.0659168278548306,0.6655834183039553,-0.4488037499941601,1.4406138600694756,1.6594255288227877,-2.670315281811998
1.3106222049140568,1.123221263944892,0.6553506516340281,-0.4468741385964012,1.4762528217408177,1.6594255288227877,-2.670315281811998
1.3131970583353842,1.1216015588163581,0.6476888571313582,-0.41813225215698346,1.4815905895425723,2.5926253943181274,-16.86789351636822
1.1824370399508812,1.010404558253253,0.5995971006298642,-0.40801323714851184,1.4847643722586448,2.5926253943181274,-16.86789351636822
1.0565801688190275,0.8972952615666545,0.615261921364197,-0.3970380084745168,1.4310879564098815,2.5490967947047203,-18.030594506887162
0.9209409034100395,0.7878255440993167,0.6707318719267717,-0.4140633727454882,0.5032186835013515,1.3764139413641505,-24.628336351418803
0.8392389652270457,0.596166262462829,0.7045285823840359,-0.4716904072747279,0.5097693594579509,1.3764139413641505,-24.628336351418803
0.7132556528573107,0.49952232350854,0.8146274715791779,-0.4713649751433652,0.4429197495632915,1.3553740356017299,-26.80243350983551
0.6322350171229898,0.41262076635395295,0.8351944888404366,-0.4618510222867383,0.42405416501647536,1.3553740356017299,-26.80243350983551
0.6065943075365932,0.48596258109706936,0.9564926781437546,-0.4051470028354615,0.40661847379288185,1.387668177039227,-11.49160953108695
0.7013119980685807,0.6926313921708266,1.0849827112112602,-0.33288643412952273,0.3990794965822348,1.4983483209005142,-14.145331705188369
0.7870078588394758,0.7920040951407974,1.0885769536122458,-0.27682407106254536,0.4150132449575419,1.4983483209005142,-14.145331705188369
0.9273846775592074,1.0123433778566207,1.176534801066963,0.07800171359639621,0.5340497450273725,-0.08114489458217866,-33.95140636612111
1.00593078237053,1.0064965000723947,1.2018010371481278,0.10781812523514703,0.6243359883524496,-0.08114489458217866,-33.95140636612111
1.118859776545253,1.1771588344926194,1.2158832042989787,0.39814571661108633,0.7059675073781186,1.0649055268507652,-35.01963683339087
1.2074268130645858,1.3329649043989784,1.247072959152248,0.5898485143374167,0.7667716662058635,1.439969660449096,-37.09790362308823
1.1927458256501164,1.3701205617618426,1.156929232641461,0.6047363677661968,0.7917165519039776,1.439969660449096,-37.09790362308823
1.3325640890111363,1.4586661435254462,1.1363267951525702,0.6385423259113561,0.8567051890853352,2.3168283721115968,-38.79324832678847
1.2834053906301974,1.4256670083631562,1.0167484226172272,0.6344123519658356,0.8505545990946954,2.3168283721115968,-38.79324832678847
1.3060947765247555,1.429158853626085,0.929768643885858,0.3067396728391527,0.8363037093043199,2.1249854158901385,-39.61257587891956
1.273354177375805,1.3409823911901864,0.9081792833851664,0.16493241893029692,0.8271040755500316,2.0181101579275484,-40.6958604105978
1.2187657746180045,1.2353853262565155,0.8619494835999526,0.1346568324614692,0.8271510993103526,2.0181101579275484,-40.6958604105978
1.1593922180085767,1.1487599357824172,0.829634635522037,0.08983518894267245,0.8137504193397934,2.064268852188371,-40.7235915866259
1.1095926075756133,1.090714220388803,0.8084628440466759,0.0700644316150199,0.8017922185964104,2.0554890810674507,-40.75174673389767
1.0785570022164193,1.0600368246547143,0.7947824857495693,0.06261614674538063,0.7947857429551178,2.0554890810674507,-40.75174673389767
1.055509931792909,1.054617209480487,0.7836470955145372,0.05804572621917331,0.7834972659291798,0.7699131344896428,-40.74569188911839
1.1129249293646424,1.0560687495907182,0.8270707034162659,0.03848436926135085,0.8084509245507916,0.7699131344896428,-40.74569188911839
1.131756210088011,1.075645421061104,0.8375988960461365,0.0467692211543661,0.7828859278572617,0.7682479368268487,-40.71440447795119
1.1540005299638616,1.1333503776788372,0.854556932748361,0.0811150782209023,0.7928875985608466,0.7613113257631392,-40.705980108040194
1.2043361329103999,1.2204251791198928,0.8516180547328513,0.10866659532145459,0.7997372443318277,0.7613113257631392,-40.705980108040194
1.2619965274755216,1.311403248218773,0.8371079194664068,0.13922449981317514,0.8168341210746881,0.7661704554897413,-40.678006645154035
1.316783328695575,1.3906880071196959,0.8152815691799908,0.162036890373133,0.8318400036013123,0.7655322407608796,-40.67616581120932
1.364268717640694,1.4497560400098406,0.7890851042712299,0.17490739568518202,0.8497152062137546,0.7655322407608796,-40.67616581120932
1.397592593551076,1.4856449562700313,0.7615739586626398,0.18281798971789986,0.8671545131148408,0.7664884382746728,-40.66742364637553
1.4181144098793612,1.4998161790202726,0.7358117262406274,0.18530213307501947,0.8819788883893117,0.7664884382746728,-40.66742364637553
1.426564883990379,1.496495438062105,0.7126965461585448,0.1896046146211113,0.8944198910454747,0.669328092865062,-40.64359983984596
1.4304422535498935,1.4805623554689196,0.6991885629390266,0.18960708389858358,0.9056861261106227,0.6707692002682646,-40.645881151814535
1.4244762396932547,1.4587933433054885,0.68830840204878,0.1872023966294406,0.9117958478881765,0.6707692002682646,-40.645881151814535
1.4142824979893351,1.4390292026982967,0.6825551350474761,0.18097939188791318,0.9186102056222268,-1.1831076485771175,-40.652812154401275
1.4953675313592447,1.4076282262338797,0.7531604472501221,0.15390713114172389,0.9675133551284468,-1.182420327578237,-40.651932295896316
1.5103607506996102,1.390361921092412,0.7811259865357567,0.16794731255990802,0.9430902104908788,-1.182420327578237,-40.651932295896316
1.5269164402537778,1.4242747389151282,0.817854467702158,0.22275531182441907,0.9691370802289037,0.7668682386864014,-40.626734383077405
1.4867847278917665,1.5225530264960918,0.7499280726773665,0.2892394229137354,0.9386698860778022,0.76363322983828,-40.658311896218486
1.5318980951608712,1.6221706816613861,0.7141976628098714,0.31361652866064016,0.998534524727318,0.76363322983828,-40.658311896218486
1.576918914891675,1.6658975224121506,0.6568241383474263,0.28692299190497805,1.0036416780099298,0.7641422451543902,-40.63888769689844
1.5755483642942296,1.645428495685517,0.6245478939533244,0.26834407529923765,1.0198516088439746,0.7641422451543902,-40.63888769689844
1.544277935552023,1.5898920844582531,0.6053729896421418,0.23886628514148506,1.0204483537037115,-1.2408432488204362,-40.660650362667255
1.5948990070828433,1.5011787850663643,0.6743672602186144,0.19520485836943668,1.0670087082369768,-1.2322686715445546,-40.57797570797108
1.5672042403354705,1.4233433712607189,0.709371169254104,0.19110266813734547,1.0285363349577534,-1.2322686715445546,-40.57797570797108
1.5408263963769133,1.4038295696497607,0.683800741659589,0.2947839541287754,1.0474371478061983,-0.23014302176735413,-38.97047730400854
1.5226046353584888,1.4670986735086973,0.6703481851624125,0.340465603913883,1.0258232227519,-0.23014302176735413,-38.97047730400854
1.4928039263678097,1.4824344899616975,0.5896817102015282,0.4008376490136908,1.0660108169113873,0.7907057056666389,-36.96119252437989
1.4430333006427847,1.5216134338589287,0.4914440115842871,0.4281070271736179,1.049699227328109,0.7318846087763982,-35.87416348907832
1.4746457999123188,1.5693892279572026,0.47111735616325046,0.4257318169139209,1.0833289383823856,0.7318846087763982,-35.87416348907832
1.4294975598447202,1.5315522189188766,0.4164845008700879,0.4046865883690446,1.0832198930465846,0.6771565959537922,-35.05308723316836
1.4069140033871186,1.4860539709193825,0.4155720435533994,0.3802468136426622,1.086133276973798,0.6771565959537922,-35.05308723316836
1.334969076239231,1.3966178997576795,0.42638035875569535,0.359538186703929,1.077331205128151,0.6329343314369504,-16.88922675219022
1.3244775971840876,1.4115424019298415,0.43548857309331446,0.31152409567155065,1.0344688748923523,0.6150518561033329,-16.175694884223518
1.3481485244388671,1.413311523856965,0.5100080844192516,0.32995149855556305,1.0307883711376336,0.6150518561033329,-16.175694884223518
1.3591540657506624,1.3937360201964752,0.5741293685463438,0.3409452170536515,1.0365469009827415,0.9478118528106361,-16.0721692711353
1.350477602601526,1.4187278091873976,0.6337209090927747,0.3547948083701137,1.02224863332717,0.9478118528106361,-16.0721692711353
1.3446156109010534,1.4475627192316043,0.6993109566730019,0.3476080073122158,1.0170567320088844,2.5879937253174847,-16.07676522270628
1.2542628339352397,1.4796298464724067,0.6915928065659395,0.3778753278460021,0.9622766289824626,2.5992479503408084,-16.030840878244085
1.2170807600899167,1.4861460444046442,0.7237824904546237,0.35577375330509925,0.969163087237162,2.5992479503408084,-16.030840878244085
1.1820214273207592,1.438018817922683,0.7441643812278003,0.42098805051177024,0.9568547128031442,2.728924091617299,-15.741076153358136
1.1035169043309523,1.350254495744736,0.782595189362868,0.3777709476126246,0.9194286486718941,2.728924091617299,-15.741076153358136
1.090824014782696,1.2793872110980022,0.7826055357144993,0.4862266289582405,0.934747277434103,3.0241889396994504,-14.549645529104382
1.068703613940428,1.198940762860107,-1.1735600786291212,0.636059622531808,0.9604046728359692,4.342523365450934,24.76251093454476
1.0846442612930671,1.3264512532621238,-1.12840903829711,0.5679943528080016,0.8197497637493459,4.342523365450934,24.76251093454476
1.2299045332501408,1.4164484779656232,-0.18105132059671147,0.785349857751929,0.9150515092470219,2.244447435174969,-8.678782077067305
1.2610271286687058,1.1795726729187903,0.4297344607647211,0.9570367979925809,1.1073220879971701,2.1804340529373745,-16.817652060706475
1.1426299712206718,1.0535233710153893,0.5003978729941223,0.9124203868843956,1.0392761988740642,2.1804340529373745,-16.817652060706475
0.9432796076365969,-2.807131240202935,0.7678799540757306,0.9945783866239081,1.0432888323177563,-0.30504684328323295,-5.364764598062899
0.931887884384018,-2.5514066549987096,1.0537006131629694,1.000680559133316,1.0759204648800185,-0.22631587413819254,-8.03098734307344
0.9782911402126568,-2.52281339602664,1.1379923650368045,1.0511298335948103,1.015238472977707,-0.22631587413819254,-8.03098734307344
0.8769322339014702,-2.192870234912733,1.3048962890687288,1.193791671797877,1.093441973100709,1.3631237131448164,-10.120444112250771
0.9269495750694882,-1.6597671174516329,1.3428469904282132,1.355084797286135,1.1153467539674111,1.6430038433268361,-12.876030131457863
1.0297741380266099,-1.48702289577998,1.2795217420822433,1.4151872000616919,1.1760369968187978,1.6430038433268361,-12.876030131457863
0.8164827811591044,-1.371048658712582,1.2824981859655198,1.4693890540767396,1.2568751166213743,0.8157816743400357,-29.57224737557803
0.8531113344767329,-1.4253474198906382,1.2175040320416994,1.4756262528503097,1.3353424799640774,0.8157816743400357,-29.57224737557803
0.6494237294114642,-1.510042344831802,1.170993917605606,1.4778798313554593,1.3905153244049575,0.56036459664542,-31.933897446926117
0.6113598620392746,-1.4404501448011358,1.0648970792789738,1.4715579672920907,1.43298289389536,0.7395203218463515,-31.555114333994233
0.5602756561367037,-1.5318003981319048,0.982692356418424,1.4598019652147185,1.4321908203035763,0.7395203218463515,-31.555114333994233
0.67841677806917,-2.0704011192871503,0.7947639898952579,1.467676331330507,1.4734418924340587,0.4166910248099627,-9.625954372015244
0.7685664985568421,-2.012331171120129,0.7655657454811111,1.4316324419449067,1.4587679256959118,0.4166910248099627,-9.625954372015244
0.966815411993779,-1.9282534058566987,0.766801124295842,1.484767893203053,1.4958993837200285,1.6656079043757985,-9.974734995055277
1.0556473853486077,-1.8711932585532658,0.7097691870395736,1.5469302563133738,1.523958447023672,1.7463157306645292,-10.095011049306388
1.0997637459776564,-1.7910519726235912,0.6886840467955336,1.5719448692848164,1.5762856812423633,1.7463157306645292,-10.095011049306388
1.12994561438207,-0.1925105546581955,0.6672146599259602,1.5608924716833164,1.6254571009605323,3.011470430094274,-15.673394262082386
1.0344592982602872,-0.2148554155958144,0.6109575270494935,1.5695311859686185,1.6161196052639013,3.011470430094274,-15.673394262082386
0.9561673969393574,-0.07666034289501394,0.591725550784322,1.5245145657877375,1.6305888445710965,3.137845570527791,-16.361378423897975
0.854204385910904,-0.050353850609931916,0.5768115562894722,1.5031565110529996,1.6199489519654993,2.3670391190648363,-16.640140807495598
0.7759552789476604,-0.19079363639673275,0.621003327170959,1.4370298492157398,1.6108865270048873,2.3670391190648363,-16.640140807495598
0.6427422651814858,-0.23744993228975075,0.6609573781815087,1.3905692712559654,1.5586744462354982,1.964843156994208,-16.898110736802654
0.5680262017524392,-0.2819370693394001,0.7319027878928117,1.3722954866634147,1.541748609339878,2.0017596163033247,-17.069201414121547
0.5170586497099057,-0.32618654996982366,0.7830865176858153,1.3681497577170059,1.5000032989820307,2.0017596163033247,-17.069201414121547
0.4984978729610945,-0.2542031673887146,-0.9678035691545427,1.3932757604534054,1.4828774365982111,2.8702748595561287,17.64785604036269
0.5995021548247232,-0.035549744935577776,-0.9344745155148736,1.364231853005779,1.3809592093560736,2.8702748595561287,17.64785604036269
0.7499275584543185,0.1969693624864592,-0.785105691768778,1.4415085313590987,1.4128949377488098,2.900328409186584,16.296588266974023
0.8724775341272302,0.3719360387638149,-0.668198195799133,1.46981853464442,1.4418143307927485,2.9107536921893686,14.724550338900487
0.9361693841397841,0.46243066975782043,-0.6043368319071853,1.4871312736285565,1.4518790677799158,2.9107536921893686,14.724550338900487
0.9591693505204111,0.5584685798411861,-0.47480942204893645,1.4792182581070261,1.4458606074294649,2.9214025522972333,13.296137388584892
0.9433772373134582,0.5653210337698761,-0.41240896247166764,1.46562084465655,1.4314297467024093,2.9214025522972333,13.296137388584892
0.9105040097703979,0.5714684872441952,-0.28951409235319014,1.4421981696592356,1.4083738883366506,2.965470232502163,11.970597654932732
0.8663259561678616,0.519687401424584,-0.16925886294487705,1.3817969556689083,1.380703691034646,2.915085754014532,10.711671976535833
0.8125064011378671,0.45501513963825824,-0.11345027199154865,1.3614143232097105,1.3544341064545744,2.915085754014532,10.711671976535833
0.7794985589113554,0.39687114981158367,-0.005457585962127004,1.3239705380450837,1.319912151774697,3.9752802078516325,9.525831163467807
0.688067819394878,0.3539856081378879,-0.0029542862425274152,1.331454032165413,1.2687207009961776,3.9752802078516325,9.525831163467807
0.6550184161244352,0.32356016160420287,0.08393226918285529,1.3166079043709475,1.2572230219176614,3.9254280398134878,8.177277616624743
0.645598390428647,-0.8109413743683986,0.16689654750734645,1.2469907562860625,1.2244465238933575,3.173006675683239,10.672978528351639
0.6554245313923697,-0.8596217234745575,0.2131432411528964,1.2095510226285753,1.2131270945923167,3.173006675683239,10.672978528351639
0.6426719935496401,-0.8228379609325005,0.322608337473547,1.1752655704083708,1.1724526852172699,1.5419041496181176,8.855197845372135
0.7058772500066234,-0.8575833671120671,0.41961593696189237,1.1677876427004052,1.2049518365818317,1.5419041496181176,8.855197845372135
0.742107359549438,-0.7664984412976624,0.5376706734383699,1.1602631528372442,1.1390910891890484,1.512282879598998,6.8743040363656425
0.7776664704244312,-0.6256134876084425,0.6547114143633905,1.1973901690259723,1.1573901444450745,1.5090110500428855,5.077003369986017
0.8432621610291854,-0.5265369791148989,0.6549892764865596,1.2420702825897774,1.1689856855102798,1.5090110500428855,5.077003369986017
0.927616881832786,-0.3376399988147645,0.6877037610661303,1.2511359290807003,1.191322868262847,1.515882335256018,3.7278916397507067
1.0304157318637037,-0.17962771564526148,0.7015012773343414,1.2697304710770325,1.189290920638106,1.5106312772033466,2.2655133292021663
1.0918912353820656,-0.11668204937279918,0.6512445361672339,1.2926454119845443,1.2214022525178208,1.5106312772033466,2.2655133292021663
1.1387306064503662,-0.029035733515617383,0.6311262288823563,1.2870798601355045,1.243816952634499,2.4181158268859546,1.3540149266837005
1.1215781195989374,-0.01496397987958262,0.5408724167444565,1.3092254255876299,1.2508373507356096,2.4181158268859546,1.3540149266837005
1.1260301428087307,0.014009170731526199,0.5154778185788729,1.2812809354837662,1.2877728090720653,3.4979623227511034,0.39052284109849683
1.062548168433668,0.02021990344136121,0.46160427398685666,1.2409711687110838,1.2536836723513873,3.4556788590743786,-0.9555537211589732
1.0091308416193996,-0.06056677663514484,0.4029421552137221,1.2131282212512229,1.285938134000964,3.4556788590743786,-0.9555537211589732
0.9709464859914227,-0.10495647924244206,0.4382215813638003,1.1028087346407143,1.2646512652503032,1.4309081452175887,-3.025363818949024
0.9762343995210286,-0.2549764861298349,0.49718439701758155,1.0380920690797377,1.3082379882107777,1.4309081452175887,-3.025363818949024
0.9086394050708755,-0.2810554445163055,0.6090328316467304,0.9650745014798137,1.2570555329058348,1.413529923410267,-23.144278565138595
0.7687458202744617,-0.3318669459154453,0.6953682170422264,1.0318181238148587,1.2975511490458376,1.426831994232308,-24.613350506365137
0.6927637338156389,-0.36487046072636176,0.6646129908824975,1.0236576851553276,1.2798568653808597,1.426831994232308,-24.613350506365137
0.6586729566357425,-0.2674889321653018,0.6606984115665457,0.7869951436056376,1.1804661625678556,1.1590868202900628,-26.081743203120766
0.6859491352131952,-0.22911495565488327,0.6160422409857287,0.7986495748183968,1.1920581599962916,1.1590868202900628,-26.081743203120766
0.7553594027561641,-0.18015375238038223,0.5778419728072203,0.7480839280825599,1.1421118918556072,1.049577155548052,-9.061524344841349
0.907438555765818,-0.07750128701840026,0.5350696833097592,0.7126234801631317,1.0886182089820928,0.9702097992502772,-9.376514318043762
1.0329720134285227,0.03156780972760842,0.505194588419978,0.7666335205947263,1.129712348603356,0.9702097992502772,-9.376514318043762
1.1536675373514784,0.09168103643337794,0.4712989501996312,0.8052317515071126,1.1408797391231298,0.9117035330994208,-9.747994754148207
1.23385552835168,0.1735049006716215,0.4386732087564695,0.8346170384686338,1.1841230670613316,0.9117035330994208,-9.747994754148207
1.3007422600827685,0.2241442454839827,0.42546042966923925,0.8392329453700994,1.2173654352622576,2.901626985610459,-10.094928920835304
1.2340886962748085,0.26838790156108516,0.3231030325301686,0.8778224991053825,1.1971285132619434,2.900373813668511,-10.120122276558698
1.2162260932405387,0.2798230728182231,0.27433129188168215,0.8622665272246004,1.2491806357502362,2.900373813668511,-10.120122276558698
1.1818021841245723,0.21686522780179962,0.24351188845899707,0.8104126843192179,1.2396063552067278,2.8963302492652536,-10.468363086186885
1.0980296963038476,0.138084997469943,0.29766499786088585,0.7949310140090544,1.181682345214385,2.8426085464570794,-12.16322401972214
0.9926188410235173,-0.006266348027432644,0.30848598946601724,0.7490767545955825,1.1617646758107576,2.8426085464570794,-12.16322401972214
0.8559568402453669,-0.06655008452604055,0.40957673977874043,0.7710169207207955,1.0695970392542615,0.6951230566018314,-14.154195324493603
0.8603359132034363,-0.1941770578922375,0.5303644593588586,0.7141127288895379,1.0914821332915645,0.6951230566018314,-14.154195324493603
0.7426808784317956,-0.16699308580102046,0.6626057175549527,0.7584133735054306,0.9868214827661286,0.7279637461512172,-33.8098279557605
0.6470931281901144,-0.15946304020196544,0.7591388161939009,0.8819210090062795,1.014905310924817,0.7872612000548309,-34.87876807006185
0.6107649248855257,-0.12754889850461026,0.7449825172270017,0.8886359244202581,0.9931163372257367,0.7872612000548309,-34.87876807006185
-1.2248332741198737,0.002618053113287333,0.73696096927657,0.9296766369501895,0.9528941983607195,-1.1439918164089347,-13.371414241653863
-0.9992786129893959,0.17414886335669144,0.7831013471932964,0.885973240296045,0.9651813135799225,-1.1439918164089347,-13.371414241653863
-0.8046442883605188,0.3013509813193986,0.8003459379229025,0.9664923443303213,0.9602386546118775,0.29009030420057313,-13.813443046927988
-0.7243548274230008,0.4279386955533008,0.7496092157449767,1.1108256772335243,0.9971762839235532,0.27712432260275643,-13.837288359248394
-0.5854056509614654,0.614430646817772,0.7021316048412105,1.1717916312325078,1.073413452831157,0.27712432260275643,-13.837288359248394
-0.46513147913757646,0.7492004886503493,0.6680544246649007,1.2140246213609598,1.119033932435554,0.3500404681847955,-14.451906655783688
-0.4079872770594037,0.8011601875566523,0.6140121330284947,1.2214678732352005,1.1630575814234616,0.3500404681847955,-14.451906655783688
-0.360653702045675,0.8281993672361053,0.6272198748655906,1.2594083369278397,1.1950726420898286,0.1494123164281984,-33.66850407016223
-0.3988868361080153,0.7479982943240998,0.6621500170711846,1.3284109351272764,1.2902083620917342,0.28388900217805757,-35.19953535569873
-0.5226420132517254,0.6071288793327676,0.5983880536251825,1.2796021304458798,1.2851525396897923,0.28388900217805757,-35.19953535569873
-0.5933786596144888,0.5745249134305825,0.605136933578908,1.309427128749131,1.3124269148487064,-0.3175800380159757,-18.12574820691564
-0.5867204725072017,0.5341852441507289,0.6117005271625773,1.2451742761668523,1.2863579560943084,-0.3175800380159757,-18.12574820691564
-0.5584888113983234,0.4575694209522605,0.6373699877561456,1.3213254039609137,1.336316424914126,-0.6654090044703471,-17.74953902851704
-0.589707295930262,0.44606946960434607,0.7337473337226581,1.3996867989194588,1.4487182204778501,-0.6326059778353867,-18.353102706768144
-0.5528994627176433,0.48805720669371755,0.7556086662872301,1.434126918586201,1.4596605121864934,-0.6326059778353867,-18.353102706768144
-0.5292252088090814,0.4068439610062813,0.8335977604739623,1.5218989906969722,1.5467350104887891,-0.6631293972929466,-18.473183084481327
-0.44350414178263575,0.5489452552991663,0.8922071973315918,1.5816943027283632,1.606500775010216,-0.5325452183831336,-19.454458507471827
-0.4118963680307203,0.6168824045664392,0.8885794749902485,1.60298209820838,1.624172922486669,-0.5325452183831336,-19.454458507471827
-0.37705672486944414,0.6672483604466586,0.9106326384589021,1.6496426127597565,1.684329294453238,-0.45636639390409517,-37.739800593634584
-0.4330641876012592,0.6072117582009281,0.8797474973154357,1.6810359870011848,1.727740635008502,-0.45636639390409517,-37.739800593634584
-0.49814878799731255,0.5552502953233824,0.8344084426338363,1.6500565152316427,1.727001827211915,-0.45527473277779507,-37.89197563100335
-0.5576323022989799,0.5070333329789902,0.7954102123294665,1.633770103665476,1.7498586668160687,-0.3987427087685358,-37.680552089969254
-0.6070252287091472,0.4397220347332893,0.7506577003640195,1.6151301687161022,1.7456487129407612,-0.3987427087685358,-37.680552089969254
-1.3248886238629054,0.37934043108057736,0.7128047045228448,1.6086010205870085,1.7470541263646098,0.14952456053240248,-17.83643586546373
-1.2977498839388943,0.4329928496300602,0.6759350339469609,1.5811307558305931,1.7020780084020246,0.14952456053240248,-17.83643586546373
-1.271752266970642,0.4682477613857344,0.6881580853755911,1.628224153349686,1.731340962352107,0.22050201396841396,-18.300262457310424
-1.2356616317977926,0.48479527156493407,0.715904432926829,1.6396710676180137,1.755825431012279,0.19282081105079052,-18.980981537189706
-1.213966187963455,0.507065493488229,0.7286840281722324,1.6471797525066032,1.772927447506283,0.19282081105079052,-18.980981537189706
-1.2012348792831355,0.5233565547438246,0.7966220350703797,1.7053981396900157,1.8489870150271057,-0.3452064131096091,-19.499684286701626
-1.1897578734875094,0.5216938652493316,0.8414956695282357,1.6908214868547735,1.8613403584629622,-0.3452064131096091,-19.499684286701626
-1.1775825654815406,0.5129527085240102,0.9309436127998318,1.6837155195587898,1.8808369990725675,-0.9928643896749794,-20.424746471241573
-1.1197938231295856,0.5017317853048097,0.9951049755617998,1.7625141669904463,1.9299767173349165,-0.8374149222007898,-20.246808696007896
-1.1316293329470895,0.5067398826391571,1.0279789831535489,1.7694092352411146,1.9072015073806368,-0.8374149222007898,-20.246808696007896
-1.0904242225096017,0.5320248473758905,1.1663805221278127,1.7898312744516016,1.9117244943683143,-0.8492979466486976,-40.327881281863775
-1.1435308671217739,0.47379752869623937,1.163603220870039,1.833532131276277,1.9465481394176076,-0.8492979466486976,-40.327881281863775
-1.1583079945272097,0.4505529542342543,1.1536349672999409,1.8182228505229103,1.9716201007474703,-0.7773515276992864,-40.75522280193448
-1.20756088720007,0.44257835129485645,1.1168770779372195,1.808366496181815,1.9648155553535802,-0.7756959452563361,-40.63732922372938
-1.2221381025909424,0.4194769020959894,1.0686127752296506,1.8001077293295047,1.9644173879714035,-0.7756959452563361,-40.63732922372938
-1.2656592910979714,0.3969233940709883,1.0179635511202223,1.8364052784682798,1.968096954799572,-0.7924407641707183,-40.530947376523756
-1.2570146410664802,0.38029553626924395,0.9677655245545312,1.8390487439238974,1.9783286724566702,-0.7924407641707183,-40.530947376523756
-1.2459776493395167,0.37264321490983215,0.9197256216479824,1.8450026206744214,1.9912134235288295,-0.7960686709176161,-40.54418783340563
-1.2259474065790212,0.37345047952563537,0.8736813972825916,1.852230448593121,2.0092823394546127,-0.7903329075740997,-40.53876907861131
-1.2088093713459558,0.38060013548174754,0.8307148357143912,1.8591406176375858,2.0256130519842994,-0.7903329075740997,-40.53876907861131
-1.1912487381282695,0.3666225538206689,0.7920490783168623,1.8649235855830624,2.0432319465420363,1.0160184118431377,-40.44798865158153
-1.2707445850805628,0.39251108403869084,0.6858665647049664,1.8957620280577812,2.015302272954314,1.0114646668260185,-40.4413954714871
-1.2834513706925623,0.4059565116623164,0.6286579981150529,1.8848650605036164,2.056994683736563,1.0114646668260185,-40.4413954714871
-1.3074366513038165,0.3490123191625403,0.5651786338615032,1.8330784282321384,2.0484734424495334,0.9132764397588984,-40.28119048197927
-1.3577827000156815,0.26846636644141453,0.5426930704974275,1.792664029771872,2.046192069232158,0.9132764397588984,-40.28119048197927
-1.434396539230846,0.11423585434042122,0.5327064303957867,1.7327237871883558,2.025505106443746,0.90180476978392,-39.979124827823334
-1.5265851585966126,0.0014505451755369991,0.5434871821430796,1.70481796520914,2.005619063387451,0.8595987692843003,-39.82240281944588
-1.5838693069977414,-0.060167517203888465,0.5652360506668739,1.683261442422463,1.9820497787447366,0.8595987692843003,-39.82240281944588
-1.6216457977112049,-0.10111859719411131,0.5930680817884662,1.6703814213466148,1.9585002024453955,0.8457285242805934,-39.85876805441093
-1.64860273175821,-0.1129772810909484,0.6201741241993308,1.6634232915235374,1.9370325334894003,0.8457285242805934,-39.85876805441093
-1.6637190195314087,-0.10400100847530813,0.6450672412173413,1.6603369879797552,1.9169720638169894,0.643955101182617,-39.872008800735344
-1.6562771427656704,-0.0826351802698464,0.6736174741054171,1.6569647125299973,1.905768244906224,0.6426751791465604,-39.88150938713708
-1.645856046021053,-0.05305783807152076,0.6908590824994232,1.65899407692309,1.88824226695909,0.6426751791465604,-39.88150938713708
-1.631837330017249,-0.017027106533547,0.7017240753547025,1.6655644090359099,1.8787951851970344,0.26287491660535833,-38.35450838753334
-1.5875286737946979,0.02483512107147534,0.7235704073373834,1.661981164544836,1.876902768943677,0.26287491660535833,-38.35450838753334
-1.55715188087414,0.06139516169371961,0.736154963545665,1.671305572497094,1.8671477679233102,-0.40017641092353085,-21.896811612068866
-1.4372936762966118,0.16735805215826838,0.7867082676903622,1.6498011984234797,1.8561342074905978,-0.4037941428699643,-21.87989962122294
-1.338250997956853,0.2523949310159052,0.8368426720810809,1.695681334663261,1.8589590692540454,-0.4037941428699643,-21.87989962122294
-1.262767385734719,0.3327183784808398,0.8745775132097082,1.741295242232243,1.8906328984685383,-0.9378967080540255,-22.63913738171985
-1.1693148626160634,0.39511638208570365,0.9265770798539409,1.76517226794203,1.921147583685864,-0.9511812706376581,-22.566537457180218
-1.1096309709317238,0.46446016055715655,0.9592995711126298,1.787050161418411,1.9300767791623579,-0.9511812706376581,-22.566537457180218
-1.0735229604055134,0.5209046491341238,0.9897140017038023,1.8119451020145452,1.9470920844140525,-0.9576681988547673,-27.15568861346295
-1.0537406403063336,0.541183731350988,1.0043656331130681,1.8325661067784806,1.968063524421251,-0.9558813457211164,-27.159039202979166
-1.047998601760732,0.5504777477462659,1.0070930355457133,1.833492305860665,1.977211938358553,-0.9558813457211164,-27.159039202979166
-1.049302234622664,0.5434062681541398,1.0098576250759996,1.833835178896816,1.9820699457498123,-0.9588543271703966,-21.777612006732838
-1.0336804057756617,0.5486364295295427,1.014992706032988,1.824562755135495,1.9792982183703565,-0.9588543271703966,-21.777612006732838
-1.0246364005449506,0.5406889185703723,1.0271566008847235,1.8350045187061939,1.9894410040415462,-2.9280550344375347,-21.780505340078925
-0.9229547799927799,0.5086112540275948,1.1146575368069405,1.8126645061663715,2.0495174663916393,-2.928450159016782,-21.782156649015242
-0.89663838621666,0.49114894555932326,1.1571971997197084,1.8334203194658045,2.0283660175187164,-2.928450159016782,-21.782156649015242
-0.8706393866873992,0.5225801050798383,1.209050938700721,1.8963489405975036,2.060624497778508,-2.8952373510520326,-21.77054862967293
-0.8147910477915693,0.6112247194548921,1.2278924732249155,1.9411598388898075,2.0813401866183927,-2.893097488342181,-21.79164267104251
-0.7446363987357294,0.704676372560796,1.2317703888579756,1.9837263278132986,2.1162116735973755,-2.893097488342181,-21.79164267104251
-0.6752151918379198,0.7896785968785265,1.2223160578931485,2.0159735890189063,2.148996046261459,-2.4142460507735164,-21.79164267104251
-0.6408880925521373,0.8567226821391623,1.1859523658604207,2.0476686845941674,2.172408253778126,-2.4142460507735164,-21.79164267104251
-0.6067068138022091,0.896123438196753,1.15740021909916,2.060536347569287,2.2121717896003843,-2.4146410985256535,-21.793294422551085
-0.5920990464809781,0.8908401938872648,1.1219419731642724,2.056703739543078,2.2362678526648114,-1.7585969326863062,-21.667714425883574
-0.6300185160039669,0.8656594944485139,1.075956790434996,2.0615541685296916,2.2430377428609654,-1.7585969326863062,-21.667714425883574
-0.6523633619598744,0.8271666066459612,1.0192985917886577,2.0487565692876855,2.2649049805019548,-2.8742501492066435,-21.052369588386146
-0.6320252849920661,0.7481448409045656,1.0479653741298331,2.004627859340712,2.291697641986288,-2.8800060863937063,-21.056212033376436
-0.6680108539083262,0.6671779160835241,1.0680635581292242,1.9950947107076498,2.2785668694110304,-2.8800060863937063,-21.056212033376436
-0.7072549824625618,0.619919453147682,1.1026998798179704,2.0122701151649753,2.28449825879556,-2.887587826842365,-21.08315669532265
-0.7238763880570521,0.5860191316803727,1.0581713023509,2.0255650836125056,2.2596901237051066,-2.911969827936123,-19.80263850839527
-0.713711442359243,0.6096331311556615,1.0797113752659464,2.039463340410203,2.2677804117654627,-2.911969827936123,-19.80263850839527
-0.7264749064562365,0.6152194392791248,1.0961724365617986,1.9982072881390254,2.247185564073811,-1.1127766290379446,-19.8549947963864
-0.7900183660240769,0.6680093534550688,1.0340714700855287,2.0406344077076883,2.217966175212692,-1.1127766290379446,-19.8549947963864
-0.814459973625844,0.6733638958731603,1.0107837624681535,2.035222042477658,2.2562827001201704,-1.0661642877657178,-19.684935765320486
-0.8497957928228146,0.6353887124142713,0.8904195645564129,1.9645787528876055,2.245189261725601,-1.0888713451628036,-17.920765052552458
-0.8864536878595108,0.5788935285394666,0.8850624104056714,1.928447656229744,2.240851520042586,-1.0888713451628036,-17.920765052552458
-0.9567590102814199,0.495206459651816,0.891785990054267,1.8931514165733592,2.224961788779086,-1.2077526367588527,-17.826018388972127
-1.022783949515775,0.3876329803726859,0.9139215286634508,1.8598460437503084,2.2121570070286434,-1.232980576634644,-17.65172324868635
-1.0787727826916953,0.31880502186120363,0.9471097912165638,1.8400804885110977,2.1897611371914203,-1.232980576634644,-17.65172324868635
-1.1274735666067175,0.26909795331143865,0.9805983287684632,1.82624324180429,2.1702835909427063,0.1332129152427819,-17.55651259877767
-1.2226279825161397,0.26016262759321773,0.9619648534134856,1.841417405010316,2.118470020664439,0.1332129152427819,-17.55651259877767
-1.2519732096986986,0.2622016275870892,0.9726951912813137,1.8274019335471732,2.0750718672836825,-0.6425693253284903,-17.82853014068508
-1.2364685292488629,0.2324709671503674,1.0013558102895397,1.776737170388739,2.0623251123978563,-0.6506464906844514,-17.78567738484276
-1.2638813404018547,0.19124545165942705,1.027978343782478,1.7551986052223343,2.0285423600436903,-0.6506464906844514,-17.78567738484276
-1.2987708701469707,0.16869870496934677,1.0617645073231399,1.7525284852591574,2.008699012031138,-1.2787834676234413,-35.7712072166204
-1.3518719724428356,0.07967731030777697,1.091088196241913,1.7701066532726666,2.034498974427555,-1.2772435407328577,-35.751721062040914
-1.4126492963773867,0.035582432493634464,1.076431448621292,1.741653590787075,1.9968060348982406,-1.2772435407328577,-35.751721062040914
-1.4466818150051743,0.03052271446861854,1.0708710109264068,1.7410206812397646,1.9708684890687973,-1.1338760473831984,-35.731205336874055
-1.450079602777513,0.05038923512762222,1.0359493653582341,1.7475339004681305,1.9554080930894864,-1.1282822728984652,-35.754661960187455
-1.426883845002143,0.0768577629263063,0.9939122017079395,1.7579517014856376,1.9566260648841851,-1.1282822728984652,-35.754661960187455
-1.3897809801252967,0.10738175415824958,0.9443618752518793,1.765857820280521,1.960933846311338,-0.7181195507617701,-35.757630193110316
-1.3703461648511643,0.14143815951193628,0.8763264441913701,1.7819076679183472,1.9628041400031524,-0.7181195507617701,-35.757630193110316
-1.3359118985885345,0.16367333210125656,0.818166782729554,1.7878985967747216,1.9839778964772894,-0.5847747064270024,-35.73485756998096
-1.319269339483168,0.179190546505601,0.7553053075214314,1.7837430199335278,1.9948624561617314,-0.5796866853042555,-35.718668338089095
-1.3113346538468065,0.1741382423717946,0.7063066812553737,1.7774972070860786,2.0082822664405824,-0.5796866853042555,-35.718668338089095
-1.313044491738805,0.13707186777226957,0.6655278641040938,1.7684872558775322,2.0160950591178852,-0.6199246935063223,-35.63682868814782
-1.323145486136192,0.09735011481711459,0.6363087339278275,1.7587933205114503,2.024304980482021,-0.6238256355976368,-35.54714471810591
-1.3387063594115134,0.07128984145738504,0.616479060684265,1.749613744183594,2.0244212622210322,-0.6238256355976368,-35.54714471810591
-1.362307448918909,0.022529312074156482,0.6033734377547706,1.7442019541983185,2.028882684611099,-0.723325728551683,-35.38316825204847
-1.3711487914866745,0.007836414175670048,0.6005433560663115,1.7372672825372273,2.02851251228782,-0.723325728551683,-35.38316825204847
-1.4022557184608129,-0.012367240615056785,0.5983302793307933,1.7385599573424078,2.0498184799241486,-0.7338099150403306,-35.115786065552996
-1.429445901570084,-0.03169857875073495,0.578488924820509,1.741335026550064,2.047049410349874,-0.7586392418625469,-34.55673263931084
-1.4259495552109125,-0.019907296531493035,0.5820933838431799,1.740932688279065,2.0433122144246565,-0.7586392418625469,-34.55673263931084
-1.42057637215725,-0.017585685339180868,0.5574550906387918,1.7463160176485923,2.0430115264827537,-0.780465828857964,-33.95406306866195
-1.4109160910781018,0.005610245929550117,0.5173644944289446,1.7500250708303053,2.0448715493052587,-0.7475509517440819,-33.09211791717121
-1.4003580060565823,0.02671943295663534,0.5203270228033736,1.75154496717585,2.0407942232874143,-0.7475509517440819,-33.09211791717121
0.8759504275224979,0.050299428662785306,0.45920138582535586,1.7554506983722575,2.0451053178253353,1.651759418978025,-36.50198697854649
0.7554963842372643,0.06534145515377074,0.36229114851880806,1.7970508347041603,1.993110568576713,1.651759418978025,-36.50198697854649
0.7888566576732913,0.09889254823122651,0.31913578175267787,1.7682500625434368,2.030100320922058,1.745707126636911,-36.73424583041171
0.8100352350542999,0.050930668934535184,0.26366758199735885,1.6617540571329468,1.993458292493406,1.7973131136824465,-36.926520491577264
0.7239876790842756,-0.06764627812131746,0.24511153160249788,1.6062036622703963,1.9710765161292287,1.7973131136824465,-36.926520491577264
0.6798976292957535,-0.20602985248166383,-0.4207824162116516,1.51183051054898,1.9309950710642936,1.6004654156871743,-6.0997225758097535
0.760511254169944,-0.28730906123633865,-0.42756376873474333,1.3763118562050745,1.8114005057640001,1.5617481287323036,-4.761612850439039
0.7994697344748781,-0.2874604306136781,-0.3155831528119315,1.4013089483446828,1.7862828902096282,1.5617481287323036,-4.761612850439039
0.8730893685974377,-1.183003416969469,-0.21377378140989933,1.4218698514453083,1.7813587202413177,1.0174728754234499,-1.6040593765188609
0.9396054630197903,-1.1193058506830855,-0.05697074132443891,1.3963924590079304,1.7657899952727454,0.981429422753958,-2.1239198110557065
0.9782523311760554,-1.042459835903383,0.06192005406276857,1.4139188182164322,1.7391740955729857,0.981429422753958,-2.1239198110557065
1.00932078501637,-0.9561056708457365,0.17066409885161704,1.4309477426166466,1.7169584075871251,0.9804038952169529,-2.1876892498940665
1.0357231952584138,-0.874261905579819,0.261587473677517,1.4408698056827822,1.6931624210537835,0.9804038952169529,-2.1876892498940665
1.0598002631395245,-0.7904188038624036,0.34111771816398745,1.4444318355392454,1.6685655492718259,1.9155002473635343,-2.3620440108180105
1.0320930127003658,-0.7401732700577441,0.3785870398229687,1.456919070257356,1.62395740442244,1.9095680077763393,-2.6336662429904063
1.0294183579361933,-0.7194741418851791,0.4140168228674748,1.4478553647825552,1.619103360452931,1.9095680077763393,-2.6336662429904063
1.0221546091205254,-0.7394916063985699,0.4384564429991795,1.4145983485674571,1.5879846260963808,1.26242474606171,-16.243286939859907
0.9766551684847025,-0.8612936646271971,0.4785979949138739,1.4003210781381237,1.6034620264798223,1.2617780214106817,-16.259563160983866
0.8980259049087395,-0.9678616979015052,0.4846530643671802,1.357761826036169,1.5562568887177106,1.2617780214106817,-16.259563160983866
0.8335087780185458,-1.039664274026223,0.5065340131817462,1.320216814762716,1.5212622870280816,1.1258617122210057,-20.81636182516077
0.79094969792663,-1.1131744774910342,0.5087834760854925,1.3187606309380375,1.5080839528402765,1.1258617122210057,-20.81636182516077
0.7737461931274138,-1.152275552703742,0.4964481057144037,1.312612327685663,1.4851112923436403,1.1199082277930072,-20.90129796267602
0.7865641152915517,-1.1622244996387645,0.4836502434518686,1.2993969521658082,1.4725849065568024,1.1032965544008086,-21.050881116448487
0.810877274218084,-1.1471044466915206,0.4543061499404614,1.3114805376837029,1.4730667877124886,1.1032965544008086,-21.050881116448487
0.8618003042264939,-1.120878723664711,0.41520611770265836,1.324812963673876,1.4753679577576888,1.3447727969407488,-21.038533060438297
0.8873579294695402,-1.09537795490121,0.36776006294540264,1.337491258233627,1.4789954506999687,1.327888035905596,-21.044709344544863
0.9231241674412963,-1.0602058076455148,0.3229045904497536,1.347413500308923,1.4973157192005837,1.327888035905596,-21.044709344544863
0.9536504352935484,-1.0411156948321376,0.27811583002279533,1.332545479494579,1.506415745238803,0.9118415879732518,-3.083707600090886
1.057088478560905,-0.9500143440583221,0.2747822154019109,1.2989776623423162,1.4973374289352255,0.9118415879732518,-3.083707600090886
1.1377808028071663,-0.9047746159709348,0.2934515985905861,1.331851770806358,1.5110385406088225,2.0284794394360253,-3.1050203120964457
1.1417671471485453,-0.8595608993582722,0.2635612769369403,1.3815548462222293,1.5182909855188234,2.033174772132309,-3.136622519509928
1.1668902097123381,-0.8086236470296164,0.2667135240564618,1.3920133166571849,1.5525773465541686,2.033174772132309,-3.136622519509928
1.1758272447727205,-0.795593233860125,0.2717902078730192,1.3646687474721613,1.5517717719686517,2.0435928477584797,-3.2236390626137705
1.1490513619048115,-0.824066281816558,0.30643381069977416,1.340322727507765,1.548095917347784,2.0336267038273643,-3.5255031401120265
1.100774027064129,-0.8765718287356012,0.33659052117284116,1.3153948069296366,1.5340831367951275,2.0336267038273643,-3.5255031401120265
1.04559882206744,-0.9327488619050308,0.3951316795288308,1.2550792257195411,1.5104943448721488,1.9810605466823477,-22.01185819448892
0.927791310981944,-1.064448267189618,0.4509514432017475,1.2257423892566484,1.4966499608659025,1.9179040946637156,-22.85151206224272
0.8136312361440834,-1.1703663557232966,0.45122245981964776,1.177451060793625,1.461762110180351,1.9179040946637156,-22.85151206224272
0.7340304513361127,-1.2306563789257083,0.4999702797807016,1.0040977203229833,1.3808953627455882,1.6658349142805098,-24.001583119633302
0.6883709339794336,-1.292443199013066,0.5056644977812851,0.9864193875525555,1.360052383104948,1.6658349142805098,-24.001583119633302
0.7141000821663193,-1.3916097687908637,0.5198473888751809,0.8435481454463707,1.2782840137240679,1.3945304127400289,-24.7692518333903
0.7633407560646814,-1.502641328993325,0.494717739488764,0.7892469686799555,1.1916331825436384,1.2208928840686468,-24.588012863329258
0.7983827863260289,-1.477865857710547,0.4792556626156137,0.8003032477127555,1.1880396271297635,1.2208928840686468,-24.588012863329258
0.8978848290979217,-1.6515270319102195,-0.5483181809315548,0.8232666504268616,1.0701581913609424,0.5592182928357814,12.886704791881575
1.1614281430086675,-0.12761601628418684,-0.6050051165375062,0.8088037577248566,0.9079405743736171,1.3367967815752158,9.07652376170588
1.3119649095207986,0.03584668893974688,-0.5770499616948297,0.9228965162807523,0.9302954983214451,1.3367967815752158,9.07652376170588
1.5001300156714867,0.3738690210231588,-0.5643188261201144,1.0261135726947075,0.9796056798558076,1.5060104153781433,8.128939246414621
1.5947829408191434,0.5031014560847448,-0.5518102052121934,1.0549405373191443,1.0046439763623458,1.5060104153781433,8.128939246414621
1.659112197331617,0.663081141136227,-0.5253967311426126,1.0844284711496146,1.0349264035249475,1.5918637140179879,7.764722474670278
1.6602077130738817,0.7361481829137237,-0.4705215192040025,1.1043308711029463,1.0414894009626205,1.6353201814268097,7.020399363799297
1.624583472692607,0.7035843802641155,-0.4373527592457634,1.0859770971691782,1.042291791888394,1.6353201814268097,7.020399363799297
1.5964239918681349,0.6804996312166882,-0.3964399889535123,1.0836758841959293,1.0349572532719737,1.7106595319459297,6.849007878050109
1.5334975127753172,0.6251872536873031,-0.3488020890114709,1.0671551017116037,1.0425466721041516,1.7670569364073687,6.839588960896458
1.4682587033330585,0.5477998491614253,-0.3022784016881105,1.048011231983611,1.0211837939457293,1.7670569364073687,6.839588960896458
1.4204045600791826,0.5032640890381657,-0.25203054123032315,1.036118811775639,0.9992748881620639,3.789204482601236,6.710215408984578
1.2835630581214585,0.4762725596794198,-0.2711073581696277,1.0579082415805448,0.9313460217834736,3.793835641651497,6.396333918603848
1.2288262754569066,0.4486390011671223,-0.2602555000458908,1.0382989972774375,0.9430523193926795,3.793835641651497,6.396333918603848
1.1873896147693785,0.391181551267786,-0.21723527713595817,1.015734215710145,0.9248114690033461,3.7809355161693583,5.642860431586832
1.1165631507413165,0.2956153245989077,-0.195580888007476,0.9753750391519267,0.896567384201369,3.7809355161693583,5.642860431586832
1.0399779596628764,0.24718774193278525,-0.0945484795424561,0.9745271214332463,0.9081272085784922,3.869399540719211,4.414439437029655
0.9382722401758018,0.22510652179373358,0.030454255491347393,0.9940161507411905,0.9491523455915253,3.9712091084526584,2.9028047040588367
0.8680592062344411,0.16043569481613007,0.05748518982803365,0.9752738702059923,0.9123745656549858,3.9712091084526584,2.9028047040588367
0.7303143896043305,0.20857646735010826,0.19451455656435357,0.9652167462746205,0.9770206106480047,2.061385138506913,1.2067499663366679
0.5156513738776329,0.2611115410330619,0.40559727948722657,0.42949580036769347,1.0431815561861724,1.5039382652353623,-0.9279326788833365
0.538924873060225,0.23584175877509705,0.46916064745876995,0.4288347303805619,1.0024140353339264,1.5039382652353623,-0.9279326788833365
0.513029256311611,0.36362066442149243,0.6140861056369004,0.46316384531129595,1.0271008014670542,1.4986127423745126,-2.7736615194167875
0.573554179927481,0.4694384842713879,0.6299460852688714,0.5192290735855178,1.0310181273965193,1.4986127423745126,-2.7736615194167875
0.6701402209134135,0.6795197561243005,0.70374851244195,0.5913990025108331,1.0479679491692038,1.5222822636446622,-4.793493520223149
0.8034167094743117,0.8596442961961697,0.7535996915057752,0.6802407010158485,1.037381584931946,1.5322580900296723,-6.993454435147881
0.8856995552915634,0.9548111892295094,0.6933470174313179,0.7113022534205786,1.0707949282511782,1.5322580900296723,-6.993454435147881
0.9865864731273519,1.0701982178947322,0.696174566189416,0.7693435509073063,1.0105903559054736,1.4749969252267032,-9.118740791879297
1.079663401243813,1.1245518653273934,0.6932952496197479,0.8339190618837717,0.9147242197411094,1.3803399121441489,-11.330105503180006
1.0981721094433654,1.108070220296239,0.6249737448805761,0.8364572256679981,0.947060066235405,1.3803399121441489,-11.330105503180006
1.1438136721639873,1.0782366945145132,0.613795188104532,0.8793084887707646,0.9192853901048705,1.3676507861584373,-12.696115868193006
1.1330346702479772,1.0349946101943446,0.5584232070264387,0.8805627465027894,0.9431335949925106,1.3676507861584373,-12.696115868193006
1.1549324779794652,1.0190040223369645,0.5498854422997753,0.9167026039287998,0.9577745097990319,1.4209891040504798,-13.66948586507996
1.1716528159813557,0.9697759663608367,0.5415967983923133,0.9520694652289593,0.9591860631719018,1.4343549691850246,-14.467550557259061
1.1543558958851712,0.9362872197508221,0.5027053988583796,0.9526062701752358,0.976488872920394,1.4343549691850246,-14.467550557259061
1.1640326865240602,0.9134568294192181,0.4968997930020149,0.9789454378175472,0.9879784832805214,3.2313555453385305,-15.020571358907445
1.0670591806698306,0.9102332295367349,0.42525023418458263,1.0106072672522264,0.9603462396434117,3.2263661359951836,-15.528224433236016
1.0345646428980273,0.9030149513509586,0.37380478239704995,0.9978613018100886,0.9988027070126206,3.2263661359951836,-15.528224433236016
1.0088608721254941,0.8572526451670179,0.37512220264846385,0.9892751814702981,0.9835798981078403,1.4625918050828801,-16.61279021155551
1.0283883402737437,0.7556763314673953,0.42112079968549443,0.9270913024801435,1.0207444872486682,1.4625918050828801,-16.61279021155551
1.0083002287601837,0.6586168681536043,0.48051333039679034,0.9423822337223329,0.9835913862143972,1.5199967620916874,-17.38231144044708
0.9617733012213927,0.6141636442190999,0.5502793404405866,0.9913148024988683,0.9962451962692086,1.548650780222669,-17.93002538517346
0.9480434692603219,0.6291266873909388,0.5667695158384216,1.0067634063436706,0.9860712165086392,1.548650780222669,-17.93002538517346
0.963720700800726,0.6782104548551275,0.5952141497310821,1.0289094765739577,0.9992391898107404,1.5553726753140262,-31.507245076064763
0.9474271679775775,0.677890547544699,0.5779601990063294,1.067110175042844,1.0257957552351853,1.5553726753140262,-31.507245076064763
0.9397478442648554,0.7012012697532581,0.5414770425146247,1.0799251873063378,1.0407698378768813,1.593159758945209,-18.304576186472012
0.9930487530332662,0.7926743575354174,0.513983191894656,1.0574145022149881,1.0058763419082217,1.5973775979356315,-18.35407251639886
1.0478260501883583,0.8407605273238176,0.4960754033473803,1.079459058276477,1.0198010730580045,1.5973775979356315,-18.35407251639886
1.0950557014126905,0.8658204627993111,0.46802496392758874,1.0916644142148473,1.045647972606242,2.793933876623778,-18.33380900137897
1.0708744847448388,0.9013019217870202,0.4005538847626341,1.119670843859219,1.0327579826401163,2.793933876623778,-18.33380900137897
1.0803527486110176,0.9223351742472126,0.3688764982793462,1.1183065306591269,1.0648977310941707,1.6055779343633683,-18.393563227228306
1.135009923738252,0.8930383230542179,0.381080594684577,1.0694492525703603,1.0926617581844351,1.6144440465040475,-18.391266202625598
1.112355170496519,0.8331896341626721,0.38674478716346483,1.0508144663699204,1.0718443874230363,1.6144440465040475,-18.391266202625598
1.078562049177748,0.7906601471190446,0.43545254834112856,1.0615948070800214,1.0749188903774023,3.4291438115417243,-18.848507402501944
0.9708394701588142,0.7886915197536903,0.3794150162195461,1.0915525083507458,1.0257174767113033,3.4291438115417243,-18.848507402501944
0.9465134558581554,0.7963259042524273,0.36503251303839324,1.086184285295991,1.0726113878750159,3.462841669481432,-18.73228822967864
0.9298196135258101,0.7711654106216845,0.3761205123125536,1.0750408907467264,1.049616219765456,3.260631081828615,-19.89163776574678
0.8889439871862443,0.7022020476491635,0.38209687413079463,1.0409957049218448,1.042878726117134,3.260631081828615,-19.89163776574678
0.832298573685657,-1.239114626166299,0.45589997942972804,1.0514560816865772,1.052304787686722,0.5063562074284338,-31.47636879358249
0.8671170758872462,-1.3808370267223682,0.6262402139134016,1.0581227743741246,1.1696755316187548,0.5893390575555761,-32.12954962339204
0.8054037168291076,-1.471244424257376,0.658975013038096,1.0426320365385442,1.0917151940930516,0.5893390575555761,-32.12954962339204
0.77541741293326,-1.4569193572239318,0.6883780851642183,1.1033764802160226,1.1167788493602284,0.6422209812168935,-13.487918132932865
0.8884447058001742,-1.2765020497115844,0.709247302711644,1.1166641633194188,1.0755297863470417,0.6422209812168935,-13.487918132932865
1.07850930118165,-2.1361581353969257,0.712021802602693,1.204346838718333,1.126737741385209,1.4307831545552956,-9.18404989525046
1.2164597091475757,-1.941545735677943,0.6908119910960495,1.2985264727367367,1.1735787035181238,1.4790236395666327,-9.325551844668066
1.353795422933223,-1.7683887267383454,0.671164477579078,1.3496987985173814,1.2308495198010476,1.4790236395666327,-9.325551844668066
1.4589802251589767,-3.914746340004073,0.68030153304645,1.3834244666172775,1.30177775747197,-0.1278657706882751,-8.832280123945232
1.5844808557608758,-3.883602853645,0.7259918164703434,1.3576520321802141,1.3681577620949494,-0.1278657706882751,-8.832280123945232
1.6064056483653004,-3.9585846075896756,0.7440824882166901,1.3873775775160184,1.388828531532742,-1.2965915578128087,-19.120113299175742
1.6130951018561814,-4.083812440053566,0.8182608829520382,1.4441588911964376,1.4863366532203721,-1.2859402287911836,-18.79960020685478
1.5942677379505572,-4.114052178999991,0.8329687537367858,1.4488646178779323,1.4726801454460485,-1.2859402287911836,-18.79960020685478
1.5878988908243294,-4.089529015905945,0.7149830741803755,1.4870717940762663,1.4970397503406956,0.492964373070923,-16.05666694662123
1.5437200944466112,-4.023862110709024,0.6431356674248029,1.5398025792628167,1.4694729628254364,0.492964373070923,-16.05666694662123
1.5839550218764897,-3.9624259118527387,0.32777661637598543,1.5315074503753965,1.5327718170840359,-1.0829750827216762,7.3233710017222275
1.8287368490837448,-3.8515681517487153,0.3591488359913812,1.399482834436626,1.5420596829084543,-1.0705604874462946,7.186623757938211
1.9294572775690133,-3.8232238021343825,0.4089182777360481,1.4434378724924735,1.5570276738522792,-1.0705604874462946,7.186623757938211
2.0133671697712026,1.5226505700491528,-2.0241269484452724,1.450469829660122,1.6096313146700105,3.620874858118788,35.586369378827
1.9382517452094947,1.7505461179051132,-2.130492239415478,1.509609731137069,1.4748868365509324,3.620874858118788,35.586369378827
2.023793175641532,2.0096073136914985,-3.7075158499741625,1.5466681225790508,1.592477643978098,4.51103289818317,66.68566845400228
2.1374118500662966,2.176831290234965,-3.7835201565030485,1.3963718241729628,1.5058812792696157,4.549549033285675,68.0290906895842
2.1527496174691056,2.148733379292306,-3.6330971528032814,1.3746755286962529,1.5279707237340876,4.549549033285675,68.0290906895842
2.0730140657303666,2.0097669215820075,-3.5140641894451092,1.2933693526475232,1.4983988706810147,4.575122874496724,68.84061287663958
1.9142129502823393,1.864900262972982,-3.3060626074615276,1.2126080009620368,1.4342643887272095,4.591890960043481,68.87016845584917
1.723806814714595,1.6867367672235078,-3.06518161300873,1.1387555827199316,1.3456298570468108,4.591890960043481,68.87016845584917
1.5393175892936841,1.5282663286625189,-2.8170147411418345,1.0588776047911306,1.2440937327723636,5.956596035541108,68.8366800633056
1.3112714085560682,1.4146087621729015,-2.6282659532819554,1.0287867005469278,1.1044299952143959,5.956596035541108,68.8366800633056
1.1739043416678032,1.3431879615606075,-2.414672276189958,0.9605987118759792,1.0200477271072241,6.189429174213851,68.63050302681884
1.0642960482745683,1.2793960207102413,-2.1933139281848937,0.9055505043590346,0.9002093174951289,6.1633190591461195,67.52921799282016
0.9739652507287085,1.2146844377039412,-2.0304513820951122,0.8664633910042626,0.8101959862113742,6.1633190591461195,67.52921799282016
0.9080170172959454,1.17020511351171,-1.8276952021600188,0.8251057444402927,0.7131305839362689,4.510035619834961,66.27306339519997
0.9385851366366769,1.1242403193118795,-1.6423295750978746,0.7803144331882071,0.6727593076948482,4.510035619834961,66.27306339519997
0.9347674433353131,1.1148509294632176,-1.4674986891946122,0.7718414173196528,0.573340685025854,5.342793594386852,65.19333603638765
0.9094117200871163,1.181177667390835,-1.3175821385204163,0.8168006670968075,0.5153673418128317,5.306994404379022,63.62488017158946
0.9598026160731503,1.2716372731728596,-1.2741148051135576,0.844944568307597,0.4956950343857336,5.306994404379022,63.62488017158946
1.034877926197042,1.3726624336046371,-1.209292972869721,0.839503858066829,0.46592227330549685,6.244449500740961,62.400431583816506
1.0534519648105252,1.4432617256472495,-1.2544905206759318,0.8673156398267259,0.4341626635242293,6.244449500740961,62.400431583816506
1.096482347980124,1.487709366342946,-1.2125585743600233,0.8645195663100143,0.43756771122326477,5.652907285729826,60.822415717426935
1.1500508113110905,1.4789810280413513,-1.1532044432402275,0.8306056171503277,0.44022158214335216,5.607652099723804,59.12776763266389
1.1492830413824104,1.4235159647460092,-1.184548263846352,0.815684052644251,0.428566631393803,5.607652099723804,59.12776763266389
1.1320374910247295,1.3738044575612978,-1.207827583653902,0.7759859398868247,0.4159698914163221,6.255361052510732,59.05190569510855
1.0896883591198225,1.3389002102455145,-1.2572274820415472,0.7820521012040156,0.39400782386579647,6.255361052510732,59.05190569510855
1.0796385732369904,1.3211253466783344,-1.2898232648584933,0.777404953145088,0.3998527990340426,6.2918996988389395,59.008541820383336
1.0764939452769067,1.3135910876907748,-1.3251942363287401,0.7208547779168295,0.39066487810625006,6.280370278821274,58.888317746202645
1.0647548266557993,1.2808483627560252,-1.3478340831495994,0.7110933069084795,0.3884560297518749,6.280370278821274,58.888317746202645
1.0538658879408314,1.2564212805899688,-1.3649740019812513,0.6544436852634565,0.35597204169063357,4.221049611343191,58.68089941649723
1.138722016447425,1.2173441369540317,-1.2942074285246707,0.6176765775609099,0.39926970094177605,4.221049611343191,58.68089941649723
1.172487607475467,1.2266234452736144,1.4172010613143908,0.6018354560664083,0.35731313275237153,2.8720532360231994,6.613053585058469
1.067479685896474,1.014045796410559,1.4513413848059913,0.6679337909958956,0.4788636294224464,2.8115774836917335,6.409016816620994
0.9535229016462197,0.9487539014723342,1.3496220170740438,0.620373644841474,0.4324403655767941,2.8115774836917335,6.409016816620994
0.9027033104552801,1.027883866923165,1.2722310766251084,0.5976785853548968,0.4074548775443123,2.798527280344337,7.392251205444164
0.9614107464113566,1.0839365827230214,1.1398731406921796,0.5814401423952336,0.3942131471079948,2.76485361121804,7.1543619794334035
1.0440385417365272,1.1510439800051107,0.9889530146561571,0.6238617734943718,0.4341383123567626,2.76485361121804,7.1543619794334035
1.1530229193830133,1.2545360040916367,0.8266171691975099,0.6298064358133795,0.48592806389803167,2.7570548600663622,5.490947207372551
1.2552972038457377,1.323920722726291,0.6609889728245879,0.6732418972635645,0.5543845537376413,2.7570548600663622,5.490947207372551
1.3515126700229456,1.389884628437138,0.49772898761507367,0.7033772771123543,0.5958574554192186,2.730811428333457,23.166930356438954
1.4945615659316127,1.51944492001138,0.36721511109053395,0.6359207473188742,0.6305894196430597,2.6923529904601446,23.104130715689983
1.612474377469566,1.5954706832248347,0.27770904630249604,0.6842543020455965,0.7062021839074162,2.6923529904601446,23.104130715689983
1.6937783322241562,1.659763345356789,0.1939997871744077,0.8395086855932975,0.7825727984480257,2.799524190257272,-2.4847716742011894
1.6382195305470915,1.5339893854954114,-1.230101933941753,1.0072090935642164,0.9236422332173482,3.587367218255916,23.926252576117424
1.6122413449966373,1.6004991776386246,-1.3353967938095466,0.9316564147415003,0.8848504969916257,3.587367218255916,23.926252576117424
1.6077580905446218,1.5752814837480122,-1.3021006161832287,0.9497314344662295,0.9258863588845416,5.546942816337047,30.99386126809217
1.5244531041398033,1.5692953609682545,-1.4027407049951368,0.9439175619348135,0.895366841280225,5.546942816337047,30.99386126809217
1.4796740545534188,1.5382413502267025,-1.3532996190697375,0.9257400191219926,0.9386431257674518,3.5133232869319926,29.90561061631894
1.5109114119946767,1.4268572977466658,-1.201269303298253,0.8195295668021664,0.9691327475596566,3.4635083079952524,28.451617291209395
1.420008762168687,1.2861194651177617,-1.1277780184960018,0.779783418966884,0.9191704398190523,3.4635083079952524,28.451617291209395
1.3118291010055074,1.1968909524564262,-0.9598091022539226,0.7592751019045624,0.8964758229828285,4.929840430104059,27.168752701240866
1.1734666306036192,1.180691198803211,-0.870790158642349,0.7837681753747434,0.8293537960030938,4.89611187582742,25.94217128827304
1.1226767815940053,1.1942635006324147,-0.8221909809336594,0.7799750419371398,0.8311222612758694,4.89611187582742,25.94217128827304
1.0980825388899411,1.2012901797478153,-0.7152241278149988,0.7349422107951592,0.7872769808697,5.323826124786094,24.35135213362309
1.0402559648402967,1.1841200279209283,-0.699100587128509,0.7228384990517174,0.7525922256546436,5.323826124786094,24.35135213362309
0.9951786316046275,1.1614785202512672,-0.5775942539132634,0.6664875480672566,0.7223625660430246,5.243710682642632,22.35395411971367
0.9519089972733895,1.1206261186635675,-0.44243218454127453,0.6197303358845266,0.6932367026382502,5.166894664561372,20.06826351076454
0.9060382656064087,1.066286379277837,-0.42587760954719234,0.5978884124687616,0.6665233002364356,5.166894664561372,20.06826351076454
0.8658519832649756,1.0296305543347781,-0.2744754179735107,0.5582711378750742,0.6186174391769271,5.064701109473773,17.252553250418266
0.8320004393968312,0.9938616417350301,-0.10811113005026529,0.5025721358299512,0.5811753705829467,4.927428112052087,14.093905880863055
0.8083366515548575,0.9600652050075309,-0.10697031377930388,0.49555593247305085,0.5652379920852516,4.927428112052087,14.093905880863055
0.7961196181010434,0.9660184883894932,0.039047417545753804,0.48959836733439954,0.534899409150797,2.8481256583290797,21.552840217096826
0.9327243180405453,1.0072045276691164,0.2944196066333409,0.461948615390525,0.5502518150337545,2.7702296352563263,18.011314711793723
0.9939549628010098,1.0264360019729355,0.3228608561489681,0.5007446640906941,0.5249410814652987,2.7702296352563263,18.011314711793723
1.0544337534081827,1.1096911844393018,0.4938621489311922,0.7158685889727627,0.5782717651535668,2.8295031338031764,4.772989469762848
1.1004810920033294,1.1824912309344464,0.4678141144679848,0.7923610873840894,0.6193387875454136,2.8295031338031764,4.772989469762848
1.1603947815176674,1.2026089937764,0.559277566527139,0.9110793611032059,0.6881718588235697,2.8186815926602833,2.381564967039038
1.163806701993066,1.2862302136489445,0.6283414814700822,0.9872706552231927,0.7166386788747818,2.7322569474939993,-0.15755285992494458
1.2096032527332807,1.322051630512558,0.5429434956368275,1.0006973446844376,0.75404872035977,2.7322569474939993,-0.15755285992494458
1.2384513522090714,1.187641610592601,0.5775178122903394,1.0436453426834689,0.8109310203725488,2.635502622453589,-1.8224587005282091
1.2215236966219287,1.1080090116217802,0.6131513534071413,1.0878585113328816,0.858154518674836,2.5338679675687352,-3.6985007896122903
1.2299382285285627,1.0732148641691057,0.533487333641777,1.0912465570308658,0.8921773193573619,2.5338679675687352,-3.6985007896122903
1.2004657604341422,0.9808328970176559,0.5587067107904131,1.1265334147142585,0.9376872594457848,2.4622016603201677,-5.19970613168442
1.1978505325474273,0.9468023806201916,0.4959577785317244,1.1331257045299958,0.9690580281260094,2.4622016603201677,-5.19970613168442
1.1944773825270016,-0.19399431999719952,0.5274106955904561,1.1641765797898727,0.9931432875842634,1.715896436887121,-2.799443339966763
1.237986837336467,-0.11268836187157544,0.5898808987073034,1.1833907786359055,1.059529992960512,1.7903689190672667,-4.4946373077223125
1.247245229267562,-0.12177920654884106,0.5589246531571096,1.20293761636261,1.0735902795911045,1.7903689190672667,-4.4946373077223125
1.2581402644583741,-0.016786504262210455,0.5996505059322922,1.2329659112027582,1.110504478753274,2.0068643654297853,-6.04147771845149
1.1984234422947253,0.0643111567680904,0.6250884683722449,1.2866957169866164,1.155780423550743,1.9900528419210133,-7.137592636684045
1.2124651702158924,0.09436077418840827,0.5903547425051947,1.2997921563589985,1.1870078989867219,1.9900528419210133,-7.137592636684045
1.2084441607239897,0.17293370155702104,0.6035061885533585,1.3114674592869358,1.2085984780268269,1.812299435479762,-8.228586027467534
1.2083229421107369,0.22834445893028044,0.6194326413218075,1.3321036450558288,1.2371283604865548,1.8350760401119928,-9.139251966161416
1.20017912704022,0.21922975911727405,0.5916197442809213,1.3323308352556145,1.2495085690218994,1.8350760401119928,-9.139251966161416
1.1720614596312742,0.2559513707507068,0.5968591985292775,1.3349620363096655,1.2840783654841117,1.8621566964005583,-27.67586067222514
1.0938111724580675,0.15939024015460046,0.5563172719145731,1.364359596973635,1.3267869211539605,1.8621566964005583,-27.67586067222514
1.0008799347948618,0.1094129792202636,0.49338963375179884,1.3302628266693193,1.324334419060246,1.8541930074140378,-26.35443469449135
0.9455127592296448,0.08679251312175207,0.447726391390349,1.3088807655026946,1.308878823381458,1.860784143552304,-26.399347433296093
0.9125761919681618,0.04253275886451813,0.39863445711727924,1.2985422355979277,1.309503858907337,1.860784143552304,-26.399347433296093
0.8959372238131058,0.01015883976636811,0.3508661423803842,1.2961495268792165,1.3122685805574585,3.825207202468609,-9.74843217992227
0.8637329387430829,0.08941015908753763,0.24626626070744972,1.3014720692580912,1.244125700841404,3.828721211202959,-9.752964004262635
0.9089355742602676,0.14612250003734423,0.2152633288511835,1.3240211916064752,1.297381597434076,3.828721211202959,-9.752964004262635
0.9441536992825252,0.14918315724518505,0.19100133702251965,1.2888100834471652,1.3056411420761413,3.4703091592130795,-10.232040094067662
0.9427953153681289,0.11127214031946553,0.19816151692894968,1.2600832295879307,1.320314476167471,3.4703091592130795,-10.232040094067662
0.8789247879802115,0.1004174619856888,0.273056805351505,1.2320081677981871,1.3015145415984,1.828795300686676,-29.47530071431533
0.7662048262408467,0.0009880178003125462,0.42196593750739464,1.2195901253821326,1.3649775308826468,1.7726720833202751,-30.88893076954576
0.6581091015634928,-0.10867416397413154,0.4394284945629262,1.1770383243563134,1.3058265161165163,1.7726720833202751,-30.88893076954576
0.5757440920190363,-0.06775767247287345,0.47912438457836787,1.160566973137499,1.2745239639393728,1.7955716043980452,-30.047373404018387
-0.7911428536664719,-0.005989578456195743,0.5105631658897762,1.095106395590278,1.2248832714737197,0.3176360528245743,-28.175693248312285
-0.6847577864100691,0.043298962211720915,0.5585214522936581,1.093767213165532,1.2548771161334136,0.3176360528245743,-28.175693248312285
-0.6055727752253122,0.12429875162679171,0.5735006374326554,1.0654529334511942,1.2402334411623155,0.2692383057697132,-29.767720659362126
-0.521042782589666,0.24809322953813462,0.5749323743173225,1.0838421837095007,1.2411790741425137,0.19063869779749298,-30.265651895157486
-0.41221735640238766,0.3804806561018101,0.5373115285232181,1.1325554577796,1.274112159942253,0.19063869779749298,-30.265651895157486
-0.305365995138116,0.5174088523791422,0.5069589014273206,1.150189591771309,1.3116509394051805,2.1121541841913896,-30.791903467265577
-0.3047113853859329,0.6347733479171291,0.3668762077156994,1.213020858374917,1.3102932316952454,2.1121541841913896,-30.791903467265577
-0.2539919407335785,0.7096724105651431,0.3047999148550369,1.186773367735898,1.3438516540127625,0.06759356249233228,-31.75313624298863
-0.13234281218633653,0.6837392294493753,0.3175953309113131,1.0848895496282425,1.3595671932129734,-0.03681303005636982,-32.795312932187684
-0.14249652419054923,0.5846904760979155,0.2841474424362538,1.0636435913338842,1.3540925005443811,-0.03681303005636982,-32.795312932187684
1.1425427381710629,0.5093873607173744,0.30911740821115175,1.083500122560678,1.3114252538786821,1.243307428506359,-36.47869085558189
1.0730845727876406,0.47330349524292237,0.25511832048749306,1.1216572446426838,1.2656986458196466,1.2175104557610474,-37.00271224671839
1.0443233744729694,0.4599599340385761,0.2142702660032152,1.1231707914553628,1.3059011011243107,1.2175104557610474,-37.00271224671839
1.0421914304687219,0.4370512505350468,0.18568462827886445,1.101724610465371,1.2728772316379782,1.1793746141879922,-37.54971146554848
1.0153543269971685,0.3934198760640687,0.15811892044710385,1.0878979182643809,1.2842977686391501,1.1793746141879922,-37.54971146554848
1.0008094370117928,0.3467568468962161,0.14719442290468931,1.080123226275252,1.2818296953624726,2.9462858067063715,-37.77907044410415
0.8937161848253201,0.30960549724608866,0.0634085570882279,1.1084622989766566,1.2380397315646814,2.954132878426199,-37.74549165394227
0.8452559100128755,0.28686533061136954,0.028001532849283084,1.0880652714420287,1.263250036571354,2.954132878426199,-37.74549165394227
0.8044382138505349,0.2259700066913627,-0.006937048795936818,1.0423792776322407,1.2329394898674924,1.1952462611083607,-37.838495654743056
0.8303193693626717,0.10057428779843813,0.08353680025249721,1.0054502642884304,1.232426593260561,1.1583356098780806,-38.4586459746135
0.7763424760840122,0.005543789409343081,0.117976559566912,0.9821670799457449,1.1795268621706159,1.1583356098780806,-38.4586459746135
0.7525249803904752,-0.04678564145498032,0.17297724189972286,1.0257694867657217,1.1727554562955524,1.187317571037033,-38.48891494642228
0.7508963390954033,-0.046573152937819495,0.20553064659118858,1.0514151221841823,1.1551014448812802,1.1744101984651216,-38.44446924169033
0.7783932427389276,0.016874747286082847,0.22394226020990704,1.0734306500813706,1.1543090421585764,1.1744101984651216,-38.44446924169033
0.8299098410672414,0.07118091392577885,0.23302442282389768,1.1029069760966799,1.1545908301234349,1.7180555128906674,-38.43869303344897
0.8525424352337113,0.15194037780530878,0.2062297590320814,1.1280723007737667,1.1481051108949218,1.7180555128906674,-38.43869303344897
0.8932963859161469,0.20965537822149327,0.18766366227763642,1.1331726326399165,1.1644460393686356,2.9332867247467584,-38.47402613412877
0.8722977213911729,0.23084195159163545,0.11169922782706787,1.1630542890776794,1.1381818012706373,2.9406637462368126,-38.41066563071535
0.8664844443035484,0.23634004092281213,0.07099664311270826,1.1458241147574064,1.1613765222681993,2.9406637462368126,-38.41066563071535
0.8590550412570364,0.1903701207156181,0.04519799280943326,1.121623680213799,1.1496823427334621,1.1966966149416525,-38.692060658953835
0.9050044074102174,-0.03432923750732597,0.0949440752740045,1.0797221131508477,1.2132527459900615,1.1900299830931305,-37.98168823847657
0.863149278083346,-0.1314568547085836,0.12210581737226045,1.0568659739444721,1.1638297605619141,1.1900299830931305,-37.98168823847657
0.8353183149805661,-0.3355362192561582,0.17231342815772344,1.0984433886300382,1.1683190208263072,1.2022544515460734,-37.41394840899004
0.8379876055481937,-0.3181795207347625,0.19981123957086067,1.1160027659691545,1.157014486110995,1.2022544515460734,-37.41394840899004
0.8802730421676717,-0.37757668187635485,0.2166403221608615,1.1423958720543617,1.1895247855754514,1.4824331899267325,-36.82352044422135
0.9157002154320042,-0.42514468236891156,0.21127366317151286,1.1695391102371633,1.2085330906577334,1.4407256811592832,-36.218796062323136
0.9653122912402072,-0.35323374504313576,0.20893426122008774,1.184889753389055,1.2223003566053008,1.4407256811592832,-36.218796062323136
1.0131402143510666,-0.39336581828602396,0.18486877568355786,1.2106659172245497,1.231345754967402,1.9036454978991033,-35.60299808914047
1.0255153298176465,-0.4259261924570026,0.1545612959948479,1.2211760603016046,1.2331293739956608,1.8699824020510984,-35.29137087907283
1.0396389082755477,-0.40901698714929424,0.14035172924206707,1.2178291449069683,1.2473867392373172,1.8699824020510984,-35.29137087907283
1.040984733413549,-0.47538410851379675,0.12836305096441714,1.2044651441085499,1.251448973618488,2.9616904618654067,-35.12136837499703
0.9841131474535956,-0.5343705299972971,0.04540258760677984,1.2126761882029362,1.2507006887650904,3.002556784505243,-34.17828091848439
0.9494335624759964,-0.5646062540472367,0.029737351877275442,1.1918099947711722,1.2603118042674613,3.002556784505243,-34.17828091848439
0.9132438280466788,-0.6514507111035862,-0.04826288124875111,1.1556153717392448,1.2824701798264717,3.0403689379608343,-32.57990660160679
0.8618496519568241,-0.7242224699600335,-0.04066551816938446,1.1226626576677037,1.2633617617555932,3.0403689379608343,-32.57990660160679
0.8070872187923379,-0.7951021878923388,-0.19033805549679528,1.1010449743627573,1.2492772994418098,1.1746980436837156,-11.197328990564921
0.9901686791361601,-0.6845934386840323,-0.547137897034226,0.9770503862631441,1.2486230463075547,1.5366573204368459,-2.2149129689659013
1.063879977104478,-0.6229135079943362,-0.43578917541015383,1.0082068400618776,1.18559789947825,1.5366573204368459,-2.2149129689659013
1.1683434938962853,-0.4649132298410741,-0.4117456518478301,1.0686261244225508,1.2249537027206636,1.6473086070318015,-0.5218127951464973
1.2662471564077267,-0.3171242414245743,-0.3184074547343366,1.11636348839522,1.226990837082692,1.6473086070318015,-0.5218127951464973
1.3570300964271722,-0.1031928478207538,-0.19391837736605577,1.1588338580490862,1.2472607963349045,1.6766604407128867,-1.4151797740371614
1.3978208051051868,0.08105115865405356,-0.07080572916856753,1.183077585070011,1.2559124839037645,1.6721717107758725,-2.6227097343822248
1.4324992127992178,0.15198736053030676,-0.011860489995079382,1.192245103906291,1.2600332394202405,1.6721717107758725,-2.6227097343822248
1.4435483462107348,0.24163227626379088,0.07263643073518417,1.1813598871657014,1.2738172709895137,1.7161088174659547,-3.4166266862466306
1.4299064731477467,0.2311034593341079,0.11505997092750214,1.1747506802955439,1.2652977678652488,1.7161088174659547,-3.4166266862466306
1.4035026599945057,0.25475346200197446,0.19625823650943836,1.1639348760479267,1.2556832317050532,1.731122016528965,-4.458042272013393
1.3574198612671515,0.24684315941895751,0.2543140545425909,1.1530779607136947,1.245514911854277,1.7332858631275556,-5.058391010135496
1.3242034480287845,0.19006572918225592,0.28414613008875045,1.144437242927149,1.2345399197105018,1.7332858631275556,-5.058391010135496
1.2976702985630821,0.16444144250539067,0.3309602949873771,1.1277696889586488,1.2224101448223208,3.7320943669304283,-5.543123170244414
1.1790861225369365,0.1655607240197216,0.3032361386048224,1.1541012804404858,1.1670285030355667,3.73233877300993,-6.1931364065596375
1.1405357803005234,0.14210825417276496,0.28930376467115815,1.140716950510969,1.1918204071286467,3.73233877300993,-6.1931364065596375
1.1084505228669361,0.10884416733926389,0.3125904156072399,1.0905645507378192,1.1621843228050492,1.7268644172039904,-7.2766673753981435
1.1400863405953945,-0.007753074239400359,0.3917181226914046,1.0242995043578527,1.1940813691452212,1.7268644172039904,-7.2766673753981435
1.0550011692252639,-0.05637568604502419,0.46807198826140295,1.002027858694957,1.1371977674796143,1.715410655033792,-8.099634435919372
0.996369770514437,-0.05948807472573492,0.5650060828250706,1.0330033813224482,1.1373844756233977,1.7135866947289555,-8.964877523929475
0.996358722378702,-0.03866188515101476,0.5939448631459868,1.056692985809406,1.12515064970309,1.7135866947289555,-8.964877523929475
1.0104306847430826,0.05854720118764056,0.6317566042970545,1.0854082082280057,1.130792549096257,3.7104708359921768,-9.509324712656055
0.9635311816701759,0.1514208071354083,0.5504401454569038,1.141444971508779,1.0896942502052767,3.7104708359921768,-9.509324712656055
0.9846501456228052,0.25779805913372145,0.5323260432223766,1.1490179741207607,1.1348993687108875,1.7045936997360478,-10.109208826195529
1.062772006611998,0.29725584321033943,0.5964716087158854,1.0812759523110382,1.1747180493341032,1.6639621360039047,-11.089288565140992
1.0625277704400478,0.23906125251934568,0.5911142880198318,1.0649585951672618,1.147204387429285,1.6639621360039047,-11.089288565140992
0.9563401152263724,0.2555185806301359,0.6562590121569487,1.0906352750611013,1.1595133653119534,1.5947059517858362,-30.04547950160258
-0.5500670330717534,0.21596750331435088,0.6636226696626893,1.1361313474803552,1.198845181564609,0.11896109532145482,-27.735737452640933
-0.5070006686286737,0.20868611162900919,0.6752240540718317,1.0488006654714368,1.2263421991635948,0.1191452459981086,-27.961822199598075
-0.504765360914899,0.20969444409351368,0.6588970547798669,1.0621287303422964,1.1955148093959471,0.1191452459981086,-27.961822199598075
-0.5232598346938584,0.2432643202047715,0.6509244291612406,1.0923184413489395,1.220024668448215,0.050821937014216,-28.239477650124414
-0.48357097668667,0.3187584791889111,0.6003287436227862,1.122628742767552,1.242212941669617,2.013595947049628,-28.188120575537475
-0.4965609423819517,0.42112953066355485,0.45984896937061004,1.1925044713913,1.2343150830346048,2.013595947049628,-28.188120575537475
-0.4632833391904689,0.5124704394056817,0.39035814747542286,1.165402947705138,1.2841540161549296,1.9066587210276853,-28.910281727577022
-0.4895642803686242,0.5385074668741422,0.31312145399439506,1.0562820739415075,1.2763253542772062,1.7133370185229633,-29.64482579974617
-0.48740346899536163,0.4901635026501755,0.24056651493297143,1.031683726814726,1.3088791640361992,1.7133370185229633,-29.64482579974617
-0.7346518162447306,0.43948781058890873,0.24768871188766373,0.9682826170726624,1.2456433496649986,-0.6406237813882258,-30.983355286775613
-0.6784132938506292,0.3319780870085479,0.30502636736875055,0.9171321004310207,1.3136084289288976,-0.6406237813882258,-30.983355286775613
-4.423725573491358,0.24971900226124344,0.35917816736251607,0.9172129488134304,1.178584450920853,-4.125317515421401,-24.720871429193426
-1.5234604346620821,0.24331593901509418,0.5763393994899719,0.9379490832252915,1.2221689631274004,-1.3655219010699589,-31.330057371984154
-1.5794848319633055,0.31271115542103406,0.5341083369655034,1.0700888440632945,1.1346486039577348,-1.3655219010699589,-31.330057371984154
-1.4057092912593752,0.4627582126410192,0.5626726797356916,1.2491689436170432,1.2225590030586333,0.18307069906046003,-13.87218139027612
-1.273316518167192,0.7660666821197987,0.4580658503253138,1.2718408748926007,1.173701386946739,0.18307069906046003,-13.87218139027612
-1.1153220083520023,0.9071156064225434,0.4560925755940015,1.3910956355421424,1.2716842235572399,0.11702903455023983,-14.29550596071423
-1.0047338207221403,0.9898907692840715,0.47966794668131096,1.4547674115586524,1.3580973208898304,0.179292308936585,-15.604750471201017
-0.9881184077059528,0.9832605438886439,0.4507880159254245,1.445579137577486,1.3986796890119078,0.179292308936585,-15.604750471201017
-1.025444105016336,0.9656439702168971,0.5427214870619923,1.4949587117919734,1.4987670171537972,-1.6282801211670284,-35.16113576658319
-1.0810396529568582,0.7586365745639645,0.6056678198564944,1.4669534245013578,1.5806065708855552,-1.6282801211670284,-35.16113576658319
-0.6000352964605361,0.6967114548439195,0.683057087977486,1.4929186560659047,1.63278772965162,-0.7606967628781769,-37.54375928219653
-0.7671060319649683,0.6452627305255412,0.7060349982517125,1.5651785796147555,1.6782813687759779,-0.6019778737854278,-37.614462590276595
-0.8447752501920012,0.5948826099916298,0.6917957493618488,1.5639456193482841,1.6748363799052903,-0.6019778737854278,-37.614462590276595
-0.8679365319553141,0.36940633053037886,0.6704676140426282,1.5900006880796702,1.7228850603750894,-0.6415028839048316,-36.5962101553694
-0.8655253005253494,0.3629118729541846,0.6473718689010903,1.588790518557548,1.7244710045491745,-0.6415028839048316,-36.5962101553694
0.6635134906370617,0.368030078445915,0.6177139787166388,1.5963961310620942,1.7677754826327714,0.9865666359512719,-39.41119155210684
0.7360073165344765,-1.0730144942673046,0.4851023635922027,1.6626076013400874,1.7497921138732129,0.24174351981015763,-33.51654024054582
0.7835988850430473,-1.0322400751386027,0.46151398619685546,1.6333811268588623,1.7926532212891402,0.24174351981015763,-33.51654024054582
0.8919907574466028,-0.9248290522116138,0.386384427650605,1.6086941922467628,1.7997521269934447,2.455338261189849,-33.24827315349275
0.8298150732236376,-0.8672194838022659,0.2278670028250258,1.6377814459503013,1.7640102260555126,2.5935337065414203,-32.49320650563958
0.7806206479255837,-0.8805173481709285,0.182276433683636,1.6121131930721948,1.789590966963947,2.5935337065414203,-32.49320650563958
0.7876362449314724,-0.8584873982635257,0.13895254175597715,1.5373793844840582,1.7668230745581095,0.7099149572840844,-32.935450229252574
0.8483333110950866,-0.7874161038265912,0.2095487155484792,1.4202688228947418,1.7909416651509926,0.8856747600199442,-33.84046153439899
0.7530524490438908,-0.923025702844684,0.2490750680379319,1.3844322733549987,1.7197896909506127,0.8856747600199442,-33.84046153439899
0.7269381206719552,-0.4721710769372699,-1.4912048929280886,1.3639468071456058,1.7020316779934948,2.1824401515457703,-0.8170578374529107
0.7533597299296473,-0.3084933801768849,-1.4607410286947182,1.3324350156878584,1.5781308225795778,2.1824401515457703,-0.8170578374529107
0.8971592108288204,-0.16979612376724768,-1.2212566043658288,1.3599076254471576,1.603710715241536,2.121176133615945,-3.6498813099267977
1.0209427206493704,0.4683661152422053,-1.0816988089318154,1.3329359918446382,1.6130761944317065,2.4348725134827998,-7.4374782451560115
1.0363867393628379,0.5299885193084639,-1.023337430112542,1.347810741137779,1.6061844069306779,2.4348725134827998,-7.4374782451560115
1.057387244285552,0.7092651895590301,-0.9141509305539893,1.3042706791749765,1.5626906677335681,2.477948593433945,8.929078410520843
1.090818863507935,0.8798867242648833,-0.8261833377488123,1.210803037398784,1.4965899704573462,2.504089494270847,8.333772985300069
1.1020797000065212,0.8942880033912819,-0.7251976704407835,1.2136271698854892,1.4742358589527487,2.504089494270847,8.333772985300069
1.10298495326501,0.9111289204631016,-0.6214947048201186,1.2021310955776539,1.4513783974695742,4.525730999806572,7.869089869656998
0.9846960265100796,0.9142973632938973,-0.5982944356598768,1.2182546605281754,1.369072141618288,4.522283592095129,7.622633920499656
0.9310043381965565,0.8968535215004154,-0.5404229508567429,1.189214183708151,1.3667111301844062,4.522283592095129,7.622633920499656
0.8796397437831065,0.846810606973043,-0.43521837398732693,1.1050694140183266,1.304602217113813,4.49537819182638,6.309542967408324
0.7887069831360509,0.7286432220173695,-0.3687331824889253,1.0533756124736267,1.2572098959855893,4.49537819182638,6.309542967408324
0.7068377508325002,0.6134228811861194,-0.20435051412381466,0.9878078826275213,1.1927420814593472,4.457452394078277,4.407359696006707
0.6130523269830712,0.5366574095257289,-0.009434218007361966,0.9537901734227228,1.1327267831904195,4.414204576056448,1.8886036057183908
0.5307373894996108,0.44266620452606864,0.05666704926285171,0.9281711397177838,1.0793302267641245,4.414204576056448,1.8886036057183908
0.4813845203286351,0.4237986477580228,0.2550073935306692,0.8470852208057283,1.0247145348615458,4.330223938646951,-1.0660201012717012
0.46542990039858534,0.4277410663895903,0.4690360083357328,0.8421032603580618,0.9564492691431248,4.250227769321023,-4.650900386538773
0.4437902497035435,0.4101219982519022,0.4953794349378944,0.8405646358615662,0.9248133082030592,4.250227769321023,-4.650900386538773
0.44087369940034726,0.46526139320037574,0.6804177805141304,-1.9214246363614367,0.8666023978717114,0.25920589359927027,-10.47260290954008
0.629086588923435,0.43741415012288654,0.8309763767052246,-1.9673189044472017,0.9482285663274433,0.25920589359927027,-10.47260290954008
0.7181479289209178,0.49669473612081494,1.0262010208134802,-2.16310075117831,0.8685538332745036,0.0904637772800978,3.595401413505977
0.858645942547319,0.7149778912407105,1.236423040610386,-2.069845087018125,0.7636864611768986,-0.10507673002860995,-0.023139693398906758
1.0608139039837243,0.9417319532035895,1.2511119278574616,-1.9508999731960879,0.8092232558730599,-0.10507673002860995,-0.023139693398906758
1.2859367628445058,1.2133969926617805,1.3016830248562317,-1.5695990544665772,-0.2515784784422289,-1.4075041291591375,-8.225003578879459
1.512064417659701,1.3393283518846117,1.36822297362741,-0.8321292301332497,-0.009499907271721342,-0.8781686911134012,-8.227545814950314
1.6439282050669048,1.5016145334631354,1.270063336290067,-0.7710671330023344,0.028251786427525793,-0.8781686911134012,-8.227545814950314
1.6990656113908902,1.5440728203595926,1.2725076319299538,-0.22763005575664308,0.25794082495335685,-0.5226930462973041,-8.118862517553104
1.7022418665085035,1.6258795090581217,1.209095632196137,0.11275326097231284,0.43150997157863313,-0.26815727855497506,-8.051476350118769
1.7483533311466393,1.6503763180326643,1.0989727734888848,0.13552078678948729,0.5006598018328124,-0.26815727855497506,-8.051476350118769
1.705521074039586,1.6540828837957777,1.0064910261925524,0.353994150349635,0.6696989058131037,-0.02137305129364231,-7.245095910900162
1.6860477796587887,1.5866684104780187,0.9225797748851658,0.3468795579860828,0.7102006475787299,-0.02137305129364231,-7.245095910900162
1.6202121824889684,1.547508232170155,0.82587259577183,0.4967366013251701,0.843267532706817,2.234257215384906,-5.877279111876192
1.4683464469188987,1.5234870610132083,-1.29592138889524,0.6287397450394014,0.891638388467113,3.4710242650379035,33.28468282737317
1.4713597846543875,1.6342324725683124,-1.3491214243051641,0.5582565369256219,0.84697728226841,3.4710242650379035,33.28468282737317
1.543064041750092,1.665743473077872,-0.7880169910368335,0.6859516079009971,0.958673689627169,3.450081862882751,23.474411223606822
1.4836272108494832,1.5098014698689934,-0.7466783323002388,0.6552109695006367,0.9983544013674075,3.450081862882751,23.474411223606822
1.3908247719695663,1.3949513647713725,-0.13627285800455669,0.7304022415355509,1.0525424250417985,1.4449189088851586,-4.2591809929441915
1.3173758260661736,1.114474378805808,0.4485682651409735,0.8290221594689152,1.1846253971388385,1.538002031779886,-11.824677590119045
1.0537466082330402,0.8676171199606056,0.5305039537811786,0.7512091106302974,1.0830055610146285,1.538002031779886,-11.824677590119045
0.8794808577395131,0.7417188238381888,0.8502783332936905,0.8386247787150309,1.0521367308422989,1.6138191016674064,-15.678448883004481
0.7513246610963533,0.6743241365394392,0.9049380688124293,0.8288291129255893,0.9833188067196132,1.6138191016674064,-15.678448883004481
0.7063810918375397,-1.562241533304956,1.041157631207645,0.9072192017209106,0.9419017518860857,0.1751074629854199,-9.541031311298314
0.8121546119538351,-1.4963791358658183,1.1907217124743827,0.9548689908519901,0.9637517722806497,0.21097086045443403,-22.942338246883757
0.8560075472053285,-1.4699012881683828,1.18472318261789,1.0225920900220924,0.9600002460358219,0.21097086045443403,-22.942338246883757
0.8853981158927344,-0.8302648603962635,1.1609510349736585,1.1116163580538905,0.983451253766963,0.5553870857572867,-31.269406387312692
0.9380386680508399,-0.7263206690954032,1.0703353029413092,1.1956185181542582,1.0069781638276836,0.5813451151867515,-31.166011918148392
1.0121774468310933,-0.6238736001923741,0.9549694796740058,1.2158618098908847,1.0419640542246724,0.5813451151867515,-31.166011918148392
1.118520920057641,-0.5449182601055258,0.7943363367490005,1.22881723410761,1.0944907285958942,0.6670923167059271,-29.872766013284
1.1803577609956188,-0.5024773538725128,0.6704398239574314,1.2370025105681748,1.129017595175224,0.6670923167059271,-29.872766013284
1.251114203267775,-2.1044243242134426,0.5255099653677089,1.245115455618585,1.172633812381879,-0.32463680455273636,-5.737749107613432
1.4201439289845508,-2.3780325417728263,0.45121197515660993,1.1941469094640893,1.2105835938133707,-0.5101565343186629,-3.5321746908532865
1.549074095752308,-2.327367569677158,0.45112517888993875,1.2403920198169927,1.246532698427605,-0.5101565343186629,-3.5321746908532865
1.6582120096923747,-2.3708560567343615,0.45259496958936696,1.2993189235534195,1.3216688175689395,1.450803026728626,-3.1989772749830805
1.6358139712888378,-2.2776464560031746,0.3860582776733761,1.3710391067845864,1.3211266276585611,1.450803026728626,-3.1989772749830805
1.6646795213084544,-2.2028563101012746,0.3837938426911319,1.3938494696414259,1.4133081481960215,1.4050748625933211,-3.2685034430384374
1.6769217044334692,-2.1855594298155236,0.41973727299529673,1.3921596763677875,1.444850303177261,1.4426296076432723,-4.174699045552546
1.6222363479943382,-2.2472494152783593,0.4318099761318792,1.358097528845461,1.4507415385769704,1.4426296076432723,-4.174699045552546
1.4992704572745057,-2.2674602568626505,0.5271366331967388,1.3691332655735056,1.4780847256170306,-0.40643686351345165,-23.34130333638876
1.4218443906346223,-2.4799190852191613,0.6257715273931865,1.3350127027822882,1.5335724178257366,-0.40643686351345165,-23.34130333638876
1.211456596301538,-2.5646056944026894,0.6992171398151841,1.322008377506296,1.5131309591482611,-0.2695361470025066,-23.870530894007985
1.044500141244882,-2.562422901698684,0.601444930656101,1.3387315082465738,1.5012054353382966,-0.1663371492137249,-20.932661771948155
1.0140493308786274,-2.558254069199238,0.620676532673099,1.3456806880431615,1.470890278177797,-0.1663371492137249,-20.932661771948155
1.0826793747404335,-2.4492413047711086,0.6266892498996952,1.359676011796409,1.469314537864714,1.234639456904545,-21.270306507653544
1.100553284065168,-2.3731524642806803,0.5576112606783878,1.3601724027851456,1.444208186488709,1.2379490983608394,-21.373879277757162
1.1458504356081367,-2.2934086214076803,0.5104016457936169,1.3752722249909952,1.4803250147165072,1.2379490983608394,-21.373879277757162
1.2306986014531076,-2.253520951405741,-1.5379466112484614,1.2966740832634243,1.4785741788641418,0.8420552719388135,17.049555836422805
1.4000806026013883,-2.081339516743195,-1.5254958862164902,1.2145093705214036,1.428792723033256,0.8420552719388135,17.049555836422805
1.5697755386349135,1.023531408007651,-2.099191952330119,1.202501598237036,1.4192629330907556,3.06833870829331,17.953121314681283
1.5780418871599067,1.2699983730414963,-2.16495391471521,1.1840370733642378,1.4097727144057728,3.17119450197118,17.716431025756464
1.59593308297927,1.3365562220193816,-2.127936326018781,1.192137970641748,1.4575638970483886,3.17119450197118,17.716431025756464
1.609920755771811,1.4522934940316563,-2.079590651870305,1.0379608806125846,1.4008721268529287,3.1513583643890763,34.63684468834043
1.5959955199531157,1.4518132221681879,-1.9895674690865466,0.9555222735785589,1.3457886658222968,3.1513583643890763,34.63684468834043
1.5500546931567738,1.4499230210654332,-1.824913841585654,0.8665539723664539,1.3057351109931243,3.1332255788055985,33.6833614703509
1.4713762655659992,1.3931329399642356,-1.6902240496993495,0.8322456107132361,1.2735281057641832,3.1576792982824076,33.5007741504181
1.3824557653110137,1.3154242351061498,-1.547148894301252,0.8031333309898386,1.2195108505155567,3.1576792982824076,33.5007741504181
1.323314227384186,1.2599192514907214,-1.4022353550471536,0.7744291707865815,1.1520675693455475,5.163327480121989,33.34476720910217
1.1616122070927746,1.2376707235091338,-1.3489429646985658,0.7843280348404646,1.0457814761658613,5.163327480121989,33.34476720910217
1.0934463152559517,1.2266114365840448,-1.2330071924844836,0.7515256448897947,1.0191370959804862,5.147585970120513,32.7936467196008
1.0432487108980173,1.1806356645452345,-1.1288935779829001,0.6854964725997762,0.9359652698306189,5.121146102397248,31.94343251113001
0.9672555532356424,1.094451959999621,-1.0510396775404092,0.6394812078584033,0.8777795834027435,5.121146102397248,31.94343251113001
0.8895721820938406,1.034334373464656,-0.8882714549453049,0.5162540641454454,0.8043687129756765,5.029205882149668,30.04307744559034
0.8219997471764916,0.953943427581653,-0.8151781991076347,0.488480312265719,0.7495417049651228,5.029205882149668,30.04307744559034
0.7737009527792397,0.9035135797105015,-0.6388259101029597,0.4034939960681361,0.6789265034432082,4.91689419079107,27.64838160316981
0.7459643481826161,0.9048224284074167,-0.4543744450027406,0.3123710791879335,0.6011292004543091,4.7745707078826785,24.695759244769867
0.7293274751103003,0.883364907632818,-0.41707394525886465,0.3075114724169765,0.5661034937957952,4.7745707078826785,24.695759244769867
0.7535103911203855,0.9184203816069993,-0.39766184996216647,0.3053456162714058,0.5009473751249658,2.781721005348965,42.38321109237319
0.9323340546271073,1.0157140129092879,-0.29150691301795073,0.25332072016316176,0.4908078640411928,2.781721005348965,42.38321109237319
1.0577919512034544,1.124619638849244,0.07279159181769668,0.1756033671281012,0.43338214531802643,2.528476832279951,18.284977984790554
1.0977140035492043,1.130795458675859,0.2751475099342986,0.5536045496293015,0.5675184569048093,2.690019173721799,15.60611143658645
1.127368049514939,1.2158591031935437,0.23349322218740687,0.5797744611477571,0.5675063379043932,2.690019173721799,15.60611143658645
1.1796083956360182,1.2220577927153007,0.3200721593587137,0.7890546941346158,0.6207037344736216,2.7376045090145054,13.89820571548131
1.1556084048757305,1.1309813302867857,0.3592946426790732,0.8664073885269028,0.6490047520862054,2.5457769719335808,12.536967590682051
1.2116773161090277,1.1605653729456376,0.2795113783603256,0.8777893272198416,0.6822883551040732,2.5457769719335808,12.536967590682051
1.2270990776882909,1.0982533763373588,0.31061587842309357,0.9284804456253148,0.7405378087174528,4.457646339627539,10.79348815621297
1.158533467486441,1.0970116076681062,0.15101260027594887,0.9712779949801453,0.7295775253140429,4.457646339627539,10.79348815621297
1.1363796483075435,1.0241803030495078,0.150280149502807,0.9994808760639144,0.7985336772388059,4.418214294391228,8.974629308913572
1.092211067242582,0.8719330430019957,0.16624430356258285,0.9860338708429559,0.8232079437506121,4.31783288002429,6.968277470142038
1.031765091341793,0.7452354434553132,0.09289919254096413,0.9490697461091545,0.8404837403548785,4.31783288002429,6.968277470142038
0.9227758373173822,0.56365248097407,0.18241350590288913,0.9421461290405909,0.8663556498881265,2.244444590267757,4.69272203591214
0.935620824853395,0.4268999093349922,0.2323859257026903,0.8891166403579843,0.9133491297666041,2.244444590267757,4.69272203591214
0.8570959017722214,0.3330547545212511,0.3742536746587716,0.9168895949728311,0.873485178815882,2.1753577619993907,2.2445717075350564
0.8018117640650394,-0.8274775830654997,0.5299858689716713,0.9978745121074309,0.9204783274010958,1.409484585992816,4.294188061092803
0.8699141817254483,-0.7589245001091449,0.5593340020590047,1.017269581962062,0.9375532755238392,1.409484585992816,4.294188061092803
0.9155952216906522,-0.5199926529460617,0.6726072101858397,1.091530627157776,0.9510352273033003,1.4271934040034573,1.7438571160365997
0.9958506363558244,-0.39420908476661337,0.6567324399769211,1.1545823634901553,0.9900868905455539,1.4271934040034573,1.7438571160365997
1.084557472190953,-0.15835147276953657,0.7062271450602073,1.1955131656929479,1.051996274928804,1.4770182240133636,-0.19747316692153402
1.122530309157497,0.05134515170583978,0.7419765101048543,1.2708526395599717,1.0947817920097855,1.4841574237472468,-2.179026100453656
1.1786248906125767,0.12058581247094984,0.6773809891634659,1.291890099170176,1.1355126512454445,1.4841574237472468,-2.179026100453656
1.2131773101303427,0.24789467068746376,0.689511245367031,1.314736874491542,1.1905748641580516,3.526353605362938,-3.879445844134427
1.1261467141342445,0.25925312131720846,0.5464660470450231,1.3491823294797853,1.1738982800337927,3.526353605362938,-3.879445844134427
1.0478632049288956,0.3034217304917355,0.5359265428657629,1.3459300094491553,1.2342752902252605,1.5105712809859195,-13.838751169166532
1.069696281089824,0.24382107384599178,0.5949072014222425,1.282285939088613,1.320672813817011,1.5729102976011342,-15.490890597175424
0.9661389468775938,0.06284201038712522,0.5527339321879978,1.2341144943722364,1.286511990796448,1.5729102976011342,-15.490890597175424
-0.7056772826153253,0.020032544854743095,0.585618140782905,1.2334187953358149,1.2795055869274474,-0.02759113907838273,-22.931537651718997
-0.7114615454670632,-0.09105604026174174,0.6245201334603648,1.2202114853005113,1.3227252415624315,-0.02759113907838273,-22.931537651718997
-0.7093785059678855,-0.07993864910066217,0.6284782554004652,1.1740948129350595,1.2958048572550893,-0.012934204838007002,-23.561392530099365
-0.7804591434545378,-0.027726785531030584,0.6314172910821627,1.144193186132768,1.278633668938177,-0.19957365490548673,-23.88510999491157
-0.7091474759533509,0.0686336470397092,0.5994855284115885,1.1873889388223273,1.306674102229027,-0.19957365490548673,-23.88510999491157
-0.7310082326391478,0.20201146877456433,0.5714385287816928,1.1581362325959512,1.3172469829091624,-0.40400161329328244,-24.394230903752412
-0.6269550766608383,0.3204753736650241,0.5151989374181207,1.198992398335871,1.3669068150548487,-0.40400161329328244,-24.394230903752412
-0.6546651967884325,0.43335637914854785,0.4503069009887969,1.1486496562429345,1.4070376503644044,1.4144041375073377,-6.392292248220349
-0.6025774341354835,0.6144311830326471,0.34602487170639096,1.1388428406871067,1.3528390189018722,1.3434632677470582,-6.969962914492603
-0.5004855842669497,0.7232840452555425,0.2938291739828809,1.1776481015044795,1.4413837091204489,1.3434632677470582,-6.969962914492603
-0.43846344032251383,0.7366562068923735,0.26692522051565826,1.1201831332726917,1.4807089205795967,1.0993439231731776,-7.808268696190032
-0.5061592358415452,0.7297506889788601,0.33055921107147224,1.1022667402228914,1.4826196367896733,0.9725640157258582,-9.52336992840632
-0.5586215232574511,0.63871472752206,0.33726508415457224,1.0721680175965511,1.492542401329147,0.9725640157258582,-9.52336992840632
-0.5654553081204059,0.6181743712925184,0.4482541176994628,1.092574662873489,1.456886123782474,-0.0940634844754169,-29.795943401616405
-0.5720589114485933,0.5316225336662646,0.6006126790144282,1.1275684359476534,1.453490686348917,-0.015894308503538124,-32.48011454731163
-0.7159354852155796,0.3885167480452284,0.6040498378089658,1.0865821521864603,1.4104937563103916,-0.015894308503538124,-32.48011454731163
-0.8456670030517587,0.3941158132829877,0.7021325882591867,1.115577922054504,1.2843663552466893,-0.7998799132470191,-34.71190299888212
-0.9109018455428757,0.3528003831966249,0.7709293493283411,1.179935960248348,1.2694167366418907,-0.8449915606174838,-35.50072613471178
-0.913004022379815,0.34851782010307786,0.7611194058806543,1.195005855768697,1.2539941611238894,-0.8449915606174838,-35.50072613471178
-0.8262216862493298,0.35199748510878526,0.7766572443517,1.2893819043595358,1.268501133174592,-0.7859425595651959,-36.043981261643644
-0.7679497912844908,0.4323647578758162,0.7329511273183938,1.3267703209451611,1.2864718476715902,-0.7859425595651959,-36.043981261643644
-0.6758377991436884,0.4388474152513231,0.6752060575319639,1.3994640715081488,1.3608983403047887,-0.737474019282518,-35.453580609251176
-0.666439527826318,0.5266307553874564,0.6109786465163293,1.4531054908924737,1.4324059012905566,-0.7342149458041454,-35.09391018277612
-0.5992581538591881,0.5955055314881321,0.5446348154784659,1.4729486714772126,1.4687135590201656,-0.7342149458041454,-35.09391018277612
-0.5487305187447902,0.3205293933591636,0.48227828789717253,1.4884709936381795,1.5397433176265547,-0.8723993721775112,-33.7406816808698
-0.5060109766020259,0.34430447822460064,0.43150718362627405,1.4906996309053098,1.5731027891984262,-0.8723993721775112,-33.7406816808698
-0.4858085652206707,0.1312576329984596,0.39016097523095494,1.5157748489074503,1.628819861016983,0.8890704743917133,-32.79549775037701
-0.5622841511981288,-0.009756630395635457,0.2781130435454563,1.5492882521954696,1.6166585431045992,0.8076042484731036,-32.03410241919062
-0.5766313524398998,-0.014255721938538898,0.23141597721455653,1.535984821825692,1.6651828070439143,0.8076042484731036,-32.03410241919062
0.9913630568738625,-0.13577735273467215,0.15245020101578,1.5146183861119227,1.6914759594792328,1.1256300243875317,-34.262129278951875
0.9047712715488261,-0.23735444635924635,0.12483771562335177,1.487486771390077,1.6890041189492646,1.1256300243875317,-34.262129278951875
0.8929085156175067,-0.3652145980370792,0.04534558044844461,1.44665107670641,1.7046954812595057,0.7688967015462675,-32.71532426166273
0.9152790584168039,-0.45550926471184294,-0.01615261363474252,1.4004432082336697,1.6898996427547004,0.9139254223719169,-31.183508124578257
0.8429819340045384,-0.5309736993851981,0.013224223421219428,1.3761076133902965,1.6530757974159378,0.9139254223719169,-31.183508124578257
0.8410731476162909,-0.5281611025624307,-0.06732024424018501,1.365890763398975,1.6345313797645058,1.0590720391092203,-29.084010201719387
0.8113795770850096,-0.531671606603713,-0.03307197410670737,1.3575190322360111,1.603997030901071,1.0590720391092203,-29.084010201719387
0.8387242702651059,-0.5114081553541439,-0.12893507989851383,1.3368121968248927,1.6012911688988858,2.5587967652771777,-26.4947438996982
0.8070766750377192,-0.45675958675917994,-0.1545901384588403,1.3500365478695984,1.546313126120658,2.593387011415089,-26.554603102923288
0.8026312486240623,-0.4132999539433838,-0.14500732139860195,1.3439117455934813,1.555078049399745,2.593387011415089,-26.554603102923288
0.8213041580598062,-0.4131146551206557,-0.47847605452327724,1.2729322975224497,1.5253923118270436,1.3762664470510027,-2.2129607119043655
0.9346038756764289,-0.34548288695366014,-0.387068859146531,1.1826119775725372,1.4864451572653248,1.3762664470510027,-2.2129607119043655
1.0166345679758957,-0.4102492094876336,-0.35464953072963734,1.1744455591803877,1.453088888797636,1.3720678829373165,-0.5915745910725857
1.0769797595187787,-0.38588557298785237,-0.2532876446200618,1.203954718157434,1.4584233374661193,1.3930272813994433,-0.6544039626161169
1.1151470204198564,-0.3184929852295838,-0.15669921462784198,1.2288847821674282,1.4444396930611332,1.3930272813994433,-0.6544039626161169
1.1525723976408944,-0.9908959907171326,-0.06365068998240309,1.2430223039122401,1.4369609088217685,2.7950249961323594,1.9890295902628097
1.1224840984175428,-0.906712397526589,-0.020924927776651114,1.267272295166434,1.385844704678735,2.784883747104825,1.6269991255320666
1.1324223394850148,-0.8515175956575926,0.02957083213075551,1.2643530303356851,1.3953777118317596,2.784883747104825,1.6269991255320666
1.1293719143612353,-0.8336594850897201,0.10876461028123569,1.2264549938362401,1.3682359784724472,2.6833616540246843,0.658230115821092
1.0913657449484355,-0.892664900684932,0.1599964446925124,1.1941941139737966,1.3460769605870326,2.6833616540246843,0.658230115821092
1.0281906660116036,-0.9058256567948637,0.2893207374465482,1.1802786835192864,1.322612993995012,0.9289629217299185,-0.9869614042089561
1.018751460753708,-1.007218293096087,0.4868752105580719,1.1362310881780773,1.3491035595136394,0.8882189018145898,-2.266559613153984
0.9795849532533589,-1.0904420827853367,0.5637801513053072,1.1289286085535446,1.2885438428530283,0.8882189018145898,-2.266559613153984
0.9555900996151874,-1.104690682236284,0.7121761459074553,1.1902348756533,1.277912001852755,0.8742065145647855,-21.56742531785196
0.9128183675233368,-1.1466217658598132,0.7373750464028231,1.2518010880822625,1.2969597052966877,0.8742065145647855,-21.56742531785196
0.8636822184273489,-1.1243425038865014,0.7252868540654555,1.2471461140206948,1.2854161718502384,0.8281006558394326,-21.748378460340323
0.8967782265981615,-0.8593749580089426,0.7052221625128121,1.186359497921429,1.2712868531464667,0.9236866112622315,-22.828466809016536
0.9269714967989071,-0.8258913842069155,0.645263268603824,1.2020942758085023,1.2773000406176247,0.9236866112622315,-22.828466809016536
1.0057387586844242,-0.8604345347860718,0.5796923823418668,1.1520017312872664,1.2670191673097617,1.1897115041077346,-22.95196436235078
1.0370108064239572,-0.8368304281649275,0.4947299750347651,1.1682404686041792,1.2812685302796092,1.1897115041077346,-22.95196436235078
1.0951632014785433,-0.8657548588905377,0.4424352236266877,1.102512077319525,1.3076495385271905,2.734990545618127,-23.429807449383535
1.073514538681011,-0.8784047358564637,0.33883102252843367,1.0307975532442282,1.260735926846475,2.6193741248727473,-24.344734539973675
1.070766057524386,-0.8935126782519358,0.252344313849876,1.0195948587436618,1.3127628654792571,2.6193741248727473,-24.344734539973675
1.059226376246416,-0.9894119590777662,0.20026670430690785,0.8595692712166414,1.2532651705666165,2.2811349406317616,-25.33176554998532
1.0192648664342991,-1.0884977084095204,0.16177266075860475,0.8240804872999314,1.2693183924110232,2.2811349406317616,-25.33176554998532
1.0079728522847486,-1.257240927973011,0.1132868553485562,0.7463158858611769,1.1615436968287358,0.3282161868965603,-25.383018903652736
1.0972861724484277,-1.5419521410479922,-0.7594639279956185,0.7321968050235292,1.0408408668351812,0.5565580942122264,-7.4092665295587405
1.1280139246908658,-1.5102414510389086,-0.720589884995251,0.7098141417400524,0.9612508140503584,0.5565580942122264,-7.4092665295587405
1.2407082755924508,-0.23889669568740823,-0.7186271276355425,0.8502417526977054,0.9038920895096967,1.350011106094228,7.170351391202781
1.3481945591768265,-0.04398803928390482,-0.693623020433087,0.891504696494247,0.8824465532045009,1.350011106094228,7.170351391202781
1.5280215230820404,0.3720844759793128,-0.6842809881345358,0.9870393134558497,0.9089605504736198,1.5494031101967236,7.137148913118999
1.6639711667277934,0.5200130519214895,-0.6376950455681714,1.042499591621372,0.9425884967714404,1.6014339461692817,6.763680043478564
1.722414568855783,0.6204112634977316,-0.5992258583856109,1.0557417647534462,0.9652024398181303,1.6014339461692817,6.763680043478564
1.7432448130212583,0.6629137958134895,-0.5396264382696381,1.0485294912732404,1.0085571117773677,1.648151140667128,24.598777621272344
1.7870453873880514,0.7369250029270472,-0.4769625615269776,1.0017512995681197,0.970306442743978,1.648151140667128,24.598777621272344
1.8316295881334512,0.9730208923815218,-0.3446056231740535,1.0355266781559842,0.9987117886662249,1.8553473019955105,23.144120004931548
1.8097260384975897,0.9387759917614662,-0.1915133661926979,1.0791796309036863,1.0037112708503124,1.8550562451760593,21.703723697820134
1.7713186291514542,0.8971720828505778,-0.10391816246814281,1.0711789869190624,0.9938292994008725,1.8550562451760593,21.703723697820134
1.7032604949370964,0.8517172767834641,0.03159259063155598,1.0732831204308075,0.9998873621180135,1.8617730943674626,2.980767185676517
1.5845568483299903,0.7159381112723703,0.09621764802618021,1.0869246791715392,1.0052672991933649,1.8617730943674626,2.980767185676517
1.4692687847055819,0.6132112013150781,0.14933589074465825,1.0489448566756938,0.9616676441351967,1.8548722793077932,2.6093567049602218
1.3796867913425288,0.5364588848796776,0.17814301687192752,1.0213661107754857,0.9123475860625407,3.709526938001434,2.819328542466513
1.2318325959187186,0.4849156843985419,0.12598353965377707,1.0299146723034331,0.8336652162773927,3.709526938001434,2.819328542466513
1.1727312625539774,0.44516111489142973,0.14934976127395755,1.0362186681430068,0.8403232390850106,3.8515630484807586,2.109418551612745
1.1353793812069335,0.3843902026994887,0.17569747769044008,1.0157841608489702,0.8510150120177684,3.9033930587609635,1.1239046083566318
1.0812463924746267,0.29962238845287636,0.15527776443053176,0.98523430479393,0.8313426836712895,3.9033930587609635,1.1239046083566318
0.9626998956176549,0.24640446118251347,0.24462308808179267,1.0027534785818013,0.8666137878407605,3.9205184335445837,-0.40952559301568303
0.9083792848652092,0.17264453381065348,0.23705685871100024,0.9817009725787749,0.8426055378308641,3.9205184335445837,-0.40952559301568303
0.86535183555395,0.13838661344211967,0.3594451201730115,1.0219993338704672,0.9043814318925761,2.0232145445656426,-2.3762116192761864
0.42527636621521214,0.09232004103133995,0.5577542380237877,1.0427955972118892,1.0073810313552918,1.5892170182347414,-3.320084485786296
0.4440630345669234,0.06510473820294993,0.5971967636835303,1.0415435874499983,0.9692025442109521,1.5892170182347414,-3.320084485786296
0.42288127335783765,0.06825900163946608,0.752161174574885,1.093674046626175,1.043820507660791,1.562425373543606,-4.9522715522775425
0.4836498511200453,0.17101535769532006,0.7565008626529266,1.1461762594168332,1.052743383775196,1.562425373543606,-4.9522715522775425
0.5761703151935929,-0.893696707568501,0.8341528225946547,1.2205511935379216,1.1179084682712574,0.8235095734902544,-19.737276153007976
0.6852529044837143,-0.6676194965805243,0.8839823556892616,1.271372800506373,1.2212629409236782,0.9690208544810126,-21.707184958437196
0.7172711136868839,-0.6128302651744459,0.7984707619655949,1.2833274055973503,1.230460133522718,0.9690208544810126,-21.707184958437196
0.7869358205259824,-0.45980408672997686,0.7185648324150226,0.9012346706221213,1.2510749734041455,0.7856661631908128,-22.594803619679098
0.893505279600786,-0.6600698682651671,0.5949908330776585,0.8393475636404748,1.2253581815583667,0.5913674640763085,-21.56012969435964
0.9445409519776498,-0.6469735109763532,0.510781759245589,0.8466924866631466,1.258928942830825,0.5913674640763085,-21.56012969435964
1.0189090726820136,-0.6433891183359856,0.38370562192649826,0.8583120215376738,1.2055336620236943,1.7912690232721311,-3.548015896024561
1.0906510323079728,1.0348931736667046,0.23305349019822047,0.8407443304315892,1.0281121794493384,2.6434826699949934,-9.512879429366391
1.1091057445606107,1.0744025959153023,0.1484236137370304,0.9029057960815,1.0869807695152538,2.6434826699949934,-9.512879429366391
1.167933476494113,1.152678800556687,0.06268568050245715,0.8971771687924446,1.0458908994565372,2.987850366905505,-10.3346803456764
1.1299295981220587,1.1069055691253549,0.0024649537889891437,0.8680515976173296,1.0521514015068676,2.987850366905505,-10.3346803456764
1.0914000553473069,1.0739731735322149,0.007583510424372664,0.8616148466092597,1.0145489634141975,1.3814688641431374,-11.384376648339034
1.131311541965148,0.9874506461680412,0.10295471186295924,0.8454087904181113,1.0265390167383968,1.4671861106949775,-12.33915549506602
1.0400984019893702,0.8625861081490757,0.14274805117489642,0.8194041046600381,0.9803863962688069,1.4671861106949775,-12.33915549506602
1.0111483622040565,0.8420435208928055,0.2214503439465607,0.855477259079942,0.9693851609490189,1.5542996340976236,-3.676255449666863
1.0458676955075106,0.9105756453781828,0.33415683025789134,0.8895994131829551,0.934679991537481,1.6127086619268294,-5.016882212789319
1.0692891240064961,0.9654480123140045,0.38598405372582,0.9239906988153411,0.9355789837888945,1.6127086619268294,-5.016882212789319
1.1378975776838078,1.033176640875155,0.48706237543676456,0.979440425907161,0.9659035326059294,1.6683179542400381,-15.274343083439119
1.1381738553175738,1.0604951642079028,0.5014638603929218,1.0128574493777016,0.9838282957525408,1.6683179542400381,-15.274343083439119
1.1376670441638155,1.0597317151555967,0.5304117520595641,1.0298414651286674,1.0052158925614387,1.683778718669628,-15.846470572641543
1.1340637699575682,1.081752177362738,0.5475594100964272,1.0263202477214406,0.9952575936859802,1.6775428220009756,-16.329816715447606
1.1261408084459612,1.0772799127683435,0.5316037149800237,1.0181605105854536,0.9917487248567761,1.6775428220009756,-16.329816715447606
1.1222350224926179,0.9979307644952445,0.5171615686236969,1.023050969931642,0.9902808494473475,3.4690236951301037,-16.150190079789706
1.0304763459372681,0.9933494723617129,0.4278704960647296,1.0452208673179275,0.9458346491692546,3.4690236951301037,-16.150190079789706
1.0097401161950976,0.9803955898574364,0.42061972945297754,1.0492433162310428,0.9798904122797119,3.5562711899902144,-16.84296845813268
0.9841818765512353,0.9233552691902426,0.41224266639928353,1.030379947866395,0.9972196509771011,3.605986567065729,-17.533790423089716
0.9226675333455643,0.8288239735541711,0.38443523892208586,0.9933475053314775,0.987377131376519,3.605986567065729,-17.533790423089716
0.8765980067219215,-2.099222959210252,0.4623212577918697,1.009765142135375,0.9940043992464412,-0.060023439660437994,-8.599473865089099
1.016741967337123,-2.176697907803062,0.6202474653510712,0.9099551109025718,1.0407276786911668,-0.060023439660437994,-8.599473865089099
1.0375523102593103,-1.943721050022993,0.7893958456196268,0.9820981121733958,1.0139877758168514,0.18987341630627208,-10.853376205006452
1.0457920496779074,-1.8958143993037182,0.9475359004885181,1.1310196506567154,1.0874883373711324,0.24679000087444836,-11.80645793935621
1.1297493853742333,-1.735486946801874,0.987317638131184,1.2028829858346946,1.0989262043744756,0.24679000087444836,-11.80645793935621
1.2496826513296924,-1.542297400158799,1.0542843711197674,1.3052797385627328,1.1649207349055328,2.243237853504576,-12.665776075996751
1.274755059287137,-1.3515608588025751,0.9595175842524095,1.3825205745526548,1.1491491497676847,2.243237853504576,-12.665776075996751
1.3509911176479337,-1.2101347725814597,0.9573949367426691,1.432760007867386,1.2462843007417685,0.32023739555686204,-31.652956419406316
1.3820238253216162,-1.2740508745608299,1.003357219628351,1.446826701034877,1.3753772010828658,0.3247077264140734,-32.66239985139754
1.3181808383243934,-1.394399518992367,0.9337936306031484,1.3939654227164828,1.3508049552577328,0.3247077264140734,-32.66239985139754
1.1576140537474995,-1.4937431008876985,0.9176557688058151,1.4168131465896632,1.3912670134604184,0.31181457941102186,-32.51814844527228
1.1004753318965579,-1.5741382755364677,0.8576766844428668,1.4103764055871788,1.4056049894074016,0.3275716688575252,-32.184412081024604
1.0808768358298797,-1.626155356167671,0.8096418240156065,1.417247221875009,1.4166876432868698,0.3275716688575252,-32.184412081024604
1.0861952619785262,-1.648245068386282,0.7339155118109315,1.4326118488536086,1.4537444587557022,0.3698766187805629,-31.50332913037893
1.1077361052532197,-1.6418401068283308,0.6858818523972576,1.4485818721041324,1.4736535177513235,0.3698766187805629,-31.50332913037893
1.1804079031648715,-4.306604020896143,0.6118620505855393,1.46605546215149,1.5070283733831482,-0.06893326031026503,-3.0045246553673937
1.345608057326388,-4.210417923746346,0.5882534815727818,1.4280375595535155,1.4915375793774,-0.08761016424901791,-2.239531483827148
1.485698828087782,-4.0952321618181164,0.6277658237257109,1.4949864798653474,1.528446835341278,-0.08761016424901791,-2.239531483827148
1.5881890535701264,-4.00428190136424,0.6577595283631299,1.5513291947779242,1.598725941698325,0.69852426363852,-2.241256236872007
1.6262708250741413,-3.8968189388858003,0.6631928194796664,1.5983020208463927,1.616256464320198,0.69852426363852,-2.241256236872007
1.6566861207297359,-3.7646298803780485,0.7514204481330653,1.6521071105766851,1.6932021014906602,0.7700779310264456,-21.357304819490665
1.5399108896702243,-3.8267546517057265,0.8347903166696204,1.7054169970879318,1.76353147268691,0.7444139116465069,-22.631997464674246
1.4334801450773962,-3.913955149537794,0.82536467351356,1.6495588430340897,1.7558022730604517,0.7444139116465069,-22.631997464674246
1.271011837254103,-4.011731482084363,0.7081615721678669,1.631021728626,1.7429274797503957,-1.192028980828983,-1.920792975544143
1.338605414758643,-4.048109069151851,0.816774343415692,1.5305718457714248,1.7256139957086511,-1.192028980828983,-1.920792975544143
1.3949023202520077,-4.09928082606629,0.9101792474964039,1.5594462187563536,1.6848441151760636,-1.1514836034576066,-2.00117725022077
1.4503449499497536,-4.094658853500404,0.9977278209243634,1.6034039525081556,1.7124853979575125,-1.1329854613158932,-2.089433017328943
1.5129424608687563,-4.003462879564973,1.0610242304583624,1.6565004920195805,1.7219070657830395,-1.1329854613158932,-2.089433017328943
1.59434417057599,0.9358644181504223,1.1058774310451458,1.702694228206412,1.7450236261717478,1.9737672805440756,-19.98234635926646
1.4587316181085677,0.9945377682651069,0.989393324518412,1.8124782336311411,1.7235862971738831,1.9737672805440756,-19.98234635926646
1.4241338665707484,1.1096266545961502,0.9097169317436886,1.7804657183862536,1.8113638066284923,4.055306350974639,-20.04797767567758
1.286137145703794,1.1321513149347908,0.7362258637600696,1.7169608413409305,1.7251087446083215,4.090937164488677,-20.21870087168171
1.160477864635128,0.983856115053015,0.6492405876567797,1.6310257330633728,1.7434445456930057,4.090937164488677,-20.21870087168171
1.0148768036808158,0.7852019179616816,0.576552075132692,1.5058426428153042,1.6854270426358156,4.119897350742534,-20.3555681813103
0.8251655910489751,0.5076521348838597,-3.4748472562257557,1.4177778750855716,1.6430356159213564,6.181691263034305,58.017531726966844
0.830419951213226,0.6439824767585247,-3.458439941881465,1.2456896332912615,1.3883826226303104,6.181691263034305,58.017531726966844
0.9391682685875348,0.6909985567857955,-3.265302434600553,1.3270493577493943,1.4350944207242513,4.215395280436576,57.06248461328172
1.1087348791430083,0.6515684732376871,-3.038965547065965,1.2885392938604467,1.4893867461005148,4.215395280436576,57.06248461328172
1.1273191211676066,0.6880341183913062,-2.765063474352584,1.2997450113846651,1.422954933991877,4.209171188552137,57.700450669148324
1.1082717236619475,0.7905245534775758,-2.4466815031436164,1.3263379828576989,1.382269006534694,4.196945190032779,56.65881795335245
1.0947999976705598,0.8973286451194893,-2.2114259290494083,1.3323732206726149,1.3192905907287535,4.196945190032779,56.65881795335245
1.082082095322902,1.0016648231325844,-1.9573719785664219,1.33373898991863,1.2576771464677137,4.180144668495445,55.80068374939615
1.070984886404724,1.0773986403951448,-1.7739517475129412,1.3271888481626846,1.1928135318609034,4.180144668495445,55.80068374939615
1.0611715323458288,1.1483943404073083,-1.5718678287641388,1.3161910675782262,1.1310706153021317,4.171198901446111,54.79245147063648
1.0498017436345632,1.1766279396701134,-1.3955640629204173,1.3065914788337976,1.0747018269694042,4.150194840677185,53.83156586316046
1.0405241092281037,1.1745926287661186,-1.2928286469669126,1.2976190444670763,1.0249678398802242,4.150194840677185,53.83156586316046
1.0389308479276622,1.1847638375908363,-1.2000547486816315,1.2865844006583202,0.9770819813875308,4.950740112206736,53.500094379935014
1.0015261324159461,1.1746266766749032,-1.1695637033601032,1.2956088889754012,0.9212429073862636,4.950740112206736,53.500094379935014
1.0023512429190138,1.1759078167504777,-1.0797584921980319,1.2821612563211553,0.900278042037931,6.128747744315762,52.30373948637505
0.9477338443845125,1.1593099274216379,-1.0582376670501332,1.2811967737940617,0.8416166747950993,6.108476594620368,51.20778750862605
0.9205340985964947,1.1096164565824782,-1.0629294065587183,1.2598172542716015,0.8401747443596748,6.108476594620368,51.20778750862605
0.8922093660184016,1.0324776285527577,-0.9810988489851811,1.1915938563758697,0.802032820976746,6.046611091601349,49.3241764650692
0.8389848654534748,0.9278164221669157,-0.9776910737341855,1.1618071689090987,0.7798268999158264,6.046611091601349,49.3241764650692
0.7845608971845264,0.8611668620883028,-0.8683333827791089,1.0968104846315012,0.7136176694977601,5.9165940619624005,28.973780467019587
0.6709849436894967,0.7155008440377756,-0.7431488311532561,1.0823271279189206,0.7252838176066874,5.854086342721991,26.32590956425218
0.5575456646786242,0.5928357959776421,-0.7802377585936133,1.0368883748897981,0.688726095914999,5.854086342721991,26.32590956425218
0.49151597886095155,0.5666548437632528,1.3777081602277481,0.83915318848404,0.6029821335378363,2.6466360188312787,1.2891449679147493
0.5137522326174713,0.3782672198721183,1.4378698236624217,0.8187216738340322,0.6969223614900004,2.6466360188312787,1.2891449679147493
0.522922936290185,0.4316939288084487,2.387277301436306,0.7953754438519257,0.4826545430988127,2.1318596793710043,-19.79779461445075
0.5370033947195909,0.5404446929547109,2.631383939766555,-1.9775984688109156,0.39703870730110924,0.02321546668988983,-29.393883165295318
0.6890027789000701,0.6302385564453952,2.7200811572634134,-2.1007980579945786,0.3206935968493507,-0.20050698757756358,-33.88492717444425
0.7637635212053062,0.7083506624781493,2.578498716299835,-2.0353674767712775,0.3277469846307044,-0.20050698757756358,-33.88492717444425
0.9422203517854046,0.9416554633868509,2.525988269643706,-1.8702899134801954,0.23499959860893305,-0.3287245611552927,-19.458559541188244
1.1958676012280778,1.2237957168132283,2.3259257852042565,-1.7977733007143186,0.29812957220792247,-0.3287245611552927,-19.458559541188244
1.514140158084595,1.4790548400409655,2.19188590205645,-1.5889311960714068,0.32250488709634595,-0.38087915639825454,-21.436610077009746
1.775819676919516,1.750031724113952,1.9425330300059396,-1.4152430607391038,0.5544841893374562,-0.13152554190556387,-20.608457855386085
1.9566631719347707,1.9213525592702367,1.7201838024307543,-1.3485034672110965,0.6746923591751318,-0.13152554190556387,-20.608457855386085
2.077113062150081,2.0311300952437414,1.5021295025756267,-1.1595569945135176,0.8489209864432516,0.03745651572110731,-19.718307259999214
2.147615530097011,2.074617035387896,1.2987993973924419,-0.9422656135511985,0.9834346075246185,0.24172458783087736,-18.847714476840274
2.160298649382105,2.0575060815725665,1.153463804090253,-0.9390081497544602,1.0668877393799487,0.24172458783087736,-18.847714476840274
2.1374844526810604,1.9892110149293813,1.0409121655985851,-0.9516140025842172,1.151620346270934,0.26180786469703277,-18.64252882758103
2.0818432090372574,1.892782247342986,0.9677142610478202,-0.9726441373065429,1.2005754392733423,0.26180786469703277,-18.64252882758103
2.0121647853905014,1.7863410982427275,0.9287631127063893,-0.9932048382748078,1.2363839689769707,2.269354132149492,-18.649094265697876
1.8323609687547067,1.7031397042836443,0.8314533221650415,-0.9824221871340255,1.2134399814674532,2.275584333222758,-18.54613173918976
1.7304889736158908,1.6287925062939055,0.8065373623216527,-1.0124278914059788,1.2551327624798776,2.275584333222758,-18.54613173918976
1.6397346964872639,1.5278134605315072,0.7232681496464148,-1.0815778012210102,1.273457332011048,2.3603654296442143,-35.10193936805944
1.4593802413720336,1.3260206354865085,0.7214768612626283,-1.1031144455225583,1.2851099594315636,2.3603654296442143,-35.10193936805944
1.279261229888719,1.1671454391254223,0.6191109262139967,0.13185472296855313,1.2775728806309838,3.3573102381898368,-22.75687321465528
1.1294929392370032,1.1123654537812813,0.6116310760117939,0.24331317102478145,1.1809399452309879,3.480788950255147,-22.589084016195542
1.046631145798696,1.0572322984756146,0.6403552476758074,0.22401768443277265,1.1568633835749074,3.480788950255147,-22.589084016195542
0.997589412503024,1.0053052444638402,0.2960760050622928,0.391689263403466,1.149595214088278,1.8472425689241367,-15.204012205603762
1.0572318290878622,0.994492383231572,0.4046821664444926,0.33178123645935886,1.1403246266328644,1.8472425689241367,-15.204012205603762
1.0656937605230572,0.9944986646389758,0.4873493165495918,0.5279905630412421,1.1164461159082915,2.015306290080315,-23.912512088888388
1.0354746531623105,0.9551213775047129,-1.3230296101291326,0.7442276721108292,1.1600952046835284,3.0912876578409056,13.135132200273713
1.1334628686771262,1.2215986458665344,-1.293287101384676,0.7119522893951025,1.046910281038217,3.0912876578409056,13.135132200273713
1.2423415100071604,1.3660930659455404,-1.0997594601530722,0.8574335270028862,1.1013140041879836,3.0299989287599933,11.814046787026527
1.3742546408136846,1.4878971423629288,-1.0513074097329689,0.875745487783975,1.1267969121033097,3.0299989287599933,11.814046787026527
1.4404170419952176,1.5146437096577303,-0.8926836083008403,0.9202104900354862,1.1320246519565502,2.9655417869909586,10.331029931682183
1.440788952659966,1.5550878268547055,-0.7439944195528865,0.9392272415807204,1.1436631228760359,2.944808957176127,8.981605167978403
1.421016477271543,1.547057728940349,-0.6781044225449449,0.9205416471504356,1.1257920921967908,2.944808957176127,8.981605167978403
1.3756934444199564,1.473262744483387,-0.5471939389641032,0.9131331415138468,1.1017454195945637,4.899993541945642,7.90651879359343
1.2297010023069452,1.4316435329218111,-0.5614520584218479,0.9217414817887054,1.0257489221511027,4.899993541945642,7.90651879359343
1.1315952151257807,1.3474509216489774,-0.469507317982667,0.9191128617287229,1.0299406248264855,4.850898766239697,6.891305566285446
1.0636944787144869,1.2199408593192742,-0.36328041352933516,0.8831681508217277,0.9980668212612405,4.8347516724847655,5.391778459964324
0.9682760214582979,1.081019963580981,-0.325904961608066,0.834179712583611,0.9576477621719937,4.8347516724847655,5.391778459964324
0.8714483436489482,0.9210894620976139,-0.1692465572511851,0.8092697946294108,0.9110106017572948,2.7784768265107713,3.375919634399252
0.8674130797142524,0.7562489746871086,0.07568627992507851,0.7722820694584374,0.915213868273987,2.6939170544976543,1.2900512451492372
0.8233548527245154,0.6660924338012493,0.15021031732697027,0.7662494738473474,0.8429016265456555,2.6939170544976543,1.2900512451492372
0.7758116967953393,0.6409038217787388,0.3154018185759085,0.8114069994258821,0.8496464588801808,2.6323730963165977,-0.14400433501082244
0.8189926747077914,0.7207040271646272,0.351596939463493,0.8529847536801467,0.8352186679531729,2.6323730963165977,-0.14400433501082244
0.8935198065714838,0.8042877349577845,0.4426515496038172,0.9245534817185521,0.8405470268737587,3.595766328764988,-1.6324960446892471
0.9112582682656984,0.9048637360225843,0.474723429024514,1.0106792057404035,0.8309253763279039,3.5254081221804476,-3.1690019661954447
0.9877667187926681,1.0113618592816231,0.42173679362933614,1.0335210418963183,0.8694401954773621,3.5254081221804476,-3.1690019661954447
1.0480434213216503,1.043066174344202,0.44060399271373685,1.0414724803609627,0.9077326755516397,4.501073754482598,-4.620110263835134
1.0237960855087156,1.0521732191825013,0.3408565537782232,1.0522014749559476,0.9037668472863936,4.501073754482598,-4.620110263835134
0.980632723730152,1.0244636778577552,0.3722713546839668,1.055797839325333,0.9428430684284694,2.4532277090037864,-6.447889302571282
1.0430771570051076,-0.16841620012393022,0.5005191053252379,0.9930915467707278,1.0046063890010948,1.7090858918323102,-4.479516010219629
1.0511051252436487,-0.27618004161518916,0.5209951286986135,0.9585312228725543,0.9835779561395166,1.7090858918323102,-4.479516010219629
1.0026987118018922,-0.21265167926604334,0.6468750400393792,1.0185916664386199,0.9987704334567613,3.743644334834694,-6.576973538174649
0.9140814683298194,-0.1812132076230334,0.5787772228150465,1.0977549383932106,0.9683906829582057,3.743644334834694,-6.576973538174649
0.9337340431076961,-0.004652037899431805,0.6354851264957072,1.1459490946181932,1.0234621119807024,1.773513649283604,-8.759637484843964
1.0268739040480273,0.12771388605460382,0.7556225597899501,1.1170647671295515,1.0785507608798284,1.7700067539547852,-11.064523486937599
1.042720173553632,0.10537101743469557,0.73973956226502,1.118777390804965,1.065025806751477,1.7700067539547852,-11.064523486937599
0.9746951539036096,0.2216941280422735,0.8301410468074751,1.1656692981903505,1.108752593343885,1.7676242643024125,-30.939707967175238
0.9241042164715353,0.16610414697768938,0.789219513918891,1.2191355141388778,1.156517006493992,1.7676242643024125,-30.939707967175238
0.8860281631928708,0.24395495116978716,0.7710222902531849,1.201413419916523,1.1662774583878974,1.7959947674920098,-32.40099224763053
-0.5111307971244587,0.30915128112382817,0.7298442925805024,1.0968689022215183,1.1433574065769987,0.28941771603247135,-30.599452970599696
-0.4351689363151524,0.2937743544550696,0.7096150908171751,1.0697841745465226,1.1915360993926591,0.28941771603247135,-30.599452970599696
-0.504530981830192,0.3078203960811994,0.6880465057022851,1.0135976697334943,1.147202644746583,0.07866436544660882,-31.397931093201834
-0.45857320319538986,0.3316351606901614,0.6509518029238374,1.0648411755148433,1.1982377603008325,0.07866436544660882,-31.397931093201834
-0.525936417059535,0.4058051508502834,0.6252353510833182,1.0716858398739224,1.195444951948986,1.8520315359283552,-32.09037523914715
-0.6867465744506106,0.5147915673246748,0.5134761605014825,1.1407910436581234,1.1751444980816816,1.650424968265554,-32.491746049312695
-0.6239427126750386,0.5991945033815091,0.4202783558591505,1.1584338231192772,1.2560328243452366,1.650424968265554,-32.491746049312695
-0.5801036713262664,0.6349575446989815,0.3475444522303949,1.1303175763324604,1.222988220393628,-0.43657088282507095,-33.50317380482818
-0.4887363227241466,0.5789244476172861,0.38942818935541634,1.0877045675210535,1.245521002661132,-0.5352052869633317,-34.48103333679435
-0.49923231887685515,0.5031177337793777,0.3682421243254824,1.0794635289966101,1.2334028849817282,-0.5352052869633317,-34.48103333679435
-0.5272606327331526,0.4707385994747469,0.38974064856185286,1.122739501904204,1.2384112093070323,-0.5810065867614043,-16.978045180476805
-0.4516577892433429,0.5765072492074905,0.3984159261154838,1.1223955080094303,1.2284525411491467,-0.5810065867614043,-16.978045180476805
-0.3555338945219743,0.6644954966216485,0.45619747120686094,1.2216154618945683,1.2682055462932758,-0.5863400008030282,-17.52433843879705
-0.2663392960245446,0.7409459645643333,0.4724565588861239,1.2862926721794135,1.31914099230374,-0.5885059068489564,-17.59458099434259
-0.1953348888762009,0.8371850952135229,0.48425065803185785,1.3202179693633393,1.358255167649467,-0.5885059068489564,-17.59458099434259
-0.14623760180805606,0.9333851706041005,0.513952597153254,1.3478819055804572,1.3890114015954549,1.4017908115189712,-36.04616767507892
-0.2845806293857197,0.9063724836046583,0.42502016764463635,1.4161919192413728,1.4000392454520205,1.4017908115189712,-36.04616767507892
-0.3716101187220441,0.8669612685207195,0.3770959656826025,1.3927661155993984,1.4372352765711656,1.2274191334573938,-36.33372810414518
-0.6625761942057001,0.7894117444593364,0.3493955231172059,1.3463589271652154,1.410478000997004,1.0348473743249418,-36.38396219542203
-0.7680743530751564,0.6250026837426046,0.3279192781080327,1.2832062473262467,1.396847142955485,1.0348473743249418,-36.38396219542203
-0.8827370024603707,0.4150282517470207,0.34367222207806314,1.2820533781482533,1.3939006321025038,-0.7422505855756638,-36.47289796658611
-0.8942317734763274,0.26637761253286363,0.420859796446996,1.2303279527410764,1.4151421926600662,-0.7422505855756638,-36.47289796658611
-0.9404206715408607,0.05726706271192494,0.4605344859480529,1.2724584902959113,1.4175696288755288,-0.7218756397845025,-35.72425798093728
-0.9543634487568909,0.0614188378892504,0.5106651659721422,1.3241192663699488,1.4698665655096093,-0.6573390715803722,-35.48113156149075
-0.9110614515218349,0.14630442761018192,0.5268733557013519,1.3670517848168748,1.4707394975709456,-0.6573390715803722,-35.48113156149075
-0.8348756906399781,-0.12572609578262534,0.5237548111487117,1.4393161108110806,1.5186686463553807,-0.8536926790326405,-33.80481005416484
1.1791800783617872,0.006642938602015147,0.5105454802929025,1.4720387477001398,1.5644091645787532,1.1681520287031129,-37.51743785904285
1.1557571616971267,0.11880726089929983,0.40461834598850466,1.5393892093151735,1.5480518623252941,1.1681520287031129,-37.51743785904285
1.2004468786063303,-0.15027976047007732,0.30484486079793216,1.5480808486273252,1.609348422760585,2.9762938642899077,-35.61631791937624
1.1594605970541199,-0.13933938260405457,0.15184764765523084,1.5236473544668065,1.5709942857852814,3.001396433586656,-35.451702617651854
1.1081613126336902,-0.19831036955106907,0.08043480061911557,1.4755614612953563,1.6073893759496036,3.001396433586656,-35.451702617651854
1.0364968575251812,-0.34866000078306525,-0.05583594225118693,1.3866567259936815,1.6125433121300627,1.0911837627271188,-33.76737970658935
1.005712585058761,-0.5481069718797554,0.01048698228016498,1.28447790968341,1.6302290663204453,1.0911837627271188,-33.76737970658935
0.9210093968272935,-0.740251473637461,0.0010188015087082558,1.2406560898657129,1.5582189226814096,1.1503893034888533,-32.628970378146434
0.8396933678998767,-0.8313686882751303,0.022288321988724213,1.2510460687701799,1.5409679530169587,1.2178701282655533,-31.561533541237466
0.8020272862624012,-0.8417369126776488,0.08494644566047138,1.2605432507784926,1.5063053621213471,1.2178701282655533,-31.561533541237466
0.8174209373356999,-0.7588659497060095,0.13850874013392622,1.2824837188451663,1.4927546391083042,1.25336030440394,-13.711539017753338
0.915509146180733,-0.5961179178002968,0.19479621804612135,1.2727685857910167,1.4462513851309082,1.25336030440394,-13.711539017753338
1.027093915379661,-0.450122948041943,0.1732475115734773,1.320494205402524,1.4525168416793839,3.3012360543895367,-11.963491444864669
1.0342188855305665,-0.2843027278211102,0.1471839998493356,1.379925026537817,1.4176381458008107,3.318921017384998,-12.232686582564925
1.0848408517521508,-0.16880800739903784,0.1621139109881946,1.3888098926873222,1.4561492959679494,3.318921017384998,-12.232686582564925
1.1162599986445043,-0.13808067144317457,0.1641334680884603,1.3390883298562513,1.4383328145789194,1.331655432067647,-21.969889358984407
1.1306873140334575,-0.22585204423865113,0.28449823911818717,1.280021170322217,1.505632723739971,1.3596280422704643,-22.384754918168387
1.039549199319949,-0.35922817107909055,0.3328447665494164,1.2281370530962106,1.4312627935852218,1.3596280422704643,-22.384754918168387
0.938583836376232,-0.425072397286098,0.38404658795189994,1.2401030239099915,1.4051252749722816,1.3871014170908564,-30.277727463904846
0.8646587955040018,-0.5007014233374874,0.42213403442757647,1.2523095842687464,1.3840254793239053,1.3871014170908564,-30.277727463904846
0.8240940686471493,-0.5209237915739743,0.4366221400081799,1.2514830355102151,1.361886624004327,1.3858559714968566,-12.280512454924324
0.8892741789903282,-0.4037177111062197,0.45019922163966164,1.2309902441644585,1.3091651811345921,1.4053435865969854,-12.12776363287933
0.9790440090705287,-0.32365310544915343,0.483267305527439,1.2766721281204736,1.3151292840963564,1.4053435865969854,-12.12776363287933
1.0653927761865163,-0.2546022300659618,0.49148316798947633,1.3110948927317838,1.3383424896762592,3.406673376786891,-12.076461174783198
1.0403965545769092,-0.16154612422965525,0.421827058156652,1.3692629069784585,1.3057990192270281,3.4046798912493124,-12.06315362915436
1.0725732853494372,-0.09086836282662156,0.3967645132446326,1.3702298189711086,1.3513763901313833,3.4046798912493124,-12.06315362915436
1.0818870062710828,-0.09597624282090916,0.3801515004960285,1.3234668758470842,1.3406644572740518,3.397806205752109,-12.419166116490175
1.0194656202908035,-0.13306896986757066,0.422679241741296,1.3098064530169413,1.3588022486116977,3.4319688370694976,-13.269353199344307
0.9402469518753179,-0.24237805882544572,0.4323029845367854,1.2678465122235494,1.3339713063461023,3.4319688370694976,-13.269353199344307
0.8012554945206367,-0.29415200704237254,0.5278329934405707,1.2717918738470693,1.3349169313315596,3.449579561276141,-14.56833987645575
0.7143285946694828,-0.39987627051910235,0.5604276440003843,1.243516922249699,1.3028344906165077,3.449579561276141,-14.56833987645575
0.5953346221363247,-0.38310190045712,0.6848412539239812,1.2609395046883822,1.3074383035500352,3.4946564873771244,-34.278617341618755
0.4705343324569129,-0.4176373058669287,0.8154025399658049,1.3225244062704562,1.3398285076548246,3.5753753045266317,-36.71051257625716
0.3553229960233155,-0.5077110888087434,0.7937946356307984,1.282691354104628,1.3005543231390142,3.5753753045266317,-36.71051257625716
-1.0797600732812287,-0.428855781225,0.46716152618610474,1.2542247383764822,1.2800430663802411,0.43613222476824465,-28.154423171649285
-0.9366456381748616,-0.4463492067626963,0.5725817180153749,1.1751655367070415,1.3071404086363008,0.43613222476824465,-28.154423171649285
-0.9308558302171657,-0.3357008152697485,0.49494286288878553,1.1029489392568874,1.2152855472444344,0.40087075457789423,-26.53417376180031
-1.1616024914220486,-0.19190475929361162,0.5758421043828306,0.9756901158346875,1.1774988025949158,-0.16665032306641336,-27.452991374617277
-0.993881046689979,-0.010424553398955871,0.5891241245071128,1.0514091864082529,1.217644430962743,-0.16665032306641336,-27.452991374617277
-0.8258865594288411,0.20026439986289413,0.6217180197107262,0.9672621947590039,1.1599231445501155,-0.43982507779683555,-29.401481406206727
-0.6566567762902664,0.3955187348703007,0.583230742651246,1.0398961899009442,1.227671150330715,-0.43982507779683555,-29.401481406206727
1.1015206132095745,0.5594167482271633,0.5563207420090587,1.0651683855452063,1.1362331756134938,1.00527052420063,-16.39896394364187
1.281167838553858,0.6731795738581251,0.46056541006496876,1.1451854436528246,1.0396654800938538,0.9249728098236996,-17.241315415757896
1.3971832894120726,0.7846249713175698,0.39423900794810895,1.1848471680674684,1.131476485056667,0.9249728098236996,-17.241315415757896
1.5211060698132233,0.6860775072442638,0.3277168844776389,1.2203297279205025,1.15320664269051,0.9034344151928848,-17.306080681128936
1.5167068427676096,0.547557982413015,0.3507981717920323,1.2562633931101719,1.1974009883168937,0.8499418076759171,-18.1177407094879
1.4725204904021811,0.4518190964203994,0.33531783104202084,1.2324234262989422,1.2204458608483193,0.8499418076759171,-18.1177407094879
1.3304774275353495,0.36978590198055383,0.38499568051836264,1.2587863256956395,1.2755573498650388,0.8666475956256763,-36.660847755264044
1.1838010431014512,0.17626173274467138,0.38580780715782326,1.268128338884822,1.3082098583014383,0.8666475956256763,-36.660847755264044
1.0438383713716688,0.06980848882753993,0.4004682235560848,1.245439372707397,1.2936010932976991,0.900211782941291,-37.31367037192896
0.929507373099167,-0.07427594672392313,0.4037072372753243,1.2201685878823065,1.3090756140765407,0.9348852003097048,-36.90767624955066
0.8510438655231419,-0.15424089314848777,0.39882704761605614,1.2007447975439978,1.2894552543420155,0.9348852003097048,-36.90767624955066
0.8062620995249452,-0.36694060495407144,0.3924107022501958,1.2200622653056856,1.2776229694452792,2.8482129722926026,-36.23836482128294
0.6991614556685203,-0.3637706219176914,0.3079818786125842,1.2497199035551891,1.2241605631597698,2.8482129722926026,-36.23836482128294
0.6819435800539164,-0.5215635198043074,0.25802356647509594,1.2484807793361021,1.2876290349376582,1.5819467201409787,-35.19986386371346
0.6875972023160153,-1.8802561220140677,0.20168059054640086,1.2065029813719503,1.3443047700990667,0.7683579927860058,-28.76153548724252
0.734453109601328,-1.9044352839682082,0.23708601006294883,1.164802545473344,1.325073579149203,0.7683579927860058,-28.76153548724252
0.7987802369651102,-1.6262221264172843,0.21158338826726097,1.1914358757749088,1.3399020691489856,0.2909839840571311,-28.48187023702983
0.8413090301285004,-1.5928057235103248,0.26414622809479726,1.2177832051090078,1.35942038543877,0.2909839840571311,-28.48187023702983
0.9366028235901094,-1.380435207584231,0.1892112213581505,1.2512026134316756,1.3613804345895717,2.4873734535956245,-27.054743496254012
0.9284393551956709,-1.1144968696276987,0.12446653365890636,1.3177982319722528,1.326292112883916,2.620798975641343,-27.6516227226534
0.9630643363117207,-1.0049300146870261,0.09253289513657581,1.3350635263018416,1.3735569923336035,2.620798975641343,-27.6516227226534
1.0290786542489447,-0.7443221001522466,0.04237689888807461,1.2585342561525439,1.3731005333832362,0.7843670861305352,-28.553347515246614
1.0924407557892564,-0.803779476619609,0.09371369465234713,1.195683143551543,1.4168394478336983,0.7843670861305352,-28.553347515246614
1.0925138830019385,-0.8946290425958565,-1.7243105998497787,1.1311944625595274,1.3726341133557938,1.7372910255584912,10.062951624963954
1.1651599244870048,0.5839448280129065,-1.4637324945485561,1.0511959485894053,1.2812929920619904,2.4927345177371363,0.8619212962257148
1.2095586283907416,0.6522314390991621,-1.3947294007099669,1.1528046273727615,1.309916323757491,2.4927345177371363,0.8619212962257148
1.2977350500773588,0.9249729136322333,-1.2550850695899078,1.1103995949825876,1.345114858391757,2.578084943522338,12.914842883733114
1.3640791607006966,1.0280818235056408,-1.1830975138183555,1.08319678872123,1.3115512560223797,2.578084943522338,12.914842883733114
1.3992246714353296,1.1875432286458514,-1.0204543534311363,1.0416853989265134,1.2878315509697207,4.566486322094956,11.064341892624961
1.3138956290795782,1.257634430446078,-0.9736888684618324,1.0611176131402478,1.2298804583726894,4.614693670943204,10.094110634187576
1.2432375976765442,1.2338770881143217,-0.908901870802722,1.0281188726498482,1.2348399458358938,4.614693670943204,10.094110634187576
1.163690441382478,1.1628689569190827,-0.8056917426249435,0.9355917380431559,1.176710917174732,4.596815571677333,9.14150292058983
1.0416064914857563,1.0204674890706165,-0.7205898717007743,0.8718033831994672,1.124232820034343,4.596815571677333,9.14150292058983
0.9110323111722184,0.8725087933148646,-0.5363565646414958,0.7998526079881023,1.053792979600067,2.5422273088949456,7.350117403000278
0.8841631717854403,0.7282049131980135,-0.25067275794483324,0.7258962998458127,1.0387891168727172,2.493082155672667,5.227485369505984
0.8042762354277281,0.6096900844319229,-0.12753402043681272,0.7095506741085358,0.9454878234861012,2.493082155672667,5.227485369505984
0.7562777225471744,0.6008101826112799,0.10783515937413002,0.7473082135604198,0.9098417321419973,4.444803488695337,2.988485908608836
0.6786979721576694,0.677201510549889,0.1924366075493415,0.801107227930808,0.8345886737872029,4.398261088005717,1.2930151315260205
0.7131824297067955,0.7815418360242085,0.2005117398528799,0.8250896327679582,0.8545024885513934,4.398261088005717,1.2930151315260205
0.7690776208749541,0.8608254041350818,0.28479570780653973,0.7899326106988951,0.8248021743472503,2.336496867479994,-0.9701746173784861
0.887796892412784,0.8568409388538368,0.34179053730273523,0.750930612468014,0.8690160152406259,2.336496867479994,-0.9701746173784861
0.9126154941881692,0.8347916367715121,0.43416044982254637,0.7423016365790713,0.8219957315378175,4.290731385404478,-2.7288098524876054
0.8259303544352237,0.8582335126367482,0.46638653068098634,0.8181777267742429,0.7919170694541711,4.24459881341333,-4.6182899153549535
0.8403427999981447,0.9018702482081045,0.41609419899280836,0.8326035935666005,0.829031928235208,4.24459881341333,-4.6182899153549535
0.8690874294091954,0.9202560182853199,0.44555587917753303,-1.4233845119245805,0.8215712261879827,0.6659497717571976,-8.599961763378355
1.0267896374437666,0.8427979718601265,0.5329616152905879,-1.4877117534617266,0.9185109737331021,0.6659497717571976,-8.599961763378355
1.0353104888743707,0.7755916077855249,0.6215650487876687,-1.5249943561679173,0.8583150803652515,2.598662677184141,-10.290149189032805
0.9415250740941346,0.804072033872324,0.6636216846432597,-1.4363777457349163,0.8534879431950748,2.535785650406319,-12.025328340168413
0.9865971922882666,0.9006636922018132,0.6131055508995596,-1.39092899463698,0.907850808352326,2.535785650406319,-12.025328340168413
1.0621134333460895,0.989565331769839,0.6216976492214129,-1.4604790045017642,0.9261641683019963,0.4412441259593378,-8.656734715237503
1.2272641649994878,1.0344158128619942,0.6409314189876872,-1.488046298663761,1.0007444813675455,0.4412441259593378,-8.656734715237503
1.2965412360725734,1.0752613542830838,0.7004766000305668,-1.4169406973018657,0.9911315540333107,0.4419740545281323,2.000906114575672
1.38126220912027,1.164696131602016,0.7649278875378135,-1.2725195170632038,1.0252465581477601,0.4733799319254586,0.9266012756867106
1.4830839931065838,1.2711151511065504,0.7590673069467216,-1.207014860566398,1.070533773061872,0.4733799319254586,0.9266012756867106
1.5728822163464653,1.327505874603652,0.7782837025431203,-0.8870110527147701,1.0950815689651632,0.5613923445608999,0.6708725511834821
1.6458850756874883,1.4174926479007124,0.7558549946655364,-0.8513330377633582,1.1386761016033582,0.5613923445608999,0.6708725511834821
1.6569926117708815,1.37220525926806,0.7685751083541873,-0.5901128874759181,1.208676935615525,0.6333318972946667,0.8708048406990763
1.6572259456792726,1.3330881335711555,0.7750690730887395,-0.4193486340794336,1.2416495907765848,0.6654288709148313,0.7987102727510269
1.6585194089137951,1.328407372065892,0.7620206740617099,-0.41741642201901263,1.2696432736431984,0.6654288709148313,0.7987102727510269
1.6142833006193233,1.2650158326877214,0.7822030263084904,-0.3255990479848732,1.2935725093629609,2.67204193177005,0.5882387477568436
1.489040112200818,1.235602626914325,0.7043411556750935,-0.30227362969666527,1.2599258389331909,2.67204193177005,0.5882387477568436
1.4037768130600743,1.1864195580520338,0.6869440767739885,-0.2101759130618832,1.3224903434777704,0.7466590252585554,0.7990686596195644
1.4131610014144111,1.0568892447543332,0.7701253836842848,-0.1311204305950835,1.3524144157144566,0.813018578513073,0.4889651912006805
1.3395005875676373,0.9211668811046781,0.8074812049940966,-0.1607537358937443,1.3092619932486216,0.813018578513073,0.4889651912006805
1.2019270924014995,0.8325721082383726,0.8736115441148598,-0.027959670852275575,1.3269013040253324,0.8580035180755896,-17.042571985739638
1.047569216149653,0.7289763825017587,0.9007896666268281,0.07514265023737088,1.3449155855244967,0.8521973142968284,-16.911991047048634
0.9777355631094429,0.6947303727254872,0.8946859356893504,0.057528130503923164,1.3300333195933036,0.8521973142968284,-16.911991047048634
0.9164109666137454,0.7079995396485415,0.8914695876230867,0.08631853019395161,1.308283994627169,2.8469123544296324,-10.017060031453482
0.8419994033453186,0.7689718610577034,0.796616151564978,0.10805760152653751,1.2441558811301774,2.8469123544296324,-10.017060031453482
0.8567894124704966,0.8350055448067624,0.7744738148998788,0.16415867854581068,1.278442891217919,2.8739730436122892,0.6248718949391048
0.8905292692690021,0.9180509638160741,0.7204273936818867,0.20770693461608178,1.210583109639651,2.886410017016397,0.36975725821436356
0.9087608028081402,0.9025885741863382,0.7115891457277208,0.20179950229231788,1.2197372504226132,2.886410017016397,0.36975725821436356
0.8769849210619963,0.920818729436351,-1.1158390308242851,0.3724326012570691,1.2149539479795284,3.9590930963634134,35.78749572732927
0.9227337455889726,1.1214108635289852,-0.331169180501991,0.5056834693340262,1.118328267905068,3.743905773885019,20.723848431487436
0.9543665291835518,1.116346180686718,-0.23912569276142726,0.5667710435221729,1.1762254883691488,3.743905773885019,20.723848431487436
0.9999698959101175,1.1163485115719256,0.35402270940036157,0.711825517992008,1.1705030480812413,3.4548365476151934,9.95369247194065
0.9264938625162517,1.0466809020030974,0.4437342838900761,0.7037248693737441,1.1664421361655632,3.4548365476151934,9.95369247194065
0.9273385668520686,0.7820062043407382,0.8963008614577991,0.8479481161115077,1.0777726918151074,1.5248293639736898,-15.065320915935109
0.8134632695142179,-0.8037985585259255,1.3198441569837949,1.0229700009388263,1.1647028247695688,0.6380106049216874,-15.160062128498778
0.7205530014445136,-0.9380868694347111,1.387074129282128,0.9526806765172258,1.0921898800304617,0.6380106049216874,-15.160062128498778
-3.4960166544710347,-0.016559725688562454,1.6555009359150135,1.1181800416518048,1.0861976353906515,-2.1871391433213723,-31.60510609954833
-3.2456270958900437,0.3379086471645305,1.8921854383663015,1.2479946868701295,1.2140448678497253,-1.672805421462784,-35.58198400564275
-3.2346671482261833,0.36732253292321015,1.844377476467518,1.3035720935971464,1.1571959989307987,-1.672805421462784,-35.58198400564275
-3.122409744761228,0.7002638503928589,1.8734903854939526,1.4832135322248408,1.2389068171968758,-1.6671061457997887,-37.62872819435239
-2.959455216187014,0.8975054567151926,1.7513449386796034,1.563578481784239,1.2836410739974222,-1.6671061457997887,-37.62872819435239
-2.766813165724952,1.0981707547146013,1.6435872925135162,1.7104219080903091,1.4277561072913432,-1.5394964040659396,-38.11474806096523
-2.597632786840421,1.2632185570467014,1.4919211827128567,1.818411880734333,1.5067938461649555,-1.7024144064621787,-38.54133118265462
-2.4459622765818883,1.3765939753979235,1.3200859006264483,1.861353764536494,1.603392927863847,-1.7024144064621787,-38.54133118265462
-2.3383961684661205,1.437342333635597,1.1516874221515665,1.8929566019495354,1.7716838539199689,-1.5381117835573566,-38.05833828710743
1.0870481996088464,-1.8985314913766573,0.9834498045478668,1.9397453968727496,1.8521469684090714,-0.1730749366125406,-32.27168733208494
1.0741688903145352,-1.87864289876849,0.8033809837452923,1.9598602605742008,1.8838035753895626,-0.1730749366125406,-32.27168733208494
1.218606274541439,-1.9996184333877765,0.6872864497303319,1.9597009393099574,1.9704313144767245,0.31989241270066904,-14.199309067697568
1.3392015267536799,-1.9767682670575322,0.4036042657578778,1.8974871460531997,1.9673282321549797,0.5247233303876819,-10.891356566643717
1.3351996123129846,-2.0195224739795594,0.384749141301878,1.8950697814845865,2.0092194093225806,0.5247233303876819,-10.891356566643717
1.3746917431763952,-2.1059372215036833,0.3922562016607536,1.869539174723989,2.0510919341173226,-0.26587057470613695,-10.994310197280651
1.3875351064428134,-2.2001728335852504,0.4687322455780294,1.8311269896926545,2.0771215088272097,-0.2193562908327218,-11.094923512259463
1.3040250685407302,-2.2827105733492985,0.5505900733592115,1.8085254662314507,2.0534105329976127,-0.2193562908327218,-11.094923512259463
1.2322618719413314,-0.045010974952559124,0.6515875872305776,1.797727384147267,2.0414179513539596,2.5552949470905357,-19.611834006498015
1.0051783578996252,-0.07836497766079231,0.6266166355129285,1.844848356205395,1.964652696331299,2.5552949470905357,-19.611834006498015
0.8926758784733494,-0.09600814507474195,0.6512482361816422,1.8051934115349484,1.9764631534331816,2.7413828707339034,-19.579280527274737
0.8005006600340432,-0.09524607305971305,0.6518478110665693,1.712615645555691,1.9040148440969795,2.7756371712229226,-19.786554335831866
0.6842821834990733,-0.21300918592794182,0.6845676321943703,1.647697657486754,1.859395976931915,2.7756371712229226,-19.786554335831866
0.567034172927436,-0.27703700573689816,0.7263134112201911,1.580768814346518,1.7954252535411204,2.8484470606192582,-23.620022719143872
0.4577657858261932,-0.310329111016614,0.7707696948705725,1.5385709397242084,1.7449337578698039,2.9320164323914986,-24.02643226733764
0.35202655851747533,-0.41074457802230113,0.810449408855394,1.4990969267560401,1.6845540951115863,2.9320164323914986,-24.02643226733764
0.2924622918091152,-0.38697698481598963,-2.058300312690557,1.4667144193836066,1.6292586943404415,4.559670413480926,25.32174776339346
0.3546093253556578,-0.16829466678851523,-2.0360538883536936,1.3938459829048038,1.452912478133105,4.559670413480926,25.32174776339346
0.5138333005952389,-0.0155997865593413,-1.9711036277084883,1.4190515024943466,1.4708732247700858,2.9627937023802327,36.810137957838805
0.8045962681618123,0.40648639766067257,-1.759180216258058,1.2758706323840494,1.4707306966323777,3.073293110827331,34.16984845831305
0.9055149277787358,0.501549982977727,-1.601059659387605,1.3172695673365462,1.4400614644428258,3.073293110827331,34.16984845831305
1.0097836112258542,0.8091016075303987,-1.360444813766214,1.2337923183362314,1.4085252843961462,3.106299681511395,31.453778992540297
1.0600572089936457,0.9840029852026727,-1.144827175775876,1.1295452440584648,1.3449468407410072,3.02382140138739,29.270107784521908
1.0600135427569932,1.0365997876282593,-1.0210055642965161,1.125998593130096,1.3204260194707338,3.02382140138739,29.270107784521908
1.0677913049794712,1.1351761952811068,-0.8521287975616083,1.110338793382918,1.2394272832098108,4.336057907201,34.659630509582456
1.0296647350075867,1.2229088950860387,-0.7137755407850175,1.1076435015221748,1.1442292937560457,4.332982551641135,32.54888877688711
1.0051418962330214,1.2109788677990925,-0.6439029521635871,1.0987594781145114,1.1344226761792264,4.332982551641135,32.54888877688711
0.9827586799894569,1.1660638791518805,-0.5046427975321647,0.8482771160961533,1.0738739062777554,2.8114694655490586,35.75065821928344
1.0195590479469505,1.0875066234296127,-0.38174818681765454,0.7890332769037334,1.065431948747473,2.8114694655490586,35.75065821928344
0.998535302522426,1.0059703170784988,-0.19133126530317446,0.8690761575346588,1.0015808111470061,2.8246889702083777,21.362724648080672
0.9234145937941882,0.8542173534467115,-0.03917395641115695,0.985367016684224,1.0149837130008939,2.8039424875235497,20.14715266661089
0.8781951531939461,0.7910104567853231,0.0513126179495359,0.9885527943497763,0.9868581638171434,2.7520574457428975,19.100865779924515
0.8712820239856446,0.803577372091869,0.07019214449889488,0.9971780820820698,0.9640491024421703,2.7520574457428975,19.100865779924515
0.8871643482258387,0.8227364352839327,0.10151059323000389,1.0230912277516424,0.9540647096475156,4.741941416854991,18.415261560795205
0.8242255351970317,0.8671378953363053,5.314547246249024e-05,1.0701467839497183,0.9065422753522927,4.741941416854991,18.415261560795205
0.8398373831815181,0.8969167673275098,-0.013960305451562016,1.0687820818130638,0.9449926899388165,4.558586790494204,17.445129406305977
0.8627788983968552,0.8592587935640223,-0.0022680198945870256,1.027687485405322,0.9393465442995206,4.503329355996071,15.825105321902484
0.8371748790848406,0.7812274426036016,-0.054563692925223006,0.9996447284595218,0.9414971457018538,4.503329355996071,15.825105321902484
0.7887049553660834,0.6940781966542837,0.005518978881764891,0.9583140600071938,0.9267674664102206,4.538109020359005,13.875332686273628
0.7289158363986332,0.6060954667168692,0.1063843444122593,0.927406691894298,0.8948758527666927,4.430516199592229,11.19699199313276
0.6743038635838374,0.5233220176248887,0.08567990837222128,0.9112816637892971,0.8897042102962941,4.430516199592229,11.19699199313276
0.6320194749630135,0.47522995503131527,0.19378598090334703,0.8713356714549443,0.8708274609559055,4.403215417248609,8.668942838133002
0.5970645954425892,0.437423502295485,0.3432629820882346,0.8451624697969714,0.8594406834311006,4.301374710243454,5.427514379801396
0.5694223546666648,0.4073994247562549,0.32415074727607335,0.842770252017271,0.8561232446149432,4.301374710243454,5.427514379801396
0.5574716883287234,0.41448580827691417,0.46339402130499796,0.8377241834058107,0.8206627207258606,2.761915296862095,2.0631551760293165
0.6184677785149495,0.4004909167219872,0.4965324179332791,0.8220860963554162,0.8565664186456139,2.761915296862095,2.0631551760293165
0.6398106353971166,0.4082875334308098,0.6572316107748908,0.7867631846671854,0.8253648286484153,2.0798258456026604,-1.3810136622522768
0.6908146235204748,-0.6952611805058826,0.8330385935010428,0.8253898510335058,0.8612797973752906,1.2637677333898223,-0.2550706388467932
0.7922345596839977,-0.619007342706833,0.83662199970163,0.8448326232987385,0.8799330748021734,1.2637677333898223,-0.2550706388467932
0.8851818304853983,-0.31955567405638174,0.9659244306199644,0.8702339691793838,0.8756660584668595,1.262911213910745,-4.063792270893217
0.9773052389329391,-0.01795628508603686,1.0636598006824391,0.9368556507111716,0.923097200084394,1.3099414347173157,-7.50736298296225
1.062253067255513,0.09090077733678678,0.9891911702353251,0.9867053212840436,0.9725123889404258,1.3099414347173157,-7.50736298296225
1.0564825120724928,0.34058180227513096,1.0270430365232037,0.9978691424843227,1.0152968415805115,1.2385470392281226,-10.314765797010844
1.1175522307686154,0.3921201109386138,0.9391038122897051,1.0215591376727498,1.066460532618263,1.2385470392281226,-10.314765797010844
1.156223545236346,0.5665157907141893,0.9656046591010595,1.0359975854829182,1.0965192873741612,1.2667995851346951,-31.246599283515323
-0.4601190141040551,0.5864368102810016,0.9607074825805088,1.121482178078315,1.160747853882294,-0.30973345726602997,-30.46607864210671
-0.45095631191321783,0.49013456182200954,0.8994405682585696,1.0596789180813415,1.219382335479305,-0.30973345726602997,-30.46607864210671
-0.3057728982659101,0.5293578942862238,0.8930599945858508,1.0511408755756686,1.1637073702273861,-0.12793172875190795,-32.795798980174695
-0.4945380251132839,0.5208611373276304,0.8830794517515026,1.0885892915676465,1.1204158560735515,-0.3883403739923508,-34.36717361187954
-0.48085834671830713,0.5078944820150353,0.8070065084696131,1.1108801504218806,1.1632325222270923,-0.3883403739923508,-34.36717361187954
-0.6764975027383598,0.531275957218097,0.7671524697732384,1.156116220087379,1.1396560708198815,-0.7100665591389341,-35.114989455873854
-0.620112322359478,0.5665583848792417,0.697672368533267,1.1837378971378527,1.1942630346854473,-0.7100665591389341,-35.114989455873854
-0.6258782721410974,0.6165465625963832,0.6520776400395744,1.2502837521977335,1.2326306817353117,-0.7618160789116355,-35.65215133193823
-0.5780253410747042,0.6660662629137457,0.6017738045868305,1.3140715416001316,1.265175651725846,1.1228074879693866,-36.16069342242649
-0.6266123788796779,0.7278536190242735,0.4526597533353395,1.3648148110374005,1.2665862939927466,1.1228074879693866,-36.16069342242649
-0.6118102091405625,0.7522247959944822,0.38799928468377365,1.4086869178909867,1.3423693960087446,1.1452347139903818,-36.691718713539316
-0.5622823595375547,0.7065285279319746,0.31060582092532685,1.4216469731426304,1.3963628587328636,1.259420768684436,-36.89098176005021
-0.6180086147306684,0.6283691737632635,0.2441746206500648,1.3886398490261367,1.4151304951040016,1.259420768684436,-36.89098176005021
-0.6939311193250842,0.4248794190943525,0.20989967439491286,1.403405181351352,1.4913145439995565,1.3544264513091433,-36.1335294353626
-0.7788839204461592,0.3243544725053696,0.19026407597858785,1.4195252078332523,1.5683159233034627,1.4995033408184362,-35.615860666649596
-0.8622587414116606,0.23883060234810827,0.1861178101365235,1.3945611108960896,1.554771913448524,1.4995033408184362,-35.615860666649596
0.48826514531739496,-0.5545011131431397,0.10053162019060347,1.3989584170906917,1.6067092025085934,2.556034759146011,-33.55916190192105
0.39196092422692974,-0.581000352330592,0.07959697567689439,1.3934893972769644,1.560263878228949,2.556034759146011,-33.55916190192105
0.5468793745647695,-0.6214801192920943,0.09281507422581536,1.3737957623681336,1.5850377584702855,2.7600086523461105,-33.729641368867625
0.6434603040621388,-0.5987114405463901,-0.7297115763501387,1.2356759433642157,1.5496776756613917,3.279216010735184,-18.32466099461268
0.6281574216965129,-0.5530999279774642,-0.7137226180229899,1.1912611858559015,1.488314636517548,3.279216010735184,-18.32466099461268
0.7333363913139148,-1.5125604569806663,-0.5983772236506888,0.8717020108477616,1.3918759947083947,0.5673396620975737,1.1417480564018978
1.0224354389431918,-1.455999391712498,-0.5771284210427864,0.37845831953419423,1.2542831474454434,0.2764040198505522,2.74614755785668
1.1198971782573475,-1.4118334133530923,-0.40956077952748204,0.4099661777519617,1.2008893208109825,0.2764040198505522,2.74614755785668
1.2654081650949522,1.0830666971381366,-0.9217056436604962,0.5376498274877577,1.090471058120533,2.116336193287516,24.091772382578544
1.3466633085324253,1.3661614783751257,-0.8431005119057022,0.5940746189196117,1.0059823208803644,2.116336193287516,24.091772382578544
1.5595610044450123,1.692450400854897,-0.49977136901043007,0.7774585595261174,1.0068891036784726,2.1176418437215796,19.24597688092642
1.6997953646753967,1.8245190835095235,0.6241670718270158,0.9187497630155264,1.082754074318815,1.7773154357929535,-0.8087181785535549
1.6782442177478039,1.7890392095846728,0.698509418646535,0.9342119221200448,1.126161853257001,1.7773154357929535,-0.8087181785535549
1.54266743949344,-0.4602538727001811,0.9243516604971564,0.9942608175617083,1.1496192504381846,0.3938977599009701,-21.29343522708122
1.4319906158381737,-0.3090987254122292,1.1376118309504464,1.0875113886854644,1.2339310055003991,0.7208850646570211,-24.55787312222379
1.2540311735958016,-0.5061680574408112,1.1334006698712167,1.0315362371869177,1.1556689623513088,0.7208850646570211,-24.55787312222379
-0.10707812288709473,-0.38371906017848156,1.2404974213839384,1.097068570067876,1.1488469006179027,-0.35055518489154514,-16.88373354651693
-0.08029007141349154,-0.43944796320982854,1.27129294435414,1.0599585083694887,1.1270949848428724,-0.35055518489154514,-16.88373354651693
-0.14660275819819846,-0.45945344380593517,1.3475147151925848,1.1462200177556743,1.109786898342918,-0.461175450174212,-36.07638973302282
-0.14285816905720905,-0.5084164653993057,1.3858164161682178,1.292178047908602,1.1791362505451204,-0.4509318332323402,-37.300407680475004
-0.11401998717285144,-0.46954436861084264,1.3012087895422635,1.314347645770301,1.1958145372574345,-0.4509318332323402,-37.300407680475004
-0.05763546566177974,0.83524070062399,1.250461168572731,1.392673154759283,1.257117773046679,0.4031114351363576,-42.28157491577764
-0.00013376813153581635,0.8903012969736164,1.1467862269262152,1.4687228903228131,1.2850741092019584,0.4518661366676384,-43.1666436505275
0.03719819314308215,0.9319940054892488,1.0053793702072755,1.4804130580520787,1.3390227737305516,0.4518661366676384,-43.1666436505275
0.1905812385549488,-0.047275462893638764,0.8705565224172467,1.4947549384360208,1.396274716393654,0.8647843038686456,-39.663604819069235
0.1939853418903567,-0.05674849192256076,0.7368396201463109,1.4868174949853725,1.417275058705285,0.8647843038686456,-39.663604819069235
0.274086474098238,-0.10938710785871064,0.6787919287941435,1.5157651499277247,1.4607288561528298,2.0667671742275497,-40.54827086879223
0.2526885494867803,-0.186991459001506,0.575729189659542,1.5617034307910156,1.5045982438753926,2.1753064057493376,-40.885758572804036
0.19944789984043032,-0.24598995148872793,0.48977000093780454,1.5402006204144383,1.54159721261495,2.1753064057493376,-40.885758572804036
0.21496343617308467,-0.36539045826856875,0.4543163826359007,1.56709113976211,1.6015451456501566,2.324262405115946,-41.13353200117815
0.20551742633591952,-0.56863593667276,0.41086805946265015,1.588640783394109,1.7102106670093282,2.5295811418908545,-40.1536029156654
0.11358544530370085,-0.658333881967418,0.38846491882667045,1.5531563789852973,1.6902147351450019,2.5295811418908545,-40.1536029156654
0.1343971990229358,-0.7354174599039751,-0.6430332569984514,1.5516147870707666,1.7480692537860651,3.276560899177163,-19.850438796267206
0.10547994294110752,-0.69381081131654,-0.6389215367049836,1.501837831988702,1.6684783618223276,3.276560899177163,-19.850438796267206
0.21051853308520818,-1.3849220061345817,-0.6975240768323039,1.4465954268804855,1.667043838982905,0.9440074622341856,2.873500843348082
0.51603904208181,0.28280683536682916,-0.8650314870531071,0.5607555239815697,1.5900597631926345,1.581082579270876,2.1273551350516327
0.5801499601310267,0.3607581502861341,-0.7294536772307663,0.6207848115653067,1.5335160445301272,1.581082579270876,2.1273551350516327
0.7519242288545832,0.7279248598097896,-0.8780770998281042,0.6681746291021308,1.0710564369833597,1.352298588124266,3.8105113328092197
0.9297148201321241,1.0250677433765134,-0.8715295558214379,0.6962090026271048,0.9715562326250129,1.4863781042524788,4.988333681614769
0.9939745135581232,1.1668605114680481,-0.7611782721828845,0.7225555888704658,0.9601596639201211,1.4863781042524788,4.988333681614769
1.1146561758688467,1.3700029817664339,-0.7556539837030245,0.7710361172115554,0.9521681094071348,1.690750565779374,24.027262007581065
1.2940538138518807,1.611002810972725,-0.42986849519133513,0.8041945600388742,0.9379678974502705,1.806581417779408,19.306527847944864
1.3499065422756564,1.6737691904465597,-0.32378374961859835,0.8444752832181259,0.9448798915181182,1.806581417779408,19.306527847944864
1.4836097562273312,1.7423272294014645,0.235778011381458,0.9564899931423794,1.010802322202315,1.8726415115211479,10.331451890090378
1.4461103403103663,1.6956070282386593,0.3100162691607703,0.9642435750440141,1.0074290834643531,1.8726415115211479,10.331451890090378
1.4455151232089565,1.6379081166130334,0.6858678268085703,1.0376283076006705,1.0347527061117618,1.9075935998594966,-12.637316356180277
1.3379288644427443,1.4190206741818707,0.9207030010906067,1.1301702481485967,1.0882960974847706,1.931501777731902,-16.09985939394031
1.187279403159931,1.2601253893784206,0.9106363638557198,1.073184055985248,1.049808574868445,1.931501777731902,-16.09985939394031
1.069413190090284,-4.259888113092048,1.0117727352462271,1.079663651866275,1.031265052243647,-1.5198245732251217,1.2371343218189674
1.2227222977440448,-4.314382973808755,1.1498765531447541,0.974561688169654,1.0470434228098426,-1.5198245732251217,1.2371343218189674
1.2862945528107634,-2.830355470074826,1.2811044881902578,1.0554838753305114,1.0046467628315072,-0.5252570781269661,-5.438494306524084
1.2983602554354692,-2.2996455129437963,1.3518672545902566,1.2295764773349596,1.0464689830673322,-0.2242196307483617,-26.17432692284752
1.3274390026971203,-2.2168023777157266,1.2987358460949618,1.3461200748310311,1.1222860957999812,-0.2242196307483617,-26.17432692284752
1.3978434629432912,-1.7646377609071346,1.1930523267358135,1.3618380475161043,1.1865422618925057,2.0228374089730026,-27.191872932399406
1.3578605568981803,-1.9948103138880233,0.9621577285444869,1.4114603281037035,1.1627291556535722,1.819783998978449,-25.21743671784694
1.4010947456265135,-1.9378682200861765,0.815813925284801,1.3941729647224623,1.2372647944438546,1.819783998978449,-25.21743671784694
1.4229804507751485,-1.9815766988163093,0.5957373747676478,1.3413488917499394,1.2844573158328003,-0.0901490774738627,-23.74208907157597
1.4782203281424806,-2.109878338558837,0.5637766648999402,1.2735008900384535,1.355420226717798,-0.0901490774738627,-23.74208907157597
1.4726427655775987,-4.49264842454333,0.4198588968398956,1.2524955379780682,1.3357477288182464,-1.448495630734147,-13.62013724179522
1.5532477352050966,-4.54276741438853,0.36925790812497683,1.2422240876090955,1.3833800488414827,-1.365715539096026,-5.722954826772434
1.621344408243699,-4.4952563958792116,0.4002142808383279,1.279827840681574,1.3675912381399145,-1.365715539096026,-5.722954826772434
1.7324855838486648,-4.395118942703303,0.44495533742041554,1.366977144096072,1.428223096001231,-1.3438662311279062,9.125088942305746
1.9062848108443045,-4.174372275388668,0.26464961108491936,1.3931212618382518,1.4482984225420878,-1.2327652781527578,13.281134849649249
2.077057092364638,-3.949521748279527,0.3135613068474051,1.469261215308413,1.4979520666149007,-1.2327652781527578,13.281134849649249
2.239871681257205,-3.772859757265631,0.32333233719167975,1.5214628737521227,1.563778320964268,0.802768109636802,10.973219926879326
2.22780423559103,-3.6349418049705777,0.28886063991167066,1.5896318982121131,1.5696194831688022,0.8017198600066702,10.747733340681279
2.2416745904009243,-3.5602312613712144,0.29031653149247116,1.5826780435924528,1.6324002322376006,0.8017198600066702,10.747733340681279
2.2144537409996468,-3.5910551230702294,0.3346367417815601,1.5400568906692382,1.653167259376837,0.8293144221427105,9.986144510836196
2.117943324499283,-3.7183033561901104,0.3651701274982826,1.4859408302417096,1.6460691399689615,0.8293144221427105,9.986144510836196
1.989627948039435,-3.883290923434281,0.4153403231082669,1.4694739330898887,1.6441900514115004,-1.1079463694695333,14.963145527963613
1.9398820030989923,-4.042911246453633,0.708777442784682,1.4228707482559433,1.6749215285915477,-1.149055683629422,12.428692061280909
1.856582423729236,-4.1898599779638515,0.8264027102385364,1.4152217625125378,1.6139430833209483,-1.149055683629422,12.428692061280909
1.7575684771198976,-4.248221662107088,1.0791500575141562,1.4977416854348315,1.6329441168399832,-1.1808040389287928,5.40460541064393
1.6863093092538628,-4.245733552966382,1.2845833689785116,1.5750258236123995,1.6507943139694186,-1.2343761754332945,3.312477391557678
1.6968683409365584,-4.193504702684692,1.3317606298568851,1.6019840483860457,1.648181104378352,-1.2343761754332945,3.312477391557678
1.6914094681173746,-4.107950158058071,1.421974589053279,1.6579241704055452,1.6686510439755664,-1.2545519028628067,-5.0287495629314485
1.714848511132763,-4.06332153387618,1.4146356370327753,1.6952682521570035,1.6905652300421903,-1.2545519028628067,-5.0287495629314485
1.7054187125007245,-4.0170816695283165,1.37587019524979,1.723625328236973,1.701433046213441,0.20125027330720413,2.5759540769371094
1.6824877273714849,-3.932221727358307,1.2562562050752215,1.744093035412894,1.6962304083082558,0.25045902631052663,3.3200153181894447
1.7223773375406466,-3.8871910286383407,1.1988231546701353,1.75458222774235,1.7393098725303717,0.25045902631052663,3.3200153181894447
1.7503138101742723,-3.903089077359356,1.1322085699633442,1.728724786349168,1.756443349157528,0.7809191341811637,3.1410054119379214
1.6929900932914743,-3.9569304319903695,1.0702781375633061,1.7653976315375348,1.7863331494796044,0.8284483171876471,3.381095093536793
1.6494726751082385,-4.028831568889614,1.036217744598902,1.7388363773807767,1.7957888847128818,0.8284483171876471,3.381095093536793
1.560560930898769,-4.117063912193477,1.1764239071070284,1.7397278276750068,1.819298849559325,-1.2253823406324693,-17.448919954162506
1.4849934834930503,-4.324539934951122,1.2670486063464745,1.746611043527408,1.9203994567620633,-1.2200751825394685,-17.80898476829635
1.3670500303222781,-4.4736873747627595,1.2601179792430384,1.6996044684552132,1.8583187533208732,-1.2200751825394685,-17.80898476829635
1.2761557246246977,-4.526410068380825,1.2844947978909382,1.719687843849973,1.8411099999453975,-1.2221544692054371,-17.80486242534816
1.2614137826519116,-4.515583990237667,1.2712169834650926,1.736799335638879,1.8288996676621525,-1.2221544692054371,-17.80486242534816
1.3281908358914047,0.6350223592807718,-2.84840826846065,1.660288391279034,1.8083388849911508,4.067155388621132,42.391970403503976
1.4078772211980024,1.2694401914195603,-3.161543301264362,1.6080848647893982,1.5633139824588684,4.2464522901370145,43.6296978313004
1.6363768391183733,1.5611324818857222,-3.1551151474789454,1.7132167997441934,1.7066060901817586,4.2464522901370145,43.6296978313004
1.8411354870638774,1.791886096153761,-1.6455657420040875,1.5670871042792591,1.7180602518005803,3.4862308904314894,30.328055896402564
1.8601404067446663,1.7655017457009632,-1.5804555701197407,1.4279774630068647,1.7503614186977396,3.475563362239564,29.72379267298493
1.708875234899302,1.5898662826585495,-1.5041171693123245,1.3229128725121655,1.6928197282139297,3.475563362239564,29.72379267298493
1.5317028428409425,1.4566327403538162,-1.3786345219005676,1.243487531710165,1.6249538182985601,3.540599022148485,40.462990606855584
1.3711611127888859,1.3189101570118114,-1.2348677391797298,1.1528287867012719,1.5193701814994398,3.540599022148485,40.462990606855584
1.2448240282719147,1.2096959853420182,-1.0676123508953246,1.0690137444745615,1.430211325888741,3.5009671208190785,30.326961270705493
1.116696684101968,1.0742778160463644,-0.9212097227895404,1.0590270141588074,1.3759481062185746,3.5011168236628087,30.312116667329438
1.0182995256608556,1.0137253422403227,-0.7968904185557567,1.0266137551490757,1.2969934015951374,3.5011168236628087,30.312116667329438
0.9599860345546358,1.0070651434488302,-0.6829847977704548,1.0113714205485262,1.219878720958324,5.301374856913544,29.25011314994401
0.8488003811642028,1.040081708396436,-0.6683758638619267,1.0334746158547716,1.1124776607069613,5.298742388318555,29.2034246033871
0.8308415734388859,1.0811568553008617,-0.634182044698483,1.018624047251929,1.0893010932008593,5.298742388318555,29.2034246033871
0.8324495917180278,1.0836631580138543,-0.62827122671759,0.9744938559105252,1.0271388905628174,5.497038134593928,29.226387018965617
0.8032893422127148,1.0539556206568699,-0.6203172893999476,0.9448087777544129,0.9790738581660758,5.497038134593928,29.226387018965617
0.7760327116522618,1.0134157492799891,-0.6085838976924047,0.9170174232545817,0.9316923634800919,5.499875003950334,29.197243305258613
0.7483613740557009,0.9613143311426933,-0.5978032764444199,0.8865257379782454,0.8879436392693099,5.497337643218405,29.196697741807636
0.7216613024937968,0.917220218947014,-0.5847442741230529,0.8651031274611678,0.8489575976150049,5.497337643218405,29.196697741807636
0.7047695878061587,0.8877425590988157,-0.5721301259303756,0.8487732811837123,0.813673364186264,5.50001850378031,29.18427029321441
0.697394322623805,0.8733587899118025,-0.561476891740313,0.8359819324750322,0.7728656891807374,5.488240180888502,29.11207189327435
0.69797845798724,0.8710003910103389,-0.5533395687808662,0.8301581403704101,0.7468616667661304,5.488240180888502,29.11207189327435
0.7120145601461727,0.8842022992155978,-0.5491947138645003,0.826202318921242,0.7113488609797372,5.479358724901761,29.027439795647446
0.7256942605315215,0.9006856536752493,-0.5484043144299939,0.8253014627101153,0.6932781908652391,5.479358724901761,29.027439795647446
0.7453343554360751,0.9210152093342467,-0.5516064722911903,0.8140149090624683,0.6758865643908936,3.4722996435290385,30.04023869624747
0.8675562481482849,0.9374567737148529,-0.91446920355766,0.7835617909553376,0.70856147423773,3.703296622552914,38.50886637658139
0.9322062996873363,0.9951286584850698,-0.8889079534567605,0.7900271061781914,0.6474341348276935,3.703296622552914,38.50886637658139
1.0084257174388447,1.0862605904325455,-0.6978617961084108,0.8624149414409783,0.6724541770499943,3.6353529812994436,34.676994814975004
1.0960050905919756,1.1749479354413637,-0.5233958222530926,0.9121532580430738,0.6948480209521354,3.544632491346091,31.48804164834855
1.169986543844526,1.2663971005997494,-0.5291113111347991,0.9497645563101411,0.7245078511308216,3.544632491346091,31.48804164834855
1.2306513278178237,1.3318938937383344,-0.3959855200176945,0.972174223111336,0.7400827766264886,3.4568393391119834,28.59718845261482
1.2733548090300049,1.367357676974567,-0.29049675489959315,0.9936973969456064,0.7636702125305631,3.3838034347439274,26.07707327372029
1.293552909043001,1.3744821478834046,-0.3271971015113886,1.0002976660421803,0.7845181272485704,3.3838034347439274,26.07707327372029
1.2966154021665997,1.3488779273643228,-0.23918136595422324,1.0073012180561065,0.7938102990685032,3.3239353285830537,23.67196880836266
1.2916736225570706,1.3170000764895802,-0.275768536002174,1.0114141857145187,0.8126588586694515,3.3239353285830537,23.67196880836266
1.2805449695169226,1.273965519452244,-0.20748973205941335,1.0276799678079747,0.8230592457325431,5.254868594237129,21.618903312655025
1.1718771130817627,1.2305991329540433,-0.21431031245329646,1.063442082783463,0.7925411125214041,5.190687241239112,19.628524836611053
1.1327755605096768,1.1936055787994748,-0.2802853107585286,1.0502729511229911,0.8388026404265838,5.190687241239112,19.628524836611053
1.0752025223000645,1.1119109454569072,-0.24600496043434572,0.9998268986734197,0.8253037064483358,5.116549477429207,17.623116990895973
1.0039791112089498,0.9956507910089001,-0.28341431999380495,0.964134608524678,0.8261481602685031,5.116549477429207,17.623116990895973
0.9259280080341062,0.8709812174049256,-0.19786181622503274,0.9301993333416555,0.807446211900315,3.060136488415134,15.511009882502181
0.9323676038570033,0.744846730087294,0.00022060299618276158,0.8791527814272163,0.8436802403661676,2.9832243089555766,13.093707457743944
0.8855755114520025,0.654702540922188,0.026991908422639654,0.8759502705241794,0.797633889382896,2.9832243089555766,13.093707457743944
0.8558490829776838,0.6479983374375902,0.16817735129907918,0.9227765278031232,0.8027515565243795,2.9276880342165654,11.117069906963703
0.884729731638717,0.7174888730617214,0.17485628513502216,0.9635791204612119,0.8057526355001859,2.9276880342165654,11.117069906963703
0.943820646288408,0.8128208981584651,0.2577962031047828,1.0057096953332092,0.8237736313620612,4.872608743167048,9.246308509746683
0.9160431120509509,0.9368473574621452,0.2363545424628039,1.0797463575851496,0.8022631031927734,4.82669929532671,7.5356893222279275
0.9618242851217709,1.0350402706151924,0.15632809839800677,1.0922177977599272,0.8618336342862467,4.82669929532671,7.5356893222279275
0.99394575277943,1.0474550365022053,0.15566794382365307,1.0710932502636852,0.8641474592177014,4.78065387461899,5.7479801736637866
0.9740584242446184,0.9962537208223452,0.08855795293457575,1.043070488717519,0.8796392722905289,4.78065387461899,5.7479801736637866
0.919666217328893,0.9013754757492427,0.1545282503380773,1.0143841242163487,0.8754259115218348,4.714736735146876,3.4773548924484365
0.8529526909807937,0.7784353712757119,0.24939760646935666,0.9922966611144476,0.8768200247696265,4.643484185293609,1.0498726146333537
0.7806751266211004,0.672254824965009,0.2244077060913105,0.9679555315403862,0.8697388218547022,4.643484185293609,1.0498726146333537
0.7176399211241251,0.5917426346316029,0.35531635444408594,0.9525166470397288,0.8569722936641991,2.592188699249819,-1.7919625815156597
0.7625697881954248,0.5143704544523704,0.4241394110164367,0.9159752364935793,0.8970655777971065,2.592188699249819,-1.7919625815156597
0.727208477637693,0.4712472333645392,0.5942992974674459,0.924650394968388,0.856922703422723,2.4703004842087557,-4.6741471972656425
0.73031842074475,0.5005961873280047,0.7664741283539479,1.000001467847283,0.9003719124688566,2.43218034420945,-7.310596157303598
0.7776743963379582,0.5858711626020902,0.7519766687159505,1.0438711972445391,0.9119665714063969,2.43218034420945,-7.310596157303598
0.8465755387368248,-0.2750986050118148,0.8454340377863078,1.0865821924671142,0.9348851981499527,1.733304184448908,-24.152283359596012
0.9042676761737556,-0.24066057204179114,0.8048207884519174,1.137781578367999,1.0085036516723191,1.733304184448908,-24.152283359596012
0.9320946285420328,-0.054446866219034495,0.8058953702646003,1.0939215297958178,1.0059758861214347,1.7247490326923627,-26.612951675718996
0.9520872536944394,0.07786230710106462,0.7859921396984445,0.8558864920141863,0.971448799282796,1.483044304355051,-28.799590128606717
0.9893898779826753,0.09258632014828527,0.6877199587258376,0.8663759396782273,1.0119654913810283,1.483044304355051,-28.799590128606717
1.078505015410442,0.10112361770183953,0.6339068226457265,0.760201566652256,0.949636738018032,1.3140792677804791,-12.572527352469839
1.1780443983560973,0.18233291128026063,0.5585679378836806,0.7488142107910823,0.9642156945643063,1.3140792677804791,-12.572527352469839
1.3145706556907713,0.1876149591220484,0.5319989478430784,0.7805729098793054,0.9060201023304102,1.1627323788615307,-13.652492237233844
1.4258269965416448,0.17680342521521908,0.5343113449482131,0.8476429139646404,0.8892637580549541,1.0533778464003367,-15.060652235600646
1.4793453898999707,0.210381496380678,0.4955180650390602,0.8731145354201689,0.9389383456899251,1.0533778464003367,-15.060652235600646
1.5118857371968593,0.2702000864954554,0.5064323343919077,0.9283713487409456,0.9426867269532354,1.0330024538439506,-16.1842627296233
1.5230203858616944,0.2864446598313454,0.48170281517091706,0.9404170303151596,0.9778431421025439,1.0330024538439506,-16.1842627296233
1.523611972480705,0.3308620098487841,0.49786959965440014,0.9799587509485077,0.9996590265892941,1.0622260097444647,-8.110805018360463
1.5416015596082233,0.40212592660915875,0.513245974751338,0.9998224935751301,0.980415211409342,1.0672644877972708,-8.774572752879262
1.5525425470501426,0.4078812714507458,0.5243901888127823,1.014380186071307,1.0034268563358502,1.0672644877972708,-8.774572752879262
1.5533672874630986,0.42217607389639505,0.5593707593990461,1.023735485649101,1.0250602217611406,1.0728183566871232,-18.263363443976697
1.508072754633298,0.41810781147595727,0.5706043251871932,1.0652675486937528,1.056356025341901,1.1186355613038774,-18.446057619841934
1.456536268402472,0.38247128154162585,0.5668792054808133,1.047363360724178,1.0563447069838996,1.1186355613038774,-18.446057619841934
1.4079525159029758,0.3727980872692146,0.5752624511997726,1.0342473706492183,1.0519039292656542,1.128475804203699,-18.54550902225154
1.3715766869161738,0.33887409158471576,0.5769604545503277,1.0235298086150872,1.0475043682712686,1.128475804203699,-18.54550902225154
1.3421962170089163,0.3126502025189571,0.5799277154612197,1.018580021628703,1.0459626710024346,3.1311252566448564,-18.55946604607003
1.2267005114351415,0.30242171850972455,0.5057321028507656,1.0470453038542245,0.9962297581880469,3.1248700518846455,-18.61194621385199
1.193659978061312,0.2978463493085013,0.4752033934776968,1.0326858452893823,1.027004256958205,3.1248700518846455,-18.61194621385199
1.1634305227252733,0.2672966461319907,0.4842109950264418,1.0184361181145516,1.0084352370429348,3.1420238365436868,-19.570408676500346
1.099362000744481,0.17724064928725625,0.4722622322769905,0.9809008458519687,0.9967678629519641,3.1420238365436868,-19.570408676500346
0.9819505036134824,0.15250414859109762,0.550605078943613,1.0036513360652803,1.0001337072804224,1.1851090616833346,-23.55338708533586
0.9894087641423042,0.1504774935687817,0.7150645321210483,1.0148073432010305,1.0703640254333757,1.321572907768771,-25.17765379597773
0.9250000060349833,0.06230753351835272,0.7492066053267525,1.0039714586799788,1.0088869749514129,1.321572907768771,-25.17765379597773
-1.152504077855747,0.15419037128972968,0.8549222853190908,1.0902495473726852,1.0299443420252372,-0.6924993487885893,-37.67953769828351
-1.0802704729192043,0.13921820122199446,0.938271707730236,1.1048489146696603,1.0863344932497572,-0.6924993487885893,-37.67953769828351
-1.0355331676460116,0.2657302135125402,0.9770549412878777,1.1709743534528543,1.0771978387960646,-0.5832831216345662,-20.579195808878975
-0.8872860536110351,0.47779217047606404,0.9964161931057326,1.2385398770492355,1.0673893276850652,-0.5265822633315125,-20.714579229119888
-0.718804591185537,0.682895313716084,0.9868976230535496,1.327627013928293,1.1069440536322854,-0.5265822633315125,-20.714579229119888
-0.5094538146478365,0.8632346847905603,0.9590777267716355,1.4001494420199965,1.2113393094049056,-0.44273104029726706,-20.86650079619781
-0.36690796858519503,1.0256899338589902,0.9058619083766731,1.4523568206041835,1.2659873559205839,-0.44273104029726706,-20.86650079619781
-0.2499993515953707,1.141030258659368,0.8623493142645441,1.509524990839982,1.3271201738904217,-0.4167723676452715,-39.07370906143561
-0.24790518806412193,1.1134429235054064,0.7926472067513546,1.554733405005159,1.4112880154019465,-0.40932115351897513,-39.144186737125864
-0.2865075159709449,1.065942876420106,0.7015074584111607,1.5230274670082402,1.4389075351951843,-0.40932115351897513,-39.144186737125864
-0.32697250873292083,1.0116349731366654,0.6331298359091933,1.4979660309454517,1.4485394795590647,1.612041314063624,-39.19775931680532
-0.47956016686890307,0.9289569178248578,0.49025934767348933,1.5063348060842014,1.415908044116345,1.612041314063624,-39.19775931680532
-0.5614329697351694,0.8300047281774297,0.411089049321431,1.4808606177133854,1.4668713040355033,1.6099468434581379,-39.172368592478236
-0.6176708586913556,0.7106799090660061,0.33940232695052464,1.4543338079993828,1.5105004521262204,1.718514331021403,-39.01891994507878
-0.7129604192652401,0.5646053820331556,0.29653451695788124,1.412210194446913,1.5052052977179053,1.718514331021403,-39.01891994507878
-0.7604297614315011,0.3802319534851867,0.30584938365978465,1.404268499635597,1.5444717407861102,1.809713496191733,-39.10175974835687
-0.8488347072357754,0.2768276446199076,0.30124542959267986,1.3768765808116223,1.5248104021080247,1.809713496191733,-39.10175974835687
-0.8846631406300444,0.058644101446081565,0.32228521235874563,1.3935666632796917,1.579859734158622,1.8640083267625638,-38.364717881191076
0.39160293061866713,0.027916148555799825,0.3007487266487576,1.4097877792254654,1.603005795986811,3.3426420933733807,-40.09652274963947
0.28496735864146583,0.027630174515666406,0.25944408322999,1.42770818237309,1.5525854846846936,3.3426420933733807,-40.09652274963947
0.4112635011088053,-0.6673827380962255,0.24959609198026778,1.408633850626216,1.5890875079347135,1.0987437398926527,-19.60719067339204
0.5685324264697316,-0.59641260320823,0.3439212061137864,1.2950672546271071,1.569446196234527,1.0987437398926527,-19.60719067339204
0.7397226336136682,-0.5343269769107639,0.432177638065268,1.2912045860192558,1.5238873651625786,1.2303865007624717,-20.02542254082831
0.82368912645363,-0.410515028130338,-0.20861582051197414,1.3473067956839588,1.5424398422028243,1.7144708816414598,-6.293390934349747
0.9060463407735779,-0.23376655590346185,-0.14559038511692834,1.3681344284334092,1.501694211126551,1.7144708816414598,-6.293390934349747
1.01422153216489,0.019316746691026565,-0.025019155285048278,1.4179848806861968,1.525412404297204,1.7617870028891938,-18.138607101549354
1.0566945555237552,0.16812345890380465,0.037108632217924375,1.453013972577239,1.5779674065692813,1.83666611773271,-18.764689728219427
1.0584131064783562,0.21229628945111517,0.061080284315037536,1.4408565940413722,1.5717514396482688,1.83666611773271,-18.764689728219427
0.9908048305762811,0.304125862840289,0.09019073069716321,1.375680603659946,1.5518250921749837,1.8012982518859095,-26.264819718335993
0.9405153528141668,0.2769628336300178,0.13508842765663398,1.2961641005513318,1.510640041205845,1.7200317924901354,-27.251919946915777
0.8783074689298889,0.19724627530074318,0.1414526063835998,1.263173096663568,1.488770942936144,1.7200317924901354,-27.251919946915777
0.8390406312433439,0.1589438301635363,0.17383908852188124,1.1239548573177387,1.4179925083065996,1.7162107841797312,-28.23456992651939
0.7940112968094195,0.0874602735748522,0.17765577190892756,1.112336615020586,1.3999804491092847,1.7162107841797312,-28.23456992651939
0.7991917210391709,0.03897018466906743,0.20402457678259178,0.9445279534960724,1.3532621096775694,1.4841165258763773,-29.173330566324363
0.8237584886691679,0.003731908877691037,0.23102249211567194,0.8621299859513378,1.3504757044573459,1.442473544799804,-29.737524524630196
0.8282325224515061,-0.009483403464734197,0.22477719166669274,0.8672747314398424,1.3436870089736959,1.442473544799804,-29.737524524630196
0.8629753121875399,-0.011671976506554271,0.2186824484120734,0.8416935837639422,1.2681932095894632,1.32832993735685,-24.340203603646916
0.9132994354760061,0.04026984015300139,0.21233155468751108,0.844229999763779,1.2654814126038687,1.32832993735685,-24.340203603646916
0.96974636199937,0.07258963796510143,0.22994753767967357,0.8596203263469164,1.247127574784389,1.5001794012164886,-12.873208709429692
1.073158022907355,0.17120614199132977,0.22707968165300874,0.8512817369110585,1.2165631390774778,1.4804703547937255,-13.136961752673995
1.152444163403492,0.24929020234325006,0.2405878054530881,0.8860096819546207,1.2430135033886713,1.4804703547937255,-13.136961752673995
1.212503340086503,0.27540253831175854,0.250522537334825,0.8946174502178578,1.257961550437072,3.2122202087050313,-13.228986224866002
1.1607160995430612,0.32734466091097925,0.19419945924751647,0.9296417932489164,1.2318447902665524,3.2122202087050313,-13.228986224866002
1.155075916911985,0.35079318723158764,0.21915666936690348,0.9267968264068416,1.2513371177133519,3.1846374323689233,-14.024230195385122
1.1164350430492946,0.34146670404789947,0.26190380220394904,0.9123994685687769,1.1898768332792091,3.136534420183616,-15.489727348310705
1.0403277041989638,0.23569769163983234,0.27615029188717055,0.8686129812142354,1.1775187626971837,3.136534420183616,-15.489727348310705
0.8743845592705866,0.19395059326139008,0.39466167627761883,0.8722714997910079,1.102399669192662,0.7455001273761699,-19.99343156392006
0.8797891808063822,0.04270654643647909,0.5254458573082377,0.8096143829261072,1.133774739550439,0.7455001273761699,-19.99343156392006
-1.9734670427693959,0.04625866123970512,0.6829670082501281,0.8665597456964863,1.0570438730166458,-1.775409881484712,-31.88084913486091
-1.8966466075317718,0.06585976909199254,0.9250427037532366,0.9565693642381234,1.1265398097503043,-1.6632448684597974,-33.6485204619122
-1.8907862908309507,0.08841138718850639,0.971181642972548,0.9972229791419323,1.0663976443952388,-1.6632448684597974,-33.6485204619122
-1.7912363735731684,0.30354889997178847,1.0407364674350326,1.1446996502698155,1.0890638196244877,-1.5680846341680226,-34.535284160726775
-1.6561223284966162,0.5098430708605082,1.008594523205193,1.2273023308548028,1.1142043192908933,-1.5680846341680226,-34.535284160726775
-1.4397984940698256,0.7245281524709988,0.9630624413732441,1.327933699345318,1.169920238562354,-1.5114451399228586,-35.06270144488967
-1.2008542887764344,0.878533494708746,0.8707705523215731,1.4128231957559254,1.2338943989850568,-1.427622481593937,-35.15036084582549
-1.069275348989524,1.01157228754828,0.7593044014763541,1.4571539752623432,1.301418968276676,-1.427622481593937,-35.15036084582549
-0.8702238137402136,1.0656175146008715,0.651812706983008,1.4901896343076766,1.372051843105957,0.6701709483817502,-35.323130766577705
-0.7745861053526576,1.07284751691344,0.4679606505190179,1.5624883032062635,1.3875966660993564,0.816354117404535,-35.527696484906684
-0.7831323228807154,1.0549806744349677,0.3393063738522055,1.5534626757108414,1.4710399009018646,0.816354117404535,-35.527696484906684
-0.8146139941430605,0.9287549623397332,0.24805181556510347,1.5214052845124655,1.5444102111871039,0.8750897050912674,-35.61218289233433
-0.906755442857093,0.7630628254514108,0.1794967637766316,1.4694690453634678,1.563081013456248,0.8750897050912674,-35.61218289233433
-1.0241269021785573,0.5817369114872011,0.15083432564330024,1.4617698134227994,1.628382613020912,0.9894765865704611,-35.24974313371368
-1.1499005234932256,0.4174802542518449,0.1439325712574835,1.4217439706590054,1.6154967490294871,0.9894765865704611,-35.24974313371368
0.6189166629278238,-0.20173123577852148,0.13685466098838894,1.4263297595820281,1.6652880293591241,2.7485784480655386,-36.41163858671793
0.6467211863350749,-1.52005851678094,-0.046430850763258924,1.4330871777972667,1.6472592048489298,2.292035500222259,-29.2273950936555
0.6064564021930623,-1.5349978842902625,-0.013408325309895996,1.3869697271755723,1.6496775431122512,2.292035500222259,-29.2273950936555
0.7195171534531334,-1.2972727285160683,0.012281467160169868,1.3244401592522623,1.6303093251871599,1.730619108201942,-11.779245455528443
0.8621473704806492,-1.2605690490117638,-1.4864854970495216,1.1406427914770456,1.5688831560418883,2.5243931567504383,18.583921199433043
0.9611245793813368,-1.0792147194039003,-1.3825641298696496,1.1212824783163768,1.4624993659721413,2.5243931567504383,18.583921199433043
1.1627840879934732,0.8104236583577744,-1.0298633173267686,1.083563666906752,1.492082516563731,2.473530379465572,7.39988766217404
1.219924023679861,0.8696363696878842,-0.9113419885308793,1.1225627533905607,1.5177015702345824,2.473530379465572,7.39988766217404
1.2614317834629152,1.084968553066057,-0.6013653194542482,1.0252717849053608,1.4533824568634726,2.3846021169225473,20.74050454406042
1.2995919939529457,1.2634034814956088,-0.3181966870450587,0.9297875334223192,1.3730510965779745,2.295394374195947,17.54935191874757
1.3062300083362832,1.2963467611900459,-0.17451412893940293,0.9350521974623334,1.3475036080809208,2.295394374195947,17.54935191874757
1.3173474573226802,1.3206703910167228,-0.016485142484323312,1.0574886185935664,1.326007013676774,2.429105512558041,-1.624530967953869
1.2146865169904677,1.2261346273115366,0.07561347650404551,1.0798931165166565,1.3166286965279432,2.429105512558041,-1.624530967953869
1.0743136475845056,1.0266223837524275,0.21047253213910377,1.1768286825565812,1.3201328980309799,2.7150036109850078,-1.7087688618155912
0.9245935696131844,0.7281286031836589,0.3425249321853753,1.209509860611169,1.283682942355361,2.536888143027846,-2.1772795655621295
0.8748474528599546,0.6567211339657817,0.3803500091176283,1.1822656916626,1.24978316801004,2.536888143027846,-2.1772795655621295
0.8128552026867978,0.4738820827542185,0.4868675921533799,1.1939285396976678,1.2236752403465063,2.1438704112980043,-3.2426850387250084
0.8123162206056078,0.422859609278923,0.5162801394410208,1.1872594297589085,1.2101910408089531,2.1438704112980043,-3.2426850387250084
0.7944481454156732,0.3278295377329563,0.598768574472964,1.233157704852978,1.1847716814732765,2.6931642782358427,-4.344115235429731
0.7495979707077931,0.31715359130493104,0.6364371590408311,1.2695295502771922,1.2128689119849874,2.678234889943475,-5.075659443552844
0.7753644663136606,0.345589424197561,0.6127526625481335,1.2817857743275978,1.2210966707148732,2.678234889943475,-5.075659443552844
0.7928047041514845,0.37376618774141,0.6343750275172797,1.3060850268698827,1.2232199559662036,4.02609125003762,-6.1083693662615195
0.7492004117193328,0.39548928198056843,0.5468262043960502,1.330062113964996,1.1978043191753598,4.02609125003762,-6.1083693662615195
0.7194368574023717,0.43215370950210297,0.5638826598818205,1.3102810789585766,1.2481553972820492,2.007033820887841,-7.432494273742827
0.8036755601990397,0.40470616833833206,0.6615088604790537,-0.2765277462406759,1.316507530622411,0.9817092099390856,-10.19379479258659
0.824311140837094,0.30451732761814354,0.6941591557043341,-0.3055125900551984,1.3080267518868107,0.9817092099390856,-10.19379479258659
0.7362760646278372,0.3077736771502837,0.792627963626148,-0.2216204977297766,1.2989566091693139,0.9519792705946837,-10.646702278337305
0.7213529921853067,0.3908037823844026,0.8720115534930358,-0.1449503983644841,1.3048993021357513,0.9379039244845306,-12.014572267408518
0.7731527803970153,0.4683732716599559,0.8606114382258617,-0.10008918331135319,1.324867828491473,0.9379039244845306,-12.014572267408518
0.8195182037365258,0.6196432390293776,0.8809130552316897,-0.018387860865647754,1.3500446540214392,0.9466728957856958,1.5051948838780618
0.9481443199288451,0.7845433830261221,0.8547766649357272,-0.006748929413330024,1.3550915170375908,0.9466728957856958,1.5051948838780618
1.0579856795785814,0.9571365237541836,0.8477351554501893,0.1213039805343889,1.3687157096933416,0.977331621309534,3.020344873457999
1.109554440729083,1.0869914547878743,0.8123627146353644,0.23929361152811984,1.413754977415568,1.019317908264889,3.2209651454120856
1.175484282697593,1.1531498682663703,0.7953200217869256,0.2625042852868724,1.4506308805827284,1.019317908264889,3.2209651454120856
1.203783693776128,1.2123067022423295,0.7479801666898538,0.3333732334017674,1.4680024692806408,1.0703611231069434,3.9489196918418
1.2123241419295767,1.2163710812035071,0.742808930171566,0.33254831906050875,1.4874739432511435,1.0703611231069434,3.9489196918418
1.1831729977504821,1.2172677667496108,0.7485664437590787,0.3638825845484222,1.5044435202529125,1.408352567428551,-13.616640837980656
1.0758282963250925,1.1003528715918771,0.686680871364742,0.39225710066701497,1.5371714154149576,1.434682846130955,-12.800580783143564
0.9753344769311953,1.0071852863997899,0.6572745945526763,0.34688100973214514,1.530754451599589,1.434682846130955,-12.800580783143564
0.8890878672146247,0.9269956267032522,0.6358745388600997,0.3330326952624234,1.5038534091514375,3.136147599844456,-12.62796487910659
0.7367883604129037,0.8493853242556663,0.5555972752323759,0.3331631956020515,1.449928905871646,3.136147599844456,-12.62796487910659
0.6641152122154894,0.7901517739241237,0.5183668096286842,0.3371970535008988,1.4302725200643365,3.120408489368077,-12.787569938051888
0.612523534024296,0.7503888665215149,0.47806275135052045,0.3307492585747843,1.4024720334652776,3.1857717626273603,-12.923946562249721
0.540985674932768,0.6521247432888633,0.46148112707332195,0.29693196991920645,1.3832573241347572,3.1857717626273603,-12.923946562249721
0.504531652445888,0.6394033841240763,-2.014504232205282,0.32105157468352813,0.737207627025148,3.7460875594281022,39.72118151853719
0.6812247743327458,0.9146979857369657,-1.5707383689785783,0.3114284925337378,0.5808612945161036,3.6916385364059456,31.367852791264074
0.7988313206174721,0.9967469347889066,-1.4442625135987754,0.4052482777538887,0.6193752301484305,3.6916385364059456,31.367852791264074
0.9681169837645427,1.128664426859919,-0.6756838822030832,0.5524467890265798,0.6889930555229398,3.6273190972416334,27.02683623787472
1.143708658119481,1.2647235173964493,0.13204428594213502,0.7496742329787147,0.7646107742169035,3.6930151140405334,13.52155496944993
1.0855036571664962,1.2543643098531634,0.2161004121910579,0.7584651811875511,0.7658937222431439,3.6930151140405334,13.52155496944993
1.1210248528557523,1.2400822718548288,0.8812517196644787,0.9054473018976932,0.8403598237026653,1.7860587497203344,-15.185303665874375
1.0317693759146502,1.063111399510171,0.9948431475679829,0.885415725878406,0.8836856871628087,1.7860587497203344,-15.185303665874375
0.8786017027601456,-2.977153962430859,1.3269808049029161,0.9692021593718084,0.8800056300300549,-0.6646922980957117,-6.192846621752123
0.787296252887967,-3.018595971798499,1.6460987595242988,1.0218913278008053,0.9575698200393066,-0.7107485233102091,-8.734753178267674
0.8184563357234851,-3.032129058511349,1.691048088129136,1.067811893372768,0.8986239018123485,-0.7107485233102091,-8.734753178267674
0.8974764065457999,-2.9442093583402142,1.85473321344444,1.273413487068618,1.0172967541718618,-0.5995915152523619,-28.47212977822244
0.9750372736763666,-2.852084044845064,1.7966417977715787,1.3960904552147912,1.0800282635681646,-0.5995915152523619,-28.47212977822244
1.0865634846763683,0.120975420307876,1.7226783712615599,1.5064416267223988,1.1287811122422866,1.2422937525573392,-40.21258890965027
1.080924062268772,0.23542307087438902,1.479184522748542,1.5992910075590892,1.2751469130527637,1.4237619944449094,-38.96817650572931
1.1297962445161072,0.31591386136062416,1.2643759385801092,1.5989078217586161,1.352555640749447,1.4237619944449094,-38.96817650572931
0.7659959537374041,-1.9964715378615643,0.9825687961540297,1.560839551822806,1.3893086296825916,1.5505342889694038,-28.14723573496092
0.7930107618770021,-2.037201224903128,0.8099845515423466,1.5131902154947132,1.41392521452509,1.5505342889694038,-28.14723573496092
0.9140340360170064,-2.2049787988850524,0.5298634303685557,1.5091090505769849,1.4842875383851304,1.7545229246619578,-24.89955547179793
0.9757506661685786,-2.26512596713979,0.42764589152408683,1.4673787363738735,1.515379378879707,1.8566433702680705,-25.240162641589343
0.9347181685147268,-2.3521454006516613,0.3658829640603005,1.46071732454166,1.5446223667008747,1.8566433702680705,-25.240162641589343
0.9765163373567735,-0.2636863438600663,-2.3445860745342353,1.3617944103643926,1.5438323747236347,2.6148223845814984,18.28564711979822
1.0516284020343691,-0.10444556831802004,-2.342179587222115,1.2887074099090035,1.4548874259385383,2.6148223845814984,18.28564711979822
1.2304478954025226,0.5975362781029588,-2.3590187150118167,1.2108175683472053,1.4549023947632556,2.9885208605140736,35.76005522481215
1.4000409741687825,1.0209596616640138,-2.2344139715461084,0.9563477380294101,1.3957125657231184,2.968748089486585,33.178208010582686
1.4686730377676116,1.1210685662128765,-2.0849972171807893,0.9972137773216567,1.422789465331793,2.968748089486585,33.178208010582686
1.5420392413257098,1.3577628280824463,-1.9438358893611793,0.9880941620048795,1.3674565367627929,3.0714031229590333,48.44299080971925
1.5606154857015142,1.4642606374154208,-1.7725747630973783,0.9472294256175599,1.3101418963938571,3.0714031229590333,48.44299080971925
1.579125920514206,1.5850460390858836,-1.576069781427161,0.6308636470584804,1.2553951281679374,2.8984299188109697,49.31379949395328
1.5617271348675505,1.5852802213499926,-1.1953302149504044,0.7559340529749768,1.2240509042317376,2.9117507619169984,45.72865676832966
1.4992585207703053,1.5552861135044957,-1.01216532481712,0.7443390711286049,1.1766139157666824,2.9117507619169984,45.72865676832966
1.4330860891635733,1.4778413518561038,-0.7927291913597658,0.8339631745914731,1.15208701097826,4.977103602375409,27.18023626320947
1.1957025955842262,1.3284954621289091,-0.6760907747392363,0.8745863881277031,1.0892228630605967,4.921004840114074,26.197695257691365
1.0559558881451192,1.2442374807850878,-0.6186482186513683,0.8100983809713991,1.055794207947976,4.921004840114074,26.197695257691365
0.9196867232700154,1.075849651437699,-0.5049464638156596,0.8507343154069757,0.9628886693314382,4.915026346801792,25.167302479422798
0.8033493454407021,0.9200389489839753,-0.4603767139484358,0.7923822949365608,0.8978793501173871,4.915026346801792,25.167302479422798
0.6998060678637001,0.7671191471502057,-0.3078625252351588,0.7500372344472513,0.8299486020629122,4.636128997651278,14.080658465498797
0.6007423552900533,0.5838125856604193,-0.15416450383826752,0.6840129951890765,0.7981312328630379,4.521271175158882,11.781452807385033
0.5216866129107358,0.47357936511589016,-0.14760051570780663,0.6543301509473709,0.7465965933247449,4.521271175158882,11.781452807385033
0.4791274508841705,0.48216958108482866,-0.058225049059517864,0.3707058697642789,0.6409633836359971,2.4601979323471195,18.213989743762063
0.6012345417314567,0.4954337594482814,0.013979600859012065,0.33401230893460787,0.6494013901243814,2.4601979323471195,18.213989743762063
0.7256368873951269,0.6679060111408739,0.030163802627941383,0.3744409530724614,0.5304767042448841,3.282758680675297,17.20305538789015
0.8204385163418246,0.8684065932721301,0.006324014629398689,0.4721126659733009,0.480419446288915,3.3028036617032077,16.43341441962977
0.9373789225223736,1.035428292213582,-0.03903319956266782,0.530772119021334,0.5171661428382974,3.3028036617032077,16.43341441962977
1.0912774354581671,1.2511289210323109,-0.10847046282376882,-0.5635128472489164,0.4789811907216939,3.7142609928053023,22.052344583687628
1.222872232370366,1.4435412111564865,1.8174207501511477,-0.5768150542563413,0.42485022400551276,2.6460892831779312,-17.62191973810311
1.2131905402323526,1.3273338929175458,1.7544452608771697,-0.510860218329084,0.5642612355064581,2.6460892831779312,-17.62191973810311
1.1607045926800714,1.2754027486477237,1.6120163638664011,-0.4786450761062853,0.5351838355923277,2.760446494161644,-25.202037719496463
1.0403819469344882,1.1700010673287595,1.5057149728921702,-0.4842518940345209,0.535793955892518,2.760446494161644,-25.202037719496463
0.9832562893667305,1.085175261158748,1.37240553708312,-0.41475485673695,0.4890765932111003,2.810190920365818,-25.531261561083188
0.9608916741997139,1.0210007112462738,1.4163513723248644,-0.340489140696089,0.45529852957047856,2.779957007518674,-29.13443880774326
0.9297025412704572,0.9356631615443756,1.294442187292792,-0.3373441316662861,0.4809826938189967,2.779957007518674,-29.13443880774326
0.9457609565443496,0.9343588191692203,1.1742645333386954,-0.23614124740917758,0.441330825062755,2.4798212405453235,-29.615941171619294
0.9680897382956714,0.9158953675641076,1.077438670631047,-0.2309390674528462,0.4743770560850572,2.4798212405453235,-29.615941171619294
1.0230634588851637,0.9675890471893673,0.9796969725751306,-0.082295541286723,0.44768899717941424,2.271229140603413,-12.026802910845714
1.1596522700277114,1.1186836534633282,0.9199527607133527,0.046641364471856406,0.4565792401596537,2.429124968475249,-12.106470215762457
1.2547477101005948,1.2146533708078957,0.8782693830301816,0.10018815910974826,0.49417520185612795,2.429124968475249,-12.106470215762457
1.3378950695306178,1.3014709689348867,0.08278408530498782,0.2939823608589892,0.6067254270350779,1.6386450056200088,-15.01458087787112
1.4234852651949663,1.3668888078008539,0.21853688313253794,0.4737610263231484,0.7487904855653132,1.786147096442856,-17.045685614517676
1.4435347958478952,1.4096859045158583,0.1962773477573665,0.4886065471373711,0.7653010193958238,1.786147096442856,-17.045685614517676
1.442434388897416,0.1986020331471418,0.3096259423950699,0.6257435520652808,0.8487293727664045,1.0716063468601469,-14.298677216285933
1.490512520626409,0.23526072587273011,0.32920835959329287,0.6118026369901342,0.8731305498241867,1.0716063468601469,-14.298677216285933
1.3822511044218835,0.41757167386560484,0.45157693630272644,0.7135020424964317,0.8894572402199856,2.3604516876765977,-16.704624273601517
-0.19481300443980748,0.5580301694856563,0.5102165834709893,0.8370747592910304,0.916409420920268,0.9117771335919818,-15.70068914214072
-0.12930555966113766,0.5750548696160236,0.5494337799056911,0.8141695402434256,0.9807151231349871,0.9117771335919818,-15.70068914214072
0.08915018308239553,0.68437026345562,0.6591013880060159,0.8888391148966327,0.960869372491323,1.244442701551339,-24.422833311010002
0.03250205191621003,0.6358413034860264,0.6581467117984692,0.9306441305853862,0.989737980693383,1.244442701551339,-24.422833311010002
0.21066122200498738,0.7405337144640026,0.7518717144951927,1.023512515243182,1.0150988361166264,1.3468987290968562,-39.1605051017837
0.27560048914955215,0.7783106059392315,0.8287358499945587,1.1478177304025978,1.04259239994941,1.5847872977048256,-41.99047768930086
0.18853058197667694,0.7076377486767143,0.7573894981181843,1.1240017912859115,1.0373763223831163,1.5847872977048256,-41.99047768930086
0.20607444394619057,0.7597707799507417,0.7922641619718732,1.2160667828145346,1.0722096002871189,0.9843713118035291,-26.312896650955565
0.25218837094718727,0.7693124387208188,0.7700450152063086,1.161078117613688,1.0523804148465896,0.9843713118035291,-26.312896650955565
0.21736913624950227,0.8398096305961136,0.847742994476832,1.2966824739809395,1.1382075324105445,0.8497176946158351,-27.585886625565045
0.25756132857381786,0.9123199005123342,0.9271784765130534,1.4324329408424228,1.2898020960136263,1.0727745624978793,-28.823298855970688
0.2842538060384543,0.9512118068603721,0.903723856403278,1.4627513401443326,1.3042538791585405,1.0727745624978793,-28.823298855970688
0.31927325095036685,1.1112441400131101,0.9700957654531301,1.5689889353176811,1.4442847257715226,1.204390611293956,-30.122576766988978
0.34081551983212627,1.1571289135949503,0.9411126313957905,1.581086739204296,1.4591209369697236,1.204390611293956,-30.122576766988978
0.35552404046261266,1.283437475759565,0.9732598754171781,1.6465149414084004,1.5698843554285058,1.4029227072724595,-30.990339743399883
0.34746885767604063,1.3776118006192706,0.9755233741361877,1.6700185333453044,1.6217750865336626,1.468054159967453,-31.658934561032485
0.33028221737933294,1.366449737685202,0.950445918260657,1.663080286156594,1.6322377562864567,1.468054159967453,-31.658934561032485
0.30937331867932527,1.3914875666043427,0.934835416342706,1.6478657341636485,1.6389754906007654,1.65542649400797,-31.893253669384222
0.2730629797532004,1.3705373544022188,0.9194805926002949,1.6373588307791453,1.6722942574064734,1.7121337422196818,-31.802483216134668
0.23973368072984802,1.3340833875953357,0.9085698819022592,1.6248907573798146,1.6705589354306287,1.7121337422196818,-31.802483216134668
0.21115130095424361,1.2978626946503575,0.9054279350408536,1.6104823599437752,1.664899783611045,1.2302307423529948,-31.841331614774745
0.20736093016805313,1.2646102942035435,0.9263474336714004,1.5969385122472668,1.6467108186211568,1.2056423676411026,-32.004632622193085
0.1903925498217488,1.2368475368015024,0.939488240802602,1.592015063902235,1.632366265226262,1.2056423676411026,-32.004632622193085
0.17833953295161298,1.2316918004525519,0.9530614641321832,1.60134307831677,1.626027807639762,-0.15137079541651666,-31.968684602192226
0.24716569409182199,1.2372167999775194,1.0168693739775618,1.5884301820009712,1.654817454780191,-0.15137079541651666,-31.968684602192226
0.8472494113606821,1.2354368390131865,1.017088454459979,1.601983270467718,1.6076641518619035,0.35107704701976594,-32.70878144019784
0.854779321074419,1.2606231806720964,0.9969316146021653,1.6216388993527309,1.5715247925895035,0.25865828087511655,-32.33389151217827
0.9123432369175644,1.3516213363770064,0.9935903267767453,1.6493374732712707,1.5941709780223436,0.25865828087511655,-32.33389151217827
0.9742635415118429,1.386527322228726,0.9306358471746392,1.626859355178571,1.5659596156905027,0.06740574132416377,-31.622034119397558
1.0353181577888457,1.4451907844228233,0.9169962347146865,1.638350283519361,1.5906447449369305,0.06740574132416377,-31.622034119397558
1.07593326534071,1.424243923511086,0.8418468168093325,1.60579562154129,1.5510843269681784,0.004686049647978585,-30.705669161863696
1.10792549952668,1.3774796614588407,0.779471325230756,1.5630530176517825,1.501210333699573,-0.1438140022293357,-29.993323501679313
1.137719087994311,1.387911436287869,0.7708940040356672,1.5673197415079099,1.5203405770992888,-0.1438140022293357,-29.993323501679313
0.22831994961833735,1.3130886843278367,0.7042717722197658,1.5245613654744454,1.4784610050286267,-1.2995901727536965,-27.068844172330348
0.3020297572753861,1.3139819224473546,0.7479580354851396,1.510751376420006,1.517608333271372,-1.2995901727536965,-27.068844172330348
0.09235846372326123,1.241908233608556,0.7020206498914721,1.4641556054713647,1.4557638544496612,0.3161634988331983,-25.412000523802547
-0.09655657034436985,1.1995840214053288,0.6054803173144109,1.4673852033809989,1.38821557265921,0.02997124401406337,-24.004352508389296
-0.051778336376341244,1.2660431467340487,0.6078146179100286,1.4814082772019388,1.4390185145857808,0.02997124401406337,-24.004352508389296
-0.10009537944476578,1.2219056554986965,0.5454616209239398,1.4248728274006608,1.4070482912357496,1.0336147099427926,-22.968273803183287
-0.14565775308914664,1.2227427977440284,0.5088837629385955,1.4342488452864186,1.398395310213119,1.0336147099427926,-22.968273803183287
-0.22242566103863914,1.1339236973914932,0.4692368815679919,1.3754782306718623,1.388284386055279,0.7409814322172164,-22.183256440036306
-0.2818171183772059,1.0292308309911502,0.4506031877704135,1.3082158436987117,1.3812854769842275,0.666877909315648,-21.449405452780617
-0.3317787554501056,0.9495693655140561,0.47821235288211505,1.279028896218616,1.366800919364181,0.666877909315648,-21.449405452780617
-0.4301529044488349,0.8334932862302005,0.49096185800000836,1.2627079391207514,1.346985811280723,0.8060554330294467,-38.716682015468216
-0.5603509554545263,0.6776780926885575,0.5084870699359234,1.2522225063920638,1.3369317003944095,0.7363983339525162,-38.77122159125854
-0.6596324095169327,0.5940399260901729,0.507792212179037,1.2109850869522067,1.3112664185495246,0.7363983339525162,-38.77122159125854
-0.7396186123986065,0.5443670103646486,0.5126057372930732,1.183329885781277,1.2721647549294426,0.7417512063693805,-38.73052190228968
-0.7836909407824368,0.5051453678003359,0.5083511739545203,1.170325442330625,1.250165304125087,0.7417512063693805,-38.73052190228968
-0.8062633911419179,0.4854479868492042,0.49671766426924413,1.165148825511224,1.2337043724983359,0.7354381123279312,-38.697188339294115
-0.7989322472767961,0.48529300318911217,0.48224231972698195,1.1672083135849989,1.225815014001169,0.7375065182389604,-38.71666035783278
-0.7827633997007474,0.5043271859303128,0.4615277959934654,1.1740831466985364,1.2232842808760618,0.7375065182389604,-38.71666035783278
-0.7634881142099084,0.5322522476040692,0.4360343690830013,1.1811068127716693,1.2257405633326668,0.9296309609012763,-38.68409792269398
-0.7455590590913352,0.5661722135059131,0.4013363054622918,1.1902815942403226,1.2264285402477177,0.9289435989319026,-38.6849778336464
-0.7220132322853576,0.5967532246039979,0.3703824677186218,1.1946917675976754,1.236620019214522,0.9289435989319026,-38.6849778336464
-0.7077197180167496,0.6154840376763299,0.3400216962523389,1.201835573479135,1.2440823547359514,0.9809316206726728,-20.67086215262438
-0.633785205754529,0.7090883669248662,0.33090293162735884,1.1714395508588393,1.2165035047702193,0.9809316206726728,-20.67086215262438
-0.5619549292942296,0.7629437831294887,0.3828281367308213,1.2402936449037103,1.2370207206487225,1.0166694041338955,-21.2117632705209
-0.5164192663312284,0.8100811972786316,0.4418554154424965,1.3081220798423012,1.2984431719017786,1.0957990589237427,-21.94713061224108
-0.5010992058087608,0.8349505809736969,0.46295867398346235,1.3165608566879894,1.3066702747160641,1.0957990589237427,-21.94713061224108
-0.4731752767195798,0.9122112767292876,0.5548161200240316,1.3768915226672362,1.3721502973965007,1.2419834892771897,-41.07657641314772
-0.5062728055245886,0.9113405543205672,0.6452034750682141,1.4796838419695606,1.4837718669362847,1.4837844684636594,-42.64300223564692
-0.6183263393179064,0.8341806611725882,0.6167727527412364,1.4370745043104662,1.4595461209303568,1.4837844684636594,-42.64300223564692
-0.6583686068994103,0.8749441602469374,0.6856272963058178,1.4883870934251426,1.5425506225357348,1.5009310324347123,-43.931749058743605
-0.7498548290008906,0.8409650682680136,0.7264940376344784,1.5325820108315715,1.6275847531468552,1.689714401898168,-44.55299144807043
-0.8203369807680304,0.7598896495544748,0.7002590174933918,1.5129662650815523,1.6000994637017036,1.689714401898168,-44.55299144807043
-0.8456494436008479,0.7185978672121061,0.7367784263180572,1.5555609973916193,1.6641059562259803,1.3893542932094953,-45.23739443107716
-0.8553350743649812,0.6759021172507229,0.7263595053552545,1.541736401054869,1.6566051519275011,1.3893542932094953,-45.23739443107716
-0.8978739682377712,0.6563767106096121,0.7452120070712391,1.5797084889261543,1.6879709423240157,1.3717499208055832,-45.56041415557254
-1.955386825640965,0.662537665054098,0.6439861868687815,1.5557834959650279,1.676628862413893,0.27594361860069183,-41.78019517239324
-1.869536172280834,0.6987170512208296,0.6700582909422279,1.5417473002900288,1.6947760951468966,0.27594361860069183,-41.78019517239324
-2.02722562125056,-0.4068134510808399,0.6424220528676647,1.56653486462285,1.6862061574256775,-0.6673179615400713,-36.47780574764377
-1.9095884756823847,-0.3150466333790648,0.5241173161730919,1.5877994296092877,1.7225777106864226,-0.5819062006695883,-33.30338177931414
-1.8044424517431463,-0.19299999290572617,0.537807468241676,1.6328036173963283,1.721131698154702,-0.5819062006695883,-33.30338177931414
0.7347834789361729,-0.05820870264248723,0.5508484956502981,1.7027758785843166,1.766546481876905,2.0233298552153576,-20.33847392258439
0.7600142105331116,0.1549320537908873,0.45324066358497217,1.7636657835688458,1.7153939295285021,2.0233298552153576,-20.33847392258439
0.9194831141614606,0.3127806470312029,0.4310547962284841,1.7999527410074612,1.8020971102532901,2.0844790642329842,-20.471689105831004
1.0261202168115073,0.34863249246762235,0.38162916693311044,1.7524544851816388,1.815353698668041,2.125496709240009,-20.559353183402262
1.0008460655692926,0.29310938951221865,0.3794486937524897,1.7154225263527128,1.8284755454370145,2.125496709240009,-20.559353183402262
0.8086121353290849,0.316860714568223,0.40199973135925204,1.6648219716642905,1.8140489566548537,2.091903987692903,-32.57987614086457
0.6609813742139585,0.1306653274810109,0.4350953547160956,1.640499393004582,1.8305586582160116,2.1240055981006716,-32.50534886053951
0.5053681271516985,-0.04013970998450045,0.4657161278016049,1.577576227169262,1.7858659978307951,2.1240055981006716,-32.50534886053951
0.3729749396159139,-0.1722879474941308,0.5151506896648939,1.535872803820257,1.7324585705024025,2.1240095175536586,-38.76879092105376
0.2515962301594059,-0.30859750125235663,0.5544726939045812,1.5164455600221594,1.699209700801221,2.1240095175536586,-38.76879092105376
0.12100429827657333,-0.3904488324368667,0.5818018198422552,1.4914102369921758,1.657687295102054,1.7849965543682131,-38.66933105111919
0.09377429321812059,-0.42787005437205694,0.6201962400005822,1.4759843001262505,1.6267439357005984,1.7885106399296742,-38.67386331803181
0.08348727200686956,-0.43046997490541794,0.6380733998501724,1.4780026935870958,1.5947077012408792,1.7885106399296742,-38.67386331803181
0.08918187365320485,-0.3952417274950055,0.646988508743944,1.494092883294464,1.5816536902097837,1.2842900562269568,-20.656936969614577
0.22606417993207883,-0.25471346124748784,0.6804912038483985,1.4740844418554566,1.5533602117671554,1.2942911939385722,-20.679199944450858
0.34563455510652497,-0.13588137400413935,0.7161068753058335,1.5286028586358336,1.5586655827219866,1.2942911939385722,-20.679199944450858
0.45397223701356715,-0.029614042702230337,0.7338267264857612,1.5760119754701567,1.5919026972200854,1.296785032085574,-20.66844439716236
0.5446290499732768,0.08641994134313358,0.746205786834353,1.6092646745285466,1.61129899724553,1.296785032085574,-20.66844439716236
0.6148427566116592,0.17974216232020612,0.753420001022444,1.6283102540738983,1.6323117273770302,-0.6513734507044591,-20.66929670314103
0.7545865057073509,0.2201442855306317,0.8349994643816385,1.6070683197100757,1.6927622205992972,-0.6529545648057029,-20.661100406289165
0.7993799320405546,0.2389348131277867,0.8695912703989176,1.6223627642796439,1.6730003233397783,-0.6529545648057029,-20.661100406289165
0.8261049263136889,0.280746982664283,0.9146592725290885,1.6760375887283643,1.7026010541123815,-0.5353934138474097,-20.667645517058027
0.8702641867351182,0.3462327337799084,0.9266965955881409,1.7126947733134112,1.7170920520909103,-0.5353934138474097,-20.667645517058027
0.9247742103900213,0.40856935003637845,0.9293325468077084,1.7454721133281708,1.7461241008862256,-0.553815448306521,-20.665141705277406
0.9684556482955677,0.45915630650417666,0.9221926327590232,1.7665494079047468,1.7712637998506933,-0.563172083387073,-20.64659146914383
1.0087638784633235,0.4893757597641806,0.9108937939102465,1.7830150000057443,1.7979998462954898,-0.563172083387073,-20.64659146914383
1.045957100908912,0.49937773668346647,0.7846415229749377,1.793318089646029,1.82208590552559,-0.4955494663334177,-18.471500350322458
1.0980684775328802,0.5040662127982198,0.7717998877045238,1.7942886869005583,1.839003818487533,-0.46359613194708515,-18.541386019204438
1.1064295942837596,0.49379154203591635,0.7646339272491748,1.8030025599853754,1.8605817219692906,-0.46359613194708515,-18.541386019204438
1.1643062100405683,0.43151275790711346,0.75965709140183,1.7648527712851887,1.8408697172897954,-0.5254447430706035,-18.771037753732273
1.1580413555534885,0.40477886779819394,0.7622918398705296,1.765488230427636,1.8573269093626599,-0.5254447430706035,-18.771037753732273
1.1913026595320164,0.3125670093270029,0.7673548049229052,1.7388282952230798,1.863842565311655,-0.3771445756884937,-18.673557045009854
1.2147775621264283,0.18978876396904734,0.06919320229695936,1.7126730386968465,1.8665019316902656,-0.06214093085838268,-4.820865893052985
1.2349265980193695,0.24062850100382038,0.07927976310476703,1.6960499463321843,1.843639481913496,-0.06214093085838268,-4.820865893052985
1.3087836301634153,0.10494501836326561,-0.02239162824323082,1.7181384858318343,1.8628775806381876,1.6485743463260816,-1.6019162489978096
1.297048276296297,-0.7989481702841592,-0.16434162389515472,1.6548059157273323,1.8328801764731222,1.0763443885674011,3.7827934433830968
1.3379379913905904,-0.7570395196328773,-0.11414600302776823,1.6343058336413274,1.8716346344533077,1.0763443885674011,3.7827934433830968
1.3628854820971381,-0.8872640228919795,-0.1462960746083486,1.6006353195130274,1.849667390963821,1.2290239529299356,5.49646386491939
1.317329463740555,-0.9322100069721848,-0.08532223333827638,1.5836197276708188,1.8397937402099735,1.2290239529299356,5.49646386491939
1.2696825534865308,-1.0736781621052403,-0.06298694422411433,1.5617911831166251,1.8174739689661168,2.638484357754357,6.816285249052812
1.175823082982343,-1.1384673186275125,-0.07768237420059221,1.5312290399065316,1.755792546288045,2.6486696461874146,7.541750092039413
1.1089628112331744,-1.1735173718947902,-0.017210610895871947,1.5033723116659305,1.7451922723036315,2.6486696461874146,7.541750092039413
1.050144957238929,-1.2763703025926523,0.025926228217611813,1.4363840443046838,1.6379079850694926,2.755039478281288,7.502620749476628
0.9685932234722622,-1.358169399229764,0.09047415132059372,1.3994735056312297,1.5943699836980108,2.755039478281288,7.502620749476628
0.893885481846978,-1.4431970368694844,0.15303481717623094,1.3638006409074008,1.5438393627463383,2.5863011541716086,7.6653097597066795
0.8373060221745218,-1.511827713411046,0.2296273041924539,1.335198146944545,1.499095767854366,2.5848292121627483,7.674057420337285
0.7885454950114392,-1.5561997466677668,0.2995635025591255,1.3173358811350773,1.4513596926706465,2.5848292121627483,7.674057420337285
0.7595139512389633,-1.5793160358444842,0.36142444303376914,1.3093687254114335,1.4105751910618336,2.36674235828119,-10.285136845615607
0.6932956273768531,-1.6602403188537016,0.4029220791876217,1.3323628279552904,1.4137313133248577,2.36674235828119,-10.285136845615607
0.6348760057704098,-1.6888222348321855,0.4021628370778113,1.3003806126984117,1.372021394652674,2.3706053112029855,-10.28555223587027
0.6045945240486765,-1.6853230845690883,0.4019726078822769,1.2898308271803818,1.3294202181325259,2.3694941211477736,-10.284382805810235
0.6024796774103325,-1.6821012446231312,0.3813444746208432,1.2854218494595155,1.3066115210180873,2.3694941211477736,-10.284382805810235
0.6198091494525059,-1.6719515042624262,0.34783411452674673,1.2642118647599752,1.2907335170005452,2.3316013959907775,7.7224890139521065
0.7181870835755158,-1.5667189760956326,0.33011270175974394,1.2422955495967913,1.255718261078908,2.3316013959907775,7.7224890139521065
0.8255159398957272,-1.4951357175915219,0.3320524168030739,1.238696770428044,1.2469564123707488,0.845399646506646,7.559648743620792
1.0213007541676804,-1.480669308294766,0.4079494803341318,1.2237081434087411,1.3088903407226014,0.8281449554650879,7.009552801747523
1.1032242998485637,-1.422206705816596,0.42610297243093054,1.2557473094628184,1.3055245154031467,0.8281449554650879,7.009552801747523
1.1646384643234309,-1.3311073646285296,0.4751189884486595,1.3047859323327713,1.335206817182568,0.819387805275372,6.50727934196052
1.2309210708258256,-1.2378586132354916,0.47995275222112393,1.33884688538819,1.3564296486118719,0.819387805275372,6.50727934196052
1.2936343420109482,-1.132415515385803,0.47951248991403117,1.3406307391300265,1.3793328942490422,0.8140623891159096,6.292062854639917
1.343997109581485,-1.0713585006062403,0.4915761220552685,1.352752717668562,1.3985394208597888,0.801198696498898,5.821895721476101
1.374785582609708,-1.0431894190198936,0.4786007930866034,1.3631832677508742,1.4204683166621737,0.801198696498898,5.821895721476101
1.3920635446914988,-1.0389382436245445,0.4661098439938729,1.3681543428634169,1.4354551783543945,2.486528830197468,5.791338346582827
1.3137066636789925,-1.038126493500421,0.3880467247118732,1.3946128305203402,1.40985874364035,2.486528830197468,5.791338346582827
1.2910833681136535,-1.056529500959101,0.35281258499016516,1.3765774747899733,1.445711724992067,2.715917159068041,5.78486576366128
1.248416713696587,-1.112248871039798,0.34162876348786597,1.3339208478426199,1.4291761457031573,2.706786845877866,5.051989825429175
1.1781545283829395,-1.2211458721415676,0.3300442010644717,1.2968364575932227,1.42896272382202,2.706786845877866,5.051989825429175
1.0987684979906256,-1.2963129240285012,0.39617459104726216,1.2307732744004969,1.3847976072026582,2.659758648905386,3.494275739934898
1.0109397797542532,-1.413526933969704,0.41549393425572156,1.2016905789692491,1.3666497797683947,2.659758648905386,3.494275739934898
0.9356864756637876,-1.4350780486527226,0.5324355225663465,1.154938149671921,1.3376162421054771,2.64477345479035,1.4206238340041548
0.874382229044811,-1.4066057674988768,0.67852622472231,1.1164180923420735,1.3115200252493682,2.331275531288501,-19.26567772073287
0.7685244674051259,-1.5403149509166685,0.6930096002236201,1.1333435467912585,1.3307555223219696,2.331275531288501,-19.26567772073287
0.6956887187395207,-1.5095771635122113,0.7633792390178552,0.8828678580431006,1.2389337601089347,0.5392890046173915,-21.99333833590366
0.7533632127296366,-1.5678590893079996,0.8030516649010254,0.6649617280172008,1.1250417231242826,0.29043334851337343,-22.65166046448623
0.755811110069746,-1.591108171037295,0.7972484037749937,0.6654152091780721,1.0833109931485874,0.29043334851337343,-22.65166046448623
0.8628755641669744,-1.8555927442985616,-0.23670967270529897,0.7151180215684546,0.9085147163350963,0.45386798213817725,-2.866147763188753
1.009483068649833,-1.649962100339771,-0.26836331384004064,0.7389004318109231,0.8853745211962358,0.45386798213817725,-2.866147763188753
1.264597342959357,0.028372301871627148,-0.3976794440379685,0.8727835215279844,0.7758786065999663,1.3579029202790833,9.30213271075928
1.4946146916842775,1.4356696948721523,-0.5799050085415673,0.9285639261934563,0.7455519773687063,2.162702832810475,6.628928536298388
1.6165660397251211,1.6182392823802516,-0.6461833003870013,1.0065097942285381,0.8092807412888734,2.162702832810475,6.628928536298388
1.7574208792343535,1.7197990931145353,-0.744745157791373,1.0068188392324964,0.8953518235620155,2.255294713126224,11.741324375996882
1.8010501030530441,1.760730098359569,-0.78079751497969,0.9728113757686689,0.9093537016556561,2.255294713126224,11.741324375996882
1.8203864056547043,1.8717312708909686,-0.7523742888281661,0.9447711677628391,0.9509676420241758,2.4141080261560983,25.71867336182855
1.8234173791833044,1.844943585082304,-0.6712842572622075,0.8876246657799987,0.9555842440658296,2.459768898869834,24.859308436646625
1.7791433676035922,1.7676765421683465,-0.5967899014911349,0.8797879182603299,0.9542958112321699,2.459768898869834,24.859308436646625
1.7200939038332161,1.6766394649852916,-0.41675889568252134,0.927997339428725,0.9790654179897335,2.5026883763408794,23.15512337898128
1.64341055156805,1.5981579660816574,-0.32409432355391793,0.9118129983825451,0.9555041386790624,2.5026883763408794,23.15512337898128
1.572456851603948,1.5391225695958926,-0.12965894812509637,0.9392891770923264,0.9468650246784405,2.517110894332343,21.406613185120513
1.501354782510099,0.6598649107979759,0.029911807464924278,0.9593247830399546,0.9162496167957587,1.9724266781503115,23.230216023995613
1.4808915982109112,0.6343736337540534,0.13655981738795425,0.9329996829864703,0.8888845138069981,1.9724266781503115,23.230216023995613
1.4345387640461478,0.6163677265863758,0.24222808938899543,0.9372118075574709,0.848443269897996,3.495839312819954,4.984080768928629
1.285220925876128,0.5568722628119139,0.23888180351103955,1.0024228979038152,0.8227884713403266,3.495839312819954,4.984080768928629
1.2121792951336705,0.5263104089949701,0.2906829802461156,1.0076603751033295,0.8329435147436148,3.917065416769307,3.9696773780388264
1.1208028889158488,0.5004747515831527,0.3294040989106988,1.0047603592013004,0.8089189549326634,3.926520440865141,2.7419000578022463
1.0602985599189272,0.42819205547545347,0.2985005417571895,0.9679042512729146,0.7884847646179601,3.926520440865141,2.7419000578022463
0.9774130358680517,0.34684969992078146,0.36795832176219956,0.9737369467006523,0.8204594120659545,3.968464986620397,1.231480578970252
0.9208486719332944,0.25741205728628214,0.3403287151935945,0.9501950223034257,0.7960804310019911,3.968464986620397,1.231480578970252
0.7634002432460293,0.23622690486808995,0.45426277370524865,0.9820437477740966,0.8446456642587807,3.9410364485212037,-0.9395299724717135
0.4025072965170654,0.22586783783684972,0.5859203660043208,1.014960716768878,0.9189874010456525,3.69663689535214,-2.8590926836206094
0.38875537402013616,0.1880934054789749,0.5687777418056967,1.004983426529249,0.9112563486218352,3.69663689535214,-2.8590926836206094
0.3080563766342286,0.1834590519300664,0.7159257923139498,1.0008364827569087,0.9720804124638263,3.656159466779907,-5.5867215093721985
0.3063193285418786,0.1854131361080913,0.691377923887737,1.0104013769327622,0.9707100147989014,3.656159466779907,-5.5867215093721985
0.3202517362828625,0.2078030079682962,0.8353593688758564,0.7209553620675976,0.964597836028887,1.3845877861615508,5.999727554380181
0.5648620739096806,-0.8721456895654527,1.0921389236733092,0.7361079287016642,1.0424218280988824,0.7248990723483302,6.771018915470023
0.6948276628790109,-0.8125596484132275,1.1453814852055164,0.7687954765734492,1.032602532168911,0.7248990723483302,6.771018915470023
0.8484453752201362,-0.326418008617598,1.4017515986950502,0.9933174537523926,1.0335908272468024,0.9660902977855614,-14.357072403160561
0.8037016773064833,0.23926961589262097,1.5940522025579238,1.25929295245128,1.1017081357159617,1.193575194577452,-20.022952262584198
0.8271428172288247,0.33625291503836663,1.5099248259318387,1.2943999515203417,1.1429427341491416,1.193575194577452,-20.022952262584198
-2.682740197532022,0.8551840407980179,1.5638809170250372,1.4112540851893873,1.194192312968996,-2.1815476912646963,-11.577649419276032
-2.451503300388444,0.9095914819179832,1.6059906688117844,1.3467992005428164,1.2859210746887728,-2.1815476912646963,-11.577649419276032
-2.3560786308512465,1.1712296003649685,1.718320450119824,1.4899290070275157,1.3096457292570305,-1.9692616289345577,-2.1367989193916586
-2.2538694088593023,1.47729297261968,1.8362312841820299,1.6717348764411284,1.4410508301707285,-1.7549517889332056,-4.860714437505472
-2.118756577891467,1.6248119620870212,1.7942459602998568,1.774222248199732,1.5122122400495206,-1.7549517889332056,-4.860714437505472
-1.974222119795765,1.937343150038251,1.8321351779100232,1.9172428533565786,1.6545888143984135,-1.4642368096281768,-25.05473150985955
-1.9395775197761398,1.9722259706605683,1.7351629102125001,2.0014111030031496,1.756484365410529,-1.4642368096281768,-25.05473150985955
1.9927206994023565,2.146629702216515,1.6197934506379557,1.9943367612764151,1.8221613578950075,0.9490304280970818,-33.70511408467881
1.8285207457379289,2.1126516449920922,1.4137189921458415,2.030722588594336,1.8130010771900151,0.9463989550950949,-33.63859721311816
1.7381724628978774,2.025712975168796,1.2643741849805623,1.9820566264858963,1.8842985681567748,0.9463989550950949,-33.63859721311816
1.609259855931501,1.866045520380318,1.123007525729617,1.890738831911075,1.8774158247102564,0.6461488342897752,-33.52848895237029
1.4925347347714728,1.6442391901771298,1.0460535321039943,1.8221508981185495,1.8961262111806447,0.6492942277017253,-33.484236166223646
1.3598303301391157,1.433228800821003,0.995696894105063,1.7712925287530084,1.8811484658109066,0.6492942277017253,-33.484236166223646
1.2412453191917683,1.2678540948845685,0.972673208803514,1.7442340066623379,1.87526073006466,2.053842379183555,-33.44538776758357
1.087262096114404,1.1760577393100973,0.9097571078365585,1.7490906408387843,1.8299861907487602,2.053842379183555,-33.44538776758357
1.0169483129760477,1.1353045075245656,0.8910265376872522,1.7333252980270357,1.843129741450928,2.566555212350943,-33.46569189096789
0.9499113331942245,1.1094195361787125,0.8461581431240187,1.7022683331630428,1.806085447859425,2.566419753846157,-33.442555118909745
0.896959872724739,1.0827227990793107,0.8361250520168806,1.6744800660482446,1.798113760316146,2.566419753846157,-33.442555118909745
0.802923092912794,1.0515108160076245,0.8305473410927222,1.6376546227915552,1.7648358388018743,2.514931351363342,-33.340358096222666
0.754146050020968,1.0213006160346358,0.8415468691511383,1.6092696701391116,1.7397568494384046,2.514931351363342,-33.340358096222666
0.7073796241568582,0.9982716006290301,0.8565561680266522,1.5861687875643997,1.708293037690619,2.5127166467792366,-33.31309909796452
0.6783373449629887,0.988231333535804,0.876153053757515,1.5696428775529978,1.6800163968840083,2.518954413827358,-33.32546594252912
0.6551695226377463,0.9908714214843197,0.8949755528464043,1.5571985155261252,1.6520194311107483,2.518954413827358,-33.32546594252912
0.641529247443791,1.0036975279164777,0.9118448118484163,1.5482876822419585,1.6271523622291546,2.516875158144651,-33.32134366100759
0.6394000061901074,1.0234610981804693,0.9252928719308815,1.5416402175475326,1.6046016081457057,2.516875158144651,-33.32134366100759
0.6459283298405596,1.045602867270367,0.9338094655078611,1.5367765200657724,1.583930274633445,2.517510505825123,-33.308130607030314
0.6547869561421675,1.0692344088662524,0.9393829316550049,1.5328644596869436,1.5668640877207933,2.517510505825123,-33.308130607030314
0.6659008816673594,1.090908733364071,0.9414474723243886,1.5294347519451983,1.5522936852703495,2.517510505825123,-33.308130607030314
0.6885850798149257,1.10809288375135,0.9406030935419045,1.526132519951815,1.5398145697526882,2.5283018917842233,-33.32709049052067
0.6991043210638234,1.1221120836384477,0.9371603443279111,1.523038796381074,1.5288875358049308,2.5283018917842233,-33.32709049052067
0.7157926730298947,1.1319436257270272,0.9325077701805472,1.519625692286417,1.5207953958981293,2.536887713094613,-33.335717298015915
0.7155553439566797,1.1378701447441966,0.926649839385566,1.5161752638653776,1.5103967497546766,2.525953837521956,-33.33083052759003
0.7225080532587801,1.1405405251215228,0.9212763971925426,1.5125423306210966,1.5035919237611926,2.525953837521956,-33.33083052759003
0.7246956777654128,1.140957168283799,0.9157433411314186,1.509207992020141,1.4968409980348634,2.5228349694895256,-33.324647136021056
0.7288585386901348,1.1402810798127212,0.9108754745478284,1.5064361934378658,1.4911568237527824,2.5228349694895256,-33.324647136021056
0.7303273277311655,1.1394000777533329,0.9052933186915297,1.5040188223406616,1.4877825518136187,2.523881612948018,-33.289498360945885
0.7334783871696886,1.1389563372981826,0.9011744074490904,1.5019997361976443,1.4819611483612514,2.5225731710354733,-33.29529950806268
0.7365221953862029,1.1389249176575154,0.8975556257696744,1.5003482044055336,1.4776896166608455,2.5225731710354733,-33.29529950806268
0.7393336526225909,1.1383649008596617,0.8942315419729948,1.4989221276325124,1.4737498275506902,2.521928697214576,-33.29158693532458
0.7419928736971149,1.1392870010168532,0.891295627866501,1.497709713505936,1.470154274264091,2.521928697214576,-33.29158693532458
0.7454537794435652,1.14051070272374,0.8886175137486136,1.4966576730903975,1.468822471623204,2.5255851933893876,-33.28204575113842
0.7495658525957867,1.1419638787188964,0.8860511501234082,1.4957676200603442,1.4666563980493135,2.5289728909846403,-33.28036688554316
0.7514407312714547,1.143442356291516,0.8836711655745181,1.4949527130314353,1.463783470828796,2.5289728909846403,-33.28036688554316
0.7592016371084825,1.1447114072546207,0.8815577468472826,1.494045649220016,1.4611461801317311,2.535210658032762,-33.29273373010776
0.7563100193561939,1.1456560380250131,0.8794214919307755,1.4932565804748363,1.4564675753670242,2.528435262842258,-33.29609146129829
0.7576506405852397,1.1462480740116034,0.8779521978976365,1.492267351393958,1.4543109288905618,2.528435262842258,-33.29609146129829
0.7585352346452126,1.1475582682181384,0.8765153785843394,1.4913617138493886,1.450815357238056,0.527771294750611,-33.30560518115319
0.8556628804821369,1.131660102411422,0.9552106955872197,1.4609040657053818,1.496442010506984,0.527771294750611,-33.30560518115319
0.8510138883651304,1.1250301861185226,0.963530481942028,1.455134851320171,1.4606284946077275,0.5070153997428379,-32.849789911748175
0.8789485862791576,1.08773639837676,0.9222027388141232,1.4690516259541808,1.4381123239965876,0.405537699953304,-31.24032849017934
0.9543984434356768,1.1876843636290588,0.9367381002767817,1.5081909537914957,1.451456209872802,0.405537699953304,-31.24032849017934
0.5757994040780727,1.2077243512105476,0.8792205077731612,1.4974735381462874,1.4499728255294486,-0.18280335226386946,-29.092812269793793
0.6959453767604074,1.314329030561281,0.8898831817626848,1.5219939589892764,1.4916753556870388,-0.18280335226386946,-29.092812269793793
0.5552160428733587,1.400861643330568,0.8225320992496009,1.5187879115345573,1.4818808574323379,1.5205698332545081,-27.73362860396068
0.5456460276489906,1.3522469189329709,0.6956988637231949,1.5425928188545466,1.4587951528305758,1.4018664377581525,-26.43589065129101
0.5974006018209753,1.4229592797685249,0.6578082632268714,1.5532766359790697,1.5204997780836735,1.4018664377581525,-26.43589065129101
0.1346644166120653,1.3543034915435546,0.5690576104235192,1.5255830832668953,1.5302489199493674,0.8610287855164742,-24.411882816785322
0.14648593972810608,1.2999201611993643,0.5729996260145667,1.4940773533142089,1.5592387231866827,0.8610287855164742,-24.411882816785322
0.11127254366567912,1.1660003756050328,0.5504715094738426,1.4256577908181798,1.534745225481399,-1.2180645295680623,-23.754442322746268
0.163960777914884,1.0396428789269656,0.6334680541688507,1.38577759161953,1.590653162806083,-1.2307806696755357,-23.11928159716693
0.15175547420044988,0.9836526414319768,0.6973989203385462,1.396309533612124,1.555200939612835,-1.2307806696755357,-23.11928159716693
0.1493880862400054,0.9689741033200294,0.7466020642772198,1.4312640963852892,1.5729873542742345,0.7359104916968007,-22.54781806118973
0.10269898758783524,1.0689959285784565,0.7107431297249859,1.5067961283086262,1.5384582924392602,0.7359104916968007,-22.54781806118973
0.15049178230797688,1.1282079703265375,0.6775103751743419,1.5157415649951942,1.5923795357475772,2.69116878688331,-21.86929823499064
0.11138964015134045,1.1695619535763724,0.5644064379277391,1.5212191928709908,1.5500542200134357,2.6655187864535352,-21.655649825224074
0.10039487413435741,1.1778266112840565,0.523147482857496,1.4947960122397654,1.5973548619570441,2.6655187864535352,-21.655649825224074
0.05748177525308562,1.0928028092359312,0.48399773103843824,1.4200529336777366,1.5730528382005993,1.915994142939577,-21.729217557062842
-0.005512916542064372,0.9390828904510635,0.5119229364107034,1.3502696066959936,1.5765093444117104,1.915994142939577,-21.729217557062842
-0.11625271258342446,0.7991900793568504,0.588728112972176,1.3269787224637586,1.529347785746002,0.6699410883254471,-22.65873875566597
-0.16840910886194482,0.7180853725816939,0.7441606869084383,1.3338005471027679,1.5359321551681109,0.7189116466465917,-23.858912723283783
-0.24056806415678356,0.6261384287607394,0.8114751701622466,1.3285130253716544,1.4828318946748023,0.7189116466465917,-23.858912723283783
-0.2783482363146217,0.6770100771393955,0.9225167602331863,1.3810960036748066,1.4920237576336888,-1.2162090644277805,-24.717314727199685
-0.17286953005564087,0.7678885215288966,1.0429275113067933,1.3836025078385175,1.5228527567907801,-1.1773262206848032,-24.917106233335133
