u_q_m60,u_q_m30,u_q_0,u_q_p30,u_q_p60,y_q_v,y_q_delta
1.5,1.2639999985694885,-0.7880001068115234,0.7480000257492063,1.4240000247955322,2.1525261004735787,16.440851604680216
1.456637296769307,1.3603146668126431,-0.8561596059177335,0.7498439208657302,1.3419769168802966,2.1491125344682676,16.427817932111314
1.490825031911334,1.4115883803692766,-0.8487749938772299,0.7650973983063871,1.387778526605764,2.1468035272392942,16.450530739558925
1.511253067496254,1.3982395268112802,-0.8621727431721284,0.7208454134173093,1.380406345253154,2.1511084378124714,16.434499301958944
1.4728613432649242,1.337566887447028,-0.8341529929680563,0.6971095088781013,1.3706564702595574,2.1579821394471965,16.44329851637801
1.4047211514653002,1.2553723699415307,-0.7881452438310945,0.6462703401503453,1.3417849628939518,2.149267471905043,16.41790447278768
1.3244357154170112,1.1704091598594553,-0.7298044356133142,0.61599548543113,1.308201606011732,2.1533487869399135,16.418591562580644
1.2464235933109085,1.093463577239495,-0.6643074815325246,0.602052747516669,1.2677976919534109,2.16370227811436,16.436382865025685
1.1804021176759678,1.0375077020380759,-0.5967578920155485,0.5779601364569207,1.2269057376897003,2.16297201839312,16.43091052570428
1.1322127165698195,1.003121566002844,-0.5327967191205789,0.5656194628728376,1.1873625254851914,2.165543244021788,16.452977694196946
1.1022362355091417,0.9906558654456306,-0.47525181975850334,0.5413715981318888,1.1507890114736508,2.1557416689612925,16.459201624675693
1.0893300026759158,0.9953153024934178,-0.42374979245918926,0.5408625217527812,1.1188555812885839,2.1573376752296882,16.44701103379458
1.0893167352236004,1.0108756331073805,-0.38336821745329713,0.5298692764582891,1.0912317829644196,2.148530542528884,16.449349592911357
1.0993368056130508,1.0368880493621055,-0.3524273216569932,0.532837463087469,1.0688903795400688,2.1499052664676315,16.45110941481619
1.1150195741027327,1.0682944215997112,-0.3310967570003431,0.5387741653008852,1.0504961623909137,2.1545882273521935,16.443491389984917
1.133201423585129,1.095065660246993,-0.31791685385815693,0.5410628476829564,1.036300245158686,2.1545882273521935,16.443491389984917
1.151903493980785,1.1174883171064385,-0.3103022589278812,0.5427256945397161,1.0254594074751702,2.15407912860214,16.424064006796954
1.169076522833992,1.1339036856410862,-0.3086800949047061,0.5477431214222837,1.0172693195606377,2.1568285764796347,16.427583650606618
1.1835484750154084,1.1442715242194217,-0.31062270341453607,0.5481522454130556,1.0110136148189333,2.1568285764796347,16.427583650606618
1.1952463452625683,1.148237272744251,-0.3146308718099995,0.5450446834056271,1.0064172064166712,2.1541219853835125,16.428656382718486
1.204321931712865,1.1498752239747287,-0.32068450279696925,0.5445136438848915,1.0029518402776594,2.1552755483510744,16.44437124848988
1.2098658053409594,1.1466714253690904,-0.3261575511684851,0.539915935811625,1.000147415074939,2.150842023906347,16.446625232144225
1.2147639359286586,1.1428702346410389,-0.3312324806920986,0.5453300550384886,0.9981547417369614,2.15496619572259,16.45190469785872
1.2179647134166838,1.1376437725203377,-0.3361768161578716,0.5429446567819638,0.9962413843614566,2.1529470075663344,16.45385739337046
1.2204634948910587,1.1337549874439616,-0.3403201343412522,0.5426956770558553,0.9949510073869445,2.1529470075663344,16.45385739337046
1.222354877630507,1.131586729611899,-0.34299307395473083,0.5425089236411131,0.9936277637809925,2.153082373033789,16.430717492765925
1.2237304694832591,1.1292077068911106,-0.34708096084895035,0.5425594092759827,0.9925738411239051,2.1535914717838427,16.45014487595389
1.2249388743475549,1.126890965679356,-0.3497179586767018,0.5355622893007518,0.9914612323352334,2.282330134720243,16.447697964256097
1.2198090421976922,1.1273529003659737,-0.35701569919794585,0.5446193368749116,0.9874106975327367,2.1529470075663344,16.45385739337046
1.2265042437239928,1.1276862312196132,-0.35570174839047125,0.5368461331157348,0.9915194334461794,2.151194233316203,16.443684158696918
1.2263506415182528,1.125688205268039,-0.3577156689759184,0.5361699007641305,0.9860776865666256,2.150865308718399,16.437991166784858
1.2246448737924656,1.1242295924507588,-0.3568899938128428,0.537307594085791,0.9867468418062522,2.1528182733402437,16.440080055816043
1.2252349289536584,1.1242425766079267,-0.3549958323182996,0.5285723517167296,0.9848826248633681,2.146653510853465,16.3912495594541
1.2248468490242155,1.1251895186753067,-0.35689461093240293,0.5442216534524726,0.9842786331643426,2.2250887484371757,16.44535962642545
1.222302371773204,1.1278980552604847,-0.3592961566770288,0.5427634949735558,0.9811237120144319,2.965562919911341,16.423292457932785
1.1870903070424257,1.1363588591626173,-0.3893708742795269,0.5240200478208251,0.9630074664031276,3.405463678851711,16.371670656120482
1.1584933902568073,1.1483061937550911,-0.3818098548424182,0.44139959252164,0.9353630807033131,3.2658021727882325,15.361007084647179
1.149013685734103,1.1631489493943596,-0.33731369331871947,0.205702834507525,0.8969471995122983,2.9662721991416268,13.574075599577242
1.1245479468143813,1.1544413840322438,-0.2650971029788844,-0.1357817087553948,0.831542003083444,2.3569744731849314,23.954897134891016
1.2260775780217912,1.2002530671754825,-0.12449240772499581,-0.41017753249455696,0.7519745781526057,2.092076042848862,26.374559317437694
1.2777469344113273,1.2288681133075765,0.09968146271791262,-0.051166669794924347,0.7590166319215039,1.9289614952360186,5.4034111280629675
1.2264185319159582,1.1045182065425871,0.27262606245593496,0.00684539273735299,0.850497562360678,1.7559274193290282,3.1164485698207645
1.1771608335430213,1.0194759714494555,0.3742879562919883,0.5067522705758714,0.8701892911351833,2.0335290324326643,1.9583748988940515
1.1096444568174892,0.998963845736162,0.4434276950488259,0.5749192651336753,0.8457318852519932,1.9679693977889654,0.6094278947436192
1.1032650746813508,1.0163608463937976,0.46606826985071076,0.6254627617318098,0.8562841846008415,2.016589826117378,4.650146132107835
1.1258016045362065,1.054752547451368,0.47084611972147206,0.6640102763998953,0.8642944250857626,2.1463415676856297,4.79558860161428
1.1524644603294316,1.0850823670077236,0.4555385781732698,0.7011626651596599,0.8725350768632538,2.1617346786664973,4.3016000905511085
1.180606613489572,-0.4209753355060465,0.41854494514571833,0.7307322449153163,0.8937467886915094,1.2853478061465502,7.891043922542874
1.2616266825805713,-0.3691722479560834,0.4240496865441022,0.7087584826170024,0.9215962661290891,1.5337515631774372,3.988153104712465
1.2767452759666094,-0.36950421775079934,0.3904216987850567,0.7467888367103497,0.930869206796834,1.6960900403683818,2.2501978888210936
1.2743056522263658,-0.35207122690060183,0.3863978457700241,0.7828763500250997,0.9578353186283612,1.7219549205695492,-1.1571948316858003
1.2728691314452658,-0.2976032486567255,0.39200559910741284,0.8112532677849492,0.9801732317122865,1.741520175431734,-6.204413596612474
1.2514098865905545,-0.2525504634162805,0.41908739020234287,0.8051829264297479,1.002580093727815,1.7514003661904827,-14.027465497019369
1.2016024732352721,-0.2441896304237418,0.44032832231254737,0.6524175710798771,0.997526079485507,1.5825092033578523,-12.098955632463746
1.1994391413362275,-0.26210275412838613,0.46429324082515794,0.4187447926320086,0.9266579094935178,1.3386932507617506,-21.937911573815107
1.191251424938786,-0.3521642852783227,0.47131431140929353,0.37479756114738894,0.8461949339965065,0.8447809862252438,-5.72580675849665
1.2650553492185668,-0.40265237193160885,0.480114883404261,0.3569102608225369,0.6699903188867764,0.5503561423226317,-6.911487273958236
1.3573572823233266,-0.5087382462771863,0.5212296065970543,0.4618411225570256,0.5366904996699406,0.3653351347379026,-8.442271556026183
1.432129953756894,-0.5450641139594268,0.5399091754974457,0.5456804539399507,0.5038208084149703,0.28674320481303317,-8.992294443519496
1.4897268356431588,-0.4860810265982539,0.5545528205987855,0.6272581882495767,0.5008365051220799,0.3341577546213208,-22.994713570439124
1.4970469864091622,-0.4719899108525497,0.5178492637318558,0.7182768796302121,0.5518597538827268,0.4557544272006657,-26.031578792588085
1.4898992367297208,-0.44796441462443587,0.4538183859200166,0.7410053710629896,0.5690931166016913,0.4731933098172285,-16.43916951941221
1.5228329474550903,-0.37251221401269974,0.3908976841676015,0.7301903955427123,0.5626978007810055,0.7094359011272564,-14.295420474605391
1.5646536247642469,-0.33418340050223283,0.3431421652884819,0.7589296504403639,0.5752529335635381,0.7355068068619652,-11.33538264341674
1.6254849395312776,-0.30673606337395254,0.31509132907741816,0.7943165782066164,0.6052309167622685,0.7684331020616346,-8.603418852871568
1.662406266094252,-0.28150906962441097,0.3100241795950124,0.8340450990591796,0.6611889773870274,0.8118790311810495,-4.037722546237212
1.6967664829275648,-0.2133641792758887,0.355318656549016,0.8877089138283494,0.7287837107286994,0.8796148946278599,-3.855356564514782
1.684832019625268,-0.129617070422631,0.4307183835811563,0.9603901912090044,0.8026244567167938,0.941519295179575,-10.557459389610766
1.5800624373234209,-0.07337144281489318,0.5137055267256917,1.0380276754966937,0.8952744322825102,0.9562928518026275,-15.853108352966728
-0.09478782548375647,-0.013539510988963888,0.5930845241537879,1.1043224571658976,0.9828636661320295,-0.54340590403352,-30.89902696304179
-0.0989686087427622,-0.012088609968652186,0.701357817156074,1.142291305817685,1.111235218206275,-0.3080892037542444,-32.56061962699316
-0.16934359703865953,-0.02314953490186411,0.6996920737398107,1.162325494069787,1.1474987867920288,-0.06845981060044615,-31.77867289360357
-0.2002841581013426,-0.1072206312953583,0.6911779254662924,1.2146134474052508,1.207336718837047,0.08752012269262233,-27.848543921125287
-0.18390118722697857,-0.09612806493736614,0.6412540235996658,1.2172727515816095,1.2402005018608064,0.19136431094130124,-27.29369582990728
-0.12254208167413405,-0.05696934387255026,0.5692006994990682,1.2582903919538257,1.2961747417447604,0.33337127424831214,-24.095421564499397
-0.07352503507088526,0.035959940089706044,0.4645238284488251,1.275174285777813,1.3333079213893344,0.4356159776789288,-22.19954093016041
-0.004035311230471128,0.13911861973220024,0.35432382389174577,1.2912358970088547,1.3773598092996988,0.5369868831373239,-22.079562367338163
0.05888813176054722,0.2404814466385239,0.2305979766774623,1.306126054968361,1.3988182813243677,0.6564472816084388,-18.328690790488686
0.09654941824654734,0.346890784746848,0.12875998342346495,1.2984971513981385,1.4141853125384092,0.7313042017051488,-23.588037299801506
0.09506299985019415,0.3927089936090207,0.09513012265554677,1.286967932827958,1.443053058322821,0.7512651714758563,-25.39539891198762
0.06752835858884604,0.41840416702428607,0.06671927086007201,1.2438826027691225,1.4595622133296795,0.7635477671782569,-24.537363038888458
-0.0015742084598466266,0.43528191946583666,0.058980906790431886,1.1862751919758907,1.453909453391645,0.7209409197234691,-24.51521523368757
-0.06010976992788453,0.4350047874006836,0.09419178836337017,1.1042929400511716,1.447483772025065,0.6494356995420514,-25.602874698414666
-0.14532153396804032,0.41641232007260337,0.14720911851859309,1.0166503175618273,1.417296155068151,0.5011105741700321,-26.685783376246217
-0.2305896208362324,0.3977709897377925,0.2192895787415461,0.9489928643016307,1.3909770310724487,0.35650782241924484,-27.937577173427535
-0.3301441313964311,0.3942093551570565,0.2799553330982414,0.9390797389274592,1.3458207627522056,0.21564806281104065,-28.946759825093515
-0.4624746953335885,0.40349236163120855,0.3454278100426137,0.9352424892573618,1.2927693878026356,0.01620164871607699,-30.010401700877846
-0.6386059564876321,0.4066311234969038,0.4063982152615705,0.9414870979733599,1.229395244193313,-0.26923512334916433,-30.428943894559936
-0.8334181556484709,0.4370834026523848,0.45545064518964773,1.0026509569158677,1.1714746759531405,-0.556760368252416,-28.889746250562332
-0.7943851345760387,0.48080858438938356,0.5099663409708717,1.0650096230985633,1.1484726784769448,-0.5537459984161857,-29.286701029670333
-1.7965226651005612,0.5274719401481937,0.5416734116151779,1.1677627759997837,1.1583348489649485,-1.6097294744912818,-28.299167949736088
-2.331049578842748,0.578863136977452,0.6149840880060724,1.2262660441986957,1.2226227757873134,-2.2241998684217448,-26.85716602770804
-2.3247679503277285,0.613837899287125,0.667574034947474,1.2951483900439613,1.2876066803392074,-2.4490760277322896,-26.749838544723545
-2.2149059384723957,0.6466042163238079,0.6975507762782133,1.3938349799235554,1.383555802791139,-2.437345930912666,-25.946922321653524
-2.099902088368897,0.692420370631932,0.7127564540114343,1.4612469071055532,1.4648534643623143,-2.1184498741902265,-24.455778744365062
-2.003808278018245,0.7582157259488405,0.6922701609221722,1.5471685530912236,1.530000120575078,-1.8166210025751532,-30.707914990345998
-1.9519377304711074,0.7607013649392677,0.648591832671596,1.6039849802451411,1.6169305905914029,-1.8222179922426707,-30.77375119850381
-1.907256775930118,0.700793078052768,0.6125839908242298,1.645577548654397,1.7024995907864482,-1.8061239631229329,-29.313189366816264
0.5562754408877046,0.49418762818284623,0.5608742845745055,1.6715654190063436,1.766410447770988,0.47719522714148965,-33.352468142519726
0.4327676178385237,0.4669883454139006,0.3979254244422822,1.7124194946816838,1.7966687251142608,0.5603064161194413,-29.839173404066326
0.38314399210050354,-1.4475384857390723,0.2738074293104453,1.7039978587476885,1.8681182622654462,-0.7856831297225415,-20.874919367712216
1.0815938153219058,-1.7046913123241534,0.17113304610339286,1.5986640685188682,1.9018544040838772,-0.3453288060855817,-19.412522845160332
1.1180894249144253,-1.7866727067992116,0.06519348305061878,1.57101321687948,1.8726633966730104,-0.11709756195317489,-19.890251852050774
1.0939998869496748,-1.8836420788813129,0.1004911810691419,1.551453487288888,1.8807715949262138,0.3253394856987559,-14.287793799866598
1.0765612880308884,-1.9081492458396012,-0.18370142589022098,1.5263162331375133,1.8495045890707558,0.6198359311848995,-14.285025584939989
1.0683731279814952,-1.9296725509667243,-0.13872824303198183,1.503803891793102,1.8394801857606444,0.6671547892514567,-10.06674450176248
1.0825588017668955,-0.17426547031657727,-0.08623725263630155,1.4458649813894966,1.8132536013066298,1.7908256818270152,-18.92630024231911
1.0121340646428796,0.08110397910614847,-1.8914985053951203,1.4229415249379378,1.7800890284521667,2.9155899339583824,11.88795588067947
1.0326541110994487,0.443073921693157,-2.1250748033292197,1.2752708412563485,1.6500805496246824,3.072077293122234,17.122955735355056
1.1209231134358848,0.746609858875522,-2.012092032156138,1.1343292729095822,1.5909946147061063,3.110034525070443,21.922531690631374
1.192055078935811,0.9353882583763603,-1.8981613042144476,0.8953307733771253,1.5174558541042997,3.0503281870260794,29.693759263936716
1.2442128958093928,1.0838963363695138,-1.7206125291319188,0.6418044049262321,1.4195301675855838,3.1422152524893505,34.61699581281424
1.2536976427908981,1.165259981780847,-1.4971540056967982,0.5110015576926858,1.3352498226523701,2.9338270633996792,30.06300324000449
1.2349727259409344,1.1630712607493168,-1.245557560251064,0.43782163788287526,1.2985315542520506,2.8852338327075424,27.37074623666163
1.1658274352383113,1.1370473237773357,-1.0101224436579483,0.4104209372493595,1.2116573297793112,2.8419043861407243,34.53553864757872
1.1430728192824744,1.1457595219853056,-0.7705216474189885,0.3718634037135954,1.127958050276232,2.8401023152647262,33.709035405397515
1.109997124786572,1.159530217581337,-0.5159593495475563,0.46769164757627724,1.0688955426364966,2.8892817124301553,33.178704858389466
1.0851209564717874,1.1418684113962099,-0.28900351961708504,0.5818754137862165,1.0404095789568153,2.9259722342852603,33.801717475730726
1.0713142762320524,1.0993856194339267,-0.09951560027915007,0.7086795916556111,1.00365197513425,3.0548469563939316,21.739622317763775
0.9910012641685069,0.9892836403070763,0.0529756044133175,0.8432534879617036,1.0125524529478183,3.1411007324090336,12.387631638658021
0.8899065301501676,0.8242725907862368,0.15793011584528482,0.9020629145091894,1.000055871517575,3.0109207687957387,11.223902974304472
0.8319200864431469,0.7159294285359978,0.2535282800622335,0.8938951676583222,0.9618245351901694,2.9382635892452367,1.9375627259852557
0.7407752222487627,0.5994323366201846,0.3057697777617585,0.8443597403957701,0.9347757115241556,2.8240454060353875,2.9424337649749646
0.7023557277816096,0.5972220847893223,0.3480864763671745,0.7342567033880298,0.887325369185207,2.612751996949714,8.873027625704648
0.7560368058210305,0.6736034069379639,0.4029606456622232,0.6236456357392863,0.82166279557161,2.5692193028815646,9.54866364979113
0.8190010351412741,0.7472016601120649,0.43938335318043986,0.5379271489221856,0.8023152164540215,2.5592283783502108,13.74156044140689
0.890535302038755,0.8405325250720481,0.4693714455039778,0.46514211187009236,0.7712593705168402,2.4746673155512333,13.50544906321382
0.9942780077223285,0.9366189056474925,0.5063120223582459,0.49805730857668057,0.7923666515690068,2.4585378439846615,19.74101914904143
1.0934838863446295,1.026411177266722,0.5497949381940775,0.5148630676062875,0.8065533850260825,2.4557536065660663,18.30117261804289
1.1699544483770128,1.1014975277106807,0.5933427766430289,0.7814629914924762,0.8709572792712004,2.668570107649148,2.400741089024505
1.1313722580392056,-0.40481879011048794,0.5892154884573677,0.9327684224195507,0.9501923922865648,1.8041401568709476,-6.14864263557
1.1217395205020129,-0.3174022501167526,0.6123720463370526,0.9450510015105404,1.0030823678561829,1.8864410839433754,-15.424398950628175
1.0095373609870006,-0.3221991237735525,0.6103409054943594,0.8324074684614947,0.9903518340087194,1.782309270024312,-11.948092871116353
0.9901928629082503,-0.3755210137920925,0.5938520489022667,0.6137152733075223,0.9302069766611378,1.5783657378961329,-5.273694772673613
1.034198682876997,-0.4093806930978481,0.5959848951047338,0.3639233926849243,0.8543057497653586,1.2216198263114095,0.3093148143328168
1.1328944268933725,-0.43570399486359634,0.6153403783209546,0.3211562976401944,0.8169350331982642,1.1298541226023326,10.209642117241868
1.2328485755870104,-0.3606248284989051,0.6702745316305959,0.377815239716355,0.7979659119664116,1.084027541878216,12.506195491973468
1.3540051013049141,-0.16031107200550537,0.7453381900223437,0.5056522851343537,0.8442047100092593,1.1828614792752083,-6.866740192717222
1.345820468174992,0.0024770576376283437,0.7866782035466398,0.6651342002014686,0.9595354072444751,1.3098146566032534,-20.43533723241206
1.215933972222918,0.13325252506984542,0.7728356224833459,0.7391544534063877,1.0118789122463578,1.3424703410812646,-24.49238145908273
1.1518959370800763,0.19418292533182888,0.7383871356451142,0.7171775713438817,0.9771377351543299,1.3102456579053188,-25.08411534911881
1.0935161317329627,0.16133160297134352,0.6999673600342792,0.6902339804303347,0.9018981119536208,1.1819515136094694,-12.867345952022538
1.0938233720696267,0.15691354892372067,0.6744652001622058,0.701954856839576,0.7932467403535927,1.069450899958937,-2.032333046780508
1.1469142629121225,0.16586519349421575,0.70005927264487,0.7458843627972558,0.7423398145829605,1.0114285161933103,2.7079099227441894
-0.5912847913711192,0.2431666106222942,0.7712403526101106,0.8215722517859417,0.7860858593393426,-0.75091500957015,4.883876648992686
-0.43513564252490233,0.4297401870607669,0.9141101557515443,0.8786664387643697,0.8932649850686227,-0.5926151887085671,-16.279311703931675
-0.41307935865766576,0.5229195610599084,1.0010540674398536,1.021123953615453,0.9753025908533905,-0.4987734074139647,-34.501514286280454
-0.40699576052342273,0.6097407112429755,1.0396984592458778,1.1379675857249305,1.0602005764281774,-0.2834658891049595,-36.28707568213622
-0.4190257384364969,0.7106170785757026,1.0272388764391003,1.2063484257174681,1.0495823265558166,-0.15567640230031987,-37.76207249394021
-0.478013094746759,0.7326525389158414,0.9827316804594669,1.2791521298096284,1.0903819125189973,-0.14054546443464,-38.18357253939715
-0.4932256112602664,0.7238772046130046,0.923646848186843,1.3261603122421004,1.1437320145423004,-0.06331099489660996,-38.61960102666096
-0.4709004346446506,0.6961316869707864,0.8524106822744164,1.380484247487734,1.224958301525467,0.07889386084277028,-38.80014357629868
-0.43556492252817547,0.6391938182814223,0.7763538280785824,1.4200786776921317,1.329121119809776,0.24663571274796414,-38.71620766027658
-0.3941636097754684,0.5591224645844715,0.7136977090273253,1.450465878413373,1.410273043190553,0.33930371328125153,-38.88463509281894
-0.35321435073574914,0.47058333289166465,0.6303076609992828,1.4865785175997532,1.490150113191057,0.47032366365645917,-38.43947947741308
-0.3357828695114052,0.3391974324878566,0.5551556948251107,1.511427657487928,1.5558104827536976,0.4999616816721102,-37.837861178587104
-0.3295032957354411,0.32251493890355504,0.4963263203723962,1.5358792920745148,1.6037316283551917,0.5671278772435779,-37.72997579861807
-0.3198090549507333,-0.06802946104783286,0.4473230752271624,1.5341054647786687,1.6582251029685287,0.4026408233505179,-36.19175654569398
-0.3145826268545466,-0.12940449231352424,0.41886832224324344,1.522294937609133,1.69602752807444,0.4397732204011251,-35.88506917082064
-0.3260146105043699,-0.14388727530648515,0.37306659660952013,1.5483127187955332,1.7036373247824403,0.47278315645900193,-35.335039484424115
-0.3277642276471252,-0.14671020384131356,0.31627719390169595,1.548440102165962,1.7379091406324552,0.5584768220001979,-34.3009173667183
-0.3447917876966653,-0.11387407160016305,0.24654917227349626,1.5480608795485844,1.7428425663160596,0.6049675536444408,-33.11532904642306
-0.3752050031346783,-0.06129283484995596,0.10401777803221379,1.542187470702421,1.7484280841644595,0.6780123619018057,-30.393022703447237
-0.4034285006282152,0.008159190622645085,0.10973475596571225,1.5119994372725412,1.747460166451751,0.6637909283694228,-30.48624419608509
-0.46108742733622876,0.058305115258471596,-0.2576406466532808,1.474642233148666,1.7490032852476103,0.7760732892875932,-23.106695652138413
-0.5310471480007415,0.14299159566047936,-0.2791751014227981,1.4077553897127717,1.7241939939446036,0.7038931807713347,-22.382776908059
-0.612141083468317,0.20802595741261154,-0.23408526611961078,1.3386140911947533,1.68674222143439,0.5122974305588262,-22.708794165469953
-0.7590301705942566,0.22279946217651486,-0.16414342158236095,1.214677084754735,1.663507878310949,0.20730927188929682,-23.206717337263484
-0.9492370009741748,0.2520032492123694,-0.05991675871050273,1.0275388109992067,1.6053038238327955,-0.21982543587629833,-24.377999895109706
-1.2578141740465736,0.2566805639518838,0.047499056795031525,0.9296123373639191,1.551373572397419,-0.7136136964933841,-25.03777342076247
-1.7780977129590192,0.25842895890047796,0.1537205178866995,0.9042447434796174,1.468350551889724,-1.4252143720609103,-25.226824905687725
-2.558365482412187,0.23161776120343586,0.26002838577133114,0.9118136806055819,1.3659956028075317,-2.4683318546975554,-24.632617085215898
-2.637044209423955,0.23214014678666078,0.37486234852732636,0.959086684551345,1.2755305602056617,-2.790215593156693,-25.294820996016618
-2.546122443770525,0.2307345744893734,0.4391186299794282,1.0621360064281467,1.2175670562158842,-2.863024813353281,-25.494036574005
-2.4632932976697686,0.2232117569524584,0.479470760633567,1.1675454541415906,1.2308677419418288,-2.9272656744915992,-25.215567935590574
-2.356766007114703,0.196164460647201,0.4946655482033693,1.265844263240815,1.2822743522895381,-2.985402440297157,-24.644014858505304
-2.241005764266191,0.10166618262295551,0.4753462019946594,1.3538469827023603,1.3519093308233066,-3.068392191978563,-23.51495392032634
1.572440547060587,-0.18092908505741118,0.41906647127972085,1.3984793226441032,1.4544872900318184,0.6146999007567198,-28.758225121158592
1.5411353894605462,-0.7724972975436781,0.18554993305170253,1.5253070208681243,1.4673896663517065,0.3558184990849167,-25.253289530962117
1.6151815534578597,-1.5491178851680976,0.011521757706610902,1.5070667526349242,1.6016602404334421,-0.03070881351656185,-20.548435610795526
1.694602291327263,-1.7090721020076094,-0.19360461675805396,1.4050030393702546,1.6159772071194267,0.052777808915597024,-17.8271606367443
1.6733192532723886,-1.7994266230277733,-0.22382730133839102,1.347752285829707,1.62482925793275,0.138615026968802,-18.13208570590482
1.6008784483945346,-1.9426101410618288,-0.6728746070782045,1.2606003347651424,1.643944548228855,0.45002750592497653,-9.437865853287985
1.5405067066884865,-2.065861471798811,-1.1035329882342848,1.1653448799178487,1.6051647935524964,0.6859211182185776,-0.698107105911717
1.520406494176249,-2.128365083373884,-2.066438691685947,1.0685635799009352,1.5665899480523393,1.1978486996901134,19.132912944502237
1.5614723880846089,0.9252166818002809,-2.421343389160654,0.9382622725655241,1.4770208911359322,3.3061475662264552,16.250724143879303
1.5157053814423662,1.1650955239392786,-2.3395124407583148,0.8445828682563263,1.3960531166263905,3.325464685391996,16.44788458239499
1.520746127495142,1.3317638071039142,-2.1988424704755793,0.5860514184778194,1.3567407487591836,3.1867729265993896,20.159467953690054
1.533056606230271,1.4457272473199085,-2.098173998216605,0.13476313762016628,1.2203466459819128,3.1797447707553737,46.84495156081192
1.5874451645022718,1.5985063269450908,-1.937208652792434,0.03850181018926682,1.0405340873600284,3.345637018264405,45.97055001919685
1.5961435762911211,1.6465226381565412,-1.7387403494356832,-0.25951142491081225,0.985530822977556,3.190154049887382,45.41038323380508
1.5613789737685688,1.6080531171060939,-1.5466784593857752,0.043123708448622816,0.9872525476458172,3.3964914299477167,45.911328644669595
1.4986687648830646,1.5522986929411848,-0.9292456730988539,0.32297488643138816,0.9701297543130987,3.379898567707907,38.316947199475415
1.3822344655160732,1.443574345480886,-0.6212224591711947,0.5494573749701797,0.9882782523191207,3.4850611932130757,36.71559606418365
1.2508029221643893,1.2789297379587339,-0.33550673171936185,0.7167253755859384,0.9656771405290264,3.4596514388892787,35.00022569879352
1.1070497018251233,1.0186026506857337,0.21444908596590906,0.8464024709562691,0.9567240329723752,3.202493415144734,10.67864244080449
0.8862217697773508,0.870123621911089,1.1629819534784875,1.0011888658280992,0.9976309815590351,2.8406427544069093,-23.189977179772903
0.5372781092111869,-1.2996862406221719,1.1716864724568963,1.0534431619274678,1.0348302979111237,1.5942325981024723,-15.944886414026119
0.38395577893089616,-1.3263037919232,1.179017983061651,0.9006303910776678,0.9469883614933062,1.5964445638222196,-11.508900660340926
0.37456115836783854,-1.3581503978438267,0.4092974577325085,0.7642555245880625,0.837453969288291,1.9379739331113282,16.21558310765511
0.5331751823404975,-1.24688616423505,0.44376613743993487,0.6186852027058263,0.7117043639640209,1.8003573469713436,28.95016348284196
0.8211214538358316,0.6931103419496607,0.5311880545297596,0.631154858722115,0.710494790361279,2.878399647578604,22.299912382466673
0.9943629549185609,0.8879705509803367,0.5501321194106847,0.8595917603813674,0.7708924470494186,2.934923781736175,13.455977753358102
1.099182569114536,-0.5064595604058412,0.5876160704625792,1.0516569553672719,0.9141745095736835,1.9739774269552148,7.821523286484217
1.184073062424509,-0.25517250538589764,0.6713988425991267,1.1390085011683708,1.007120141250447,2.077507767628748,4.775843991294873
1.156253217214265,-0.09475763521389305,0.7341811843032573,1.1911022481100646,1.0536646747943454,2.1331694178582348,0.6780545894643861
1.0780823566771691,-0.016357661581954806,0.8000013554008364,1.2406543451842569,1.097832812808988,2.163126660793675,-14.848517271474943
0.8897518102393391,-0.05151496213606116,0.7465723990209768,1.2454487604126272,1.1325763725423332,2.0900238538886393,-15.643077509881241
0.7958694029723961,-0.08848029881866448,0.6511333742072105,1.1558858094426734,1.1545303319565972,2.1538788667152744,-19.83022652549147
0.6997377811223406,-0.1654638719144801,0.5928679146811395,1.0244836821094097,1.1096586375081303,2.0240707121399613,-10.566388643191157
0.7300069150951806,-0.22218117359333,0.5850866873407374,0.7808253294384748,1.0468604616930655,1.853972430970062,-4.636021176897634
0.8086626129259817,-0.24068243002083456,0.6230408802697837,0.5928990212951872,0.9916005974822932,1.6774426780680187,-6.541120334475748
0.8527885238720283,-0.24039222778427982,0.6611964470623442,0.5821593820901294,0.9733684994042558,1.5749045734466787,-8.42212865256855
0.8862131466128481,-0.19450947698436438,0.6943155756985975,0.6112872445732691,0.9369486793226307,1.481917242421381,-10.174724124224237
0.9185941707178616,-0.11337059655905052,0.733208076627445,0.6770169916043418,0.8923946089223264,1.4280276557603853,-26.41255966280087
0.8931913144282274,-0.10703410225682036,0.7481102943782599,0.7768502496515302,0.8370898094091277,1.3006381217670508,-17.886170094758892
-0.8564374545069577,-0.04906999854894001,0.733136877373091,0.8224324967422745,0.7485850637279108,-0.5991794142641327,-11.515988465212903
-0.6505679852364118,-0.04160405357856489,0.8262681212496275,0.872697201745806,0.7844588102685108,-0.5267302113882042,-12.383408251545232
-0.5313588555569386,-0.05241755190337888,0.8705488240235909,0.9864023632363617,0.8064796527819119,-0.44450071705880756,-13.169048040050102
-0.4323596749606945,0.009931556335020186,0.9256717507538494,1.1355388613622526,0.9162679804981176,-0.2905265473568952,-28.236611668371005
-0.3564804320289175,0.04135772060481821,0.9239832897546116,1.259150422588479,1.0657354062208362,-0.08712305730588854,-32.364478051603065
-0.29425012922726523,0.01921734633413391,0.8354667577428541,1.33006215533354,1.1861998043013562,0.0608107236143951,-26.489758867637505
-0.24193995821161252,-0.02139659454423265,0.7152801704363217,1.347767699149445,1.2537109519735867,0.13106921680560957,-15.978066828178743
-0.15185220895370571,0.04498000560147784,0.5983407845484421,1.3483174674218528,1.310268605787887,0.2477445696160916,-13.857532131434567
-0.08535909162944602,0.11951821371757418,0.5109847538441441,1.3795646604486256,1.3829029429506114,0.35302691437438316,-10.289382519646175
-0.019503345826309512,0.21586245370215987,0.41164780275926105,1.3967723087766133,1.4386833756454411,0.4788377044612031,-9.352557834082933
0.023006379865048155,0.3080828354690721,0.3290821571328584,1.4257939423126014,1.5027634620361303,0.63237737269298,-15.613032196760358
0.017516409462219218,0.3335501191212269,0.23771932054686518,1.4435087789382026,1.540805922845094,0.7439052615258679,-25.15846505863365
-0.03981620231215216,0.325490704350664,0.12238888240273571,1.4344286580332535,1.566184719898083,0.8614995170079811,-23.75373714810719
-0.15266061804137787,0.32200518138964096,0.08382579630948683,1.335584154730111,1.5757130381364428,0.8577291866248498,-14.19211302915577
-0.27334840522084974,0.350044955532732,0.0961894158617631,1.1906956577984535,1.5088922443293098,0.677143836937772,-6.472869428471167
-0.39264320630529037,0.3707728196909146,0.19383487842018865,1.0661161154411065,1.4622649615629812,0.4458638979040934,-7.334773203414015
-0.46352421886233514,0.3930124779470377,0.32255304613605484,0.9974260140618896,1.4446863188113095,0.2521573969851496,-21.087653782519162
-0.572794707503025,0.3745455555460962,0.4398296313600918,0.9910404357648741,1.4315773684706985,0.11049100590829974,-28.84314228907513
-0.7353353491412357,0.360226539654486,0.509614635555295,0.9877089582134457,1.3702224182400313,-0.08083580273307867,-29.755505643593523
-1.0988337224893674,0.35694690002640883,0.5764592228470948,0.9749073242710674,1.2604335527071038,-0.5531233634847181,-30.73994879216948
-1.8288815807802048,0.35248107226042413,0.6365790428464329,1.0328731098847788,1.1823041784877952,-1.3768503240314733,-30.52140941462904
-2.608862394308598,0.32990844115880547,0.6947776417730771,1.096463647280031,1.1566063963517603,-2.259417517926879,-29.13713158568575
-2.59503785766723,0.3001866600264672,0.7550375857797974,1.1844322472114897,1.195510927275387,-2.2947582345426625,-28.560172177286194
-2.4709835799694946,0.27297017379918453,0.7597550102198598,1.287991390469849,1.257747131068485,-2.202331165456669,-27.425414650078707
-2.3775885827838126,0.24270504290844006,0.7649493166596715,1.398057208665574,1.3677482557568836,-2.183528502175253,-26.564570487407366
-2.258822584578448,0.09456908358475508,0.7163943920842918,1.4823737637061964,1.4701653270377868,-2.2713529843546096,-26.434382344677267
-2.1377988894914726,0.22315498558080787,0.6364083057982031,1.5509132380048791,1.5741926619215707,-2.1736546615488193,-26.412713040072113
1.223156872113211,-1.5336147973324215,0.5136151119519123,1.589074964261218,1.658230667750685,0.1084259233242344,-24.84220768250305
1.301660609105465,-1.6584336127011094,0.24878593510160574,1.6445571667045553,1.6801309257499197,0.18641346009520365,-17.666271960369894
1.4378417469722384,-1.5249611423537062,-0.020534708096536347,1.628307587498751,1.7492223895446704,0.42391816108255265,-9.802265223792233
1.551417184856472,-1.4928588362824755,-0.4494491522707985,1.5367150303570014,1.7518470523671956,0.6889835860686571,-0.1633530160105927
1.608105800516804,0.3271064058232924,-0.46187655195473076,1.4448258754107108,1.757031671296079,1.921637947316917,-6.681576116656677
1.5306435978706,0.6904188636713852,-2.265486815699231,1.3842054288236298,1.7487317068097257,3.152196564759757,26.992910000004677
1.5153935892052215,1.0001646850776504,-2.3682945492236875,1.1812172659389775,1.630625540387578,3.308530711409907,32.398280082250054
1.5413946327829413,1.186029858963271,-2.179230485886303,1.0293325422886832,1.5870507537246166,3.3254779887300767,29.8628680848343
1.5176918172309504,1.1977926240203025,-2.0021250328350284,0.8463804193107263,1.5353234240926235,3.2814453263598367,29.735810470887426
1.4299775051395847,1.1669406682361125,-1.7818085007469828,0.6234575811804856,1.4475184726903878,3.1786881096279407,37.77355272103489
1.3562105553729782,1.172161547555898,-1.5012714343915818,0.5148126159841827,1.3566203709741271,3.1690946671785634,40.89689464847093
1.2648186036384077,1.1254471642171233,-1.1692363692051906,0.5958809252144167,1.2702416074987082,3.1958177664028398,37.4233486418828
1.1660662852228552,1.0373042022707626,-0.8626625819088626,0.7299615690364397,1.2373408071154224,3.253851480193381,34.17872318604792
1.0412001133170437,0.9045958907801906,-0.5913170139926226,0.832075934416973,1.1918878428983475,3.2294526912185457,28.268893473270985
0.929140996237703,0.7545048624710058,-0.3035918102301314,0.9266013533185186,1.1590503569501207,3.1783723005196878,17.90732065737556
0.7913651306680456,0.5444827148126632,-0.035334530382748475,0.9885838194149239,1.1264395292189544,3.0586209305606173,15.370345594201156
0.6802336786425474,0.36444807238143867,0.1665208037680901,1.0019157824128786,1.0590721653531414,2.8852160239956524,9.228453963220606
0.596500830336679,0.31955078403635445,0.2695728993583253,0.9903135554265229,1.0216982824958234,2.8779871231786407,3.3962128753239753
0.5445093032230143,0.2676717899198707,0.3023826415940729,0.977140304793995,0.9793863364272937,2.852872977378074,-3.564736084667169
0.5046514838712702,0.21673242063264997,0.29327942993131506,0.8925851447150496,0.9458099670470725,2.7878222568203794,-2.4431624314570204
0.5524944335091859,0.41376711420945755,0.31311783159911377,0.7137638655123976,0.8591137122889668,2.7590747741240165,1.148033245177956
0.6428545214796326,0.6113539727322772,0.3025187168303447,0.43021342933126544,0.780377447892076,2.6033716379448206,6.980086706333716
0.7684562648814179,0.8117550978154449,0.2937820066579351,0.0393980151893103,0.7030826627131502,2.3456906909458386,5.482766451965709
0.9102378202543409,0.9445809635345013,0.28836272122570805,-0.24290569721247995,0.6535115145643557,2.1142261398310813,5.309802209496215
1.043230457948233,1.0652218172037011,0.27743588505507033,-0.2617998681832246,0.605181927341131,2.0483536945246428,4.5632286899646575
1.149145146950994,1.1821276362194797,0.26100198985397893,-0.23234170466989723,0.5499778870752391,2.0064660636846066,13.503344280654561
1.2883622119633857,1.341360868465894,0.29382925901809487,-0.17683902070453483,0.5055321764170252,1.982813580421256,16.314475187086874
1.3928476513727668,1.4661624285739419,0.36870310998362965,-0.06518382602622533,0.5338018148043667,2.0085791060652864,3.246975598317887
1.4505238380938223,1.4731238194701857,0.4376837210064425,0.08695684911143484,0.6522008880937249,2.1435291193091244,12.39844248094739
1.4827482062346085,1.5227693137418792,0.48910900329715246,0.16843452686093585,0.7021508724262091,2.2201930486720594,10.805116807352942
1.4973829449127831,1.5053208157082727,0.5655960659329682,0.3038431253651219,0.7660023589246294,2.2866253601248303,6.301952501255521
1.4760788735000911,-0.12897254718657575,0.6181767085668781,0.4541755838468994,0.8482620055732437,1.383093059576849,-3.410284134126792
1.419643851088979,-0.02765556562984528,0.6964422751330711,0.5896610210416159,0.9292413680704752,1.5836749360616365,-5.697752727412047
1.284993013110582,0.04543547418284116,0.7394982443236773,0.6438989322919539,0.933023511303545,1.675344774154477,-7.453525438059906
1.2104223677890955,0.10105150921771666,0.7952469531496842,0.707493319627407,0.9363134188341382,1.758096297788439,-13.193734808087935
-0.8738183373479753,0.13966649117402885,0.8302000230715966,0.743953554564482,0.9467733436413517,-0.2817842399029904,-14.117848809114367
-0.6978889613849037,0.1691814179857431,0.9382158581171718,0.7059179180238458,0.998982806199179,-0.13460489579888435,-25.681020575418728
-0.6942914252006243,0.16504207606301846,0.9837642133206141,0.7382961795483021,0.9771850160708737,-0.0797919935760838,-29.009680879998562
-0.7553632415420661,0.19691845578246436,1.0029176410377172,0.7850725242556095,0.9367647816526778,-0.21253981225803953,-30.802776644391702
-0.7927301807879379,0.24929892559578432,0.9939588028127748,0.8718612581644773,0.8593952251435804,-0.3668725364426888,-32.37622430825473
-0.7416453207292792,0.3107294931926848,0.9581622474100411,0.9663159621550195,0.8338542236998524,-0.42915341201323853,-33.66848501797962
-0.6405748967680642,0.37259248420979907,0.895203839689421,1.0883949295104336,0.8715612892575508,-0.345930582043805,-34.38542897135947
-0.511904435743511,0.3999332992800359,0.8122079565700979,1.1958922379387626,0.9405535478270702,-0.22410123272785043,-34.72759269203115
-0.38385057778720943,0.3813757778657374,0.7253309607329064,1.2739053534179734,1.0604471800987774,-0.07640889413653351,-34.69736032061387
-0.2774671415045878,0.3012070596992485,0.6127521207463708,1.328343293350761,1.1977586253340529,0.05603279570279973,-33.873715618204265
-0.20630340799651906,0.10879239693844991,0.5055164020848559,1.3781111299638227,1.3077511174301273,0.07689963874559202,-32.72652531349577
-0.1513984125900044,-0.025937517518043074,0.4131577998677197,1.4011994867635786,1.3970480294004148,0.10571598992363196,-31.912760913287794
-0.12835516007902897,-0.06341502453710329,0.2813640485326099,1.400958996735896,1.4776025627161076,0.20530662228849295,-30.418700174368844
-0.12524701998637594,-0.06045619111372444,0.16148702261563264,1.3982472481518808,1.529627216207368,0.30567840457511286,-29.108605945688844
-0.14205242823136321,-0.023463003335220306,-0.008537705474279234,1.3934579874142867,1.552552100843844,0.41796676380009723,-26.72386333088475
-0.1897519848546632,0.039339808406967824,-0.2180490133082168,1.383290842325598,1.5911446160421459,0.5693350480408745,-23.142026211367828
-0.24084018454010492,0.08997186883571784,-0.35142597384491836,1.3318370929361845,1.5936544198001281,0.6019546930198647,-20.81690904125228
-0.30030940136979234,0.14532348162121067,-0.36049963221667614,1.2756136379132006,1.5953147515543307,0.5580853614853081,-20.531397500658382
-0.402686870892214,0.17670437873053096,-0.31547813229164934,1.1921296161529271,1.5701600908930868,0.38753961272023174,-21.072184525464174
-0.5297098813622763,0.20493024169412322,-0.21723006380622434,1.059526875300067,1.546875264935796,0.14901737150290062,-22.372230385177954
-0.7206909791338909,0.195912928314255,-0.10423081660850908,0.8781137529515802,1.4917326868519083,-0.24585728967068854,-23.738674320117134
-0.9666143785430685,0.199901080429152,0.017675306593077922,0.8013580900548833,1.4244562704182133,-0.6406303788794334,-25.002040728420578
-1.3450696232025432,0.19380568446855545,0.13455081914257594,0.7965075695373741,1.3316921109467295,-1.1729167251697792,-25.863026474459154
-2.017559498175977,0.18976850053036248,0.23879477254974923,0.8389321466640063,1.199285355668645,-2.0656122764881992,-25.947360804027742
-2.492694420542017,0.16761118568145988,0.34849224884422336,0.9071491388534337,1.1153506962615003,-2.7532282564915733,-25.875230897538977
-2.432163018281587,0.16006625398595872,0.44144909726294856,1.0056029772963773,1.0898264366499972,-2.822146771391918,-26.29904648719581
-2.297200941761827,0.1422042748678998,0.4759282152227061,1.130628526520035,1.1293264961259162,-2.7465749688302568,-25.819808648116876
-2.207045431972886,0.07220741787307877,0.483374880114531,1.2327243915974975,1.210180721260607,-2.746683567419907,-24.7913051162556
-2.095175591234901,-0.0938394011147953,0.4579167719746268,1.3222680627664334,1.3294291025976304,-2.791204269792675,-22.996537706427823
-1.9785978481166215,-0.4361742525169247,0.3705634343315676,1.3885146352546034,1.4454206927646986,-2.9503731078197464,-19.700927827609394
1.8106556884829985,-1.3969227134948106,0.2684332182445758,1.4196829133621394,1.5416585235944156,0.2899954545420216,-21.58289646605215
1.767839644801453,-1.5199869102912404,-0.03332738388296563,1.5019907317468062,1.5425467914091933,0.3072160306895566,-18.02946716677485
1.8292581162521964,-1.3859535293099254,-0.3508326874892659,1.4828433409753852,1.6505613351130906,0.5445048729642239,-13.740605652202124
1.8654176461827152,-1.425082146942341,-0.8469559667249922,1.35264732115372,1.6407523888961362,0.7606527489261858,-1.1735948575729864
1.8573899111832413,-1.512967934196575,-0.8637637196087677,1.207831299524598,1.6289806808217246,0.7390465980775307,9.983023932935037
1.8616472204445589,-1.6117624633097647,-2.307960691793726,1.0600244955846254,1.591443939358686,1.4624775584819165,40.730510730882024
1.9029967934230885,1.449944489708773,-2.2149376914789416,0.9213697629326907,1.4918159426868955,3.376481603143527,33.075705144357514
1.8041867680963664,1.5086126874077883,-2.0412354194305986,0.9150300465968305,1.469831194231974,3.35295283123844,43.068617815997094
1.8032865321730396,1.56681559085863,-1.832483271395709,0.8877085126752801,1.4649966464475113,3.399330490027485,43.41653719102469
1.7427547002366497,1.4798460924289207,-1.539913187631532,0.9544445118116871,1.4330808983404664,3.4283906742889254,41.541653745132706
1.5591235252228464,1.214394826824112,-1.0476617596750004,1.0230626609204274,1.430328028093649,3.2502316480921305,36.868327115936026
1.3489501233333003,0.8219543600436072,-0.8455386806748941,1.0783802306149124,1.390643961147042,3.135899531623947,38.310494798675336
1.1288092951978124,0.29756334663911144,0.7757692337239601,1.1087126552284043,1.3448929892437234,2.1778652567629804,12.821970723058282
0.8442114846427922,-1.3807248500114482,1.318892373103369,1.1872119801752103,1.3641291332591923,1.0669436791153584,6.800187183612381
0.5675649999940342,-1.4338622788091107,1.749019976500812,1.1939745438232503,1.3274486270574144,0.9760598958894753,-10.891218081474147
0.21036236876804593,-1.4917563037818822,2.0357044914072997,1.2753613294317723,1.2943672103093293,0.8732085743778191,-27.201602308130784
-0.09802233712005559,-1.5251257097738864,2.086258971126694,1.3224909021752298,1.2861766015144964,0.8232907324477479,-32.08456436673874
-0.1509411114027408,-1.4888584997397258,2.037281243085988,1.3219443239017314,1.2225858906600369,0.8867900354315692,-32.352446540676894
-0.030497635630888364,-1.4006144399281497,1.6553706285230627,1.3290775097247076,1.2041716110495542,1.211347484680712,-27.096905627553195
0.1410235151660172,-1.2839925765977358,1.5156761885400625,1.3133741475747072,1.1827213201129774,1.3009740598738282,-27.419408180322442
0.34699008297087996,-1.1883380761449034,0.12760204503548278,1.3045755122698037,1.2093850061738558,1.9809962745979472,-3.6982801612837424
0.5954439682512774,-0.9897297497788018,-0.1559849458036615,1.2226280962808067,1.1584929455343205,1.9954649947113197,-1.908226316800441
0.8618532846593484,-0.8755920926580996,-0.2371338314666693,1.1450839821237415,1.192549326087775,1.8724535642407396,-2.9028269214396296
1.0836096828599433,-0.7973005215414122,-0.3088065189011481,0.9357186227986916,1.2167638375792258,1.682521277013198,-4.430631413016714
1.2278079910747801,1.000821000370981,-0.367192363609282,0.5276712517583906,1.2006042539908606,2.46831667586319,-0.28243563657064996
1.2864214679385313,1.1646284125850328,-0.4455505959138376,0.031707399886830384,1.1051208074104595,2.1175562638823804,3.871082250072292
1.3572228428641178,1.2922673307981185,-0.4357250176270392,-0.034538469900706664,1.042592654784557,2.0444755199858173,17.592671508035856
1.4546833193523097,1.397717454796498,-0.38015508760144345,-0.04839701204227426,0.9267002990916171,2.0103367765753832,18.191421154023384
1.4907488629671173,1.4386795120989098,-0.2109971011646669,0.035883386907187564,0.940680023941998,2.053639943706994,15.725561506915993
1.4723722361268217,1.4047800602981522,-0.021606708141646197,0.15814073939158263,0.992233776948171,2.1225092710418645,13.417703414050601
1.4540536445049976,1.3620142558821224,0.1653177025421506,0.26867141262389543,1.0290495316463317,2.195878810839816,11.30846895534546
1.3935605928620611,1.3321153302951765,0.33789129657132155,0.40111474033806654,1.059819669445838,2.285071191322774,9.550569182110618
1.323758512176243,-0.21944564871114153,0.49579866455583044,0.5251076540859154,1.0770926558883056,1.4052814130896576,13.573105418378166
1.2673290865640314,-0.03606586026098771,0.6682526197704992,0.6282408584302556,1.0948761793756996,1.549454132151686,11.721484746344341
1.1118203779619567,0.1251209779796203,0.8257228090555815,0.7945444071015265,1.095441726057102,1.6876642107513042,9.144291372491875
-0.8334093859582555,0.26851670876421124,0.9487338647848802,0.938173869679693,1.1210186634804984,-0.11121819877344263,-5.775844479712073
-0.4802837301489953,0.333452445150871,1.1330133629661423,1.0528083493453935,1.2066187004550217,0.4106835370222588,-25.824509621777402
-0.33954888247017434,0.3273269862383512,1.1809853916402264,1.1005433310377584,1.1783437068211156,0.7459655665394136,-28.78559288548228
-0.3620058490932949,0.37060199493696977,1.192837471759248,1.0265406326794273,1.1660394312676616,0.796249767913185,-30.53518774848316
-0.4839250102339888,0.4124416706064851,1.1852242741599093,0.9687741719991108,1.105064491322207,0.6066047549327962,-32.2417714343641
-0.6405793927951229,0.4288127263965217,1.1505135494815437,0.9639878153118643,1.0572357577091103,0.3460463616442264,-33.60717574876883
-0.8275248246611335,0.4146062041350175,1.0973912209286312,1.002570337197526,0.9980440166102174,0.022638329611689212,-34.56673769366509
-0.8572873259129759,0.43656793136337835,1.0511175160923507,1.0774812163503684,0.986553276366893,-0.07397351074613567,-35.76186194546543
-0.8173869674629708,0.4383100835712236,0.9972326009780207,1.1666440085002925,1.019433584764509,-0.06366550197382193,-36.68335632100138
-0.738118605622832,0.4403808667346722,0.9233549702356282,1.2579699992852178,1.0899203357322034,0.0171072394506111,-37.11399895706958
-0.6370546476738521,0.44618794911514914,0.8421519789670402,1.3385306156826875,1.1818764168402498,0.13364480614910024,-37.354633974769584
-0.5289088310117783,0.4258664420652116,0.7347771484365144,1.403087145482496,1.2973796620121991,0.2778966707284609,-36.867877754184235
-0.45324953879655105,0.31434421400716395,0.655030648628119,1.4622258112353563,1.4046688325455436,0.325585092856306,-36.48549548026396
-0.39229070662952636,0.10358789782414995,0.5618851907289703,1.5000878968906848,1.5014004202447016,0.3046235380672955,-34.58084376600188
-0.3598054298327999,-0.11707472327434432,0.48656816616126297,1.5005930258697637,1.569077475054014,0.21604282952852882,-34.26994540314054
-0.33143881264865827,-0.17863602799646228,0.37645764345479615,1.5195575510581112,1.6384683727558067,0.29511978446508635,-32.75378818662296
-0.3399677527134163,-0.18744894133856377,0.24673847008313232,1.5162397307476194,1.6602474909101383,0.344004220788074,-31.021619175964165
-0.38297145247276465,-0.14118077624165426,0.08352537118149761,1.514436944357777,1.6807020851278687,0.4196213757143603,-28.393265103671794
-0.4378649887378441,-0.07142753835378979,0.07272470240087481,1.4840183682218517,1.6972683336083125,0.40541150048294394,-28.508738183632786
-0.5161976215732851,-0.018590177498668425,-0.39410646309677566,1.4376276713834581,1.7103785758955774,0.5777679816666006,-19.459907773634207
-0.6119751348527943,0.05615623367834266,-0.42327312497046066,1.3547657989294066,1.6946796808319264,0.46638578458108837,-18.470383773357558
-0.736212841545532,0.11634067278713234,-0.3763291798944135,1.2631820535837461,1.6582547292518368,0.20623842809683257,-18.578735904400855
-0.928924724358421,0.12902346097621956,-0.2658993433177339,1.0806526093148372,1.6277879337150924,-0.22024702602873747,-13.804930661297771
-1.2028479042104572,0.16319190951912552,-0.1316309777353809,0.8615982933474797,1.5545614999177284,-0.8054121149149243,-7.088435768280018
-1.135021799112957,0.21775838171843703,0.020232658840117712,0.7921560628378227,1.473478650738738,-0.9761602029082839,-11.536984782589519
1.0803117989325326,0.22734246282626758,0.15256485762422478,0.8245822470630972,1.3903806503571208,1.1286794332846206,-18.925341123537045
0.9783359537335868,0.22913165253684376,0.1722700300208425,0.9176133758207422,1.2309155025983596,0.9310544780671823,-20.18296070540425
1.0692538300506302,0.24042659675641131,0.21799917509867583,0.9786876329342805,1.1636564566177086,0.9070608179898936,-24.675520013668084
1.0423947287441004,0.15439093521455577,0.2277811695653308,0.9946842204946157,1.0933421744387888,0.8326592666784673,-30.24396420075584
1.0390651722026492,-0.05610765783065075,0.2217165266035369,1.0148624035813198,1.0868866277497882,0.8742190722383372,-29.99975559435616
0.9960323093946142,-0.35496298803848614,0.2064696902577291,1.008598042678701,1.0544215720053143,0.8335983979024482,-29.267141971126218
0.9698356052654729,-0.45471609787857037,0.1668742270311685,1.002893324202984,1.103915305080673,1.0219734937452016,-27.3959231741239
0.9571807047270537,-1.5098457629967688,0.10606354116097594,0.9886376528357084,1.135683890324744,0.5518372124505402,-22.57439579249636
1.002605134056588,-2.437770054300064,0.047470968047583106,0.9917803231546557,1.1800175952500676,0.13999929810935852,-17.20633851038636
1.096729329937134,-2.511437169699411,0.08690900419770242,0.9789428896331742,1.1989893548497486,0.17115618413346967,-16.490665753344235
1.1741803086338645,-2.3978428234611053,-0.265768254050609,0.9903940646130207,1.2023089401370812,0.44281111464053735,-7.05721847116533
1.2500355086644965,-2.2825099739803076,-0.23774318297730135,0.977193715713931,1.1943880143633452,0.42061629928622724,-6.032989148952971
1.41492898482154,-2.161620357134242,-0.19863634078176085,0.9473390102954862,1.2178976151955836,0.4474725117669096,6.132576207133484
1.5705584788022653,1.0480099847978988,-2.0509053622941273,0.8725161725221621,1.211442760507533,3.3492245520733466,38.18404507359678
1.6690253271985833,1.3364431450134557,-2.078923324339697,0.8474938483537817,1.1034412505895401,3.330584229508675,40.50311739402642
1.825757090298068,1.7859997972669577,-1.9185876731355882,0.9069464158410592,1.1834695768299561,3.4626807636957047,40.69398857475044
1.9077870871359108,1.833268947686879,-1.7608283275136827,0.9228709597947881,1.2034044575036662,3.461970113765224,38.78238413437382
1.8365211680412497,1.7813947526617304,-1.5214065627065243,0.9315085167846056,1.2368613378148123,3.4377101181810215,36.518549791922474
1.6934351040317814,1.4591944743769059,-1.2371688827021823,0.9227338890083531,1.2183677998396236,3.26917416385273,34.591092900807425
1.5094647799022045,1.171415095603508,-1.0815711656311255,0.9254529750589342,1.1901395345877352,3.2400993185171743,35.19653805326961
1.3075004705264415,0.8437692443784195,-0.9205906222232221,0.9213193208120911,1.135227069489091,3.1623623560898837,36.121136441522566
1.1306226712615635,0.7131199520955696,0.36272364602098006,0.9400624294829898,1.0819372153646336,2.625373704804236,14.721304871357217
0.9198147265874997,0.5146972207993441,0.7955768615512805,0.9950718576948104,1.0989254654025435,2.5141148001348457,9.673824980240791
0.7191962903030178,-1.5478741853803448,1.152422728075603,1.0125144530731929,1.047286111121138,1.1562496465594276,11.968504024295044
0.6326123314033391,-1.5013638843890154,1.4975029483500317,1.028776084011464,1.0374283657286452,1.136786412860816,5.557432886632222
0.5221560984684945,-1.4417522662774491,1.732775916325743,1.110103590742343,1.0042688105334987,1.0985003916454072,-4.025954616927925
0.42757205892390804,-1.3534732137781753,1.8996283989543623,1.2223616773910033,1.0432941019477155,1.0807181217441135,-9.84478689222018
0.36863311711203517,-1.2124736814750963,1.992904112185875,1.3147059706425623,1.0766942493240408,1.0657492943633557,-19.249071139091008
0.3192344577507795,-1.0889652290746032,2.0045553059928305,1.4046672782263712,1.1270232760464953,1.047060300449115,-32.256418735740866
0.2797421804487559,-1.017008884439669,1.82876869692116,1.4424462780658018,1.1939242856377001,1.0996541709599654,-31.531041207503
0.3558077985289281,-0.9327437336935875,1.6579628019244659,1.4376761565270355,1.2068373086867128,1.1920074320465974,-31.84939934204577
0.480481077572265,-0.887768993641578,1.485212013116604,1.404557869399023,1.2312865056075104,1.2763070545430675,-32.175372869196806
0.5945401090684171,-0.8935362920482817,-0.047432323796465475,1.413832546302832,1.2680891337906002,2.0398082021361317,-6.052414040277441
0.7602446842231803,-0.7827805602173055,-0.2991938236258345,1.2593669082114847,1.2101889685774223,2.006091512812132,-4.915349405182061
0.9613873591735954,-0.755817229938269,-0.3576056662245906,1.170039337474219,1.2466729459021835,1.891621041751634,-6.006811120301759
1.1113743425720728,-0.8071190184518632,-0.41367598118916704,0.9229449799429151,1.2586316149461991,1.6303941943213984,-7.226146054112398
1.2124010962611687,0.8701776144574996,-0.43305334413496543,0.9295944385139331,1.2339355303314792,2.6478777318326667,-14.5908112372565
1.1931909609633853,0.989929803489744,-0.511431408488557,0.11649924437219648,1.14234174931068,2.0880602613177572,-13.962310855896757
1.214304042568699,1.0696943241294032,-0.54594611226716,0.03877361939778928,1.0312993321149608,1.992450556418369,6.139584135047558
1.2892960380066911,1.2039050768909327,-0.57213226532783,0.004669200038216942,0.77167705695921,1.8832183286365343,17.170828669992588
1.3889367828485295,1.32405342732883,-0.42416128616166765,0.06653438935510025,0.6507313312343901,1.856990571412119,14.706742365104965
1.4454756821158514,1.3718279946677494,-0.21199478867618615,0.15861599585703146,0.6918696715891579,1.91518968613667,12.043507898157316
1.4469610753216866,1.3886076763117479,0.003543082299133027,0.2506464084932043,0.7679273340913693,1.9817017791477571,9.72200681175233
1.459440288181283,1.4132568816471123,0.20218121995840574,0.32889800685783727,0.8266788908977768,2.084969045397145,7.664308933380953
1.425496130200292,1.3311428229939644,0.3701318640909715,0.394139008252531,0.8486988784185232,2.0669716370056737,6.2607174625208515
1.388178059325549,-0.21025472094403605,0.5395259265474757,0.468446806382139,0.8862135381723995,1.1553106650630793,10.207417295822154
1.3705447979702976,0.01805532777162333,0.7222799048149716,0.5182623216211646,0.9221193294540109,1.344177864730384,8.00162272691428
1.2312859691158482,0.20686187641348552,0.865350977713303,0.6143889481498079,0.9372663085410565,1.4533304566276173,1.4649418919722894
-0.7870058433549233,0.35048868356203766,0.9993592118781457,0.7401868283619186,0.9849023674931288,-0.4021521250266684,-18.388860273176583
-0.6120338531829026,0.3954822140628529,1.1580335171907512,0.8172193863347055,1.0745131448554872,-0.07343391811803057,-28.77443285852777
-0.46698693379339623,0.4064842454321942,1.2070684346288443,0.8488366181981447,1.0258996047561666,0.23657622209001783,-32.60307744827584
-0.5727606264786343,0.43585132302689966,1.228724784769806,0.9082434800895659,0.9406356027370636,0.15652374394822122,-34.51794155221047
-0.746979389329596,0.4653384209677616,1.211329942564138,0.9863916075938144,0.8729956429960894,-0.05272014467757202,-35.86276574441084
-0.7825578873556612,0.4702735595782069,1.171009977181931,1.086977874491672,0.8875046621733165,-0.08358400446670755,-36.79627341385769
-0.7381418243984892,0.4848603539071047,1.105158651104746,1.1926352430459322,0.9378038941891221,-0.0016224887941906907,-37.4771700585913
-0.6419659348496388,0.5017874783113039,1.0271146830355555,1.287442748168166,1.0495039567571753,0.17429774091724992,-37.88994367385271
-0.5240477101159831,0.4866961916299695,0.9320687561248522,1.3632883817440202,1.1850367462668612,0.3620507752402644,-37.920873358565615
-0.41574951808865324,0.4468664659571967,0.8158269716308344,1.4290912357016243,1.307412538975487,0.5125065380623961,-37.537139923029955
-0.3372631755251453,0.32095679342476746,0.7117677127274149,1.4834143640991801,1.4139801223255988,0.5662747576912945,-37.004379701637646
-0.284151068478701,0.32842471491712394,0.6054575514166013,1.5126631245994293,1.494748354994297,0.6672370028598604,-36.79754586626221
-0.2752597206747461,-0.0568939875415192,0.5099573341517395,1.514716031899336,1.5781277579769872,0.5008820219527212,-35.033563061526266
-0.24635823000881008,-0.08060879489754791,0.40622370026213384,1.529698133239621,1.631672337652884,0.5906061643700831,-34.082754534696186
-0.25880723956075724,-0.10076753217016687,0.28879949689640805,1.5238725618629776,1.6686089630888838,0.6571345900399388,-32.625120358384805
-0.2899173088727155,-0.06529688891200269,0.1094744886394925,1.5166896898064504,1.686748533974279,0.7536438272682031,-29.870444363817107
-0.343532022422935,-0.0009751422218433614,0.09359437180774854,1.4871406084380707,1.6937231163694295,0.7400094011915743,-30.03666174352415
-0.41075544945380355,0.039033062353477976,-0.29369406273489274,1.447340370769545,1.7030038138799801,0.8801966654750726,-22.600481191717016
-0.4961924652643115,0.11684189114040633,-0.31140296182216587,1.3690420450172351,1.6895054891941272,0.7886914704163623,-22.123285956491713
-0.6091959374121121,0.16429480394506435,-0.27255788059173547,1.2817812420309311,1.6506396607660248,0.5676978267863713,-22.371961395457536
-0.7750935643822513,0.20118385633852176,-0.17957855814750223,1.1223534985793358,1.6136644088949939,0.21374415274092673,-23.51440851663431
-1.0147418491000564,0.2067674724076668,-0.05596957231950772,0.9450250540251577,1.5604137133222031,-0.25104638563969783,-24.81731871058856
-1.447065990488598,0.20942861072649255,0.06307697503827758,0.8920146595921059,1.4778441763714165,-0.8781577119102517,-25.51166418214921
-2.1782433369448495,0.21548430982271843,0.18684874813157393,0.8916019224605797,1.3570518041585562,-1.8485614926062004,-25.65145369894479
-2.665197688309776,0.18663783746680573,0.3118561968455167,0.9408129278802175,1.2367386897695523,-2.605319967954922,-25.777919390583467
-2.5975068973650135,0.16195739101170292,0.42216968658744425,1.033945752682236,1.1876703369134878,-2.6997428069018032,-26.32048830484751
-2.5302371259313654,0.12597789589832414,0.4738140542517085,1.1555667846916373,1.198935370373233,-2.7336201861881433,-25.8294559426744
-2.438359608633355,0.0290362649363744,0.49862486087576996,1.2602055390191402,1.2691780988624508,-2.7623301182087614,-24.737540848185947
-2.323331049275146,-0.1784949702730801,0.4844226055174349,1.3567277320033133,1.3800209149372205,-2.822250199011077,-22.739209257460516
-2.2002338983752696,-0.041802730075744476,0.3991756387507919,1.4045866574418506,1.4724780147879566,-2.7041500244755605,-21.145093306632944
1.6847821080026089,-1.6562014614064053,0.2690592848082578,1.4668120770943243,1.5636119984412664,0.24188612905715123,-20.340545437813212
1.688290526296524,-1.6033961875101745,-0.058175275138445115,1.5378097155895025,1.5719103776604195,0.3812266958470367,-16.71292938378678
1.7719596686648562,-1.4811576881658006,-0.44305705150440944,1.4952224242336194,1.6564400432353619,0.6120865263608879,-11.172770396347916
1.8204607141162956,-1.5095201691911713,-0.526581742788424,1.3579267761635383,1.6524553898265255,0.6115086802102279,-11.283243461224515
1.803255663428656,-1.6503521031202708,-2.3863960908979696,1.215616116327056,1.6682492305232601,1.5281116553764402,27.420821206340186
1.8365593044159723,1.3665619048654098,-2.4872634043125337,0.9531806060568127,1.517111268325761,3.414029371990038,18.201185066203948
1.7459252531352722,1.4954491406863863,-2.3485613032660595,0.7799134841036114,1.4552834020841614,3.3268652483975494,29.687372149610926
1.7489530078247177,1.573464551297356,-2.264635298145828,0.30250813857566644,1.3685676455981144,3.1878072936100192,46.155583850177834
1.7814545198490033,1.6673238643498096,-2.102303304604075,-0.05466109733762298,1.230159852390599,3.090647014063153,45.08826591114284
1.7221782262564453,1.6214765733544194,-1.8876838322605376,0.12374374302667784,1.2041426860031539,3.2696895557899426,45.151104772003144
1.6144135826229058,1.5092228356714585,-1.323110871449672,0.3813017399150022,1.192610434404237,3.314097976487367,38.95492934830365
1.4774861190446682,1.3647897622532426,-0.9939639325054568,0.5927014854329469,1.1840243117842142,3.412132337935277,37.55975067588645
1.2996442520250397,1.1942368144062936,-0.6888236245486301,0.7390276636103106,1.1469880717800147,3.4135023566719154,36.38683106484214
1.137475589915675,0.9664374989520907,-0.25300374331863634,0.8528707679638268,1.1098741712049156,3.280716416179973,32.7122010926992
0.9733224112121537,0.5876854078844963,0.6750436272497283,0.9643583279826959,1.0886946807191284,2.7522288118042413,19.63634875034898
0.7926799582947781,-1.1966903584382544,1.3843279516808646,1.0552089080765688,1.0905917602105772,1.3936301638167667,-5.0417964754912
0.5550592959596541,-1.2296791015702317,1.8503118622771746,1.1343887453625243,1.1330967460005041,1.2954636159466237,-27.393525985536385
0.20401718115848955,-1.3099787758624837,1.9648372844911408,1.197049739510227,1.1245706819485375,1.25350933871949,-29.187395802207888
0.020446376492653906,-1.29437544733383,1.7713052358898456,1.1732797733600686,1.0760840653311536,1.35499618987052,-26.34926609710067
0.08085017007450102,-1.229983247381391,1.6813998427432315,1.1384012806672938,1.014963839621693,1.4503040221848238,-26.730446918386136
0.22157784713362538,-1.1576124554400649,0.5277826619484085,1.1068681588952627,1.0066420192280243,2.039375695111975,-7.202343310729267
0.4387234752763236,-1.0041501953015648,0.29792460377799235,1.030820788511856,0.9418800281245205,2.034769809953459,-5.310215785759246
0.6987137988406853,-0.8617472514130775,0.2181515768058888,0.9402597839079581,0.9621593235071378,1.9160103219048858,-3.3786917671461847
0.9445609168051718,-0.7454404942104732,0.14221086775683114,0.7104486265710859,0.9652141278108837,1.6769912850740103,-3.7301547100234256
1.142011315304111,0.9660965316121843,0.07784950974361077,0.2514880401250049,0.9522417153483309,2.308549316269816,2.5091910434657843
1.274461433459274,1.2201881801590102,-0.003799260857166517,0.10202744593732238,0.8688737804686362,2.1861700495615466,16.818671002345127
1.440670751544567,1.427539801458183,0.03802760427689972,0.14512120359601538,0.8621991730779265,2.214860998472626,14.468560632431375
1.5124919718058547,1.487307057159958,0.136816137291561,0.28539574574709203,0.9367791273381989,2.2843549893267534,12.245429388481373
1.5386922546035042,1.4710132741455308,0.24818678580406572,0.4419526170308635,1.0170947066820946,2.394922433290379,9.698752409447437
1.4968861343581905,-0.08775835019121729,0.35509571383553706,0.6050143631737696,1.0773534063940216,1.5422587600816966,-6.165767203268004
1.365811169883674,0.0025268867249348403,0.49308491376245156,0.7745105953865052,1.1676921078912963,1.762049665439474,-21.651213014703977
1.0478649308939214,0.022532323926128306,0.5654037415395259,0.7817421114023365,1.1537837322807136,1.7363585438906286,-19.682658375543152
-1.07639322361415,0.0061293668281577895,0.634752968669808,0.6583517718771014,1.083784471976673,-0.3787484794839657,-8.074052986340485
-1.014267828453478,-0.0006658188780835905,0.7917716031081077,0.5765446424447246,1.007861812611968,-0.45232091666243,-6.859120692985073
-0.9415329126168119,-0.024684328781875875,0.9116446899540686,0.6315731149911514,0.890193845921868,-0.5015464496578017,-8.283023516564485
-0.8439420504316445,0.07432036990520197,1.0279894881937668,0.7776558608899914,0.8449871137457181,-0.47727006412637896,-13.79051367783029
-0.7170564533524615,0.2272785563406866,1.0902000984342806,0.9294148207950381,0.8344834813839084,-0.37090775222585104,-32.20391538845723
-0.6410105186513013,0.34882744799736665,1.0988399802211914,1.1026775920887386,0.9002222617897531,-0.2493689873570959,-33.74278496085171
-0.5512623460644147,0.4383526197807502,1.0302203882937173,1.204278691269445,0.9442245666953072,-0.10804269168856484,-33.62445168850165
-0.4346884810642587,0.4557315538052341,0.9583625130195446,1.275374820716217,1.0400972539678814,0.07368582400529622,-34.558713410909306
-0.3385128684547114,0.32307391388120366,0.8314995222966357,1.3316910885282227,1.1744184551968728,0.22759599438948142,-33.449901444588285
-0.2727287620217067,0.07198653650275438,0.7109168158134872,1.3698320958385122,1.2818512411341307,0.2551145584721035,-32.214240211029775
-0.22763151825251907,-0.05680361328515707,0.5552248355310198,1.3886636886066634,1.3747638341055928,0.3482671279717584,-30.572957032759824
-0.2218120106942309,-0.09019552124915389,0.36591148363674664,1.3847193430587388,1.4367849682253775,0.4531486513236396,-28.50207921243357
-0.22435786658741474,-0.030473066265070625,0.12355773153483374,1.3780391823359142,1.4608485166097505,0.5995311644369803,-25.554426034448507
-0.24836361196007498,0.040356968318240094,-0.16955808504195813,1.339175441309453,1.5105655408466865,0.7777887344877459,-21.058315837686987
-0.31682485518226366,0.10857847199217618,-0.2506137480743533,1.2758439752130353,1.5200365249308463,0.7140156559083324,-11.850840888946049
-0.3894041744863142,0.19346284152192142,-0.22000546933967835,1.1492344529903724,1.493827530860962,0.498907820974106,-11.917897427720115
-0.49996747551064125,0.2586219050256924,-0.10787790895181759,0.9864076638383188,1.477881148334713,0.17537675748164272,-15.228794516147474
-0.7093379977789138,0.27371228713555873,0.011242740054624445,0.8602943419383817,1.440711728272893,-0.24557738767003046,-20.373183381924218
-1.0027000631867458,0.2556771012795427,0.13380896797153707,0.8259648388754095,1.3682297175211426,-0.7095324511802794,-25.830504997348953
-1.601863520176177,0.23286299669013627,0.24721048668753054,0.8474038685760467,1.2495155056129672,-1.479958590808907,-26.52440541461791
-2.4095994715999214,0.20105052526599743,0.35711226611968105,0.9152765576157175,1.1353279738525726,-2.455963322622652,-26.25654924114649
-2.482225678921314,0.1532863713100147,0.46596920145788645,1.0047816100963578,1.0960128917511658,-2.628341379151709,-26.601580678333185
-2.3606637194859212,0.08764994818141852,0.5137891608391028,1.111032260570663,1.1154445083713316,-2.5416080740001816,-26.229421097263696
-2.3019902275331376,-0.025748271112592175,0.5342546469817698,1.2235591198574718,1.2134634168037564,-2.5374114248041297,-25.001918892719132
-2.205410803407998,-0.25481299351754716,0.5222362611905275,1.3182046924191793,1.3330762604645652,-2.620111935193057,-23.03235369929876
-2.0873880941980603,-0.12134680440411366,0.4194549787029125,1.387931925424785,1.4476908022794035,-2.461390322212133,-19.527684055738977
1.6807586702231654,-1.6402288675230212,0.2718465165361085,1.4266096867409497,1.526137842723192,0.39629780064527687,-8.762877866576138
1.7233359678504772,-1.4702362429530988,0.13407664224234572,1.4849487622846715,1.5237637880683592,0.4920769716543081,-7.2182754154606
1.830943554841811,-1.3073194640145986,-0.3421673148279918,1.4727146133501436,1.6224954619239593,0.7731276767056636,0.2785883298644718
1.9015525642600735,-1.2957117271596497,-0.41235796070526043,1.3681770716922381,1.6225391793218031,0.7729147723664078,-4.105236698547756
1.879314014106558,-1.4142637220328116,-0.41286750635466374,1.2701866451345392,1.655967138712138,0.7586535797936018,-6.2948696466705405
1.797427319713467,1.1684465003411542,-2.1697940260948965,1.1033134681571402,1.6413293862656069,3.4004332012045166,17.45353665826373
1.638222281227077,1.3474655663431483,-2.128721030363692,0.8780002300211641,1.4451102980414485,3.353156287715759,26.95973211781772
1.626657593770066,1.4771037553791173,-1.9689080302559423,0.8361849910113384,1.3936119155514142,3.4178891431266774,38.563445408362995
1.6482086504356372,1.5252471200848023,-1.7565022527191112,0.45880895720005244,1.3252379033302395,3.282260561931479,40.11352025775221
1.5908665183231203,1.434225647981675,-1.4621821684245342,0.591011468067704,1.2966659854850733,3.3535963406547955,38.13594327268702
1.491980494033823,1.2694965596683152,-1.1693157641321617,0.7445744647610575,1.2890194060235127,3.4554076004161542,36.84116873871186
1.3065969286025017,1.2012425539420764,-0.8190106307599822,0.8661645468261119,1.2681222305385036,3.4750352580254553,34.35935770912539
1.140053349373051,0.7748401421076291,-0.6330108467152025,0.9685208151712538,1.2380083513523097,3.333130072129803,36.27256955001657
0.9790283669979235,0.753577239088919,0.7477511956303964,1.0476964263783624,1.2088159451323257,2.7922499281593725,13.51351599252606
0.7510209587839423,-1.1476647798791737,1.3925278769487215,1.1546986012911238,1.2320713127319949,1.4212360879288353,11.29694882821774
0.5396179320690033,-1.1097303969156518,1.8495333413721617,1.1823766384671823,1.236211528269395,1.3264044736277971,-8.921327408002663
0.18741796452784099,-1.1227589194487009,2.146895664567157,1.2913015928505298,1.2243268966511591,1.1851149851622487,-34.225848940610355
0.023121317475396808,-1.139687457695784,2.270339247176108,1.3953307716905126,1.2712652768315635,1.3305470882089971,-36.82551628076712
-1.7481086866579696,-1.02519647859232,2.186203238027452,1.406701254847099,1.251667785018051,-0.2144557857407463,-33.72471209702377
-1.6975980695466415,-1.0281065961177718,2.09400537129913,1.3790093165409751,1.2442032971671766,-0.22635324816247548,-32.776421842028846
-1.611805495246784,-0.9557245807803818,1.8548050405689416,1.4098441434112277,1.2376560701861363,-0.10788823393123081,-30.481976140325163
0.19431788244765902,-0.8252215254943569,1.7207372810409955,1.4551294073717589,1.2756563404411256,1.6460229022043174,-34.12128474879829
0.3727530694020682,-0.6633738078391056,0.3514149751056242,1.5190449196802642,1.2950902495365881,2.323167911161441,-12.43459480463269
0.6420653907642071,-0.4171389500012634,0.07968513243114206,1.4416866995520816,1.2980186467507773,2.316198575598974,-11.791503752730343
0.9185906296041276,-0.301646517518886,-0.044623657695982366,1.2863942191974287,1.3242270729089778,2.1559803265685735,-13.15715103490955
1.104079463775331,-0.3484692501673425,-0.14025122401160595,1.286204338686129,1.3421481119729235,2.059354098709224,-13.820730673466096
1.2007071095209663,-0.469982537876347,-0.23402737560726905,0.4671417720814964,1.2796013000465634,1.360582910792215,-14.071866481808396
1.2679046550063289,-0.7293808869863895,-0.27212751219307685,0.3747595518807189,1.1689724850321803,1.0561668271875373,-7.632126030966975
1.3186073094239537,-0.7882824221597757,-0.30081151581926546,0.36725042546117437,0.91451076339264,0.8067680781287114,0.7735305301233335
1.3768323007942813,1.1370200778814699,-0.285475253737987,0.4136091421280987,0.6409324656212544,1.8052666663687265,-3.3533442331722316
1.3792108461145427,1.2259639985301365,-0.26567135481454096,0.5089932581068283,0.5602427321935745,1.9969035192142088,5.80916830276661
1.4363816348413498,1.3428662802512055,-0.11356233555496353,0.5730353550026513,0.5747564008516253,2.1135654436234974,3.5636796805818545
1.474555010096453,1.3673508368200458,0.09657267087724003,0.6613662396599749,0.6321624760035378,2.183044634287042,0.8308984214426633
1.4518693271823166,-0.567139940351058,0.2965567552741571,0.7513629665026706,0.6914901334795349,0.9644698655435071,-1.149095104129099
1.4397648629594635,-0.453973509222884,0.5399111653524747,0.8013789078490727,0.7668635917789097,1.034041157250619,-14.727214824100741
1.23278643845296,-0.2524761999693918,0.7229400475898003,0.911243666242777,0.7959797488096895,1.18543702742654,-32.869696391036086
-0.6122841983601801,-0.12558310890349905,0.8071791183004775,1.0191040825584619,0.8833405781234127,-0.2537870642275104,-32.13679281964562
-0.5945658096917859,-0.18146598932047697,0.8504831277511509,1.0286916904176777,1.0001427087325871,0.04744815627162957,-31.653285511445887
-0.5946648733702827,-0.41154139813963875,0.8328223502265945,1.0603537608305138,1.029070981835442,0.14770076037458102,-30.42036113570269
-0.5602259354784395,-0.4401960224657172,0.738677762843603,1.1202973874309152,1.1053807976157168,0.3314102426223058,-28.503369485935252
-0.4880053678507066,-0.32041281284899437,0.5611327270957364,1.1494018636948637,1.1495152373184787,0.5223058276728048,-26.132282902429722
-0.40863612415376216,-0.11933508156562272,0.27227030336167884,1.1755468167880112,1.1980667929135973,0.7429068792118021,-22.08793176474018
-0.3396716870615664,0.07630163472238916,0.12936657275725266,1.1538389158859075,1.2181935736065128,0.7766321513434553,-21.08738105155034
-0.30987559019275995,0.23814739065899013,0.09068194649333039,1.081965998245171,1.2537402504297548,0.6800769508177242,-21.882922923082496
-0.34027932651169335,0.348666647789341,0.12175821869800196,0.9566690275824203,1.2544417504670877,0.42918794349696565,-23.99944352482523
-0.4651670783440477,0.39477786243833934,0.1701269253015062,0.8109902150282744,1.2380653017218801,0.06730986031079089,-26.003645131996777
-0.6835334051941173,0.40060648304491087,0.23802757615830628,0.7900616011353637,1.1813179948057604,-0.32601266873886514,-27.94795806043021
-1.0649099386264431,0.3677035427526051,0.2935879551842585,0.831105609888016,1.07659722049953,-0.8856004620383131,-29.15989978738657
-1.8319612406093764,0.3326865632209597,0.35530494831984294,0.9215624603117212,1.0023038221603044,-1.7768325220446437,-29.11416727570048
-2.372957128148045,0.26894128130407724,0.4256596866882475,1.0136279961487062,1.0266502589196833,-2.3654607427917846,-28.4568081444669
-2.309738026147185,0.20997887243917157,0.4864858767407173,1.1138378515910543,1.0778578715573195,-2.3182919458727875,-28.512983147498957
-2.263338237369049,0.12523364752113797,0.4982727317880493,1.2341096420161255,1.2097727599106687,-2.2228426022644165,-27.31238810249985
-2.1909600547729644,-0.03168566101796638,0.4902195355629184,1.3374187777627204,1.3397076836411548,-2.238216144506162,-25.756397733377554
1.1540609356878455,0.09552215825538601,0.4215504600239297,1.4162641350998477,1.4480019343154757,1.2701725296005693,-31.135622323748663
1.1963339847640166,-1.5055836095551227,0.15982349527450812,1.5209841118978067,1.48460130194525,0.42084557812295875,-23.071377474570635
1.3838672346245489,-1.5780818948943307,0.09605545270800753,1.4877651378791958,1.6096686471858084,0.4426606026691382,-22.48569958272128
1.4972907516606142,-1.514486481700859,-0.4536600441775692,1.3944668644069815,1.5969194761564913,0.8017772406015347,-13.91121315345844
1.5070081075857085,-1.590180360690183,-0.48586578241976464,1.2942714270264015,1.6047912562698274,0.8208517958191068,-14.043282082454231
1.5018839848480432,0.6295710780016047,-2.2468270523572422,1.162868172821827,1.6005249740207328,3.212706943304604,13.86191822171716
1.4511690317985688,1.0158176099545673,-2.309423884214957,0.9519436832744119,1.4406725262833415,3.3354156604452605,19.926830123665958
1.506420188781582,1.2695214808640802,-2.1533473014057334,0.6642347453740046,1.400744738105823,3.23138565117503,43.16043774498663
1.6244145082168513,1.473142715380106,-2.0410633132477614,0.23015158395431673,1.273622615656479,3.0291782411884247,41.749887680247234
1.6776287701170298,1.5317292646157321,-1.672352573240523,0.29131032471097895,1.2554284289196946,3.0523269061174076,38.04118141017841
1.6115894946301172,1.456406054629494,-1.3517675367534088,0.523461812823627,1.2588166641625944,3.17080231053413,36.046990582129666
1.4747186743621932,1.3218620377134511,-1.0394421000406837,0.693751789672538,1.2501806139862304,3.23255230254349,34.787522805393024
1.3213870918322796,1.1809308079585328,-0.7448929112293929,0.8211674767781199,1.224338404339864,3.2510149983675003,33.79884549769049
1.1748323053376406,0.9457567710130923,-0.36674670515516317,0.9168427093837761,1.1871294353995818,3.112571863225245,31.203419532241934
1.0208601780763626,0.8989392407578993,-0.19756934756020628,0.9990007820996147,1.1621402409033694,3.1877387390544847,31.72982222791112
0.8675244223616922,-0.9344644268830125,-0.05708451438439133,1.0718506899488291,1.1184436032961136,2.0481034429380083,38.917247919803415
0.8024771740900898,-0.7965525666270948,1.6105303446994381,1.1084156422735252,1.1125949789174396,1.3823454449981019,-18.5191499862054
0.5090508457823326,-0.9591816797416644,1.9519123384055819,1.2869110013291478,1.2157538311284675,1.3081603182772108,-30.073378866183095
0.1604438977844609,-1.0501306812606144,1.9968895389337606,1.281168512830639,1.2019884183390726,1.272225664143619,-31.452578367401642
0.004331883271156967,-1.0189682484830755,1.9539595849225528,1.2517533456846972,1.1131062226853572,1.2963970553662132,-31.671193287426448
0.049586955901653296,-0.9982702261313283,1.8530089945973975,1.2222319236827066,1.07247489313795,1.404400173284412,-32.02897085037423
0.15085913007391327,-0.968333798939778,0.6952894349573397,1.1972310963955615,1.0607727737505388,1.9928803393323067,-12.56519223297235
0.3453143582567937,-0.8408339483467582,0.3934613545760737,1.1392192473174805,1.0261864762708255,2.091765201435348,-9.163106554311572
0.5933954494296148,-0.7109369375678706,0.26270416296160126,1.0864301528270708,1.0330658803622161,2.0330860764661685,6.386403288295198
0.8807114077099216,-0.5691768765555045,0.19733941043565756,0.9099361875240759,1.0242942205923713,1.8344948339072875,5.7044503632071
1.1167851294736544,-0.4893643727714807,0.1912647464856151,0.7672706881694307,1.058084035707933,1.6260054629122207,4.040654130424782
1.27523432862898,-0.4154150926207,0.19696608593190498,0.5594007318693409,1.0856912104247165,1.394890557424059,1.8603182973120855
1.3830962882743105,-0.36730864971521004,0.220263516356852,0.45600197482816335,1.089063465297972,1.2709244254754481,0.5073596339709816
1.4292816627750686,-0.34724256003089515,0.2499835943320991,0.4304112883561727,1.0554091657162923,1.1597852642980633,-1.0234745256307904
1.455580141965114,-0.3515201088388661,0.28944187366647656,0.43647760403955255,0.9996997787735613,1.0739376994373973,-3.7645650412252905
1.4554561270158957,-0.3882430834685088,0.3366654458093163,0.48320451638534034,0.9031803792943098,0.9482687546900364,-0.5154146634118031
1.4680669049743493,-0.43306598146944897,0.39655815495125707,0.5229095331167923,0.7897307288134664,0.829079308222378,12.104393847340647
1.5206979576361792,-0.3934898345345359,0.5172418154212537,0.5770746528954667,0.7240190136882052,0.7959982159184817,10.10953323747546
1.5443012715775346,-0.18627226018814663,0.681106938799381,0.673887925149869,0.7792971776483182,0.9523589162660784,5.1161427275946405
1.4557015422776614,0.10006273216209498,0.8159759866953418,0.7806450372442438,0.8555356095332988,1.1193045227969227,-25.29580614692244
-0.571877320106499,0.242608260668539,0.8991575201901593,0.9136433175062064,0.9537180888642227,-0.6353892266753192,-29.49803686526341
-0.6202285864505545,0.32906940411164837,0.9726208581723089,0.9125293616087505,0.9784333754187065,-0.49870328736280634,-31.43173123288372
-0.6746291934144241,0.3055671164813044,0.9888531704395546,0.9654358847351726,0.8771849896790922,-0.42386325783667167,-32.934275312016005
-0.6675641109435086,0.204789049573888,0.9876554319219439,1.0642687201649312,0.9054332482514392,-0.2925118590095561,-33.41252799284264
-0.6011596786689246,0.10497674143076646,0.9234067129249954,1.1445008070885898,0.9669107685195452,-0.1366169974557696,-32.96850741811722
-0.5028198005899172,-0.018174993404814987,0.8554816706480529,1.2160499391363797,1.0822678453419146,-0.0020113292037025055,-32.317112859905606
-0.41244008678180843,-0.18710687161866846,0.7532156488851649,1.2728018876467762,1.1758789057522225,0.019224764400960215,-31.041844839204632
-0.318138391804911,-0.21504851612335857,0.623718217882478,1.3183529630112618,1.2753127626612202,0.12078806107714701,-29.557964718900116
-0.2553672468997881,-0.16175131903543566,0.4619752432831813,1.337921977733041,1.343708331048342,0.2135177214061148,-28.138191617820844
-0.2004994348541486,-0.06171344635241882,0.28245155578023484,1.3522115970236173,1.418840500724937,0.3635681076447481,-26.06996808655603
-0.16770833576277513,0.05758300579260173,0.03374722206521308,1.3557818333456548,1.451417886876225,0.5137056726178368,-22.915667895147195
-0.1737264270542555,0.16245330046577902,-0.17459292925235992,1.3161636899703375,1.4758471127419717,0.5869636703335588,-20.188033194844774
-0.20506880829522245,0.22941306559362806,-0.2322391385797602,1.2564117075357546,1.4973169860634254,0.5475826808544948,-20.014602837537648
-0.28296728763592066,0.26901747392501163,-0.23141741034311314,1.1667153307518752,1.4951430636771557,0.38516482020449727,-20.366007339313096
-0.4061598438919026,0.28452849646437495,-0.15741155532599305,1.029137080128467,1.4818651399710578,0.1379362680443572,-22.03384063307735
-0.5858694691552495,0.26539093629221044,-0.05625391665322832,0.871115824298895,1.4486937909729132,-0.20770130131442777,-23.522315316767042
-0.8034718776148957,0.2366423032337776,0.035904557143929594,0.792036915772837,1.3933253253003708,-0.5533085569584315,-24.80216641095752
-1.157231521796229,0.21147722395814988,0.13876735514320815,0.7890366485478508,1.2936480920943998,-1.0549638203640603,-25.71053627542262
-1.720420251361451,0.20206048219489792,0.23657926139640062,0.8273558980239254,1.1793464100542093,-1.7922465087158759,-26.259489536815103
-2.4055683926458693,0.17328923381997252,0.3331474664105706,0.9099516033275254,1.0962694983751424,-2.654213096347274,-25.664762120883402
-2.419964620732277,0.1554304972904993,0.42734550608462707,1.003847696840845,1.0857406811108246,-2.777055307637898,-26.039982710825765
-2.276591041443663,0.1344051321612939,0.4683009704278651,1.1222822750128214,1.0985246346585804,-2.7098711889679383,-25.832458971845966
-2.1971357723367935,0.09138039166076636,0.48345708767659423,1.2240722654050964,1.2047420458903229,-2.6874889465800362,-24.826505915828246
-2.092984225843867,-0.03843656618459028,0.46693882435774975,1.3145864146664321,1.3268771094309246,-2.7200152232276595,-23.227704953077698
-1.9799952320043253,-0.31224178452466667,0.3976509412584487,1.3836152426688197,1.4456218046698597,-2.840296352572393,-20.43326411782884
1.7578060314264312,-1.206705586361533,0.29404573222362895,1.4165451100778048,1.539207944190409,0.4045513468673807,-22.425428184621346
1.7329571195190545,-1.5000394733022766,0.008914337307938669,1.5022536894428438,1.5480715207252198,0.36584067009030763,-18.399332930691696
1.7858743323691169,-1.3860091640521068,-0.2539593456058664,1.4868267229043743,1.6404835971377674,0.5972686966273484,-15.10739826223343
1.8269114891714768,-1.371206016591973,-0.6951399359971286,1.3680317616765882,1.648610746684583,0.9230696443242992,-7.298096655371875
1.7941407451144946,-1.4809837299293478,-0.7242002600142177,1.2394690768770873,1.6418788470800856,0.9234745487154004,5.797478849264689
1.7860706203320755,-1.582803011928766,-2.2783759486854556,1.0756155367622744,1.5900695048105136,1.685080362274677,40.29575052733606
1.8393342712677538,1.3841139495038055,-2.1865322636722566,0.9305270097825216,1.4881168284248532,3.550846910688697,31.473289574586616
1.7477821015471908,1.4373131507618382,-2.027028230272092,0.9419228400744893,1.4565650566861608,3.5251068490276056,29.581482750410196
1.6837514754453893,1.4204659967066988,-1.8098054196306945,0.8544353255839165,1.4739364185454416,3.4735208602564835,28.089308691400397
1.6022528149439836,1.3801432498273303,-1.5542236065063686,0.7119885231216327,1.3992840758764238,3.4086450112850475,23.499915238901124
1.4446337593716048,1.2800896275843994,-1.2860242712440924,0.5769731290530218,1.3118006550069283,3.3068545316770797,23.70819593959002
1.2812897284624762,1.1891542759332996,-1.0248132991638872,0.4204601262307334,1.2127308357651125,3.2311616787124544,24.666586284239756
1.1447711041120239,1.1143325104133708,-0.7446597848894627,0.31644887486220213,1.081631949515857,3.1346099800848357,29.678760509939714
1.0823247474743694,1.063952692464415,-0.46218492346953766,0.3609665764134109,1.0028834752318057,3.199541617592404,30.756071910218417
1.0207036665016924,1.0176407728427137,-0.19705115422304237,0.5532922094273671,0.9593323579100514,3.3076464258628366,29.164162569000055
0.9494173144380569,0.8981540573955444,0.055405985665631374,0.7274812348940871,0.953790295135553,3.3039616129986538,13.66205412852813
0.830122031825469,0.6265635826718614,0.404671168923321,0.9019536705460335,0.9775840864644356,3.112342299779316,-2.0670168383760146
0.6676947023377747,-1.0038232289241154,0.852701257944277,1.0030703151362559,1.0053121207724445,1.9339034469704024,-4.51471144941146
0.5728611302441855,-0.9071133252233881,0.756164867737036,0.966931988505782,0.9917806919702014,2.055728821475949,2.059362908257701
0.5621029892441797,-0.8202621582248673,0.7201394892585316,0.9292893628537158,0.9074282084255066,2.113115234553071,3.8593797817175632
0.5982106539005416,-0.7125145684307839,0.7268144750259258,0.9355980673977287,0.8919363855155953,2.135212261483863,6.040232782164253
0.7098108082869212,-0.5720600098128401,0.74440397767864,0.9295640942394057,0.8897545706688433,2.1522336029073426,4.9669305583649
0.812378900759587,-0.42841333637499873,0.7708096853772224,0.923610338564121,0.9092321139846566,2.1385366908125514,3.0563537151582967
0.9106036850878265,-0.2850562050379529,0.7989572645942478,0.8959307049398337,0.934417449493939,2.095461547073806,0.7934037633788328
1.0140444955196897,-0.16842966930008102,0.808879611287638,0.8503730750904436,0.9421877267577886,2.0470171853042434,-1.3776371625439618
1.0649161917411467,-0.06710377455697714,0.817308893219605,0.7785339934900188,0.945060002331418,2.0430363238798948,-3.578994340405506
1.0874298949234107,-0.00013481505254420156,0.8321645580224923,0.6793479448083564,0.9443518084363525,1.9312620358730581,-5.900980043577313
1.071989998339439,0.0516478168506401,0.8498020190574173,0.63741504279759,0.941980813848883,1.8623392442056999,-8.088621416279045
1.0093803844280282,0.08872613357517117,0.8720444823734584,0.6364578716225909,0.9159103517934208,1.7534566933803648,-10.299122520797868
0.9907607818093753,0.1155746452397795,0.9012788395628132,0.6889946767129265,0.8856339783861682,1.7290517052514154,-12.56651822386915
-0.9211434269999714,0.1615335453217675,0.9409082876186383,0.7446601618945545,0.8373294264328559,-0.28125820696202397,-18.71526096086309
-0.8080479367532208,0.17387669808894418,1.051383330747886,0.8090229562100265,0.8461799531086073,-0.2139324625072878,-30.146106984224005
-0.7986499676338195,0.1709395073439579,1.0781870612298525,0.9501877655898658,0.8081728921087163,-0.09111632923420188,-31.269097835723446
-0.7608432215118093,0.1659771790370378,1.0813292771399574,1.0946828892108833,0.8712463961997605,0.08041758327217163,-34.582324856205275
-0.6661941511099252,0.13200186957798304,1.031596802975801,1.1998272382701702,0.9917290889491042,0.30141366893138644,-33.45402711873158
-0.5549421312824869,-0.00426268952426434,0.9247064976987162,1.2809648967621274,1.1217954304560007,0.4279544869217111,-30.142431669315528
-0.4430536440269834,-0.20695426757003976,0.8083324941400165,1.3395809954016829,1.225615983483865,0.4292242337535237,-28.52156676096397
-0.3548256547098404,-0.18765141789667839,0.6248492796595149,1.3616394209140945,1.3171850846354756,0.5302709658724374,-26.598005436749222
-0.2954209901464582,-0.07638034682051498,0.3623555862538902,1.3745561486873064,1.3848582819951478,0.6996313086591073,-23.36895408704273
-0.2782900140746799,0.06768008746468265,-0.01551368207776127,1.359190833195186,1.4219591032029866,0.8806721893696521,-17.87378956879163
-0.3287088647524028,0.18820648188831887,-0.1477658182528261,1.2867214401696927,1.4459714877444045,0.8238044721010955,-16.615878452560143
-0.41777371777877736,0.26982216299168804,-0.12795715410747377,1.1521762508640956,1.4486250143156958,0.5808525392657722,-17.728295976384242
-0.639648522419652,0.28927338736901265,-0.052741512127454704,0.9137407529129569,1.4194061184623998,0.08035881268280742,-19.390129632168758
-0.9671514032729985,0.2563905089580963,0.05456317329614102,0.7939723280696023,1.3515454738821564,-0.49516869597118407,-16.708976499556822
-1.6037694223337686,0.23593741994492393,0.17238589762698053,0.784114977810666,1.2108303028675798,-1.3868078908258132,-16.401092995406863
-2.430642630349877,0.18103864655692187,0.3078173575701668,0.8777292220709524,1.0701645598488299,-2.478789871825433,-17.83619314315922
-2.3632129991510915,0.10616928990478641,0.429828625989355,0.983250208128983,1.0519172014050073,-2.5272549407374756,-23.249824634249805
-2.345539663699337,-0.04871746720942463,0.4913859089067021,1.1070317864055064,1.1116792555050388,-2.540505643248835,-20.934914959525738
-2.2941652945396465,-0.27742255874118343,0.5235178248701033,1.2155727026175864,1.225325424439303,-2.5941708452133487,-18.268454923948052
1.5443152984889932,-0.12937708264720416,0.4626425379842326,1.2939455018474277,1.3366430069890243,1.4708263816492835,-20.988050385538266
1.485343823424505,-1.6964273679281199,0.17526307598635127,1.4126326711710246,1.347981194310524,0.5496729720050366,-4.511766290547234
1.6597323108913336,-1.5301643916302936,-0.09074986371305216,1.3761137514376465,1.4716969116262943,0.7221717058555961,5.883361143506473
1.8091702884208885,-1.3745816212505277,-0.2803571908270539,1.308004960355716,1.462253707501918,0.9044862282630404,10.62745146278279
1.8181635175481414,-1.4167244890367217,-0.2749173029618027,1.3347678247519528,1.536990914032576,0.9708006003134821,10.331278171515065
1.7382381214245606,-1.5096956906626688,-0.20498531938537679,1.3391916886249406,1.5701688788483128,0.9646125896436222,5.557984838757178
1.6046583896130446,-1.6466174900176453,-0.10691794696893231,1.3602330842894084,1.6154464885326163,0.9900127247868777,6.315494006523811
1.4513614213313708,-1.769692012076457,-0.027565968290271414,1.3392903376097873,1.6088762240115269,1.0003187808575653,5.5125038608733625
1.297933364998791,-1.4399232883973954,0.06836966136404993,1.3447321294748358,1.6054450329499066,1.3348277165692604,10.452283250734935
1.1693535242042663,-1.4059337141542563,0.15658927496931752,1.3359930546033738,1.5786221903874371,1.4291129805911742,4.105349309143716
1.041940166177831,-1.3912434663380808,0.24787255159333596,1.3760132207185034,1.5845560148344753,1.5227767343684346,1.0812688169309652
0.9216421685346016,-1.3489841645727365,0.3127648493738814,1.3810925158773482,1.5757017741304231,1.6128278421588769,-8.243639055957287
0.8021656149502541,-1.3240654425871243,0.362044513137051,1.3759627876538476,1.5476247529903981,1.666502022872671,-9.447317840801146
0.7109421904931255,-1.3000773787284399,-0.5232044896272039,1.3052436861254904,1.504941793334473,2.153161659940751,8.250894918208
0.7774830014677383,-1.2451734707502866,-0.574341245354542,1.1569427193494917,1.4139125223895346,2.2028904164407903,12.17745285144192
0.8811587414140267,0.5618764492686409,-0.45075352356045184,0.9787078636843586,1.3168568990263363,3.1389010429483877,13.998801969701356
0.9508498429840485,0.8112213663402794,-0.3812103124127627,0.995600143988477,1.2201994404384608,3.217185142330033,18.97568652123597
1.0340611964201094,0.996304322221878,-0.25335545888518857,0.9906866162282267,1.169321539012377,3.2272215523295804,13.357481026164475
1.0729226806767547,1.0550385696451643,-0.11936875114322379,0.9831956054802652,1.1616724510937881,3.2384988056933643,11.51536899085375
1.0461761438346986,1.0377940376455868,0.019068488965455155,0.48046810664938994,1.108062779887205,2.8196114719673506,5.284212041437664
1.0272533891016056,0.979466873836355,0.17848615074334653,0.4276500005249604,1.0888419840367014,2.780597235184331,1.2014020133105423
0.946595121164914,0.8972733744113714,0.30833631920213606,0.3681256326724015,1.0262314414917433,2.683603508746039,-0.7696023168303525
0.8940802360757273,0.821603442006722,0.45495415074095347,0.3448985209416904,0.986953019607694,2.6427696360092074,-3.1946596871484765
0.841368722600166,-0.7068084370971106,0.5793508384209973,0.33385799636439195,0.9265057317605063,1.6156817316943812,-0.08185740634824623
0.8733772502403028,-0.5643238361533576,0.7365270668742638,0.3583900382610027,0.9123438301544409,1.7036503653855808,-2.8554936195288
0.8813755320912415,-0.4346688958463769,0.8616812811896953,0.43415824388263813,0.8628156488742875,1.7557476409445314,-7.171590042807147
0.8391144955631453,-0.2656763744492441,0.9541019131125268,0.5393418376677585,0.8642146043510608,1.7847029915341335,-16.241729431788052
0.8456280609601526,-0.09384640259619825,1.01787495313928,0.6333134043615447,0.8447554058549116,1.8267711009714087,-17.963377456646747
-1.1234998860748429,0.0692716354627314,1.0596831495401886,0.697350150490949,0.8018999727327234,-0.23490387164040483,-16.405891966192712
-0.9234393362214233,0.1994232731829469,1.1667082617759812,0.7545798062001783,0.7947067585194245,-0.1662448680724371,-20.680774079138835
-0.8277186988185623,0.30633135106374704,1.2131167476166649,0.8858405725505805,0.7599444870881993,-0.05571223956927995,-23.12218145339685
-0.7339839400763949,0.4527062756520708,1.269195501740519,1.06583704880111,0.8264146147799251,0.13309153497397497,-36.58222190745923
-0.6602668036684098,0.5741545296074464,1.243962892885521,1.2411294815967258,0.9332661434241764,0.3732380341555397,-38.17205891703561
-0.599310042423869,0.6421934799511094,1.1608372232704327,1.3513612228351872,1.069030207519396,0.6082939753587067,-38.77750668304558
-0.49551365350933574,0.6424180933327744,1.065553364210872,1.4259962144878757,1.2166045874131375,0.855282706408331,-38.93518726845034
-0.4174442450045874,0.6453279908615585,0.9466080015808617,1.4779199533055334,1.346598705399792,1.0708206989916957,-38.99388964345709
-0.37204612143159793,0.6215982181059772,0.8101472183798415,1.5223585167095421,1.4563247597091542,1.2675290559169232,-38.63568520225331
-0.36057325202132434,-0.04601181063320148,0.6839198872320983,1.5447735140519738,1.5317843953979837,0.9570620015948446,-35.7328432298152
-0.35303184208740557,-0.111454514834744,0.5153722497827309,1.5206159408413993,1.5963041574930128,1.0319491474237903,-33.07588725734822
-0.38231545759024793,-0.1098209932944994,0.2513116841323144,1.5088294746294817,1.6081091835647459,1.1418989779421553,-29.347003915401924
-0.4492428156176214,-0.04521057755000496,-0.13530169401374115,1.4662294856213014,1.6251040564059658,1.2840556136313988,-22.82899671677921
-0.5520044436214641,0.040337763558211726,-0.21634620903563928,1.380153164186621,1.6245799120610611,1.1729625120644729,-21.726021194504884
-0.7132150676464262,0.1079445772912151,-0.18359008054121628,1.2326175899167628,1.5822724851546661,0.8078923399742621,-22.322947525541018
-0.9709272582806212,0.14652771505536732,-0.0782483321931089,0.9838196089011575,1.5265284704592477,0.221176124372376,-23.98102876522922
-1.5200141262207127,0.1520738662059002,0.05271052621996375,0.9051929623099835,1.4283635224898281,-0.6138242777220915,-22.97474407522219
-2.64409375605435,0.14779507102067935,0.17783484773205727,0.8997606371737543,1.276849746532531,-2.0694119389227574,-20.285024556496396
-2.685530407250323,0.10152734352762371,0.33404397716120826,0.9864630297969992,1.1927547927149746,-2.3551818135801854,-8.282378044551695
-2.577371963691304,0.09091216452093381,0.46970784912925123,1.0944351589640469,1.1665626282520853,-2.406633697411447,-7.444219168435762
-2.455506849466457,0.09027137022293266,0.6192920846841203,1.2548814534535504,1.250763945614601,-2.4251223605150445,-7.465531415629831
-2.314944475809083,0.1846631537846048,0.7258754277508053,1.399920464311817,1.3741783002565453,-2.359376289738779,-7.571411705299278
-2.181880921597045,0.2673401322184019,0.8102008371611827,1.5273206317404435,1.5032582002186785,-2.2990787235732766,-17.943509005624705
-2.1073628012777634,0.37114440644347185,0.8563568936714429,1.6409262534094062,1.6337445758935474,-2.197954647674372,-26.997570117191778
1.1603447633338133,0.3985031999191856,0.8184558110657145,1.7138930573501703,1.6813667539293646,1.24159718166624,-33.69230363732342
1.0767147000128725,-1.3787436980241394,0.5427663789732037,1.7591136673782328,1.7311242677084357,0.38638149122513377,-23.512414898161417
1.208847926826306,-1.449858760863745,0.28929401129374654,1.6789840155620523,1.8219911476019626,0.6359007458318582,-18.7034181524713
1.2825453301628924,-1.5270933740662866,0.1984989969401243,1.5488059874749927,1.7684732557918095,0.7648539750128298,-3.950912184396943
1.3218634771144973,0.15409646390572707,0.18729053053652678,1.4217010065156122,1.7529410216537242,1.9851896592571372,-10.787467402431094
1.2628934664746598,-0.02333215242405745,-2.171712429085436,1.354706673009812,1.7036802070563408,3.181303481443895,34.06796452866893
1.2877376868583386,0.8125727394369708,-2.1006998542590942,1.1825881610215907,1.5840126765568,3.598853188037788,29.849264176751014
1.3315628558802712,0.9464114133240394,-1.9063712658822938,1.0903745601420436,1.5568430776459015,3.5588278971063065,27.300139806542195
1.3436162107927605,0.9865055513559409,-1.7128498203095608,0.890422603897069,1.5264202446904207,3.767555477816857,24.57423671478172
1.272962267077249,1.0136856229145008,-1.5013990832347848,0.6000525379751491,1.4200124999169248,3.785937985075952,22.06568256147682
1.180734836019175,1.032004775127021,-1.272564758151702,0.1515233341121584,1.2983020977216078,3.425610095090244,11.016291972260404
1.053890950800053,0.9796367884663557,0.5486814524982939,0.10111691210857743,1.143370026151513,2.5104615240033024,-31.986595032625658
0.834573696190684,0.7596518812757369,1.140022873562331,-0.8597638391043305,0.9536149757193261,1.4364578333354339,-41.90295205000542
0.6567906424606189,0.6196716697114055,1.5889079815269835,-0.8849581054370609,0.8585927301485492,1.3232589120379674,-15.426859942063544
0.6457335036223528,0.7534077235563734,1.8943682124152363,-0.985846639689123,-0.5731600155970533,-0.23929424651426845,-27.920725663915867
0.7581697598268895,0.8095045468101612,2.054665757764288,1.2103188215308833,-0.9045753257937913,-0.3186972150813139,-47.44311254650819
0.7630767059682357,0.7529928918384596,2.02549450711514,1.3197750482927564,0.26868224580441435,1.2670129264376646,-40.60359036191119
0.7561543202780023,0.9079021244953761,1.9022511036699998,1.4027666701021717,-0.8820080825445872,-0.16394889182607297,-46.94910755461681
0.9424515696923768,1.0770584262771876,1.8330498078979958,1.4553290034794406,-0.7356171922484462,-0.07983316414342045,-46.589409950637545
1.1025191757329265,1.221482491668398,1.6633025562006196,1.4782002419317413,-0.7286804026706056,-0.07763102609585992,-46.59268581319255
1.239207967451501,1.3534017373306702,1.5147412660444333,1.5397079326362837,-0.6665523332339223,-0.07997899836343647,-46.59642538733032
1.3743738298305128,1.4659190396401363,1.3459169716633748,1.5779553731157838,-0.6087974384756494,-0.07864715169130765,-46.59925796757074
1.4859096874304594,1.5445981439910899,1.181138897545717,1.6096804877071904,-0.5397105686290539,-0.0780026778704106,-46.60297054030885
1.569495903995618,1.5892173011827708,1.0277519642772728,1.628549294810153,-0.47535507090365453,-0.07804558650413407,-46.6075630502231
1.6222708453784733,1.6008924403416693,0.8914322197515347,1.6391031118753407,-0.4142519825519344,-0.07977257631486134,-46.60638182041475
1.6499956730885406,1.5873319966456654,0.7754149293566384,1.6422396049541341,-0.3609973841286949,-0.07942031044288145,-46.609322872127926
1.6543822896685263,1.5576274170943654,0.6810632297798844,1.6415497491970485,-0.31578733549461313,-0.0787758366219844,-46.61303544486603
1.641481675172302,1.5180933058943626,0.6077989611229095,1.6377873218680548,-0.2791588019574054,-0.07981546446333798,-46.61097430410526
1.6193346401428437,1.4769352417460475,0.5539233397903034,1.6335176583924458,-0.25050486655148113,-0.07912810249396429,-46.61009439315285
1.5919299325955385,1.43957446703345,0.5167208195178605,1.627964350256973,-0.22913683854078498,-0.07912810249396429,-46.61009439315285
1.563376454215241,1.4094610444248228,0.493267406455133,1.6238452344121201,-0.2138329405067066,-0.0784407405245906,-46.609214482200436
1.5364585516957123,1.3881596559076297,0.4804375604351565,1.6194889083174957,-0.20359564518037881,-0.0784407405245906,-46.609214482200436
1.5128974321084732,1.3756489999231407,0.4754594504500691,1.6159934659597663,-0.19726313688754954,-0.0784407405245906,-46.609214482200436
1.4934275312751657,1.3708325259669065,0.47584144678679197,1.6132608124093353,-0.19394438958797647,-0.0784407405245906,-46.609214482200436
1.4781074576826665,1.3720027383653437,0.47959144738122195,1.6111433976576326,-0.1927969433486386,-0.0784407405245906,-46.609214482200436
1.4665757908591759,1.3772523973796824,0.485162888223581,1.609442158228958,-0.19317166153932672,-0.0784407405245906,-46.609214482200436
1.458235665067515,1.3847722005380976,0.49144741505157086,1.6079900293491516,-0.19454445964407002,-0.0784407405245906,-46.609214482200436
1.4524191880508401,1.3930564842335706,0.49770433003665815,1.6066608339555117,-0.19652465837961824,-0.0784407405245906,-46.609214482200436
1.4484947577630614,1.4009977796893898,0.503485936568012,1.6053798905611438,-0.19882161361111622,-0.0784407405245906,-46.609214482200436
1.4459285028993323,1.4078988197580435,0.5085609359697307,1.6041165900974093,0.12877114954000146,0.35334411575190927,-44.694840255839466
1.4305191581618906,1.4259807442183374,0.4976832230391064,1.6062572666838184,0.12463932851770682,0.3690453407133871,-44.62522683621249
1.4309812119886822,1.4375205267560633,0.4986459428925343,1.6056176796515342,0.12988022954693673,0.3690453407133871,-44.62522683621249
1.4305437954138764,1.434457152258286,0.4961435758047692,1.591954783283001,0.1280239907459754,0.37159596200953793,-44.60958313032327
1.4202168965416166,1.4207482835101701,0.5005634944479853,1.5847436713729084,0.12345091601769834,0.3729706859482853,-44.607823308418446
1.4050830236647234,1.4025657720693043,0.5081868480178251,1.5742353809517549,0.12672794385514724,0.3866762045141665,-44.54489051464242
1.388095761465943,1.3843088613023387,0.5176829409845556,1.565245318906939,0.11809542342410809,0.3859888425447928,-44.54577042559483
1.3730437228476078,1.368671419750377,0.5289712999587932,1.5596462118961782,0.9533863284307967,1.4909989170191427,-39.64873237552794
1.3257001400773885,1.3893221535460625,0.5016686234755556,1.564164513551803,0.9093435674881608,1.4916862789885164,-39.64785246457553
1.3220889313442237,1.4006485389728887,0.5076764023567837,1.5598238129597746,-0.27854746350133924,-0.07981546446333798,-46.61097430410526
1.3674644147556079,1.3374670197732812,0.5594628948729241,1.5203256318853375,-0.24494054366490847,-0.07974939690704286,-46.61501658019742
1.333058319101527,1.274753888084776,0.5815351119982515,1.4955636574151472,-0.28609483349483533,-0.07981546446333798,-46.61097430410526
1.296131739694855,1.2538137166528451,0.6223165754636832,1.513069174163707,-0.2959273017960081,-0.07912810249396429,-46.61009439315285
1.293813626360265,1.2683914808621526,0.6398524516109014,1.5245836871327922,-0.3082813487674242,-0.0784407405245906,-46.609214482200436
1.3131632558984723,1.3035612952243611,0.6472679192960842,1.5395703358858963,-0.3094113472063352,-0.07912810249396429,-46.61009439315285
1.3459379112813732,1.3491803839565604,0.6439943043735457,1.555588510458409,-0.30742505056944086,-0.07793172520847991,-46.589790282880394
1.382987982607549,1.3961972015870248,0.6337417222600057,1.5693027583571553,-0.30060829899562047,-0.07728725138758286,-46.593502855618496
1.4180569752184682,1.434710601093196,0.6179733993509287,1.5790877043491272,-0.29173033185776764,-0.0786190871778536,-46.59067019383281
1.447299054217427,1.46363371748809,0.6003246165590275,1.5856833964989274,-0.28151613346194165,-0.07981546446333798,-46.61097430410526
1.468746962104016,1.4805476711659113,0.580938858095553,1.5913366194654948,-0.2712939910166013,-0.07912810249396429,-46.61009439315285
1.482205994973102,1.4864503866665637,0.5615337838094636,1.593573695761444,-0.2617512972001812,-0.0786190871778536,-46.59067019383281
1.488785513922064,1.4846725327699473,0.5454168119426333,1.5950648516114423,-0.25332344852726296,-0.07728725138758286,-46.593502855618496
1.4898741647459128,1.47487517627352,0.5321980046669119,1.5935576985098114,-0.24615204703591415,-0.0786190871778536,-46.59067019383281
1.487291718911868,1.4629393845802539,0.5222050129874154,1.5934761143573974,-0.24023972777061953,-0.07793172520847991,-46.589790282880394
1.4824115847458073,1.4503359535087381,0.5201772615963118,1.5923420901864602,-0.23567980341686115,-0.08047679420412779,-46.68691099003805
1.4763925862937683,1.4383962954691334,0.5418145572102513,1.7675361027933616,-0.23189176567035497,0.027266111647776814,-47.0370726808486
1.4638635708073258,1.4331022731603351,0.5346769841854484,1.7689049052658692,-0.231314392189857,0.03048847114887332,-47.055635489217586
1.4557741165717788,1.4266844561586516,0.5311631381901507,1.768202099323032,-0.2280942116713963,0.0318203171817677,-47.05846813789141
1.4491053521693606,1.4195686299224337,0.5513876774867787,1.7656295081639717,-0.2284418882037811,0.02080035608548636,-47.50434407458168
1.4408676544395898,1.4079020965964901,0.5507951982897201,1.7647407491153198,-0.2283638353987862,0.01889011403061369,-47.50184111615004
1.4318441174165404,1.3983749620369557,0.5525581056149296,1.7629192612606823,-0.14772795908131814,0.12352293537909675,-47.05463001594815
1.408788951866884,1.3594214478085158,0.5497656783501634,1.761269207153857,0.4645857454239917,0.8927821076071791,-43.31204914194333
1.343245215900592,1.3412871145907244,0.523519939087902,1.7659330662993713,0.9921547867305262,1.549111324397531,-39.87928444796551
1.2731335781795243,1.2662595416426121,0.4969150241654918,1.7687785243012302,1.2389825098917864,1.7598776651478563,-37.86457211243561
1.2086166028028602,1.1429058554527023,0.47950700255137546,1.750074945428124,1.3583110262951965,1.7676298773145165,-36.488588952152305
1.1488018279198369,1.1190901066179721,0.4804237276791108,1.7193338943821446,1.389841514129868,1.7690042073415677,-36.114638160856494
1.1034744650027206,1.0766744040757892,0.5029351124684531,1.689661959881551,1.3717055809944712,1.7602427421995834,-36.156405124615766
1.056307836490801,1.014108169084667,0.5366142415379094,1.6624606532096706,1.3500780922536693,1.7654192494215053,-36.12580137231337
0.9998568895431205,0.9555756341527486,0.5777185176315274,1.638344235753651,1.3223174723315196,1.766946295369836,-36.06752877435325
0.9462331786104544,0.9091314711765318,-1.4573466611424473,0.6759477568354375,1.2903249958689962,2.1748452329699575,3.5751728929427937
1.0301029322177109,0.8113713619847265,-1.3816281618294413,0.5962553876080963,1.1767548711169706,1.999415867040998,4.516434325411941
1.1544403973836779,0.9175887596443563,-1.2347613125799013,0.6547116838145168,1.1836540603003092,1.9974629024191524,4.514345436380755
1.247802337898627,0.9863959210394202,-1.1257891602696102,0.6877085278759336,1.6466351291144812,2.5898112928023638,7.147027490712462
1.2840599349693507,1.0934116680119657,-1.0176852985028133,0.7105577318329819,1.169649850416465,1.9952308604998024,4.474244120724842
1.3334051652989638,1.1573770777548875,-0.8792955943359393,0.7109212938513452,1.1812468777483889,1.9918340646258166,4.489489786319039
1.3329180295056735,1.1845425261216844,-0.7705025423053142,0.6903687866995023,1.1421222187795825,1.991458379490604,4.501064535882851
1.3033464970947803,1.1884550438047636,-0.6544867543646777,0.6863385676649097,1.1101859643161092,1.9905512921987585,4.495042822619049
1.271542173545484,1.1748032622169484,-0.5531348202445012,0.6757144461971616,1.0759233386532108,1.997890087036355,4.525479898493519
1.2401501146246492,1.1514053301680633,-0.46230091860617595,0.6593121132624953,1.0378091564815821,1.9905279689731517,4.503677109264549
1.2149423708838054,1.1249475561971531,-0.3819418248326304,0.6471960933935599,1.006119582747735,2.389471311116382,4.512639445306139
1.1779977855917079,1.104202138021359,-0.3290456190435457,0.654780742391472,0.9716145139818444,3.143870405985558,4.547804523560845
1.1277387331468078,1.0938770529953832,-0.2817539632673089,0.6563041384633845,0.9300406829421082,3.022892709690514,4.015171724448178
1.1167918924646025,1.0744440143570142,-0.18771471303305584,0.6364033892721459,0.9207392896153742,2.809082332748541,2.7908988878193868
1.1062359497166487,1.0274931931471478,-0.07148075530538289,0.5840236866569813,0.898300213407615,2.749236181693373,1.0431197274723008
1.0729392442264762,0.9906856293911219,0.04614524153129129,0.540878708436048,0.8750833118623247,2.5186374684480777,-0.8357338426701458
1.0434172586771635,0.930980670813991,0.17497143079101024,0.4906520469424476,0.8588053324659122,2.0634997130223462,-2.7764497192562803
1.0320039067318332,0.8795422768688285,0.3127546977376483,0.4510666016363225,0.8417106751847065,1.9667746967803765,-4.837463559918096
1.0192233607714754,-0.4980127810183255,0.4097210297658618,0.40370553892645106,0.812380094860489,1.0112431422651147,-1.4815798463017833
1.0807416691216944,-0.4093022720200088,0.5227372409453338,0.3726880708705109,0.8064601993798788,1.5407834671643403,-4.021312844789352
1.1174977256237422,-0.3238029450773202,0.566183283328031,0.40326715222318765,0.779589693205246,1.6599884406655327,-4.367155814068439
1.1549801686862278,-0.20625048196626816,0.5896705457895329,0.44524869048088034,0.8025833715538426,1.7029007032602363,-5.278640427073523
1.2103372471565101,-0.07853765812087016,0.6141938389810376,0.46788485764854515,0.8112509722204817,1.8454843783649577,-8.006236471902326
1.2463055142786155,0.029798475352641435,0.6344795377586848,0.5071989566087598,0.8121386559528297,1.8610577728275919,-18.02513609453448
1.1951036075399402,0.09078904156913495,0.65078874798539,0.5456876881678681,0.8186975943852134,1.7639606412944724,-22.307244784195092
1.1269674020108271,0.1097936079484898,0.6522595876742205,0.5605498530009075,0.7652084458380815,1.634079728784997,-24.492592833890924
1.044264609762264,0.08360924003376241,0.658071987628748,0.6245888641344899,0.6472376899364408,1.23510628121099,-21.867454379162687
1.0343542714913112,0.031447372380638106,0.6857390977137894,0.7194366672894829,0.5794241796873304,0.9347132187761855,-16.575828676114927
-0.6616271929540343,0.009347748194649896,0.7193241797995454,0.8160351635813741,0.5839737631877915,-0.2748154475384832,-27.438840977502746
-0.5447029689268963,-0.06521494443408682,0.7965916635072292,0.9323007787298598,0.7197344632010083,0.0018469565008092381,-29.634017003033975
-0.48629127364268143,-0.08177144903001521,0.7895193728919231,1.0460245664853867,0.8372195922507616,0.2886627833933568,-28.87820278444996
-0.4144015040471255,-0.11690760975618741,0.7665524783281454,1.1485849822999177,0.980910807604429,0.4832091630235493,-27.215714887963344
-0.3073794964435673,-0.14628975432920766,0.6975564424377798,1.227712674649049,1.0986062044836347,0.36260380076975585,-24.085283849949793
-0.18411385346869324,-0.06358493700659656,0.6135100155531856,1.2879536090236352,1.2116579974331572,0.49357069873769044,-20.84635259611443
-0.07528877088527222,0.07265503961705627,0.47950832905000595,1.309501620860888,1.2974507642215238,0.6854820606626988,-29.477549391132122
-0.033957006830827585,0.18028947117153724,0.2632348652355171,1.3514145093471472,1.3728786954109033,0.9328038022951546,-26.817154284723536
-0.036484645648958314,0.29621754158601654,0.05117184814474329,1.3378453182380374,1.395591497487531,1.151523699871907,-24.494764337810096
-0.08210028860157298,0.38964815594419844,-0.003916020510258522,1.2450197016106577,1.408808153947922,1.1993099339366675,-24.766140052070035
-0.1904729924454811,0.426295224847998,0.01612132601429095,1.0941287076068253,1.3947024710523066,0.9840072150866819,-26.320016228898496
-0.35686514216808585,0.41273010557556983,0.1003926494152304,0.9347484297214848,1.3576225505086985,0.8516347303775373,-28.653752353750104
-0.6576676283315364,0.3702758693026415,0.1755864550238202,0.8830323933869624,1.2744654051192381,0.33223587491594664,-30.393771855196437
-0.6935450167841942,0.30245039485559155,0.2677725842158962,0.9237547305514741,1.1519695653445787,0.19985268472974838,-32.54325296052796
-2.146164860631392,0.24958124598391795,0.3491539568045572,1.0216154332396516,1.0851488085124341,-1.3175779097592852,-31.222699953937386
-2.66223743482882,0.18807389398840935,0.47587072264734354,1.105815685844022,1.1462600911895293,-1.8577097094010653,-30.700492353073027
-2.5595351581079115,0.10712117394960174,0.5554384558790466,1.2014717375364112,1.2439968026058914,-1.8066415435453385,-28.502499170175646
-2.5079229643886145,-0.051876693131254314,0.5949859855190102,1.3163521328647159,1.364939156487538,-1.9985845747088933,-21.61773430368021
-2.3818046768636725,0.11491430978287487,0.6074635322697934,1.4167202408151331,1.4582639527285954,-1.8156983206865889,-24.27171873945564
0.9194276324659326,-1.8304750308031315,0.5147169878165794,1.4982004579873134,1.551853006830738,0.2478346651219776,-21.57378012087999
1.0925622471721133,-1.7518340103406285,0.24887271444655623,1.5760304217038879,1.582276367570126,0.6203018555105893,-21.256809984626322
1.2621741050882542,-1.5558221550791727,0.1770702119134443,1.5776676200499493,1.6515999529806675,0.7778749776023903,-21.67673860831318
1.3822091451349152,-1.5215251001078742,0.09358554820444964,1.491988261426467,1.6746341140078351,0.7940708299144272,-18.62320728830693
1.4375933723533794,0.6551021059636667,-2.266032778702427,1.3425687650417844,1.684205298660704,3.3136582214697023,29.266247089932207
1.48452888489991,1.156304106003751,-2.3238779802537173,1.0925718082090194,1.4789322662039692,3.379848587496668,37.230533725233954
1.609182115963808,1.439071471550685,-2.1386973174656405,0.9610561633689976,1.4831921407395012,3.3549325046876124,43.232897665515466
1.6849194283225613,1.4688298934921513,-1.9283251975047428,0.9394754457647363,1.4833789562146311,3.3870795673049887,42.92063377888818
1.6281288607659632,1.3446336890324806,-1.6406518558035352,1.0555939358532922,1.504912253092511,3.4275985912794598,32.37667478118895
1.439774729236861,1.0394720266694675,-1.2559580007737963,1.1598548417019827,1.5162831452850773,3.327194311417564,19.858741775495407
1.1720996620891895,0.636004064283703,-1.074867724389157,1.198645045007432,1.5061822146933777,3.1954734573857326,10.088184753369681
0.886210732807367,0.4445028329495911,-0.6976824199259655,1.1249379716493098,1.4223415777552182,3.119641231164434,10.6948441422863
0.706739937640263,0.3021135797164933,-0.5582272286689793,0.9855302649570938,1.3070394456282814,3.1041867309409703,11.100025374612802
0.5877593175212894,0.2829175933475161,-0.3791924480390644,0.8603975042826618,1.1776498163522515,3.0742352619809923,9.97700244567043
0.534981690882103,0.34700670199392225,-0.20322507429825015,0.7201954356600944,1.0680085667760877,3.036085757091117,14.071263372924749
0.5498831695192188,0.4608030997024385,-0.053550562817484104,0.5796101505521627,0.960612412803619,2.9707692822993668,10.507624505305527
0.5958560734823248,0.575042184660806,0.07326255041384733,0.41406721250912876,0.8800450033809989,2.7917661717146576,9.188062356410102
0.6836818868419204,0.7121602275077036,0.16975540593185157,0.42773072396956946,0.8087010814837486,2.5169692789208415,11.455570691768731
0.785536129610646,0.8677172679446483,0.25874524580021496,-0.1020015534310611,0.7308639391028384,2.143039080813404,12.15278694041405
0.9135939407227508,1.0042775018470051,0.3248305078857756,-0.23270598821830568,0.6849797236034786,2.0228783150477643,16.782243869279277
1.048050115436994,1.1469549937014807,0.40263160044929003,-0.16626919513754368,0.6770131291403699,2.063851954078636,16.88704947587598
1.1487698510804767,1.2469273857755807,0.46991846641615453,-0.037312420603434204,0.6904305436702595,2.0867162021760723,14.417300624409952
1.2321557219842414,1.3218994759566247,0.49257628545739895,0.08940651968536428,0.7226271364717562,2.362496186383031,4.784280859772481
1.2513953305169987,1.3393668795122686,0.48519127076012614,0.21354172328712384,0.7607143746531779,2.7851116661868502,-0.8178421439754731
1.2216920747022815,1.3127681333970462,0.4511256233126959,0.29599484133166876,0.791211164491274,2.8546609488589656,-1.6740583912687754
1.1909315155432711,1.2821579267696341,0.4588950093702598,0.3197582570799274,0.797979714990213,2.846408055621362,-3.3529380024210176
1.1514389651062658,1.1769033265028361,0.5093267913584123,0.2997700480290204,0.798864690754718,2.755110127371804,-5.524700353021276
1.1029715441397885,-0.4576695107865896,0.5841132329250248,0.34049517254536493,0.7986033672274424,1.7271563674668653,-2.6959931739945575
1.1395636598106778,-0.35214070508800643,0.7104956522341284,0.38170466936866004,0.8038322041329081,1.8627095205955677,-16.426134680782734
1.0229317003761653,-0.30741070219850175,0.8149146573515997,0.4781450540013499,0.79375404666183,1.8261819703447033,-27.58853072741777
0.8067947158209788,-0.25713811987228397,0.8665078495139187,0.5485760565478406,0.7014162303948974,1.5480499306306732,-30.760243183558885
0.7524496408224758,-0.28820787883060306,0.8751585767047194,0.661704446069983,0.5234688270826382,1.378111522567921,-31.303774941311367
0.7328654124703907,-0.40401411521024344,0.8326120643847129,0.7840181521427437,0.5225231712992934,1.2193724977203408,-25.330824126885695
0.7692280713368935,-0.6009416636134148,0.7595078315369833,0.8513070980304654,0.6353449398973448,1.1459107449632513,-21.783514267575384
0.8431556779262339,-0.6353328410606758,0.6479851940814523,0.9308285292352192,0.7535586370041237,1.2358438061751857,-23.16065126741575
0.9168109124261982,-0.5121530853010774,0.4924389513045612,0.9943527134452562,0.8674824289400167,1.4712963721294332,-26.245870405498195
0.9695298451055983,-0.33988930244812343,0.27413248905342624,1.0341950153506398,0.9659109352562119,1.7926868720660236,-22.305395975766203
1.0204562907385708,-0.14873950092789423,0.03130308604594789,1.041629766336126,0.9939395355852552,1.9364171550291078,-19.593129978823825
1.0714322502135996,-0.00135075194864831,-0.10507938954980134,1.0047657772800604,1.026369001047975,2.0580171931597064,-17.95208819429448
1.1037861769803599,0.08196974392908218,-0.1696957947766573,0.9576551976503802,1.0552817765282383,2.1304598838693503,-17.409786267118733
1.1097200868514099,0.12393087003507947,-0.18421426372334104,0.8827101953267826,1.0770216634473084,2.0968284164846063,-17.927112390154136
1.093194214136048,0.12981472668820948,-0.12473659846751373,0.7600961709255061,1.0628393669905936,2.0298120312420687,-19.826077871382868
1.0535838301138267,0.11510354508433907,-0.03573815433907146,0.5993269889342782,1.0378066250556555,1.747298636936137,-22.800244649787395
-0.9290068497980174,0.07254201650569747,0.06479526595653384,0.5256663406882065,0.9617850152065004,-0.3376136425925378,-21.218278914496807
-1.1629669954810302,0.017488131296832687,0.2430874776783819,0.5062065011850548,0.8767848188956916,-0.879152067994232,-21.613857657203
-1.8049789231520883,-0.024960454000439336,0.3889297731783008,0.6324392201150162,0.7141230965998899,-1.6994278185161322,-22.176277454448126
-2.492962899718153,-0.03630058802504743,0.5360572141455284,0.8071716782446736,0.7185646257267259,-2.4538512836949886,-21.07902293266026
-2.392096263380754,-0.03458499205640836,0.6443821235921467,0.9568077678590777,0.8176677884990633,-2.3900227227294946,-19.406155959111253
-2.27112558921239,-0.04203947701712524,0.6805717362750692,1.112935715962221,0.9761042843654528,-2.249266325043038,-18.97225859292982
-2.1271893684260674,-0.183373478337586,0.6580831505187678,1.2588216260672886,1.1347407605056092,-2.0693734736206584,-16.39394367628221
1.4238552274450216,0.03376597504438417,0.556478726393986,1.3511042521355585,1.2640109673200233,1.542339128238658,-20.873048906316107
1.4751782070103867,-1.3846796916487154,0.20811210239010558,1.46567161360492,1.3152887616371343,0.7727009370321851,-11.783099892302882
1.656196601079129,-1.167532463428759,-0.17532943424289582,1.431208421972156,1.458486392277688,1.0711584846102227,-2.31950198576418
1.78356335197823,-1.139881374662735,-0.27427725065837505,1.272953613505731,1.4336775922608904,0.9443531059884778,5.410782437652724
1.834450507010034,-1.2217821560403088,-1.7490037214330703,1.181504281983995,1.4692002049789705,1.571082662229124,42.90838895853494
1.8936084386212735,1.348887822150323,-1.7270971219233378,1.0964873660289005,1.3916508858037604,3.4202476189693654,30.343004884559353
1.7912259005824738,1.2601106785431868,-1.4279334172778986,1.2360910486579586,1.4390481754623132,3.3739292580089817,19.64851419832337
1.6244069531901555,0.9653143142804803,-1.3564287734991038,1.2763956323914527,1.5284024369790687,3.3113466278509556,19.6135213204046
1.4269775841423047,0.8206388535048079,-1.258961213104468,1.231533644429532,1.4992480151550749,3.341119977611825,5.958933324725184
1.1386197385472518,0.5861328672823678,-1.1377978225300678,1.190754210153972,1.4833642950457824,3.3551974680453007,4.0268495599354495
0.894711076421176,0.36733889185821517,-0.84387629114302,1.009177028773589,1.38988875024331,3.3396011995317227,3.7366281711036624
0.7531185178900928,0.32431893744513285,-0.6688037557636906,0.7485606509222804,1.2285814187664514,3.198874037670106,5.213200438378655
0.6780921365896986,0.4580491657087289,-0.4847814638949697,0.695895777928279,1.0618605228915539,3.1462990068304046,13.34966969511507
0.691541851578573,0.624409756465105,-0.3094669870271702,-0.29888007857115706,0.8665748400276347,2.6325881352863156,19.406065533936513
0.7781546054903832,0.7717492017317142,-0.08159363217924037,-0.4145856344852425,0.761122359783837,2.5549818811672242,16.558590652421238
0.8584089925831291,0.8648944087329302,0.154776296443153,-0.27179458428821446,0.7195872352597167,2.416790986799273,10.871137015325276
0.9144738432515088,0.944540282973774,0.3626400071948671,-0.10180587454322709,0.7130440297997387,2.354869670380044,7.513821232700659
0.9947176250705596,1.045455537191382,0.521490315523649,0.05072539281671484,0.7015633995614832,2.773893466240863,-2.9121958540473427
0.9950470182550781,1.105194508967782,0.6151429552290181,0.2021734334164057,0.7054339023725552,2.8056668119913306,-4.215926513631224
1.0053579941103068,1.1568419597057333,0.6923743089750254,0.2796435364700381,0.7189099026414365,2.7260758092358834,-7.202311196025578
1.0150870935234289,-0.3619405693285114,0.7578779064228427,0.3511562219451911,0.7152314857238087,1.7427449783514084,-3.8104002532532366
1.0764965019044672,-0.1978086464608952,0.8496514291776653,0.3981181216348562,0.7297546266914874,1.86191903644798,-6.64880672371931
1.0425898351039395,-0.06400724292901433,0.9183386523004327,0.48384245239831913,0.7227270648444164,1.8323440925674692,-14.030432491767673
1.0284093467366904,0.04501962004238047,0.9789405058873857,0.5890294176736857,0.7775734958390239,2.1392985718506363,-26.178569489511204
-1.0248376903268785,0.11713986239430896,0.9999785503763574,0.6689756305048004,0.7809900040797944,0.08845805142200347,-28.800817342066473
-0.9212525174611523,0.15381318423314838,1.0633155271741521,0.6879347433190885,0.7253254232253117,0.016666838366071968,-31.591096385678114
-0.912805857436871,0.10915881662282678,1.063633466334605,0.8061381315437781,0.612315944810236,-0.04562702414487352,-32.59436925592903
-0.8152149736794969,0.08744321306408798,1.0576637316247737,0.9814621442480747,0.6776182485162351,-0.0073354881041147735,-32.557533367221396
-0.6463056780103864,0.06757881771277885,0.9950230640882936,1.1145066618508814,0.8378958477153997,0.14863467645184514,-27.68082189626507
-0.4672697092343167,-0.019186294976803686,0.8934531809439236,1.2063450300712544,0.9931292402698538,0.1675770033418873,-21.415203909595938
-0.2811651609654636,-0.11607689243887742,0.7950696668274317,1.28570858617041,1.1234444928682692,0.548667198785568,-16.354969530838964
-0.13627652955681593,0.009807912713610756,0.6444008563355915,1.3522996730791683,1.224598324737852,0.68793726483214,-25.28299614099121
-0.048548743045597254,0.1126378804419345,0.49381627495446856,1.4093141420199997,1.3452046785552414,0.8298109520832337,-29.209021526863896
-0.03628397692637467,0.2180209563206699,0.19430237911064707,1.4114020607119901,1.4028500408777622,1.006940226407123,-20.937737983279106
-0.06208647999777986,0.322005515789657,-0.059879491565005605,1.3465752988243778,1.4347479652615363,0.9995381056522055,-19.955677371300027
-0.14571879282955133,0.3606212627443834,-0.1065582480467322,1.255871986751741,1.4554416406506538,1.0305333376835526,-22.340388132055054
-0.3073108358574481,0.35112132729595813,-0.08427160591601024,1.0822062029600712,1.4319840963803512,0.7872895901710093,-23.146038477797834
-0.5722597329222938,0.31023837923137465,0.02046168895567524,0.8691106552057102,1.375971800056798,0.3122272638790884,-25.161207206302635
-0.9941363827242112,0.24055954272907099,0.144239473165386,0.8100339319873895,1.2706922548379984,-0.29618727076082974,-26.275256687623788
-1.8581047934121304,0.17102632208963664,0.25452612741852176,0.8671452531561616,1.100033675164501,-1.3751005760637016,-25.56770333738394
-2.5995531378174124,0.08954115927611095,0.3834586462458497,0.9714454070074844,1.0508090525117675,-2.240475965676523,-18.954046300170955
-2.47389533809103,0.002720241417051239,0.4803463192160917,1.0750714565772923,1.0964377079518712,-2.339522571734352,-13.731170990598645
-2.3791056495027414,-0.16827364398752243,0.5764770674407527,1.2036160581797193,1.2320527696970758,-1.9546317390506396,-20.833590942786348
-2.3029145283590404,-0.470204086230274,0.5878371231079216,1.351145578249408,1.3626562538602023,-2.0831112590646748,-18.327334255210047
1.2614155944488719,-1.6546876602362142,0.495152278433948,1.4260259024602642,1.4713434352396033,0.6337578561146522,-14.820527480997075
1.3622890060404562,-1.6634479334561834,0.16672229851243536,1.4938761024431941,1.4761617227590613,0.7432760095816122,-4.855159234979802
1.5440976047378139,-1.3947185280970473,0.1148549641574167,1.4797687254772243,1.55023419650797,0.7781106927251109,-2.36842327670561
1.6865688131369219,0.5899013433649374,0.061002898223788016,1.3893530110319665,1.5666264612761382,2.008312723564232,-6.971654169343282
1.6339552943396125,0.5066887139018397,-1.9777885603606133,1.3307161791786166,1.576350523394647,3.0311353898180755,39.744003886332095
1.6563522104186028,1.2986082301509374,-1.925732565771512,1.2056655855773097,1.4834993768567772,3.457744685047998,39.99066211298255
1.6684519774251163,1.2625473231780082,-1.6329123195793458,1.2584237462488672,1.5197676216939577,3.4386437066093833,26.901794922900294
1.5335768680655077,0.9651443764144025,-1.5389526232013178,1.2955070318834074,1.5824740859138628,3.399556872700284,23.821609451556064
1.327478541232654,0.5820773683100062,-1.4104992555572085,1.272157732432652,1.5707168155132625,3.317123144102501,8.380450155371669
1.0383657354799927,0.1857595716176647,-1.2639857522685038,1.2172166001044222,1.5304893191045263,3.0664685755921077,7.7649950286536615
0.8148531213176161,0.12375565348529188,-0.8899803494400818,1.0355089841266665,1.4307803433189887,3.1865890019728687,6.702220921736149
0.686862236607716,0.29171122938942906,-0.7147597599763771,0.7969560068535534,1.2682142047114993,3.3042913979325252,8.551484852900835
0.6150649545708808,0.42177477298225485,-0.5548791280205569,0.4311186896888982,1.0997302168694154,3.1511413493042104,15.837609638436508
0.63628587310289,0.6009681089249238,-0.41236346112640593,-0.16265029326860142,0.9192745193321654,2.7502535537894044,22.750263550947988
0.7440350017249828,0.7715754313251729,-0.21165025747052113,-0.1681190094892237,0.7946759367542858,2.5533813562341994,25.727044218871093
0.8602020105377709,0.9140630804463519,0.02471876991476757,-0.28096432079931843,0.752977256064933,2.4940465710544037,22.012914607696715
0.9478754684362282,1.015392093679587,0.2513919361051229,0.07050017760697036,0.772266513021288,2.665896901367744,18.7947151080783
1.019532074242882,1.0954444554112275,0.4227108949313281,0.3664294727197258,0.7923425150904506,2.7967063754728416,14.146027492135357
1.0638916397389608,1.1435486663027379,0.5540292038934651,0.6052971556464992,0.825347336108907,2.924409990597952,10.066095911444398
1.0572680204471396,1.0989138628280302,0.627098332712979,0.7680192935188072,0.862626215564221,3.041541193300234,4.545534685793794
1.0021918061708937,-0.333595120202033,0.7022703403760461,0.8996370147979459,0.9006600669662902,2.0920689686790928,8.285484122428958
1.0049484431044158,-0.15140808385458654,0.841616849939824,0.970373618036399,0.9438741841446776,2.2184746469322985,4.317366053880925
0.8958748620206813,-0.05814506354164928,0.990230449912688,1.068345430560131,0.9766329019755342,2.479077576247904,-3.5336097567017184
-0.8892252279582575,0.01430815143605585,1.1288406097531574,1.1817831889004262,1.0356706614506295,0.7518482357557548,-21.59733937067709
-0.6444927056174203,-0.004796191194367527,1.1867098571512071,1.203995374424214,1.1361855057773713,1.099277535818691,-24.030307612817314
-0.6415772649090791,0.006366233467837157,1.0911000451959878,1.1323474564145346,1.0932870320522872,1.2163651556969546,-24.58994274470496
-0.812381995649865,0.048201549357805185,1.0630613932288773,1.0189231669432752,1.0603653284133798,0.8895865711742588,-25.250667123092075
-1.044491697345397,0.08839503805563742,1.05778086182321,0.8422293340296785,1.0128585600531603,0.5099782752474034,-27.078710672668617
-1.133174585145508,0.10679392101362706,1.043165645169376,0.8273259344161725,0.9314092140287633,0.03853851515972595,-27.997786898205796
-1.0239693221333646,0.13645964561097845,1.0201340447021228,0.9131629956524265,0.8390026546052045,-0.13754811067509887,-27.80327496144772
-0.8348853854605537,0.11720374688368396,0.9613351139485184,1.0534777063766707,0.8354782128969959,-0.08327269040284224,-28.570877281794477
-0.6637713895270564,0.04368577037116267,0.882880565658002,1.1686401757207903,0.9419425146426563,0.0097729827859665,-26.47951887774625
-0.5200968871373598,-0.16746862865605538,0.7711103119019211,1.2523724691861362,1.0671183350764077,0.007635925134288124,-17.578687358413234
-0.36949982214259525,-0.2323635410680916,0.614851244905491,1.3025119929904758,1.1864103524521932,-0.017417147883959316,-19.91307715265946
-0.27726047267327436,-0.15385612043293406,0.46977568702179373,1.3480597224515416,1.3063821848610668,0.052966841335487125,-20.886647596931887
-0.22154393118901716,-0.00976557448205076,0.2235158100964516,1.3731951629768788,1.3874075585848746,0.516295630624199,-14.376305197206364
-0.2089301937260968,0.14762994599189339,-0.11794956558280179,1.349602215153178,1.4287115807119743,0.6209294511873125,-11.35370747498543
-0.26100350055904487,0.25873521936589294,-0.23750197032513842,1.294521970446041,1.4621220763796334,0.5444306116910342,-12.101738206636341
-0.2569676967548911,0.30530795347939105,-0.21949025054121973,1.175387935903334,1.463111429631866,0.45084659351717016,-14.772876090731637
-0.2906435553709214,0.2906551927251443,-0.12593563721252177,0.978826839752118,1.4412049411183983,0.24490630043245099,-17.116525905004472
-0.3448215595635735,0.2425390993192183,-0.011410823417291938,0.7550555546418394,1.378112049852728,0.25485226936026195,-19.934673408111554
1.2670017687416675,0.16568423758494535,0.07680751209749093,0.700219418237945,1.2511400896330807,1.6379267433745879,-23.965589009491865
1.1688308807553889,0.07076080465435886,0.09770539705159886,0.7752978426992678,1.0333703754672456,1.3822482317267717,-25.885619574692875
1.1419043802153208,-0.0750034875823623,0.13765683113137572,0.8472373802676292,0.9255199825432161,1.2462471343446164,-26.72678045003606
1.1141104944475355,-0.29485372379606856,0.12967481719208673,0.8873877473634675,0.8940499509399145,1.262841980352123,-26.192538479379337
1.084345879688847,-0.6875933426832816,0.13317307709040427,0.9118130053845334,0.9653069786219901,1.1753989791361654,-23.73093498509985
1.0721662221215278,-0.7349060207843007,0.06837837923153955,0.9298361140354526,1.0400193147369947,1.1903976673579306,-20.740492670440126
1.088104058575842,-2.3820969642654513,-0.02520349853619841,0.9247903236781294,1.0867186669941928,0.5528572788424897,-12.328406868248022
1.1744615921057424,-2.3855213955126233,-0.1819962698997193,0.9097583279358594,1.1247087160050795,0.7374832026877036,-2.5037025936938653
1.2518570045536457,-2.199557795060007,-0.5282577971166954,0.8892445041041739,1.1106405083096682,0.9814615006737972,11.30568667798593
1.4053228234954833,-2.036751231958643,-0.46164039183146804,0.8834204002361487,1.1083883481231624,0.979260542008968,13.78545402450437
1.540816846077374,-1.8824210950474407,-0.3850665886075291,0.9064219633716135,1.1295263372452125,0.9250604863259704,19.843065556097358
1.669216516809952,-1.731452261304414,-1.3661498384700554,0.9321790044722328,1.1756682903397433,1.503873207313129,38.64064336231992
1.7626193651018491,1.3666072505734912,-1.2822633490364066,0.9848320959560017,1.1712533208392903,3.3999512988497536,28.32921365774227
1.7085387113243875,1.459887872796297,-1.2491088819758878,1.106981379860493,1.1986923659886148,3.373713332359589,28.559092116933847
1.6640090600821715,1.296722655079257,-1.1984758467695569,1.1164721758148763,1.2576298247154154,3.2561607536654122,29.408512916906172
1.5856856920272462,1.2503851307612728,-0.445998815742888,1.084277646808319,1.243077860935985,2.960429002930404,16.143687336511366
1.4010409319968122,1.050155991700312,-0.3510715995213639,1.080618601345832,1.2542745696915434,3.0314019774280503,16.257227234599362
1.1784870363811768,0.847064524535999,0.04400510715020217,1.0417731737164009,1.2077205801265694,2.9671027413041386,10.281081064132982
0.9523360832830304,0.6431234118214276,0.14035173558005448,1.031484889460293,1.1724743228709114,2.985590880454338,10.403224807738006
0.7635306395255747,-1.2632995849324429,0.46046430360426843,1.0258542906563017,1.1251450225904511,1.7305683325830423,12.255764128836232
0.6907582801980003,-1.2710973724501091,0.7367330496720712,1.0292808568057665,1.1222489518322116,1.740376146548137,9.271031194371645
0.6044047112754305,-1.232762013899271,0.8131008058793208,1.0814479152139298,1.0907726795819213,1.8336458071308193,-3.0169473619807303
0.4962858332783179,-1.1626364217230316,0.8566876039656444,1.1822626711920061,1.1189023615521108,2.1785519802090487,-0.8589752318402861
0.46170624976698904,-1.00025104431109,0.8397210157548374,1.1997015050395325,1.1110118580754211,2.249674135132133,-12.709490479996196
0.4672665636203952,-0.8723922783045716,0.5918887403669394,1.2463822988488178,1.1265267168094248,2.3185328909052885,-8.377780160120487
0.5412079285769428,-0.7403017710065669,0.3827043029157288,1.1519860219310538,1.1086413911676636,2.384853137450924,-3.1661763172794135
0.6907873430175981,-0.6572872957561108,0.3781696926294935,0.9527396145314169,1.0334071339919253,2.2160016974462495,-4.003310671463959
0.8287438264643607,-0.659515023474974,0.3916196760616372,0.5422697659117977,0.9788595096285448,1.7267197990662262,6.102934778484067
1.017613373182864,-0.6833617180256079,0.41291157784115556,0.17276808658615528,0.8629459292362812,1.2081804304773707,18.961734805640603
1.2343233127516522,1.1139973440422293,0.5347921169529256,0.22041866381598008,0.7895540441778242,2.1806077963648978,11.274025912338583
1.3141355852505847,-0.4938264538335176,0.6458382525090696,0.43991505778982254,0.8359173779273155,1.2628298867328032,7.842613269318797
1.394947508647229,-0.10640290777957444,0.7804778524749725,0.599444382542389,0.9682600414114956,1.644140003086085,-19.195514320890023
1.2230780685244416,0.06618105375269395,0.8185934624535651,0.7480854926076255,1.0322397380473263,1.7705028838816308,-26.24634107277616
1.0956556520072058,0.1643047448510634,0.8095062210333747,0.7374206434662633,1.028282910963151,1.7959316796242097,-28.516489446689626
-1.0163226223192139,0.12504911475110242,0.7782950433126916,0.6968514236590133,0.9044925770418575,-0.2128046134769399,-26.274553340275116
-0.9213148382830532,-0.007561188367741056,0.8158885771124896,0.6877737541894287,0.792200297419133,-0.3969682918939561,-27.910521761720574
-0.9497305221953755,-0.18524187389595237,0.8079326874686091,0.774071300515683,0.6848892365004602,-0.5119079866610174,-28.609892560154222
-0.9575390233422773,-0.37271685512144415,0.7816100930460854,0.8921942206997724,0.7157234484471998,-0.6090876981088431,-27.870929415341028
-0.9019018155322597,-0.582301640929823,0.7194470748133202,0.9994174622059112,0.8472734330851044,-0.5871035632886279,-25.25464600170045
1.1043876606301124,-0.5231233925041081,0.5708315875117655,1.078126562121987,0.9810124949438397,1.5012838314234433,-26.017826923095768
1.157787937825187,-0.2985570842784998,0.26814648972486166,1.167379041655071,1.0455210829092456,1.738981550714053,-23.35222464706592
1.2785807137136196,-0.0188206735725589,-0.12924307624893916,1.1758853742589699,1.1606503953247793,1.8178775942242043,-16.909650593516833
1.3844095639230172,0.18674489611431444,-0.2885968584378178,1.0655084694248638,1.1815789313567422,1.8985083096642175,-16.447098096752548
1.4374008479821003,0.25798742567401844,-0.30359437852071314,0.943842484201294,1.196829750820244,1.8514598873602397,-16.66558650558315
1.413653373113164,0.2388797604634338,-0.23706690438593825,0.762994098014216,1.1808911554690247,1.7123405277375947,-21.87567425639255
1.3624102234559081,0.15761098500463405,-0.1697739571779081,0.5902109521879892,1.1489782662023875,1.675213162689738,-24.082389539250215
1.2618864878486318,0.03483558025253869,-0.10027713329773713,0.5226740324074013,1.0687828104267714,1.4494596621485392,-25.336306584007723
1.186807544288794,-0.071345567977807,-0.025130937429249656,0.4927760478073223,0.9711947889653205,1.374574345628543,-28.071342699864818
1.0960346734614361,-0.1673735889943051,0.04389251360168689,0.5434407416580709,0.8325598146379384,1.2797644328762199,-29.557976574136752
1.0369626797667246,-0.26108216844365695,0.11256188009987178,0.6293871322272994,0.7061431366195152,1.1414759047609397,-30.7003289384454
1.0194431249475175,-0.3550664684212501,0.1634003672638149,0.7081195887234882,0.6617395559517927,1.1449544509766763,-30.982764844812152
1.0041481027756254,-0.45116750026014407,0.1773178557588999,0.7877603745849517,0.6883254805893771,1.187388786698658,-23.52198653745328
1.0349479619926,-0.5560579163080694,0.18901865083242542,0.8374366702806485,0.771866880771436,1.14712144535198,-13.330252895523031
1.1273655858545413,-0.7209433563178833,0.2354911361654728,0.8995496488740637,0.8451110719078848,1.1053106484620776,-8.04819113320179
1.2403704026780005,-0.601375009966071,0.3027567423861144,0.979953591040773,0.9405085488388158,1.2355456169636443,-10.1677720817866
1.3213135642144016,-0.5121137770561974,0.38166204477978927,1.0853200995463856,1.0269943248767748,1.3141165541065756,-13.27555770486926
0.9015393005099118,-0.4476716944151036,0.4509952489668906,1.159889983192068,1.1268350718173887,0.9356651124969253,-26.815793557578083
0.8941817182040014,-0.7800749990446705,0.5047798132514748,1.2246413464261372,1.229831523923103,0.8460573258769615,-25.038388795746798
0.6675888354016896,-0.7974169414211921,0.4845925060271701,1.2183583229318757,1.2664244478124427,0.8227668898617537,-23.637315124130176
0.703654640329491,-1.674920629870387,0.45884064095671173,1.2328786965194272,1.293787750888135,0.43664554124698984,-20.13183814665683
0.7721745849539601,-1.7781532984053157,0.40780948971929587,1.2164429981638878,1.321866337559617,0.5257183522573023,-18.597219135075292
0.8357749867106772,-1.719181443052113,0.3060667442174312,1.2275726623377023,1.3333713830665068,0.7229379004933905,-18.053721778699586
0.8911536088864558,-1.6566799690043794,0.30985754125086107,1.2479744135382975,1.3595107246872558,0.8535213929475538,-18.395650762737606
0.9580727911245599,-1.599106393251893,-0.33020391864481047,1.2332162029020863,1.3687854702884226,1.2172134234028706,-5.7130579292937185
1.0597101722298847,-1.5143327729538052,-0.33598363298635114,1.1708800788463845,1.3456418379990565,1.2459719376022589,-5.132187992427715
1.1652375986139702,0.4891300496498244,-1.4755109208954338,1.1147251549670294,1.3427799627154335,2.9733907470372953,10.32534878225956
1.2157452493203886,0.8790881412485878,-1.475377351842494,0.9759332125787985,1.2546175639411434,3.042884541846419,20.617939805342758
1.3440156906719154,1.1716853210436116,-1.3629630447929386,0.7877801866941682,1.2365048493577,2.971478138094053,22.318065634824126
1.4519910466750166,1.3372337745523741,-1.231180119569682,0.642295466302618,1.205780815432904,2.9286689932266503,19.876092929497467
1.4383048164432781,1.3452220904181396,-1.0820500397920119,0.5382059378330437,1.194510247325373,2.8446349166648996,28.47804147199704
1.43277568546648,1.3569394958100751,-0.8918376061821294,0.4869334597524919,1.1294463310654168,3.0758377336527847,26.349646372603218
1.3622959088841275,1.3018219743816846,-0.664963770699784,0.5535612385409237,1.1013388917137565,2.9474364928861387,24.46613113033483
1.2848728355761392,1.187317021122475,-0.4423437335882004,0.6810349521390588,1.110738339723444,2.993481334878388,26.993441641780798
1.1842621785189054,1.0630916811167213,-0.22888240671744617,0.7743409815072129,1.0881104108165809,3.000213306939348,25.937482546012124
1.0961420970524522,0.9010791337620644,0.004797006823356459,0.8962617746880744,1.0740128977728747,2.9738753229359087,24.16280862068099
0.9867740531929219,-0.6729852562385809,0.31110719296786393,1.006864970612456,1.077801831082212,1.9679271437447268,23.37334089195152
0.9209739669357091,-0.544711025107857,0.44228573281718314,1.0859118766221465,1.100988392061678,2.119550787520792,8.86156825190362
0.7681377280116206,-0.4828396481018598,1.3243548148036557,1.1912439322805688,1.114670849481837,1.809225402743298,-13.45587572311493
0.5381386448383455,-0.479447789205381,1.3544017333044334,1.2481995714486307,1.1683584755674017,1.8204177839068514,-19.248131879405655
0.37332965631303305,-0.4678656619141276,1.3165489031763504,1.2216540551002613,1.120826452284672,1.8103049426382163,-19.70458134601375
0.31626809105793263,-0.4450492411628546,0.9302486255379747,1.1849673043897528,1.08370531212405,1.997063156289209,-12.410969588457526
0.3280532658827138,-0.3698867397522366,0.8408035993370061,1.1347745125218056,1.0466815453148661,2.0092647506898045,-12.067681416196699
0.44120723241734416,-0.30158960420451864,0.765839854985042,1.0963724273417785,1.0573118887771449,2.1180163386546536,-11.848923812816961
0.5210799759180185,-0.23831706808762687,0.7130786372331914,1.0322124845354284,1.0381082072119017,2.212761854242835,-13.274373855732387
0.6066973856756599,-0.17854914040101855,0.6836411443884419,0.9092274758511699,1.0335292682688257,2.313964643932072,-15.624592134849578
0.6734637279286275,-0.140609924839378,0.6577631497001017,0.7272277789969475,1.0138710765145675,2.049000859694124,-18.20678129604336
0.7203270348670476,-0.12968308608304047,0.642629072489421,0.6648913220942292,0.9764138618851198,1.829948040380839,-20.065070010667583
0.7371961025778822,-0.14330713337020873,0.6321648574708467,0.657821303622383,0.8861283137575183,1.6569919624839136,-21.82497530289836
0.7365954442616593,-0.17215962084305514,0.6283668586424971,0.7375277369056279,0.7391847642636029,1.4517558287674173,-20.575888404787854
0.7435075262481328,-0.25339704233055393,0.6335119657042307,0.8488241703238322,0.702233123860229,1.3006052381328073,-26.468047313079467
0.7340158944643649,-0.3977480571815517,0.6253535288071563,0.9450634952482695,0.775717543568392,1.200717641529889,-27.00071949561228
-0.739180788796147,-0.5751730460961264,0.5741216335782956,1.0265402817254028,0.9015626328469137,-0.14020883299961429,-21.84664222832174
-0.6021099731952261,-0.5683352469920046,0.5837433881348761,1.0584233422443228,1.0332507956263965,-0.15240412090845656,-16.539233601337767
-0.4841999121456549,-0.458968721173248,0.5224885109903894,1.1212568898136694,1.0988749672417044,0.06840910067079209,-20.73465633512206
-0.41363774134602693,-0.29142611159798243,0.37572952807418636,1.1983665908821373,1.194429444230191,0.3310898107164597,-22.156773594675506
-0.3669359072878004,-0.08663255185730656,0.11170384935782274,1.2401495886766278,1.236827084144586,0.7197293393253468,-18.27323323667962
-0.3543557253048643,0.11678890589215796,-0.04283685259130632,1.2043485204732454,1.2617578113196701,0.929837256520258,-17.48140932857598
-0.3876043595934262,0.2607443510206066,-0.08656174582666742,1.126323288799246,1.2917364234771087,0.8143753647843925,-17.88427124845297
-0.4901458976434016,0.33354200482678636,-0.03152118472597243,0.9624075502112333,1.2818443000760524,0.4172672335537251,-19.828228897177915
-0.7037088519837684,0.3347400887620661,0.05467332701313521,0.7358008636279985,1.2381745329075373,-0.09528459108525356,-21.88964807442016
-0.7125285518484965,0.2782807446738418,0.14726695896131825,0.6827843229653693,1.132522851649464,-0.3445556983346214,-24.339686508094776
-0.7469703044523672,0.19305835484405862,0.22695677295324257,0.7588013300847896,0.9564128868774107,-0.7766306219389536,-25.7011528255574
-0.7671719616489928,0.06498994673503156,0.29763103456046713,0.8787126712291624,0.8758043432984229,-0.9276410495667109,-26.466261637284617
1.2801195149951432,-0.11837495353724176,0.3142534756941958,0.975681784208396,0.9194793027325282,1.2478321235073795,-25.388666560359052
1.2224244660147225,-0.4136672222261399,0.20778873270274145,1.0938553374096658,1.0023791974523475,1.3094892823037023,-10.286059346246155
1.3048095459307787,-0.9583844743762057,0.18198960361845962,1.129820441565375,1.1254805545043631,1.068256044221187,-8.09678150272282
1.3385588466196845,-1.7174970872170214,0.17528313496876768,1.1739528557927155,1.2090414616374254,0.600340692863419,-4.996087947415211
1.3318661112607084,-1.8415578381993714,0.20393075296281415,1.1957338240574071,1.303195940275208,0.5580716863777206,-5.070489894853466
1.2863806350829705,-1.83334544071267,0.24456782616165396,1.2358833540667393,1.3620723897192595,0.7034580159678678,-17.142019175231408
1.1900853724329767,-1.807411429663785,0.21904127239785143,1.2836760112487862,1.4233963255311304,0.8302117273770504,-13.706848101429863
1.1263681467438906,-1.7434578413313433,0.23819854495325754,1.258031423965684,1.4240469875227655,0.8499376617938132,-15.386028803101368
1.1211886553636508,-1.7172893548171118,-0.3784011735471291,1.2041379313702294,1.4091853913979986,1.238738787922932,-3.2531267302479048
1.152999914636669,0.07366351334606228,-0.35847090119857783,1.1094904033844675,1.3628040431643464,2.389483330104621,-5.3655842149146356
1.132893069774344,0.07782823119490068,-1.6424557336926582,1.0324595171766506,1.3313450635272386,3.0055079703243255,40.36923529137262
1.3025761681451788,1.0372821607145042,-1.5214636261196586,0.8612051081934573,1.2117970992754055,3.475897429929308,39.145344317167385
1.4145963882730277,1.250191905847468,-1.3126678969233454,0.9498140731809441,1.2174399487836358,3.3232187377422644,36.36165384787675
1.4706956915403493,1.1729447551390904,-1.039001113188362,1.0718802216291352,1.2984473049062728,3.4098248639537934,29.25102212249467
1.3570358123261208,0.9191208431819988,-0.6432894877209241,1.164906081737136,1.3336351610560708,3.1868540674192722,9.439731946605718
1.1315027489289637,0.7647398103740386,-0.5311851868767644,1.2324270636338106,1.3775473165177192,3.245533488870614,4.572952065640184
0.8658862891649042,-0.9947088720091846,-0.45365575420519816,1.1658390148899895,1.3033979486233265,2.1314665548596103,12.16295313340579
0.7698728454050261,-1.0104186138554887,-0.09629285375453178,1.0660470701569618,1.2544717442819424,2.1229200040570237,9.63099405106074
0.6911680736417368,-1.0753732976133672,0.0035286088946208105,0.9952466249809027,1.165460467018382,2.1437768292119728,9.265759967159335
0.6549030416262354,-1.0968893343412764,0.14272664181193523,0.9409005976024968,1.1180498143783864,2.1067297620191665,9.70700239423695
0.6854290999217381,-1.0438207223943405,0.2951143429294599,0.859229549251945,1.0461317815474869,2.0126669477441776,7.746293493904233
0.754846713910064,-0.9985994408479929,0.41488249649268905,0.74494825673291,0.9896503785846503,1.9521943455005908,1.8423810047509406
0.8301332754908275,-0.9534899273992419,0.5097131458063482,0.5694103841895998,0.9492630288638066,1.748498810436737,1.9826807377755697
0.9177714323104463,0.8382556624731765,0.5740928864033614,0.581035123165625,0.8884837707971378,2.7893101355477254,-2.6329045158855373
0.9587299870256508,0.9980106331962422,0.5651949348716738,0.18318192382379772,0.7931301865819483,2.522023303457307,-3.3142112446018843
1.0416444231138202,1.115341401448665,0.5866686471065886,0.1804423471928557,0.7228550215652852,2.504205229236363,-4.407127777253383
1.1103586637465843,1.1872897294829428,0.5843377456251897,0.23189631103411068,0.6060990986290278,2.420203773073818,-3.8487324701324646
1.1723150892087373,1.1991874043053667,0.6262400490896163,0.30876930853401025,0.5152741274473613,2.2869796903136947,-4.563338843592987
1.214747170912734,1.1585042103386551,0.6801098423244292,0.4085876679352451,0.4274986855124887,2.2203780335979753,-8.081441397646573
1.2042985849298453,-0.5444595650417349,0.7549448667485807,0.5112635463493551,0.4112028647969654,1.2099543069673855,-18.96371102218649
1.1975479751457163,-0.4383772616002948,0.8461534190329841,0.6239510339257222,0.4640554154249237,1.3689387498853596,-27.110548396959402
1.123312422236478,-0.37358517809825575,0.8419010040027468,0.7398887790205064,0.4656129723228713,1.4099445305681162,-27.88916437990499
0.9694872257092109,-0.47828736443539455,0.8088752818164944,0.8263141293969811,0.5674951025738308,1.427925179514676,-27.37977390820353
0.9091501249187097,-0.5643236245566763,0.7424061148753106,0.9043256311083119,0.6976930749241057,1.568326577647527,-25.85220491168222
0.9253065710815321,-0.5092011737061679,0.6580625250672985,0.9658726113752703,0.8150062037919333,1.7796784175567553,-24.40472626002491
-0.49339320859739155,-0.4026565196295202,0.519950329872239,1.0245717636856693,0.9083769159466969,0.5210058674422986,-20.481562261465008
-0.34629405771131605,-0.23139822569885754,0.380098656894271,1.0208910665949913,1.0254372390465711,0.7806236595245784,-17.94500491971738
-0.25797584268674845,-0.06250459897940469,0.22276228528908665,1.046449162290164,1.056551056427079,1.0991077479619182,-16.646403249891442
-0.20838787330695852,0.11233208509113579,0.18628857886042177,1.0704917651571353,1.102210743705859,1.16027244140751,-16.934351646118586
-0.1494009103761591,0.2887242875207753,0.21432394522592213,1.032460137812701,1.1435979842778727,1.153853821336563,-18.571261676639292
-0.13258371440301242,0.4237835370852481,0.2894004968731424,0.9201939242498991,1.169936304496754,1.1427221498668358,-19.313877942563767
-0.18082447088543574,0.5248695635481473,0.39182040486584924,0.8807315690738508,1.1450507182199638,0.9821329682996454,-21.095200327398643
-0.27706801800058517,0.6004247630996145,0.5002256491384109,0.924162330815384,1.0836422475223884,0.8957259242526057,-25.0548582773619
-0.5173862461982144,0.6258892846404015,0.5976343677658954,1.0356116584350996,1.016203342674117,0.6180233516242215,-29.75684322801271
-0.5612810637883148,0.6272259281892028,0.7037870743226645,1.194983059263137,1.0760461684039944,0.7564112559549421,-38.434566458768955
-2.365803064442838,0.6076359423448874,0.769130965037785,1.325463135307692,1.2302678090207402,-0.7341406594343144,-36.08901336424432
-2.5376574530175704,0.5561295477783739,0.8647785593580023,1.3945189451657969,1.4217199681054957,-0.681004190589898,-36.05159445014664
-2.496063097644913,0.4299991597549211,0.9112079979213622,1.4779689073569453,1.5141880380977715,-2.012502021147337,-18.118969050633595
-0.12115627811894758,0.5147884552738202,0.981778620572722,1.5329102354947641,1.6248611425856756,0.622002647992836,-22.249436742755645
0.27495019954439665,-1.9359293957255506,0.9464608558749007,1.6973300054014389,1.6272581744260144,-0.5801598530372938,-14.001575968777493
0.448731309439122,-1.8054947725976969,0.9954597194509519,1.7639540287642372,1.7756405518349585,-0.4604931376459316,-14.13325605682587
0.7580613270568214,-1.5772835920943487,0.9679900735393681,1.784086369697339,1.7786619967690838,0.2144227881670635,-32.80880198685604
0.7778654707235461,-1.5286205502893813,0.8744649594096374,1.8653054558383042,1.8900666236303518,0.6902194104043624,-31.991771058195912
0.804447367297733,-1.4963934592998318,0.794446962008978,1.8415710703921049,1.8999657810209782,0.7874204486136827,-32.203505331451275
0.7933878082220935,-1.5263903769311533,0.7401458332506156,1.803655111794062,1.90102400508401,0.9751005035073226,-32.29512967716269
0.7571829059602653,-1.627291063215137,0.6861175655301909,1.7568095407308284,1.893015198770892,1.142252164841524,-32.34963501638937
0.6986975416793071,-1.76426251674138,0.6492155379537226,1.7149726519396165,1.881657661677281,1.3762034237815461,-32.36385987825001
0.6065918355651836,-1.885813483338346,0.6221050224781941,1.6543806176619917,1.8617906159685407,1.5573313701588045,-32.40746450996145
0.564100823926055,-0.3007965789959381,-1.981971731404005,1.5798723075523404,1.8029858642213041,3.928819028481917,11.22317794746822
0.6052438672368321,0.13810459168037237,-2.0319933098662775,1.389865789583339,1.6242229678547764,3.9362594930413186,10.78943771351333
0.7773362812970215,0.5175117378422891,-1.9459172007162924,1.4343047079609197,1.5770683581649285,3.0865817647929497,34.94971063589406
1.0552273756909296,0.8714564357551405,-1.8412372516166338,1.3461791933701106,1.403458288786121,3.12491127988476,41.37469984011301
1.2392543173758415,1.134037083531363,0.07409576633566295,-0.7911156125115338,1.246805573732062,1.0235190458106582,4.487581131057871
1.288515013713851,1.061343803798193,-1.172813638046468,-0.5594648066513346,1.3476802165167636,2.006139911927348,33.088256942464156
1.233999031433182,1.1421107490423283,-0.8582183076353643,-0.646000670609271,1.1969207556111685,2.0528498282487426,29.618607417078753
1.2284606071028707,1.2327330721694052,-0.49274271086916066,0.2617943298602048,1.1851120475338899,2.964914671642111,27.67160872772265
1.1839275664748474,1.2335898531809386,-0.2788568792493921,0.5599994696004088,1.1527495611549758,3.1500847970496864,26.061575126754278
1.1538834926814299,1.232586421507461,-0.06652572938810422,0.7640763664054562,1.1760294411561998,3.2859772992262366,24.28978021579116
1.0920941335449537,1.16659435044718,0.13551528325647133,0.9054336085995767,1.1529134661797804,3.285637323841545,13.969247446264774
0.9941903353746087,1.081639002301628,0.31049165663755035,1.040482541269503,1.1661343976581495,3.4360349602927585,-2.6443608066938515
0.7855877849037596,-0.5317278032978616,0.47320429871032993,1.1005466390779373,1.1721340071773692,2.4854961820778456,-6.028241829347714
0.6457569699657189,-0.5185514467390635,0.6002772556467542,0.9982167901993215,1.1325662650215003,2.6471034038582664,-9.900925041432714
0.5411362792042966,-0.5830442138144576,0.7009820294909639,0.76238225078668,1.0026092075605169,2.210779137140868,-6.361787275071875
0.557053171406569,-0.6765195681386578,0.8071341204129423,0.3355542285977548,0.8868118348542936,1.8428584518566486,-1.1192267566399932
0.6521653338517889,-0.7212788590326802,0.9088109715014745,0.24600907314663867,0.7322405289435888,1.494891057392333,0.7988732926658075
0.7814338213668386,-0.6816590449217697,1.0270203750624616,0.34516037612521056,0.6289656012580532,1.225184563168015,1.897226646154845
0.8960721246776483,-0.48582512086940977,1.1353250953596388,0.48823125962345637,0.5655334054192137,1.188882958919495,-6.388488607335509
0.9125803075115486,-0.21876097519729176,1.2233775867987284,0.6661142606703311,0.5791102629048407,1.224495224901546,-30.117742202325527
-0.9126667259631116,-0.01587511128123109,1.2300849554605804,0.8356051097218088,0.6446327076279018,-0.5349400903705608,-29.859031070700937
-0.7804684182369741,0.14608333024208964,1.2205938950341377,0.8875968616163871,0.6654112969419579,-0.46925636690184414,-30.943723180674574
-0.6818107379658965,0.12714797839149938,1.1386070673734334,0.963224774580252,0.6572899072460242,-0.29781393056049676,-30.98376861281953
-0.5813278104624233,0.05523032552092533,1.0427020442260873,1.063372092569543,0.7464004888295035,-0.06854148949922734,-29.760509918581448
-0.47088858271322676,-0.050391556178225105,0.9143254136171421,1.1502917944573785,0.8622029714878999,0.07884042339799513,-28.660869509942977
-0.355031863610419,-0.14134875060301666,0.7804330855146566,1.214415735432657,0.9949954409642126,0.22650215697867648,-27.076784150479092
-0.2530536499110031,-0.14474427645221308,0.598916229345491,1.2657808723834603,1.1215644298310792,0.08159466686712102,-24.559398668975398
-0.15521249612307908,-0.07240707561807683,0.4110491115350665,1.2794792185319888,1.2316417859156121,0.3887305173932385,-22.787192895111886
-0.12312740034459552,0.040211744902809377,0.1117498532019342,1.2942096890672097,1.2992725351102314,0.5676313306548559,-19.056649425157318
-0.12403485013670328,0.16092233952223267,-0.17074189654401817,1.2641135520814346,1.3470687838599482,0.6137554728161141,-15.01554541669246
-0.17604529796757967,0.2669636007486318,-0.21866601517662154,1.1706497311033064,1.3796611642969614,0.5212945787103953,-15.244376823128535
-0.28937090629413725,0.3122096604800423,-0.15808899970069468,1.0146210231225874,1.38133512234516,0.05231884168354739,-16.198655921415643
-0.49108118824683294,0.32137518106013735,-0.025778843773641036,0.7993738995317174,1.3477737645621717,-0.4071035360485815,-18.95597410474437
-0.8237340746785595,0.29718349980903885,0.08994577454182429,0.74845378542275,1.2701739866454744,-0.8068258746535879,-21.166920266198254
-1.402567007957841,0.25091486140785846,0.19864835973037742,0.7827894053692793,1.1489738240584637,-1.5398057251738329,-21.821814664080826
-2.2100094975693416,0.1992537378063004,0.30966890318976303,0.8571417091086405,1.0527323607616386,-2.46564100792922,-18.519910493095978
-2.307092281937709,0.18912113422601537,0.42178609989007715,0.9277806132146551,1.021867598243256,-2.648633626680895,-17.210174911890157
-2.2185189252740374,0.1893097577258341,0.48902035511537095,1.0409455940799688,1.0230029790608544,-2.6350786372345354,-21.836797147014536
-2.1632888991267123,0.16329067031922878,0.5465018683160143,1.1789422626212849,1.108887695617938,-2.347956639521901,-20.330877763401038
-2.0931877019442027,0.11831339499920653,0.5376405813673559,1.2727638420812086,1.2243346401110782,-2.460040071128515,-19.538526094861254
-1.9957439129185703,-0.07891396645406185,0.505282121590753,1.3574136552157117,1.3541238509135667,-2.400367630863296,-17.50398329992805
1.7208628351708635,-0.7214118327569495,0.40228883544532906,1.4111738310869157,1.4607558577399609,1.0264933640665737,-20.34358472063047
1.653447140010299,-1.4623913952394947,0.08361327242636729,1.4939590916660896,1.4909962370142,0.5871772063367733,-12.614753617795081
1.7399777605293363,-1.3377797666056754,-0.28151655618641724,1.4485999574175334,1.602324132591785,0.8400741504426072,1.7839543939273037
1.8211271304049426,-1.3315509396401481,-0.8686644834418475,1.2923205310466404,1.5592609428837847,1.0417676534253029,12.793402601512206
1.8534829509679887,-1.3972264267665522,-1.8943466625268988,1.176280596261847,1.5612919609211393,1.5424279883995915,34.13540298858562
1.890744573624313,1.340728553461596,-1.9739201063081395,1.0312786058500831,1.5119090272516384,3.456177141836309,27.279676906745674
1.7867787703671798,1.4516303306552212,-1.8239936716934975,0.9362111352996351,1.459490233962347,3.4193499256082465,31.83617530174876
1.7387685981961436,1.5159714951826966,-1.6123323617928953,0.7819203292115253,1.4359085366196471,3.3818594797972636,29.337604214618207
1.6318826243139584,1.4612362265378513,-1.3759763021709124,0.6928655548072372,1.3668688618386482,3.233145253221135,30.558039796388936
1.491850382296773,1.319426055649719,-1.1092042719930877,0.6401218051613022,1.3081624498712143,3.2088706323639817,22.217783864551073
1.3082619403448543,1.12458669423786,-0.8297426171265334,0.6325602970040393,1.2457311417078267,3.2828513490364557,20.55373822370305
1.1267080519953936,0.9558907058062514,-0.5868625960035823,0.6336021782712401,1.1664925054477582,3.3710909080178535,20.654153962165474
0.9636225803741776,0.8339906822697245,-0.36340688423364664,0.6390982766927902,1.0844846984342316,3.4419347746291864,19.8697513115507
0.8623196239793718,0.7255167380838855,-0.15284410579576557,0.6736168314130163,1.0179441513824055,3.3437855044663003,19.57506660518102
0.7766298180741881,0.6293386776399029,0.05700717957408519,0.7231210062140383,0.9787452630987381,3.2452955019285286,19.03492078501133
0.7345854186425962,0.544672902183117,0.27131442081506363,0.7898414993731874,0.9446539600530923,2.9820981899869174,18.174907702668314
0.7113832256566328,0.5704001501523062,0.5222112418428426,0.8766922409373202,0.9398914845736852,3.420159449505399,4.479255663282364
0.6182845291216814,-0.8447935015134249,0.7122691566253134,0.9913056046560559,0.948567744673076,2.3575037059670967,1.187012752608191
0.5861800579066785,-0.6940196515063864,0.870065712332796,1.0195803111636135,0.9831415575321883,2.3986162535167708,-2.4301334127223257
0.5526158704398072,-0.5655160753994875,0.9219865839324384,1.018415885940282,0.9614920403460844,2.4478138208997064,-6.153482264446543
0.5456594951267382,-0.45115573009311294,0.9470468775560495,1.039173165621881,0.9609953755710336,2.489296685049432,-7.605662845980235
0.5410048889069385,-0.3337882749228378,0.9651318169892064,1.0086712061384242,0.9549796048110606,2.4415298176347804,-10.323763896197097
0.4927490569290497,-0.21474501897419018,0.9892425381882373,0.9630548315006513,0.9655337293829973,2.3454448642530963,-17.18727684054463
-1.4072494466426375,-0.12503348435000905,1.0056546991771973,0.8288093864115926,0.9458643361496264,0.19859937218309032,-17.60506339435564
-1.2638302663810572,-0.08370651317071198,1.0876249491666194,0.6336129806294941,0.9386471426093964,0.10371682459199727,-24.388374239739026
-1.1757082202333882,-0.09358526538820211,1.106073300893164,0.6632104580339747,0.8019008560514873,-0.03788518108807337,-27.20350696035467
-1.029662890990757,-0.11138523277860435,1.084724726879235,0.7974923813601277,0.6691581713078635,-0.14629234992826023,-26.064945026349402
-0.8113264656370672,-0.14977642088448206,1.0183586113563134,0.9306735126462362,0.6605330882085317,-0.09619648368067457,-23.970094399800054
-0.7098338892110909,-0.2869585571808869,0.910940096607908,1.0482720087581932,0.7877649577354232,-0.17012543593667329,-22.217441769318516
1.062166626361011,-0.36370140316463273,0.7443307296059347,1.1437089138123335,0.9477794048777247,1.6542159265242207,-23.103476460499007
1.07806996943045,-0.20487470468449653,0.4207557731082946,1.2202985872604093,1.0461473168485762,1.8323907739483056,-20.22415085062962
1.2610281357828776,0.01650521617151718,-0.029611183568544086,1.2207754129218082,1.1579175191296618,2.234952363953995,-14.23863713509326
1.351922891153016,0.17510083373477275,-0.2644114775486648,1.1081949676534786,1.17566974070757,2.290320580843889,-6.482769685250586
1.4150827027648485,0.25589294158103193,-0.2674049449524736,0.9331371736601539,1.1841728468085837,2.1327340119924614,0.33824982448439034
1.4449247277322288,0.2728390018929233,-0.14594800566470512,0.7925177999206665,1.1769002687100225,2.011802334934866,-2.5337093150636987
1.3204630889251867,0.26251468395823063,-0.002851173395673312,0.7183494092436776,1.1905140900495117,1.7885394752256185,-0.8287809897535716
-0.5972006448300403,0.28741785412164933,0.15007749991459163,0.7124992100272293,1.189361647131202,0.22050636161680703,-19.28671044245259
-0.5172044705507972,0.2328692337691471,0.36973490891445526,0.7502309439065011,1.2298672522121343,0.2681106122712893,-24.723983785733754
-0.5146700494960794,0.2125195842178118,0.5250133900520415,0.7579446374053718,1.1412092405969354,0.33978229251352876,-28.852958678600054
-0.7252784193545736,0.23250066362360755,0.6740675971349834,0.8477275211010109,1.015019543411026,0.1398524971683952,-33.06728125849813
-1.06539562190023,0.26650137474986757,0.7772127589898223,0.9616926924301631,0.9513408437810971,-0.01019723991348509,-34.446579178675954
-1.7984137470567143,0.31331037957871066,0.8482201276703307,1.0900838360652507,0.9744230154442923,-0.6390453358483081,-34.25061623299227
-2.6315203466201216,0.35515488243540183,0.9058188432884766,1.2017883747073614,1.089776035324447,-1.3316449142956726,-33.61416637775995
-2.5385286675953,0.36166742290061415,0.9472970124202001,1.3003410781444482,1.2536703912704665,-1.1068876498234725,-33.426572348789925
-2.467492476109083,0.32078412552668234,0.9347163164562741,1.425579459797891,1.3693402050059924,-0.9332563025308099,-32.88138610335652
-0.019539205093235257,0.04746354023760768,0.8800274214367468,1.527222353538712,1.4926347208800512,1.4135311454374082,-35.85183394856774
0.3571637071276377,-1.361720679779224,0.673257550907033,1.64773566815285,1.5492904397598717,1.1069535738721874,-29.877820240526972
0.6773622431260118,-1.7371659475949017,0.39884861502375135,1.6399678555123889,1.6657886157167776,1.1105230079127943,-24.98851068711012
0.9053562808727452,-1.6351346862548766,0.2973583506661427,1.5582165077724717,1.6698369654625673,1.4094069407642933,-24.988469061822993
1.0190215994082616,0.039372298646892845,-2.137651833732603,1.4278543087830473,1.6734700985854265,3.6506702305032332,30.735389554031276
1.1879324180811637,0.84068093611449,-2.135221907824877,1.0368624725468014,1.4538925023045648,3.7322770627042887,35.87017079870832
1.4094932867221959,1.2676442771204741,-1.9309108038439482,0.6867324505959276,1.4292700978252952,3.589264435124888,28.93097779123723
1.505742172641979,1.3353180345659814,-1.6614473853956704,0.6381167496574289,1.4403099390844227,3.6775791699348144,24.227061598027603
1.448413983115974,1.2495665855095235,-1.3492236961745991,0.6668657935231858,1.4295610471507112,3.507458574513632,22.369535024205284
1.3242260874761058,1.1396528164102768,-1.0077680725817746,0.6756059013169151,1.3832377463772298,3.4384379879668767,11.55066052292418
1.131936709944161,0.9709888880119626,-0.6796503033964676,0.7044076604711327,1.3273082926115214,3.373835781354911,6.59044059795228
0.92892287653666,0.7744737394933747,-0.3694834623001522,0.6621385210199533,1.2470044421249367,3.37075461710441,2.9948897811577497
0.745870956041673,0.6353240431719998,-0.08211725132149134,0.6294464897799534,1.1545472156799237,3.2767155792125076,-3.3294623015328844
0.5979261385999555,0.5090213813551397,0.15806039881103606,0.5901218442840122,1.0734030990215357,3.191577089823606,-7.339756189116873
0.5088516748038969,-0.9942377771732535,0.364421937753506,0.5618872989839274,0.9640489615738874,2.2954341394782714,-5.849392861668788
0.5200592710041824,-0.9353582623154731,0.5568315669384631,0.20786538056815101,0.8602800414444319,2.040120976622874,-7.33868839198222
0.5801892790484483,-0.8727469800128038,0.7158248679139343,0.16448941396054673,0.7378110969317857,1.8536573633683209,-7.319851063731212
0.6591817173030977,-0.7686170105155158,0.8474206863648408,0.232118936297961,0.6184922746288345,1.6913237087628223,-4.2410826245147515
0.7688087186227417,-0.6006922283007541,0.9549347290511829,0.3565235848537672,0.4717274731062008,1.4630464666596779,-6.844119193138532
0.892201742014261,-0.41541119919521646,1.0468689586677993,0.527208917975807,0.3955827732355772,1.4687166950142925,-18.583106570461077
0.9298064595512223,-0.23509105489199694,1.0978066318690687,0.7184925062273657,0.4341925492351567,1.5105270672867697,-29.152443101248487
0.957157470261497,-0.10664535289466631,1.0672351586542568,0.8807970586965345,0.4828803480177086,1.5989074663884981,-32.04623763308207
-0.6913835414139601,-0.17125949370074922,0.9536742573909927,0.9628084885894566,0.6389816757999466,0.04680836627790308,-27.33729841680352
-0.5150313462803965,-0.2901980149078514,0.8952322750825757,0.993055793162119,0.817768626043903,0.12373251977152289,-25.447205732059118
-0.4108871422569516,-0.2953780594221451,0.7441007104682434,1.040524894260919,0.9031900508262748,0.3186369148267265,-22.656254279123196
-0.3218293831053125,-0.16617509142335807,0.5351652583110422,1.0956339430204274,1.0140588729712952,0.4539337381181716,-19.324026029081175
-0.2395109437838151,0.037204295577823565,0.2737434672243625,1.1305352840557767,1.0578810105424736,0.8014995558262534,-17.257809818251513
-0.16597572915637082,0.21650135028329975,0.1482249757210498,1.113526237871657,1.107184307330071,0.9147425951034962,-17.067354537846303
-0.15812819652517204,0.34573698010218523,0.11392217380830583,1.056729298306674,1.1626201731936097,0.8187338579682426,-18.645169055362558
-0.19647165869966537,0.4347987919311057,0.13478158942612906,0.9444878370994156,1.1886842641927364,0.6832712000911267,-20.5402665584636
-0.3266840977310874,0.45966002086052166,0.17630960296191123,0.8284123715913898,1.1854003399493773,0.32080213025174364,-22.259795231338927
-0.5066263843242489,0.45617160823742064,0.2484479909893127,0.7855760931331853,1.1386320310143716,0.14501571747998399,-25.062402939858586
-0.8597828157843721,0.4075394645064584,0.31456579025946496,0.8179488577078242,1.0342535203306356,-0.531728836365593,-26.804748544465042
-1.569700433050122,0.3527746286318927,0.3950394965852708,0.9241947436972544,0.9610241163730369,-1.3162116463719546,-27.129311957669316
-2.3684486531342643,0.27421647198743865,0.4807992954780673,1.0331794550558773,0.9777296290053852,-2.008834754203506,-26.555694513415858
-2.3041210274277466,0.18684530587172338,0.5673121826678303,1.1545922780721747,1.1027096689180391,-1.8377289601901268,-26.43769454104104
-2.2794497178578057,0.028639137622195,0.5810363986156,1.2715419798601506,1.2571804795548442,-1.7511128874380752,-24.787288903752216
-2.2181486343870276,-0.32005481985964834,0.559327913373826,1.3640003676995716,1.3856207543963384,-1.8311459369093008,-21.666009865748766
1.1057750611361663,-1.625176493314046,0.43869537723027907,1.4350249285371917,1.4819937211311753,0.6655820384933429,-19.73845883568552
1.227313623489265,-1.653288769187519,0.08487734918012602,1.5101555714067656,1.5019537157450564,0.8494131428401204,-14.90975455487232
1.3993620820476214,-1.4566965656582633,0.019383632997911904,1.4673138555612937,1.5761888210332784,0.953025737525846,-15.573517011622531
1.5241500457174288,0.5886791362708486,-2.0821433955723023,1.3055347640139499,1.5912736134656886,3.243228319107703,17.512098955462957
1.5679120777110391,0.6861677115794653,-2.13769549323292,1.0120009807283852,1.4319646049100103,2.9658591966390366,30.31671985058016
1.7151061955865776,1.5711442386789969,-2.0012959695639716,0.9829692525335845,1.3892622206002652,3.667818919210333,27.207174461975946
1.7338666554946434,1.6327597731880654,-1.9589324224448066,0.24049553019771008,1.3072613802680264,2.973796247615269,36.58421845965583
1.7299134813899733,1.6109780394637099,-1.8042191030540842,0.0049982351626221555,1.2621950062349132,2.94395489169049,39.70555248969554
1.672507191859002,1.5429627481345998,-1.2799566215635272,0.24982595137834296,1.2204179410439513,3.0734097842611234,33.37047148209559
1.5206919639562395,1.3566456502925386,-0.9568849993014046,0.5178225049999732,1.2245112698513185,3.2473761866088386,31.668003494016048
1.3283079384598702,1.183601483934748,-0.676467786028359,0.6845989747036598,1.1972959334245536,3.0671293440623852,24.259503014904624
1.1462892246681864,0.952738108840113,-0.39623504534070453,0.8183820304307136,1.1878594804471505,3.1380686061897567,20.614483887130817
0.9667942704260147,0.699609325238519,-0.10559215601669664,0.9045296231204065,1.1389759850637358,3.5033216033992742,18.272715174158428
0.7804242546639183,0.6500101505909639,0.27463177847451414,0.9844161209190203,1.0915607225378516,3.4747034870226177,4.124935062316716
0.5930164536389579,-0.9980159700713669,0.7811475829551922,1.0626003972182523,1.0864910423763101,2.2575236025604024,-6.4509838029323205
0.45910975876975524,-0.9855512756371541,0.7107667282478363,1.043331396115565,1.0900490445659627,2.397470468709126,-7.725149097916179
0.3749098412121358,-0.9485245560313617,0.5944516328731216,0.9667304017162099,0.9997764008922103,2.349697474765451,-2.140160070878708
0.41151523485577357,-0.8779973957175353,0.6417325078967455,0.8428010539633435,0.9238886923852048,2.7418927910700646,-2.17657531454278
0.5087352348966016,-0.8056206661223813,0.7323386902890449,0.6272357074079631,0.8365687816333647,2.2251958286182507,3.113730268060871
0.680444874261246,-0.71956913645997,0.8299166987285,0.27409231115164795,0.7593287832453098,1.7598137455583127,17.51974128519217
0.9352198206389906,-0.5261613505878826,0.959997308669168,0.31977351938830856,0.7048217624694915,1.747519350923028,11.488186206617005
1.0759786431189946,-0.19720164765608583,1.1136929513040652,0.5886156901167149,0.7877234205349789,1.9667065060450941,-25.06937189353738
1.0482435471909364,0.061589362528910674,1.1726550430984004,0.8923873562047504,0.9459054307384149,2.3017719777870287,-29.147661432661465
-0.8745492124319221,0.3101522304259853,1.1763166454066547,0.9181536784180497,0.9609887971284579,0.5066097409208177,-29.25901837053691
-0.6685604431251619,0.427166143195567,1.235056901266161,0.8674963148393413,0.9294925686601714,0.6857996436135436,-32.744777802204254
-0.9079348181713016,0.3928302953453585,1.2093345188860714,0.9393628522940374,0.797017218710799,0.5301719322030198,-34.90398837853117
-0.9383122289149137,0.3231547431166746,1.1951775600759589,1.0869342658542234,0.8386945744905836,0.6412495215499527,-36.378588259383434
-0.8535366446996313,0.2576492651273685,1.1239649785474042,1.2027594206059582,0.9418874408233261,0.77217133548693,-36.81540478776563
-0.7451969196273787,0.14452004685263908,1.0357122259008538,1.2968315542772961,1.1071369525846393,0.9916202858118064,-36.158127489725615
-0.652117689881113,-0.15121585528759407,0.9067970084542302,1.3749499666284293,1.23215608987899,0.8586874419874428,-33.90248404888261
-0.5546463142272069,-0.3322725394221607,0.7484150214634229,1.4165612906280387,1.3449670581846733,0.8426955708009949,-31.943059361775667
-0.4934770729129782,-0.2854997451726002,0.49623900227825857,1.4281715519517217,1.4157053835325235,0.9161308302071411,-28.80408939050905
-0.49649159296607304,-0.12503920228108217,-0.007562947435306944,1.4162338604354692,1.4581315155723107,1.154759722453936,-20.928955946308008
-0.5675238543665243,0.027540830180910802,-0.18189462517979038,1.333879197844679,1.4724546992366334,1.0959623635784732,-18.96829279652673
-0.7279638243647295,0.13819088568218985,-0.17272941258318864,1.170338587482799,1.4496840036993732,0.7496476595736841,-6.3918967085274145
-1.0032672450945526,0.24288369138454702,-0.0595786759420156,0.8438226905085139,1.3829921565618495,-0.04022611322385239,0.09861367676997013
-1.5117337049274502,0.3090205897489745,0.11435546998541302,0.8312295387435851,1.3255992012528846,-1.0679622760848373,7.373507071013525
-1.7243559213039703,0.45181581448417035,0.358979183292069,0.9230492909612961,1.3162615247243434,-1.3923149085277693,-2.238200477444032
-0.9184468113048437,0.6811953074407372,0.6001558925159192,1.092234645264905,1.3548172907436307,-0.4450286873983109,-29.83997551326221
-0.32633657368196267,0.8330472026638701,0.7524860910143873,1.3094275111920728,1.4067495373552388,0.44267192376124065,-35.682936037512256
-0.08743223783707176,1.0028156902929792,0.8097662090317806,1.3951256564852366,1.4038119427855404,1.1476078848106583,-39.028607680365155
-0.21305147973922967,1.0867461771105111,0.8212356191937722,1.4561835429468724,1.4023351936691968,1.74258030451053,-40.791783775904165
-1.5357616953116662,1.0420147067686931,0.7987403099267735,1.515248707755221,1.4479539942494155,0.6340928833636188,-39.44307432229948
-2.6557443394921063,0.9404974878003944,0.8476860081153229,1.5306433780893003,1.5975855990863275,-0.24466013314426793,-38.061307992534054
-2.6715032605742532,0.7733644946133715,0.9154196850058948,1.5560088857783048,1.6911681956914797,-0.22697051658936518,-38.806297994847384
-0.832181259768003,0.6368779305565092,0.9718952971527084,1.6204326778509062,1.7501599337181892,0.19835956299825552,-25.412653884011757
-0.1498493932688213,0.6505009886714858,0.8922013176569932,1.6310043604962832,1.7599476229022275,1.004706377653136,-25.163980922562146
0.21652635628192668,-2.366852729027686,0.9460181870743758,1.6936439093710356,1.7623190585162767,-0.6642100539218156,-15.892163239344324
0.15578539295511928,-2.076103638826525,1.0005111748567983,1.6819760665495058,1.8071158253034065,-0.8244264137799968,-16.148593863431664
0.26832953084649647,-1.9621157201986752,1.0344679030394186,1.7154919597719411,1.815530513887788,-0.8084108018088534,-16.13797828387698
0.3451143454600073,-1.8587991743981656,1.0755532894092554,1.7758322055504145,1.8577619577483406,-0.6739239761991298,-16.138749423042388
0.41130461540634033,-1.7306857753843836,1.0963580171162408,1.8172394915412582,1.8696848108311581,-0.79969442748168,-16.216082297291965
0.47640226314133616,-1.6225935250073587,1.1154602245523813,1.8416398670002196,1.903365457644942,-0.8175368923520492,-16.21894776684582
0.5213168927562924,-1.5504389262191025,1.1252939040824013,1.8543614178599785,1.9204152599867323,-0.96892673921479,-16.217658803961623
0.5538730935363304,-1.5140504914826145,1.1407372513108898,1.85977359382305,1.940746858926295,-0.7827865223938355,-16.229233480109617
0.55148279867184,-1.5061193650772613,1.1436158700378762,1.8646179762576989,1.9459596883623604,-0.40677111187383863,-16.219337730983547
0.5280412773004038,-1.5142902707443415,1.1397038287210757,1.8710633937986465,1.9510268821394745,0.16949046998751882,-16.254472948348663
0.4888058566512981,-1.538813279140309,1.1174190790061262,1.8710524975537368,1.948034495521056,0.2700083392220738,-16.22473111286419
0.4670821276421608,-1.6091519062044084,1.108086021827681,1.8538064217337973,1.9546186140347668,0.09871601239440331,-16.13720815056852
0.4434185532678701,-1.667355011947387,1.1135424454970382,1.8216575835819373,1.9519959734951395,-0.7474811728650597,-16.181336183086472
0.42875013944575696,-1.7446617749678321,1.160677900929565,1.7855146490486886,1.9598095445994377,-0.8155558761368913,-16.182958108940166
0.396766080470098,-1.8284292718882433,1.1995083817702872,1.775410215587754,1.9364440225503574,-1.2284063093040722,-16.14454877164052
0.380374172573986,-1.867176417302157,1.2576488884652872,1.7834104643395705,1.9417176272533359,-0.8168456500287591,-16.074319726802745
0.37395410398754003,-1.8867915581085661,1.2789916554829186,1.8067568185631406,1.9190117798837194,-0.822819653796949,-15.979826630250134
0.3878856806923052,-1.8434734348874509,1.3050489011655306,1.8324342617806584,1.9319487071187094,-2.4621411949307337,-15.995128898917837
0.5034504804651186,-1.7913083671329422,1.3764991398946904,1.8207172737169364,1.9732026286834485,-2.66712134761385,-16.02066454311855
0.5668048069099746,-1.7617231493900696,1.4115518527811703,1.8433857669792244,1.964200369241904,-2.787582644575231,-15.952950510026149
0.6246736257254721,-1.6799107771562978,1.4489824701297875,1.8996421900925755,1.9915650489387884,-1.8084807916943433,-15.990512783669644
0.6588887974263666,-1.5755771602740223,1.414972198081959,1.962087132651635,1.9916667883135883,-0.8134846004338989,-15.957467357696196
0.677264697433539,-1.4520706996156367,1.351029898118922,2.013737963820097,2.01928264643643,-0.8158338926490969,-16.008285630317456
0.7308790218599701,-1.375197758162879,1.290276581458755,2.0114495582041476,2.059023865689961,-0.8148262527473036,-15.999589570011363
0.7555578041239384,-1.3845178534764315,1.2333237388714768,1.9863787726272004,2.0772759764936666,-0.8173937188869091,-15.954587162011094
0.738338181572912,-1.4390586826424054,1.1988897826586404,1.96151598860453,2.090938296119001,-0.8106574126179846,-15.977681671867131
0.6912883442024047,-1.5302987673126973,1.179109332887118,1.9357307836252786,2.0947590234323537,-0.8116865874405654,-15.945468925224102
0.633102490891684,-1.6262469276756302,1.1764124863792917,1.913157260007321,2.0926751848464984,-0.813753472465979,-15.96532940556347
0.5735871047564336,-1.7097504239105643,1.185544376596505,1.8954279049376412,2.086922704557019,-0.8146576199462405,-15.986405203262361
0.5241842451589618,-1.7701438635020537,1.1986201056830479,1.8834710241551602,2.080104043041145,-0.8075601572863178,-15.942955493321932
0.48977986941698154,-1.8249790476845873,1.2195620096472664,1.8767817222660783,2.0700657572436536,-0.8135971793389483,-15.928162338380226
0.4611110660892912,-1.8354947078441628,1.2398815402202197,1.8742752897337707,2.0629379904687384,-0.8101380141563506,-15.928105423655648
0.4479072365751035,-1.8377522730253733,1.2602990758896835,1.874799917311445,2.054390890045245,-0.8126000389308197,-15.949617791816408
0.4441080680166018,-1.8281463331155414,1.275939694572512,1.8771397715126048,2.048666341579549,-0.8133798676377113,-15.922768710792951
0.4478957723720384,-1.8070223185116818,1.2897074516959173,1.879921692162461,2.0430319546651843,-0.8128688065271183,-15.95748017183396
0.4532130364799723,-1.7856794316653515,1.2986755150269509,1.8828662367760742,2.0419329705640665,-0.8112916165155393,-15.943816731143261
0.46100541742665224,-1.760506498621156,1.3050810892816096,1.8850608657336865,2.0388111498371275,-0.8098866103338191,-15.987604952635156
0.46747178192935046,-1.7511638772280762,1.3066909149754646,1.8865867777019085,2.037655609663061,-0.8149284409219262,-15.940132212361402
0.47520762109665077,-1.740377136381419,1.3064778358679676,1.8869414899778787,2.0370625460739715,-0.8140244470958851,-15.919055529517987
0.47913110861788977,-1.7333409416127574,1.3089506518829956,1.8869160156021885,2.036656808187652,-0.8165910510123204,-15.975267429726518
0.48325796274107025,-1.7317495617158536,1.305832841621057,1.8866254470260577,2.0369162658904436,-0.8151778958008529,-15.934767722150124
0.48494288205175384,-1.7318498252469685,1.3032659892758245,1.8858256211844122,2.0368624354260647,-0.8146688728998384,-15.915343233387546
0.48666356206324235,-1.7267650835957111,1.301910582672567,1.8851284323557378,2.0380312197139006,-0.8078094882321993,-15.93759124881728
0.4853329893228508,-1.7387939032874384,1.3004130201538526,1.8845846693069985,2.0371434498698013,-0.815957878161965,-15.907917755982144
0.4853515051742043,-1.7289559479607666,1.2996910218205466,1.8837521852379862,2.037610077216862,-0.8075797280936925,-15.956181146255961
0.48336479632111923,-1.7471081637286254,1.298699865184155,1.8834121155693924,2.0394936734129874,-0.8156694158252464,-15.886829968737192
0.48323258409324554,-1.7493285655131565,1.29858716270746,1.8828416980164022,2.0399328161993093,-0.8156694158252464,-15.886829968737192
0.4830697625539805,-1.7469047674363427,1.2984757090845989,1.882616428414914,2.037865411950978,-0.8157084232830387,-15.913282246193422
0.482856665329356,-1.7499415613520088,1.298529415284354,1.8827435421435375,2.038235659234893,-0.8169974285451653,-15.90585676878802
0.47797095308223236,-1.7491271613914356,1.2985984012804122,1.8827336803262935,2.0394037411552914,-0.8202425503868485,-15.893463216299327
0.4834073679080015,-1.749801993290181,1.2998030131800564,1.8827635248635657,2.0396546264786957,-0.8161980290308994,-15.919480196877451
0.47952340818199973,-1.7443197914000566,1.2997080130439618,1.8830148141847372,2.03878490364479,-0.8184425884499102,-15.93559982259546
0.48385723562264826,-1.7457424085765916,1.2986999142730933,1.8831069345593865,2.040185014558557,-0.813755575063805,-15.911193481650717
0.48500828625932874,-1.7460203742218154,1.2983691978352416,1.8830872466071533,2.040146029158671,-0.813360450484558,-15.9095421727144
0.4852219161687629,-1.7455070368309735,1.2982009664159135,1.8831046993833973,2.0404360861462725,-0.813360450484558,-15.9095421727144
0.49037840937072885,-1.7452956753179505,1.2979702976249192,1.8829473719203496,2.041581002076269,-0.8068538848568756,-15.91404669868811
0.48602514447186085,-1.7453112551789685,1.2985658946939598,1.8829039229700488,2.0405783327848996,-0.8128297990693265,-15.931027894377731
0.4910149904284411,-1.746640622330972,1.298595978420349,1.8826179027829444,2.03993018165614,-0.8095845235734225,-15.943422332010943
0.48551785143746023,-1.7471859343806724,1.2983481875366567,1.8823464456396433,2.0407434907871806,-0.8134742248732794,-15.92731559824729
0.48426736576744595,-1.7506712346409528,1.2975243654585678,1.8820876804790532,2.0398770543519857,-0.8172467297698711,-15.900493163721265
0.48326964754955604,-1.747999366218534,1.299787204518212,1.8818028003546798,2.0397692011160125,-0.8173708797192125,-15.948418348703058
0.4830017753072933,-1.7474422001643954,1.300019597155155,1.8819294510991913,2.0398468786612503,-0.8167264539152597,-15.952130644833499
0.48280537327071443,-1.7475176882298835,1.3001161024022134,1.8819653357148465,2.039850947127562,-0.8167264539152597,-15.952130644833499
0.4828200116565503,-1.7432936045531848,1.2991846824738174,1.8820082084260858,2.039860836198592,-0.81363958931402,-15.947556804622284
0.48783019558625146,-1.748955698284314,1.2990493487926098,1.882081287054733,2.0398240672574657,-0.8123083277310426,-15.935586930641104
0.48398015160724156,-1.7475660038943392,1.2999051977136433,1.882107592398661,2.039891872723257,-0.8163313293360122,-15.950479335897185
0.4843183584864953,-1.7484259557928306,1.2989013737460036,1.882027658641909,2.040097324861659,-0.8164669010629795,-15.927342244744722
0.4795040253904124,-1.7483079638589845,1.2988249848064148,1.8819165720287658,2.040056643326538,-0.8216650247781168,-15.917036571654215
0.48388644852999196,-1.7362207924281712,1.3000686602535547,1.88188730835971,2.0402538782382793,-0.8102817349130667,-15.989256261571473
0.4832669748360071,-1.7493854176168244,1.2976182059176253,1.8822482138255416,2.0401212182876294,-0.8176418543491182,-15.902144472657579
0.48371315198292186,-1.7489953417964301,1.2997538631924492,1.881956520828366,2.040418910090132,-0.8186598849813391,-15.940992871297656
0.4839276114449724,-1.748020838839424,1.2987551281559586,1.881931571487826,2.0413489793000568,-0.8161980290308994,-15.919480196877451
0.4838562275492749,-1.7480503056806957,1.298689313921769,1.881981734280404,2.0404212095074827,-0.8175064514461798,-15.925281257550598
0.48395181187664393,-1.7479729875917271,1.2977686327401585,1.8820188486756848,2.0415204446519923,-0.8156890061298849,-15.900055708114873
0.48502006949321247,-1.7478164665653737,1.2987111886549636,1.8819836747017582,2.0414842859637337,-0.8151584786476991,-15.921541184071575
0.48500584930689317,-1.7478040664433845,1.2987310181743927,1.8820754556279768,2.0416100398380577,-0.8151584786476991,-15.921541184071575
0.48498368198937,-1.7478340503760244,1.299699100600935,1.8820007705889152,2.041653288063588,-0.8156674863789055,-15.940965093949075
0.4848628706011137,-1.7359960353905108,1.2977171490231765,1.8819598255276218,2.0417052019729245,-0.806915731482365,-15.946667789452373
0.48324954984426577,-1.736134642148909,1.2973548104704415,1.8819986521561476,2.0414822702351416,-0.8079552818655653,-15.94460680225825
0.48301880060081126,1.7967133968224587,1.4312699096253092,1.8818408445534032,2.0416035811436863,1.400758201906509,-31.66393723056246
0.31840889284764434,1.7735590158270707,1.3300566489211976,1.9396232959824202,2.018070409363807,1.4219426444481682,-31.862060077213677
0.23918617723792404,1.7320492892939559,1.259167492779214,1.8928430247254378,2.040615063500842,1.4264965669712169,-31.955064402300962
0.24744504523296595,1.6506854705123566,1.1891626162038436,1.807944544791016,1.975976491488308,1.4817477049826735,-32.31257451001107
0.332283620091987,1.5112440998087715,1.1433947924354282,1.684799098175715,1.9396471693907569,1.6150281107153504,-32.855801624898575
0.4241581100149159,1.3510357928618593,1.1089121333518344,1.5571184640414284,1.8615111143475591,1.7052007059902552,-33.52884006160354
0.4717987262458827,1.2269503625340241,1.0878750543057698,1.4651718464948322,1.798018862407933,1.7761142090499398,-34.08410205452641
0.46494424805062406,-0.2550304610319778,1.0715917585456838,1.4367062619782298,1.7645157102415538,0.9561684335434952,-29.03318960594258
0.47385140362379685,-0.2934638462068361,1.1027511060858788,1.6329052380132256,1.7401846702571062,1.1178879898564027,-28.841594283974402
0.46584935311587805,-0.3018635873141352,1.0832322215437158,1.3520204355424013,1.6978301564983214,0.9410826828132204,-28.40302595096524
0.4868809716367053,-0.22326609423531396,-2.346661195562049,1.3703612878076832,1.6945232297228776,2.7291871523654923,38.604414915767464
0.6860752356966482,0.18031906678325132,-2.3358847711455906,1.3047149931414384,1.5165662325740403,2.7325102447427847,38.64240833641231
0.9574836429861746,0.4642411059572273,-2.181837118891892,1.4399685151010373,1.5888587893874702,2.7247731085293845,38.48211570199832
1.1704740795512203,0.6344930570335107,-2.1049902857863354,1.472903913793338,1.6432099703092409,2.727318116845801,38.579234093615675
1.2716187268201091,0.7765801924404836,-1.97338633839604,1.4913570004548142,1.6576166394934384,2.7240443967959456,38.59533113042342
1.2949561555243958,0.8496834872754361,-1.8287105763778568,1.473998856194547,1.6457923029101116,2.725352819211226,38.60113219109657
1.2582191212154321,0.8529111162270172,-1.6779806901963523,1.4407394456862246,1.6112613151305664,2.7278272155958545,38.598661476803635
1.1759338113550695,0.79845447093932,-1.5227520784600046,1.3992169493091495,1.5601513056055063,2.7204463447293437,38.62546884821569
1.0846210280642457,0.7190730837675328,-1.3686355267855563,1.3580571556598167,1.4986750699038176,2.7240547271563624,38.62548205182112
0.9919226111668042,0.6308449082534501,-1.212049033850915,1.3227877654603475,1.434653727209947,2.7247731085293845,38.48211570199832
0.9131341751223319,0.5471669855338999,-1.0761736234511496,1.297469580472474,1.3698981625778321,2.7282673241929967,38.550767997916445
0.8540491291178078,0.4758075002395129,-0.9532643976947707,1.277849305184327,1.3106550747799401,2.725611939466587,38.64072144686777
0.8165903205107354,0.4453748131422288,-0.842378297631628,1.2700939446445332,1.2572970418638607,2.7299064402953004,38.59453925670876
0.8015118934635403,0.43238642786488574,-0.7559701592611323,1.2689259412723288,1.2121176991655755,2.7337403770467334,38.684232613492966
0.8038925062243462,0.4366453410384578,-0.6771350016694012,1.2726734524795416,1.1753937679157591,2.7290022318265876,38.57346024486554
0.8217653353333604,0.4548178662072542,-0.6227844967331633,1.2788854586750662,1.1474212932658907,2.72986358095699,38.58994660705364
0.8448417289589185,0.4810560865280203,-0.5748663485281835,1.289192461526575,1.1264651139256914,2.725222365885786,38.41729771693866
0.8743877199032528,0.5068713658628019,-0.5574770169071597,1.2961524420513826,1.112479496817322,2.7289592956611664,38.56886803778268
0.9054682630491995,0.5307101696583788,-0.5446713997584314,1.3027160928860755,1.1018329899052064,2.7295518966925343,38.57749210639689
0.9325038253722149,0.5489955330287121,-0.5389118118195892,1.3088929713639714,1.0968918056210955,2.7288645142379133,38.576612169220745
0.95580411484649,0.5543557032883023,-0.5333699602537876,1.3166347866997095,1.0961668106926061,2.7246267887056694,38.489902407716556
0.9743055876861061,0.5698414918940188,-0.5425539988503532,1.3213129448064396,1.095802400587302,2.732952596240062,38.540381383220094
0.9877832022496891,0.5643481445891392,-0.5573336736416121,1.3238022247153751,1.0981845376714505,2.7344234035658754,38.719261693982695
0.9980413060904201,0.5607576042014895,-0.5474415353641724,1.3284001041932072,1.1005552779366037,2.7271449050552663,38.390811574659544
1.002139593971982,0.5535425868041537,-0.5653934431092891,1.3302379213882893,1.1044315542039307,2.730621874433875,38.60400543437529
1.0066457960800441,0.5455926231595757,-0.5682329176414305,1.3333659825483668,1.105919431364149,2.729691777867486,38.520207472273256
1.0071544534624943,0.5374712475615155,-0.577376273369461,1.3344543845481796,1.1090381930701252,2.730000813987968,38.59908428465455
1.0067479610224928,0.5233733334001862,-0.5798982613773951,1.3357874993388734,1.1117178441470865,2.7234318375604882,38.58828310260881
1.0078829440643053,0.5225830511726357,-0.582862340897164,1.3384085782268371,1.1154184816096384,2.7296896142812077,38.57434018204168
1.0070430161908548,0.5182000571123234,-0.5864508965622153,1.3381044902882546,1.1174991961136307,2.7288239686072675,38.59200771710108
1.00634402081392,0.5155098708905193,-0.590042008874081,1.3396609940045379,1.119612962373265,2.729841923390449,38.630853221315775
1.0047821187945452,0.5101411399167398,-0.5831539242428201,1.342958374599603,1.1211559733201664,2.7235270599179247,38.494133412710305
1.0049816633084572,0.5107441453917152,-0.5905926582467378,1.3414256672896336,1.1230771551843484,2.727356655594468,38.617975593089156
1.0051669024482635,0.5147121254799303,-0.583086784548031,1.3441964434165663,1.12378242898438,2.7282766655448576,38.447428325179644
1.003868469575331,0.5142208508387534,-0.5901226184256625,1.345709304648568,1.125121732071488,2.7318398713613803,38.58340148317291
1.0020261455019126,0.5146443356642427,-0.5904413541035853,1.3470985709706462,1.125541801927581,2.731487641466278,38.5863425303965
1.001428446218727,0.5150192710916486,-0.5931517314639145,1.345918957593406,1.1261702392370059,2.7316398292170563,38.64285093858998
1.0020216350682059,0.5152510654734945,-0.5788860698100013,1.3484001114629631,1.1276200478378207,2.728236478484461,38.37641385640624
1.0007089058920307,0.5130306827544785,-0.5925131859339099,1.3484242389116783,1.1276193421295968,2.732722300905089,38.645382478197654
0.9999801448292884,0.5124759894312058,-0.5914498403124859,1.3480863803904177,1.127135846631868,2.731568897709545,38.62967202222075
0.9996153176506853,0.5126865469714632,-0.5846046029703302,1.3478243781540888,1.1274021440042454,2.7278274286737023,38.51224633646302
0.9990583873883316,0.5128724311171181,-0.5831384545094218,1.3503470601331131,1.1279876253365066,2.7293376215100578,38.490871136353796
0.998155715147627,0.5123826040488098,-0.5898500299883511,1.3486656582327181,1.1280043617555737,2.7315259615441247,38.625079815137894
0.9988377791271144,0.512835077148666,-0.5884196309821821,1.349778155313816,1.12674005245444,2.7314355980228724,38.59867468040907
0.9977378389849361,0.5139442726599484,-0.5859134349308539,1.3503138327631232,1.126925011086954,2.7300223501960463,38.558173039311804
0.9965826074354522,0.5127275625555179,-0.5875916978535243,1.3496789155599713,1.1281980808615992,2.7299773718028106,38.60771817307799
0.9975329116293934,0.5129197997941685,-0.5862501346847053,1.3518517334038058,1.1281423881230737,2.731882751184937,38.58799415905176
0.9973461466707854,0.5089895678185681,-0.5859454760374514,1.3502666988687604,1.1282189772459614,2.72793014989091,38.60108438058949
0.9974757796660366,0.5140409120362261,-0.5855604233724037,1.3504227418691257,1.1284168543284177,2.7311525093920066,38.5825215722205
0.9982423299387739,0.5130093786971336,-0.5864156058451497,1.3527381903129012,1.1283600923897963,2.7334314028927738,38.605355678258356
0.997062929933047,0.5081239142222135,-0.5862892129580579,1.3529728973143458,1.1284191258044993,2.729169369075432,38.6259797195281
0.9983115139633403,0.5142426926132607,-0.5859609102192564,1.352032134355824,1.1275441999414233,2.7320801006539366,38.594961941706366
0.997105481618833,0.5130550339216515,-0.5858813451980891,1.3522958910636833,1.1285402474879485,2.7317043461219077,38.60653697398296
0.995979140844697,0.5129747819466919,-0.5847114938527924,1.3524309615270977,1.1286535546831855,2.7301557563805936,38.58917533192306
0.996902758454149,0.5128141775408727,-0.5845323276684153,1.3515294569520422,1.1277073809838862,2.729199584345663,38.58043325025006
0.9967587430318582,0.5125767023641506,-0.5803878614301501,1.351617741990814,1.1287596333346608,2.7284718544776547,38.508534040332584
0.9963698343524423,0.5110824821329354,-0.5783166948947733,1.3518356855212752,1.1288978674956427,2.72680947389052,38.47340083224832
0.9959702716608482,0.5166148907194561,-0.5863652934698989,1.3518709665044146,1.128968112249897,2.734748397872332,38.606516564196646
0.995751602100834,0.5170684928688561,-0.5796683265457148,1.3507993878266633,1.127452412748106,2.7291895290296164,38.46386706565843
0.9947332381024252,0.5106368189854245,-0.5875615531384177,1.3522453478661984,1.129068974498882,2.7303509007820397,38.65027597342312
0.9961789505224234,0.5111262162977939,-0.587835906235912,1.3517788635382104,1.1286360481480038,2.731390513131763,38.648214863375685
0.9965598842495911,0.5115313319578084,-0.5875870217404802,1.3522346781625745,1.1287710250978513,2.731390513131763,38.648214863375685
0.9969477523421316,0.5117241558629986,-0.5875523144674137,1.352429898159842,1.1280165893995853,2.7300820907164827,38.642413802702535
0.9962395933591046,0.513961489599412,-0.5793845429251743,1.352587263483501,1.129189992983496,2.727567767367405,38.48745965956998
